episode,step,cart_pos,pole_angle,cart_vel,pole_vel,cart_pos_dis,pole_angle_dis,cart_vel_dis,pole_vel_dis,action_idx,action_val,reward,epsilon,q_0,q_1,q_2,q_3,q_4
0,0,0.13649877905845642,-0.12030722945928574,0.0,-0.0,0,-2,0,0,4,5.0,0.9862480759620667,1.0,0.0,0.0,0.0,0.0,0.04931240379810334
0,1,0.13857078552246094,-0.11726848781108856,0.3664134740829468,0.5433162450790405,0,-2,1,9,4,5.0,0.9881137609481812,0.999,0.0,0.0,0.0,0.0,0.04940568804740906
0,2,0.14415504038333893,-0.10902415215969086,0.7060757279396057,1.046492099761963,0,-2,1,17,3,2.5,0.9904792904853821,0.998001,0.0,0.0,0.0,0.049523964524269104,0.0
0,3,0.15193769335746765,-0.09757411479949951,0.8348506689071655,1.227903127670288,0,-2,2,20,3,2.5,0.9928816556930542,0.997002999,0.0,0.0,0.0,0.04964408278465271,0.0
0,4,0.16095954179763794,-0.08437015861272812,0.954857349395752,1.3978461027145386,0,-1,2,22,3,2.5,0.995167076587677,0.996005996001,0.0,0.0,0.0,0.04975835382938385,0.0
0,5,0.17113694548606873,-0.06951893121004105,1.0667840242385864,1.5576118230819702,0,-1,2,25,4,5.0,0.9973504543304443,0.995009990004999,0.0,0.0,0.0,0.0,0.04986752271652222
0,6,0.18345846235752106,-0.05147374048829079,1.3586254119873047,1.9969522953033447,0,-1,3,32,2,0.0,0.9989451766014099,0.994014980014994,0.0,0.0,0.0499472588300705,0.0,0.0
0,7,0.196449875831604,-0.032477933913469315,1.2547944784164429,1.8295578956604004,0,-1,3,29,0,-5.0,0.9996631145477295,0.993020965034979,0.04998315572738648,0.0,0.0,0.0,0.0
0,8,0.2063165158033371,-0.018354199826717377,0.783961296081543,1.0986634492874146,0,0,2,18,3,2.5,0.999960720539093,0.9920279440699441,0.0,0.0,0.0,0.049998036026954656,0.04999521970748902
0,9,0.2148827165365219,-0.006266137585043907,0.912026584148407,1.2937904596328735,0,0,2,21,2,0.0,0.9999632835388184,0.9910359161258742,0.049993932247161865,0.04999953210353852,0.1354441672861576,0.0,0.0
0,10,0.22361136972904205,0.006061326712369919,0.8433284759521484,1.1871205568313599,0,0,2,19,3,2.5,0.9996376037597656,0.9900448802097482,0.055424946811884646,0.04999864101409912,0.05494872322678566,0.049981880187988284,0.04993088841438294
0,11,0.23275497555732727,0.01903674751520157,0.9681189656257629,1.3809270858764648,0,0,2,22,1,-2.5,0.999064028263092,0.9890548353295385,0.0,0.0499532014131546,0.04999943971633911,0.0,0.0
0,12,0.24096183478832245,0.030593745410442352,0.7087116241455078,0.9838528633117676,0,0,1,16,1,-2.5,0.9985275864601135,0.988065780494209,0.05626578479758859,0.10213592095077319,0.0,0.04998695254325867,0.04999058544635773
0,13,0.24669064581394196,0.03837238997220993,0.4694647192955017,0.619648277759552,0,1,1,10,3,2.5,0.9978864789009094,0.9870777147137147,0.19728402756227204,0.16376186632473683,0.10410336112976075,0.13514638161659243,0.1489483445584774
0,14,0.25226736068725586,0.04597332328557968,0.6238405704498291,0.8636907935142517,1,1,1,14,0,-5.0,0.9973999857902527,0.986090636999001,0.049869999289512634,0.0,0.0,0.0,0.0
0,15,0.25612378120422363,0.05099068954586983,0.20438478887081146,0.22417132556438446,1,1,0,4,3,2.5,0.9969934821128845,0.9851045463620021,0.0,0.0,0.0,0.049849674105644226,0.0
0,16,0.25916752219200134,0.05483175441622734,0.3792274296283722,0.5014476180076599,1,1,1,8,3,2.5,0.9962378144264221,0.98411944181564,0.0,0.0,0.0,0.04981189072132111,0.0
0,17,0.2638862133026123,0.061336494982242584,0.5410914421081543,0.7593051791191101,1,1,1,12,4,5.0,0.9948210716247559,0.9831353223738244,0.0,0.0,0.0,0.0,0.049741053581237794
0,18,0.2712218165397644,0.07196468859910965,0.8783405423164368,1.288252353668213,1,1,2,21,0,-5.0,0.9934201836585999,0.9821521870514506,0.04967100918292999,0.0,0.0,0.0,0.0
0,19,0.27752748131752014,0.08111602067947388,0.4417280852794647,0.6274255514144897,1,1,1,10,2,0.0,0.9923887252807617,0.9811700348643991,0.0,0.0,0.049619436264038086,0.0,0.0
0,20,0.28178849816322327,0.0872425064444542,0.41285645961761475,0.5954355001449585,1,1,1,10,0,-5.0,0.9919344782829285,0.9801888648295347,0.04959672391414643,0.0,0.049619436264038086,0.0,0.0
0,21,0.28364846110343933,0.08980834484100342,0.012570831924676895,-0.00665515661239624,1,1,0,0,2,0.0,0.9919196963310242,0.9792086759647052,0.0,0.0,0.04959598481655121,0.0,0.0
0,22,0.28380468487739563,0.08989058434963226,0.01631527580320835,0.01268092356622219,1,1,0,0,4,5.0,0.9912702441215515,0.9782294672887405,0.0,0.0,0.04959598481655121,0.0,0.049563512206077576
0,23,0.2861236035823822,0.0934332013130188,0.3936384320259094,0.6062896251678467,1,1,1,10,1,-2.5,0.9904413819313049,0.9772512378214517,0.04959672391414643,0.04952206909656525,0.049619436264038086,0.0,0.0
0,24,0.288866251707077,0.09776830673217773,0.18219152092933655,0.29566165804862976,1,2,0,5,4,5.0,0.9891756176948547,0.9762739865836303,0.0,0.0,0.0,0.0,0.04945878088474274
0,25,0.2927744388580322,0.10404050350189209,0.5471618175506592,0.8710808753967285,1,2,1,14,4,5.0,0.98658287525177,0.9752977125970467,0.0,0.0,0.0,0.0,0.049329143762588505
0,26,0.30017611384391785,0.11583242565393448,0.8846387267112732,1.4049447774887085,1,2,2,22,0,-5.0,0.9840604066848755,0.9743224148844496,0.04920302033424378,0.0,0.0,0.0,0.0
0,27,0.3065681755542755,0.12625224888324738,0.45151248574256897,0.7589741945266724,1,2,1,12,3,2.5,0.9816703200340271,0.9733480924695651,0.0,0.0,0.0,0.049083516001701355,0.0
0,28,0.3119988441467285,0.13538725674152374,0.6102839708328247,1.0212669372558594,1,2,1,16,0,-5.0,0.9797782897949219,0.9723747443770956,0.0489889144897461,0.0,0.0,0.0,0.0
0,29,0.31577935814857483,0.14220306277275085,0.1998821198940277,0.41447681188583374,1,2,0,7,4,5.0,0.9775923490524292,0.9714023696327185,0.0,0.0,0.0,0.0,0.04887961745262146
0,30,0.319861501455307,0.14969177544116974,0.5635893940925598,0.9916243553161621,1,2,1,16,4,5.0,0.973522961139679,0.9704309672630859,0.0489889144897461,0.0,0.0,0.0,0.04867614805698395
0,31,0.3274238109588623,0.16271759569644928,0.8997169733047485,1.527219295501709,1,3,2,24,3,2.5,0.9678578972816467,0.9694605362958227,0.0,0.0,0.0,0.04839289486408234,0.0
0,32,0.33714815974235535,0.17928209900856018,1.0251178741455078,1.7429816722869873,1,3,2,28,4,5.0,0.9601876139640808,0.9684910757595269,0.0,0.0,0.0,0.0,0.04800938069820404
0,33,0.34912165999412537,0.19953036308288574,1.3253157138824463,2.2259202003479004,1,3,3,36,3,2.5,0.9503445625305176,0.9675225846837673,0.0,0.0,0.0,0.04751722812652588,0.0
0,34,0.3629162311553955,0.2228349894285202,1.4181840419769287,2.3967857360839844,1,4,3,38,3,2.5,0.9385908246040344,0.9665550620990835,0.0,0.0,0.0,0.046929541230201724,0.0
0,35,0.37759870290756226,0.2478087842464447,1.503858208656311,2.5595903396606445,1,4,3,41,4,5.0,0.9238696694374084,0.9655885070369844,0.0,0.0,0.04697364866733551,0.0,0.046193483471870425
0,36,0.3941304087638855,0.27591729164123535,1.763890027999878,2.98574161529541,1,4,4,48,1,-2.5,0.9078541994094849,0.9646229185299474,0.0,0.045392709970474246,0.0,0.0,0.0
0,37,0.41006287932395935,0.30355513095855713,1.4624179601669312,2.5808653831481934,1,5,3,41,3,2.5,0.8908286094665527,0.9636582956114175,0.04384724199771881,0.0,0.0,0.04454143047332764,0.0
0,38,0.4251667857170105,0.33041098713874817,1.5440794229507446,2.7467358112335205,1,5,3,44,2,0.0,0.87224942445755,0.9626946373158061,0.0,0.0,0.04361247122287751,0.0,0.0
0,39,0.4400405287742615,0.35742199420928955,1.442014455795288,2.647801399230957,1,6,3,42,2,0.0,0.8528835773468018,0.9617319426784903,0.0,0.0,0.04264417886734009,0.0,0.0
0,40,0.45394712686538696,0.38355767726898193,1.3490095138549805,2.5672028064727783,1,6,3,41,4,5.0,0.8304075002670288,0.9607702107358118,0.0,0.0,0.0,0.0,0.04152037501335144
1,41,0.46894824504852295,0.4118160307407379,1.6114107370376587,2.9989709854125977,1,7,3,48,1,-2.5,-2.193650722503662,0.959809440525076,0.0,-0.10968253612518311,0.0,0.0,0.0
1,42,-0.1314840316772461,-0.1938624233007431,0.07475093007087708,-0.15336772799491882,0,-3,0,-2,2,0.0,0.9616719484329224,0.9588496310845509,0.09148569136857987,0.39765060688780274,0.3474735155642333,0.09168199688196182,0.09272126197814942
1,43,-0.1308424472808838,-0.19577546417713165,0.05949282646179199,-0.20568406581878662,0,-3,0,-3,1,-2.5,0.9600845575332642,0.9578907814534664,0.21785441640108827,0.23485320238263171,0.23538389003690757,0.342688931171353,0.28066426432403446
1,44,-0.13139377534389496,-0.1997886449098587,-0.13863074779510498,-0.5350997447967529,0,-3,0,-9,2,0.0,0.9578141570091248,0.9569328906720129,0.15297807491958249,0.24662957287099208,0.06219620767373538,0.10167457164180924,0.07101793297722707
1,45,-0.13279753923416138,-0.20539188385009766,-0.1383112072944641,-0.5647946000099182,0,-3,0,-9,0,-5.0,0.9540092945098877,0.9559759577813409,0.2086450551875168,0.24662957287099208,0.06219620767373538,0.10167457164180924,0.07101793297722707
1,46,-0.13628734648227692,-0.21445447206497192,-0.5051662921905518,-1.1499229669570923,0,-3,-1,-18,0,-5.0,0.9474992156028748,0.9550199818235596,0.2685655524646013,0.047825205326080325,0.09565752737432719,0.24039610162247127,0.09595578312873841
1,47,-0.1432853639125824,-0.22913044691085815,-0.8439109921455383,-1.6929142475128174,0,-4,-2,-27,4,5.0,0.9410573244094849,0.9540649618417361,0.0,0.05537460799366237,0.04567024409770966,0.0,0.10537563706767558
1,48,-0.1493697613477707,-0.24278119206428528,-0.4269656538963318,-1.1015244722366333,0,-4,-1,-18,0,-5.0,0.9339364171028137,0.9531108968798944,0.15234124329080848,0.21868500551611186,0.1060624426334265,0.0930248111486435,0.21785675109922886
1,49,-0.15561462938785553,-0.2570282220840454,-0.7703762054443359,-1.6522749662399292,0,-4,-2,-26,3,2.5,0.926044762134552,0.9521577859830145,0.08792031973600388,0.08938186019659042,0.05207009385527969,0.17404764485359192,0.23496986543761642
1,50,-0.16204902529716492,-0.2719472050666809,-0.5438124537467957,-1.3532850742340088,0,-4,-1,-22,0,-5.0,0.9166907668113708,0.9512056281970315,0.13440102219581607,0.051742126640677455,0.18048996377754212,0.0,0.09686700378997078
1,51,-0.1694032996892929,-0.2886333167552948,-0.8766493797302246,-1.8885858058929443,0,-5,-2,-30,4,5.0,0.9073322415351868,0.9502544225688344,0.0444386750459671,0.04377475380897522,0.08360463917255403,0.0,0.04536661207675934
1,52,-0.17584992945194244,-0.30441373586654663,-0.46540310978889465,-1.3243942260742188,0,-5,-1,-21,0,-5.0,0.8970531821250916,0.9493041681462656,0.08970909714698791,0.0,0.0,0.0840161669254303,0.04527084827423096
1,53,-0.1824434995651245,-0.32085323333740234,-0.8019754886627197,-1.8651005029678345,0,-5,-2,-30,1,-2.5,0.8837226629257202,0.9483548639781193,0.0444386750459671,0.09202037138819694,0.08360463917255403,0.0,0.04536661207675934
1,54,-0.1912359595298767,-0.34099453687667847,-0.933891773223877,-2.1061761379241943,0,-5,-2,-34,1,-2.5,0.8678893446922302,0.9474065091141411,0.08270124226808548,0.09210135147213937,0.0,0.13530051273951532,0.04860605444908142
1,55,-0.20128557085990906,-0.3634702265262604,-1.055090069770813,-2.3332321643829346,0,-6,-2,-37,3,2.5,0.8515610694885254,0.946459102605027,0.12237847626209258,0.04173974394798279,-0.013843945264816283,0.0889674108067155,0.0
1,56,-0.21049688756465912,-0.3852776885032654,-0.8162601590156555,-2.043759346008301,0,-6,-2,-33,4,5.0,0.8376013040542603,0.9455126435024219,0.0,0.13176102140665055,0.041751968860626223,0.0,0.12494189647958279
2,57,-0.2164505422115326,-0.4029873311519623,-0.42392876744270325,-1.5410106182098389,0,-6,-1,-25,1,-2.5,-2.1765332221984863,0.9445671308589195,0.11729239429831505,-0.0290087565779686,0.08168938279151917,0.04224714636802673,0.04320386648178101
2,58,-0.024326354265213013,-0.008414730429649353,0.03160730004310608,0.11971953511238098,0,0,0,2,4,5.0,0.9999843239784241,0.9436225637280606,0.1619247280746283,0.6734131122506355,0.5344002904856893,0.5011344383446118,0.5555120884408009
2,59,-0.02189081907272339,-0.003955785650759935,0.404319703578949,0.693730354309082,0,0,1,11,4,5.0,0.9999639391899109,0.9426789411643326,0.43275556843630647,0.35311460857393895,0.2598842241150654,0.21367255126603663,0.38960301551037435
2,60,-0.015885349363088608,0.006006296724081039,0.7493347525596619,1.22581946849823,0,0,1,20,0,-5.0,0.9997901916503906,0.9417362622231683,0.08731457415825172,0.0,0.0,0.0,0.0
2,61,-0.0108459098264575,0.014484969899058342,0.31793662905693054,0.5611972808837891,0,0,1,9,4,5.0,0.99946129322052,0.9407945259609451,0.6152249310412197,0.39974872712641274,0.6853933783616102,0.22213530316903973,0.39840568495658973
2,62,-0.005660447757691145,0.0232098326086998,0.6703157424926758,1.10734224319458,0,0,1,18,1,-2.5,0.9989609122276306,0.9398537314349842,0.09993486404418946,0.17099168688572935,0.0,0.09497693419456482,0.0
2,63,-0.0003024520992767066,0.03223499283194542,0.43351924419403076,0.745754599571228,0,1,1,12,0,-5.0,0.9986916780471802,0.9389138777035492,0.49552783657105826,0.32018161922848765,0.16227599879438903,0.24926085010276414,0.3576987852042725
2,64,0.0017253629630431533,0.03617037460207939,0.02739984169602394,0.12433261424303055,0,1,0,2,1,-2.5,0.9987174272537231,0.9379749638258457,0.2557663845105252,0.32210401730319516,0.37132017158233166,0.5866839116663745,0.40984875134448573
2,65,0.0009348399471491575,0.03581290319561958,-0.16037476062774658,-0.15979671478271484,0,1,0,-3,3,2.5,0.9987018704414368,0.9370369888620198,0.3293386588999505,0.2578442659121932,0.21974337436171426,0.4947654386672794,0.39212213932780327
2,66,0.0004813726700376719,0.03602973744273186,0.041164662688970566,0.1564604490995407,0,1,0,3,4,5.0,0.9983252882957458,0.9360999518731578,0.41620922662724635,0.3964777591755284,0.5065620802010558,0.36701310575047935,0.6515217944343198
2,67,0.003024740843102336,0.04092342033982277,0.4152190089225769,0.7389049530029297,0,1,1,12,1,-2.5,0.997840940952301,0.9351638519212846,0.49552783657105826,0.376764879389952,0.16227599879438903,0.24926085010276414,0.3576987852042725
2,68,0.005948706995695829,0.04646550863981247,0.19863572716712952,0.4112887382507324,0,1,0,7,2,0.0,0.9974467754364014,0.9342286880693633,0.09941653907299042,0.5304526498906533,0.42430324397147196,0.29570761530981315,0.5534782443569093
2,69,0.007868911139667034,0.05052950978279114,0.18618425726890564,0.3992246985435486,0,1,0,6,1,-2.5,0.997207522392273,0.933294459381294,0.2983512182158824,0.2623266429298817,0.3203609863457084,0.3773713963067742,0.35746541404766485
2,70,0.008604924194514751,0.05284404009580612,-0.012606944888830185,0.10054287314414978,0,1,0,2,3,2.5,0.9969092607498169,0.9323611649219127,0.38716462196459067,0.34951871431393017,0.4441983574152074,0.644033811793465,0.40984875134448573
2,71,0.009572009555995464,0.05559440702199936,0.17858824133872986,0.40325143933296204,0,1,0,6,3,2.5,0.9962483644485474,0.9314288037569908,0.2983512182158824,0.2623266429298817,0.3203609863457084,0.4267361374238452,0.35746541404766485
2,72,0.012370209209620953,0.061250366270542145,0.3555394411087036,0.6844422817230225,0,1,1,11,0,-5.0,0.9958159327507019,0.9304973749532338,0.49025905490092725,0.2652052063545999,0.2099638654654903,0.31837114746317424,0.22899607399106026
2,73,0.013666351325809956,0.06468450278043747,-0.042634516954422,0.08050262182950974,0,1,0,1,4,5.0,0.9952508807182312,0.9295668775782806,0.5062297546136947,0.5366986987520549,0.45446016589536875,0.3959542502359906,0.5945796339763366
2,74,0.015415498055517673,0.06891369074583054,0.33859705924987793,0.6774763464927673,0,1,1,11,4,5.0,0.9937800168991089,0.9286373107007023,0.5421814003582149,0.2652052063545999,0.2099638654654903,0.31837114746317424,0.26520135857760907
2,75,0.020814498886466026,0.0788666307926178,0.691229522228241,1.2309736013412476,0,1,1,20,4,5.0,0.9911391139030457,0.9277086733900016,0.06514813925973938,0.06586904975677854,0.06305019326370186,0.11920828840183743,0.05439434162080288
2,76,0.029589379206299782,0.09413234889507294,1.0173380374908447,1.7448341846466064,0,2,2,28,4,5.0,0.9869275689125061,0.9267809647166116,0.10668064966261387,0.0,0.06115315779595479,0.1905143520374692,0.09350492388010026
2,77,0.041485149413347244,0.11433491110801697,1.318718671798706,2.2223856449127197,0,2,3,36,3,2.5,0.9810925722122192,0.925854183751895,0.0,0.0,0.09281264364719391,0.04905462861061097,0.14099247574806215
2,78,0.055203501135110855,0.13750439882278442,1.4107346534729004,2.381193161010742,0,2,3,38,4,5.0,0.9731559157371521,0.9249283295681431,0.0,0.0,0.09310540527105332,0.048941418528556824,0.04865779578685761
2,79,0.07086022198200226,0.16384166479110718,1.6814996004104614,2.8161187171936035,0,3,3,45,4,5.0,0.9622250199317932,0.9240034012385749,0.0,0.0,0.047146403789520265,0.0,0.048111250996589666
2,80,0.08909948915243149,0.19435781240463257,1.9304149150848389,3.2200584411621094,0,3,4,52,3,2.5,0.9483922719955444,0.9230793978373364,0.0,0.0,0.0,0.04741961359977723,0.0
2,81,0.10866329818964005,0.22717322409152985,1.975061297416687,3.317559003829956,0,4,4,53,4,5.0,0.9310826063156128,0.9221563184394991,0.0,0.0,0.0,0.0,0.046554130315780644
2,82,0.12968814373016357,0.262521356344223,2.1979241371154785,3.6868979930877686,0,4,4,59,0,-5.0,0.9127997159957886,0.9212341621210596,0.04563998579978943,0.0,0.0,0.0,0.0
2,83,0.1487177610397339,0.2952969968318939,1.6796551942825317,2.956315517425537,0,5,3,47,1,-2.5,0.8958351612091064,0.9203129279589385,0.0,0.04479175806045532,0.0,0.0,0.0
2,84,0.16385513544082642,0.32274580001831055,1.3863320350646973,2.568842649459839,0,5,3,41,1,-2.5,0.879873514175415,0.9193926150309796,0.0894285070091486,0.04399367570877075,0.04370909631252289,0.047909618428349496,0.0
2,85,0.1762111634016037,0.3465925455093384,1.1187556982040405,2.2265708446502686,0,6,2,36,1,-2.5,0.865122377872467,0.9184732224159486,0.0,0.15794370722770693,0.04298008084297181,-0.028194841742515575,0.0
2,86,0.18602721393108368,0.3672567903995514,0.8742302060127258,1.9242019653320312,0,6,2,31,0,-5.0,0.852792501449585,0.9175547491935327,0.046816534838080404,0.0434092253446579,0.1616827690601349,0.11509557965397835,0.07985852271318436
2,87,0.19252410531044006,0.3836763799190521,0.4754074811935425,1.4054348468780518,0,6,1,22,1,-2.5,0.8426836729049683,0.9166371944443392,0.16283557258069517,0.12723425786793233,0.08985138340890408,0.0,0.19543915397546274
2,88,0.19621147215366364,0.39663124084472656,0.2828634977340698,1.1872111558914185,0,6,1,19,0,-5.0,0.8350428342819214,0.9157205572498949,0.09257229825329186,0.043053573369979864,0.043585532903671266,0.047550832238793375,0.04276712536811829
2,89,0.19707657396793365,0.4061491787433624,-0.06776963174343109,0.7473319172859192,0,6,0,12,4,5.0,0.8260469436645508,0.914804836692645,0.0,0.04365179836750031,0.13359638319903017,0.04289442896842957,0.08797292438149452
3,90,0.1985194981098175,0.41707679629325867,0.2993236482143402,1.3272922039031982,0,7,1,21,0,-5.0,-2.1832315921783447,0.9138900318559524,-0.10916157960891724,0.0,0.0,-0.10910344123840332,0.0
3,91,-0.027149707078933716,0.15320006012916565,-0.049955278635025024,-0.0865248292684555,0,2,0,-1,1,-2.5,0.9771921038627625,0.9129761418240965,0.28493316622947135,0.5626887058599309,0.6055104846060628,0.49351557880729247,0.5329185948819846
3,92,-0.02862289734184742,0.15102282166481018,-0.22384858131408691,-0.3287090063095093,0,2,0,-5,2,0.0,0.9780544638633728,0.9120631656822724,0.1578852217521459,0.0,0.11258724615927986,0.0,0.09356620669364929
3,93,-0.030708124861121178,0.14814020693302155,-0.1995743215084076,-0.26895982027053833,0,2,0,-4,0,-5.0,0.9796620011329651,0.9111511025165902,0.29019282364923804,0.2372079039309144,0.4989262971623461,0.17909710297040446,0.43066659300554444
3,94,-0.03467325493693352,0.14261138439178467,-0.548454225063324,-0.7793447375297546,0,2,-1,-12,3,2.5,0.9812228083610535,0.9102399514140735,0.23819845238202958,0.09824613928794862,0.3463531297756706,0.370844267320327,0.19292758781376235
3,95,-0.03881543502211571,0.13702978193759918,-0.3148936629295349,-0.40109068155288696,0,2,-1,-6,2,0.0,0.9821887612342834,0.9093297114626595,0.3788901760278911,0.23437367511033158,0.5295580941929254,0.4507244291285598,0.2892106817645156
3,96,-0.04177779331803322,0.1334589570760727,-0.28452134132385254,-0.3340550661087036,0,2,-1,-5,4,5.0,0.982105553150177,0.9084203817511969,0.386895392745983,0.3840040796840444,0.25097619442945307,0.26317504057941143,0.5556048501543582
3,97,-0.04233446344733238,0.1337701827287674,0.11543266475200653,0.2978706359863281,0,2,0,5,3,2.5,0.9808110594749451,0.9075119613694457,0.3970343921858297,0.577889287748476,0.6354747812428869,0.8663579147159111,0.560601541911719
3,98,-0.04011878743767738,0.13852402567863464,0.2996349632740021,0.5998724699020386,0,2,1,10,4,5.0,0.9781557321548462,0.9066044494080763,0.8051875028345932,0.6548491840289907,0.5333769366517211,0.15359118964084262,0.47814299836170193
3,99,-0.0350823774933815,0.14779816567897797,0.6558253765106201,1.1652812957763672,0,2,1,19,2,0.0,0.97463059425354,0.9056978449586682,0.15254164445748455,0.5425445221867715,0.2776937690606989,0.41221399875338316,0.09726130512654782
3,100,-0.028747836127877235,0.1592777520418167,0.6141527891159058,1.1242650747299194,0,3,1,18,0,-5.0,0.972048819065094,0.9047921471137096,0.6178152076521594,0.4609154798515338,0.4954579730199558,0.45326480041816425,0.46433468492405156
3,101,-0.024913625791668892,0.16718600690364838,0.20605899393558502,0.5268714427947998,0,3,0,8,2,0.0,0.9702058434486389,0.9038873549665959,0.5946908038963357,0.6409123349355661,0.4677623360896319,0.4308849439816269,0.4565836539438455
3,102,-0.022875621914863586,0.17260976135730743,0.19921061396598816,0.541774332523346,0,3,0,9,2,0.0,0.9682462215423584,0.9029834676116293,0.21962761081037616,0.46045564857918525,0.6052729346906105,0.5234685481887705,0.49123801238591386
3,103,-0.020901279523968697,0.1781959980726242,0.1931261420249939,0.558661162853241,0,3,0,9,1,-2.5,0.9667412042617798,0.9020804841440176,0.21962761081037616,0.5252687651517913,0.6052729346906105,0.5234685481887705,0.49123801238591386
3,104,-0.020032916218042374,0.18236999213695526,0.0032335761934518814,0.2972427010536194,0,3,0,5,1,-2.5,0.9661215543746948,0.9011784036598737,0.7899753516564103,0.47179132185844014,0.5971734616816362,0.6125139319330103,0.4938425898530102
3,105,-0.02098061516880989,0.18406113982200623,-0.17222757637500763,0.05847490206360817,0,3,0,1,3,2.5,0.9651569724082947,0.9002772252562138,0.44984382553742863,0.461005814473021,0.3551097115054145,0.6435331718495659,0.23518506025928856
3,106,-0.02151065319776535,0.18666279315948486,0.03415529057383537,0.39934492111206055,0,3,0,6,0,-5.0,0.964740514755249,0.8993769480309576,0.7946864685957786,0.47977155432498675,0.4438452932654847,0.41106442004301613,0.5607699167794697
3,107,-0.02320810779929161,0.18777506053447723,-0.32752788066864014,-0.12094908207654953,0,3,-1,-2,0,-5.0,0.9661747217178345,0.8984775710829266,0.23961085916927505,0.10840049640526772,0.47301171983503987,0.2790891055602781,0.45048371090217587
3,108,-0.02837003953754902,0.18391649425029755,-0.6625385880470276,-0.6007635593414307,0,3,-1,-10,4,5.0,0.9669387340545654,0.8975790935118436,0.04820513129234314,0.0,0.31583700473096127,0.09246504366397858,0.4409797694287853
3,109,-0.0325496606528759,0.18182764947414398,-0.23565495014190674,0.07467201352119446,0,3,0,1,2,0.0,0.9664974212646484,0.8966815144183318,0.44984382553742863,0.461005814473021,0.44316212054331866,0.6435331718495659,0.23518506025928856
3,110,-0.03473682701587677,0.1830369234085083,-0.20906008780002594,0.14244219660758972,0,3,0,2,3,2.5,0.9652175307273865,0.8957848329039134,0.42791408092465766,0.3394184899586996,0.9005507022252672,0.4958090736857214,0.39028971342910823
3,111,-0.035620007663965225,0.18650051951408386,8.730217814445496e-06,0.48730283975601196,0,3,0,8,0,-5.0,0.9644626379013062,0.8948890480710096,0.6562052847470636,0.6824181730515007,0.4677623360896319,0.5042427910014309,0.5184559175392056
3,112,-0.037644967436790466,0.18851341307163239,-0.3591887950897217,-0.029219239950180054,0,3,-1,0,4,5.0,0.9631553292274475,0.8939941590229386,0.19657191733732715,0.2988487822816148,0.19825841842352007,0.6640461327264164,0.2519394512324275
3,113,-0.03891787305474281,0.19194971024990082,0.04521142318844795,0.6122222542762756,0,3,0,10,1,-2.5,0.9612759351730347,0.8931001648639156,0.3811648598899028,0.3477911918598862,0.4556489979996605,0.307424838280477,0.5639423060481005
3,114,-0.039459142833948135,0.19678418338298798,-0.13266253471374512,0.3718228340148926,0,3,0,6,3,2.5,0.9589917063713074,0.8922070646990518,0.8855394973472364,0.47977155432498675,0.5363783782725293,0.4548644958759717,0.6234104001208332
3,115,-0.03960937261581421,0.2025051712989807,0.07075997442007065,0.7093607783317566,0,3,0,11,4,5.0,0.9546082019805908,0.8913148576343527,0.3633150723626821,0.2551657144879381,0.2700509879781956,0.3418704002282712,0.48647180870408013
3,116,-0.036767758429050446,0.2130533754825592,0.4424913823604584,1.3017566204071045,0,3,1,21,2,0.0,0.9488593935966492,0.8904235427767183,0.2654934698320207,0.24380109196156263,0.3505474518026246,0.39411968684860144,0.41175184860742076
3,117,-0.03245501592755318,0.2261429727077484,0.4195568263530731,1.2995036840438843,0,4,1,21,1,-2.5,0.9435058832168579,0.8895331192339416,0.3770277951382432,0.3364547061165694,0.32213041367544637,0.10723765690493557,0.33456315090324906
3,118,-0.0293959379196167,0.23768487572669983,0.21640805900096893,1.0283995866775513,0,4,0,16,0,-5.0,0.9399155974388123,0.8886435861147077,0.16677160249653633,0.43276370954449583,0.09311357701946796,0.13338958532899917,0.20538754364006678
3,119,-0.029309669509530067,0.24512115120887756,-0.15257009863853455,0.5110837817192078,0,4,0,8,4,5.0,0.9355686902999878,0.887754942528593,0.3362939492240835,0.20745814672279675,0.18232416442487986,0.25999954699898736,0.4868575363091818
3,120,-0.028613949194550514,0.2538333237171173,0.2338811457157135,1.1263395547866821,0,4,0,18,3,2.5,0.9287601709365845,0.8868671875860644,0.11710441720336817,0.28144764672107314,0.22261209462241713,0.19773727073730954,0.15609041669422394
3,121,-0.025253886356949806,0.2669079005718231,0.4095030426979065,1.4267970323562622,0,4,1,23,1,-2.5,0.9216985106468201,0.8859803203984784,0.29205489034262094,0.5494549587952704,0.4507790673837991,0.23745541314773078,0.4176441974192614
3,122,-0.022269438952207565,0.279823899269104,0.21049727499485016,1.1710492372512817,0,4,0,19,4,5.0,0.913037121295929,0.88509434007808,0.0,0.06348283413073155,0.09648819747716189,0.18787531645951952,0.21291881606478044
3,123,-0.0181102491915226,0.29489460587501526,0.5673847794532776,1.7420414686203003,0,5,1,28,0,-5.0,0.9042577147483826,0.8842092457380019,0.1558881439520439,0.2737828946733927,0.09511747818786834,0.0,0.1350090869086197
3,124,-0.014620873145759106,0.30942243337631226,0.17967022955417633,1.214532494544983,0,5,0,19,4,5.0,0.8944168090820312,0.8833250364922639,0.28405840146272787,0.18152727094851973,0.17786744670683818,0.2977675401604433,0.08544642388820647
3,125,-0.010767880827188492,0.3249356746673584,0.5366247892379761,1.7851126194000244,0,5,1,29,4,5.0,0.8803432583808899,0.8824417114557717,0.20451734417676926,0.10653880918427329,0.12490477030575275,0.04461915493011475,0.2114921470262319
3,126,-0.0035104656126350164,0.345914363861084,0.8649477958679199,2.313298225402832,0,6,2,37,0,-5.0,0.8659461140632629,0.8815592697443159,0.047790654344797144,-0.017797141610383996,0.013363126650452611,-0.01307215392589569,0.08587985336780549
3,127,0.0028635840862989426,0.36613360047340393,0.46173879504203796,1.7807961702346802,0,6,1,28,0,-5.0,0.8545665144920349,0.8806777104745716,0.17470642996274527,0.08404932989716532,-0.1792951023578644,0.08650513291358948,0.08112290184406973
3,128,0.005403146147727966,0.3813575208187103,0.09214077144861221,1.3035701513290405,0,6,0,21,3,2.5,0.8429105281829834,0.8797970327640969,0.08335572165966035,0.19330576619505885,0.1609901263305552,0.35018380105274055,0.0788159407633543
3,129,0.0073922122828662395,0.3963451087474823,0.2747246325016022,1.6214053630828857,0,6,1,26,4,5.0,0.8271114826202393,0.8789172357313328,0.17257584751136246,0.2644353580325842,0.12338145911693574,-0.01836257150550319,0.1942277908921242
4,130,0.012108096852898598,0.41579875349998474,0.615924596786499,2.165099859237671,0,7,1,35,0,-5.0,-2.1891732215881348,0.8780383184956015,-0.10945866107940674,-0.1091425895690918,0.0,0.0,-0.10932337045669556
4,131,0.11055919528007507,-0.10437148064374924,0.16957107186317444,0.1615583300590515,0,-2,0,3,1,-2.5,0.9890424609184265,0.8771602801771059,0.30783106531812693,0.46145264343245973,0.38432019947139523,0.6207084682645456,0.576213645357524
4,132,0.11107956618070602,-0.10467830300331116,-0.035161975771188736,-0.16846469044685364,0,-2,0,-3,0,-5.0,0.987947940826416,0.8762831198969288,0.6006803600515773,0.7659848584107714,0.8110603737692682,0.8049104042200137,0.9367287105933886
4,133,0.10857792943716049,-0.1097818911075592,-0.4112163484096527,-0.7615273594856262,0,-2,-1,-12,1,-2.5,0.9858517646789551,0.8754068367770318,0.3622975776011491,0.5532694116744672,0.32722187520821805,0.627808520133535,0.4456377924976066
4,134,0.10353732854127884,-0.11894643306732178,-0.5725300908088684,-1.025727391242981,0,-2,-1,-16,2,0.0,0.9833499193191528,0.8745314299402548,0.27076100575454864,0.24377833908564545,0.863111183654092,0.4079862856124433,0.5120977048572701
4,135,0.09801056236028671,-0.1290351152420044,-0.5356820821762085,-0.9874865412712097,0,-2,-1,-16,3,2.5,0.981186032295227,0.8736568985103146,0.27076100575454864,0.24377833908564545,0.863111183654092,0.44158705995516895,0.5120977048572701
4,136,0.09389057755470276,-0.13716411590576172,-0.3161625266075134,-0.671297550201416,0,-2,-1,-11,4,5.0,0.9802099466323853,0.8727832416118043,0.7248886916654849,0.6590266039197203,0.58317095582992,0.6213003990088817,0.5618964394637005
4,137,0.09292400628328323,-0.14067710936069489,0.07203733921051025,-0.09871311485767365,0,-2,0,-2,4,5.0,0.9807554483413696,0.8719104583701925,0.7185682858916527,0.7208467963748789,0.7962830836734189,1.0877157771881905,0.7582196776188037
4,138,0.09567205607891083,-0.13872478902339935,0.43100810050964355,0.42863237857818604,0,-2,1,7,2,0.0,0.981786847114563,0.8710385479118223,0.7349239675284318,0.1887057026657349,0.8770410760386562,0.5379659543456679,0.23557155603432656
4,139,0.09974593669176102,-0.1349562257528305,0.39193788170814514,0.34806153178215027,0,-2,1,6,0,-5.0,0.9817215204238892,0.8701675093639105,1.0656764112549673,0.49072904796569555,0.6525198273461967,0.40573512792047917,0.24358323395986733
4,140,0.10133126378059387,-0.1351979523897171,-0.015992995351552963,-0.29616492986679077,0,-2,0,-5,3,2.5,0.9812948703765869,0.8692973418545467,0.9737827339876539,0.8308596406529578,0.5442972687912443,1.0374292246130712,0.6843637345925255
4,141,0.10218245536088943,-0.13676659762859344,0.16414207220077515,-0.04116937518119812,0,-2,0,-1,2,0.0,0.9810877442359924,0.8684280445126921,0.8390754329634564,0.9130878520677215,1.1641362798210113,0.6901065129207484,0.9215725192288736
4,142,0.10370050370693207,-0.13752178847789764,0.14489176869392395,-0.09125960618257523,0,-2,0,-1,4,5.0,0.9816305637359619,0.8675596164681794,0.8390754329634564,0.9130878520677215,1.1641362798210113,0.6901065129207484,0.9541656449534887
4,143,0.10714844614267349,-0.13553379476070404,0.4987729489803314,0.42902225255966187,0,-2,1,7,2,0.0,0.9826287031173706,0.8666920568517111,0.7349239675284318,0.1887057026657349,0.9239302088722166,0.5379659543456679,0.23557155603432656
4,144,0.11187240481376648,-0.1318000853061676,0.45480260252952576,0.3414094150066376,0,-2,1,5,4,5.0,0.9842071533203125,0.8658253647948594,0.6899365479894561,0.9618566780085129,0.612893556230965,0.587367153601476,0.3247367646607847
4,145,0.11829304695129395,-0.1256694495677948,0.7863819003105164,0.8290161490440369,0,-2,2,13,4,5.0,0.9868075251579285,0.8649595394300645,0.0,0.4548945424996582,0.04934913218021393,0.11480872485916087,0.11386817811455849
4,146,0.127895325422287,-0.11485841870307922,1.0942186117172241,1.281764030456543,0,-2,2,21,4,5.0,0.9900620579719543,0.8640945798906344,0.12354976608314644,0.049476996064186096,0.09909170535504819,0.05452813176214695,0.09917133450508117
4,147,0.1404549479484558,-0.09968926757574081,1.3804967403411865,1.703837513923645,0,-2,3,27,2,0.0,0.992992103099823,0.8632304853107438,0.05529218485063007,0.0,0.04964960515499115,0.0,0.049443259835243225
4,148,0.15364108979701996,-0.08371306210756302,1.2731873989105225,1.5243037939071655,0,-1,3,24,1,-2.5,0.9949478507041931,0.862367254825433,0.049781814217567444,0.16499677938007168,0.0,0.0,0.04982331991195679
4,149,0.1647382229566574,-0.07107836753129959,0.9871025085449219,1.0718687772750854,0,-1,2,17,1,-2.5,0.9960601925849915,0.8615048875706075,0.20028026557971088,0.18165157632604023,0.30136601695570164,0.1902342635224654,0.3653322263984109
4,150,0.17309696972370148,-0.06276785582304001,0.7224676012992859,0.6538809537887573,0,-1,1,10,0,-5.0,0.9963884949684143,0.8606433826830369,0.8281225728320554,0.5790816810510337,0.5776058860196314,0.767286232527117,0.419505663616625
4,151,0.17785726487636566,-0.060096025466918945,0.2903859615325928,-0.021099433302879333,0,-1,1,0,1,-2.5,0.9961254596710205,0.8597827393003539,0.20511155137141446,0.1544927709412853,0.14949292644796855,0.12099923315195227,0.1673502016943761
4,152,0.17954710125923157,-0.062245629727840424,0.07807773351669312,-0.35729455947875977,0,-1,0,-6,0,-5.0,0.9952027201652527,0.8589229565610536,0.5277810782006231,0.5330078702281905,1.046744524916257,0.5321616556418652,0.722016288134526
4,153,0.1781381368637085,-0.06926257163286209,-0.3057065010070801,-0.9579645395278931,0,-1,-1,-15,2,0.0,0.9937965869903564,0.8580640336044925,0.32006017849154933,0.6002815187286425,0.63043593287642,0.7363825228271158,0.675825306795719
4,154,0.175184965133667,-0.07876165956258774,-0.28629282116889954,-0.938787043094635,0,-1,-1,-15,4,5.0,0.992805004119873,0.857205969570888,0.32006017849154933,0.6002815187286425,0.63043593287642,0.7363825228271158,0.7384044226665387
4,155,0.17454257607460022,-0.08482328802347183,0.10531960427761078,-0.34844574332237244,0,-1,0,-6,2,0.0,0.9921633005142212,0.8563487636013172,0.5277810782006231,0.5330078702281905,1.0894698364872708,0.5321616556418652,0.722016288134526
4,156,0.17551720142364502,-0.08852507174015045,0.09302012622356415,-0.3802730441093445,0,-1,0,-6,0,-5.0,0.9908198714256287,0.8554924148377159,0.6310130294793844,0.6706161110469036,1.0894698364872708,0.5538298607378251,0.722016288134526
4,157,0.1742459088563919,-0.09581293165683746,-0.29237261414527893,-0.9861920475959778,0,-2,-1,-16,0,-5.0,0.9881380200386047,0.8546369224228781,0.32840410559335187,0.35053866328360395,0.967354059308066,0.4722057516393941,0.6515596491339405
4,158,0.16928571462631226,-0.10891259461641312,-0.6487043499946594,-1.5482268333435059,0,-2,-1,-25,4,5.0,0.9853832721710205,0.8537822855004553,0.0,0.04912844598293305,0.32450866704350745,0.054008555832505224,0.10885896364161673
4,159,0.1651584357023239,-0.1208997294306755,-0.2323710322380066,-0.9265016317367554,0,-2,0,-15,3,2.5,0.9834624528884888,0.8529285032149548,0.0,0.16962919437992463,0.049198302626609805,0.1737855114601207,0.054319589394330986
4,160,0.16394706070423126,-0.12859846651554108,-0.03484644368290901,-0.6424136161804199,0,-2,0,-10,3,2.5,0.9821503758430481,0.8520755747117399,0.32695342613469036,0.3269574827497128,0.32341774631200243,0.44309316291640555,0.6552529684278685
4,161,0.16462202370166779,-0.13360236585140228,0.14726528525352478,-0.38327282667160034,0,-2,0,-6,2,0.0,0.9810216426849365,0.8512234991370281,0.5863744606087831,0.855695308534996,0.9595042292806213,0.9260499353318625,0.7567643239816053
4,162,0.1659800410270691,-0.13776202499866486,0.12946608662605286,-0.43075937032699585,0,-2,0,-7,1,-2.5,0.9792618751525879,0.8503722756378911,0.842950367183066,0.5625287328333697,0.7265068314896961,0.6956727607734158,1.1955534096801215
4,163,0.16610930860042572,-0.14400741457939148,-0.07297052443027496,-0.761095404624939,0,-2,0,-12,4,5.0,0.9779200553894043,0.8495219033622532,0.21024473356071222,0.20229195538700978,0.28168765745285174,0.09948783551665151,0.25011693569217014
4,164,0.16746746003627777,-0.14859318733215332,0.29646754264831543,-0.21881161630153656,0,-2,1,-4,0,-5.0,0.9761449694633484,0.8486723814588909,0.12983171928416748,0.22695800215831452,0.04910007417201996,0.0,0.074307619099848
4,165,0.16813838481903076,-0.15445061028003693,-0.10411804914474487,-0.8526663184165955,0,-2,0,-14,1,-2.5,0.9728473424911499,0.847823709077432,0.15112923057940558,0.6052536868616455,0.3492225078685829,0.26924973221866166,0.20840273421439337
4,166,0.16602951288223267,-0.16478070616722107,-0.289203017950058,-1.1583324670791626,0,-3,-1,-19,1,-2.5,0.9682959914207458,0.8469758853683546,0.5848247728398397,0.4948806535690744,0.4354688989953478,0.8595839643896902,0.7233839680245693
4,167,0.16214871406555176,-0.17805632948875427,-0.46037083864212036,-1.4439244270324707,0,-3,-1,-23,1,-2.5,0.9623298645019531,0.8461289094829862,0.26924927405604693,0.1394381383061409,0.5331640298038013,0.2785096867392094,0.37627968066046674
4,168,0.15662963688373566,-0.19408787786960602,-0.6185882091522217,-1.711261510848999,0,-3,-1,-27,1,-2.5,0.954757571220398,0.8452827805735033,0.05186012279391289,0.28502464978899816,0.17392285457296403,0.048380604386329656,0.09985010864487143
4,169,0.1495969295501709,-0.21270278096199036,-0.764724612236023,-1.9619945287704468,0,-3,-2,-31,4,5.0,0.9475429058074951,0.8444374977929298,0.33338020415979625,0.1393760257959366,0.24701453240394466,0.19403458847125576,0.28789693884418616
4,170,0.14429005980491638,-0.22903506457805634,-0.35079002380371094,-1.3705174922943115,0,-4,-1,-22,3,2.5,0.9417572021484375,0.8435930602951368,0.385693865635728,0.5347862189049621,0.4600980409566814,0.2561152566568753,0.25935007121685383
4,171,0.14188946783542633,-0.24133539199829102,-0.15278716385364532,-1.1078059673309326,0,-4,0,-18,1,-2.5,0.9353490471839905,0.8427494672348417,0.2717235260252142,0.48067861046451676,0.3560562440445945,0.14057484966479808,0.19049975472763184
4,172,0.13930711150169373,-0.2542654871940613,-0.3343997597694397,-1.4162405729293823,0,-4,-1,-23,0,-5.0,0.926174521446228,0.8419067177676068,0.2289209855733636,0.33355655871205253,0.7362753021541542,0.5912078169979598,0.39506180974774063
4,173,0.13395781815052032,-0.27170851826667786,-0.6831570863723755,-1.975103497505188,0,-4,-1,-32,3,2.5,0.9159377813339233,0.8410648110498392,0.0,0.15287688220006018,0.04676010608673096,0.11173878808751003,0.06747383647618399
4,174,0.12835857272148132,-0.28993499279022217,-0.46333256363868713,-1.689774751663208,0,-5,-1,-27,3,2.5,0.906671941280365,0.8402237462387894,0.15896330760620714,0.23953538251814194,0.12533368292677996,0.2858291441067441,0.38997061964516877
4,175,0.12484993785619736,-0.3054963946342468,-0.26187488436698914,-1.4358375072479248,0,-5,-1,-23,4,5.0,0.8993902206420898,0.8393835224925505,0.17840659520031538,0.45155661858822865,0.3070933671432248,0.20337125813096185,0.30768294336616997
4,176,0.12427522242069244,-0.3171902894973755,0.10165373235940933,-0.9471261501312256,0,-5,0,-15,3,2.5,0.8938881158828735,0.838544138970058,0.1121929384176093,0.05126990744880825,0.2386075955013287,0.3715617714404346,0.29795185670711366
4,177,0.1261570304632187,-0.325748085975647,0.2585606873035431,-0.7646346688270569,0,-5,1,-12,4,5.0,0.8903598785400391,0.8377055948310879,0.05029318148009181,0.09430655520024124,0.09238457438349724,0.0,0.14778953421260338
4,178,0.13054783642292023,-0.33111950755119324,0.5809763073921204,-0.34204715490341187,0,-5,1,-5,3,2.5,0.88847815990448,0.8368678892362568,0.045063319802284243,0.14457356790360196,0.11019028945767924,0.34682483420541677,0.08988876640796661
4,179,0.13701589405536652,-0.3339487910270691,0.7019888758659363,-0.2147662192583084,0,-5,1,-3,2,0.0,0.8863952159881592,0.8360310213470206,0.14132356617740569,0.14773042136056697,0.321614213860097,0.04522866606712342,0.04529522061347962
4,180,0.143635094165802,-0.33705300092697144,0.6368299722671509,-0.3594406843185425,0,-5,1,-6,4,5.0,0.8853266835212708,0.8351949903256736,0.2664156887595454,0.1739516276756771,0.2876808452191766,0.4230555744144715,0.2925158826875044
4,181,0.15164345502853394,-0.33863458037376404,0.9305820465087891,0.018194321542978287,0,-5,2,0,2,0.0,0.884706437587738,0.8343597953353479,0.0,0.0,0.1708834135532379,0.0,0.044702231884002686
4,182,0.16045527160167694,-0.3395490348339081,0.8490779995918274,-0.15075576305389404,0,-5,2,-2,4,5.0,0.8849595189094543,0.8335254355400126,0.09041974246501923,0.059870071758165694,0.09496214827275187,0.04441925883293152,0.09815008085876703
4,183,0.1704980731010437,-0.3391762375831604,1.1274526119232178,0.2038888931274414,0,-5,2,3,3,2.5,0.8865094780921936,0.8326919101044725,0.12678283134973092,0.04582702219486237,0.045919707417488104,0.2133834478020668,0.0
4,184,0.18220646679401398,-0.3368834853172302,1.2091561555862427,0.27249589562416077,0,-5,2,4,4,5.0,0.8894577026367188,0.831859218194368,0.05019536567531836,0.09079873859882355,0.0,0.0457825243473053,0.09000042378902437
4,185,0.195708230137825,-0.3324790596961975,1.4625880718231201,0.5917922854423523,0,-5,3,9,3,2.5,0.8934059143066406,0.8310273589761736,0.0,0.0,0.0,0.04918579976856709,0.0
4,186,0.21063831448554993,-0.3264874517917633,1.521307110786438,0.628208577632904,0,-5,3,10,4,5.0,0.8984459042549133,0.8301963316171974,0.045611152052879335,0.0,0.0,0.0,0.04492229521274567
4,187,0.22714626789093018,-0.31867551803588867,1.7542438507080078,0.9205192923545837,0,-5,4,15,0,-5.0,0.901404082775116,0.8293661352855802,0.0450702041387558,0.0,0.0,0.0,0.0
4,188,0.24184148013591766,-0.3139999508857727,1.258198618888855,0.1458110809326172,0,-5,3,2,0,-5.0,0.8996462821960449,0.8285367691502946,0.044982314109802246,0.0,0.0,0.0,0.0
4,189,0.2517707645893097,-0.31678643822669983,0.7967481017112732,-0.578284502029419,1,-5,2,-9,0,-5.0,0.8933783173561096,0.8277082323811443,0.044668915867805484,0.0,0.0,0.0,0.0
4,190,0.2572785019874573,-0.32652977108955383,0.3692657947540283,-1.2521510124206543,1,-5,1,-20,2,0.0,0.8845461010932922,0.8268805241487632,0.0,0.0,0.044227305054664615,0.0,0.0
4,191,0.2607188820838928,-0.33978503942489624,0.3295558989048004,-1.3589885234832764,1,-5,1,-22,3,2.5,0.8756474256515503,0.8260536436246144,0.0,0.04425007104873657,0.045491901040077214,0.047976484119892124,0.0
4,192,0.26478311419487,-0.35263654589653015,0.4693446755409241,-1.2065659761428833,1,-6,1,-19,3,2.5,0.8674474954605103,0.8252275899809898,0.04236477613449097,0.0,0.0,0.04337237477302552,0.0
4,193,0.2701795697212219,-0.3640776574611664,0.5978807210922241,-1.0731432437896729,1,-6,1,-17,2,0.0,0.8588315844535828,0.8244023623910088,0.0,0.0,0.08161346226930619,0.0,0.0
4,194,0.2758048176765442,-0.37572383880615234,0.5409033894538879,-1.209387183189392,1,-6,1,-19,3,2.5,0.8500116467475891,0.8235779600286178,0.04236477613449097,0.0,0.0,0.08587295711040498,0.0
4,195,0.28187721967697144,-0.3872833847999573,0.6627001166343689,-1.090538501739502,1,-6,1,-17,1,-2.5,0.8395393490791321,0.8227543820685892,0.0,0.041976967453956605,0.08161346226930619,0.0,0.0
5,196,0.2871338725090027,-0.40057551860809326,0.42714545130729675,-1.4841867685317993,1,-6,1,-24,0,-5.0,-2.1756043434143066,0.8219316276865206,-0.06980824321508408,0.0,0.0,0.0,0.0
5,197,-0.15200117230415344,0.10905534029006958,-0.004208087921142578,0.1663847267627716,0,2,0,3,1,-2.5,0.988057017326355,0.8211096960588341,1.3683391612107363,1.0797694362901766,2.092921236128571,1.0948633420145257,0.9192538426578243
5,198,-0.15305934846401215,0.10928396135568619,-0.1847786158323288,-0.0941379964351654,0,2,0,-2,2,0.0,0.988194465637207,0.8202885863627752,0.6376017528008588,0.743966177616771,0.9264066755197625,0.8832967338847244,1.102981265687845
5,199,-0.15478529036045074,0.10865331441164017,-0.16532541811466217,-0.047797348350286484,0,2,0,-1,2,0.0,0.988233745098114,0.8194682977764125,0.6725686358946851,1.0994435651056664,1.4063654508691177,1.0276199517366726,0.951777459594058
5,200,-0.15632516145706177,0.10847242176532745,-0.14734911918640137,-0.0038050704170018435,0,2,0,0,2,0.0,0.9881800413131714,0.818648829478636,1.2008957454400115,1.3427071091059397,1.362706063185564,1.239886620384262,1.164546497299261
5,201,-0.15769295394420624,0.10871949046850204,-0.13071933388710022,0.038104619830846786,0,2,0,1,0,-5.0,0.9887389540672302,0.8178301806491574,0.9294270940707431,1.22962605100233,2.0976927214114216,1.2423482456318768,1.113660312353364
5,202,-0.1610240936279297,0.10611826926469803,-0.48847484588623047,-0.49440088868141174,0,2,-1,-8,3,2.5,0.9893279075622559,0.8170123504685082,0.4255950122080232,0.7817080963145783,0.6427255378188734,1.1727120790684564,0.7157529897020338
5,203,-0.16459815204143524,0.10330585390329361,-0.2599499523639679,-0.12770713865756989,0,2,-1,-2,1,-2.5,0.989849865436554,0.8161953381180397,0.43397700525410987,0.7809223901376415,0.7181882166040912,0.8752062502851031,1.191329936396894
5,204,-0.16810822486877441,0.10074783861637115,-0.4218828082084656,-0.3607412576675415,0,2,-1,-6,1,-2.5,0.9907918572425842,0.8153791427799216,0.6392625383720527,0.8479103152494747,1.1528907841954672,1.0426944080793539,0.6578774063776952
5,205,-0.17317049205303192,0.09595905244350433,-0.5719714760780334,-0.5761048197746277,0,2,-1,-9,0,-5.0,0.9923489093780518,0.8145637636371417,0.6471381562255684,0.6120437965086636,0.5814126309554175,0.4677724609807511,1.3522418041806712
5,206,-0.18073587119579315,0.08747044205665588,-0.8981613516807556,-1.0629688501358032,0,1,-2,-17,0,-5.0,0.9944790005683899,0.8137491998735046,0.2051018540021223,0.20291320620381043,0.22266800900868639,0.24019050873291092,0.3493661544791732
5,207,-0.19143131375312805,0.0743035227060318,-1.2009735107421875,-1.515708088874817,0,1,-2,-24,3,2.5,0.9961936473846436,0.812935450673631,0.09976712167263033,0.049774789810180665,0.3854616150913981,0.129877212213228,0.19499390634326563
5,208,-0.20183895528316498,0.06169572100043297,-0.9204961657524109,-1.0730119943618774,0,1,-2,-17,3,2.5,0.9971572756767273,0.8121225152229574,0.2051018540021223,0.20291320620381043,0.22266800900868639,0.38027680549589227,0.3493661544791732
5,209,-0.2095625102519989,0.053316984325647354,-0.6611417531967163,-0.6643325090408325,0,1,-1,-11,3,2.5,0.9976142644882202,0.8113103927077344,0.7374164391095877,0.6411448235853077,0.8006684439252774,0.7390256435175429,2.125592339902676
5,210,-0.21480457484722137,0.048844218254089355,-0.4213881194591522,-0.2868683636188507,0,1,-1,-5,2,0.0,0.9978528022766113,0.8104990823150267,0.4545212361168447,0.6082014678899096,0.8957383315523625,1.0797491496476335,1.4188282117716917
5,211,-0.21881915628910065,0.046337954699993134,-0.38725075125694275,-0.22691479325294495,0,1,-1,-4,2,0.0,0.9980282187461853,0.8096885832327116,0.44455988260168716,0.5009260256726651,0.7191451293331212,0.8243015735922582,0.9629644523410594
5,212,-0.22250789403915405,0.044404588639736176,-0.35579124093055725,-0.17144893109798431,0,1,-1,-3,4,5.0,0.9978569746017456,0.8088788946494789,0.5698216899784857,0.5788746088647468,0.4384906882627965,0.5183159367056709,0.9872577135624296
5,213,-0.22376209497451782,0.046292539685964584,0.04834156855940819,0.4583846926689148,0,1,0,7,2,0.0,0.997406542301178,0.8080700157548294,0.9751115057436859,0.9731307983527148,1.1521347148380832,0.7410632198668372,1.0982851724374243
5,214,-0.22328081727027893,0.05092605948448181,0.047151822596788406,0.4636683762073517,0,1,0,7,1,-2.5,0.9970864653587341,0.8072619457390746,1.0333875492684035,1.0909071648658633,1.1521347148380832,0.7410632198668372,1.0982851724374243
5,215,-0.22387567162513733,0.053977224975824356,-0.14118871092796326,0.18117964267730713,0,1,0,3,1,-2.5,0.9970479011535645,0.8064546837933355,1.2378999746369632,2.264829171174518,2.346376254234179,1.363801945179406,1.5432186730776358
5,216,-0.22627206146717072,0.054333098232746124,-0.31522053480148315,-0.07882633060216904,0,1,-1,-1,1,-2.5,0.9972747564315796,0.8056482291095421,0.26557297221648,0.9190541270998771,0.2327281531925352,0.5900735353929744,0.26882577042321454
5,217,-0.23033449053764343,0.052203625440597534,-0.47620993852615356,-0.3187434673309326,0,1,-1,-5,1,-2.5,0.9977174401283264,0.8048425808804326,0.514917601753032,0.683052730092351,0.9315949426206884,1.1338249088143395,1.4908680586526093
5,218,-0.23593930900096893,0.04777618125081062,-0.625303328037262,-0.5407386422157288,0,1,-1,-9,3,2.5,0.9980190396308899,0.8040377382995522,0.6349301683508539,1.001735715199515,0.6434414776144344,1.4474926120472018,0.9303467228872742
5,219,-0.24083983898162842,0.04450776427984238,-0.3884241282939911,-0.1684185415506363,0,1,-1,-3,4,5.0,0.9978426098823547,0.8032337005612527,0.6002238969189189,0.7830495307547028,0.4384906882627965,0.6535156863661682,1.0443353704778167
5,220,-0.24240639805793762,0.046447645872831345,0.01816030591726303,0.46520859003067017,0,1,0,7,1,-2.5,0.9975472688674927,0.8024304668606914,1.0333875492684035,1.3608524682657257,1.1521347148380832,0.7410632198668372,1.0982851724374243
5,221,-0.24328084290027618,0.049524709582328796,-0.16828301548957825,0.1849035620689392,0,1,0,3,3,2.5,0.9971680641174316,0.8016280363938307,1.4656104510680938,2.264829171174518,2.4259809134552786,1.4073741333346184,1.6146548919001387
5,222,-0.24380525946617126,0.053215887397527695,0.034448347985744476,0.5049610733985901,0,1,0,8,3,2.5,0.996402382850647,0.8008264083574369,0.8853848480075726,1.3790722970799696,0.7562067739925558,0.5831255083544991,1.0100476935865843
5,223,-0.24238789081573486,0.059979867190122604,0.22209471464157104,0.8023317456245422,0,1,0,13,0,-5.0,0.9958167672157288,0.8000255819490795,0.4618433382252966,0.0,0.0,0.11780782156871389,0.10154767338986301
5,224,-0.24237017333507538,0.0646776407957077,-0.16618821024894714,0.21342933177947998,0,1,0,3,1,-2.5,0.9957237243652344,0.7992255563671304,1.4656104510680938,2.2342196134268955,2.4259809134552786,1.4636114460772576,1.6146548919001387
5,225,-0.24500097334384918,0.06539318710565567,-0.3376668095588684,-0.04084624722599983,0,1,-1,-1,4,5.0,0.9952935576438904,0.7984263308107633,0.26557297221648,0.9190541270998771,0.28058438454884255,0.5900735353929744,0.3627480232260709
5,226,-0.24607618153095245,0.06860347092151642,0.06569474935531616,0.5902718305587769,0,1,0,9,3,2.5,0.994189977645874,0.7976279044799526,0.8415065161263675,0.6092027116675514,0.4328975447828882,0.7622253722753365,0.2921546861964204
5,227,-0.2443549484014511,0.07622326910495758,0.251567006111145,0.8869749307632446,0,1,1,14,1,-2.5,0.9930407404899597,0.7968302765754727,1.2201421868945301,1.228935851977785,1.8434931120573084,0.898597294926637,0.7865867885802611
5,228,-0.24298176169395447,0.08342216908931732,0.049477092921733856,0.5877511501312256,0,1,0,9,0,-5.0,0.9925799369812012,0.7960334462988972,0.8501954265650509,0.6092027116675514,0.4328975447828882,0.7622253722753365,0.2921546861964204
5,229,-0.2446032166481018,0.08614002913236618,-0.3239593207836151,0.026172958314418793,0,1,-1,0,3,2.5,0.9921853542327881,0.7952374128525983,0.06187369903616561,0.47958292796968616,0.5031354180147207,0.3347334398780826,0.17563042053400024
5,230,-0.246606707572937,0.08840026706457138,-0.10822933167219162,0.3709372282028198,0,1,0,6,4,5.0,0.9908597469329834,0.7944421754397457,1.2086518131032764,2.019620310912904,1.5030789631950048,0.7938445579857066,1.1189085724574004
5,231,-0.2454809993505478,0.09560460597276688,0.2783021032810211,0.9785935282707214,0,2,1,16,0,-5.0,0.9895738363265991,0.7936477332643059,1.6227200491466591,0.9331826168175404,0.9858765916494829,0.5897518425842319,0.5424795335588616
5,232,-0.24490532279014587,0.10210873186588287,-0.11126306653022766,0.394858181476593,0,2,0,6,4,5.0,0.9879947900772095,0.7928540855310416,1.3761066330529952,1.8887509563163472,1.7170517398416494,1.2233666988768523,1.3656884579793447
5,233,-0.2438066005706787,0.10956846922636032,0.2756236493587494,1.0043386220932007,0,2,1,16,3,2.5,0.9852991104125977,0.7920612314455105,1.665383421867269,0.9923936396350407,0.9858765916494829,0.6160426710161544,0.5424795335588616
5,234,-0.24006575345993042,0.12124723196029663,0.44686898589134216,1.2837857007980347,0,2,1,21,2,0.0,0.9820441007614136,0.7912691702140651,0.30553752085635455,0.4575920349229818,0.6485674977057234,0.37597621436173273,0.30553804199043716
5,235,-0.23574334383010864,0.13399946689605713,0.41926470398902893,1.260129690170288,0,2,1,20,3,2.5,0.9780451655387878,0.790477901043851,0.5389946228525069,0.7192601051009397,0.6403167618011931,0.3491957674224997,0.60135588711074
5,236,-0.23062342405319214,0.1481715589761734,0.5801279544830322,1.526610016822815,0,2,1,24,2,0.0,0.9733303785324097,0.7896874231428072,0.04868607819080353,0.1629623757426628,0.23463907373293885,0.19084751686006785,0.16165495059473303
5,237,-0.2250175178050995,0.16330847144126892,0.5436154007911682,1.4936201572418213,0,3,1,24,1,-2.5,0.9688252210617065,0.7888977357196644,0.28826084296567805,0.7311621141790906,0.19113048107140607,0.2725946483606543,0.3729937368752731
5,238,-0.2208075076341629,0.1765637993812561,0.3257109522819519,1.1869289875030518,0,3,1,19,2,0.0,0.964460015296936,0.7881088379839447,0.9366770988402628,1.284340693415137,0.7534832026312644,0.6861481493193867,0.8273358764862897
5,239,-0.21762485802173615,0.18852044641971588,0.30985143780708313,1.1897209882736206,0,3,1,19,1,-2.5,0.9604197144508362,0.7873207291459607,0.9366770988402628,1.3178380954609783,0.7534832026312644,0.6861481493193867,0.8273358764862897
5,240,-0.21563708782196045,0.198947936296463,0.11167967319488525,0.9180828332901001,0,3,0,15,3,2.5,0.9559112787246704,0.7865334084168147,0.6414639218015498,0.32771816337123044,0.609619082642151,0.9840577314294603,0.41085168187841026
5,241,-0.21344979107379913,0.20997315645217896,0.2965996563434601,1.2278714179992676,0,3,1,20,1,-2.5,0.9512300491333008,0.7857468750083979,0.8463706009924823,0.7577827329398013,1.4529848289640181,0.4717534551614718,0.6992112162451052
5,242,-0.2115774303674698,0.2208392322063446,0.10115484148263931,0.9648614525794983,0,4,0,15,4,5.0,0.9452800750732422,0.7849611281333895,0.6481854456723267,0.6815459541954243,0.8023084717679734,0.5779034322734793,0.3648925135530939
5,243,-0.2084498107433319,0.23392298817634583,0.4695557653903961,1.5527039766311646,0,4,1,25,1,-2.5,0.9385066628456116,0.784176167005256,0.4035733809606469,0.31680133921264986,0.5174120603296015,0.36884158979587023,0.39964409921222166
5,244,-0.2049110233783722,0.2479785531759262,0.2629573345184326,1.2782388925552368,0,4,1,20,4,5.0,0.9302565455436707,0.7833919908382508,1.0319847623268426,0.6558035424726762,0.8094682223304778,0.5410449749434326,0.564878205328573
5,245,-0.2002425342798233,0.2640898823738098,0.6176034212112427,1.8458507061004639,0,4,1,30,2,0.0,0.9201486110687256,0.7826085988474126,0.11158655997956887,0.10525679619091341,0.3743471302991557,0.04712037146091461,0.045891761779785156
5,246,-0.1942453533411026,0.2825799286365509,0.5828239917755127,1.8340425491333008,0,5,1,29,4,5.0,0.9075652360916138,0.7818259902485653,0.5050113004066397,0.17697920200228703,0.29332642905801476,0.17421315682940242,0.40365432782575505
5,247,-0.186531662940979,0.3040308654308319,0.9105841517448425,2.3617968559265137,0,5,2,38,1,-2.5,0.8936905860900879,0.7810441642583167,0.25793716123599636,0.5932516811481204,0.23829524633551086,0.04361627995967865,0.17325001115798955
5,248,-0.17874401807785034,0.3260512351989746,0.675976574420929,2.06276798248291,0,5,1,33,1,-2.5,0.880774199962616,0.7802631200940584,0.31817640351794996,0.04239468172303538,0.048048784482479096,0.1725553964108229,0.16269774090954842
5,249,-0.1731845587491989,0.3452908396720886,0.4614112675189972,1.7985225915908813,0,6,1,29,4,5.0,0.8657239675521851,0.7794828569739644,0.3843247413986889,0.08019602328134984,0.2106948452988769,0.25859534299128856,0.24376711182725602
5,250,-0.1666576862335205,0.36643704771995544,0.7933769822120667,2.3314523696899414,0,6,2,37,3,2.5,0.8469251990318298,0.7787033741169904,0.047790654344797144,0.22693271402772694,0.06985827348664403,0.09995570546209814,0.006691815316677105
5,251,-0.15796814858913422,0.39124780893325806,0.9227128624916077,2.5721514225006104,0,6,2,41,2,0.0,0.826124906539917,0.7779246707428734,0.0,-0.014273279646779373,0.08347339630126954,-0.03267894189863204,-0.11818779454180597
6,252,-0.14903633296489716,0.4169834554195404,0.8677366375923157,2.5522055625915527,0,7,2,41,4,5.0,-2.1983282566070557,0.7771467460721305,0.0,0.0,-0.3177822303771973,-0.10979745388031006,-0.10991641283035279
6,253,-0.04033574461936951,0.1394037902355194,-0.0021764039993286133,0.09077724814414978,0,2,0,1,4,5.0,0.9793258309364319,0.7763695993260584,1.3880076928615412,1.627260492702303,2.791535252880913,1.5716825161731238,1.8863417446788842
6,254,-0.03818807005882263,0.14378520846366882,0.3767060339450836,0.6909055709838867,0,2,1,11,1,-2.5,0.9777734279632568,0.7755932297267324,2.0322059834860493,1.1529038436518482,0.9101280247792052,1.067619618894097,0.5987881395067683
6,255,-0.03558105230331421,0.14908576011657715,0.1703399121761322,0.39760178327560425,0,2,0,6,1,-2.5,0.9770177006721497,0.7748176364970056,1.7665780941827454,2.421092397035596,1.779180706002002,1.4606247160640926,1.5406014513394521
6,256,-0.03494668006896973,0.1515992134809494,-0.020191416144371033,0.1294044405221939,0,2,0,2,1,-2.5,0.9770298600196838,0.7740428188605086,1.715321189991243,1.5935649902098303,2.9885901773750865,1.602697872428125,1.8848529923887343
6,257,-0.03613552078604698,0.15155909955501556,-0.19637542963027954,-0.11650694161653519,0,2,0,-2,4,5.0,0.9762835502624512,0.7732687760416481,0.9740851311536175,1.0094703415940536,1.275634772497244,1.438648667125067,1.6676612460347955
6,258,-0.03584721311926842,0.1540014147758484,0.1968453824520111,0.5062779188156128,0,2,0,8,4,5.0,0.9736204147338867,0.7724955072656065,1.2061386975596382,1.5770547191301632,1.2801220680189243,1.1804896009478512,2.134255771193697
6,259,-0.03179413452744484,0.16241781413555145,0.560603678226471,1.0842845439910889,0,3,1,17,4,5.0,0.9688903093338013,0.7717230117583408,1.1699277583905605,1.3242308078384426,1.2738808076109256,0.9839183977960877,0.8076520579965649
6,260,-0.024261053651571274,0.17637954652309418,0.8966749310493469,1.6206539869308472,0,3,2,26,3,2.5,0.9624048471450806,0.7709512887465825,0.4645748522589963,0.29324724691360876,0.5673465793732422,0.3551987347482829,0.3954857528599123
6,261,-0.014564886689186096,0.19389456510543823,1.0223495960235596,1.8384270668029785,0,3,2,29,2,0.0,0.9550816416740417,0.7701803374578359,0.3933793474184233,0.512858938287908,0.36481143500593016,0.16470917948776198,0.2580528455080795
6,262,-0.004711054265499115,0.21193955838680267,0.9548287391662598,1.7658618688583374,0,3,2,28,1,-2.5,0.9481232762336731,0.7694101571203781,0.5821678584119246,0.6483352569298446,0.28622567778177793,0.3437607997072408,0.2750096343698348
6,263,0.0034621814265847206,0.22776468098163605,0.7103416323661804,1.4295400381088257,0,4,1,23,3,2.5,0.9406854510307312,0.7686407469632577,0.5048179315065672,0.95982851401583,0.7021089768588213,0.5856418048692249,0.576679274945729
6,264,0.011382807977497578,0.24354581534862518,0.8506404161453247,1.6748331785202026,0,4,2,27,3,2.5,0.9315127730369568,0.7678721062162944,0.4251782750754934,0.36837427450952476,0.5104362073151901,0.2214607424811986,0.32963907274940935
6,265,0.020644938573241234,0.26170065999031067,0.9801448583602905,1.9055105447769165,0,4,2,30,2,0.0,0.9212865829467773,0.7671042341100781,0.23549211464180048,0.19371626585659252,0.5239969284101366,0.22426541634231806,0.33641466886300886
6,266,0.030116209760308266,0.28055912256240845,0.9188685417175293,1.8538804054260254,0,4,2,30,2,0.0,0.9106152057647705,0.766337129875968,0.23549211464180048,0.19371626585659252,0.5593246784856538,0.22426541634231806,0.33641466886300886
6,267,0.039007410407066345,0.2989729344844818,0.8630828857421875,1.813601016998291,0,5,2,29,1,-2.5,0.9004278182983398,0.7655707927460921,0.0,0.19754440358939548,0.06504133362202107,0.2785383939189315,0.3295650681713873
6,268,0.04635298624634743,0.31555047631263733,0.6334680914878845,1.5203742980957031,0,5,1,24,4,5.0,0.8885514140129089,0.764805221953346,0.4354484007891852,0.9041046821899541,0.7814468832679072,0.5702981356229656,0.36788041417557693
6,269,0.054550644010305405,0.33383917808532715,0.9566419124603271,2.041234254837036,0,5,2,33,4,5.0,0.8724681735038757,0.7640404167313927,0.241620418164482,0.241224844878878,0.2590261836248098,0.36088827193770767,0.20041904929578302
6,270,0.06582704186439514,0.35711610317230225,1.253383755683899,2.523203134536743,0,6,3,40,4,5.0,0.8517727851867676,0.7632763763146613,0.0,0.08394211232662202,0.0,0.0,0.035473508249819284
6,271,0.07992309331893921,0.3850029706954956,1.5248045921325684,2.9682066440582275,0,6,3,47,1,-2.5,0.8295047283172607,0.7625130999383466,-0.07335489179193974,0.14688349424642325,0.011612143352627752,-0.07926891380548476,0.04249025583267212
7,272,0.09362875670194626,0.4129108190536499,1.251706838607788,2.636176586151123,0,7,3,42,0,-5.0,-2.1904213428497314,0.7617505868384082,-0.10952106714248658,0.0,0.0,0.0,0.0
7,273,-0.05594372749328613,0.11775380373001099,-0.03435242176055908,0.16259291768074036,0,2,0,3,3,2.5,0.9853028655052185,0.7609888362515699,1.884670874953676,1.6400291339087287,3.0893160469103798,1.778923275855425,1.6946240943042936
7,274,-0.05516600236296654,0.12123183161020279,0.16064175963401794,0.47928333282470703,0,2,0,8,2,0.0,0.98409104347229,0.7602278474153183,1.3809247922622347,1.6644961624404355,1.4948789812545398,1.292761803010934,2.172972451881114
7,275,-0.05358022078871727,0.12613078951835632,0.15488870441913605,0.4888976216316223,0,2,0,8,1,-2.5,0.983225405216217,0.759467619567903,1.3809247922622347,1.85793246026325,1.4948789812545398,1.292761803010934,2.172972451881114
7,276,-0.05310642346739769,0.12951695919036865,-0.036298319697380066,0.21535225212574005,0,2,0,3,0,-5.0,0.9834416508674622,0.7587081519483351,2.004969324252199,1.6400291339087287,3.1466407164951242,1.9238630189288155,1.7864274253481178
7,277,-0.05551978945732117,0.12867918610572815,-0.39904502034187317,-0.32023125886917114,0,2,-1,-5,4,5.0,0.9833075404167175,0.7579494437963867,0.9184653229838902,1.3078116053087123,1.1312304588173994,1.199053569985331,2.1720315456663313
7,278,-0.0571734756231308,0.12919928133487701,0.009461387991905212,0.3244531750679016,0,2,0,5,4,5.0,0.9815308451652527,0.7571914943525904,1.604425076471402,1.703616408069196,2.3003627118343495,1.8630240256196093,1.664974791428338
7,279,-0.05491558462381363,0.13590121269226074,0.3874354064464569,0.9224752187728882,0,2,1,15,4,5.0,0.9779953956604004,0.7564343028582378,1.979893890128607,1.3980947710354181,0.8724059174993493,1.1250382524950073,0.7621754554243709
7,280,-0.049040526151657104,0.14833950996398926,0.7368162870407104,1.4772977828979492,0,2,1,24,3,2.5,0.9729421138763428,0.7556778685553796,0.2266695860960769,0.1629623757426628,0.2601949143321334,0.43385234618599544,0.16165495059473303
7,281,-0.04087867587804794,0.16449274122714996,0.8740896582603455,1.7094568014144897,0,3,2,27,0,-5.0,0.9682829976081848,0.7549221906868242,0.9660749700414271,0.33542272795748207,0.34165213681229745,0.3253789266723451,0.21579776294827463
7,282,-0.03455675020813942,0.17809277772903442,0.44668900966644287,1.0842889547348022,0,3,1,17,2,0.0,0.964297890663147,0.7541672684961374,1.3596862038005164,1.4555430289353497,1.4065418071918474,0.9839183977960877,0.8076520579965649
7,283,-0.030213482677936554,0.18895001709461212,0.4221126437187195,1.0740550756454468,0,3,1,17,1,-2.5,0.9607356786727905,0.7534131012276413,1.3596862038005164,1.5038136284407746,1.4065418071918474,0.9839183977960877,0.8076520579965649
7,284,-0.027148695662617683,0.19815221428871155,0.21585172414779663,0.790203869342804,0,3,0,13,4,5.0,0.9561454653739929,0.7526596881264136,0.9005096028531839,1.646573300723091,0.898531664325956,0.6032149705647412,0.7887834433354839
7,285,-0.02291709929704666,0.20941470563411713,0.5769588351249695,1.3663843870162964,0,3,1,22,4,5.0,0.9488319158554077,0.7519070284382872,0.6981010905884637,1.2096289507543512,0.7160119213807223,0.5999315623249883,0.4885596574177199
7,286,-0.015233789570629597,0.22620365023612976,0.9101519584655762,1.900809645652771,0,4,2,30,1,-2.5,0.9407382011413574,0.7511551214098489,0.23549211464180048,0.24896075931863207,0.5593246784856538,0.22426541634231806,0.33641466886300886
7,287,-0.007483027875423431,0.24343742430210114,0.6699072122573853,1.5742205381393433,0,4,1,25,2,0.0,0.9328392744064331,0.750403966288439,0.45456318529116346,0.38391920198980123,0.6792699498492525,0.41846167781054244,0.39964409921222166
7,288,-0.0009848783956840634,0.259153813123703,0.6312021017074585,1.5531599521636963,0,4,1,25,1,-2.5,0.9253752827644348,0.7496535623221505,0.45456318529116346,0.45697737741742467,0.6792699498492525,0.41846167781054244,0.39964409921222166
7,289,0.004118369892239571,0.27317526936531067,0.41515740752220154,1.270308256149292,0,4,1,20,4,5.0,0.9164140820503235,0.7489039087598284,1.2064979597263534,0.7008979616852529,0.8945819489225095,0.5410449749434326,0.6016344107514691
7,290,0.010240229777991772,0.2891123294830322,0.7574355006217957,1.8196417093276978,0,5,2,29,0,-5.0,0.9074140787124634,0.7481550048510686,0.07540528730205392,0.19754440358939548,0.06504133362202107,0.2785383939189315,0.3295650681713873
7,291,0.015545519068837166,0.3042793273925781,0.3550189435482025,1.2686100006103516,0,5,1,20,2,0.0,0.8993601202964783,0.7474068498462175,0.2800620159320073,0.24835447505442276,0.37459292373561026,0.6007840229141861,0.24596430925461457
7,292,0.019048932939767838,0.3172377943992615,0.3424181044101715,1.2957249879837036,0,5,1,21,3,2.5,0.8897911906242371,0.7466594429963713,0.3504836462142028,0.341613493881609,0.3467122849587648,0.7078731935339688,0.22926098335385325
7,293,0.023446807637810707,0.3319772183895111,0.5090736150741577,1.5873632431030273,0,5,1,25,4,5.0,0.8767988085746765,0.745912783553375,0.35423653317481546,0.5067997703496459,0.5062337805595456,0.4915332269347331,0.6685391503630698
7,294,0.030443057417869568,0.35100027918815613,0.839637279510498,2.1186912059783936,0,6,2,34,2,0.0,0.8614574074745178,0.7451668707698216,0.07217189967632294,0.051474117734164,0.22546031161113395,0.0467465745151043,0.14551301736545563
7,295,0.03858665004372597,0.3722131848335266,0.7914828062057495,2.1015594005584717,0,6,2,34,2,0.0,0.8453019261360168,0.7444217038990517,0.07217189967632294,0.051474117734164,0.27629146025851814,0.0467465745151043,0.14551301736545563
7,296,0.04627402126789093,0.3933166563510895,0.7476034164428711,2.094120979309082,0,6,1,34,2,0.0,0.8282699584960938,0.7436772821951526,0.3135328453216124,0.04431235149290225,0.32914144095828146,-0.04069549124372572,-0.06980018747300928
8,297,0.05354538559913635,0.41440311074256897,0.7075811624526978,2.0956661701202393,0,7,1,34,2,0.0,-2.189711332321167,0.7429336049129575,-0.2185633420944214,-0.4154023277759552,-0.20776898980140684,-0.10941438674926758,-0.10971205234527588
8,298,0.10196784138679504,-0.15009139478206635,-0.12740188837051392,-0.01094035804271698,0,-2,0,0,0,-5.0,0.9764074087142944,0.7421906713080445,1.2719158650942766,1.371328324719804,2.7910183196614824,1.180292769297448,1.2152512819444943
8,299,0.09857849031686783,-0.15359869599342346,-0.4965999722480774,-0.5969849228858948,0,-2,-1,-10,1,-2.5,0.9740400314331055,0.7414484806367364,0.8683727507103643,1.7331738940050527,1.0528970430069253,1.048653188960499,0.8903073686500753
8,300,0.09270881861448288,-0.1611209362745285,-0.6528037190437317,-0.8584898710250854,0,-3,-1,-14,1,-2.5,0.9707026481628418,0.7407070321560997,0.6321495801594265,1.800772733088881,1.0127110747333803,0.9396198142825618,1.3986617419456104
8,301,0.08534297347068787,-0.17116482555866241,-0.7973794937133789,-1.1031607389450073,0,-3,-2,-18,0,-5.0,0.9657124280929565,0.7399663251239436,0.3420898986883322,0.048408934473991395,0.061613761640112764,0.19075104366377055,0.1613985098331332
8,302,0.0755418986082077,-0.18516908586025238,-1.1157952547073364,-1.6132330894470215,0,-3,-2,-26,4,5.0,0.9609085917472839,0.7392263587988196,0.20951029814685357,0.5771991853083589,0.4034028734400207,0.8741947326378867,0.7216902591205574
8,303,0.06688718497753143,-0.197715625166893,-0.67323237657547,-0.9705272316932678,0,-3,-1,-16,3,2.5,0.9576687812805176,0.7384871324400207,0.8449439954255776,0.9462105224181444,1.0051894922619813,0.9704434633513528,1.9310965849463815
8,304,0.061410192400217056,-0.20574542880058289,-0.4493851661682129,-0.6618759632110596,0,-3,-1,-11,3,2.5,0.9555412530899048,0.7377486453075807,0.6039247834796888,0.8051438630062238,0.8050947209573228,1.635502702943701,1.0171455218438181
8,305,0.05807099863886833,-0.21085244417190552,-0.24296440184116364,-0.3811747431755066,0,-3,0,-6,1,-2.5,0.9531522989273071,0.737010896662273,1.6940211976062427,1.4961331274503618,2.339425194868466,1.42579637327453,1.4975074516197824
8,306,0.0546201728284359,-0.21644321084022522,-0.4188903272151947,-0.6784121990203857,0,-3,-1,-11,1,-2.5,0.9494206309318542,0.7362738857656108,0.6039247834796888,0.8563171768325007,0.8050947209573228,1.635502702943701,1.0171455218438181
8,307,0.04948459938168526,-0.22489848732948303,-0.5817050933837891,-0.9564236998558044,0,-4,-1,-15,4,5.0,0.9464780688285828,0.7355376118798452,0.42417736039653897,0.8209166293441483,0.5926513239700113,0.5274045674326566,1.0553443305714116
8,308,0.04590708389878273,-0.23134799301624298,-0.18443246185779572,-0.39294230937957764,0,-4,0,-6,4,5.0,0.9459739923477173,0.7348020742679654,1.1123865070275114,0.999786184416058,0.5442313138249915,0.6365466792855841,0.6680773546366257
8,309,0.046128444373607635,-0.23243501782417297,0.18266096711158752,0.12367331981658936,0,-4,0,2,0,-5.0,0.9448582530021667,0.7340672721936974,0.25646463575402645,0.10443441880051012,0.13370700518826678,0.0,0.04760119616985321
8,310,0.04571587219834328,-0.2348228245973587,-0.20708483457565308,-0.49653592705726624,0,-4,0,-8,2,0.0,0.9423736929893494,0.7333332049215037,1.248789358359136,0.7333447836049924,0.942529861187112,0.5457430559024334,0.6028174600367311
8,311,0.043643683195114136,-0.24005483090877533,-0.2033955156803131,-0.5263473391532898,0,-4,0,-8,1,-2.5,0.9389182329177856,0.7325998717165821,1.248789358359136,0.7910176364697015,0.942529861187112,0.5457430559024334,0.6028174600367311
8,312,0.040569908916950226,-0.24714729189872742,-0.382204532623291,-0.8304422497749329,0,-4,-1,-13,4,5.0,0.9362267255783081,0.7318672718448656,0.2964123625782006,0.7492552634262895,0.34921938302128697,0.562633972486442,0.6213429002120286
8,313,0.03888433799147606,-0.25253355503082275,-0.0026426948606967926,-0.2998735010623932,0,-4,0,-5,1,-2.5,0.9336951375007629,0.7311354045730207,0.5786353748199217,0.9316620502777946,0.716484881396096,0.6058530062523142,0.33339870824154194
8,314,0.03773291036486626,-0.2574974000453949,-0.19620949029922485,-0.626990795135498,0,-4,0,-10,3,2.5,0.9310740828514099,0.7304042691684477,1.273400918326613,0.842818811922307,1.3164413150192535,0.8902403258449159,0.7606802856142667
8,315,0.03678908199071884,-0.26253750920295715,-0.01298467442393303,-0.3923187851905823,0,-4,0,-6,0,-5.0,0.9271217584609985,0.7296738648992792,1.1524373826616947,0.999786184416058,0.5960161864395563,0.6365466792855841,0.6680773546366257
8,316,0.034509286284446716,-0.2699596881866455,-0.3866216242313385,-0.9884270429611206,0,-4,-1,-16,4,5.0,0.9232735633850098,0.7289441910343799,0.6494356558460136,0.4497448696094656,0.5089754637255491,0.8346806909530045,0.56224818747316
8,317,0.032762810587882996,-0.27699536085128784,-0.009793579578399658,-0.46879786252975464,0,-4,0,-8,2,0.0,0.920398473739624,0.7282152468433455,1.248789358359136,0.84126701254158,0.9508315932760284,0.6236874641423541,0.6028174600367311
8,318,0.03256847336888313,-0.282137393951416,-0.02221873216331005,-0.5287553668022156,0,-5,0,-8,4,5.0,0.9188644886016846,0.7274870315965022,0.29180424125112814,0.5142629462302428,0.37850241207765545,0.34645886528437486,0.1901628225596522
8,319,0.034301888197660446,-0.28484296798706055,0.32621413469314575,-0.054644450545310974,0,-5,1,-1,2,0.0,0.9181692004203796,0.7267595445649057,0.21610806633978172,0.0,0.32934192677185403,0.0,0.20183153226971629
8,320,0.03732620179653168,-0.2860608398914337,0.2891014814376831,-0.1521798074245453,0,-5,1,-2,1,-2.5,0.9160462617874146,0.7260327850203407,0.045666742324829104,0.14255699638077038,0.38579640779131774,0.2718406369441613,0.17205255925655366
8,321,0.038971420377492905,-0.2897476851940155,0.07475326210260391,-0.5122753977775574,0,-5,0,-8,4,5.0,0.9145187735557556,0.7253067522353204,0.29180424125112814,0.5142629462302428,0.37850241207765545,0.34645886528437486,0.2428921576938877
8,322,0.041628140956163406,-0.29237180948257446,0.41513943672180176,-0.05231863260269165,0,-5,1,-1,4,5.0,0.9155452251434326,0.724581445483085,0.21610806633978172,0.0,0.32934192677185403,0.0,0.23199166573584082
8,323,0.04754640534520149,-0.2906109094619751,0.7306919693946838,0.3704255223274231,0,-5,1,6,0,-5.0,0.9154052138328552,0.723856864037602,0.06712990050590326,0.0,0.0,0.0,0.04524970054626465
8,324,0.052405327558517456,-0.2908519208431244,0.3049023449420929,-0.3025842308998108,0,-5,1,-5,3,2.5,0.9141314625740051,0.7231330071735643,0.18808305987393042,0.19813403336101448,0.48979304020771003,0.43612769054718625,0.14134639362611082
8,325,0.05624596029520035,-0.29303327202796936,0.4488590657711029,-0.13325750827789307,0,-5,1,-2,1,-2.5,0.912010133266449,0.7224098741663908,0.045666742324829104,0.19457507947824393,0.38579640779131774,0.2718406369441613,0.17205255925655366
8,326,0.059423722326755524,-0.29663076996803284,0.22316332161426544,-0.5104682445526123,0,-5,0,-8,3,2.5,0.9094871878623962,0.7216874642922244,0.29180424125112814,0.5142629462302428,0.37850241207765545,0.39180667073723896,0.2428921576938877
8,327,0.062478192150592804,-0.30085352063179016,0.3726136386394501,-0.33432498574256897,0,-5,1,-5,3,2.5,0.9079391360282898,0.7209657768279322,0.18808305987393042,0.19813403336101448,0.48979304020771003,0.48777230280553996,0.14134639362611082
8,328,0.06696296483278275,-0.30341535806655884,0.510897159576416,-0.17546997964382172,0,-5,1,-3,4,5.0,0.9082041382789612,0.7202448110511043,0.2893968405687458,0.2870204875323485,0.5220068259661556,0.13787130968661296,0.1797692822165996
8,329,0.07379051297903061,-0.30297818779945374,0.8180801272392273,0.23169654607772827,0,-5,2,4,4,5.0,0.9108080267906189,0.7195245662400531,0.05019536567531836,0.09079873859882355,0.0,0.0457825243473053,0.1309880712628365
8,330,0.08356603980064392,-0.29865026473999023,1.1035268306732178,0.6071873903274536,0,-5,2,10,1,-2.5,0.9128349423408508,0.7188050416738131,0.0,0.0988178734920323,0.0,0.0,0.0
8,331,0.09302541613578796,-0.2952372133731842,0.8311102390289307,0.16077718138694763,0,-5,2,3,0,-5.0,0.911414623260498,0.7180862366321393,0.19444033800770427,0.04582702219486237,0.08698975235223771,0.2133834478020668,0.045851051807403564
8,332,0.09884904325008392,-0.2976328432559967,0.39850053191185,-0.5220440030097961,0,-5,1,-8,3,2.5,0.9087482690811157,0.7173681503955072,0.2589179484454671,0.18408824430706705,0.2762254366398796,0.6623474013404329,0.28733899859592965
8,333,0.10358491539955139,-0.3020789921283722,0.5353030562400818,-0.3647756576538086,0,-5,1,-6,3,2.5,0.9069471955299377,0.7166507822451117,0.38560601228327385,0.30891348940673613,0.5441096787673299,0.6928949559774045,0.41834806796282364
8,334,0.1096298024058342,-0.30504557490348816,0.6618477702140808,-0.22348204255104065,0,-5,1,-4,4,5.0,0.9068626165390015,0.7159341314628666,0.3891934612712262,0.15675519928342296,0.5648394776995938,0.22200876083829746,0.19171087559294034
8,335,0.11790410429239273,-0.3051840364933014,0.9580033421516418,0.1669546663761139,0,-5,2,3,2,0.0,0.9072239398956299,0.7152181973314037,0.19444033800770427,0.04582702219486237,0.14654322871156628,0.2133834478020668,0.045851051807403564
8,336,0.12698419392108917,-0.3045915961265564,0.8750470280647278,-0.0006411504000425339,0,-5,2,0,2,0.0,0.906593382358551,0.7145029791340722,0.0,0.0,0.2667267035552041,0.0,0.044702231884002686
8,337,0.1352684497833252,-0.30562499165534973,0.7980259656906128,-0.1594575047492981,0,-5,2,-3,1,-2.5,0.9040870666503906,0.7137884761549381,0.0,0.07139174953191522,0.0,0.09689337627978312,0.09782312060415746
8,338,0.14179681241512299,-0.3096981644630432,0.5476807355880737,-0.5734635591506958,0,-5,1,-9,3,2.5,0.9009174704551697,0.7130746876787832,0.35150963996458584,0.4392254019754158,0.26789727123475676,0.25648699100443767,0.3388705815686992
8,339,0.14795780181884766,-0.3147737681865692,0.6728941202163696,-0.4357525110244751,0,-5,1,-7,4,5.0,0.8994661569595337,0.7123616129911045,0.20593133775925415,0.7240878937376867,0.2850122445583353,0.23078007777099702,0.2716501502080906
8,340,0.15633085370063782,-0.3170706331729889,0.9670372605323792,-0.05115015059709549,0,-5,2,-1,1,-2.5,0.8974950313568115,0.7116492513781133,0.0,0.07867278327948651,0.14910853633632437,0.05017417068183422,0.0
8,341,0.1644820123910904,-0.3201640248298645,0.7049834132194519,-0.4826222360134125,0,-5,1,-8,2,0.0,0.8937690854072571,0.7109376021267352,0.32351215278623935,0.18408824430706705,0.3107126493981629,0.6908895781989741,0.28733899859592965
8,342,0.17113395035266876,-0.32593080401420593,0.6400861144065857,-0.6254221796989441,0,-5,1,-10,3,2.5,0.8900315165519714,0.7102266645246085,0.18244446024944774,0.11481688516681494,0.14619548336386773,0.2619333789684923,0.1636131137227287
8,343,0.17817382514476776,-0.33161506056785583,0.7575263381004333,-0.5024098753929138,0,-5,2,-8,3,2.5,0.8870021104812622,0.7095164378600839,0.0,0.0,0.0,0.1643094759006013,0.0
8,344,0.18633686006069183,-0.33615168929100037,0.8660827875137329,-0.39346104860305786,0,-5,2,-6,2,0.0,0.8836233019828796,0.7088069214222238,0.08937538999319078,0.045675343275070196,0.2588101471213057,0.0,0.0
8,345,0.19453151524066925,-0.3411403000354767,0.789390504360199,-0.5552000403404236,0,-5,2,-9,2,0.0,0.8791014552116394,0.7080981145008015,0.044514337182044984,0.0,0.05325630879097104,0.0,0.0
8,346,0.2019907534122467,-0.3477046489715576,0.7182403802871704,-0.709417462348938,0,-6,1,-11,1,-2.5,0.8723874092102051,0.7073900163863007,0.2929864759474566,0.16412766962816716,0.31468130876761463,0.09485332828118599,0.44088503792945255
8,347,0.20776495337486267,-0.3572288751602173,0.47591152787208557,-1.1125462055206299,0,-6,1,-18,0,-5.0,0.861558198928833,0.7066826263699144,0.1664702100415956,0.0,0.08968321885019541,0.05072027148962021,0.04144894182682038
8,348,0.2102227509021759,-0.37207773327827454,0.07642298936843872,-1.7427018880844116,0,-6,0,-28,2,0.0,0.8478177189826965,0.7059759437435444,0.2971264793878103,0.10639139980077744,0.08472979739376904,0.07989587106215457,0.15054650269050818
8,349,0.2108570784330368,-0.3901054263114929,0.058068618178367615,-1.8244727849960327,0,-6,0,-29,0,-5.0,0.830443799495697,0.7052699677998009,-0.021695391088724134,0.0881063591092825,0.04258327111601831,0.18055156419108626,0.1789964298716242
9,350,0.20934174954891205,-0.4117719233036041,-0.3058221936225891,-2.400829792022705,0,-7,-1,-38,3,2.5,-2.1890478134155273,0.704564697832001,0.0,-0.10933148860931396,0.0,-0.10945239067077638,0.0
9,351,-0.12489195168018341,0.04401719570159912,-0.17375439405441284,0.05983424186706543,0,1,0,1,3,2.5,0.9978421926498413,0.7038601331341691,2.1359188253313537,2.6784603436116194,3.028054440931121,2.91711490690251,3.132814385366083
9,352,-0.12547056376934052,0.046452559530735016,0.02915855683386326,0.3793947696685791,0,1,0,6,4,5.0,0.9971271753311157,0.7031562730010349,1.8438483432649946,2.987661890923967,2.48334719793154,1.5802311743587103,1.8281522097136294
9,353,-0.12303916364908218,0.05359859764575958,0.40445342659950256,0.965113639831543,0,1,1,15,4,5.0,0.9955958724021912,0.7024531167280339,2.243088263929923,1.372502780396828,1.78284873489706,0.614423015373855,0.9980041570916467
9,354,-0.11701419204473495,0.06636346131563187,0.7516554594039917,1.508502721786499,0,1,2,24,0,-5.0,0.9939492344856262,0.7017506636113059,1.5564688435533989,0.3039706511533984,0.3644252524363671,0.3191119607235592,0.5375519140873211
9,355,-0.1119253858923912,0.07778668403625488,0.323980450630188,0.8604000210762024,0,1,1,14,2,0.0,0.9925499558448792,0.7010489129476946,2.44478476108391,1.956219267249975,2.6779487184073885,1.2175153625149804,1.0286951481066589
9,356,-0.10879366844892502,0.08631336688995361,0.3036692142486572,0.8411239981651306,0,1,1,13,3,2.5,0.9907242655754089,0.7003478640347469,3.2438309642915275,1.7093069102060663,1.9298215536263505,1.2423254371234485,0.8619023750732386
9,357,-0.10478956997394562,0.09631065279245377,0.472243070602417,1.1135483980178833,0,2,1,18,1,-2.5,0.9888337254524231,0.6996475161707122,2.2953609408527127,1.4737051069489402,1.3194743940423914,0.8549582181765243,0.782802248681545
9,358,-0.10129465162754059,0.10567072033882141,0.2549342215061188,0.7946022748947144,0,2,1,13,1,-2.5,0.9874550700187683,0.6989478686545415,1.8699336880451465,2.3209392224983167,1.4117636104625264,1.7791672472020121,0.97002979795214
9,359,-0.09987440705299377,0.11200437694787979,0.054674871265888214,0.5034499168395996,0,2,0,8,1,-2.5,0.9866432547569275,0.698248920785887,1.881404300830297,3.103995028243447,2.193769910293041,1.7320759445577725,2.3987793642193393
9,360,-0.10036765784025192,0.11557120829820633,-0.13009729981422424,0.23712444305419922,0,2,0,4,1,-2.5,0.9864038228988647,0.6975506718651011,2.3704107103593373,4.019673741980874,2.5609860546477368,2.0120253039285965,1.895874580810453
9,361,-0.10262802243232727,0.11660275608301163,-0.3008051812648773,-0.007070474326610565,0,2,-1,0,2,0.0,0.9863272309303284,0.6968531211932361,1.2378370166875392,1.728247517962512,2.3735247847912744,1.9469365685190145,1.7845619621575386
9,362,-0.1054622083902359,0.11693067103624344,-0.27233651280403137,0.054187219589948654,0,2,-1,1,3,2.5,0.985724925994873,0.6961562680720428,0.8756279500386425,0.6682851878103122,1.381508101323669,2.611689603578988,1.2534714425498337
9,363,-0.10696351528167725,0.11947835236787796,-0.059609487652778625,0.39794784784317017,0,2,0,6,1,-2.5,0.9850963950157166,0.6954601118039707,2.9673466971562936,4.36838139138334,2.8564387851169926,2.0754396519992744,1.9947666331254625
9,364,-0.10854708403348923,0.12208034098148346,-0.2352992743253708,0.14687830209732056,0,2,0,2,2,0.0,0.9846452474594116,0.6947646516921667,2.6093757836972307,2.7959673177300948,5.243621193085531,3.1847723852480665,2.9433114115730286
9,365,-0.11075202375650406,0.12391435354948044,-0.2114522010087967,0.20188573002815247,0,2,0,3,2,0.0,0.9840518236160278,0.6940698870404746,3.0499607666983928,3.1816472074234734,4.563312600578489,2.252325030700173,2.597525276374431
9,366,-0.11272797733545303,0.12628600001335144,-0.18929901719093323,0.25457870960235596,0,2,0,4,4,5.0,0.9824659824371338,0.6933758171534341,2.5936788134120325,4.0612324449561426,2.652470748902078,2.0120253039285965,1.9080420967480731
9,367,-0.11237356066703796,0.13241590559482574,0.2035069614648819,0.8750840425491333,0,2,0,14,0,-5.0,0.9809487462043762,0.6926824413362807,1.2838029849691373,0.6687599858288223,0.4845801663516528,0.4844991156075807,0.28495823955157373
9,368,-0.11249000579118729,0.1380261331796646,-0.17688772082328796,0.313429594039917,0,2,0,5,0,-5.0,0.9808780550956726,0.6919897588949444,2.0330817779980155,3.7384865157337117,4.400488581168283,2.659664423436273,2.325256399791807
9,369,-0.11624407023191452,0.13828210532665253,-0.5283061861991882,-0.20288017392158508,0,2,-1,-3,0,-5.0,0.982150673866272,0.6912977691360495,1.3406732735031905,1.4711822581989928,2.129913883514954,3.2525499095415187,1.5894270384041453
9,370,-0.12336399406194687,0.13360141217708588,-0.8537124395370483,-0.6795761585235596,0,2,-2,-11,4,5.0,0.98288494348526,0.6906064713669134,0.4679280000516508,0.4828717028116044,0.2910818844792249,0.9271665580820942,1.4061209198556894
9,371,-0.12937259674072266,0.13082455098628998,-0.41149768233299255,0.0169985368847847,0,2,-1,0,0,-5.0,0.9835521578788757,0.6899158648955466,1.2874932867916842,1.728247517962512,2.67471761993007,2.119451238515631,1.8744010943864997
9,372,-0.13537830114364624,0.12824927270412445,-0.7462314963340759,-0.4755041301250458,0,2,-1,-8,3,2.5,0.9841693043708801,0.689225949030651,0.8646188644792536,1.4620784979278194,1.8366663092946598,2.3438476785726547,1.91339384356972
9,373,-0.14141587913036346,0.12582018971443176,-0.4980255961418152,-0.07625515013933182,0,2,-1,-1,1,-2.5,0.9846295118331909,0.6885367230816204,1.3556910068357564,3.0590720210909264,1.071674511649987,1.2308547498000153,1.6437129962682901
9,374,-0.14719446003437042,0.12397761642932892,-0.6406247615814209,-0.2756381332874298,0,2,-1,-4,4,5.0,0.9843508005142212,0.6878481863585387,1.113524202319393,1.7265993622857474,1.8676618929293212,1.9975678134028474,3.2695757681131474
9,375,-0.15116186439990997,0.12509685754776,-0.2141011357307434,0.3963094651699066,0,2,0,6,2,0.0,0.9832515120506287,0.6871603381721801,3.1050305940528373,4.5290266860583435,2.9608798419740117,2.0754396519992744,2.1235340983763615
9,376,-0.1531630903482437,0.12941604852676392,-0.1917329579591751,0.4495484530925751,0,2,0,7,3,2.5,0.9815367460250854,0.686473177834008,2.231839407077145,4.098805958731781,3.029543567340467,2.506168999161342,2.3743859276146524
9,377,-0.1538904905319214,0.1358795166015625,0.015158357098698616,0.7858022451400757,0,2,0,13,1,-2.5,0.9797379970550537,0.685786704656174,0.47218862855862065,2.160950467822168,0.6579677719247536,1.0517773964735038,0.4625616817799424
9,378,-0.15475083887577057,0.14234477281570435,-0.16501009464263916,0.5310458540916443,0,2,0,8,2,0.0,0.9780938029289246,0.6851009179515178,2.3465978022134024,3.674323357250684,2.4266346151619045,1.9451286282596443,2.4824208903274583
9,379,-0.15627612173557281,0.14800746738910675,-0.14554068446159363,0.5823953151702881,0,2,0,9,4,5.0,0.9752249717712402,0.6844158170335664,3.491159236572516,2.5410833453870088,2.2299268484837054,1.729308555746028,1.7880281429836133
9,380,-0.15550298988819122,0.15740086138248444,0.24361711740493774,1.1987801790237427,0,3,0,19,2,0.0,0.9712709188461304,0.6837314012165328,0.4280844584974848,0.22373191491585773,0.2857858806260982,0.6082092368439871,0.17899840973551195
9,381,-0.15311352908611298,0.16949644684791565,0.2329200655221939,1.2065017223358154,0,3,0,19,1,-2.5,0.9675647616386414,0.6830476698153162,0.4280844584974848,0.34136352661513325,0.2857858806260982,0.6082092368439871,0.17899840973551195
9,382,-0.151873379945755,0.18009769916534424,0.038854338228702545,0.9372284412384033,0,3,0,15,2,0.0,0.9639951586723328,0.6823646221455009,1.162320593812192,0.8790519284846168,0.9614387294839749,1.582547937420499,0.9235647000080645
9,383,-0.1514352411031723,0.18974947929382324,0.04462544992566109,0.9733331799507141,0,3,0,16,2,0.0,0.9600904583930969,0.6816822575233553,0.6808746180522518,0.8953731952354499,0.7122752090493681,1.0265795590838853,0.5992938606168715
9,384,-0.15093892812728882,0.19977368414402008,0.050352536141872406,1.010799527168274,0,3,0,16,2,0.0,0.9558225274085999,0.6810005752658319,0.6808746180522518,0.8953731952354499,0.8120347986673714,1.0265795590838853,0.5992938606168715
9,385,-0.150384783744812,0.21018438041210175,0.056042592972517014,1.049689769744873,0,3,0,17,1,-2.5,0.9518533945083618,0.680319574690566,0.7648750203219729,1.4523515965859168,0.23408497369753306,0.5415259138196048,0.41782764706490705
9,386,-0.15081551671028137,0.21942336857318878,-0.12151078879833221,0.813649594783783,0,4,0,13,1,-2.5,0.9487261176109314,0.6796392551158754,0.8697193600610034,1.5776948405998488,1.433132738732866,1.066606585837608,1.2623800764219064
9,387,-0.1529405117034912,0.22643731534481049,-0.28504225611686707,0.6005473136901855,0,4,-1,10,0,-5.0,0.9471562504768372,0.6789596158607596,0.49675612409086894,0.41343399045004303,0.3480305960857928,0.2015350672842905,0.37305234063715886
9,388,-0.1576664000749588,0.2298777848482132,-0.6185333728790283,0.13321968913078308,0,4,-1,2,2,0.0,0.9461826682090759,0.6782806562448989,0.8163194488334493,0.18007514862965326,0.6341629604838892,0.3546811927571547,0.46431758901940495
9,389,-0.16350789368152618,0.23198558390140533,-0.5620036125183105,0.25270307064056396,0,4,-1,4,3,2.5,0.9439191222190857,0.677602375588654,0.49496287953481144,0.7816744622645875,0.4208269816764973,0.5642382286643632,0.3671039532559168
9,390,-0.1677696853876114,0.23681391775608063,-0.3271454870700836,0.6402841210365295,0,4,-1,10,4,5.0,0.9390279650688171,0.6769247732130653,0.49675612409086894,0.41343399045004303,0.3480305960857928,0.2015350672842905,0.43607840264927805
9,391,-0.1687467396259308,0.2469252049922943,0.07227407395839691,1.2749401330947876,0,4,0,20,1,-2.5,0.9331847429275513,0.6762478484398523,0.24817416311201082,0.7600993875052313,0.37026048727018684,0.31750250983867484,0.30640306703781395
9,392,-0.16900447010993958,0.25848639011383057,-0.10374469310045242,1.0490052700042725,0,4,0,17,0,-5.0,0.9290359616279602,0.6755716005914124,0.6282037344918163,0.827453922708142,0.7036073387579669,0.8374808592075003,1.1952220725302751
9,393,-0.1719704270362854,0.266390860080719,-0.44674670696258545,0.5764309167861938,0,4,-1,9,0,-5.0,0.9272027015686035,0.674896028990821,0.1437408195522321,0.26613686867443725,0.6594083179851575,0.31982805116966984,0.1480189019300811
9,394,-0.17821446061134338,0.26980969309806824,-0.7634531855583191,0.14498326182365417,0,4,-2,2,3,2.5,0.9250850677490234,0.6742211329618302,0.11140605441699769,0.04731967747211457,0.04656307995319367,0.19964230282370232,0.0463744729757309
9,395,-0.18440787494182587,0.27370592951774597,-0.5145503878593445,0.555582582950592,0,4,-1,9,2,0.0,0.9215832948684692,0.6735469118288684,0.1437408195522321,0.26613686867443725,0.7189229671996914,0.31982805116966984,0.1480189019300811
9,396,-0.18924333155155182,0.2800297737121582,-0.4644896686077118,0.6710003018379211,0,4,-1,11,2,0.0,0.9173528552055359,0.6728733649170395,0.3097327784171622,0.5605097445783482,0.27114504196806133,0.7894412057260449,0.056329598150910744
9,397,-0.19359825551509857,0.28748416900634766,-0.4179924428462982,0.781941294670105,0,5,-1,13,2,0.0,0.9123674631118774,0.6722004915521225,0.5213651073512561,0.33456809999781856,0.34932686605451235,0.6724742301946824,0.304356267782893
9,398,-0.19750666618347168,0.29602792859077454,-0.37478628754615784,0.8889658451080322,0,5,-1,14,0,-5.0,0.9084236025810242,0.6715282910605703,0.3268126577154678,0.5712713895078738,0.2403837353076153,0.14618467916921468,0.22074980294007138
9,399,-0.2030390053987503,0.3026159107685089,-0.6930904388427734,0.46368780732154846,0,5,-1,7,3,2.5,0.9041076302528381,0.6708567627695098,0.25088120503517986,0.20625362218148108,0.4069772875516461,0.880392703426782,0.23082555897380255
9,400,-0.20856226980686188,0.3096649646759033,-0.4504459798336029,0.8662503957748413,0,5,-1,14,1,-2.5,0.8991262912750244,0.6701859060067403,0.3268126577154678,0.6201253129596428,0.2403837353076153,0.14618467916921468,0.22074980294007138
9,401,-0.21379347145557404,0.31760624051094055,-0.5829663276672363,0.7179053425788879,0,5,-1,11,2,0.0,0.8939539790153503,0.6695157201007336,0.2781099231419557,0.2927707615017018,0.7463657192786479,0.28912237118128026,0.4001246979322487
9,402,-0.21927745640277863,0.32564714550971985,-0.5271188020706177,0.8471915125846863,0,5,-1,14,0,-5.0,0.8897750377655029,0.6688462043806328,0.366620851497124,0.6201253129596428,0.2403837353076153,0.14618467916921468,0.22074980294007138
9,403,-0.22624626755714417,0.33200135827064514,-0.8305581212043762,0.45236068964004517,0,5,-2,7,1,-2.5,0.8870490789413452,0.6681773581762521,0.0,0.05119399760303085,0.0,0.14426197105970945,0.0
9,404,-0.2351095974445343,0.33608177304267883,-0.9338632225990295,0.3511306047439575,0,5,-2,6,1,-2.5,0.8849300742149353,0.6675091808180759,0.12373156606007346,0.09817173860735853,0.08499192416667939,0.1623143618190083,0.09377328404501081
9,405,-0.24496182799339294,0.3392196297645569,-1.0294870138168335,0.2618526816368103,0,5,-2,4,4,5.0,0.8803391456604004,0.6668416716372578,0.0,0.0,0.0,0.1613365439353552,0.283728162463576
9,406,-0.2527111768722534,0.3459203243255615,-0.587205171585083,0.9557667374610901,-1,6,-1,15,4,5.0,0.8709169626235962,0.6661748299656206,0.04381006956100464,0.041589149832725526,0.04779318494112492,0.13165456675934792,0.1243420732021332
9,407,-0.2562282085418701,0.35928142070770264,-0.17826542258262634,1.6004937887191772,-1,6,0,26,1,-2.5,0.8597534894943237,0.6655086551356549,0.0,0.12348380595445634,0.046353334724903106,0.04246626794338226,0.0
9,408,-0.2588362693786621,0.37449511885643005,-0.327913373708725,1.4381672143936157,-1,6,-1,23,1,-2.5,0.8492922186851501,0.6648431464805192,0.0,0.04246461093425751,0.0,0.04172168076038361,0.0
9,409,-0.26286935806274414,0.38821104168891907,-0.4653482735157013,1.2967138290405273,-1,6,-1,21,2,0.0,0.8383672833442688,0.6641783033340387,0.12305807352066041,0.08897532639563085,0.08429085910320283,0.0,0.04294167757034302
10,410,-0.26722386479377747,0.4020357131958008,-0.41796568036079407,1.4219086170196533,-1,6,-1,23,4,5.0,-2.1763033866882324,0.6635141250307047,0.0,0.04246461093425751,0.0,0.04172168076038361,-0.10881516933441163
10,411,-0.14251601696014404,0.0887531042098999,0.05242335796356201,-0.05467464029788971,0,1,0,-1,2,0.0,0.9921982884407043,0.662850610905674,2.978127979264972,2.9523307614721475,6.134212734303684,3.7100184887023593,4.179974285524323
10,412,-0.14197863638401031,0.08832718431949615,0.053128477185964584,-0.040181346237659454,0,1,0,-1,2,0.0,0.9922480583190918,0.6621877602947683,2.978127979264972,3.0038464559285876,6.193067594657658,3.7100184887023593,4.179974285524323
10,413,-0.1414346545934677,0.08804501593112946,0.05376050993800163,-0.025861168280243874,0,1,0,0,2,0.0,0.992272675037384,0.6615255725344735,3.313131995280168,2.9584430792378944,5.402436996087904,3.7727656564735654,3.2615957181051374
10,414,-0.14088474214076996,0.0879051685333252,0.05433216318488121,-0.011672943830490112,0,1,0,0,2,0.0,0.9922724366188049,0.660864046961939,3.313131995280168,2.9584430792378944,5.439598615424542,3.7727656564735654,3.2615957181051374
10,415,-0.14032937586307526,0.0879066064953804,0.05485517904162407,0.0024228417314589024,0,1,0,0,2,0.0,0.9922474026679993,0.660203182914977,3.366766708632836,2.9584430792378944,5.536910734566925,3.7727656564735654,3.2615957181051374
10,416,-0.1397690325975418,0.08804867416620255,0.05534034222364426,0.016464002430438995,0,1,0,0,0,-5.0,0.9927647709846497,0.6595429797320621,3.3876953855279925,2.9850553659032,5.51828505468624,3.7727656564735654,3.2615957181051374
10,417,-0.14133138954639435,0.08506016433238983,-0.31818148493766785,-0.5445247888565063,0,1,-1,-9,3,2.5,0.9933403134346008,0.6588834367523301,0.9288970403433112,1.3836455046729474,2.3628318957982337,3.1923849250781453,1.8424380986823907
10,418,-0.14328046143054962,0.08160685747861862,-0.10299459099769592,-0.200825497508049,0,1,0,-3,2,0.0,0.993630588054657,0.6582245533155777,2.1811368656255743,1.2667252579170487,2.6010218849710895,3.77611112012368,2.3829978283944975
10,419,-0.1442340463399887,0.07980848103761673,-0.09104958176612854,-0.17015337944030762,0,1,0,-3,3,2.5,0.9936090111732483,0.6575663287622622,2.1811368656255743,1.2667252579170487,2.6010218849710895,3.824412160369198,2.3829978283944975
10,420,-0.14400945603847504,0.07994376122951508,0.10703816264867783,0.14665308594703674,0,1,0,2,1,-2.5,0.9936251640319824,0.6569087624334999,2.8082790533010327,3.221353519880249,3.2225810052247676,2.9354034747917908,4.035329230534195
10,421,-0.1440170705318451,0.07984258979558945,-0.08389689773321152,-0.13497792184352875,0,1,0,-2,1,-2.5,0.9940633773803711,0.6562518536710664,3.0157964905379253,2.7606929914350014,5.934130977258689,3.693420233297378,2.8799775988793943
10,422,-0.1458529531955719,0.07704944163560867,-0.2605920135974884,-0.39479994773864746,0,1,-1,-6,3,2.5,0.9943682551383972,0.6555956018173954,1.2330174188511829,1.4369341584043862,1.7867750703055263,3.74113321019726,2.7470383556343645
10,423,-0.1472526341676712,0.07504484057426453,-0.0499410480260849,-0.05905096232891083,0,1,0,-1,1,-2.5,0.994674026966095,0.654940006215578,3.0300162114828155,3.2370453452001806,6.285771688836462,3.93021080757322,4.460161852202681
10,424,-0.14876563847064972,0.07297933101654053,-0.22948215901851654,-0.3240565061569214,0,1,0,-5,3,2.5,0.9948654174804688,0.6542850662093624,0.7906468110108488,1.364067659434074,2.1859203963257983,3.44508178067227,1.4227163838001902
10,425,-0.14986859261989594,0.07165604084730148,-0.021289415657520294,0.0074049197137355804,0,1,0,0,2,0.0,0.9948347806930542,0.6536307811431531,3.4360733705234896,3.096889726936272,5.594282809801525,3.8881498184198766,3.2615957181051374
10,426,-0.15004366636276245,0.07186959683895111,-0.015943074598908424,0.026479138061404228,0,1,0,0,0,-5.0,0.9952402710914612,0.65297715036201,3.477583033573519,3.096889726936272,5.594282809801525,3.8881498184198766,3.2615957181051374
10,427,-0.15229786932468414,0.0689910277724266,-0.38548076152801514,-0.5315560102462769,0,1,-1,-9,3,2.5,0.9956849813461304,0.6523241732116479,0.947205198821679,1.6338293001430602,2.4557823140894035,3.481270218330997,2.0622299867933966
10,428,-0.1548958718776703,0.06568863987922668,-0.16578693687915802,-0.1829352080821991,0,1,0,-3,3,2.5,0.9956803321838379,0.6516718490384363,2.4628623868573767,1.42905361739456,2.700748839086336,4.003167009942153,2.4789487178018255
10,429,-0.155391126871109,0.06572426110506058,0.037385955452919006,0.13988129794597626,0,1,0,2,0,-5.0,0.9959127902984619,0.6510201771893979,2.9116739077638436,3.191932640993718,3.2225810052247676,2.9354034747917908,4.177545400013694
10,430,-0.1571381539106369,0.06393135339021683,-0.33661535382270813,-0.4261592626571655,0,1,-1,-7,0,-5.0,0.9967830777168274,0.6503691570122084,1.2996352922691434,2.00506039619005,3.5173171693698357,2.761058765488701,1.735784270951529
10,431,-0.16246742010116577,0.05671797692775726,-0.6828769445419312,-0.9499906897544861,0,1,-1,-15,3,2.5,0.9975589513778687,0.6497187878551962,0.19671270945097727,0.49619085501027343,0.7774941018745272,1.5772921825227102,0.5654401358412288
10,432,-0.1679171770811081,0.0494067557156086,-0.44145819544792175,-0.5695685148239136,0,1,-1,-9,3,2.5,0.9979086518287659,0.649069069067341,0.947205198821679,1.6338293001430602,2.4557823140894035,3.631741245643518,2.0622299867933966
10,433,-0.17105723917484283,0.04573150724172592,-0.21831148862838745,-0.21820668876171112,0,1,0,-3,3,2.5,0.9979372024536133,0.6484199999982736,2.4628623868573767,1.42905361739456,2.700748839086336,4.116358303101293,2.4789487178018255
10,434,-0.17206192016601562,0.045418161898851395,-0.011999662965536118,0.1067722886800766,0,1,0,2,4,5.0,0.9975135922431946,0.6477715799982753,3.0882700139003783,3.3061533357209596,3.2225810052247676,2.9132609164601604,4.346555648761501
10,435,-0.17002464830875397,0.04986370727419853,0.3663751482963562,0.6970645189285278,0,1,1,11,2,0.0,0.9967872500419617,0.647123808418277,4.976825531395208,2.956008565781653,3.6616277437548197,2.5063925408729686,1.7842172423113278
10,436,-0.1664975881576538,0.05668085068464279,0.3414912223815918,0.666423499584198,0,1,1,11,1,-2.5,0.9962082505226135,0.6464766846098587,4.976825531395208,3.082671818214835,3.6616277437548197,2.5063925408729686,1.8504226965799835
10,437,-0.16427217423915863,0.06157708168029785,0.13143137097358704,0.3514866828918457,0,1,0,6,4,5.0,0.9953217506408691,0.6458302079252489,2.4893260789539364,4.434020358737225,3.1074467081483643,2.8754354490460483,2.8514557460683845
10,438,-0.16085761785507202,0.06839751452207565,0.49950110912323,0.9278734922409058,0,1,1,15,0,-5.0,0.9944963455200195,0.6451843777173236,3.967550913509894,1.8932413672551518,2.3375406327177153,1.1224319101870988,1.155555932725869
10,439,-0.15817975997924805,0.07418683916330338,0.09107554703950882,0.30960357189178467,0,1,0,5,1,-2.5,0.9942673444747925,0.6445391933396063,2.6924636577072567,4.918406891224061,3.6133464163792697,2.812693925237274,2.3017641147325656
10,440,-0.15834306180477142,0.07571415603160858,-0.09904751181602478,0.028270334005355835,0,1,0,0,1,-2.5,0.9944414496421814,0.6438946541462667,3.6364701610046417,3.555475363315703,6.103305730754805,3.993264829846918,3.6389003723116
10,441,-0.16032585501670837,0.07455557584762573,-0.27485284209251404,-0.23084504902362823,0,1,-1,-4,3,2.5,0.9944948554039001,0.6432507594921204,1.2870769251303038,1.4397185307737228,1.579358631563575,2.225001041985352,3.1057965306847226
10,442,-0.16186261177062988,0.07419666647911072,-0.0631939247250557,0.1061694547533989,0,1,0,2,1,-2.5,0.9945549368858337,0.6426075087326283,3.1475535478216443,3.4090872039144724,3.2225810052247676,2.9132609164601604,4.400032173200126
10,443,-0.16350285708904266,0.07379066944122314,-0.24177506566047668,-0.15745598077774048,0,1,0,-3,3,2.5,0.9945028424263,0.6419649012238956,2.4628623868573767,1.5541977875212005,2.700748839086336,4.220455999619409,2.5651427542427325
10,444,-0.16472311317920685,0.07414297759532928,-0.03261266648769379,0.17563186585903168,0,1,0,3,2,0.0,0.99421626329422,0.6413229363226717,3.3067418029711275,4.523513151423719,5.5234847440827295,3.080297788761202,3.0660407692520475
10,445,-0.165005624294281,0.07605067640542984,-0.02628462389111519,0.1966313123703003,0,1,0,3,2,0.0,0.9938898682594299,0.640681613386349,3.3067418029711275,4.523513151423719,5.62795014891493,3.080297788761202,3.0660407692520475
10,446,-0.16522683203220367,0.07816753536462784,-0.020332880318164825,0.21734334528446198,0,1,0,3,1,-2.5,0.9937821626663208,0.6400409317729626,3.3067418029711275,4.648184527287219,5.6773377390228985,3.080297788761202,3.149012105150482
10,447,-0.1664547622203827,0.07885318994522095,-0.20184993743896484,-0.05008422210812569,0,1,0,-1,2,0.0,0.993818461894989,0.6394008908411897,3.195172273773876,3.4798914302575854,6.644448410762255,4.153647291015278,4.7608129038631155
10,448,-0.16835574805736542,0.07862256467342377,-0.1826227903366089,-0.008583154529333115,0,1,0,0,4,5.0,0.9932645559310913,0.6387614899503485,3.677738655323682,3.555475363315703,6.199807446167691,3.969864633060594,3.911546339681302
10,449,-0.16794367134571075,0.08206987380981445,0.20939961075782776,0.6064944267272949,0,1,0,10,2,0.0,0.9922311902046204,0.6381227284603982,1.2634754453840187,1.1084325264292245,0.9148955891826451,1.800417739188128,0.7494022370918096
10,450,-0.16590659320354462,0.08814088255167007,0.1979648619890213,0.601466178894043,0,1,0,10,4,5.0,0.9905036687850952,0.6374846057319378,1.2634754453840187,1.1084325264292245,0.9148955891826451,1.800417739188128,0.8909744332967493
10,451,-0.16184988617897034,0.09744912385940552,0.5615068078041077,1.1737831830978394,0,2,1,19,3,2.5,0.9877637028694153,0.6368471211262058,1.0738202373481318,2.2538003822086536,0.7836070979083167,0.9495119817436677,0.9697294483028411
10,452,-0.15537570416927338,0.11061793565750122,0.7109390497207642,1.4182770252227783,0,2,1,23,0,-5.0,0.985293447971344,0.6362102740050796,0.94554325547069,1.729842399565861,0.4608227924007783,0.5788664788519549,0.3008079906112092
10,453,-0.15065045654773712,0.12127063423395157,0.2902352213859558,0.7901747226715088,0,2,1,13,1,-2.5,0.9837258458137512,0.6355740637310745,2.4137117056881916,3.4084844649107495,2.206748375126409,2.2090120537849294,1.0932639915264426
10,454,-0.1488841027021408,0.12757015228271484,0.08849939703941345,0.49966001510620117,0,2,0,8,3,2.5,0.9819499254226685,0.6349384896673435,2.962650086230205,5.356328490704818,3.497977551475207,2.79283042766542,2.846224897021078
10,455,-0.14692839980125427,0.13435065746307373,0.2744746208190918,0.8037057518959045,0,2,1,13,1,-2.5,0.9801686406135559,0.6343035511776761,2.4137117056881916,3.684123657295113,2.206748375126409,2.2090120537849294,1.0932639915264426
10,456,-0.14530614018440247,0.1408238410949707,0.07490401715040207,0.5189971327781677,0,2,0,8,3,2.5,0.9781484007835388,0.6336692476264985,2.962650086230205,5.3524819458578206,3.497977551475207,2.8987111124302194,2.846224897021078
10,457,-0.14347779750823975,0.1478227972984314,0.26217180490493774,0.8264942765235901,0,2,1,13,1,-2.5,0.9761108160018921,0.6330355783788719,2.4137117056881916,3.7820533357109563,2.206748375126409,2.2090120537849294,1.0932639915264426
10,458,-0.14196623861789703,0.15456116199493408,0.06455573439598083,0.5473871827125549,0,2,0,9,3,2.5,0.9737991690635681,0.632402542800493,5.057744582911098,3.1489981574276333,3.1660782096402147,2.0822889646372804,2.364103154993933
10,459,-0.14023442566394806,0.16186672449111938,0.2528305947780609,0.8578900098800659,0,3,1,14,0,-5.0,0.971993088722229,0.6317701402576925,3.0239026437330487,1.5964345273044214,1.1999655691439328,1.2908774786072281,1.0588354640123132
10,460,-0.13985754549503326,0.16735263168811798,-0.12803499400615692,0.30248600244522095,0,3,0,5,2,0.0,0.9708452224731445,0.6311383701174348,2.071902015076829,2.0712767023147194,4.745379143357632,2.36557496246087,2.4340936482050433
10,461,-0.14101910591125488,0.17074771225452423,-0.11007355898618698,0.35511359572410583,0,3,0,6,1,-2.5,0.9700488448143005,0.6305072317473174,3.2223206561087396,2.7076862734409994,4.97102957475004,2.659078314690006,2.8597510705386107
10,462,-0.14305877685546875,0.17306405305862427,-0.2781093120574951,0.12537221610546112,0,3,-1,2,2,0.0,0.9694472551345825,0.6298767245155701,0.8129056952453276,2.496736064427205,1.349288267820697,1.1866867811713853,1.349586111093843
10,463,-0.14565564692020416,0.17479351162910461,-0.24876314401626587,0.1960938274860382,0,3,0,3,0,-5.0,0.9697169661521912,0.6292468477910546,2.0033503768755923,3.4189859934758697,3.1432788695166884,2.1750295440948224,1.8894700876979398
10,464,-0.15007218718528748,0.17402034997940063,-0.5909386277198792,-0.29760703444480896,0,3,-1,-5,4,5.0,0.9694045782089233,0.6286176009432635,0.5555131026639584,1.188446194527081,0.9282346733864668,1.56528399996504,2.78653235278904
10,465,-0.15356411039829254,0.1749156266450882,-0.1689675748348236,0.3700281083583832,0,3,0,6,2,0.0,0.9679503440856934,0.6279889833423202,3.2223206561087396,2.8277347765710537,5.049778989981684,2.7951986800016684,2.8597510705386107
10,466,-0.15511533617973328,0.17902423441410065,-0.14766469597816467,0.4288410246372223,0,3,0,7,4,5.0,0.9650681018829346,0.6273609943589779,2.901890740499715,3.102100733443679,4.296802058220415,2.8834165664380884,2.828298291038105
10,467,-0.1543625146150589,0.186900794506073,0.24115344882011414,1.0462791919708252,0,3,0,17,3,2.5,0.9603544473648071,0.6267336333646188,0.8552937920126678,1.859940874666615,0.3551767527529195,0.7166102586495171,0.6246418434335463
10,468,-0.1509375274181366,0.1991119682788849,0.4162800908088684,1.340114951133728,0,3,1,21,2,0.0,0.9548106789588928,0.6261068997312542,1.2719763440145166,1.0809079175306135,1.8185107812629298,1.18598914761299,0.9243064750778271
10,469,-0.14688122272491455,0.21257777512073517,0.394557386636734,1.3375368118286133,0,3,1,21,2,0.0,0.9488997459411621,0.6254807928315229,1.2719763440145166,1.0809079175306135,1.866366997067749,1.18598914761299,0.9243064750778271
10,470,-0.14302852749824524,0.22605375945568085,0.37504443526268005,1.340377688407898,0,4,1,21,3,2.5,0.9418451189994812,0.6248553120386914,1.9294625806385604,0.873882804199194,0.9406549504473622,0.8047975373120275,0.7729850977969155
10,471,-0.13832031190395355,0.24115315079689026,0.540003776550293,1.6225559711456299,0,4,1,26,1,-2.5,0.9345259666442871,0.6242304567266527,0.7462808678684816,0.6650408396141294,0.48228122874065504,0.6172041012365094,0.8172618456181966
10,472,-0.13410332798957825,0.2558789551258087,0.32876259088516235,1.3427815437316895,0,4,1,21,3,2.5,0.926528811454773,0.623606226269926,1.9294625806385604,0.873882804199194,0.9406549504473622,0.8458121074376534,0.7729850977969155
10,473,-0.12983718514442444,0.2710556387901306,0.4969971477985382,1.6323895454406738,0,4,1,26,3,2.5,0.9164630174636841,0.6229826200436561,0.7462808678684816,0.6650408396141294,0.48228122874065504,0.7386661603488849,0.8172618456181966
10,474,-0.1239636093378067,0.28902778029441833,0.6521412134170532,1.903746247291565,0,5,1,30,3,2.5,0.9041343331336975,0.6223596374236124,0.5019075531377039,1.2520003345532766,0.5133777004466212,0.38088740280282163,0.5075352664421029
10,475,-0.11660917103290558,0.30962181091308594,0.7949928045272827,2.1583640575408936,0,5,2,35,4,5.0,0.8883326053619385,0.6217372777861888,0.14464709715903754,0.28918271550748825,0.15272010756984533,0.6816268917408461,0.09893466160567813
10,476,-0.10687948763370514,0.3341667950153351,1.1043405532836914,2.658904790878296,0,5,2,43,0,-5.0,0.8720929622650146,0.6211155405084027,0.218995964393345,0.07325957031292941,0.043898662924766546,0.04472293257713318,0.0
10,477,-0.09823206067085266,0.3576408922672272,0.6807413101196289,2.092834711074829,0,6,1,33,0,-5.0,0.858762800693512,0.6204944249678943,0.3948312308045031,0.19794977468055489,0.1544888284431583,0.1222522788995223,-0.01094990048197865
10,478,-0.09360763430595398,0.3758153021335602,0.29327085614204407,1.587098479270935,0,6,1,25,0,-5.0,0.8484922051429749,0.6198739305429264,0.7040474285224514,0.5059491501334872,0.27506230515731545,0.10450447530180795,0.34776383729949917
10,479,-0.09267139434814453,0.3892400562763214,-0.0624118335545063,1.1330716609954834,0,6,0,18,1,-2.5,0.8401622176170349,0.6192540566123834,0.6023566793019228,0.955732438150559,0.5723619359360472,0.4285210595092306,0.24144220553008422
10,480,-0.09414008259773254,0.399797260761261,-0.21627101302146912,0.971308171749115,0,6,0,16,3,2.5,0.8305447101593018,0.6186348025557711,0.13004852666203734,0.6951882649703615,0.44233946318749073,0.42894406841075633,0.5424672264549945
11,481,-0.09510890394449234,0.41164934635162354,-0.0119403675198555,1.3206268548965454,0,7,0,21,3,2.5,-2.182217597961426,0.6180161677532153,-0.20700193285942078,-0.3161429512500763,-0.29554205465316774,-0.3167454051971436,-0.20769487857818605
11,482,0.11257502436637878,-0.1773737221956253,-0.038295745849609375,-0.10505400598049164,0,-3,0,-2,3,2.5,0.9686322212219238,0.6173981515854621,1.713897002613367,1.9886345068150884,3.8113035798364736,1.533861531880614,2.1048380501331483
11,483,0.11318942904472351,-0.1771095097064972,0.14016039669513702,0.13931900262832642,0,-3,0,2,4,5.0,0.9700993299484253,0.6167807534338766,1.8583046735171171,1.6711458864920936,1.0871013091024502,1.1794665742834973,1.0297923144658467
11,484,0.1165642961859703,-0.17291806638240814,0.49022024869918823,0.6445966362953186,0,-3,1,10,0,-5.0,0.9710056781768799,0.6161639726804428,1.9592694297312248,0.43642907437670875,0.2841441069306708,0.2835371656590838,0.3348204542453569
11,485,0.11909230798482895,-0.17027711868286133,0.07574693858623505,-0.011609703302383423,0,-3,0,0,2,0.0,0.9708495140075684,0.6155478087077623,2.737093724943283,2.6245659045649434,3.7002290316124213,1.7107153658044836,1.8013769505188932
11,486,0.11975158005952835,-0.17073504626750946,0.06148175895214081,-0.058972474187612534,0,-3,0,-1,2,0.0,0.9705334305763245,0.6149322608990545,1.8809328190488552,3.421517594182185,2.6680704397106703,1.8186195380849486,1.6968739847529266
11,487,0.12027403712272644,-0.1716582328081131,0.04824930801987648,-0.10484179109334946,0,-3,0,-2,2,0.0,0.9700595140457153,0.6143173286381555,1.713897002613367,1.9886345068150884,3.863354549928672,1.533861531880614,2.1048380501331483
11,488,0.12066943198442459,-0.17303316295146942,0.03595387190580368,-0.14943109452724457,0,-3,0,-2,1,-2.5,0.9688668251037598,0.6137030113095173,1.713897002613367,2.093914510937944,3.863354549928672,1.533861531880614,2.1048380501331483
11,489,0.11989574879407883,-0.17644600570201874,-0.1602303683757782,-0.4737885594367981,0,-3,0,-8,1,-2.5,0.9665185809135437,0.6130893082982078,3.184247170842923,1.964576594254664,2.2202373295607325,2.3263555545459713,1.9073483724831681
11,490,0.11724317073822021,-0.1829792857170105,-0.3418138027191162,-0.7763285040855408,0,-3,-1,-12,4,5.0,0.9647862315177917,0.6124762189899097,1.063816375388904,1.2968815919641927,1.307797270842133,1.1668164806004446,2.7729032874624533
11,491,0.11599741131067276,-0.18765337765216827,0.04310983046889305,-0.22002506256103516,0,-3,0,-4,1,-2.5,0.9632160067558289,0.6118637427709198,2.060588975154465,2.3406862505760424,2.754548067688586,3.8028029487852497,1.8757659025414475
11,492,0.11529023200273514,-0.1917915791273117,-0.15373700857162476,-0.5467745065689087,0,-3,0,-9,2,0.0,0.9609981775283813,0.6112518790281489,1.9429413779813933,1.7399376930427408,2.055600609872523,2.9201271520244383,1.879597004849529
11,493,0.11374462395906448,-0.19748876988887787,-0.15192407369613647,-0.5730217099189758,0,-3,0,-9,4,5.0,0.9598823189735413,0.6106406271491208,1.9429413779813933,1.7399376930427408,2.055600609872523,2.9201271520244383,1.9826488905258561
11,494,0.11430582404136658,-0.20029398798942566,0.2171568125486374,-0.04438695311546326,0,-3,0,-1,0,-5.0,0.9582290649414062,0.6100299865219717,2.009342716871733,3.4986021382945975,2.827269415586789,2.129618223976739,1.7362330777793356
11,495,0.11421919614076614,-0.20437933504581451,-0.1763738989830017,-0.6697115898132324,0,-3,0,-11,3,2.5,0.9560117721557617,0.6094199565354498,1.953382948335037,1.3426248333924011,1.7729290316997446,3.650022227773614,1.637701045788782
11,496,0.11349695920944214,-0.20973369479179382,0.010131517425179482,-0.41881316900253296,0,-3,0,-7,1,-2.5,0.9534050226211548,0.6088105365789144,3.085934537423496,2.421449474405157,2.941437346338053,3.8607233178855447,2.4337836512749496
11,497,0.11247185617685318,-0.2158588171005249,-0.18431740999221802,-0.7439063787460327,0,-3,0,-12,1,-2.5,0.949323296546936,0.6082017260423355,1.3495038059322848,2.8381987686513312,1.22417824485785,1.496333109878473,1.4734422182981262
11,498,0.1095849797129631,-0.2251148670911789,-0.3642209470272064,-1.0476205348968506,0,-4,-1,-17,4,5.0,0.9458917379379272,0.6075935243162931,0.9015743829272744,1.1938066803563727,1.4134978633358928,0.9897954432901006,2.5423687899309932
11,499,0.10809259861707687,-0.23261186480522156,0.017224591225385666,-0.5080561637878418,0,-4,0,-8,0,-5.0,0.9418177604675293,0.6069859307919768,2.4665647689145302,1.2412134146337819,2.025533132368565,1.0237322069714114,1.2212971201657121
11,500,0.10609690099954605,-0.24120987951755524,-0.3599962890148163,-1.109394907951355,0,-4,-1,-18,3,2.5,0.9370355606079102,0.6063789448611848,0.9326393638045981,1.474009896914294,1.5940670023235373,2.016437862301043,1.4600527662191014
11,501,0.10359736531972885,-0.25092729926109314,-0.16284160315990448,-0.8505162596702576,0,-4,0,-14,4,5.0,0.9341248273849487,0.6057725659163237,1.984411265588652,0.9882638147323393,0.9475953080878979,0.8087966156143276,1.2085784639036885
11,502,0.10401169955730438,-0.2566617429256439,0.2002831995487213,-0.3456308841705322,0,-4,0,-6,4,5.0,0.9336461424827576,0.6051667933504074,1.676196290824957,1.4583315436614281,1.0676561330745409,0.8311376454833923,1.0476880827292399
11,503,0.10789964348077774,-0.2575925588607788,0.5360307693481445,0.11702331900596619,0,-4,1,2,4,5.0,0.9354304671287537,0.6045616265570569,1.43835989237391,0.5960774364617136,0.6050785678009729,0.3624443248599386,0.3896552798947202
11,504,0.11500594764947891,-0.25410541892051697,0.8474253416061401,0.5433164238929749,0,-4,2,9,0,-5.0,0.9361403584480286,0.6039570649304998,0.2921662662331821,0.14154446760817888,0.04716947674751282,0.16609991319798428,0.0472389429807663
11,505,0.12097210437059402,-0.25270453095436096,0.4105556607246399,-0.14739811420440674,0,-4,1,-2,2,0.0,0.93504798412323,0.6033531078655693,0.6582673822280125,0.7407314569921549,1.082879243236706,0.6124992891194283,0.8850991286236298
11,506,0.12481379508972168,-0.2548568546772003,0.36841899156570435,-0.24825651943683624,0,-4,1,-4,4,5.0,0.9350197911262512,0.6027497547577038,0.6754202937681336,0.5878615129430235,0.4693377229275857,0.5011308646474666,1.1228828814876637
11,507,0.13031500577926636,-0.2549120783805847,0.6921959519386292,0.19707265496253967,0,-4,1,3,0,-5.0,0.9340132474899292,0.602147005002946,0.5717429969366796,0.3860796048086158,1.0433845680610954,0.45544072294495686,0.2353481763529339
11,508,0.13479231297969818,-0.2568788230419159,0.26660728454589844,-0.47671204805374146,0,-4,1,-8,4,5.0,0.9328353404998779,0.6015448579979431,0.18077102502589415,0.6763093869480128,0.09784623273909093,0.287502412497879,1.203693464343003
11,509,0.13931642472743988,-0.25916147232055664,0.5975434184074402,-0.021372370421886444,0,-4,1,0,2,0.0,0.9323074817657471,0.6009433131399452,1.3408592605683045,0.5803387572720233,0.4403069396294757,0.48341624212305545,0.5320994248976848
11,510,0.14494900405406952,-0.26017773151397705,0.541614830493927,-0.1436217725276947,0,-4,1,-2,2,0.0,0.9311550259590149,0.6003423698268052,0.6582673822280125,0.7407314569921549,1.0803032357546063,0.6124992891194283,0.8850991286236298
11,511,0.1500452607870102,-0.26238328218460083,0.4897298812866211,-0.25998836755752563,0,-4,1,-4,4,5.0,0.9310133457183838,0.5997420274569785,0.6754202937681336,0.5878615129430235,0.4693377229275857,0.5011308646474666,1.1654438313652347
11,512,0.15670348703861237,-0.2626531422138214,0.803751528263092,0.16872751712799072,0,-4,2,3,1,-2.5,0.9306021928787231,0.5991422854295215,0.45190754729450644,0.6871466357173863,0.32905713040784024,0.28959892024449446,0.0
11,513,0.16328254342079163,-0.2634345293045044,0.5516828894615173,-0.2462756484746933,0,-4,1,-4,1,-2.5,0.9280630350112915,0.598543143144092,0.6754202937681336,0.6438707920450331,0.4693377229275857,0.5011308646474666,1.1654438313652347
11,514,0.16744546592235565,-0.2682105302810669,0.3180256187915802,-0.6338772773742676,0,-4,1,-10,2,0.0,0.9242710471153259,0.5979446000009478,0.8789432079256754,0.5017403953055877,0.3769578943372699,0.07656330251703698,0.08838700234889985
11,515,0.17039841413497925,-0.2751889228820801,0.2824103832244873,-0.7271327376365662,0,-4,1,-12,0,-5.0,0.9181285500526428,0.5973466554009469,0.5377073813417005,0.26428696161554704,0.11127103652502407,0.22372002797717133,0.23573274743665107
11,516,0.1709579974412918,-0.2861318588256836,-0.11128230392932892,-1.3528518676757812,0,-5,0,-22,0,-5.0,0.9081465005874634,0.596749308745546,0.3175858186991484,0.19073419984287737,0.6228961862478558,0.5290524765599629,0.8112037956545695
11,517,0.16775602102279663,-0.3030734360218048,-0.47436389327049255,-1.9329094886779785,0,-5,-1,-31,4,5.0,0.8978642821311951,0.5961525594368005,0.4020825254435928,0.15445504616684946,0.20692318097784174,0.35677123976802017,0.7385512071927907
11,518,0.16515660285949707,-0.3195866644382477,-0.09391407668590546,-1.4188594818115234,0,-5,0,-23,1,-2.5,0.8873043656349182,0.5955564068773637,0.22461806591698547,0.9038108394550186,0.35553997144156435,0.3122223005897995,0.21115551184674544
11,519,0.16314615309238434,-0.3357018232345581,-0.27781471610069275,-1.7358826398849487,0,-5,-1,-28,4,5.0,0.877164363861084,0.5949608504704863,0.6578505396584282,0.5803153991236425,0.653781238009447,0.6412279168202326,1.199480716256551
11,520,0.1623985916376114,-0.3504791557788849,0.08326927572488785,-1.26066255569458,0,-6,0,-20,4,5.0,0.8698381185531616,0.5943658896200158,0.4713671525439814,0.5269152778866355,0.5774653247054957,0.7081314979485025,1.1821134678673855
11,521,0.1650928109884262,-0.36077964305877686,0.41541266441345215,-0.8319358825683594,0,-6,1,-13,0,-5.0,0.8610257506370544,0.5937715237303958,0.5692311619182189,0.45483973108915254,0.46069249229692133,0.4088712775166955,1.1421549855800421
11,522,0.1669660210609436,-0.3727925717830658,0.019712086766958237,-1.4564458131790161,0,-6,0,-23,2,0.0,0.8495041131973267,0.5931777522066654,0.39870869014250376,0.3757189323767786,0.762762917605238,1.0753271580798311,0.5231512359539003
11,523,0.16704727709293365,-0.38793811202049255,0.004202624317258596,-1.534172534942627,0,-6,0,-25,3,2.5,0.8380281925201416,0.5925845744544587,0.19454225620181823,0.16938209698455287,0.2345492183445067,0.51998718437705,0.7985410265573754
11,524,0.16796723008155823,-0.40245717763900757,0.1634218692779541,-1.3646353483200073,0,-6,0,-22,4,5.0,0.8285923004150391,0.5919919898800042,0.041877679911256724,0.44975915814479234,0.30181605482152785,0.18825211424646204,0.982991524156543
12,525,0.17138788104057312,-0.41401422023773193,0.48272979259490967,-0.9713675379753113,0,-7,1,-16,2,0.0,-2.180311918258667,0.5913999978901242,-0.10926303863525391,-0.5027972594499588,-0.3526179466247559,-0.2791468489170075,-0.16570329904556277
12,526,-0.12637057900428772,-0.06322494149208069,-0.020517632365226746,-0.12603381276130676,0,-1,0,-2,2,0.0,0.9958290457725525,0.590808597892234,3.7821687180542316,4.2091634529885456,7.565248302163473,4.761687930040592,4.942754396499257
12,527,-0.12659241259098053,-0.06458279490470886,-0.022301428020000458,-0.13837966322898865,0,-1,0,-2,2,0.0,0.9956353902816772,0.5902177892943418,3.7821687180542316,4.2091634529885456,7.675245888740266,4.779459165988463,4.942754396499257
12,528,-0.12683187425136566,-0.06606530398130417,-0.024022378027439117,-0.15083664655685425,0,-1,0,-2,1,-2.5,0.9951954483985901,0.5896275715050474,3.7821687180542316,4.317362340019965,7.709807223393093,4.779459165988463,5.04072104958988
12,529,-0.1281539350748062,-0.06931488960981369,-0.2129947692155838,-0.45189645886421204,0,-1,0,-7,3,2.5,0.9947906732559204,0.5890379439335424,1.8991575428947227,1.889972552300661,2.294880436070346,6.179752906500221,1.780138551659508
12,530,-0.12915542721748352,-0.07217539846897125,-0.013411018997430801,-0.1551988571882248,0,-1,0,-2,2,0.0,0.9945468902587891,0.5884489059896089,3.893565183246382,4.298256947751472,7.764741853584907,4.779459165988463,5.04072104958988
12,531,-0.12931275367736816,-0.07384517043828964,-0.01619146391749382,-0.17043651640415192,0,-1,0,-3,3,2.5,0.9945196509361267,0.5878604570836192,3.3339519464343694,3.8351661204531236,5.001712481927371,7.188645834513883,4.384860570260401
12,532,-0.12843240797519684,-0.07402915507555008,0.1683521717786789,0.10240841656923294,0,-1,0,2,2,0.0,0.9946351647377014,0.5872725966265356,3.911233834623609,5.068433793283897,9.141953607485467,3.808709780191495,5.59601228870547
12,533,-0.12685023248195648,-0.07324496656656265,0.15188226103782654,0.06588124483823776,0,-1,0,1,2,0.0,0.9946981072425842,0.5866853240299091,4.8787245526814385,6.15947647248146,10.090846149990064,4.072677826127157,5.986611164503751
12,534,-0.12542542815208435,-0.0728139653801918,0.13668109476566315,0.03141539916396141,0,-1,0,1,1,-2.5,0.9944710731506348,0.5860986387058792,4.8787245526814385,6.374984236767061,10.12744005396467,4.166855086015046,6.152358171988439
12,535,-0.12521110475063324,-0.07435646653175354,-0.06458278000354767,-0.28941264748573303,0,-1,0,-5,3,2.5,0.9942695498466492,0.5855125400671733,4.435320306237079,2.951985805365136,4.275735420457185,6.930737798953304,4.167564593166374
12,536,-0.12479425221681595,-0.075699582695961,0.1235453337430954,-0.011173337697982788,0,-1,0,0,2,0.0,0.9942202568054199,0.5849270275271061,4.808991599224958,4.277857966965538,10.295383799755427,4.384396694730914,5.259165712268562
12,537,-0.12364175915718079,-0.07602488249540329,0.11033431440591812,-0.04296078160405159,0,-1,0,-1,3,2.5,0.9943718314170837,0.584342100499579,5.225570299713111,5.213147637996416,9.560147502988595,4.307464590204598,5.7862794497897125
12,538,-0.12155105918645859,-0.07502123713493347,0.28527191281318665,0.21476159989833832,0,-1,1,3,3,2.5,0.9948802590370178,0.5837577583990794,1.727555857346748,1.475922507439067,1.8545876419792013,3.445056377398065,2.68470307428975
12,539,-0.11778479814529419,-0.07155244797468185,0.44722646474838257,0.4527463912963867,0,-1,1,7,3,2.5,0.9956700801849365,0.5831740006406804,3.6081860407446653,6.15346189583679,3.6287007673822447,3.216507725818671,1.7043288044112614
12,540,-0.11246594041585922,-0.06580238789319992,0.5973449349403381,0.6731614470481873,0,-1,1,11,3,2.5,0.9966435432434082,0.5825908266400397,5.45957196076869,3.6171284022803163,3.45579490436318,1.9280376091208873,1.4468908918334789
12,541,-0.10570674389600754,-0.057934656739234924,0.7366535663604736,0.8779453635215759,0,-1,1,14,2,0.0,0.9975261092185974,0.5820082358133997,3.024456134496322,1.7499040521571525,1.5074189717017858,0.5770992907411475,0.715093452330662
12,542,-0.09867630153894424,-0.04973811283707619,0.6785969138145447,0.7799192070960999,0,-1,1,12,0,-5.0,0.9979060292243958,0.5814262275775862,5.262309577472836,1.8422182169017387,1.1541824850443247,1.1073540810406364,0.9699741535710554
12,543,-0.09433261305093765,-0.04575975984334946,0.25016549229621887,0.11207755655050278,0,-1,1,2,1,-2.5,0.9978350400924683,0.5808448013500086,2.078945501898716,5.471645704085423,1.6488941210181762,2.5566115688513147,1.9664937882407973
12,544,-0.09302306175231934,-0.04652887582778931,0.04145369678735733,-0.21662741899490356,0,-1,0,-3,0,-5.0,0.9972862005233765,0.5802639565486586,3.89986974900505,4.134824686668814,5.627766175003451,8.433818400704512,4.8134726452284715
12,545,-0.0947786271572113,-0.052093926817178726,-0.33915913105010986,-0.8105266690254211,0,-1,-1,-13,2,0.0,0.9963919520378113,0.57968369259211,1.407677340053389,2.1725073721981794,2.8583412696159884,4.559676064083046,3.3092980401275534
12,546,-0.09804581105709076,-0.060067273676395416,-0.31640979647636414,-0.7835451364517212,0,-1,-1,-13,3,2.5,0.9956231713294983,0.5791040088995179,1.407677340053389,2.1725073721981794,2.8583412696159884,4.656725283879114,3.3092980401275534
12,547,-0.10003247857093811,-0.06615763902664185,-0.10843013972043991,-0.4724244177341461,0,-1,0,-8,1,-2.5,0.994733989238739,0.5785249048906184,1.468533896982437,2.1860552198180656,2.5557339679671625,3.209696528894628,5.707462242681316
12,548,-0.10216232389211655,-0.07256751507520676,-0.29104000329971313,-0.7637600302696228,0,-1,-1,-12,4,5.0,0.9940922260284424,0.5779463799857277,1.375918169493172,2.0767449877595023,2.735787299680722,2.7827956741726245,5.927946251071965
12,549,-0.10284709185361862,-0.07686217129230499,0.10140486061573029,-0.17085057497024536,0,-1,0,-3,2,0.0,0.9937949776649475,0.577368433605742,4.158589561188389,4.134824686668814,6.02837493650857,8.723693663747031,4.8134726452284715
12,550,-0.10190700739622116,-0.07877185195684433,0.08978760242462158,-0.20039686560630798,0,-1,0,-3,0,-5.0,0.9929022789001465,0.5767910651721362,4.216789040172424,4.134824686668814,6.02837493650857,8.723693663747031,4.8134726452284715
12,551,-0.10320774465799332,-0.08424816280603409,-0.29526013135910034,-0.8047845363616943,0,-1,-1,-13,0,-5.0,0.9908758401870728,0.576214274106964,1.5019488579837916,2.1725073721981794,2.933604007770391,4.656725283879114,3.657288371043052
12,552,-0.10819453746080399,-0.09552047401666641,-0.6513618230819702,-1.3652902841567993,0,-2,-1,-22,3,2.5,0.9884915351867676,0.5756380598328571,0.3726682531247757,0.4150011988573319,1.4196032475270426,2.536930162795464,0.5287940656272312
12,553,-0.11340272426605225,-0.10727749019861221,-0.42045506834983826,-1.0253936052322388,0,-2,-1,-16,1,-2.5,0.9858224987983704,0.5750624217730242,1.1730552773170007,2.7568326494598785,4.733603517282736,2.3098367679855967,2.789988192633072
12,554,-0.11852972954511642,-0.11906924843788147,-0.5808200836181641,-1.2878750562667847,0,-2,-1,-21,2,0.0,0.9826362729072571,0.5744873593512512,0.7412728833106044,0.8857676015315359,0.9896418706942156,3.402455082250956,0.9780752911940984
12,555,-0.12413407862186432,-0.13177163898944855,-0.5431305766105652,-1.2484310865402222,0,-2,-1,-20,3,2.5,0.9796912670135498,0.5739128719918999,0.9850385873450818,0.8998735122583712,1.481753908356241,3.1841602173269337,1.139267732197363
12,556,-0.12832504510879517,-0.14250880479812622,-0.323062926530838,-0.9320287108421326,0,-2,-1,-15,2,0.0,0.9769373536109924,0.573338959119908,1.507676149706079,2.33709413016314,4.727128523865976,2.0771485163276244,3.3331443279875366
12,557,-0.13147224485874176,-0.15186375379562378,-0.30603957176208496,-0.9277569055557251,0,-2,-1,-15,2,0.0,0.97401362657547,0.572765620160788,1.507676149706079,2.33709413016314,4.7089446343505355,2.0771485163276244,3.3331443279875366
12,558,-0.13445991277694702,-0.16120295226573944,-0.2907443642616272,-0.9275570511817932,0,-3,-1,-15,4,5.0,0.9719910025596619,0.5721928545406272,1.1280180722334454,1.848419854392929,2.368049945014275,2.4684245447193276,3.752614021889226
12,559,-0.13519906997680664,-0.16735884547233582,0.0930439904332161,-0.3675715923309326,0,-3,0,-6,0,-5.0,0.9695208072662354,0.5716206616860866,3.5360387842924883,3.020204440821658,4.9704506987932175,3.573177801028807,2.645452412362883
12,560,-0.13647599518299103,-0.17458294332027435,-0.29205986857414246,-0.9788373708724976,0,-3,-1,-16,4,5.0,0.9671346545219421,0.5710490410244006,1.5414468239130876,1.4494159684574544,2.6418472263013304,2.316606218935105,4.142900548151244
12,561,-0.1372373402118683,-0.1812879741191864,0.09032174944877625,-0.42435112595558167,0,-3,0,-7,3,2.5,0.9660308957099915,0.5704779919833761,3.533629192818102,2.7340309913399423,3.033540693451589,4.31884376857702,2.809799683030688
12,562,-0.135392427444458,-0.1843070536851883,0.2589954733848572,-0.19571742415428162,0,-3,1,-3,3,2.5,0.9657179117202759,0.5699075139913927,0.8974482894258307,0.9162104276382634,0.8872277493746465,3.5317919804474007,0.7525431440578607
12,563,-0.13193367421627045,-0.18515431880950928,0.4149511754512787,0.013106713071465492,0,-3,1,0,1,-2.5,0.9649577140808105,0.5693376064774013,2.4588289937902754,4.258232264190191,1.4076544097635109,1.8324667620354766,1.4629163818066877
12,564,-0.12907838821411133,-0.18719571828842163,0.19065143167972565,-0.35503438115119934,0,-3,0,-6,1,-2.5,0.9628371596336365,0.5687682688709239,3.5360387842924883,3.1565240756173667,5.047040284802399,3.647633013042666,2.645452412362883
12,565,-0.1283714771270752,-0.1927766501903534,-0.016994068399071693,-0.6981265544891357,0,-3,0,-11,3,2.5,0.9606019258499146,0.5681995006020529,2.105587372540783,1.5109071418619955,2.0360157354502473,4.180576835189668,1.7122862799497023
12,566,-0.1275598257780075,-0.19848930835723877,0.15878793597221375,-0.4610934257507324,0,-3,0,-7,3,2.5,0.9592132568359375,0.5676313011014509,3.533629192818102,2.748862361491481,3.033540693451589,4.450425100015428,2.880615163365481
12,567,-0.12506821751594543,-0.20195725560188293,0.32104918360710144,-0.24558144807815552,0,-3,1,-4,1,-2.5,0.9573410749435425,0.5670636698003494,0.9817742278551579,0.8630184848698859,0.8742854309466688,2.6429245216558264,0.9709544342098309
12,568,-0.12311392277479172,-0.20654034614562988,0.10369177162647247,-0.6046196222305298,0,-3,0,-10,3,2.5,0.9552991390228271,0.5664966061305491,1.9672922428079445,1.4494787546996575,1.5285044387999422,3.987699736770278,1.4581811569195637
12,569,-0.12115403264760971,-0.21142584085464478,0.26941776275634766,-0.3855280876159668,0,-3,1,-6,0,-5.0,0.9520583748817444,0.5659301095244186,0.9820175275710272,1.4488619033889982,0.781104056212075,0.31451024607584754,0.732944268114138
12,570,-0.12073706835508347,-0.21895566582679749,-0.1272963583469391,-1.015890121459961,0,-4,0,-16,2,0.0,0.947376012802124,0.5653641794148941,0.8514093788194745,2.2923502559308275,0.8098389384990512,1.1052735405669494,0.96064968910566
12,571,-0.1220347210764885,-0.22939923405647278,-0.128158301115036,-1.0503156185150146,0,-4,0,-17,1,-2.5,0.9415515065193176,0.5647988152354793,1.0573447786934964,0.8749758700466932,0.829253667639279,0.7335177005502804,1.8599650410787483
12,572,-0.12438110262155533,-0.24176131188869476,-0.3117128908634186,-1.360696792602539,0,-4,-1,-22,4,5.0,0.9362597465515137,0.5642340164202437,1.1103855866334444,1.5872535591569843,0.9662063995969395,0.7513167664816404,0.940668358012997
12,573,-0.12538012862205505,-0.25246843695640564,0.06413163244724274,-0.8344422578811646,0,-4,0,-13,3,2.5,0.9325406551361084,0.5636697824038235,0.9913491589570032,0.8220939541027575,1.0899223667675777,2.4161025423879012,0.8678917520119561
12,574,-0.12382330000400543,-0.2597293257713318,0.229115828871727,-0.626006007194519,0,-4,0,-10,2,0.0,0.9289443492889404,0.5631061126214196,1.886618193740781,1.6604697964743507,2.949370675624401,1.5462762559907741,1.161978796812791
12,575,-0.12172062695026398,-0.2665625810623169,0.20021168887615204,-0.7081366777420044,0,-4,0,-11,2,0.0,0.9248098134994507,0.5625430065087982,2.6501285847937615,1.5650208865920865,1.5772924332014233,1.9261918349949174,0.9167083341504301
12,576,-0.11989622563123703,-0.2742081880569458,0.17325642704963684,-0.7883020639419556,0,-4,0,-13,3,2.5,0.9209688305854797,0.5619804635022894,0.9913491589570032,0.8220939541027575,1.0899223667675777,2.391350010959659,0.8678917520119561
12,577,-0.11730562895536423,-0.2811248302459717,0.3284556269645691,-0.599007785320282,0,-4,1,-10,2,0.0,0.9171831607818604,0.561418483038787,1.016279601027795,0.6272855191305073,0.442495271085052,0.19357516799423014,0.08838700234889985
12,578,-0.11425626277923584,-0.2877790927886963,0.29163721203804016,-0.6957275867462158,0,-5,1,-11,2,0.0,0.9127470850944519,0.5608570645557482,0.8911054387840257,0.0,0.16482073021153512,0.3233793732981856,0.1234989975163072
12,579,-0.11156075447797775,-0.29538601636886597,0.25738057494163513,-0.7895359396934509,0,-5,1,-13,0,-5.0,0.9057947993278503,0.5602962074911925,0.47908261361767485,0.10638206746627657,0.22060792680812696,0.17527303752670556,0.4536069306114423
12,580,-0.11123355478048325,-0.3069285452365875,-0.1329447478055954,-1.409725308418274,0,-5,0,-23,0,-5.0,0.8947542905807495,0.5597359112837013,0.4040854324710954,1.0804469070785199,0.42578555393367146,0.3122223005897995,0.31573095849309835
12,581,-0.11463474482297897,-0.32441604137420654,-0.49279311299324036,-1.9845812320709229,0,-5,-1,-32,2,0.0,0.8813497424125671,0.5591761753724176,0.19196605895712598,0.2626591940320082,0.9229649108275138,0.3245250797812814,0.28771549135381813
12,582,-0.11944711953401566,-0.34445643424987793,-0.4687493145465851,-1.9981708526611328,0,-6,-1,-32,4,5.0,0.8691263198852539,0.5586169991970452,0.19437175936408724,0.2214861455626502,0.35936801216322634,0.269370133531846,0.6457289374268809
12,583,-0.12202752381563187,-0.3617647588253021,-0.09455756098031998,-1.5070099830627441,0,-6,0,-24,3,2.5,0.8587024211883545,0.5580583821978482,0.1318031901662975,0.26488144022213284,0.22782175194651233,0.6987280983162965,1.3388861349015426
12,584,-0.12204259634017944,-0.3758957087993622,0.07371388375759125,-1.3183507919311523,0,-6,0,-21,3,2.5,0.8492420315742493,0.5575003238156504,0.34868522517763334,0.4955639529459246,0.8282376874360371,1.4530352838667864,0.5308980115343321
12,585,-0.12045417726039886,-0.38827571272850037,0.2284214198589325,-1.1523863077163696,0,-6,0,-18,2,0.0,0.8395771980285645,0.5569428234918348,0.718782421332814,0.8796009792466464,1.435737537247072,0.8110908410038464,0.5609279043886074
12,586,-0.1183786541223526,-0.400528222322464,0.1970602124929428,-1.254707932472229,0,-6,0,-20,4,5.0,0.8310776352882385,0.5563858806683429,0.5718130179715954,0.5477182082666612,0.6614484122298782,0.8731403038800568,1.2869053875671228
13,587,-0.11463572084903717,-0.411001592874527,0.5140199065208435,-0.864055871963501,0,-7,1,-14,3,2.5,-2.175708532333374,0.5558294947876746,-0.4839507844686508,-0.1087772011756897,-0.23179149490594864,-0.4975204143404961,0.04844374907910824
13,588,-0.0985318049788475,-0.16115768253803253,-0.012982100248336792,-0.005629003047943115,0,-3,0,0,1,-2.5,0.973402202129364,0.5552736652928869,2.9766543857901366,3.303349979695785,4.88942976907016,1.9437059762364008,2.4878493601861025
13,589,-0.09977234899997711,-0.16308830678462982,-0.2054005265235901,-0.3230605125427246,0,-3,0,-5,2,0.0,0.9722882509231567,0.5547183916275941,2.640625382242281,2.5062004830257516,5.253233158599221,3.1333067569125257,2.327954287387005
13,590,-0.10180319845676422,-0.1664683073759079,-0.19848032295703888,-0.3371860980987549,0,-3,0,-5,2,0.0,0.9711000323295593,0.5541636732359665,2.640625382242281,2.5062004830257516,5.313133402335463,3.1333067569125257,2.327954287387005
13,591,-0.10376900434494019,-0.16999973356723785,-0.19223657250404358,-0.352855384349823,0,-3,0,-6,2,0.0,0.9698290824890137,0.5536095095627305,3.8572943700260556,3.2955923225435653,5.667800709291191,3.7376247299021754,3.0245223056368795
13,592,-0.10567626357078552,-0.17369773983955383,-0.18662463128566742,-0.3700222074985504,0,-3,0,-6,0,-5.0,0.9673218727111816,0.5530559000531677,3.878491076195426,3.2955923225435653,5.667800709291191,3.7376247299021754,3.0245223056368795
13,593,-0.10963212698698044,-0.1807708442211151,-0.5509340763092041,-0.9499865174293518,0,-3,-1,-15,1,-2.5,0.9632062315940857,0.5525028441531146,1.3984549486302602,2.1776674000685277,2.551438921518281,2.4684245447193276,4.037332830926313
13,594,-0.11602509021759033,-0.19181692600250244,-0.7032930850982666,-1.2086559534072876,0,-3,-1,-19,3,2.5,0.9591185450553894,0.5519503413089615,1.246257965149494,1.2545005726679452,1.863404315479964,3.076368427810772,2.508947917655939
13,595,-0.12178424000740051,-0.2021915763616562,-0.4764261245727539,-0.8942517042160034,0,-3,-1,-14,4,5.0,0.9567294716835022,0.5513983909676525,1.0213948795024421,2.9792376974871226,1.4741660919562412,1.5992133041450634,2.670382960217923
13,596,-0.12433433532714844,-0.20801569521427155,-0.08391627669334412,-0.33159971237182617,0,-3,0,-5,4,5.0,0.9565354585647583,0.5508469925766849,2.640625382242281,2.6351067983500958,5.313133402335463,3.1333067569125257,2.5825930775246952
13,597,-0.12313060462474823,-0.20848149061203003,0.27882155776023865,0.18480700254440308,0,-3,1,3,0,-5.0,0.9557672142982483,0.5502961455841082,3.902899834583221,1.2327052732852781,1.736869018413811,1.5292529281101204,0.5815019782989369
13,598,-0.12262549251317978,-0.21031586825847626,-0.11899728327989578,-0.4472110867500305,0,-3,0,-7,3,2.5,0.9544192552566528,0.5497458494385241,3.717121005340116,3.170326927822864,3.6444483030000043,5.029810764108912,3.003937718431473
13,599,-0.12280242890119553,-0.21349647641181946,0.06267166137695312,-0.20476099848747253,0,-3,0,-3,2,0.0,0.9533669352531433,0.5491961035890855,2.8454870561309464,3.5272617914415325,4.4814344817055884,4.990651117470827,3.135032801524505
13,600,-0.12228317558765411,-0.2159469574689865,0.047447893768548965,-0.25985458493232727,0,-3,0,-4,0,-5.0,0.9506794214248657,0.5486469074854965,2.637108757324426,2.671567463884034,3.391483444078565,4.928610260975452,2.2549777415406007
13,601,-0.1239934116601944,-0.222082257270813,-0.3329310119152069,-0.8656873106956482,0,-4,-1,-14,1,-2.5,0.9459591507911682,0.548098260578011,0.43591775666574223,1.8943043878900176,0.7175915537592218,0.6754694451333311,0.7750050084259961
13,602,-0.12830403447151184,-0.2324669510126114,-0.5018267631530762,-1.153388261795044,0,-4,-1,-18,1,-2.5,0.9396671652793884,0.547550162317433,1.1423032316821704,1.6510295971489133,1.7415388160383947,2.4453045234803046,1.8618234694248397
13,603,-0.13423091173171997,-0.2456274926662445,-0.6579446196556091,-1.4228503704071045,0,-4,-1,-23,2,0.0,0.9324804544448853,0.5470026121551156,0.587598695100395,1.1540288442186524,2.558163779677801,1.3785059937990334,1.7165090311383853
13,604,-0.14061792194843292,-0.2598453462123871,-0.6205741167068481,-1.4040995836257935,0,-4,-1,-22,4,5.0,0.9266384840011597,0.5464556095429605,1.1842618092816866,1.7423946955815568,1.022201292503164,0.7513167664816404,1.3739140237960488
13,605,-0.14459291100502014,-0.2708532512187958,-0.2247360795736313,-0.8533535599708557,0,-4,0,-14,0,-5.0,0.9200537204742432,0.5459091539334175,2.3906599100556263,1.1509945044752692,1.2295296683380772,1.135761375956838,1.2522336620433767
13,606,-0.1488962471485138,-0.28274768590927124,-0.5818763971328735,-1.424820065498352,0,-5,-1,-23,1,-2.5,0.9108332395553589,0.5453632447794842,0.7974339357726128,1.6558452286481835,1.0629691568037036,0.9902988539768974,0.8260727297814234
13,607,-0.15558873116970062,-0.29860806465148926,-0.7314453125,-1.6888351440429688,0,-5,-1,-27,4,5.0,0.9023313522338867,0.5448178815347047,0.5620289268121926,0.7015985494193829,0.5270561125203985,0.79803102105342,1.416188757102566
13,608,-0.16065649688243866,-0.31251969933509827,-0.3326817750930786,-1.1462037563323975,0,-5,-1,-18,1,-2.5,0.893872857093811,0.54427306365317,0.5336448666594715,0.7851573173546056,0.5382057996471321,0.4770275871133385,0.46152492827704056
13,609,-0.16496416926383972,-0.3257715106010437,-0.5005216002464294,-1.4392772912979126,0,-5,-1,-23,1,-2.5,0.8831365704536438,0.5437287905895168,0.7974339357726128,1.691256090718868,1.0629691568037036,0.9902988539768974,0.8260727297814234
13,610,-0.17087550461292267,-0.34185290336608887,-0.6553500890731812,-1.714170217514038,0,-5,-1,-27,4,5.0,0.8731112480163574,0.5431850617989273,0.5620289268121926,0.7015985494193829,0.5270561125203985,0.853338215797836,1.505897203300181
13,611,-0.17525285482406616,-0.3562144935131073,-0.2685851454734802,-1.2036664485931396,0,-6,-1,-19,3,2.5,0.8651584386825562,0.5426418767371284,0.14967480987097942,0.06802655298729346,0.14538226749508304,0.6168586411595374,0.23231109386484328
13,612,-0.17694242298603058,-0.36720776557922363,-0.08844666182994843,-0.9964265823364258,0,-6,0,-16,4,5.0,0.8595027923583984,0.5420992348603912,0.43524032253048706,0.5661489201101059,0.8718933559833271,1.203244743851036,0.6501664254124168
13,613,-0.175916388630867,-0.3748294711112976,0.2527708113193512,-0.5598644018173218,0,-6,1,-9,4,5.0,0.8568790555000305,0.5415571356255309,0.32129009029241856,0.22052954676627703,0.3012716635024283,0.4815609078918718,0.3032090653087803
13,614,-0.1716260313987732,-0.37831318378448486,0.568423867225647,-0.16224738955497742,0,-6,1,-3,2,0.0,0.854943037033081,0.5410155784899053,0.11553129969424822,0.0435293048620224,0.467134773266964,0.13262871161508238,0.04652643421888352
13,615,-0.16629621386528015,-0.3808634877204895,0.5118894577026367,-0.2992836534976959,0,-6,1,-5,3,2.5,0.8530563712120056,0.5404745629114154,0.7927215710021627,0.3148292465453901,0.29889341210266457,0.23789693983748808,0.1697164778830643
13,616,-0.16051675379276276,-0.38333234190940857,0.6338780522346497,-0.1808909773826599,0,-6,1,-3,4,5.0,0.853101909160614,0.539934088348504,0.11553129969424822,0.0435293048620224,0.467134773266964,0.13262871161508238,0.08452888625502587
13,617,-0.1525757908821106,-0.38327282667160034,0.9215773344039917,0.17422646284103394,0,-6,2,3,0,-5.0,0.8513872027397156,0.5393941542601555,0.17173303670483964,0.04205522239208222,0.04313941597938538,0.0,0.08187919616699219
13,618,-0.14583875238895416,-0.38550323247909546,0.491382896900177,-0.49814456701278687,0,-6,1,-8,0,-5.0,0.8446030616760254,0.5388547601058953,0.8177002637654536,0.3651448764073368,0.20841886400585108,0.20620372436238515,0.3550917647457753
13,619,-0.14322775602340698,-0.39420416951179504,0.0921751856803894,-1.1257264614105225,0,-6,0,-18,2,0.0,0.8350657224655151,0.5383159053457894,0.718782421332814,0.8816390005672112,1.6247364465112404,0.8421035088809007,0.6644166249260477
14,620,-0.14246244728565216,-0.4061211347579956,0.07007551938295364,-1.215579867362976,0,-6,0,-19,1,-2.5,-2.1766746044158936,0.5377775894404436,0.693098161595588,1.3267027080040443,0.6164650609959368,0.6678431044265156,1.204606416309418
14,621,0.06609156727790833,0.20873388648033142,-0.08693192154169083,-0.06581620872020721,0,3,0,-1,1,-2.5,0.9571880102157593,0.5372398118510032,1.9055386604900466,1.9015912581255827,5.918346903839376,3.7988707125710013,2.3066459099642653
14,622,0.06429480761289597,0.20691056549549103,-0.2536166310310364,-0.28615766763687134,0,3,-1,-5,4,5.0,0.9568544626235962,0.5367025720391522,0.7269599074469418,1.3974435712691196,1.490184202468452,1.8108403136331401,3.8673947027007305
14,623,0.06403134763240814,0.20771512389183044,0.1424160599708557,0.34313660860061646,0,3,0,5,2,0.0,0.9553055763244629,0.536165869467113,3.054909468276718,3.0242090753100586,6.801051063857906,4.047047434115676,4.004896285558271
14,624,0.06547504663467407,0.21141046285629272,0.1422928124666214,0.3742591440677643,0,3,0,6,2,0.0,0.9535928964614868,0.5356297035976458,3.973574299218324,4.479618560010337,6.687017334098812,3.9500596671338357,3.762271481715362
14,625,0.06691874563694,0.21542303264141083,0.1423366665840149,0.40618833899497986,0,3,0,6,1,-2.5,0.9523928165435791,0.5350940738940482,3.973574299218324,4.59823409131654,6.7031843980103405,4.030472583188878,3.6856911450355296
14,626,0.06732247769832611,0.2181907594203949,-0.040586721152067184,0.16289114952087402,0,3,0,3,2,0.0,0.9515048861503601,0.5345589798201541,2.8509415203380897,5.607878838679646,4.020106657881307,2.6662368021968286,2.6879993760124483
14,627,0.06701651215553284,0.22021615505218506,-0.026768146082758904,0.21652880311012268,0,4,0,3,1,-2.5,0.9510683417320251,0.534024420840334,0.40289608147033373,0.4794874296885952,0.38427959386252797,1.0442993291120717,0.3165551709364639
14,628,0.06580287218093872,0.2212049812078476,-0.19685900211334229,-0.006511308252811432,0,4,0,0,4,5.0,0.9494773149490356,0.5334903964194936,0.0468845009803772,0.08454595529014051,0.1058854152139892,0.1741407634546101,0.72101080066169
14,629,0.0660812258720398,0.2247723489999771,0.1943921148777008,0.6158171892166138,0,4,0,10,2,0.0,0.9465522170066833,0.5329569060230741,1.4594589825723592,1.6351960619908406,3.9607010308698802,1.6693978844389625,1.8812479377911253
14,630,0.0680275559425354,0.23118777573108673,0.19107502698898315,0.6447218060493469,0,4,0,10,2,0.0,0.9434015154838562,0.532423949117051,1.4594589825723592,1.6351960619908406,4.021060087873604,1.6693978844389625,1.8812479377911253
14,631,0.06994406878948212,0.2379043698310852,0.18826442956924438,0.6753473877906799,0,4,0,11,2,0.0,0.9400047063827515,0.531891525167934,1.7708714118011204,2.0544954933331905,3.718333352274332,1.8586739924376041,2.1269170149380736
14,632,0.07183565199375153,0.2449394017457962,0.18592871725559235,0.7076877355575562,0,4,0,11,2,0.0,0.9363396167755127,0.5313596336427661,1.7708714118011204,2.0544954933331905,3.7643080042835013,1.8586739924376041,2.1269170149380736
14,633,0.07370691001415253,0.2523101270198822,0.18403837084770203,0.7417421340942383,0,4,0,12,0,-5.0,0.9339771270751953,0.5308282740091232,1.507274557860017,2.082711224762326,3.7307947807714243,1.8316750494774774,2.1621473160909708
14,634,0.07349786907434464,0.25694918632507324,-0.1803482472896576,0.23530584573745728,0,4,0,4,2,0.0,0.9324808120727539,0.5302974457351142,0.38616493745333436,0.47322737529968817,0.8305717994922814,1.0225489324517292,1.0150274941455222
14,635,0.07186420261859894,0.25984448194503784,-0.15479464828968048,0.3119824230670929,0,4,0,5,3,2.5,0.9297583699226379,0.5297671482893791,0.5557331850185019,0.941930205173926,0.8960678147232366,2.4343083963194396,0.6851735679428845
14,636,0.07150638103485107,0.26503127813339233,0.05012392997741699,0.656542181968689,0,4,0,11,0,-5.0,0.9276702404022217,0.5292373811410898,1.8595494697553974,2.0544954933331905,3.910106530903839,1.9804409179430462,2.1269170149380736
14,637,0.07002492994070053,0.26894187927246094,-0.3027593493461609,0.17088916897773743,0,4,-1,3,4,5.0,0.9247353672981262,0.5287081437599487,0.7212130874459232,0.6293720814415975,1.0564241098777436,0.9306172248598956,2.8559483588097514
14,638,0.06927676498889923,0.274343878030777,0.09354656934738159,0.8007094264030457,0,4,0,13,1,-2.5,0.9209141135215759,0.5281794356161887,1.9074288580276466,3.215206969748454,2.711266698361327,2.188223939986625,1.9802469327811483
14,639,0.06924466043710709,0.2812221050262451,-0.08090577274560928,0.5828564167022705,0,4,0,9,1,-2.5,0.9181773662567139,0.5276512561805725,1.4369976896366456,2.4789451814577355,2.2403789291255984,1.8515431921330057,1.4464500849950606
14,640,0.06754542887210846,0.28604656457901,-0.24195899069309235,0.38628873229026794,0,5,0,6,3,2.5,0.9147102236747742,0.5271236049243919,0.35111107582591167,0.19705720927419385,0.19272392375444425,0.5388446351226555,0.3973054569738014
14,641,0.06635115295648575,0.29204416275024414,-0.03118247166275978,0.7410961389541626,0,5,0,12,2,0.0,0.910028338432312,0.5265964813194676,0.847124328398933,0.699563858714264,1.9460355679308137,0.8162239744740529,0.8344510482599625
14,642,0.06615441292524338,0.29995274543762207,-0.015553894452750683,0.8079485297203064,0,5,0,13,0,-5.0,0.906652569770813,0.5260698848381481,0.9793719367544246,0.6160024918616023,1.0752490249822846,1.9949614907940678,0.9083353461894602
14,643,0.06407218426465988,0.3055281937122345,-0.3589767813682556,0.3467366695404053,0,5,-1,6,4,5.0,0.9022149443626404,0.5255438149533099,0.8038242136230213,0.4243612784372359,0.5040400279039534,0.4788180531213547,1.1978172072155375
14,644,0.06277149170637131,0.3127060830593109,0.038587555289268494,0.9773187041282654,0,5,0,16,4,5.0,0.8937652111053467,0.5250182711383566,0.7780038316668292,1.2176529785478465,0.944257811299103,0.8060142779894032,2.0317780218349557
14,645,0.06527431309223175,0.3259367048740387,0.4060167372226715,1.563226342201233,0,5,1,25,1,-2.5,0.8841552734375,0.5244932528672183,1.212734510711329,1.3261801961606734,2.0655021258026878,0.9805447165210135,0.9682186646032613
14,646,0.068257175385952,0.3403596580028534,0.21235573291778564,1.3292409181594849,0,5,0,21,2,0.0,0.8746414184570312,0.5239687596143511,0.8587342010705532,0.7267603245985721,1.9713608726511698,0.6965755993956062,0.6982837265706754
14,647,0.07040000706911087,0.35406017303466797,0.21104271709918976,1.3781744241714478,0,6,0,22,1,-2.5,0.865442156791687,0.5234447908547367,0.7287748206166638,1.4215308710263614,0.5463222260638371,0.7989023704720801,0.6685970820146387
14,648,0.07153218984603882,0.36682137846946716,0.03429217264056206,1.1753982305526733,0,6,0,19,0,-5.0,0.8584294319152832,0.522921346063882,1.3500117046742957,0.5024158241777561,0.5437964713889193,0.7662945387141384,0.6276837594106373
14,649,0.06998278200626373,0.37625858187675476,-0.30353599786758423,0.7437090873718262,0,6,-1,12,4,5.0,0.8499889373779297,0.522398424717818,0.4045182554588259,0.4659229939481652,0.48631989391466923,1.0948589472486265,0.4617101164159584
14,650,0.06917724013328552,0.387312650680542,0.08299867808818817,1.3538621664047241,0,6,0,22,1,-2.5,0.8400124907493591,0.5218760262931003,0.7287748206166638,1.4678751691258562,0.5463222260638371,0.7989023704720801,0.6685970820146387
14,651,0.06909918785095215,0.3999843895435333,-0.08174853771924973,1.1762089729309082,0,6,0,19,0,-5.0,0.8322207927703857,0.5213541502668072,1.320220032035301,0.5024158241777561,0.5437964713889193,0.7662945387141384,0.7087827126937873
15,652,0.06646513938903809,0.4096086323261261,-0.40657827258110046,0.7741458415985107,0,7,-1,12,4,5.0,-2.1772310733795166,0.5208327961165404,-0.056650985479354855,-0.15283576437711716,-0.10890473127365113,-0.1950381400933266,-0.10886155366897583
15,653,-0.04536484181880951,0.12846770882606506,0.11295390129089355,0.11061081290245056,0,2,0,2,2,0.0,0.9831717014312744,0.5203119633204238,6.101594681792296,7.573250513690102,11.273713523259424,7.259600683207999,7.5192255214536114
15,654,-0.044232334941625595,0.12972396612167358,0.11118323355913162,0.12732727825641632,0,2,0,2,3,2.5,0.9823720455169678,0.5197916513571034,6.101594681792296,7.573250513690102,11.273713523259424,7.215732650476257,7.5192255214536114
15,655,-0.04205798730254173,0.1327703446149826,0.29564735293388367,0.42924964427948,0,2,1,7,0,-5.0,0.9820801019668579,0.5192718597057463,5.9807013817095465,1.71121331412309,1.0777244479951331,2.3379853214219306,1.3915635333262588
15,656,-0.04129035398364067,0.13386501371860504,-0.09145450592041016,-0.14277693629264832,0,2,0,-2,2,0.0,0.982383131980896,0.5187525878460405,3.3400561882359474,2.887969292685674,5.651881820640199,8.350070254867028,5.159372930811995
15,657,-0.042113449424505234,0.13272857666015625,-0.07776939868927002,-0.10166556388139725,0,2,0,-2,3,2.5,0.9821480512619019,0.5182338352581944,3.3400561882359474,2.887969292685674,5.651881820640199,8.482602508362262,5.159372930811995
15,658,-0.04174788296222687,0.13361118733882904,0.12083984911441803,0.22220216691493988,0,2,0,4,3,2.5,0.9810649156570435,0.5177156014229363,7.09010304879474,10.492831584581666,8.390322304379145,7.120544684563464,5.243240119521912
15,659,-0.039480291306972504,0.13760481774806976,0.304658979177475,0.5235891342163086,0,2,1,8,0,-5.0,0.9804979562759399,0.5171978858215134,7.92152507922874,2.5596812347740263,1.9968156701037478,2.1267379448739927,1.7710996496145661
15,660,-0.038623154163360596,0.13964973390102386,-0.08260904252529144,-0.0475333034992218,0,2,0,-1,2,0.0,0.9805481433868408,0.5166806879356919,4.872349603902222,4.059060603265195,11.775721066985668,5.80552965594047,4.017553927328892
15,661,-0.039359305053949356,0.1394699066877365,-0.06928776204586029,-0.006104892119765282,0,2,0,0,3,2.5,0.9800311923027039,0.5161640072477562,5.858946919404503,5.719989695610392,12.064502200562611,7.207363709421157,6.142523424543212
15,662,-0.03891104459762573,0.1413108855485916,0.12883345782756805,0.31776055693626404,0,2,0,5,0,-5.0,0.9800000190734863,0.5156478432405085,6.059718699439007,8.008617244351356,10.046790908147258,5.303803128280968,5.676377640007692
15,663,-0.03973488137125969,0.14142122864723206,-0.2449646294116974,-0.2320042997598648,0,2,0,-4,2,0.0,0.9805386662483215,0.515132195397268,1.8703837876277327,1.5732056201123616,6.051507074645054,4.896671259547803,1.7475693091626172
15,664,-0.04202553629875183,0.13950401544570923,-0.21953000128269196,-0.17184649407863617,0,2,0,-3,0,-5.0,0.9817919135093689,0.5146170632018707,3.456257681922261,2.806947687453939,3.7253225029747963,9.301995172316161,3.480621031112177
15,665,-0.046187397092580795,0.1349373161792755,-0.5677585601806641,-0.683151364326477,0,2,-1,-11,3,2.5,0.9830160737037659,0.5141024461386688,0.5582779489940638,1.0801677483148135,2.6496929662843725,2.161631471163647,7.383835123065751
15,666,-0.0505153127014637,0.1303224414587021,-0.33281758427619934,-0.3035469055175781,0,2,-1,-5,4,5.0,0.9828473925590515,0.5135883436925301,1.7731891383251073,4.273283052460716,4.368357619532047,6.723294237296007,8.76591395865716
15,667,-0.05153465270996094,0.13096773624420166,0.07075154036283493,0.3336956799030304,0,2,0,5,4,5.0,0.9810321927070618,0.5130747553488376,6.251211421717684,8.008617244351356,10.239816916514973,5.303803128280968,5.896171117927108
15,668,-0.048689693212509155,0.13772380352020264,0.4441561698913574,0.9248579740524292,0,2,1,15,1,-2.5,0.9788863658905029,0.5125616805934888,8.44949293798878,3.2857966554794715,3.2634193355001058,2.376890994911608,1.4993421608975168
15,669,-0.045441191643476486,0.1453053504228592,0.2321666181087494,0.621857762336731,0,2,0,10,1,-2.5,0.977496325969696,0.5120491189128954,4.262885534221215,7.829956964738619,4.076551905800036,3.286958621267463,2.7353205819823714
15,670,-0.044217415153980255,0.15001237392425537,0.03668148070573807,0.3454428017139435,0,2,0,6,1,-2.5,0.9768679141998291,0.5115370697939825,6.964031420958461,9.813123888432965,7.096256210603387,6.743516152097785,6.568737125543832
15,671,-0.044862598180770874,0.15209245681762695,-0.143851637840271,0.09266477823257446,0,2,0,1,0,-5.0,0.9774531722068787,0.5110255327241885,5.642525657502745,7.876784110110248,11.646695182507525,8.649919579073064,7.647800846429549
15,672,-0.04829050973057747,0.15015609562397003,-0.49629202485084534,-0.4220871329307556,0,2,-1,-7,1,-2.5,0.9790032505989075,0.5105145071914643,1.4265915400812315,3.0953861940440417,3.3445872772063003,4.235501214407375,8.901380780545384
15,673,-0.05404120683670044,0.14490240812301636,-0.6374465227127075,-0.6149890422821045,0,2,-1,-10,4,5.0,0.9796541333198547,0.5100039926842729,0.9392250574259923,1.7288057187735002,2.663152827849822,1.9055528792035394,7.808944994374453
15,674,-0.057978302240371704,0.14263881742954254,-0.21144914627075195,0.0574478879570961,0,2,0,1,2,0.0,0.9793798923492432,0.5094939886915886,5.642525657502745,7.876784110110248,11.585682000757895,8.791903353339961,7.8543892861641105
15,675,-0.05994729697704315,0.1435970813035965,-0.18840724229812622,0.11419069766998291,0,2,0,2,2,0.0,0.9789432287216187,0.508984494702897,6.101594681792296,7.919172012220136,11.839294558840368,7.533215129984155,7.953108316444451
15,676,-0.06169528141617775,0.14510947465896606,-0.16703367233276367,0.16853657364845276,0,2,0,3,2,0.0,0.9783456921577454,0.508475510208194,6.900489285929119,8.511307688336972,11.700164615922066,8.31308933603393,7.301930354924561
15,677,-0.06323806196451187,0.14715398848056793,-0.14718110859394073,0.22079135477542877,0,2,0,4,1,-2.5,0.9780664443969727,0.5079670346979859,7.400858553199402,10.96602898681689,8.897823080131953,7.429237189180872,5.610999736796085
15,678,-0.06564562022686005,0.14809998869895935,-0.3142804205417633,-0.012065090239048004,0,2,-1,0,2,0.0,0.9779660701751709,0.5074590676632879,4.380515627535557,6.271218361994096,9.20256624026873,6.6950087728228995,4.307720267323955
15,679,-0.06859754770994186,0.14843828976154327,-0.2833552956581116,0.05748635530471802,0,2,-1,1,3,2.5,0.977179765701294,0.5069516085956246,3.748195242030185,4.22706711516314,4.597783246653179,8.405823652273995,4.345016320365808
15,680,-0.07019779831171036,0.1510637104511261,-0.06918059289455414,0.4068126678466797,0,2,0,7,1,-2.5,0.9763369560241699,0.506444656987029,5.638530475731285,9.885805777720577,6.772721206096877,5.550517915082733,4.511318309842382
15,681,-0.07185649871826172,0.15382780134677887,-0.24178950488567352,0.1663474291563034,0,2,0,3,3,2.5,0.9751871824264526,0.505938212330042,7.134492604559511,8.642543402285778,11.729674241856735,8.402918651714579,7.301930354924561
15,682,-0.07305779308080673,0.15752087533473969,-0.030638817697763443,0.5116121172904968,0,3,0,8,1,-2.5,0.9739752411842346,0.505432274117712,4.950225988162043,6.689851517530584,5.356615474686569,3.909798190528753,3.555143402253395
15,683,-0.07434418052434921,0.16132189333438873,-0.20563268661499023,0.2687794268131256,0,3,0,4,2,0.0,0.9729660749435425,0.5049268418435943,3.3046076337228625,3.2982336397505962,7.47346154139265,4.307767059852704,2.8063911794576057
15,684,-0.0762510672211647,0.1644199788570404,-0.18219217658042908,0.32887205481529236,0,3,0,5,2,0.0,0.9717394709587097,0.5044219150017507,3.6504416743132526,3.7279352253968314,7.604235971637224,4.470914091687652,4.463258386455784
15,685,-0.07793249189853668,0.1681087762117386,-0.16036459803581238,0.38696709275245667,0,3,0,6,2,0.0,0.9702885150909424,0.5039174930867489,4.48921979807894,5.271208993895515,7.283561199478566,4.794506257742556,4.305996567258722
15,686,-0.07940371334552765,0.17237026989459991,-0.1400071084499359,0.44336843490600586,0,3,0,7,2,0.0,0.9686039090156555,0.5034135755936622,4.478061040225057,4.606516371710869,6.967431979231062,4.475274185499741,4.038690317926246
15,687,-0.08067864179611206,0.17718937993049622,-0.12098853290081024,0.4983597993850708,0,3,0,8,0,-5.0,0.967828631401062,0.5029101620180685,5.06290680502597,6.799891281104134,5.48570183977068,3.909798190528753,3.555143402253395
15,688,-0.08386983722448349,0.17936363816261292,-0.47233960032463074,-0.008561067283153534,0,3,-1,0,2,0.0,0.9676404595375061,0.5024072518560504,2.2883225153996953,3.036768637464644,3.2989934165424057,6.355501094998976,3.5560533113586805
15,689,-0.08832527697086334,0.1798875331878662,-0.428379088640213,0.0852152407169342,0,3,-1,1,1,-2.5,0.9676978588104248,0.5019048446041944,3.347268435126698,5.408475810771709,2.4975610526454446,2.836718899987024,3.5888764746190382
15,690,-0.09340906888246536,0.17972810566425323,-0.5721811056137085,-0.1060410588979721,0,3,-1,-2,1,-2.5,0.9684060215950012,0.5014029397595902,1.6088950866903542,2.346960717283257,6.113521290247187,3.0894801292464678,3.686372916536519
15,691,-0.09987074881792068,0.17774701118469238,-0.7054191827774048,-0.2813468277454376,0,3,-1,-5,4,5.0,0.968002200126648,0.5009015368198305,1.011173799055565,1.508681501025988,1.6740366915336393,1.8108403136331401,4.560032411941621
15,692,-0.10445969551801682,0.17887923121452332,-0.27510350942611694,0.3990950286388397,0,3,-1,6,4,5.0,0.9652028679847717,0.5004006352830107,2.2528847208219895,2.2720065521384747,1.5091245062817,4.621566320598242,2.001746839405711
15,693,-0.10492758452892303,0.18653976917266846,0.12314502149820328,1.030846357345581,0,3,0,16,4,5.0,0.9598961472511292,0.4999002346477277,1.5905027982598612,2.8327571664433417,1.2015119385312945,1.664400693244898,1.1169851563946633
15,694,-0.10158579051494598,0.20025943219661713,0.4910515546798706,1.6168538331985474,0,3,1,26,1,-2.5,0.9538341760635376,0.49940033441307996,0.6769835808502662,0.90658068693577,1.1480137989907588,0.49908405463025496,0.5080445070937588
15,695,-0.09786098450422287,0.21486245095729828,0.279851496219635,1.3281341791152954,0,3,1,21,2,0.0,0.9478698372840881,0.49890093407866687,2.123855788339011,1.3293348890507408,3.1816454996732273,1.4710097936101874,1.270447820254502
15,696,-0.09510668367147446,0.22832036018371582,0.26885300874710083,1.3441559076309204,0,4,1,22,4,5.0,0.9399335980415344,0.4984020331445882,1.821640281699941,1.3871492815306798,2.595718423923202,1.3723367177419867,0.9394628238786547
15,697,-0.09037879854440689,0.24508452415466309,0.623863935470581,1.911996841430664,0,4,1,31,1,-2.5,0.9310131072998047,0.4979036311114436,0.16402107062552312,0.9307726303502046,0.2217812694610592,0.30572670615358377,0.15097593063403703
15,698,-0.08536173403263092,0.2626535892486572,0.4061248302459717,1.6235178709030151,0,4,1,26,0,-5.0,0.9238289594650269,0.4974057274803321,1.4437752705207192,0.6650408396141294,0.681361458065215,0.9790460741409543,0.8995801662595277
15,699,-0.0834444910287857,0.27599093317985535,0.025737997144460678,1.0967782735824585,0,4,0,18,4,5.0,0.9156480431556702,0.49690832175285177,1.155689910508426,3.4112784989057507,1.182540678049268,1.2176686910206098,1.4565380827534897
15,700,-0.08105473220348358,0.2904341220855713,0.396364688873291,1.6881927251815796,0,5,1,27,0,-5.0,0.907271683216095,0.4964114134310989,1.3048728034796864,0.9011833687831532,2.2046158624302006,1.2360432081243096,0.6893333449813885
15,701,-0.07920848578214645,0.30451321601867676,0.02041458711028099,1.1766027212142944,0,5,0,19,3,2.5,0.8987168073654175,0.4959150020176678,1.2257833312707287,1.398148885439979,1.3216392781886888,2.1985307794623834,1.1640577238058731
15,702,-0.07789696753025055,0.31825023889541626,0.21060658991336823,1.502036452293396,0,5,0,24,0,-5.0,0.8906524181365967,0.49541908701565013,1.6654843745976915,0.7797811117481466,0.913102849304343,0.7934645064967276,0.6483441084549406
15,703,-0.07780420780181885,0.33067750930786133,-0.14758288860321045,1.0252418518066406,0,5,0,16,4,5.0,0.8813294172286987,0.49492366792863446,0.8400572910620812,1.4647541434972042,0.944257811299103,0.9543652531149084,2.4262827623111654
15,704,-0.07709590345621109,0.3444860577583313,0.23149901628494263,1.6274577379226685,0,6,0,26,3,2.5,0.868515133857727,0.4944287442607058,1.0818703334452868,0.6492883112734494,0.5405233619432979,0.35985859601780423,0.25689956659176516
15,705,-0.07377291470766068,0.36260849237442017,0.4042617082595825,1.9295520782470703,0,6,1,31,1,-2.5,0.8550131320953369,0.4939343155164451,0.18412391314559917,0.3240597438820358,0.4621900271570774,0.2884988740973225,0.24915792498933897
15,706,-0.07079625874757767,0.3807714283466339,0.21279463171958923,1.707861065864563,0,6,0,27,0,-5.0,0.8436093926429749,0.4934403812009287,1.0517501534680231,0.46861641672067106,0.37089571216502004,0.4322693118150862,0.09692896721317443
15,707,-0.07063169777393341,0.39546242356300354,-0.13692894577980042,1.2641589641571045,0,6,0,20,2,0.0,0.832893967628479,0.4929469408197278,0.6939555563688544,0.4944261297771709,1.3159702048579622,0.6356655156869888,0.4309959863844492
16,708,-0.07182987034320831,0.40878593921661377,-0.11211774498224258,1.3580530881881714,0,7,0,22,2,0.0,-2.1789684295654297,0.49245399387890804,-0.4424407079100609,-0.5023826960325242,-0.48431778689622884,-0.40507587838172915,-0.7440869151425362
16,709,-0.13478761911392212,-0.12418480217456818,0.11757892370223999,0.0798330307006836,0,-2,0,1,0,-5.0,0.9838905334472656,0.4919615398850291,3.1472547326063087,4.175880086054618,5.357969307685126,6.661424955500321,3.110486711876569
16,710,-0.1358291655778885,-0.12692300975322723,-0.26998165249824524,-0.5324669480323792,0,-2,-1,-9,3,2.5,0.9829248785972595,0.4914695783451441,1.2795525506978889,1.911378151988806,1.3507123733452397,3.84081836866111,1.87962443041407
16,711,-0.13740545511245728,-0.13067185878753662,-0.07027722895145416,-0.2460455298423767,0,-2,0,-4,2,0.0,0.9822273850440979,0.4909781087667989,4.144540337899145,3.157852996866727,5.020458336147145,4.94633833819859,7.054606501592946
16,712,-0.13812999427318573,-0.13331377506256104,-0.07178229093551636,-0.26813849806785583,0,-2,0,-4,4,5.0,0.9823259711265564,0.4904871306580321,4.144540337899145,3.157852996866727,5.020458336147145,4.94633833819859,7.151773875892331
16,713,-0.13675424456596375,-0.13294371962547302,0.29861435294151306,0.2782769501209259,0,-2,1,4,0,-5.0,0.9820917844772339,0.4899966435273741,6.636004830908283,4.2718425469092045,3.373836227798046,3.792319962982897,1.2898802151118391
16,714,-0.1360626518726349,-0.13382157683372498,-0.10239525139331818,-0.35523056983947754,0,-2,0,-6,2,0.0,0.9810828566551208,0.4895066468838467,5.571205575279623,3.8488428705923403,7.624825895248249,4.919801707634571,5.7974778732802354
16,715,-0.13709577918052673,-0.13753969967365265,-0.10164683312177658,-0.3743745684623718,0,-2,0,-6,1,-2.5,0.9795304536819458,0.48901714023696286,5.571205575279623,3.9174878962089137,7.691650859074954,4.919801707634571,6.075142290590671
16,716,-0.13918006420135498,-0.14307187497615814,-0.28693053126335144,-0.6784597039222717,0,-2,-1,-11,1,-2.5,0.977038562297821,0.4885281230967259,1.9043152873648865,4.7799228533297455,1.952569381150722,2.2322855963200676,3.6970112452099477
16,717,-0.143038809299469,-0.15153029561042786,-0.4583970308303833,-0.962090015411377,0,-2,-1,-15,2,0.0,0.9740422964096069,0.48803959497362914,1.9464910818696486,3.3361414911128,6.159122861762674,3.0438239065536434,5.364026447604866
16,718,-0.14748543500900269,-0.1611138880252838,-0.431760311126709,-0.9445491433143616,0,-3,-1,-15,4,5.0,0.9719943404197693,0.4875515553786555,1.5791030350911495,2.248615135666135,2.993312433945401,2.7347246265064427,5.634578649758025
16,719,-0.14957517385482788,-0.16734886169433594,-0.037512101233005524,-0.3686180114746094,0,-3,0,-6,0,-5.0,0.969549834728241,0.48706400382327686,4.787416573167844,4.862979605298747,6.841001546526901,5.050276433661095,3.7093296455771885
16,720,-0.15210272371768951,-0.17449985444545746,-0.4129622280597687,-0.9651957154273987,0,-3,-1,-15,4,5.0,0.9672421813011169,0.4865769398194536,1.5791030350911495,2.248615135666135,2.993312433945401,2.7347246265064427,5.74842976527292
16,721,-0.15402235090732574,-0.18099118769168854,-0.02165265753865242,-0.39711451530456543,0,-3,0,-6,2,0.0,0.9656791687011719,0.48609036287963414,4.787416573167844,4.862979605298747,6.857879301001544,5.050276433661095,3.7093296455771885
16,722,-0.1542992889881134,-0.18525880575180054,-0.02914859540760517,-0.43584463000297546,0,-3,0,-7,2,0.0,0.9639320373535156,0.48560427251675453,4.382880193803699,3.9220854036303483,4.648163291791844,6.2448585799350536,4.105174406824361
16,723,-0.15464943647384644,-0.1899157464504242,-0.036271240562200546,-0.4746437966823578,0,-3,0,-8,3,2.5,0.9626055955886841,0.48511866824423777,4.2427353307806435,2.972305318379643,3.123527678812974,3.9360629621401952,3.536279421088266
16,724,-0.1540219932794571,-0.1933763176202774,0.14104895293712616,-0.23462478816509247,0,-3,0,-4,4,5.0,0.9627618193626404,0.4846335495759935,2.9713069113460735,3.108325684400455,3.7466987918956045,6.13355877035375,2.727554647236226
16,725,-0.15065129101276398,-0.19297194480895996,0.48903268575668335,0.26329120993614197,0,-3,1,4,0,-5.0,0.9623053073883057,0.4841489160264175,5.217658072425946,2.197283858698886,1.759654154735176,1.890427995320132,0.9138178235322314
16,726,-0.14813385903835297,-0.19415119290351868,0.07518292963504791,-0.39261168241500854,0,-3,0,-6,2,0.0,0.9606150388717651,0.4836647671103911,4.787416573167844,4.940405461981344,6.8813223374940495,5.050276433661095,3.8176185317131353
16,727,-0.14748762547969818,-0.19845664501190186,0.05995461717247963,-0.44497787952423096,0,-3,0,-7,3,2.5,0.9593167304992676,0.4831811023432807,4.382880193803699,3.9220854036303483,4.648163291791844,6.282265198693363,4.105174406824361
16,728,-0.14594309031963348,-0.20170089602470398,0.22947904467582703,-0.21846497058868408,0,-3,0,-3,3,2.5,0.9588741660118103,0.4826979212409374,3.5048924093907434,4.133365244939859,5.501157731143442,6.2587169628596095,4.511361193493726
16,729,-0.14277653396129608,-0.20279505848884583,0.38623031973838806,-0.011835416778922081,0,-3,1,0,0,-5.0,0.9572906494140625,0.48221522331969646,3.6716037011688014,6.406901970399341,2.37940793414259,3.0148245488298793,1.8351990408335181
16,730,-0.1412428319454193,-0.2066623866558075,-0.019643928855657578,-0.6558859348297119,0,-3,0,-10,2,0.0,0.954392671585083,0.48173300809637676,2.4899105022177555,2.1298336064700374,2.255885242787851,5.6569408103399255,2.5075880518660254
16,731,-0.1415080577135086,-0.21355870366096497,-0.028278686106204987,-0.7001506090164185,0,-3,0,-11,1,-2.5,0.9505054950714111,0.48125127508828036,2.78225053114856,2.294130648474464,2.7781675275378017,5.253272328248459,3.5838275156626294
16,732,-0.14289970695972443,-0.22247366607189178,-0.21965304017066956,-1.0209527015686035,0,-4,0,-16,1,-2.5,0.9450193047523499,0.48077002381319206,1.161616526436455,2.905473406205407,1.0990486649107414,1.4065022460071246,1.4880533032138963
16,733,-0.14612288773059845,-0.2344796061515808,-0.3965822756290436,-1.3207879066467285,0,-4,-1,-21,2,0.0,0.9385837316513062,0.48028925378937887,2.0179021432006774,1.950173573600209,4.03716158832361,2.6362070751095388,2.171820398799225
16,734,-0.15000243484973907,-0.24782297015190125,-0.37793123722076416,-1.3282972574234009,0,-4,-1,-21,1,-2.5,0.9309263825416565,0.47980896453558947,2.0179021432006774,2.0328499548705112,4.03716158832361,2.6362070751095388,2.171820398799225
16,735,-0.15473990142345428,-0.2628186047077179,-0.5426758527755737,-1.6120353937149048,0,-4,-1,-26,1,-2.5,0.9212896823883057,0.4793291555710539,0.7867662956559673,2.3174781995685745,1.070421880895689,1.5044848699959807,1.3248616522954155
16,736,-0.16105179488658905,-0.2805536985397339,-0.6946462988853455,-1.877992868423462,0,-4,-1,-30,4,5.0,0.9121997356414795,0.47884982641548285,0.4959546247152179,0.5170810604713609,0.7104016971706113,0.4888173679714103,2.062043092847244
16,737,-0.1657457798719406,-0.29631108045578003,-0.29531505703926086,-1.3288127183914185,0,-5,-1,-21,4,5.0,0.9058205485343933,0.47837097658906735,1.1462404952023744,0.9710102978276449,1.0341931067708505,1.1247963111841575,2.8516778993722856
16,738,-0.1666351556777954,-0.3068867623806,0.07170078158378601,-0.8320189714431763,0,-5,0,-13,2,0.0,0.9003028869628906,0.47789260561247826,1.5401645754566318,1.4528880805606157,2.7669216086951174,1.1848904060080265,1.2350128240145861
16,739,-0.16605257987976074,-0.315748393535614,0.052802205085754395,-0.9057378172874451,0,-5,0,-14,1,-2.5,0.8931804895401001,0.4774147130068658,1.5665200080603028,2.3920079967331125,1.5754997370710804,1.0954173346603402,1.5847784557214153
16,740,-0.1666656732559204,-0.32683247327804565,-0.1430153101682663,-1.240020990371704,0,-5,0,-20,1,-2.5,0.8836239576339722,0.4769372982938589,0.9924196316654603,2.1816120138713693,0.8685817984157054,1.0480381214959194,0.8911381955498012
16,741,-0.16915078461170197,-0.3411393463611603,-0.32380902767181396,-1.5528875589370728,0,-5,-1,-25,4,5.0,0.8746240139007568,0.47646036099556505,0.8207905172939903,1.0344590750758864,1.243030521278202,2.6040955189380153,1.568948983907497
16,742,-0.17034929990768433,-0.35408473014831543,0.0391693077981472,-1.0765833854675293,0,-6,0,-17,1,-2.5,0.8654003143310547,0.47598390063456947,0.4930522761244728,0.9223330257748279,1.9803780034765792,0.80733545318007,0.9876054919985802
16,743,-0.17108649015426636,-0.3668783903121948,-0.15421903133392334,-1.4089879989624023,0,-6,0,-23,3,2.5,0.8555921316146851,0.4755079167339349,0.3934673457236312,0.6141309122897274,0.9598201305256826,1.5429321711263957,0.7006211119456109
16,744,-0.17167967557907104,-0.38001033663749695,0.017477424815297127,-1.2165570259094238,0,-6,0,-19,1,-2.5,0.8446119427680969,0.47503240881720094,0.7958426528566749,1.608007150843636,0.9748682773417948,0.7866179166907988,1.3290261946348614
16,745,-0.17261837422847748,-0.3941928446292877,-0.17308665812015533,-1.545771837234497,0,-6,0,-25,4,5.0,0.8340756297111511,0.47455737640838375,0.05697124760915878,0.3584776920045363,0.35248238151242467,0.7015985821530186,1.071671585430571
16,746,-0.1724182814359665,-0.4073382318019867,0.17130477726459503,-1.1141839027404785,0,-7,0,-18,3,2.5,0.825435221195221,0.47408281903197536,-0.3167657089233399,-0.5909494256973267,-0.25422949016094204,-0.25306717430078984,-0.22056639253962876
17,747,-0.16991354525089264,-0.41780948638916016,0.31604740023612976,-0.9695187211036682,0,-7,1,-16,2,0.0,-2.1834583282470703,0.47360873621294336,-0.2952733323574066,-0.5823913217425347,-0.6207327936387063,-0.2791468489170075,-0.2537799266576767
17,748,0.09606090188026428,-0.028133049607276917,-0.010551989078521729,0.19719484448432922,0,0,0,3,4,5.0,0.9994751811027527,0.4731351274767304,7.916196654905011,16.240999414316803,9.493966338986281,7.648068447627926,8.066828281240722
17,749,0.09808417409658432,-0.022908417508006096,0.36416739225387573,0.7711395025253296,0,0,1,12,0,-5.0,0.9996476173400879,0.4726619923492537,14.70724658262731,7.926743023856982,6.3758634300130055,3.071919998685294,2.1794480940195426
17,750,0.09942576289176941,-0.018771590664982796,-0.03971979022026062,0.14461076259613037,0,0,0,2,3,2.5,0.999754011631012,0.47218933035690447,9.464782537649235,11.436927308930844,17.751372495622913,10.781305280889569,10.81438116180433
17,751,0.10010603070259094,-0.015683947131037712,0.15002092719078064,0.43461522459983826,0,0,0,7,0,-5.0,0.999782145023346,0.47171714102654755,9.828076657357258,6.194593382074427,2.919711717343133,6.048702255042628,2.3506292907289867
17,752,0.09939990192651749,-0.014760223217308521,-0.23751036822795868,-0.1657325029373169,0,0,0,-3,2,0.0,0.9997347593307495,0.471245423885521,9.309527826390195,9.218364267101194,17.178033549999192,13.709382009341521,11.353466862307705
17,753,0.09712027758359909,-0.01628710702061653,-0.22046449780464172,-0.1417006254196167,0,0,0,-2,4,5.0,0.9997957944869995,0.47077417846163544,12.662037908217632,9.505555974906507,19.842691913113896,12.003632203826877,11.770833120411648
17,754,0.09713929146528244,-0.014291051775217056,0.17069819569587708,0.4594709873199463,0,0,0,7,0,-5.0,0.9998276233673096,0.4703034042831738,10.367264980966226,6.194593382074427,2.919711717343133,6.048702255042628,2.3506292907289867
17,755,0.09663162380456924,-0.013130069710314274,-0.21831898391246796,-0.1429656594991684,0,0,0,-2,0,-5.0,0.9996854662895203,0.46983310087889063,12.913237031259557,9.707228295215256,19.9238182291735,11.95369309999495,11.919545841219191
17,756,0.09240022301673889,-0.01773579977452755,-0.5781114101409912,-0.7002660036087036,0,0,-1,-11,4,5.0,0.9995551109313965,0.46936326777801174,1.6948417515880199,3.298057542463086,8.361575547235903,6.134238692706805,18.49106123074552
17,757,0.08899486809968948,-0.021092932671308517,-0.1602199226617813,-0.05823058634996414,0,0,0,-1,2,0.0,0.9995331764221191,0.4688939045102337,15.12108991103205,12.34728872625802,23.33524443014293,14.88553183036673,12.489271758363323
17,758,0.08745258301496506,-0.02160678058862686,-0.14930471777915955,-0.04459492489695549,0,0,0,-1,0,-5.0,0.9993605017662048,0.4684250106057235,15.381474645608423,12.339601189943782,23.37838011086687,14.88553183036673,12.489271758363323
17,759,0.08387879282236099,-0.025288088247179985,-0.5146591663360596,-0.611655056476593,0,0,-1,-10,4,5.0,0.9992263317108154,0.46795658559511777,1.820247431806791,5.1015396500494266,7.902579152818332,6.466018545761797,19.9252607993727
17,760,0.08107742667198181,-0.027815336361527443,-0.10199641436338425,0.021083980798721313,0,0,0,0,2,0.0,0.9992390275001526,0.46748862900952265,16.310921746040997,14.652443572742845,24.10123826844066,17.13224117786433,14.744591079054734
17,761,0.08008982241153717,-0.027586137875914574,-0.09580104053020477,0.02643626742064953,0,0,0,0,2,0.0,0.9992543458938599,0.4670211403805131,16.310921746040997,14.652443572742845,24.068220246017063,17.295324890130466,14.744591079054734
17,762,0.0791616141796112,-0.027307087555527687,-0.09005819261074066,0.031126394867897034,0,0,0,0,2,0.0,0.999271810054779,0.4665541192401326,16.310921746040997,14.652443572742845,24.112886296332654,17.295324890130466,14.744591079054734
17,763,0.0782884880900383,-0.026984425261616707,-0.08473136276006699,0.03521810099482536,0,0,0,1,2,0.0,0.999291181564331,0.4660875651208925,10.72824857467222,13.453147427147599,23.029669446218538,15.37398077829219,15.796593220914644
17,764,0.07746649533510208,-0.026623783633112907,-0.07978706806898117,0.03876948729157448,0,0,0,1,2,0.0,0.9993119835853577,0.4656214775557716,10.72824857467222,13.453147427147599,23.05630769700542,15.559014028945768,16.096510699582826
17,765,0.07669197767972946,-0.02623024582862854,-0.07519461959600449,0.04183352738618851,0,0,0,1,2,0.0,0.999333918094635,0.46515585607821586,10.72824857467222,13.808434440334398,23.080283219439075,15.559014028945768,16.096510699582826
17,766,0.07596158981323242,-0.025808395817875862,-0.07092593610286713,0.044458404183387756,0,0,0,1,2,0.0,0.999356746673584,0.46469070022213765,10.72824857467222,14.07325158894535,23.135559499267757,15.559014028945768,16.096510699582826
17,767,0.07527223229408264,-0.025362368673086166,-0.06695524603128433,0.046688057482242584,0,0,0,1,2,0.0,0.9993801712989807,0.4642260095219155,10.857929941108491,14.07325158894535,23.18530932234484,15.559014028945768,16.096510699582826
17,768,0.07462106645107269,-0.02489587478339672,-0.06325898319482803,0.048562366515398026,0,0,0,1,2,0.0,0.9994040727615356,0.4637617835123936,10.857929941108491,14.07325158894535,23.23008535818734,15.559014028945768,16.096510699582826
17,769,0.07400548458099365,-0.02441224828362465,-0.05981546640396118,0.05011783167719841,0,0,0,1,3,2.5,0.9995042085647583,0.46329802172888124,10.857929941108491,14.07325158894535,23.380644616548043,15.736902188582992,16.096510699582826
17,770,0.07449091225862503,-0.022266773506999016,0.13110196590423584,0.3410249352455139,0,0,0,5,4,5.0,0.9997539520263672,0.46283472370715234,7.638957763451954,20.747824858222668,7.086073106913396,7.0968694081194155,4.356132666239244
17,771,0.07787301391363144,-0.01568562723696232,0.4955717623233795,0.9001620411872864,0,0,1,14,1,-2.5,0.9999245405197144,0.46237188898344517,2.5608320130814723,8.248647737142253,3.514066843826217,1.4155264798165241,1.129624165026522
17,772,0.08154316991567612,-0.008685027249157429,0.2698947787284851,0.549710214138031,0,0,1,9,2,0.0,0.9999885559082031,0.4619095170944617,19.390444916076213,8.366507934594758,7.5233867712469555,4.73122035991543,2.7170269612032074
17,773,0.08412353694438934,-0.003380339127033949,0.2492222934961319,0.5166210532188416,0,0,0,8,1,-2.5,1.0,0.46144760757736725,4.013087838418041,9.986508145963786,2.613237841484376,4.37182795554274,2.089754525275665
17,774,0.08543989807367325,-3.2406431273557246e-05,0.04260900989174843,0.19733178615570068,0,0,0,3,1,-2.5,0.9999999403953552,0.46098615996978987,8.6721204438544,17.669456608731977,10.680106549948295,7.775395207988865,8.537188683207495
17,775,0.08477964252233505,0.0002643053885549307,-0.14834025502204895,-0.09735144674777985,0,0,0,-2,0,-5.0,0.9999847412109375,0.46052517380982005,12.821566707160414,10.994174465350639,21.174931970486668,12.95414277457348,12.224374825975328
17,776,0.08122330904006958,-0.003908474463969469,-0.5127220153808594,-0.6597498059272766,0,0,-1,-11,4,5.0,0.9999526739120483,0.4600646486360102,1.6948417515880199,3.298057542463086,8.361575547235903,6.469431282011224,18.85121120370149
17,777,0.0784497782588005,-0.006878196727484465,-0.09894952178001404,-0.021860621869564056,0,0,0,0,0,-5.0,0.999893069267273,0.4596045839873742,17.2327186268424,14.772647071230235,24.586865455768752,17.709539778589317,15.000216856661552
17,778,0.07536346465349197,-0.0103409169241786,-0.46739858388900757,-0.5915847420692444,0,0,-1,-9,4,5.0,0.9998394846916199,0.45914497940338683,2.335829648932204,5.535647531094471,4.999230760819572,7.967167606046837,19.837599997907937
17,779,0.07302113622426987,-0.012670409865677357,-0.05738222226500511,0.03951715677976608,0,0,0,1,2,0.0,0.9998496770858765,0.4586858344239834,11.067006345232194,14.4168680927795,23.766609242001834,15.838160408568417,16.997835925668877
17,780,0.07246673107147217,-0.01225962396711111,-0.05373665690422058,0.043234411627054214,0,0,0,1,1,-2.5,0.9998188018798828,0.45822714858955943,11.067006345232194,14.631846377856995,23.701491809691127,16.05166034740739,16.997835925668877
17,781,0.07087928801774979,-0.013461792841553688,-0.23809149861335754,-0.243137389421463,0,0,0,-4,3,2.5,0.9998008608818054,0.45776892144096987,7.845213012055607,6.168357501805563,12.27734774255092,19.62873326221556,10.033666300617732
17,782,0.06966269016265869,-0.014111759141087532,-0.03319483995437622,0.07098876684904099,0,0,0,1,2,0.0,0.9998202919960022,0.4573111525195289,11.067006345232194,14.631846377856995,24.137649987714862,16.05166034740739,16.997835925668877
17,783,0.06933925300836563,-0.013404696248471737,-0.03143875673413277,0.0715792253613472,0,0,0,1,3,2.5,0.9998780488967896,0.4568538413670094,11.067006345232194,14.893585575261817,24.167328303457197,16.213002654745868,17.274896963603204
17,784,0.07010100781917572,-0.011043221689760685,0.1579708755016327,0.36189141869544983,0,0,0,6,1,-2.5,0.9999154210090637,0.4563969875256424,7.569756416956816,19.156488160612057,8.172655706640573,8.608618119199466,4.540187872203951
17,785,0.07054077833890915,-0.009195876307785511,-0.0421934649348259,0.05137396231293678,0,0,0,1,2,0.0,0.9999248385429382,0.45594059053811675,11.067006345232194,14.893585575261817,24.19406304969595,16.213002654745868,17.460392367465694
17,786,0.07013316452503204,-0.008670411072671413,-0.039504460990428925,0.05414407327771187,0,0,0,1,2,0.0,0.9999340772628784,0.45548464994757865,11.067006345232194,14.893585575261817,24.21812478324683,16.213002654745868,17.460392367465694
17,787,0.06975151598453522,-0.008118091151118279,-0.036989469081163406,0.05672587454319,0,0,0,1,2,0.0,0.9999431371688843,0.45502916529763104,11.067006345232194,15.272239574621302,24.31737052481983,16.213002654745868,17.460392367465694
17,788,0.06939417123794556,-0.007540636695921421,-0.03463403508067131,0.059145692735910416,0,0,0,1,2,0.0,0.9999518394470215,0.45457413613233344,11.067006345232194,15.272239574621302,24.41121433500789,16.213002654745868,17.460392367465694
17,789,0.06905961036682129,-0.006939518265426159,-0.032424863427877426,0.06142780929803848,0,0,0,1,4,5.0,0.9999908804893494,0.4541195619962011,11.546627207572639,15.272239574621302,24.52571096076278,16.213002654745868,17.83151240214123
17,790,0.07088278234004974,-0.0030186872463673353,0.34517213702201843,0.6431924104690552,0,0,1,10,3,2.5,0.9999766945838928,0.4536654424342049,20.375368362154195,9.82359127377455,9.366571655664737,4.393862387563875,2.561911673355514
17,791,0.07525421679019928,0.0048298947513103485,0.5069098472595215,0.8925283551216125,0,0,1,14,1,-2.5,0.9998611807823181,0.45321177699177073,2.5608320130814723,8.948521129771397,3.514066843826217,1.6107462473901468,1.129624165026522
17,792,0.07904069125652313,0.011781771667301655,0.2813967764377594,0.5454091429710388,0,0,1,9,2,0.0,0.9997085332870483,0.452758565214779,20.697500519565295,8.366507934594758,8.96504142181277,4.9828645907627145,2.7942945858284256
17,793,0.08173926174640656,0.017071615904569626,0.26091867685317993,0.515720009803772,0,0,1,8,3,2.5,0.999436616897583,0.4523058066495642,8.143431456567498,7.193108945641171,8.034385963239206,13.094063737980399,4.572433646528655
17,794,0.0853118821978569,0.023735426366329193,0.4299755096435547,0.7793196439743042,0,0,1,12,0,-5.0,0.9992164373397827,0.45185350084291465,16.982908463769284,7.926743023856982,6.644912714254383,3.071919998685294,2.7681080377016767
17,795,0.08730180561542511,0.02799219638109207,0.023576289415359497,0.1560322642326355,0,0,0,2,2,0.0,0.9991246461868286,0.4514016473420717,10.367643166560033,11.938915290056755,20.05945710426274,10.834378285911406,11.528220125991343
17,796,0.08753881603479385,0.02958635799586773,0.023290449753403664,0.15986718237400055,0,0,0,3,0,-5.0,0.999220073223114,0.45095024569472963,9.339992805374429,18.29208662055825,11.44928702682882,8.120687205382115,9.237322806196838
17,797,0.0856383740901947,0.027927454560995102,-0.35224026441574097,-0.41498538851737976,0,0,-1,-7,2,0.0,0.9994211792945862,0.4504992954490349,3.6807868383777107,7.488952299230005,6.900215622910407,7.7833745997427535,15.873609167119453
17,798,0.08227740973234177,0.02405804954469204,-0.3243767321109772,-0.36786577105522156,0,0,-1,-6,3,2.5,0.999503493309021,0.45004879615358584,1.5984065348838032,6.446333362764932,4.2832232811757,16.297266183572127,5.125251913830671
17,799,0.08024958521127701,0.022282619029283524,-0.11108555644750595,-0.03519187867641449,0,0,0,-1,3,2.5,0.9994387626647949,0.44959874735743227,18.122588760720618,13.873798732012695,25.064347732313827,16.498994639263508,13.494738779580855
17,800,0.08026304095983505,0.023690886795520782,0.08613763004541397,0.2725065350532532,0,0,0,4,4,5.0,0.9991181492805481,0.4491491486100748,7.801823020036726,20.314924849176652,8.808940399808769,5.72552095718378,5.750235482845145
17,801,0.08323284238576889,0.029696403071284294,0.4563257396221161,0.8473603129386902,0,0,1,14,0,-5.0,0.9988009333610535,0.44869999946146477,3.0647816404990205,9.07059658301537,3.514066843826217,2.0011590923273084,1.129624165026522
17,802,0.08547772467136383,0.03462779149413109,0.048326365649700165,0.22263166308403015,0,1,0,4,2,0.0,0.9986396431922913,0.4482512994620033,7.710468354449745,9.831740834901243,12.551415239062806,7.1336332852388615,7.330132362222674
17,803,0.08595433831214905,0.036883339285850525,0.04653363302350044,0.22516261041164398,0,1,0,4,2,0.0,0.9984657764434814,0.4478030481625413,7.710468354449745,9.831740834901243,12.531457673104883,7.1336332852388615,7.3554859887081
17,804,0.08641469478607178,0.03916933387517929,0.04499367997050285,0.22842563688755035,0,1,0,4,0,-5.0,0.9985406994819641,0.44735524511437874,7.89495907934972,9.831740834901243,12.531457673104883,7.1336332852388615,7.3554859887081
17,805,0.08472666144371033,0.03820091485977173,-0.33152109384536743,-0.34628331661224365,0,1,-1,-6,4,5.0,0.9985319375991821,0.4469078898692644,2.2828890760784106,2.6146301840196005,3.7908416984292383,9.730837133121508,5.887488409371062
17,806,0.08370287716388702,0.03831532597541809,0.07056611776351929,0.27958470582962036,0,1,0,4,2,0.0,0.9983081221580505,0.4464609819793951,7.89495907934972,9.831740834901243,12.620956750208709,7.1336332852388615,7.3554859887081
17,807,0.08439384400844574,0.04113226383924484,0.06729865819215775,0.28041332960128784,0,1,0,4,2,0.0,0.9980671405792236,0.44601452099741573,7.89495907934972,9.831740834901243,12.527269152873988,7.1336332852388615,7.3554859887081
17,808,0.0850546583533287,0.043964579701423645,0.06442375481128693,0.2822742164134979,0,1,0,5,1,-2.5,0.9979590177536011,0.4455685064764183,6.572688207517255,10.720045475301767,8.084566183168034,6.736668004955285,5.251232917205798
17,809,0.08462207019329071,0.04517706111073494,-0.1256452202796936,-0.004079889506101608,0,1,0,0,2,0.0,0.9979480504989624,0.4451229379699419,8.23270863193984,8.910044548933033,13.4925561761734,9.252075999033888,10.864546975076248
17,810,0.08343742787837982,0.0452982634305954,-0.11384551227092743,0.02095201052725315,0,1,0,0,2,0.0,0.9979149699211121,0.44467781503197196,8.23270863193984,8.910044548933033,13.486245179274645,9.252075999033888,10.837569174674002
17,811,0.08236579596996307,0.04566226899623871,-0.10292275249958038,0.04465596750378609,0,1,0,1,4,5.0,0.9975451231002808,0.44423313721693997,7.201100069800118,8.015102466340657,10.41571266184188,8.672412743584989,11.184459173573961
17,812,0.08353272080421448,0.04954681918025017,0.28228288888931274,0.6454994678497314,0,1,1,10,2,0.0,0.9968748092651367,0.44378890407972305,8.445101530911957,7.740270730104034,12.48185689743232,6.364720924057009,2.8393189453559153
17,813,0.08625467866659164,0.0559031218290329,0.263696551322937,0.6245044469833374,0,1,1,10,2,0.0,0.9961469769477844,0.44334511517564335,8.445101530911957,7.740270730104034,12.185884718340013,6.364720924057009,2.8393189453559153
17,814,0.08880124986171722,0.06207285821437836,0.24683703482151031,0.6071364283561707,0,1,0,10,3,2.5,0.9951373934745789,0.4429017700604677,1.6937389219280279,1.4749979282023045,1.3071608424974808,6.348760633761106,1.6685027654676228
17,815,0.0922546237707138,0.06973249465227127,0.41889071464538574,0.8816966414451599,0,1,1,14,2,0.0,0.9938541054725647,0.44245886829040726,6.642905411637161,4.56198637869265,8.49962138660409,2.220956895834064,2.6984920897392444
17,816,0.09629182517528534,0.0783957913517952,0.39105385541915894,0.8496050834655762,0,1,1,14,1,-2.5,0.992752194404602,0.44201640942211684,6.642905411637161,4.878393412453422,8.49962138660409,2.220956895834064,2.6984920897392444
17,817,0.09900166839361191,0.0851341187953949,0.17868271470069885,0.5349334478378296,0,1,0,9,1,-2.5,0.9921004772186279,0.44157439301269474,3.531800577657819,9.905498859689281,1.4479837947932435,2.79540520125114,1.5376806877552016
17,818,0.09968221932649612,0.08887925744056702,-0.017266133800148964,0.246619313955307,0,1,0,4,2,0.0,0.9916254878044128,0.44113281861968207,7.89495907934972,10.050311860217715,12.737703524093778,7.525300648333796,7.6350030711104075
17,819,0.09955235570669174,0.09151225537061691,-0.011336765252053738,0.26923492550849915,0,1,0,4,2,0.0,0.9910939335823059,0.4406916858010624,7.89495907934972,10.050311860217715,12.836524875716698,7.525300648333796,7.6350030711104075
17,820,0.09948025643825531,0.09437204152345657,-0.005718918517231941,0.2917720377445221,0,2,0,5,2,0.0,0.990501880645752,0.4402509941152613,8.672921057752934,11.07307271115364,13.982943103253609,7.135818008856507,8.021932542960858
17,821,0.09946303814649582,0.09745843708515167,-0.0003783912106882781,0.3143172264099121,0,2,0,5,2,0.0,0.9898449778556824,0.43981074312114604,8.672921057752934,11.07307271115364,14.080787756068478,7.135818008856507,8.021932542960858
17,822,0.09949812293052673,0.10077206790447235,0.0047163283452391624,0.33695295453071594,0,2,0,5,2,0.0,0.9891185164451599,0.4393709323780249,8.672921057752934,11.07307271115364,14.134048944523506,7.315259794163728,8.021932542960858
17,823,0.0995832234621048,0.1043143942952156,0.009594270028173923,0.3597579300403595,0,2,0,6,0,-5.0,0.9890111088752747,0.4389315614456469,10.62185114639298,13.762700080191099,10.12708285507301,9.641141199146848,8.406422350561957
17,824,0.09759285300970078,0.10482797771692276,-0.35899749398231506,-0.19018106162548065,0,2,-1,-3,3,2.5,0.988980770111084,0.43849262988420123,4.501099192338941,4.35061457350288,5.205202105845245,12.217565240340562,6.220593553716885
17,825,0.09525876492261887,0.10497263073921204,-0.1401115357875824,0.16161572933197021,0,2,0,3,2,0.0,0.9885802268981934,0.438054137254317,9.407695620275572,12.562571896640009,13.671665008646936,11.300690137406688,9.577246168766283
17,826,0.09395892173051834,0.1068633571267128,-0.12419231981039047,0.2019559144973755,0,2,0,3,4,5.0,0.9873645305633545,0.4376160831170627,9.407695620275572,12.562571896640009,13.716534775305082,11.300690137406688,9.634157537449617
17,827,0.09493491798639297,0.11240776628255844,0.2637602686882019,0.813472330570221,0,2,1,13,1,-2.5,0.9858536720275879,0.43717846703394564,5.0426089161588195,10.46583284342454,4.401318160789842,4.206834529436293,1.9899804864511381
17,828,0.0964430496096611,0.11893846094608307,0.06332655996084213,0.5233029127120972,0,2,0,8,1,-2.5,0.9849415421485901,0.4367412885669117,9.958917779626502,12.276170358234967,8.80635417786473,6.691921332108147,5.736270023549309
17,829,0.09603618085384369,0.12271273136138916,-0.1215868666768074,0.2580401599407196,0,2,0,4,3,2.5,0.9838181138038635,0.4363045472783448,10.53324213668646,14.40647408518828,12.302216969871779,9.691253847688351,8.241404794661808
17,830,0.09597956389188766,0.12720803916454315,0.08000725507736206,0.5854189395904541,0,2,0,9,0,-5.0,0.9831027388572693,0.43586824273106645,12.421855569476755,6.688675738701613,6.821559364697338,5.2821766234314955,5.5367908237003896
17,831,0.09467794001102448,0.1299893707036972,-0.291637122631073,0.035854704678058624,0,2,-1,1,3,2.5,0.9824749231338501,0.4354323744883354,6.039092225613857,6.122498488574779,7.153274947954944,12.996692334309852,7.564104567673923
17,832,0.09299473464488983,0.1323823779821396,-0.07717979699373245,0.3836933672428131,0,2,0,6,3,2.5,0.9809236526489258,0.43499694211384704,10.784713831077209,12.842461143793289,10.50872817738051,9.777360570463156,8.653652333738554
17,833,0.09336522966623306,0.13811703026294708,0.12128245085477829,0.7073649764060974,0,2,0,11,2,0.0,0.9788733720779419,0.4345619451717332,5.589134285703958,11.298040151817622,6.277512403850567,2.2013658533037153,2.8249529882315603
17,834,0.09457957744598389,0.14534997940063477,0.11919168382883072,0.7251859903335571,0,2,0,12,1,-2.5,0.9771498441696167,0.43412738322656147,6.870855970492709,11.336885386028774,4.169483274017638,2.994403679973936,1.8435015487855728
17,835,0.09472089260816574,0.15116265416145325,-0.06795099377632141,0.46155351400375366,0,2,0,7,2,0.0,0.975638210773468,0.4336932558433349,8.478423710162254,12.50252589471744,9.9138206684223,7.803820795045568,6.557205273683737
17,836,0.09412863850593567,0.15608271956443787,-0.05524439737200737,0.5038515329360962,0,2,0,8,1,-2.5,0.9744579195976257,0.43325956258749154,10.209407030931054,12.692316237494971,8.80635417786473,6.7803279949213255,5.8688160919297445
17,837,0.0926058292388916,0.1598188281059265,-0.2285243719816208,0.26335281133651733,0,3,0,4,2,0.0,0.9734717607498169,0.43282630302490405,4.505197911335152,4.50155655825703,9.882164627772223,6.639188865779561,4.063973855122494
17,838,0.09047915786504745,0.16287490725517273,-0.20345474779605865,0.3257104158401489,0,3,0,5,0,-5.0,0.9733211994171143,0.43239347672187917,5.31142607150988,6.776845008928721,9.750619107751357,5.636955467876231,6.229994646918412
17,839,0.08648793399333954,0.16333647072315216,-0.550284206867218,-0.17785859107971191,0,3,-1,-3,0,-5.0,0.9747238755226135,0.4319610832451573,1.9733053197136838,6.150404336861963,4.580711105033394,3.712338437088037,4.309594706259932
17,840,0.07917441427707672,0.1589847058057785,-0.8715204000473022,-0.6425600647926331,0,3,-2,-10,4,5.0,0.975475549697876,0.43152912216191214,0.7169876755051322,0.6179091024730615,0.27098462026445236,1.041352779786782,3.2941237606967597
17,841,0.07299483567476273,0.15660296380519867,-0.42845675349235535,0.05660410225391388,0,3,-1,1,1,-2.5,0.9756302237510681,0.4310975930397502,3.2174756644406313,7.513339066389392,3.2932977255957265,3.969464680956971,5.1709299038903795
17,842,0.06789819896221161,0.15610811114311218,-0.5739938616752625,-0.14164894819259644,0,2,-1,-2,1,-2.5,0.976369321346283,0.43066649544671043,3.574969836061297,7.534649298685476,6.812785675462338,7.689924494054764,11.484157137392973
17,843,0.06140708550810814,0.15372273325920105,-0.7088239789009094,-0.32373037934303284,0,2,-1,-5,2,0.0,0.9771366715431213,0.4302358289512637,2.7301000698478246,6.688471378718681,8.23185144415471,8.46945042236703,12.98668721625258
17,844,0.05467768758535385,0.151206374168396,-0.6484518647193909,-0.20852632820606232,0,2,-1,-3,4,5.0,0.9765851497650146,0.4298055931223125,4.722634009309671,5.114064129467104,5.534307842017692,12.392987111635739,6.599012219126067
17,845,0.050635963678359985,0.15301930904388428,-0.2216845601797104,0.465420126914978,0,2,0,7,1,-2.5,0.9755166172981262,0.42937578752919014,8.478423710162254,12.10535212684069,9.9138206684223,7.890646824519311,6.557205273683737
17,846,0.04751743748784065,0.15647166967391968,-0.3828492760658264,0.24280202388763428,0,3,-1,4,3,2.5,0.9740716814994812,0.4289464117416609,2.321287744394234,2.1623575641538917,3.6165058661295624,6.881524276994004,2.8177221846850804
17,847,0.044965293258428574,0.1610226333141327,-0.16123327612876892,0.6042896509170532,0,3,0,10,1,-2.5,0.9724966287612915,0.42851746532991924,4.69537529575455,8.141142131311504,5.418041361444746,4.264757221430586,3.7900995753024147
17,848,0.042429499328136444,0.16584140062332153,-0.32632094621658325,0.37725284695625305,0,3,-1,6,0,-5.0,0.9721426963806152,0.42808894786458934,3.4173458771965946,3.5305131649172665,3.4747122794279,5.899534588735111,2.533723140039063
17,849,0.03726337477564812,0.16690510511398315,-0.6637351512908936,-0.1112566739320755,0,3,-1,-2,3,2.5,0.9717401266098022,0.42766085891672473,2.5030354704659414,3.5764090986534884,8.033992784020946,3.460124979846882,5.282241241271207
17,850,0.03202259540557861,0.16810669004917145,-0.4211529791355133,0.28308770060539246,0,3,-1,5,4,5.0,0.9694809913635254,0.427233198057808,2.1876720930558475,2.86551790569286,2.5359142564372945,3.7167522760446206,4.4061767719903955
17,851,0.030156753957271576,0.17469684779644012,-0.011750318109989166,0.9313564300537109,0,3,0,15,3,2.5,0.9654378294944763,0.4268059648597502,3.5126935422857777,4.034693044882934,1.6313067303350897,4.443156632743863,1.9365935566584347
17,852,0.031158268451690674,0.18590900301933289,0.182066410779953,1.2523587942123413,0,3,0,20,0,-5.0,0.9617999196052551,0.4263791588948904,3.561523965013501,0.7452602140973015,0.7478057507321543,1.004702700434256,0.4471843747780917
17,853,0.030871938914060593,0.19544841349124908,-0.19113656878471375,0.7148267030715942,0,3,0,11,3,2.5,0.9581257104873657,0.42595277973599555,3.49858503297256,7.310915946001122,3.7285470235368168,3.6053578958453336,2.9891855248168353
17,854,0.030159136280417442,0.20463211834430695,0.01627751626074314,1.0583173036575317,0,3,0,17,1,-2.5,0.9542169570922852,0.42552682695625954,2.0144491069129105,4.9510747564976025,0.5984374616543912,1.6685118036725979,1.0040270180179163
17,855,0.02934420295059681,0.21396976709365845,-0.15882505476474762,0.824843168258667,0,3,0,13,1,-2.5,0.9511117935180664,0.4251013001293033,3.6574084811556826,7.03848473206739,3.7410801511951677,2.681550163408952,2.8740481924732846
17,856,0.026858527213335037,0.22110675275325775,-0.32007792592048645,0.6140758991241455,0,4,-1,10,0,-5.0,0.9495149850845337,0.424676198829174,3.325514528705108,1.073032420648501,0.9895880279736242,1.727226264448149,1.4052093768526246
17,857,0.02179259993135929,0.22468876838684082,-0.6516644358634949,0.1482238918542862,0,4,-1,2,1,-2.5,0.9491966962814331,0.4242515226303448,1.897494268290673,1.0697656034794722,1.3982255903486296,1.5824940870338366,1.0088073116787966
17,858,0.01459251344203949,0.22539585828781128,-0.7756777405738831,-0.0045912303030490875,0,4,-2,0,3,2.5,0.9481157064437866,0.42382727110771445,0.15575674359696706,0.14088204934948304,0.10758015014502319,0.15178050224782977,1.0164173057028298
17,859,0.008283272385597229,0.22778134047985077,-0.5250325202941895,0.40630078315734863,0,4,-1,7,4,5.0,0.944455087184906,0.4234034438366067,0.9279194517464113,1.020827645670514,1.1612507823392724,1.5314172260906616,2.612179506010266
17,860,0.005413365550339222,0.23567959666252136,-0.11040746420621872,1.063799262046814,0,4,0,17,4,5.0,0.9375582933425903,0.4229800403927701,1.937035006731175,3.223011959131597,1.970349641406076,1.6013135376185479,2.0074102471431585
17,861,0.006508940830826759,0.24988344311714172,0.2725260555744171,1.6736778020858765,0,4,1,27,1,-2.5,0.9296132326126099,0.42255706035237733,0.8314845015158102,2.136268604069829,0.9394473809814495,0.631705978396951,0.583114778176671
17,862,0.00816557090729475,0.2653051018714905,0.08134619891643524,1.425883173942566,0,4,0,23,0,-5.0,0.9233382344245911,0.42213450329202495,1.4423807503524912,0.37518205259297377,0.197841825211924,0.455802664760492,0.4506681573178194
17,863,0.006974501069635153,0.27687856554985046,-0.2747730016708374,0.9359409809112549,0,4,-1,15,3,2.5,0.9168373346328735,0.4217123687887329,0.19186562981548855,0.27539579824326726,0.3064449329243456,0.7555837645717449,1.0331920072379654
17,864,0.005460026673972607,0.2883793115615845,-0.062285661697387695,1.2927882671356201,0,5,0,21,1,-2.5,0.9098222851753235,0.4212906564199442,1.067332202004986,1.542787907690173,2.694923233436006,1.0329955308381753,0.9826552034430688
17,865,0.003934490494430065,0.3002961277961731,-0.22513236105442047,1.0953950881958008,0,5,0,18,2,0.0,0.9027377963066101,0.42086936576352424,1.3487114693499576,1.686443310412137,3.0453947941735393,1.1550625790848792,1.0711634337301748
17,866,0.0018745101988315582,0.311868816614151,-0.19597378373146057,1.1833875179290771,0,5,0,19,3,2.5,0.8938505053520203,0.4204484963977607,1.3606079287515027,1.6321892166821952,1.968733756129593,3.020724824415934,1.3802013977644167
17,867,0.0011093219509348273,0.32580581307411194,0.009466482326388359,1.5315948724746704,0,5,0,25,1,-2.5,0.8842999935150146,0.42002804790136294,0.8700524024355165,2.679358054476753,0.7044209730468922,1.1457335185365491,0.8081407472529862
17,868,0.0002874774218071252,0.34014707803726196,-0.15596751868724823,1.3387911319732666,0,5,0,21,4,5.0,0.8724945783615112,0.4196080198534616,1.067332202004986,1.542787907690173,2.694923233436006,1.0329955308381753,0.9710138641620082
17,869,0.0009040572331286967,0.3570789694786072,0.22186869382858276,1.9386260509490967,0,6,0,31,3,2.5,0.8568828105926514,0.4191884118336081,0.009489953815937036,0.09347632300365442,0.04257310926914215,0.2573512853316279,-0.31517679695781586
17,870,0.004122930113226175,0.37830838561058044,0.39357084035873413,2.239804744720459,0,6,1,36,2,0.0,0.8391816020011902,0.41876922342177453,0.41929012160140644,-0.06312105001819135,0.0927158324460883,-0.2174987136703076,-0.03216176197074952
18,871,0.00798485241830349,0.4010217487812042,0.37690743803977966,2.272364854812622,0,6,1,36,0,-5.0,-2.177501678466797,0.41835045419835276,0.28711809450730974,-0.06312105001819135,0.0927158324460883,-0.2174987136703076,-0.03216176197074952
18,872,0.1738995611667633,-0.041565775871276855,0.20308279991149902,-0.11827213317155838,0,-1,0,-2,2,0.0,0.9981548190116882,0.4179321037441544,13.67374123943147,15.947775949875318,21.759289708858127,18.598257393412837,17.351254874848884
18,873,0.17582695186138153,-0.04295531287789345,0.185651957988739,-0.15147359669208527,0,-1,0,-2,2,0.0,0.9980047941207886,0.41751417164041027,13.67374123943147,15.947775949875318,22.020344512982177,18.598257393412837,17.351254874848884
18,874,0.17758692800998688,-0.04466783255338669,0.16945593059062958,-0.18298755586147308,0,-1,0,-3,3,2.5,0.9979711771011353,0.41709665746876984,9.327544358412005,13.851655336468653,14.690442261860367,20.968222044864483,14.342640092037263
18,875,0.18025816977024078,-0.04504261538386345,0.3419410288333893,0.07616492360830307,0,-1,1,1,1,-2.5,0.9978627562522888,0.4166795608113011,9.547380117974114,10.368085729872409,11.852532013968412,18.62123369175034,10.726973293264448
18,876,0.18244653940200806,-0.04623016342520714,0.1263720989227295,-0.26302236318588257,0,-1,0,-4,3,2.5,0.9977551102638245,0.41626288125048977,7.521062482610301,12.438045212818821,14.35177203762219,20.326401267637724,13.227869551378946
18,877,0.18470463156700134,-0.0473799854516983,0.30198946595191956,0.0006824210286140442,0,-1,1,0,1,-2.5,0.9975695610046387,0.41584661836923925,5.288902100877629,17.537881811320645,6.024170441169823,5.802836402381064,5.3196107507798835
18,878,0.18650972843170166,-0.04929981753230095,0.08931718021631241,-0.33437198400497437,0,-1,0,-5,3,2.5,0.997384250164032,0.41543077175087,9.898499842378898,8.032296682261649,13.612793956381168,20.8248884728577,13.462352205608498
18,879,0.18841172754764557,-0.05114464461803436,0.2675231397151947,-0.06720061600208282,0,-1,1,-1,4,5.0,0.9976191520690918,0.41501534097911913,3.97136103920153,6.130634993909262,6.7445918780832175,6.302632061422235,16.426990945199528
18,880,0.19308558106422424,-0.0487939827144146,0.6197720766067505,0.4680261015892029,0,-1,1,7,1,-2.5,0.997860848903656,0.41460032563814003,11.518134179279556,19.653490646307805,12.363582380814936,11.96542348851873,4.131285639135086
18,881,0.19793273508548737,-0.04625081270933151,0.38325366377830505,0.0961114689707756,0,-1,1,2,1,-2.5,0.9977657198905945,0.4141857253125019,6.409325773028704,18.974779953655506,7.0365233642545055,5.88556742597973,8.181851999886442
18,882,0.20051617920398712,-0.04726794734597206,0.16453640162944794,-0.2480902522802353,0,-1,0,-4,3,2.5,0.9976675510406494,0.41377153958718943,7.521062482610301,13.024080136475456,14.804838450111237,20.95718887457297,13.227869551378946
18,883,0.20313917100429535,-0.0482955202460289,0.3372281491756439,0.010937735438346863,0,-1,1,0,3,2.5,0.9978052377700806,0.4133577680476022,5.612987380812282,17.537881811320645,6.420827042998416,7.084596574510989,5.3196107507798835
18,884,0.20741496980190277,-0.046848051249980927,0.4969262480735779,0.2498353272676468,0,-1,1,4,3,2.5,0.9981412291526794,0.4129444102795546,10.302178495359787,17.481988743755146,9.321807417839874,8.236790353003013,3.3145383408049707
18,885,0.21322041749954224,-0.04311343654990196,0.6447708010673523,0.4707564115524292,0,-1,1,8,0,-5.0,0.9982194900512695,0.412531465869275,20.380410194483645,13.698896460078771,9.642000886890912,8.663116696216175,4.64739662399278
18,886,0.21724161505699158,-0.042196184396743774,0.2190239429473877,-0.1921946108341217,0,-1,0,-3,2,0.0,0.9980342984199524,0.41211893440340575,9.138779530462912,14.46219314275817,15.454980373915998,21.968418810081413,15.20413745988415
18,887,0.2193213403224945,-0.04433659836649895,0.200361967086792,-0.22740688920021057,0,-1,0,-4,1,-2.5,0.9976511001586914,0.41170681546900234,7.521062482610301,13.809630242383882,14.804838450111237,21.22191268482308,13.227869551378946
18,888,0.22015459835529327,-0.04846576228737831,-0.004558708518743515,-0.5501413941383362,0,-1,0,-9,4,5.0,0.9974233508110046,0.41129510865353336,3.6089902866290364,6.009458626189759,5.080005669147863,6.311440039521495,18.390699678951812
18,889,0.2222251445055008,-0.0507604144513607,0.3682522773742676,0.017113886773586273,0,-1,1,0,3,2.5,0.9975718259811401,0.41088381354487985,5.612987380812282,17.67278791617575,6.420827042998416,7.717652192397297,6.135853983815187
18,890,0.22679682075977325,-0.049276258796453476,0.5254742503166199,0.25179335474967957,0,-1,1,4,4,5.0,0.9980727434158325,0.410472929731335,10.772566837287377,17.344901518846783,9.321807417839874,8.236790353003013,3.525485623697862
18,891,0.23394134640693665,-0.04390069469809532,0.8585720658302307,0.7579250335693359,0,-1,2,12,1,-2.5,0.9985094666481018,0.41006245680160364,0.5456504548687507,6.587527120057803,0.24525579369905992,0.8618735974106624,0.23779312321319956
18,892,0.24107661843299866,-0.03860728442668915,0.6043930649757385,0.35949477553367615,0,-1,1,6,1,-2.5,0.9986218214035034,0.40965239434480205,18.66499970548432,11.77258314878895,11.231527380630705,10.016780309038399,3.8984969911765734
18,893,0.2457798421382904,-0.0371236689388752,0.36942988634109497,-0.008661851286888123,0,-1,1,0,1,-2.5,0.9984660744667053,0.40924274195045723,5.756084258634647,18.315125031293363,7.2080801742560965,8.20509016663398,6.135853983815187
18,894,0.2482340782880783,-0.039165083318948746,0.1521325409412384,-0.3494429886341095,0,-1,0,-6,3,2.5,0.998304009437561,0.40883349920850676,7.390408378673969,8.447309305996114,11.702382458785497,18.627218382454423,12.781001220800208
18,895,0.25074195861816406,-0.04118277505040169,0.32624104619026184,-0.08693702518939972,1,-1,1,-1,3,2.5,0.9983440637588501,0.40842466570929825,0.5006304492207753,0.14917661832273008,0.049727249145507815,0.15145313906015728,0.05477589405477047
18,896,0.254915714263916,-0.04069356992840767,0.4871804416179657,0.1550028771162033,1,-1,1,2,0,-5.0,0.9981658458709717,0.40801624104358897,0.8505974238466941,0.23972794568955305,0.0997847557067871,0.04992117583751679,0.0
18,897,0.2574288249015808,-0.042827166616916656,0.07331304252147675,-0.4893832206726074,1,-1,0,-8,3,2.5,0.997865617275238,0.4076082248025454,0.049526003003120427,0.04951442778110504,0.10438778022229672,0.5643439072048498,0.0
18,898,0.25918057560920715,-0.04619930312037468,0.25311511754989624,-0.21873049437999725,1,-1,1,-3,4,5.0,0.9979438781738281,0.4072006165777428,0.0,0.0,0.17879635095038648,0.04971517324447632,0.45860911563811707
18,899,0.26371896266937256,-0.045344483107328415,0.60677570104599,0.31950512528419495,1,-1,1,5,4,5.0,0.9984526038169861,0.4067934159611651,0.24588548368725432,0.049644035100936894,0.12732447873625563,0.24593138890234453,0.7539682295882563
18,900,0.27164384722709656,-0.03933710232377052,0.9340598583221436,0.8173806071281433,1,-1,2,13,3,2.5,0.9990879893302917,0.4063866225452039,0.09956337511539459,0.05537618337183595,0.5861124213985672,0.11738624801353605,0.10913699641048909
18,901,0.28163817524909973,-0.030199050903320312,1.0496798753738403,0.9899552464485168,1,0,2,16,4,5.0,0.9996850490570068,0.4059802359226587,0.05931109393298626,0.1814070757845695,0.0,0.0499363124370575,0.3969378358513305
18,902,0.2938110828399658,-0.017747003585100174,1.3448607921600342,1.4410537481307983,1,0,3,23,1,-2.5,0.9999651908874512,0.40557425568673605,0.0499370276927948,0.2454796761098793,0.05494749605953694,0.0,0.0
18,903,0.30561119318008423,-0.005899421405047178,1.0554065704345703,0.991997241973877,1,0,2,16,4,5.0,0.9999562501907349,0.40516868143104934,0.05931109393298626,0.1814070757845695,0.0,0.0499363124370575,0.43645300076602855
18,904,0.31784868240356445,0.0066130151972174644,1.3514511585235596,1.448277235031128,1,0,3,23,1,-2.5,0.9996551871299744,0.4047635127496183,0.0499370276927948,0.3000671158053138,0.05494749605953694,0.0,0.0
18,905,0.32972031831741333,0.018568947911262512,1.0626170635223389,1.0038425922393799,1,0,2,16,3,2.5,0.9991245269775391,0.4043587492368687,0.05931109393298626,0.1814070757845695,0.0,0.09989253878593446,0.43645300076602855
18,906,0.34096774458885193,0.029587997123599052,1.1715282201766968,1.1749598979949951,1,0,2,19,3,2.5,0.9982137084007263,0.4039543904876318,0.09494252651929855,0.04999276399612427,0.0,0.20124971972642602,0.0
18,907,0.35326144099235535,0.04226448014378548,1.2727340459823608,1.335848331451416,1,1,3,21,3,2.5,0.9968073964118958,0.4035504360971442,0.0,0.0,0.0,0.14436638951301575,0.0
18,908,0.36652782559394836,0.056503258645534515,1.3668369054794312,1.487661600112915,1,1,3,24,4,5.0,0.9945443868637085,0.40314688566104706,0.049890801310539246,0.0,0.1030481030959785,0.0,0.11378639114528895
18,909,0.38176485896110535,0.07386230677366257,1.6417075395584106,1.9200481176376343,1,1,3,31,1,-2.5,0.9918152689933777,0.402743738775386,0.0,0.24706732450589539,0.0,0.0,0.0
18,910,0.396441251039505,0.0904693752527237,1.3348273038864136,1.4594733715057373,1,1,3,23,0,-5.0,0.9897834658622742,0.4023409950366106,0.17041309581696987,0.0,0.0,0.0,0.0
18,911,0.4071274995803833,0.10107672214508057,0.8656063079833984,0.7524387836456299,1,2,2,12,4,5.0,0.9875739216804504,0.401938654041574,0.0,0.09391415238380432,0.04900856614112854,0.0,0.049378696084022525
18,912,0.4175785481929779,0.11147231608629227,1.179368019104004,1.2495986223220825,1,2,2,20,3,2.5,0.9843710064888,0.4015367153875324,0.05380861589014531,0.09359398484230042,0.0,0.15142339956104756,0.05346794791519643
18,913,0.42997226119041443,0.12501594424247742,1.2830713987350464,1.4257537126541138,1,2,3,23,0,-5.0,0.9816642999649048,0.4011351786721449,0.04908321499824524,0.0,0.0,0.0,0.0
18,914,0.44018590450286865,0.13540931046009064,0.8212154507637024,0.7379446029663086,1,2,2,12,1,-2.5,0.9801545143127441,0.40073404349347275,0.0,0.1335304628610611,0.04900856614112854,0.0,0.049378696084022525
18,915,0.4470452666282654,0.1408740133047104,0.5811169743537903,0.3914467692375183,1,2,1,6,4,5.0,0.9781298637390137,0.40033330944997925,0.04887219965457917,0.10243583920180799,0.1423327559232712,0.16521206777103567,0.3156309087005488
18,916,0.45477867126464844,0.14788544178009033,0.9165335297584534,0.9252784848213196,1,2,2,15,2,0.0,0.9754137992858887,0.39993297614052925,0.0,0.12288044783831815,0.09309984803199768,0.24639926446948346,0.049175390601158143
18,917,0.46361222863197327,0.15679986774921417,0.8557624816894531,0.8550668954849243,1,3,2,14,1,-2.5,0.9732800722122192,0.3995330431643887,0.0,0.09240033715963364,0.0,0.0,0.09177119165658951
18,918,0.4708142578601837,0.1634623110294342,0.614871084690094,0.511775553226471,1,3,1,8,2,0.0,0.9716189503669739,0.39913351012122433,0.13931720435619355,0.18685214780378345,0.4412335708606449,0.16189882396548927,0.13980005323886874
18,919,0.4767669439315796,0.16846682131290436,0.5775927305221558,0.4797801077365875,1,3,1,8,3,2.5,0.9694504737854004,0.3987343766111031,0.13931720435619355,0.18685214780378345,0.4412335708606449,0.2203209167439735,0.13980005323886874
18,920,0.4834161698818207,0.17478413879871368,0.7282007932662964,0.734397828578949,1,3,1,12,4,5.0,0.9657185673713684,0.398335642234492,0.09636430740356446,0.1389309807952881,0.09186310827732086,0.06295645720770573,0.3325076648720023
18,921,0.4925580322742462,0.18515247106552124,1.0521680116653442,1.253124713897705,1,3,2,20,3,2.5,0.9604342579841614,0.3979373065922575,0.04857988655567169,0.0,0.21734613642394546,0.05454506120775104,0.04840045273303986
18,922,0.5037506222724915,0.19891135394573212,1.1672252416610718,1.4557406902313232,1,3,2,23,4,5.0,0.9532510042190552,0.39753936928566525,0.06684128706339569,0.2314143694718438,0.16365662984150936,0.05270551344156266,0.0524223259627819
18,923,0.5170896649360657,0.21621519327163696,1.4572272300720215,1.9244314432144165,1,3,3,31,4,5.0,0.9433473944664001,0.3971418299163796,0.0,0.0,0.0,0.0,0.22520197986364368
18,924,0.5331973433494568,0.2380180060863495,1.7242878675460815,2.359508514404297,1,4,3,38,1,-2.5,0.9327393770217896,0.3967446880864632,0.0,0.18337731857398631,0.0,0.12595967862010005,0.0
18,925,0.5487481355667114,0.25934651494026184,1.4245100021362305,1.946710228919983,1,4,3,31,4,5.0,0.9208106994628906,0.3963479433983767,0.0,0.14728598249971867,0.0,0.0,0.04604053497314453
18,926,0.564535915851593,0.2814059555530548,1.6923836469650269,2.385061502456665,1,5,3,38,0,-5.0,0.9090301394462585,0.3959515954549783,0.1357652537715614,0.0,0.0,0.0,0.08360487312078477
18,927,0.5787857174873352,0.3016122579574585,1.2197412252426147,1.7279388904571533,1,5,2,28,0,-5.0,0.9003767967224121,0.39555564385952335,0.1861764443286843,0.0,0.044592428207397464,0.044157090783119204,0.04429539442062378
18,928,0.588539719581604,0.3156314790248871,0.7864065766334534,1.1354241371154785,1,5,2,18,3,2.5,0.8920823931694031,0.39516008821566384,0.0,0.0,0.04442730844020844,0.04460411965847016,0.04395131766796112
18,929,0.5972009301185608,0.32850801944732666,0.9219127297401428,1.3813031911849976,1,5,2,22,1,-2.5,0.883841872215271,0.3947649281274482,0.0,0.20543166167512505,0.1354273092301786,0.053728882999122145,0.048073585963249205
18,930,0.6051402688026428,0.3408198952674866,0.6924113035202026,1.0955450534820557,1,5,1,18,2,0.0,0.8761590719223022,0.3943701631993207,0.04467708766460419,0.21256297911405564,0.7089724273200027,0.14401362360984088,0.20776319310814143
18,931,0.6118955612182617,0.3519103527069092,0.6578114032745361,1.0961180925369263,1,6,1,18,3,2.5,0.8671440482139587,0.3939757930361214,0.042646729946136476,0.09043137455455133,0.0,0.35802115660246436,0.08047846168279649
18,932,0.6193233132362366,0.36449411511421204,0.8021531105041504,1.3574594259262085,1,6,2,22,0,-5.0,0.8591516017913818,0.3935818172430853,0.0429575800895691,0.0,0.0,0.0,0.0
18,933,0.6251405477523804,0.37529778480529785,0.4097141623497009,0.8464532494544983,1,6,1,14,0,-5.0,0.8546354174613953,0.3931882354258422,0.08971795808285477,0.0,0.0,0.0,0.0
18,934,0.6272090673446655,0.38126716017723083,0.04749666154384613,0.382342129945755,1,6,0,6,0,-5.0,0.853442907333374,0.39279504719041636,0.08224698066711425,0.0,0.0,0.0,0.0
18,935,0.6258089542388916,0.3828276991844177,-0.2880885899066925,-0.04187734052538872,1,6,-1,-1,1,-2.5,0.8542575836181641,0.39240225214322594,0.0,0.08231916338205338,0.0,0.041745072603225714,0.042047894001007086
18,936,0.622180163860321,0.3817623555660248,-0.4255210757255554,-0.18210214376449585,1,6,-1,-3,0,-5.0,0.8571556210517883,0.39200984989108273,0.08257830858230591,0.0,0.0,0.0,0.0
18,937,0.6162380576133728,0.377947598695755,-0.728183925151825,-0.5593675374984741,1,6,-1,-9,1,-2.5,0.8616591095924377,0.39161784004119166,0.0,0.04308295547962189,0.0,0.0,0.0
18,938,0.6083775162696838,0.3719421327114105,-0.8357239365577698,-0.6579647660255432,1,6,-2,-11,2,0.0,0.865727961063385,0.39122622220115044,0.0,0.0,0.04328639805316925,0.0,0.0
18,939,0.6004769802093506,0.3664315938949585,-0.7609592080116272,-0.49550676345825195,1,6,-2,-8,3,2.5,0.8675490617752075,0.3908349959789493,0.0,0.0,0.0,0.04337745308876038,0.0
18,940,0.5942932963371277,0.36393800377845764,-0.5157060623168945,-0.0878337025642395,1,6,-1,-1,1,-2.5,0.8685927391052246,0.3904441609829703,0.0,0.11751688399910927,0.0,0.041745072603225714,0.042047894001007086
18,941,0.5884691476821899,0.36250147223472595,-0.6387448906898499,-0.2114371955394745,1,6,-1,-3,0,-5.0,0.8715111017227173,0.3900537168219873,0.12615386366844178,0.0,0.0,0.0,0.0
18,942,0.5804631114006042,0.3584534525871277,-0.9291480779647827,-0.5770046710968018,1,6,-2,-9,2,0.0,0.8748294115066528,0.3896636631051653,0.0,0.0,0.04374147057533265,0.0,0.0
18,943,0.5716649293899536,0.3537946343421936,-0.8478378057479858,-0.4064273238182068,1,6,-2,-7,3,2.5,0.8759247064590454,0.38927399944206015,0.0,0.0,0.0,0.08707352876663207,0.0
18,944,0.5646503567695618,0.3522431552410126,-0.5958243608474731,0.010916531085968018,1,6,-1,0,0,-5.0,0.8772457838058472,0.3888847254426181,0.08264453709125519,0.0,0.0,0.0,0.0
18,945,0.557048499584198,0.3503631353378296,-0.8904723525047302,-0.36373043060302734,1,6,-2,-6,0,-5.0,0.881044864654541,0.38849584071717547,0.08797130286693573,0.0,0.0,0.0,0.043569973111152654
18,946,0.5466151237487793,0.3448987603187561,-1.1649006605148315,-0.7098358869552612,1,6,-2,-11,2,0.0,0.8850558996200562,0.3881073448764583,0.0,0.0,0.08753919303417207,0.0,0.0
18,947,0.5355513095855713,0.33903414011001587,-1.0672190189361572,-0.5168244242668152,1,5,-2,-8,0,-5.0,0.8897055387496948,0.3877192375315819,0.04448527693748475,0.0,0.0,0.0,0.0
18,948,0.5234112739562988,0.3321060240268707,-1.3307760953903198,-0.8504133820533752,1,5,-3,-14,0,-5.0,0.8963351845741272,0.3873315182940503,0.044816759228706364,0.0,0.0,0.0,0.0
18,949,0.5087324976921082,0.3219703435897827,-1.5770745277404785,-1.160894513130188,1,5,-3,-19,0,-5.0,0.9046184420585632,0.38694418677575626,0.045230922102928166,0.0,0.0,0.0,0.0
18,950,0.4916779100894928,0.30883920192718506,-1.807728886604309,-1.451289176940918,1,5,-4,-23,0,-5.0,0.914211094379425,0.3865572425889805,0.04571055471897126,0.0,0.0,0.0,0.0
18,951,0.472395658493042,0.29289743304252625,-2.024109363555908,-1.724138617515564,1,5,-4,-28,4,5.0,0.9213997721672058,0.38617068534639154,0.0,0.0,0.0,0.0,0.04606998860836029
18,952,0.45511338114738464,0.2803574204444885,-1.50733482837677,-0.916336715221405,1,4,-3,-15,0,-5.0,0.9273563623428345,0.38578451466104513,0.046367818117141725,0.0,0.0,0.0,0.0
18,953,0.4387036859989166,0.26952478289604187,-1.746842622756958,-1.2301342487335205,1,4,-3,-20,0,-5.0,0.9346358776092529,0.3853987301463841,0.04673179388046265,0.0,0.0,0.0,0.0
18,954,0.41998523473739624,0.2556641697883606,-1.9708501100540161,-1.523653268814087,1,4,-4,-24,3,2.5,0.9406620264053345,0.3850133314162377,0.0,0.0,0.0,0.047033101320266724,0.0
18,955,0.4022045433521271,0.24359381198883057,-1.6353521347045898,-0.9842824935913086,1,4,-3,-16,3,2.5,0.9439640641212463,0.3846283180848215,0.0,0.0,0.0,0.04719820320606232,0.0
18,956,0.3876497745513916,0.23671917617321014,-1.3228617906570435,-0.47967442870140076,1,4,-3,-8,0,-5.0,0.947085976600647,0.3842436897667367,0.04735429883003235,0.0,0.0,0.0,0.0
18,957,0.37298333644866943,0.2300305813550949,-1.5797253847122192,-0.8298102617263794,1,4,-3,-13,1,-2.5,0.9509198069572449,0.3838594460769699,0.0,0.04754599034786225,0.0,0.0,0.0
18,958,0.35688650608062744,0.2215404361486435,-1.6361942291259766,-0.880378007888794,1,4,-3,-14,0,-5.0,0.9554810523986816,0.38347558663089293,0.04777405261993409,0.0,0.0,0.0,0.0
18,959,0.3392031788825989,0.21099525690078735,-1.8722378015518188,-1.20292067527771,1,3,-4,-19,1,-2.5,0.9604320526123047,0.38309211104426205,0.0,0.04802160263061524,0.0,0.0,0.0
18,960,0.32029134035110474,0.19891688227653503,-1.9088859558105469,-1.2268319129943848,1,3,-4,-20,1,-2.5,0.965179979801178,0.3827090189332178,0.0,0.0482589989900589,0.0,0.0,0.0
18,961,0.3010236322879791,0.18660126626491547,-1.943484902381897,-1.2495760917663574,1,3,-4,-20,1,-2.5,0.9697035551071167,0.38232630991428457,0.0,0.09191827684640885,0.0,0.0,0.0
18,962,0.2814197242259979,0.17405863106250763,-1.976181983947754,-1.2713955640792847,1,3,-4,-20,4,5.0,0.9724130034446716,0.38194398360437026,0.0,0.09191827684640885,0.0,0.0,0.04862065017223358
18,963,0.26465240120887756,0.1660933792591095,-1.4523561000823975,-0.44883549213409424,1,3,-3,-7,0,-5.0,0.9745229482650757,0.3815620396207659,0.058583873902651185,0.0,0.0,0.0,0.0
18,964,0.24869883060455322,0.1596153825521469,-1.7066981792449951,-0.8111612796783447,0,3,-3,-13,4,5.0,0.9756380915641785,0.38118047758114515,0.19617212203191495,0.04799044132232666,0.0,0.0,0.08664231691828972
18,965,0.23451869189739227,0.1560831516981125,-1.2018373012542725,-0.017784006893634796,0,2,-2,0,3,2.5,0.9748603701591492,0.380799297103564,0.0,0.10035264328243601,0.04916669130325318,0.5164765690602169,0.09783932864665985
18,966,0.22412227094173431,0.15855476260185242,-0.9194642305374146,0.43626734614372253,0,3,-2,7,0,-5.0,0.9742172360420227,0.3804184978064605,0.22410276394249148,0.0,0.0,0.0,0.0
18,967,0.2132694274187088,0.16057004034519196,-1.2137176990509033,0.01185828447341919,0,3,-2,0,3,2.5,0.9733169078826904,0.380038079308654,0.8324954793933452,0.9646818739053384,0.4791823468511184,0.8947524531667896,2.800146098803749
18,968,0.20275965332984924,0.16334962844848633,-0.9304608702659607,0.4676196873188019,0,3,-2,7,0,-5.0,0.9725443124771118,0.3796580412293454,0.3347374572744693,0.0,0.0,0.0,0.0
18,969,0.19180455803871155,0.16569755971431732,-1.2234307527542114,0.04624553397297859,0,3,-2,1,0,-5.0,0.9730955958366394,0.379278383188116,1.32347411011798,0.4047064863320334,0.0,0.8922572101158779,0.5662309131696084
18,970,0.17804506421089172,0.16402550041675568,-1.494497299194336,-0.3414325714111328,0,3,-3,-5,0,-5.0,0.9748319387435913,0.3788991048049279,0.05348444872796535,0.0,0.0,0.0,0.0
18,971,0.16168704628944397,0.1586444228887558,-1.7458305358886719,-0.6995748281478882,0,3,-3,-11,2,0.0,0.9765784740447998,0.37852020570012296,0.047957143187522894,0.09687254726886749,0.19897516025687084,0.048405310511589056,0.0
18,972,0.14502476155757904,0.15304087102413177,-1.6086004972457886,-0.46661582589149475,0,2,-3,-7,0,-5.0,0.9785512089729309,0.37814168549442284,0.14146821827988446,0.0,0.0,0.0,0.0
18,973,0.12756659090518951,0.14645405113697052,-1.8525501489639282,-0.8158508539199829,0,2,-4,-13,1,-2.5,0.9809210300445557,0.3777635438089284,0.0,0.04904605150222779,0.0,0.0,0.0
18,974,0.10882237553596497,0.13812658190727234,-1.8935177326202393,-0.8565196990966797,0,2,-4,-14,2,0.0,0.9828335642814636,0.3773857802651195,0.0,0.0,0.05537708164566666,0.0,0.0
18,975,0.09073983877897263,0.1310206800699234,-1.7459700107574463,-0.6102476119995117,0,2,-3,-10,0,-5.0,0.9848625659942627,0.37700839448485435,0.105928614041472,0.0,0.0,0.0,0.0
18,976,0.07195258885622025,0.12303433567285538,-1.9816819429397583,-0.9513885974884033,0,2,-4,-15,3,2.5,0.9863952398300171,0.3766313860903695,0.0,0.0,0.0,0.06332511560120942,0.0
18,977,0.05408123880624771,0.11663945019245148,-1.641733169555664,-0.41217440366744995,0,2,-3,-7,4,5.0,0.9863020181655884,0.37625475470427916,0.14146821827988446,0.0,0.0,0.0,0.049315100908279424
18,978,0.040526650846004486,0.11703813821077347,-1.1405518054962158,0.37368935346603394,0,2,-2,6,2,0.0,0.9851842522621155,0.3758784999495749,0.0,0.0,0.04925921261310578,0.0,0.0
18,979,0.029650840908288956,0.12171989679336548,-1.0495091676712036,0.5310049057006836,0,2,-2,8,1,-2.5,0.9840484857559204,0.3755026214496253,0.0,0.049202424287796025,0.11136172219781547,0.0,0.0
18,980,0.018588591367006302,0.1262994408607483,-1.1513272523880005,0.39355039596557617,0,2,-2,6,3,2.5,0.982358455657959,0.3751271188281757,0.0,0.0,0.04925921261310578,0.04911792278289795,0.0
18,981,0.008671079762279987,0.1328214704990387,-0.873053789138794,0.8387341499328613,0,2,-2,13,0,-5.0,0.9807440042495728,0.3747519917093475,0.04903720021247864,0.0,0.0,0.0,0.0
18,982,-0.0017550790216773748,0.13876616954803467,-1.1733323335647583,0.39970433712005615,0,2,-2,6,2,0.0,0.9793325662612915,0.37437723971763814,0.0,0.0,0.09822584092617036,0.04911792278289795,0.0
18,983,-0.012938210740685463,0.14376159012317657,-1.079053282737732,0.5648412704467773,0,2,-2,9,0,-5.0,0.9783532619476318,0.37400286247792053,0.048917663097381596,0.0,0.0,0.0,0.0
18,984,-0.02532941661775112,0.14712829887866974,-1.362911581993103,0.15312927961349487,0,2,-3,2,0,-5.0,0.9785174131393433,0.3736288596154426,0.048925870656967164,0.0,0.0,0.0,0.0
18,985,-0.04043656960129738,0.14656959474086761,-1.6253560781478882,-0.22532938420772552,0,2,-3,-4,0,-5.0,0.9797242879867554,0.37325523075582717,0.04898621439933777,0.0,0.0,0.0,0.0
18,986,-0.05805816501379013,0.14239299297332764,-1.8684793710708618,-0.5745426416397095,0,2,-4,-9,0,-5.0,0.9818103313446045,0.37288197552507135,0.04909051656723023,0.0,0.0,0.0,0.0
18,987,-0.07801207900047302,0.13486899435520172,-2.0941171646118164,-0.8980119228363037,0,2,-4,-14,2,0.0,0.9837505221366882,0.37250909354954626,0.0,0.0,0.0990268995879344,0.0,0.0
18,988,-0.09801676124334335,0.12747333943843842,-1.9317625761032104,-0.6294834017753601,0,2,-4,-10,0,-5.0,0.9857419729232788,0.37213658445599673,0.04928709864616394,0.0,0.0,0.0,0.0
18,989,-0.11858530342578888,0.11940702795982361,-2.1539366245269775,-0.9505969285964966,0,2,-4,-15,3,2.5,0.9872019290924072,0.3717644478715407,0.0,0.0,0.0,0.11268521205582978,0.0
18,990,-0.138106569647789,0.11312858760356903,-1.801162600517273,-0.3920433521270752,0,2,-4,-6,2,0.0,0.9877728819847107,0.3713926834236692,0.0,0.0,0.04938864409923554,0.0,0.0
18,991,-0.15530948340892792,0.1105763241648674,-1.6610126495361328,-0.16008824110031128,0,2,-3,-3,0,-5.0,0.9885523319244385,0.37102129074024554,0.04942761659622193,0.0,0.0,0.0,0.0
18,992,-0.1732930839061737,0.10699358582496643,-1.9044578075408936,-0.5169001221656799,0,2,-4,-8,0,-5.0,0.9900016784667969,0.3706502694495053,0.04950008392333985,0.0,0.0,0.0,0.0
18,993,-0.19361071288585663,0.09999159723520279,-2.130173444747925,-0.8473029136657715,0,2,-4,-14,2,0.0,0.9913361668586731,0.3702796191800558,0.0,0.0,0.13869101797207462,0.0,0.0
18,994,-0.21396923065185547,0.09307990968227386,-1.966090440750122,-0.5803491473197937,0,1,-4,-9,0,-5.0,0.9926976561546326,0.36990933956087574,0.04963488280773163,0.0,0.0,0.0,0.0
18,995,-0.23488441109657288,0.08545371890068054,-2.188262939453125,-0.9078990817070007,0,1,-4,-15,3,2.5,0.9936655163764954,0.36953943022131486,0.0,0.0,0.0,0.04968327581882477,0.0
18,996,-0.25473931431770325,0.07958945631980896,-1.8332712650299072,-0.34918832778930664,-1,1,-4,-6,0,-5.0,0.9945001602172852,0.3691698907910935,0.04972500801086426,0.0,0.0,0.0,0.0
18,997,-0.2743890583515167,0.0741610899567604,-2.0662405490875244,-0.6957087516784668,-1,1,-4,-11,0,-5.0,0.9957218766212463,0.3688007209003024,0.04978609383106232,0.0,0.0,0.0,0.0
18,998,-0.296272873878479,0.06540734320878983,-2.282290458679199,-1.01725435256958,-1,1,-5,-16,0,-5.0,0.9971312880516052,0.36843192017940213,0.04985656440258027,0.0,0.0,0.0,0.0
18,999,-0.3202303946018219,0.0535605289041996,-2.48288893699646,-1.316611647605896,-1,1,-5,-21,0,-5.0,0.998492419719696,0.36806348825922275,0.049924620985984804,0.0,0.0,0.0,0.0
18,1000,-0.3461146056652069,0.03882741928100586,-2.66931414604187,-1.596201777458191,-1,1,-5,-26,0,-5.0,0.9995423555374146,0.3676954247709635,0.04997711777687073,0.0,0.0,0.0,0.0
18,1001,-0.37379026412963867,0.02139262482523918,-2.8426711559295654,-1.8581185340881348,-1,0,-6,-30,0,-5.0,0.9999979734420776,0.36732772934619257,0.04999989867210389,0.0,0.0,0.0,0.0
18,1002,-0.40313223004341125,0.0014217151328921318,-3.0039148330688477,-2.10416579246521,-1,0,-6,-34,0,-5.0,0.9995616674423218,0.3669604016168464,0.049978083372116094,0.0,0.0,0.0,0.0
18,1003,-0.43402403593063354,-0.020936161279678345,-3.1538636684417725,-2.335895538330078,-1,0,-6,-37,0,-5.0,0.9979255795478821,0.3665934412152296,0.049896278977394105,0.0,0.0,0.0,0.0
18,1004,-0.4663566052913666,-0.04554593190550804,-3.2932207584381104,-2.5546419620513916,-1,-1,-7,-41,3,2.5,0.9954636096954346,0.3662268477740143,0.0,0.0,0.0,0.04977318048477173,0.0
18,1005,-0.4968281388282776,-0.06735283881425858,-2.860356569290161,-1.894924283027649,-1,-1,-6,-30,0,-5.0,0.9922884106636047,0.36586062092624033,0.04961442053318024,0.0,0.0,0.0,0.0
18,1006,-0.5263638496398926,-0.08781550079584122,-3.0233147144317627,-2.1564347743988037,-1,-1,-6,-35,0,-5.0,0.9877210259437561,0.3654947603053141,0.04938605129718781,0.0,0.0,0.0,0.0
18,1007,-0.5574617981910706,-0.11081045120954514,-3.174233913421631,-2.402155876159668,-1,-2,-6,-38,0,-5.0,0.9814528226852417,0.36512926554500874,0.04907264113426209,0.0,0.0,0.0,0.0
18,1008,-0.5900052785873413,-0.1361880898475647,-3.313838243484497,-2.6334757804870605,-1,-2,-7,-42,2,0.0,0.9742127656936646,0.36476413627946375,0.0,0.0,0.04871063828468323,0.0,0.0
18,1009,-0.621772825717926,-0.160583958029747,-3.0717248916625977,-2.2847518920898438,-1,-3,-6,-37,3,2.5,0.9675614237785339,0.3643993721431843,0.0,0.0,0.0,0.0483780711889267,0.0
18,1010,-0.6501865983009338,-0.18010710179805756,-2.6651852130889893,-1.690624713897705,-1,-3,-5,-27,0,-5.0,0.9604824781417847,0.36403497277104113,0.04802412390708924,0.0,0.0,0.0,0.0
18,1011,-0.6778740882873535,-0.19878999888896942,-2.844660758972168,-1.9904597997665405,-1,-3,-6,-32,0,-5.0,0.9514387249946594,0.3636709377982701,0.04757193624973297,0.0,0.0,0.0,0.0
18,1012,-0.7072768211364746,-0.22036631405353546,-3.010178565979004,-2.2710061073303223,-1,-4,-6,-36,0,-5.0,0.9401451349258423,0.3633072668604718,0.047007256746292116,0.0,0.0,0.0,0.0
18,1013,-0.7382597327232361,-0.24465250968933105,-3.1625709533691406,-2.5338521003723145,-1,-4,-6,-41,0,-5.0,0.9262986779212952,0.36294395959361136,0.04631493389606476,0.0,0.0,0.0,0.0
18,1014,-0.7706952691078186,-0.27147984504699707,-3.3025734424591064,-2.7804226875305176,-2,-4,-7,-44,0,-5.0,0.9095838665962219,0.36258101563401773,0.045479193329811096,0.0,0.0,0.0,0.0
18,1015,-0.8044630289077759,-0.3006928861141205,-3.4308393001556396,-3.0120017528533936,-2,-5,-7,-48,0,-5.0,0.8896776437759399,0.3622184346183837,0.044483882188797,0.0,0.0,0.0,0.0
18,1016,-0.8394482731819153,-0.33214810490608215,-3.547952890396118,-3.2297604084014893,-2,-5,-7,-52,0,-5.0,0.8662537336349487,0.36185621618376534,0.04331268668174744,0.0,0.0,0.0,0.0
18,1017,-0.8755421042442322,-0.36571329832077026,-3.6544415950775146,-3.4347805976867676,-2,-6,-7,-55,2,0.0,0.8412715196609497,0.36149435996758156,0.0,0.0,0.04206357598304749,0.0,0.0
19,1018,-0.910653293132782,-0.3984074890613556,-3.401832103729248,-3.126723289489746,-2,-6,-7,-50,2,0.0,-2.1834185123443604,0.361132865607614,0.0,0.0,-0.10917092561721803,0.0,0.0
19,1019,0.1177196204662323,-0.10073888301849365,0.20028549432754517,0.19919785857200623,0,-2,0,3,2,0.0,0.990188479423523,0.36077173274200636,5.069439939993652,5.2665508188692804,14.039885470600353,6.234041352190177,3.2474871774485456
19,1020,0.11959737539291382,-0.09905305504798889,0.18011103570461273,0.1530340164899826,0,-2,0,2,2,0.0,0.990432620048523,0.36041096100926434,6.209947529174059,8.574548460627565,13.2404170182885,7.752077885245784,7.30141920832121
19,1021,0.12128253281116486,-0.0978129655122757,0.16151785850524902,0.1095370501279831,0,-2,0,2,2,0.0,0.9905922412872314,0.3600505500482551,6.209947529174059,8.837677745542901,13.271034802398827,7.752077885245784,7.30141920832121
19,1022,0.12279011309146881,-0.09699369221925735,0.14436829090118408,0.06843091547489166,0,-2,0,1,3,2.5,0.9909862875938416,0.35969049949820686,4.9288725992263105,7.175456714089222,7.638980527759343,13.166701996873554,8.203850488128188
19,1023,0.12519651651382446,-0.09494033455848694,0.31535831093788147,0.3164701461791992,0,-2,1,5,1,-2.5,0.9912052750587463,0.3593308089987087,10.317224133045546,14.063973395082325,9.814294453830556,9.096633077149171,4.299481716294137
19,1024,0.1271154284477234,-0.09378013014793396,0.10002632439136505,-0.02868809551000595,0,-2,0,0,2,0.0,0.991108238697052,0.35897147818971,6.185406288718982,7.396979368490464,14.556017979025544,7.03268211153507,5.60051099855483
19,1025,0.12803570926189423,-0.09429628401994705,0.08765972405672073,-0.06187889724969864,0,-2,0,-1,2,0.0,0.9909489154815674,0.3586125067115203,9.04611482324093,8.748775345122615,14.708200588639592,9.782191045478747,11.46407496651754
19,1026,0.12883737683296204,-0.09513717889785767,0.07618998736143112,-0.09377629309892654,0,-2,0,-2,3,2.5,0.9910398721694946,0.35825389420480874,6.775386945007641,8.273661786047704,9.481524740245703,14.022962743559104,9.773865313564205
19,1027,0.13059180974960327,-0.09465789049863815,0.2523776590824127,0.16252711415290833,0,-2,1,3,2,0.0,0.9912834167480469,0.35789564031060395,4.455909955552322,4.948402598161788,11.938347325944829,5.2196220427961375,2.4864479643761603
19,1028,0.13297061622142792,-0.09336259961128235,0.22860179841518402,0.11171887814998627,0,-1,0,2,3,2.5,0.9917328357696533,0.35753774467029337,15.934628228488961,17.559905725439325,29.477971595602405,17.132162792106172,17.59992581889609
19,1029,0.13618537783622742,-0.09092392027378082,0.39355435967445374,0.3511306047439575,0,-1,1,6,3,2.5,0.992570698261261,0.3571802069256231,20.246790616432477,15.639034922484933,14.33749187601743,11.041827985569174,4.374413787992761
19,1030,0.14098109304904938,-0.08619321137666702,0.5464089512825012,0.5724398493766785,0,-1,1,9,2,0.0,0.9934430122375488,0.3568230267186975,12.84381272607586,8.472996491796668,22.82775425503017,4.6365196008499705,4.615135986567865
19,1031,0.14617906510829926,-0.08097533881664276,0.5011676549911499,0.4899632930755615,0,-1,1,8,0,-5.0,0.9936288595199585,0.3564662036919788,24.837040807347975,17.780462991266685,13.587411950056799,10.445779585084184,6.4286709894890866
19,1032,0.14881667494773865,-0.07981952279806137,0.08528634905815125,-0.1620030403137207,0,-1,0,-3,2,0.0,0.9933356642723083,0.35610973748828684,13.750836906461467,18.966429264127356,20.60375803566788,24.99045324486291,17.953501572480196
19,1033,0.1496012657880783,-0.0816352516412735,0.07472521811723709,-0.19036465883255005,0,-1,0,-3,3,2.5,0.9932606220245361,0.35575362775079855,13.750836906461467,18.966429264127356,20.60375803566788,24.848449077552225,17.953501572480196
19,1034,0.1513483077287674,-0.08209369331598282,0.2519392669200897,0.06985016167163849,0,-1,1,1,3,2.5,0.9935893416404724,0.35539787412304774,15.934515720307424,16.81134462769067,16.978204253334717,21.97477230527491,12.55639540685577
19,1035,0.1547919362783432,-0.08006654679775238,0.4158931076526642,0.3096635043621063,0,-1,1,5,0,-5.0,0.9934943914413452,0.3550424762489247,22.265951105349394,15.52630313502825,15.201198390423226,15.139604265621053,4.562909145280926
19,1036,0.1566130667924881,-0.08065728843212128,0.006385922431945801,-0.3324264883995056,0,-1,0,-5,1,-2.5,0.9926444888114929,0.3546874337726758,13.96056866957182,12.411854602379066,17.97560561602122,23.891502688073466,17.60485043459925
19,1037,0.15557782351970673,-0.08576416224241257,-0.18537010252475739,-0.6396901607513428,0,-1,0,-10,1,-2.5,0.9911969304084778,0.35433274633890316,4.0352305585732555,12.587285509158015,2.598350851022813,8.269825686084694,7.242635159725278
19,1038,0.1527058482170105,-0.09382466971874237,-0.36286434531211853,-0.925723135471344,0,-2,-1,-15,2,0.0,0.9893896579742432,0.35397841359256427,2.6301943553646945,4.721011426206889,11.046847040014237,6.417210620048015,8.786059982919285
19,1039,0.14919590950012207,-0.10300671309232712,-0.34043243527412415,-0.9056684970855713,0,-2,-1,-14,4,5.0,0.988171398639679,0.3536244351789717,2.2041739245233876,4.669039446966018,6.34668747909274,4.530607365167558,12.344703250410339
19,1040,0.14802047610282898,-0.10875929892063141,0.05306752398610115,-0.31742942333221436,0,-2,0,-5,3,2.5,0.9877831935882568,0.35327081074379274,7.971824803383502,6.037998783704657,8.955778476974196,13.360778853701754,7.184765461098157
19,1041,0.1495467573404312,-0.1105295866727829,0.23001281917095184,-0.062462639063596725,0,-2,0,-1,2,0.0,0.9875684976577759,0.352917539933049,9.952383909058177,9.010343514495716,15.085459017556587,10.046352004757967,11.46407496651754
19,1042,0.1517053097486496,-0.1114966943860054,0.20711153745651245,-0.11431225389242172,0,-2,0,-2,3,2.5,0.9876030087471008,0.3525646223931159,6.775386945007641,8.577472721752502,9.481524740245703,14.188787301455651,9.773865313564205
19,1043,0.15470516681671143,-0.11134172230958939,0.372372031211853,0.12230019271373749,0,-2,1,2,3,2.5,0.9881348013877869,0.3522120577707228,5.470655344959841,8.98320055595645,7.688390812977801,13.836100191159833,6.684786308111663
19,1044,0.1592877358198166,-0.10892739146947861,0.5253555774688721,0.34018003940582275,0,-2,1,5,2,0.0,0.9887519478797913,0.3518598457129521,10.534064768557847,14.390053381066277,10.029484965228049,9.419623589522175,4.313207380581824
19,1045,0.16427533328533173,-0.1060568243265152,0.4805563688278198,0.2550565302371979,0,-2,1,4,0,-5.0,0.9884946942329407,0.35150798586723914,11.755991599635355,5.975505777625132,6.0573369616061505,5.659417836964698,2.424477178385058
19,1046,0.16671150922775269,-0.1072627604007721,0.06594961881637573,-0.3972599506378174,0,-2,0,-6,1,-2.5,0.9872098565101624,0.3511564778813719,8.035721588324419,8.0303919388624,13.552737901478157,9.325686539520854,9.527297836994931
19,1047,0.166239395737648,-0.11309368163347244,-0.13106001913547516,-0.7158582210540771,0,-2,0,-11,3,2.5,0.9859016537666321,0.3508053214034905,4.27248049986114,4.751254537470693,4.996911210593886,11.21945719338126,4.710314901280043
19,1048,0.16600124537944794,-0.11873646825551987,0.05938941240310669,-0.4410942792892456,0,-2,0,-7,4,5.0,0.9855654239654541,0.35045451608208705,7.330244289067808,6.762343684666852,8.214357998991794,9.310279906341727,13.583456050526785
19,1049,0.1686430722475052,-0.12014380842447281,0.42147064208984375,0.0957464799284935,0,-2,1,2,3,2.5,0.9860653877258301,0.350104061566005,5.470655344959841,8.98320055595645,7.688390812977801,14.123600963903822,6.684786308111663
19,1050,0.17369140684604645,-0.11804496496915817,0.5701742768287659,0.30549612641334534,0,-2,1,5,1,-2.5,0.9862664341926575,0.349753957504439,10.860702955567302,14.389680531417277,10.159514429467759,9.419623589522175,4.313207380581824
19,1051,0.17804470658302307,-0.11719033122062683,0.3352336883544922,-0.07238559424877167,0,-2,1,-1,1,-2.5,0.9856092929840088,0.3494042035469346,5.690620703776657,12.905014908614326,5.253028341061837,7.735255841771357,6.433954276286336
19,1052,0.18014825880527496,-0.1199612021446228,0.11781417578458786,-0.4233703017234802,0,-2,0,-7,4,5.0,0.985302746295929,0.3490547993433876,7.330244289067808,6.8047479165490685,8.606916985108974,9.310279906341727,13.59215733320043
19,1053,0.18334873020648956,-0.12123233824968338,0.4754221737384796,0.10635727643966675,0,-2,1,2,3,2.5,0.9858236312866211,0.34870574454404424,5.470655344959841,9.23967475353712,7.688390812977801,14.244415475918098,6.372001524454177
19,1054,0.18891316652297974,-0.11906462162733078,0.6200319528579712,0.30964362621307373,0,-2,1,5,1,-2.5,0.986028254032135,0.3483570387995002,10.860702955567302,14.449208532259473,10.289240368790068,9.558627120946094,4.379393165108936
19,1055,0.19374366104602814,-0.11820214241743088,0.3813543915748596,-0.07407444715499878,0,-2,1,-1,1,-2.5,0.9853538870811462,0.3480086817607007,5.690620703776657,13.058585432286598,5.253028341061837,7.735255841771357,6.78819398863682
19,1056,0.19628864526748657,-0.12102113664150238,0.16047435998916626,-0.43047505617141724,0,-2,0,-7,4,5.0,0.9850198030471802,0.34766067307894,7.330244289067808,6.8047479165490685,8.606916985108974,9.310279906341727,13.728824381282891
19,1057,0.19989696145057678,-0.12239368259906769,0.5148016214370728,0.09399285167455673,0,-2,1,2,3,2.5,0.9855092763900757,0.34731301240586104,5.470655344959841,9.23967475353712,7.886652805830771,14.381753506686714,6.2799599527517405
19,1058,0.2058379203081131,-0.12037758529186249,0.65639328956604,0.29244574904441833,0,-2,1,5,1,-2.5,0.985668957233429,0.3469656993934552,10.860702955567302,14.519326333260373,10.289240368790068,9.558627120946094,4.511683519939253
19,1059,0.21101635694503784,-0.11971232295036316,0.4149766266345978,-0.09561164677143097,0,-2,1,-2,3,2.5,0.9857144355773926,0.3466187336940617,2.8413644167665533,2.330363713946953,1.6351281112990104,9.995690570887504,2.1880080145053227
19,1060,0.21600258350372314,-0.11952235549688339,0.5641608834266663,0.11489282548427582,0,-2,1,2,4,5.0,0.9866138100624084,0.34627211496036764,5.668662683546117,9.470304257866907,7.886652805830771,14.51780878517944,6.2198921830772615
19,1061,0.22347767651081085,-0.1156989112496376,0.8886351585388184,0.5941475629806519,0,-2,2,10,4,5.0,0.9884905815124512,0.3459258428454073,1.0958574524871476,3.5636277416540088,0.8098508746203545,1.2351297123644656,0.42566752778622297
19,1062,0.2340637594461441,-0.10728181898593903,1.1895174980163574,1.0382030010223389,0,-2,2,17,4,5.0,0.9910514950752258,0.34557991700256185,2.9646530737014674,0.3820924488859248,0.7779611911067413,0.4875188051477959,0.5590897937024902
19,1063,0.24753816425800323,-0.09459659457206726,1.4690086841583252,1.4512734413146973,0,-2,3,23,2,0.0,0.9934065937995911,0.3452343370855593,0.1103910276049064,0.0,0.23346472290196416,0.09389522522687913,0.04917344748973847
19,1064,0.26157110929489136,-0.0811997577548027,1.3549859523773193,1.2620588541030884,1,-1,3,20,0,-5.0,0.9946887493133545,0.34488910274847373,0.15149200795137083,0.0,0.0,0.0,0.0
19,1065,0.27238574624061584,-0.0728783831000328,0.8754771947860718,0.512261688709259,1,-1,2,8,1,-2.5,0.9950865507125854,0.34454421364572524,0.0,0.42469271550900545,0.22173733536315338,0.14549958373247313,0.0995715230703354
19,1066,0.2796737253665924,-0.07009601593017578,0.6189438104629517,0.10642938315868378,1,-1,1,2,3,2.5,0.9953868389129639,0.3441996694320795,1.069342729318254,0.30674097081934865,0.18644672518361186,0.10906353090375663,0.0
19,1067,0.28663668036460876,-0.06792015582323074,0.756195068359375,0.30717891454696655,1,-1,2,5,0,-5.0,0.9952741861343384,0.34385546976264747,0.27144470200194415,0.07030730692475366,0.0,0.0,0.0
19,1068,0.2917182743549347,-0.06874467432498932,0.3214259743690491,-0.37254348397254944,1,-1,1,-6,2,0.0,0.9946999549865723,0.34351161429288485,0.17079829582323608,0.16153568385339076,0.38771402229382324,0.1062367357419679,0.0
19,1069,0.2947681248188019,-0.07280157506465912,0.2937528192996979,-0.42564401030540466,1,-1,1,-7,4,5.0,0.9945092797279358,0.34316810267859194,0.0,0.09449232012033464,0.17037454267601893,0.0,0.4717075429659532
19,1070,0.2996816039085388,-0.07409941405057907,0.6423645615577698,0.09986291080713272,1,-1,1,2,0,-5.0,0.9940817952156067,0.34282493457591334,1.0924937979472595,0.30674097081934865,0.18644672518361186,0.10906353090375663,0.0
19,1071,0.30367207527160645,-0.07692994922399521,0.21600157022476196,-0.5675856471061707,1,-1,0,-9,0,-5.0,0.9925768375396729,0.3424821096413374,1.047372039016146,0.06118593366298495,0.21004465173729187,0.20587637299480793,0.30000937882679823
19,1072,0.3035809099674225,-0.08615770190954208,-0.17834779620170593,-1.1861388683319092,1,-1,0,-19,0,-5.0,0.989734411239624,0.3421396275316961,0.1107135503240749,0.0,0.22066218345463276,0.0,0.0
19,1073,0.299715131521225,-0.1013193130493164,-0.5429397821426392,-1.7599365711212158,1,-2,-1,-28,3,2.5,0.9862872958183289,0.34179748790416437,0.04869630336761475,0.0,0.0,0.2977276814964056,0.09337773263454438
19,1074,0.295545369386673,-0.11710124462842941,-0.32016584277153015,-1.433737874031067,1,-2,-1,-23,2,0.0,0.9827271103858948,0.3414556904162602,0.4315869457954358,0.05366487739384175,0.12261553193250524,0.04919717013835907,0.0
19,1075,0.2924390137195587,-0.13142642378807068,-0.30163970589637756,-1.4233849048614502,1,-2,-1,-23,0,-5.0,0.9778231978416443,0.34111423472584396,0.4595510582913279,0.05366487739384175,0.12261553193250524,0.04919717013835907,0.0
19,1076,0.28739047050476074,-0.14891879260540009,-0.6567709445953369,-1.9866856336593628,1,-2,-1,-32,3,2.5,0.972114086151123,0.34077312049111813,0.0,0.0,0.0,0.29558351669204874,0.0
19,1077,0.28211069107055664,-0.1669907569885254,-0.42855802178382874,-1.661529779434204,1,-3,-1,-27,0,-5.0,0.9651055932044983,0.340432347370627,0.10031544538348913,0.2551050818896292,0.0,0.048156604170799255,0.047580644488334656
19,1078,0.2758502960205078,-0.18680056929588318,-0.7732347846031189,-2.2112808227539062,1,-3,-2,-35,0,-5.0,0.9551064968109131,0.34009191502325636,0.13854995757341385,0.0,0.0,0.06528977717061464,0.0
19,1079,0.26630035042762756,-0.21188093721866608,-1.0904443264007568,-2.7204625606536865,1,-3,-2,-44,4,5.0,0.9445091485977173,0.3397518231082331,0.04764435589313507,0.0,0.0,0.0,0.09451567771196366
19,1080,0.2578907310962677,-0.23556485772132874,-0.6503685116767883,-2.0897903442382812,1,-4,-1,-33,0,-5.0,0.9326475858688354,0.33941207128512485,0.21110632747948171,0.0,0.0,0.0,0.051152432909607894
19,1081,0.2495240420103073,-0.2595234215259552,-0.9749240279197693,-2.612058162689209,0,-4,-2,-42,0,-5.0,0.9167792797088623,0.3390726592138397,0.20789190581304284,0.051389049631296736,0.0,0.06061813231011928,0.07376647918024433
19,1082,0.23806874454021454,-0.2884799540042877,-1.2723464965820312,-3.0943827629089355,0,-5,-3,-50,1,-2.5,0.8972539901733398,0.3387335865546259,0.2764440824463964,0.0954566199731136,0.08720425963401796,0.09488605760037899,0.0
19,1083,0.22481003403663635,-0.320540189743042,-1.3647892475128174,-3.274622678756714,0,-5,-3,-52,4,5.0,0.8775494694709778,0.33839485296807126,0.04323622882366181,0.04337916970252991,0.05323658078134061,0.03287456094026566,0.1642065786476319
19,1084,0.2137034684419632,-0.3499293327331543,-0.9171649217605591,-2.669032573699951,0,-6,-2,-43,1,-2.5,0.8571051359176636,0.3380564581151032,-0.06789702773094178,0.09986683107661082,-0.1535110949746124,-0.044832992465764304,-0.05460757390595675
19,1085,0.20383884012699127,-0.37801435589790344,-1.0362058877944946,-2.89369535446167,0,-6,-2,-46,0,-5.0,0.8321520090103149,0.33771840165698813,0.08345830304595743,0.030557381093502048,-0.2178455114364624,-0.03462122875019519,0.2774449254221808
20,1086,0.19185678660869598,-0.4096924960613251,-1.318458914756775,-3.353869915008545,0,-7,-3,-54,0,-5.0,-2.1986961364746094,0.33738068325533116,-0.10993480682373047,0.0,-0.11012924909591676,0.0,0.0
20,1087,0.01074470579624176,-0.13340216875076294,0.1829323172569275,-0.10223089903593063,0,-2,0,-2,3,2.5,0.9822694063186646,0.3370433025720758,7.249024153711323,9.930343120819959,10.328108877801675,15.629090393203779,10.516467005479404
20,1088,0.013501811772584915,-0.13315634429454803,0.3484101891517639,0.130742609500885,0,-2,1,2,3,2.5,0.9829209446907043,0.33670625926950376,6.015898768102048,9.377466264734142,8.433265326695741,15.27071379763846,7.3516308168678695
20,1089,0.01784398779273033,-0.13068686425685883,0.5016422867774963,0.3451005816459656,0,-2,1,6,1,-2.5,0.9832538962364197,0.33636955301023425,14.433330257119113,8.932621282665414,9.497902343132147,8.311650845316704,4.7732128662717805
20,1090,0.02153846062719822,-0.1294066160917282,0.271565705537796,-0.02666550502181053,0,-2,1,0,1,-2.5,0.9826566576957703,0.336033183457224,2.595913723174462,9.452315517479883,2.10297735360768,3.0581269972578418,4.1416094182854515
20,1091,0.023029569536447525,-0.131694033741951,0.05861314386129379,-0.37213748693466187,0,-2,0,-6,2,0.0,0.9815904498100281,0.3356971502737668,8.444157350961266,8.738196889318735,14.603081199798531,9.793750736054891,10.300370444897862
20,1092,0.023539258167147636,-0.13568179309368134,0.047495439648628235,-0.409120112657547,0,-2,0,-7,4,5.0,0.9812844395637512,0.335361453123493,7.497344562819191,6.992702515561605,9.009609748550066,9.573344682740785,14.35391980724216
20,1093,0.026055844500660896,-0.13680487871170044,0.4087734520435333,0.12275286763906479,0,-2,1,2,1,-2.5,0.9810399413108826,0.3350260916703695,6.015898768102048,9.66135355712398,8.592152581113808,15.00833977981032,7.7569840191877075
20,1094,0.028859447687864304,-0.13769559562206268,0.1854667067527771,-0.2393183410167694,0,-2,0,-4,4,5.0,0.9811720252037048,0.33469106557869915,6.113123305888845,4.3745645180344805,9.566783995737719,9.261862465426061,14.74766286068309
20,1095,0.03269585594534874,-0.13721510767936707,0.5362865924835205,0.2761816382408142,0,-2,1,4,0,-5.0,0.9808812141418457,0.33435637451312045,13.755479022243172,6.444384834622541,6.363050765501658,6.658028411838429,2.606079988932368
20,1096,0.03566345199942589,-0.13827067613601685,0.11763964593410492,-0.38457703590393066,0,-2,0,-6,2,0.0,0.9797131419181824,0.3340220181386073,8.415077140847638,8.738196889318735,15.040795256443731,9.793750736054891,10.49690176157707
20,1097,0.036736052483320236,-0.14243195950984955,0.10182273387908936,-0.4297167956829071,0,-2,0,-7,0,-5.0,0.9774195551872253,0.33368799612046873,7.535339337810524,6.992702515561605,9.009609748550066,9.493228235619888,14.467626641129364
20,1098,0.035543590784072876,-0.1502678394317627,-0.28427359461784363,-1.0410778522491455,0,-2,-1,-17,2,0.0,0.974159300327301,0.33335430812434824,2.28617193373596,4.095170133510336,9.380024066236436,5.207844231553442,6.245656109373745
20,1099,0.03276585415005684,-0.16075032949447632,-0.27040576934814453,-1.0428386926651,0,-3,-1,-17,1,-2.5,0.9701124429702759,0.3330209538162239,3.0201185218209643,5.0383728910204955,8.121806213451265,5.563810508175022,4.966017663461836
20,1100,0.02906462922692299,-0.17288023233413696,-0.4430610239505768,-1.3302547931671143,0,-3,-1,-21,1,-2.5,0.9647376537322998,0.33268793286240766,1.827248756870675,2.0637909233449734,5.91147947401322,3.1799534982105486,2.8971435509465855
20,1101,0.02371063269674778,-0.18778270483016968,-0.6026999354362488,-1.599191665649414,0,-3,-1,-26,0,-5.0,0.9572049379348755,0.33235524492954527,0.6112006590214419,3.197966477208114,1.3430255803592048,1.0020049114621365,1.4015952902271724
20,1102,0.015782369300723076,-0.20686952769756317,-0.9341327548027039,-2.1299750804901123,0,-3,-2,-34,4,5.0,0.9494864344596863,0.33202288968461574,0.15926993225755837,0.5007223781758793,0.14715334628380783,1.0306330915820878,0.5474379937213404
20,1103,0.008860033936798573,-0.2247523069381714,-0.5066383481025696,-1.516473412513733,0,-4,-1,-24,0,-5.0,0.9409092664718628,0.33169086679493115,1.2775978470560387,1.7799020307824434,4.946830895524738,2.7064756181662473,2.0720754813004842
20,1104,0.001855556620284915,-0.24308593571186066,-0.8440137505531311,-2.057713747024536,0,-4,-2,-33,4,5.0,0.9321820139884949,0.33135917592813624,0.7758260388834521,0.3594362225356281,0.29460174671038486,0.37514272987569386,1.472756800486442
20,1105,-0.004234018735587597,-0.26041898131370544,-0.4280758500099182,-1.4722440242767334,0,-4,-1,-24,0,-5.0,0.9225143194198608,0.3310278167522081,1.3098230788616851,1.7799020307824434,4.9833412478647325,2.7064756181662473,2.0720754813004842
20,1106,-0.010478826239705086,-0.2783623933792114,-0.7695524096488953,-2.020299196243286,0,-4,-2,-32,1,-2.5,0.90997713804245,0.3306967889354559,0.15951241997907814,1.2253093488489997,0.20305496335348128,0.5939369991988521,0.3338152690771753
20,1107,-0.018956033512949944,-0.30003806948661804,-0.9036262035369873,-2.2610392570495605,0,-5,-2,-36,0,-5.0,0.8940225839614868,0.33036609214652046,0.3069778321262081,0.5162816235230502,0.5743745582803979,0.3211247095236128,2.4239241235312328
20,1108,-0.029727548360824585,-0.32554182410240173,-1.2053742408752441,-2.750399351119995,0,-5,-2,-44,0,-5.0,0.8734607100486755,0.3300357260543739,0.412974460122318,0.08940381409340148,0.08435847938060761,0.09947733278451795,0.04905296688376176
20,1109,-0.04336469992995262,-0.35572350025177,-1.4810940027236938,-3.2016615867614746,0,-6,-3,-51,1,-2.5,0.8488559722900391,0.32970569032831953,-0.05585344314575197,-0.16940361554351535,0.13647042095705678,0.13368611180424692,0.09889123808386326
21,1110,-0.05861489474773407,-0.3887724280357361,-1.5567392110824585,-3.364206552505493,0,-6,-3,-54,2,0.0,-2.178089141845703,0.3293759846379912,-0.0025777160546481687,-0.10885792970657349,-0.11771531548142433,-0.15538363591372967,0.0
21,1111,-0.1711280792951584,0.1559930443763733,0.16239619255065918,-0.10893502086400986,0,2,0,-2,4,5.0,0.9749464392662048,0.3290466086533532,7.385641061851972,6.482059144293197,10.725502729573694,18.564889537388026,8.298379131358327
21,1112,-0.16740331053733826,0.15828315913677216,0.5289602875709534,0.4734604060649872,0,3,1,8,1,-2.5,0.9739677906036377,0.3287175620446999,1.0287981212182242,7.074249710321693,1.2738022563825506,1.2224297172191239,1.1449175332452457
21,1113,-0.16332897543907166,0.16134503483772278,0.3125811517238617,0.16769005358219147,0,3,1,3,2,0.0,0.9733983874320984,0.32838884448265515,0.22393645824785743,3.4429161200906555,0.5627809946319814,0.6898196530415961,0.20369251228179364
21,1114,-0.16027182340621948,0.16309989988803864,0.2976667284965515,0.16933701932430267,0,3,1,3,0,-5.0,0.9738606810569763,0.3280604556381725,0.407516204649895,3.4429161200906555,0.5627809946319814,0.6898196530415961,0.20369251228179364
21,1115,-0.15946264564990997,0.16167676448822021,-0.08626224845647812,-0.3907551169395447,0,3,0,-6,4,5.0,0.9739786386489868,0.32773239518253433,0.4146283395932052,0.398694853684215,0.33894982493479253,3.9514581706434395,0.9486191509111686
21,1116,-0.15811984241008759,0.16131141781806946,0.2986396551132202,0.21991205215454102,0,3,1,4,4,5.0,0.9721760153770447,0.3274046627873518,0.1653547026676144,1.4486489539635623,0.3901043348477759,0.23135341736041132,4.508514421304957
21,1117,-0.15309038758277893,0.16680528223514557,0.6549513339996338,0.7870150804519653,0,3,1,13,1,-2.5,0.9700917601585388,0.32707725812456445,2.556099883776386,7.343418484653743,3.1550408009091586,1.8635493818967859,1.7803478644124797
21,1118,-0.1478056013584137,0.1729399859905243,0.429842472076416,0.4698146879673004,0,3,1,8,3,2.5,0.9678667783737183,0.32675018086643987,1.0287981212182242,7.074249710321693,1.2738022563825506,1.589198504705577,1.1449175332452457
21,1119,-0.14257076382637024,0.17925746738910675,0.5914630889892578,0.7416597604751587,0,3,1,12,1,-2.5,0.9657717347145081,0.32642343068557345,2.3029308822465113,7.527847276142101,2.458006776828417,2.3957410982348235,1.8537887203361334
21,1120,-0.13788653910160065,0.18500876426696777,0.3721666932106018,0.4358763098716736,0,3,1,7,2,0.0,0.9641096591949463,0.3260970072548879,1.5667467782588955,3.9304889577143163,1.2370823141830494,0.7531288206966253,0.957277356267191
21,1121,-0.13425014913082123,0.18944743275642395,0.35399267077445984,0.43626803159713745,0,3,1,7,1,-2.5,0.9630124568939209,0.325770910247633,1.5667467782588955,4.362308963790264,1.2370823141830494,0.7531288206966253,0.957277356267191
21,1122,-0.13183362782001495,0.1923215687274933,0.1532432734966278,0.16063030064105988,0,3,0,3,1,-2.5,0.9629153609275818,0.32544513933738534,5.561723430047467,11.398275668179087,8.029777886841158,6.759671469420047,6.084284600484149
21,1123,-0.13133829832077026,0.1925739049911499,-0.03243830054998398,-0.09168696403503418,0,3,0,-1,2,0.0,0.9631332159042358,0.3251196941980479,5.209013450253617,4.503153026556323,11.4457116869186,7.478115655256504,6.100275008539516
21,1124,-0.1315748691558838,0.19200736284255981,-0.02035629190504551,-0.04442264512181282,0,3,0,-1,2,0.0,0.963172435760498,0.32479457450384985,5.209013450253617,4.503153026556323,11.422649906345175,7.478115655256504,6.100275008539516
21,1125,-0.13169583678245544,0.1919049620628357,-0.009183096699416637,0.0013932089786976576,0,3,0,0,3,2.5,0.9624260663986206,0.324469779929346,3.7191512484793376,5.241610471709444,7.27983638802651,10.520772821033878,6.335752229281181
21,1126,-0.13066263496875763,0.19384001195430756,0.18526293337345123,0.3248729109764099,0,3,0,5,2,0.0,0.9610716104507446,0.32414531014941667,6.90787274912466,8.722859563388266,12.13762130334364,7.369680534167099,7.7833692211575976
21,1127,-0.12881329655647278,0.19730277359485626,0.18133963644504547,0.34817764163017273,0,3,0,6,2,0.0,0.9595963358879089,0.32382116483926726,9.03493667381305,9.090798151004847,11.473053776831097,7.777866257664025,8.116540597136096
21,1128,-0.1270003765821457,0.20100674033164978,0.1778625100851059,0.3726813495159149,0,3,0,6,2,0.0,0.9579898118972778,0.323497343674428,9.03493667381305,9.090798151004847,11.497125660349205,7.777866257664025,8.116540597136096
21,1129,-0.12521950900554657,0.20496398210525513,0.17480748891830444,0.3983828127384186,0,3,0,6,4,5.0,0.9549112915992737,0.3231738463307536,9.03493667381305,9.090798151004847,11.497125660349205,7.777866257664025,8.193763877869376
21,1130,-0.1213788315653801,0.21234098076820374,0.539167046546936,0.9797369837760925,0,3,1,16,4,5.0,0.9492415189743042,0.32285067248442284,8.81478225917438,2.7572504551615675,3.416809531317143,2.642570550050896,1.6747616267636687
21,1131,-0.11405245214700699,0.22529655694961548,0.8758155703544617,1.5195006132125854,0,4,2,24,1,-2.5,0.9430000185966492,0.3225278218119384,0.24010331361718365,0.930033154923126,0.38874045703256155,0.24161160383622765,0.4602569530029866
21,1132,-0.10662416368722916,0.23874665796756744,0.6388728618621826,1.1974974870681763,0,4,1,19,2,0.0,0.9371412396430969,0.3222052939901265,3.2608974097910934,2.205708430561468,3.9320005120059234,1.5459870785522813,1.4085262717693219
21,1133,-0.10041873157024384,0.25071635842323303,0.603019654750824,1.1798540353775024,0,4,1,19,2,0.0,0.9310661554336548,0.32188308869613635,3.2608974097910934,2.205708430561468,3.9742003791691918,1.5459870785522813,1.4085262717693219
21,1134,-0.09455253183841705,0.26255249977111816,0.5703892707824707,1.168940782546997,0,4,1,19,2,0.0,0.9247487187385559,0.3215612056074402,3.2608974097910934,2.205708430561468,4.1580144318694385,1.5459870785522813,1.4085262717693219
21,1135,-0.08899495005607605,0.2743196189403534,0.5407094955444336,1.164304494857788,0,4,1,19,2,0.0,0.9181592464447021,0.3212396444018328,3.2608974097910934,2.205708430561468,4.110069776285612,1.5459870785522813,1.4085262717693219
21,1136,-0.08371792733669281,0.2860780954360962,0.5137312412261963,1.1655389070510864,0,5,1,19,1,-2.5,0.9121637940406799,0.32091840475743094,0.78194030091238,2.375286014804156,0.8939900874745833,0.7893196924962824,1.0583292455084417
21,1137,-0.07971792668104172,0.29637157917022705,0.3095530569553375,0.906438946723938,0,5,1,15,4,5.0,0.9046801328659058,0.3205974863526735,0.2573365998705604,0.4611962744258445,0.12078467928536504,0.07948122969856802,1.7393934941926896
21,1138,-0.07460896670818329,0.3087390959262848,0.6589314937591553,1.4661853313446045,0,5,1,23,4,5.0,0.8934142589569092,0.32027688886632083,1.4776709401683799,1.0240541004963166,1.4176231447023988,1.9070178946375054,2.428647030342952
21,1139,-0.06616341322660446,0.32647469639778137,0.9809375405311584,1.9854152202606201,0,5,2,32,0,-5.0,0.8821507692337036,0.3199566119774545,1.4070600586718078,0.42769022245109656,0.45476358519999266,0.48718020718078275,0.43478801493732094
21,1140,-0.058683522045612335,0.34329184889793396,0.567791223526001,1.431343913078308,0,5,1,23,4,5.0,0.869879961013794,0.31963665536547703,1.4776709401683799,1.0240541004963166,1.4176231447023988,1.9070178946375054,2.3747679523584324
21,1141,-0.0511237196624279,0.36072155833244324,0.8939461708068848,1.95598566532135,0,6,2,31,4,5.0,0.8531761169433594,0.31931701871011153,0.24607191757688582,0.0434092253446579,0.27647268218964344,0.11509557965397835,0.6457271299682427
21,1142,-0.040456391870975494,0.38317614793777466,1.1935185194015503,2.4416165351867676,0,6,2,39,0,-5.0,0.8362811803817749,0.3189977016914014,0.659497535498698,0.34334646997805085,0.08984962011157216,-0.14328550925946423,-0.17667901816725734
22,1143,-0.030896957963705063,0.4046219289302826,0.7727141380310059,1.8977246284484863,0,6,2,30,0,-5.0,-2.1772196292877197,0.31867870398971,0.28605392890360437,-0.06664913057863714,0.09557111055223402,0.12744827128982225,0.08063818961381913
22,1144,-0.004478961229324341,-0.019038155674934387,0.1134200394153595,0.060790449380874634,0,0,0,1,3,2.5,0.999714732170105,0.31836002528572027,23.558513194754347,26.99176830640777,29.88865375562306,31.633028758028225,27.712968796868346
22,1145,-0.002332880161702633,-0.01689029484987259,0.29163622856140137,0.3329469859600067,0,0,1,5,1,-2.5,0.9997618794441223,0.31804166526043454,19.547167868235746,28.487898264331793,13.211220951665167,10.840305717473065,5.796184381698431
22,1146,-0.000615810917224735,-0.015430525876581669,0.08114201575517654,0.005619831383228302,0,0,0,0,4,5.0,0.999852180480957,0.3177236235951741,30.855447109362597,29.661105421484635,38.78684004108293,32.1092909482053,31.32351717791221
22,1147,0.0022908481769263744,-0.012158297933638096,0.4497217833995819,0.572115421295166,0,0,1,9,3,2.5,0.9999739527702332,0.3174058999715789,31.520188032606235,16.971782068177045,15.667768762534973,8.124963289212028,6.796188822481609
22,1148,0.007659424562007189,-0.005105634685605764,0.6031234860420227,0.8071709275245667,0,0,1,13,1,-2.5,0.9999991655349731,0.31708849407160733,12.337680792102159,17.648908490655753,6.630055791348623,3.7845532378908833,1.4431411799420824
22,1149,0.012363038025796413,0.0009118604357354343,0.36987054347991943,0.44657424092292786,0,0,1,7,0,-5.0,0.9999966025352478,0.31677140557753575,28.205730653184727,16.020131690515395,15.200633773373276,14.375396015424379,7.318927705079788
22,1150,0.013767825439572334,0.0018384535796940327,-0.0333508662879467,-0.17554256319999695,0,0,0,-3,2,0.0,1.0,0.31645463417195824,21.99321076615433,19.468308955104824,31.151507656751342,26.899904125976065,22.381258222514397
22,1151,0.013449253514409065,0.00010801575263030827,-0.030764522030949593,-0.17131458222866058,0,0,0,-3,4,5.0,0.999997079372406,0.3161381795377863,21.99321076615433,19.601046987644715,31.151507656751342,26.899904125976065,22.815286426759826
22,1152,0.015291129238903522,0.0017125483136624098,0.34706583619117737,0.41183316707611084,0,0,1,7,0,-5.0,0.999994695186615,0.3158220413582485,28.413945315052338,16.020131690515395,15.200633773373276,14.375396015424379,7.750886027315206
22,1153,0.016477931290864944,0.0023081384133547544,-0.054403264075517654,-0.2074650675058365,0,0,0,-3,2,0.0,0.9999999403953552,0.3155062193168902,21.99321076615433,19.601046987644715,31.258051087520787,26.899904125976065,23.03548931603634
22,1154,0.01595800742506981,0.0002731412532739341,-0.05021388456225395,-0.2006993591785431,0,0,0,-3,2,0.0,0.999997079372406,0.31519071309757335,21.99321076615433,19.601046987644715,31.35394003216214,26.899904125976065,23.03548931603634
22,1155,0.015477372333407402,-0.0017005270346999168,-0.04644545540213585,-0.19488990306854248,0,0,0,-3,2,0.0,0.9999868869781494,0.3148755223844758,22.42312921876153,19.601046987644715,31.33628524027029,26.899904125976065,23.03548931603634
22,1156,0.015032016672194004,-0.003622045973315835,-0.04306327924132347,-0.18997414410114288,0,0,0,-3,0,-5.0,0.9999226331710815,0.31456064686209134,22.972198881422937,19.601046987644715,31.236834901540675,26.899904125976065,23.03548931603634
22,1157,0.012481911107897758,-0.008797363378107548,-0.41555824875831604,-0.7655000686645508,0,0,-1,-12,4,5.0,0.9998336434364319,0.31424608621522926,2.482179864183896,4.682244696203904,10.051978295554381,12.048588107434231,31.89324873874253
22,1158,0.01063647773116827,-0.012897556647658348,-0.009358681738376617,-0.1400899887084961,0,0,0,-2,2,0.0,0.9997950792312622,0.31393184012901404,26.14523332824576,26.389177246199957,36.42264603942016,27.627997614831763,23.002662314921572
22,1159,0.010541648603975773,-0.014315140433609486,-0.009346287697553635,-0.14205767214298248,0,0,0,-2,2,0.0,0.9997518062591553,0.31361790828888503,26.36432079889083,26.715658447509657,36.531138801831354,27.914488667796405,23.002662314921572
22,1160,0.010446367785334587,-0.015754902735352516,-0.009409502148628235,-0.14435715973377228,0,0,0,-2,1,-2.5,0.9996439814567566,0.31330429038059615,26.36432079889083,26.9876343814201,36.61902732681796,27.914488667796405,23.002662314921572
22,1161,0.009281869977712631,-0.018868403509259224,-0.1972789466381073,-0.4367111921310425,0,0,0,-7,1,-2.5,0.9993855953216553,0.31299098609021553,6.2229480790617675,8.987827876252645,10.527929936653795,31.690838840578394,8.845233245006659
22,1162,0.006317768711596727,-0.02478707581758499,-0.3712005019187927,-0.7080629467964172,0,0,-1,-11,4,5.0,0.9991950392723083,0.3126779951041253,2.8850146745924485,5.95891837808262,17.37526477384626,13.008003917105132,33.27529202591885
22,1163,0.004889973904937506,-0.028372015804052353,0.03072109818458557,-0.09184045344591141,0,0,0,-1,0,-5.0,0.9989336133003235,0.31236531710902116,31.007003169486858,28.663591513035392,37.6006778817392,30.22261457647828,22.786536575933624
22,1164,0.0030372305773198605,-0.03265514224767685,-0.34843361377716064,-0.6811278462409973,0,-1,-1,-11,4,5.0,0.9987038969993591,0.3120529517919121,3.9325807311365306,9.350480069105071,8.429685934428775,13.838983392377884,25.443564879150642
22,1165,0.0018236989853903651,-0.03600113093852997,0.05127136409282684,-0.06965428590774536,0,-1,0,-1,2,0.0,0.9986461400985718,0.3117408988401202,20.260460111190696,23.32589636291366,25.902343690651637,23.631045810255607,23.574966166174892
22,1166,0.0023000012151896954,-0.03679477050900459,0.045524630695581436,-0.08398571610450745,0,-1,0,-1,2,0.0,0.9985765218734741,0.31142915794128007,20.260460111190696,23.32589636291366,26.090312916930984,23.631045810255607,23.574966166174892
22,1167,0.0027209697291254997,-0.03772934526205063,0.040166791528463364,-0.09784058481454849,0,-1,0,-2,3,2.5,0.998619556427002,0.31111772878333877,21.8248192959697,21.904417478122404,24.16056408385241,28.08688014899765,23.823990444979508
22,1168,0.004157624207437038,-0.03715435415506363,0.22277957201004028,0.17808164656162262,0,-1,0,3,2,0.0,0.9987336993217468,0.3108066110545554,14.087543336688853,14.376364552222231,30.771045646725007,16.511382342583794,10.127524203825997
22,1169,0.0062754214741289616,-0.03558523207902908,0.20412497222423553,0.14372602105140686,0,-1,0,2,2,0.0,0.998820424079895,0.3104958044435009,19.290827156445104,20.81089731743444,30.949546189124327,19.1287959921128,21.21372276174261
22,1170,0.008215241134166718,-0.034344710409641266,0.18694740533828735,0.11187640577554703,0,-1,0,2,2,0.0,0.998883843421936,0.3101853086390574,19.290827156445104,21.12787625637719,30.89861616273432,19.1287959921128,21.21372276174261
22,1171,0.009991094470024109,-0.03340926021337509,0.1711198389530182,0.08228825777769089,0,-1,0,1,2,0.0,0.9989269375801086,0.30987512333041833,24.608293655483017,23.653109860443973,28.836147321276528,23.004311423315958,24.978815585288466
22,1172,0.011615791358053684,-0.032757677137851715,0.15652576088905334,0.05473664402961731,0,-1,0,1,2,0.0,0.9989521503448486,0.3095652482070879,24.608293655483017,23.653109860443973,28.830251104588868,23.004311423315958,24.978815585288466
22,1173,0.013101029209792614,-0.032370902597904205,0.14305830001831055,0.029014602303504944,0,-1,0,0,0,-5.0,0.9987379312515259,0.30925568295888084,22.81873047808761,22.78791902591417,26.700853811040936,22.590463465913274,24.18632524594259
22,1174,0.012322373688220978,-0.035525549203157425,-0.24468499422073364,-0.5740311145782471,0,-1,0,-9,4,5.0,0.9985654950141907,0.308946427275922,7.140883443706037,9.090525170291503,8.785454812102817,8.213763879378098,23.673664875648583
22,1175,0.012100592255592346,-0.03787460923194885,0.1470426321029663,0.024672649800777435,0,-1,0,0,1,-2.5,0.998444676399231,0.30863748084864606,22.81873047808761,22.96243275707183,26.87980167833031,22.668290177948467,24.18632524594259
22,1176,0.012425652705132961,-0.03943740949034691,-0.053596995770931244,-0.290513813495636,0,-1,0,-5,3,2.5,0.9983410239219666,0.3083288433677974,14.845598302627991,13.838788522902657,20.54173574452995,25.88061580116272,20.102260534857653
22,1177,0.012963923625648022,-0.040730830281972885,0.1359352320432663,-0.004248708486557007,0,-1,0,0,4,5.0,0.9985830187797546,0.30802051452442963,22.81873047808761,22.15629381304437,27.107608007648686,22.668290177948467,24.2283658645221
22,1178,0.016383329406380653,-0.03764255717396736,0.49879568815231323,0.5491959452629089,0,-1,1,9,2,0.0,0.9989408850669861,0.3077124940099052,14.14905661742305,10.669683711300328,24.169371624509104,4.6365196008499705,5.802121280983798
22,1179,0.02114361897110939,-0.03254402428865433,0.4594637453556061,0.482961505651474,0,-1,1,8,1,-2.5,0.9991167187690735,0.3074047815158953,25.212984873768818,22.88297397176842,15.911418937669703,12.997780507025595,7.047990741327661
22,1180,0.02446165680885315,-0.02972031570971012,0.23565946519374847,0.13288672268390656,0,0,0,2,2,0.0,0.9991821050643921,0.30709737673437937,24.349367134396275,24.89967593688491,31.777423910672532,23.28967090145557,19.672366762968128
22,1181,0.026705682277679443,-0.02859875001013279,0.2164176106452942,0.0987323448061943,0,0,0,2,4,5.0,0.9993993043899536,0.30679027935764497,24.349367134396275,24.89967593688491,31.777423910672532,23.28967090145557,20.510648267412613
22,1182,0.03090142086148262,-0.024509426206350327,0.5740507245063782,0.6462092995643616,0,0,1,10,0,-5.0,0.9995263814926147,0.3064834890782873,36.225254509065124,17.50831598010033,19.409884297563174,8.924104457130813,6.509048195301991
22,1183,0.03425152972340584,-0.0217630285769701,0.15431953966617584,-0.005013458430767059,0,0,0,0,3,2.5,0.9995877146720886,0.306177005589209,31.539655769448764,30.66179755169857,37.27635387948018,32.37373036659501,31.341155199130533
22,1184,0.03678795322775841,-0.020305240526795387,0.3293036222457886,0.2617111802101135,0,0,1,4,1,-2.5,0.999616265296936,0.3058708285836198,7.07266047731191,26.023577829887394,6.437132049650825,3.812732207367274,7.997627783247135
22,1185,0.03886428475379944,-0.019588526338338852,0.11580871045589447,-0.07075951993465424,0,0,0,-1,2,0.0,0.9995835423469543,0.30556495775503617,32.18978843305962,28.483715273854738,38.1363135301776,31.968993248994085,26.32115605061648
22,1186,0.039964981377124786,-0.020406993106007576,0.10607561469078064,-0.08876257389783859,0,0,0,-1,2,0.0,0.9995419979095459,0.30525939279728115,32.18978843305962,28.483715273854738,38.300381236421714,31.968993248994085,26.32115605061648
22,1187,0.04097217693924904,-0.021400529891252518,0.09702916443347931,-0.10583404451608658,0,0,0,-2,2,0.0,0.9994910359382629,0.30495413340448385,28.395090699864262,28.035117803385106,36.63133362511216,29.079816394035305,24.298850101575997
22,1188,0.041892364621162415,-0.02256058156490326,0.08860871940851212,-0.12209372222423553,0,0,0,-2,2,0.0,0.9994297623634338,0.3046491792710794,28.395090699864262,28.290899967162904,36.77711854776008,29.079816394035305,24.298850101575997
22,1189,0.042731478810310364,-0.023879727348685265,0.08075869083404541,-0.13765235245227814,0,0,0,-2,2,0.0,0.999357283115387,0.3043445300918083,28.395090699864262,28.290899967162904,36.94394900341435,28.963696032573708,24.298850101575997
22,1190,0.04349491000175476,-0.025351617485284805,0.07342801243066788,-0.15261273086071014,0,0,0,-2,2,0.0,0.9992725849151611,0.30404018556171647,28.395090699864262,28.290899967162904,36.625672649301904,28.963696032573708,24.298850101575997
22,1191,0.04418757185339928,-0.026970872655510902,0.06656982004642487,-0.16707003116607666,0,0,0,-3,2,0.0,0.9991744160652161,0.30373614537615473,23.301571985045193,22.756604833905698,31.765542428774413,27.05032845809972,24.503153411632717
22,1192,0.044813934713602066,-0.028733035549521446,0.060141053050756454,-0.18111295998096466,0,0,0,-3,2,0.0,0.9990615248680115,0.3034324092307786,23.301571985045193,22.756604833905698,31.79721670413,27.05032845809972,24.503153411632717
22,1193,0.045378051698207855,-0.03063448891043663,0.0541020892560482,-0.19482408463954926,0,0,0,-3,0,-5.0,0.9987064003944397,0.3031289768215478,22.968822931718,22.756604833905698,31.901055416558584,27.106118210242307,24.503153411632717
22,1194,0.0437484085559845,-0.035966385155916214,-0.32689613103866577,-0.7872779369354248,0,-1,-1,-13,3,2.5,0.9982325434684753,0.30282584784472627,2.398433633957495,5.944524924763794,7.906041416963386,19.120226001783138,9.610974839900777
22,1195,0.041672203689813614,-0.042040955275297165,-0.11663825809955597,-0.46861496567726135,0,-1,0,-7,3,2.5,0.9979678988456726,0.3025230219968815,8.112706513869655,9.900727364163783,10.872507263885472,24.64868319814898,15.755388337822378
22,1196,0.041605863720178604,-0.04507889598608017,0.07746253907680511,-0.17577862739562988,0,-1,0,-3,3,2.5,0.9979459643363953,0.3022204989748846,16.25207233035465,21.203033222383837,22.85712949813632,27.085822671619177,19.786290029319915
22,1197,0.0433962456882,-0.04532182216644287,0.2568247318267822,0.09391248226165771,0,-1,1,2,1,-2.5,0.9978585243225098,0.30191827847590974,16.898204743547453,24.136938019057546,15.828300008052683,14.456338992626401,14.257563046326782
22,1198,0.04476969316601753,-0.04627630114555359,0.047630589455366135,-0.2354801595211029,0,-1,0,-4,3,2.5,0.9977816939353943,0.3016163601974338,11.456184101417131,17.306332570079533,19.726164764952365,25.139346543331445,18.937870810435218
22,1199,0.04627395048737526,-0.04709895700216293,0.22915342450141907,0.03732968121767044,0,-1,0,1,4,5.0,0.9980930089950562,0.3013147438372364,25.712724739773808,23.871017513020508,29.309278219233526,23.46497231830154,25.707488773076925
22,1200,0.05058260262012482,-0.04366916045546532,0.5845857858657837,0.5782156586647034,0,-1,1,9,2,0.0,0.9985294938087463,0.3010134290933992,15.213191184863739,11.679396203591693,25.48840606894489,5.39632211857971,5.802121280983798
22,1201,0.056161899119615555,-0.03834713250398636,0.538523256778717,0.5007112622261047,0,-1,1,8,0,-5.0,0.9986270070075989,0.3007124156643058,26.48616953341638,22.88297397176842,15.911418937669703,14.21742084810452,7.341012034793208
22,1202,0.059167418628931046,-0.037053484469652176,0.12091344594955444,-0.1490882933139801,0,-1,0,-2,0,-5.0,0.9982375502586365,0.30041170324864147,21.992547758225832,22.74927582894412,24.526241889856017,28.338018206511066,24.822917936709537
22,1203,0.05817531421780586,-0.04198169708251953,-0.26534155011177063,-0.7504815459251404,0,-1,-1,-12,4,5.0,0.9978752732276917,0.30011129154539284,3.872333474651832,5.312530102802623,8.530868334087625,7.2360375422181065,24.43835731249061
22,1204,0.05775275453925133,-0.04609472677111626,0.12749585509300232,-0.15125221014022827,0,-1,0,-2,3,2.5,0.9978722929954529,0.29981118025384745,21.992547758225832,22.74927582894412,24.526241889856017,28.088674535205364,24.822917936709537
22,1205,0.06002166122198105,-0.04612721875309944,0.30304428935050964,0.11239881813526154,0,-1,1,2,1,-2.5,0.9977977275848389,0.2995113690735936,16.898204743547453,25.14849151416896,15.828300008052683,14.456338992626401,14.935990382488388
22,1206,0.06183731183409691,-0.046928491443395615,0.09035030007362366,-0.2224961668252945,0,-1,0,-4,2,0.0,0.9975699782371521,0.29921185770452,11.968670657907762,17.988243635034188,20.19682126709298,25.608122820234275,18.937870810435218
22,1207,0.06268337368965149,-0.04929548501968384,0.08109694719314575,-0.24391983449459076,0,-1,0,-4,3,2.5,0.9974769353866577,0.2989126458468155,12.071569076242131,17.988243635034188,20.19682126709298,25.164042116682314,18.937870810435218
22,1208,0.0645066350698471,-0.05023032799363136,0.2599227726459503,0.024232711642980576,0,-1,1,0,1,-2.5,0.997307300567627,0.2986137332009687,8.806900708602397,20.595762829350143,18.29672657326215,13.814606466435073,13.84130479237633
22,1209,0.06590805947780609,-0.05189140886068344,0.050289399921894073,-0.3065176010131836,0,-1,0,-5,3,2.5,0.9971444606781006,0.29831511946776773,15.106782192053544,14.642112191650757,20.54173574452995,27.204288208216013,20.343247344080016
22,1210,0.06743521988391876,-0.05343698337674141,0.23126205801963806,-0.03550250083208084,0,-1,0,-1,3,2.5,0.9972548484802246,0.29801680434829997,22.292282424355058,23.75510729383508,28.886975611912543,24.51428765858936,24.370029165974728
22,1211,0.0706942081451416,-0.052394088357686996,0.39858677983283997,0.21429552137851715,0,-1,1,3,3,2.5,0.9976028800010681,0.29771878754395165,14.367964305568727,13.440462058553358,14.394210335946983,23.00245900983208,7.351867002044069
22,1212,0.0755557119846344,-0.04896073788404465,0.5534675121307373,0.445152223110199,0,-1,1,7,1,-2.5,0.9978281855583191,0.29742106875640767,20.678895349472683,26.89854332801761,20.548090287934134,12.846346626037494,10.520575508670333
22,1213,0.07976803928613663,-0.0466030016541481,0.3219121992588043,0.08086206763982773,0,-1,1,1,3,2.5,0.9980248212814331,0.29712364768765126,19.455446456420383,18.886838332490047,19.67307426866106,25.421431690838865,15.146841773950081
22,1214,0.08389800041913986,-0.044442880898714066,0.4828716516494751,0.32199880480766296,0,-1,1,5,0,-5.0,0.9979832172393799,0.2968265240399636,25.676207457509115,20.644417256493387,17.34202507176574,20.61843587483948,5.285623356094692
22,1215,0.08636881411075592,-0.044908806681632996,0.06921292841434479,-0.3225018382072449,0,-1,0,-5,3,2.5,0.9978271722793579,0.2965296975159237,15.175396382373204,14.842683895038661,20.54173574452995,27.559038592332683,20.343247344080016
22,1216,0.08808030188083649,-0.046613339334726334,0.24919681251049042,-0.05186418816447258,0,-1,0,-1,2,0.0,0.9977553486824036,0.29623316781840775,21.843814800198828,23.75510729383508,29.729145512636812,25.25059243415883,24.85720320905911
22,1217,0.09044714272022247,-0.04737784340977669,0.22805020213127136,-0.09153640270233154,0,-1,0,-1,4,5.0,0.9979536533355713,0.29593693465058934,21.50376011895149,23.75510729383508,29.807729315025057,25.56933392245584,25.040957509015225
22,1218,0.09474501013755798,-0.04523681476712227,0.5835242867469788,0.4493253231048584,0,-1,1,7,1,-2.5,0.9981637597084045,0.29564099771593877,20.678895349472683,26.99176949325537,20.684934411407106,12.846346626037494,10.510765854156144
22,1219,0.0992463082075119,-0.04285136237740517,0.349864661693573,0.08229312300682068,0,-1,1,1,3,2.5,0.9983444809913635,0.2953453567182228,19.678337630798012,18.886838332490047,19.67307426866106,25.922364146193438,15.146841773950081
22,1220,0.10364553332328796,-0.04068826138973236,0.5089523792266846,0.32115283608436584,0,-1,1,5,0,-5.0,0.9983046650886536,0.2950500113615046,26.220752723265495,20.644417256493387,17.34202507176574,21.03571797733574,5.372977399894962
22,1221,0.10636712610721588,-0.04117446020245552,0.09346148371696472,-0.3257067799568176,0,-1,0,-5,3,2.5,0.9981578588485718,0.2947549613501431,16.04579688616834,14.842683895038661,20.54173574452995,27.657850133467964,20.343247344080016
22,1222,0.10831243544816971,-0.042919933795928955,0.2718525826931,-0.05691608041524887,0,-1,1,-1,4,5.0,0.9983636140823364,0.294460206388793,10.322630487956987,13.5197343961546,16.412779643010584,18.35576785281284,24.67751292770926
22,1223,0.11303189396858215,-0.040452342480421066,0.6243557333946228,0.4801589846611023,0,-1,1,8,0,-5.0,0.9984457492828369,0.2941657461824042,27.39766424178026,23.426756488560798,15.911418937669703,15.282365861472924,7.960923951169282
22,1224,0.11685846000909805,-0.03942381963133812,0.20022989809513092,-0.17995968461036682,0,-1,0,-3,3,2.5,0.9984176754951477,0.2938715804362218,16.973025251666336,21.660898002880046,23.86651494957316,27.252010245143378,20.463839329235327
22,1225,0.11982664465904236,-0.0397786945104599,0.3707222044467926,0.07697257399559021,0,-1,1,1,3,2.5,0.9985804557800293,0.2935777088557856,19.678337630798012,18.886838332490047,19.67307426866106,26.461361829712764,16.75794929981008
22,1226,0.12442689388990402,-0.03767678141593933,0.5284265875816345,0.3141932189464569,0,-1,1,5,0,-5.0,0.9985376000404358,0.2932841311469298,26.599336914788687,20.644417256493387,17.81666104791182,21.339147277482937,5.372977399894962
22,1227,0.1273358166217804,-0.03824103623628616,0.11157815158367157,-0.3343809247016907,0,-1,0,-5,3,2.5,0.9983936548233032,0.2929908470157829,16.130208896552077,14.842683895038661,20.912770524044724,27.517058948640578,20.60639034562351
22,1228,0.12945584952831268,-0.04007966071367264,0.28878554701805115,-0.06694182753562927,0,-1,1,-1,4,5.0,0.998577356338501,0.2926978561687671,10.322630487956987,13.5197343961546,16.703727290658026,18.734113266564275,25.54271457316092
22,1229,0.13433879613876343,-0.03771775960922241,0.6402101516723633,0.4689602553844452,0,-1,1,8,0,-5.0,0.9986451864242554,0.29240515831259833,27.589041451262396,23.426756488560798,16.58604048591839,15.282365861472924,7.809345144467237
22,1230,0.13831789791584015,-0.03680773824453354,0.21498684585094452,-0.19250819087028503,0,-1,0,-3,2,0.0,0.9984837174415588,0.29211275315428575,17.421337855632576,21.936745350531133,23.983014246842387,27.569931919498924,20.463839329235327
22,1231,0.14036111533641815,-0.038939256221055984,0.19690541923046112,-0.2260160595178604,0,-1,0,-4,3,2.5,0.9984198212623596,0.2918206404011315,12.586617728863704,17.988243635034188,20.72168206504201,27.964472598793694,18.937870810435218
22,1232,0.1432976871728897,-0.03975164517760277,0.36767300963401794,0.03140690550208092,0,-1,1,1,3,2.5,0.998548150062561,0.29152881976073036,19.678337630798012,18.886838332490047,19.827606472546265,26.730657791974984,17.84696565840708
22,1233,0.14786873757839203,-0.03810341656208038,0.5256017446517944,0.26896584033966064,0,-1,1,4,3,2.5,0.9988317489624023,0.2912372909409696,15.47909859776265,25.808603983892183,16.052154451141654,15.793588857730889,9.087889076260218
22,1234,0.15395255386829376,-0.03418003022670746,0.6718119978904724,0.48877742886543274,0,-1,1,8,0,-5.0,0.9989052414894104,0.2909460536500286,27.680584668285242,23.426756488560798,16.58604048591839,15.282365861472924,7.809345144467237
22,1235,0.15823529660701752,-0.03308740630745888,0.24434569478034973,-0.17569375038146973,0,-1,0,-3,4,5.0,0.9989906549453735,0.2906551075963786,17.674835587698425,21.936745350531133,24.246904909661566,27.53585162378691,21.090425330422406
22,1236,0.16269613802433014,-0.0317700020968914,0.5995566248893738,0.36721423268318176,0,-1,1,6,0,-5.0,0.9989860653877258,0.2903644524887822,26.587148980151824,19.873163379195233,19.55365192440059,16.756383144370595,6.626470806231654
22,1237,0.16628782451152802,-0.03184204176068306,0.1775904893875122,-0.28848177194595337,0,-1,0,-5,3,2.5,0.998894214630127,0.2900740880362934,16.425768101045264,15.180470723899528,20.912770524044724,28.48723300625433,20.60639034562351
22,1238,0.16904261708259583,-0.033253178000450134,0.3502233624458313,-0.027056794613599777,0,-1,1,0,1,-2.5,0.9987425804138184,0.28978401394825715,8.93004591041063,24.221728258872645,18.29672657326215,14.860110752450428,15.111337363593439
22,1239,0.17131435871124268,-0.03545966371893883,0.134537473320961,-0.36481642723083496,0,-1,0,-6,3,2.5,0.9985852837562561,0.2894942299343089,13.134574572105535,14.709441567292547,18.34999469989023,25.749480322619043,18.577214306378828
22,1240,0.1736554354429245,-0.03761257231235504,0.31018608808517456,-0.09934033453464508,0,-1,1,-2,4,5.0,0.9987337589263916,0.2892047357043746,9.465539038401356,12.780748874837847,10.595868402511083,15.590956293323742,25.219403502262807
22,1241,0.17874440550804138,-0.03558386117219925,0.6601658463478088,0.43474870920181274,0,-1,1,7,1,-2.5,0.9988858103752136,0.28891553096867023,21.106801651704032,27.793484185461836,21.771815536223286,13.501719573832567,11.31316153050658
22,1242,0.18398267030715942,-0.03337946906685829,0.42115655541419983,0.06078425422310829,0,-1,1,1,4,5.0,0.9991111159324646,0.2886266154377016,19.88614116139719,19.232530666558954,20.178493688404963,26.202288724712965,17.825822729968372
22,1243,0.1901361048221588,-0.02981392852962017,0.7631082534790039,0.5832556486129761,0,0,2,9,1,-2.5,0.9993144869804382,0.28833798882226386,0.04996234774589539,12.255794967345365,1.7476203557671317,0.6141565032728371,0.9777411657129991
22,1244,0.1963619589805603,-0.026182692497968674,0.5166458487510681,0.19862981140613556,0,0,1,3,1,-2.5,0.9993119835853577,0.2880496508334416,11.239406046939248,27.188981889042793,13.147031060299486,10.007829809943855,3.6575176331715156
22,1245,0.2002294808626175,-0.026230134069919586,0.2888023555278778,-0.1568392962217331,0,0,1,-3,3,2.5,0.9993036985397339,0.28776160118260813,0.8610800335707643,3.544291772113947,0.40226647151711925,7.685454733900755,18.707131061141183
22,1246,0.20405133068561554,-0.02638763003051281,0.4534200429916382,0.09314637631177902,0,0,1,1,4,5.0,0.9994934797286987,0.2874738395814255,6.743018675286077,11.763636598219861,4.694342504552301,4.340216700056864,30.054114850158925
22,1247,0.21051688492298126,-0.022506097331643105,0.7933966517448425,0.6137455105781555,0,0,2,10,0,-5.0,0.9995909333229065,0.2871863657418441,2.1161945694319915,10.671322474817325,0.2708203435937736,0.15213241311228926,0.3672701115049045
22,1248,0.21596738696098328,-0.020225849002599716,0.35727426409721375,-0.06250310689210892,0,0,1,-1,0,-5.0,0.9994037747383118,0.28689917937610226,5.731497588541932,5.7522266458242495,6.820991047072728,9.083606556373303,19.865090679901154
22,1249,0.2172434777021408,-0.024417947977781296,-0.04605687037110329,-0.6879777908325195,0,0,0,-11,4,5.0,0.9992151260375977,0.2866122801967262,0.8075580601228346,0.6452817887709399,0.8755855730227756,1.7451411919465938,19.899748300240233
22,1250,0.21892841160297394,-0.02801559865474701,0.3314773142337799,-0.10931729525327682,0,0,1,-2,3,2.5,0.9992311000823975,0.28632566791652947,2.1727240171583535,3.1650670433271424,3.277532463263826,21.217848017688965,7.504266761383832
22,1251,0.22315801680088043,-0.02772921696305275,0.4927928149700165,0.1353030949831009,0,0,1,2,1,-2.5,0.9991936087608337,0.28603934224861294,6.430385687834233,27.952645376842746,10.063455867784143,6.059095020406949,5.260046236473195
22,1252,0.22679661214351654,-0.028396835550665855,0.2666638493537903,-0.21775409579277039,0,0,1,-3,4,5.0,0.999243438243866,0.2857533029063643,0.8610800335707643,3.544291772113947,1.3134159427258538,7.685454733900755,19.548235756569557
22,1253,0.23147329688072205,-0.027505621314048767,0.6204968094825745,0.32380539178848267,0,0,1,5,0,-5.0,0.9992149472236633,0.28546754960345794,24.033403543191625,33.50563891657159,17.438466741485954,13.091968004757344,9.57641815990413
22,1254,0.2352668046951294,-0.028019117191433907,0.19712065160274506,-0.33351054787635803,0,0,0,-5,3,2.5,0.9991068243980408,0.2851820820538545,10.98849554076708,13.958480172953564,16.623167375892034,34.916366958858625,17.560988908463518
22,1255,0.23821020126342773,-0.02988637611269951,0.36850711703300476,-0.07341054081916809,0,0,1,-1,1,-2.5,0.9989396333694458,0.2848968999718006,5.731497588541932,6.848135300842661,6.820991047072728,9.083606556373303,20.466747843426475
22,1256,0.2406582087278366,-0.03256300464272499,0.15159834921360016,-0.41259294748306274,0,-1,0,-7,3,2.5,0.998760998249054,0.2846120030718288,8.112706513869655,9.900727364163783,13.480446790048115,25.928402347007314,17.96774082041806
22,1257,0.2431638538837433,-0.03519955649971962,0.32613542675971985,-0.14837846159934998,0,-1,1,-2,0,-5.0,0.9983797073364258,0.284327391068757,12.34017726105754,13.665614217149882,10.595868402511083,15.590956293323742,25.011121846278343
22,1258,0.24413692951202393,-0.040253058075904846,-0.0754532516002655,-0.7731834053993225,0,-1,0,-12,4,5.0,0.9980006217956543,0.2840430636776882,2.4554423695882965,6.319757663774434,4.414181488479928,21.478646387457715,5.765001493766128
22,1259,0.2455330640077591,-0.04471457004547119,0.30325719714164734,-0.1954411417245865,0,-1,1,-3,1,-2.5,0.9976387619972229,0.28375902061401054,3.2184128039311997,8.485417928647038,3.21656025839356,3.071523773957821,19.532173472496257
22,1260,0.2473512440919876,-0.04859238117933273,0.09060070663690567,-0.5301485061645508,0,-1,0,-8,4,5.0,0.9974244236946106,0.28347526159339653,8.974541290555763,10.614053660830958,14.314256028768586,14.062950212864525,27.244753324744586
22,1261,0.25033271312713623,-0.05074995756149292,0.45626524090766907,0.026072993874549866,1,-1,1,0,1,-2.5,0.9972413778305054,0.28319178633180314,0.3034570810510631,0.3976494108488732,0.3327583543675939,1.396504499676987,0.3500674374953058
22,1262,0.2536136209964752,-0.05252256616950035,0.2318856418132782,-0.32747766375541687,1,-1,0,-5,2,0.0,0.9968592524528503,0.28290859454547135,0.0,0.18046886888058924,1.2685483256802739,0.3056408815477758,0.25622613596689103
22,1263,0.25581249594688416,-0.05604218319058418,0.21173246204853058,-0.36656802892684937,1,-1,0,-6,1,-2.5,0.9962068796157837,0.28262568595092585,0.5328928753083829,1.3236804936418474,0.10118148859454837,0.24994509727192632,0.0
22,1264,0.25675085186958313,-0.06158856675028801,0.005498213693499565,-0.6929353475570679,1,-1,0,-11,4,5.0,0.9957299828529358,0.2823430602649749,0.335603661119412,0.2965257729007762,0.36499413688248206,0.2190777907712111,1.3929883834249333
22,1265,0.25891101360321045,-0.06534549593925476,0.3765896260738373,-0.13078263401985168,1,-1,1,-2,4,5.0,0.9959381818771362,0.28206071720470993,0.25972441298091636,0.3876770340785012,0.12528797209872045,0.21605107907469331,1.177273294154412
22,1266,0.2646214962005615,-0.06373254954814911,0.7196002006530762,0.38759952783584595,1,-1,1,6,0,-5.0,0.995939314365387,0.2817786564875052,1.1321354782090136,0.0,0.04970540106296539,0.2377385917095805,0.10934555446640165
22,1267,0.2693537771701813,-0.06372357159852982,0.28766846656799316,-0.2872926592826843,1,-1,1,-5,4,5.0,0.9959532618522644,0.28149687783101773,0.10284654930910003,0.9531269491466006,0.08270134968689287,0.0,0.22245186297154637
22,1268,0.27421385049819946,-0.06361404061317444,0.6374486684799194,0.24176695942878723,1,-1,1,4,2,0.0,0.9961898922920227,0.2812153809531867,0.2991307717885676,0.20446193557845863,1.536093545894215,0.10989064585589012,0.4058281044420179
22,1269,0.2802911698818207,-0.061726074665784836,0.5863725543022156,0.15352042019367218,1,-1,1,2,0,-5.0,0.9959080815315247,0.28093416557223355,1.7191246941886973,0.4386643437218184,0.4673385726309356,0.32659070228935455,0.1684052712588327
22,1270,0.2837482690811157,-0.0639682337641716,0.1644584834575653,-0.5057528614997864,1,-1,0,-8,0,-5.0,0.9947396516799927,0.2806532314066613,1.1766457592701303,0.04951442778110504,0.22049245533481898,0.7778711410026979,0.21620114960009934
22,1271,0.28316617012023926,-0.07252835482358932,-0.225800558924675,-1.1166104078292847,1,-1,0,-18,1,-2.5,0.99272221326828,0.2803725781752547,0.04966594874858857,0.5271164896409757,0.0,0.0,0.06667868315465748
22,1272,0.27991268038749695,-0.08530997484922409,-0.399593710899353,-1.3953324556350708,1,-1,-1,-22,1,-2.5,0.9898431897163391,0.2800922055970794,0.0,0.6425073393560559,0.0,0.049641171097755434,0.25946990273671067
22,1273,0.2749933898448944,-0.10078103095293045,-0.5605762600898743,-1.656058669090271,1,-2,-1,-26,3,2.5,0.9866567850112915,0.2798121133914823,0.058691979135671216,0.048956400156021124,0.054119013828039166,0.14105828497316233,0.6327884905418366
22,1274,0.2706541419029236,-0.11551287025213242,-0.3365587592124939,-1.3278162479400635,1,-2,-1,-21,2,0.0,0.9834191203117371,0.2795323012780908,0.16801999032199383,0.0,1.003723327662094,0.17791239306886192,0.07396542178654618
22,1275,0.26739051938056946,-0.12876677513122559,-0.31685009598731995,-1.3153808116912842,1,-2,-1,-21,4,5.0,0.9807640910148621,0.2792527689768127,0.16801999032199383,0.0,1.0489052657640916,0.17791239306886192,0.17244983128222596
22,1276,0.26642662286758423,-0.13869360089302063,0.07263104617595673,-0.7391802072525024,1,-2,0,-12,4,5.0,0.9795108437538147,0.2789735162078359,0.23254164202047595,0.333794643560017,0.3644207891080958,0.058953651836068016,1.203014966365424
22,1277,0.26918283104896545,-0.14314040541648865,0.4317982494831085,-0.21135744452476501,1,-2,1,-3,2,0.0,0.9787479639053345,0.2786945426916281,0.18217273208465723,0.32569602970818906,1.138143992161159,0.12116138187300174,0.4131685194987801
22,1278,0.2732621729373932,-0.14578071236610413,0.3923797011375427,-0.29322361946105957,1,-2,1,-5,0,-5.0,0.9767614603042603,0.27841584814893644,0.40021378352842363,0.4470865715279143,0.987227654248524,0.4497899413413605,0.15103023373027508
22,1279,0.2748519480228424,-0.15244199335575104,-0.015325024724006653,-0.9377837777137756,1,-2,0,-15,0,-5.0,0.9726809859275818,0.2781374323007875,0.5498186008231305,0.27321226204796756,2.172477245903963,0.33689173660572214,0.3166322322109178
22,1280,0.27254053950309753,-0.16528461873531342,-0.3921170234680176,-1.535575270652771,1,-3,-1,-25,1,-2.5,0.9667810797691345,0.27785929486848676,0.313139510377117,0.2511754066471125,0.0,0.06441077442306896,0.0
22,1281,0.267678439617157,-0.18226048350334167,-0.5550614595413208,-1.8087561130523682,1,-3,-1,-29,2,0.0,0.9598854780197144,0.27758143557361825,0.09545229077339173,0.1479474561113511,0.8160459202611434,0.0,0.0
22,1282,0.26230525970458984,-0.20028619468212128,-0.5214382410049438,-1.785632848739624,1,-3,-1,-29,1,-2.5,0.9517273902893066,0.27730385413804465,0.09545229077339173,0.20580788936364416,0.8160459202611434,0.0,0.0
22,1283,0.2562042772769928,-0.2197103053331375,-0.6745514869689941,-2.0475571155548096,1,-4,-1,-33,0,-5.0,0.940838634967804,0.2770265502839066,0.34684919912384227,0.0,0.0,0.0,0.051152432909607894
22,1284,0.24760131537914276,-0.24323102831840515,-0.9982483386993408,-2.568035125732422,0,-4,-2,-41,3,2.5,0.9286581873893738,0.2767495237336227,0.0,0.40419130814735527,0.20181934469426172,0.24115427345071297,0.05206519489152134
22,1285,0.2390138804912567,-0.26709887385368347,-0.750935435295105,-2.235177516937256,0,-4,-2,-36,4,5.0,0.9180118441581726,0.2764727742098891,0.5882302370792396,0.3840336075672997,0.8840294418536052,0.5581055188889698,2.837067011958209
22,1286,0.23380114138126373,-0.2863357663154602,-0.3444986045360565,-1.6714247465133667,0,-5,-1,-27,4,5.0,0.9098405838012695,0.2761963014356792,1.3781068642907084,1.3262169118202105,1.2591457724240063,1.8386760321113296,3.8047614576957014
22,1287,0.2324555516242981,-0.3002655506134033,0.028264392167329788,-1.1632589101791382,0,-5,0,-19,3,2.5,0.9033429622650146,0.27592010513424353,1.8964132129430937,2.37845495588695,2.178165741615407,3.593593974089921,2.122422969233595
22,1288,0.2336459904909134,-0.3108971118927002,0.19226795434951782,-0.9667049646377563,0,-5,0,-15,3,2.5,0.897798478603363,0.2756441850291093,1.8469350820319161,1.970589262491571,1.7995196063595813,3.656068164441667,1.7838802797440065
22,1289,0.23640090227127075,-0.3196898400783539,0.34328097105026245,-0.791496992111206,0,-5,1,-13,0,-5.0,0.890247106552124,0.2753685408440802,2.2662129395788813,0.4312034541285593,0.6791847760443445,0.7276958577635604,0.7445510190200963
22,1290,0.23756180703639984,-0.33128970861434937,-0.05122676119208336,-1.4168460369110107,0,-5,0,-23,1,-2.5,0.879302978515625,0.2750931723032361,0.921710813247701,2.896729903963256,1.0697926808087073,1.5666331542020693,0.6261836343586035
22,1291,0.23596204817295074,-0.3474147319793701,-0.2378595918416977,-1.7384543418884277,0,-6,0,-28,4,5.0,0.8687525987625122,0.27481807913093287,0.1688640701384099,0.1949819277274666,0.3307810068682167,0.20576319535011592,1.4086870645994392
22,1292,0.23558761179447174,-0.362280935049057,0.1186896413564682,-1.2736886739730835,0,-6,0,-20,4,5.0,0.861041784286499,0.27454326105180193,0.8247035230980126,1.1603393906710973,1.4926177685359518,1.3525362778977867,2.526454829701106
22,1293,0.23861178755760193,-0.3727710545063019,0.44667676091194153,-0.8547642827033997,0,-6,1,-14,0,-5.0,0.8517612218856812,0.2742687177907501,1.790058014108614,0.9582275492332122,1.1214603987963467,0.9344655626604439,0.7493496061189563
22,1294,0.2407919317483902,-0.38501793146133423,0.05007161945104599,-1.479614496231079,0,-6,0,-24,4,5.0,0.8419156074523926,0.2739944490729594,0.4533238907276515,0.476773693292898,0.7704645875220131,1.2452081121278766,1.8290895260030444
22,1295,0.24314191937446594,-0.3975983262062073,0.3801164925098419,-1.065325379371643,0,-6,1,-17,1,-2.5,0.8315067291259766,0.27372045462388644,0.2300111627905414,1.4687902242279942,0.6131996459557718,0.7077357593759988,0.8040092881944697
23,1296,0.24568620324134827,-0.4104793965816498,0.16461573541164398,-1.4304742813110352,0,-7,0,-23,1,-2.5,-2.182224988937378,0.2734467341692626,-1.0236844757050276,-1.0233695990734102,-1.0227074955060482,-1.0153020623059037,-0.957670587800026
23,1297,0.13403141498565674,0.20476862788200378,0.0207081139087677,-0.03846019506454468,0,3,0,-1,2,0.0,0.9580895304679871,0.27317328743509334,5.264862271510708,5.848900830462995,13.60384598987379,8.110816819842691,6.9265113041618225
23,1298,0.13430839776992798,0.20472052693367004,0.02944321185350418,0.005523622967302799,0,3,0,0,3,2.5,0.9572813510894775,0.27290011414765825,4.170047321347155,6.290472420350324,8.267359871933976,12.476439861886385,6.969734582195793
23,1299,0.1357133835554123,0.206684872508049,0.22114723920822144,0.3260038495063782,0,3,0,5,2,0.0,0.9558337926864624,0.2726272140335106,7.7411149068275,9.46600855463716,14.264695935193462,7.919003535167212,9.049123847345241
23,1300,0.13791121542453766,0.2101576179265976,0.2152044028043747,0.34818002581596375,0,3,0,6,2,0.0,0.9542632699012756,0.27235458681947705,11.019720259073964,10.06661682419231,13.374711870521939,9.678121220619992,8.833476253385099
23,1301,0.14005327224731445,0.21386155486106873,0.20985476672649384,0.3717777132987976,0,3,0,6,2,0.0,0.9525583982467651,0.2720822322326576,11.019720259073964,10.06661682419231,13.389705367521193,9.678121220619992,8.833476253385099
23,1302,0.1421453058719635,0.21781083941459656,0.20506271719932556,0.3967764675617218,0,3,0,6,2,0.0,0.9507073760032654,0.2718101500004249,11.019720259073964,10.06661682419231,13.05235595277907,9.678121220619992,8.833476253385099
23,1303,0.14419271051883698,0.22201946377754211,0.20079542696475983,0.4231621325016022,0,4,0,7,3,2.5,0.9479854702949524,0.27153833985042447,1.669225839780443,2.6353878477993256,2.581889884881385,6.192819488744124,2.5115841934403673
23,1304,0.1472405195236206,0.2280668169260025,0.37984582781791687,0.726101815700531,0,4,1,12,2,0.0,0.9445523023605347,0.27126680151057403,0.3487492638317762,4.8327183377916025,1.7240719806473028,0.8017895624167222,1.8247499508867064
23,1305,0.150964617729187,0.23547343909740448,0.3630315661430359,0.7352375984191895,0,4,1,12,0,-5.0,0.942456066608429,0.27099553470906346,0.6020116685393131,4.8327183377916025,1.7240719806473028,0.8017895624167222,1.8247499508867064
23,1306,0.15245702862739563,0.23988322913646698,-0.01666691154241562,0.2010480910539627,0,4,0,3,3,2.5,0.9405314922332764,0.2707245391743544,0.478112916192333,0.49015648141551676,0.5654375907132474,3.8082479688519593,0.9698819649962747
23,1307,0.15342305600643158,0.24386170506477356,0.1784151941537857,0.5294989347457886,0,4,0,8,4,5.0,0.9362170100212097,0.27045381463518003,2.7060811806584315,2.966566512158791,3.4684181403755954,2.796843510311411,6.130620795294316
23,1308,0.15729184448719025,0.25255292654037476,0.5408420562744141,1.1087868213653564,0,4,1,18,1,-2.5,0.9312615990638733,0.27018336082054484,2.708357006523734,5.2590217855912105,2.2636773655419256,2.0466054751919005,1.2041992165444442
23,1309,0.16153192520141602,0.26218000054359436,0.33159810304641724,0.834368109703064,0,4,1,13,1,-2.5,0.9275208115577698,0.2699131774597243,1.335088315006037,1.2267447777302518,0.8142091810850798,3.7693536061249473,1.2946274777476419
23,1310,0.16377490758895874,0.2692195773124695,0.13879449665546417,0.5865350365638733,0,4,0,9,2,0.0,0.9241288900375366,0.2696432642822646,4.2817067240433975,5.72723892179253,8.809303225128058,3.865036029885604,3.2054804937964754
23,1311,0.1652030646800995,0.2754472494125366,0.14148610830307007,0.630948543548584,0,4,0,10,2,0.0,0.9204046726226807,0.26937362101798235,2.863921852989412,3.4017252544605143,8.601168498239478,4.6088597599645595,4.382306988997667
23,1312,0.16665861010551453,0.28212645649909973,0.14419332146644592,0.676296055316925,0,5,0,11,2,0.0,0.9163245558738708,0.26910424739696437,0.7898862381150098,1.0443285787313614,4.528812772194454,1.2257532126953332,1.0126039356649792
23,1313,0.16814173758029938,0.2892671525478363,0.14692388474941254,0.7226524353027344,0,5,0,12,2,0.0,0.9118622541427612,0.2688351431495674,1.2898617687037772,1.6524103902147578,4.822371703899208,2.1405422089329136,1.7426691694779488
23,1314,0.16965271532535553,0.2968798875808716,0.14968378841876984,0.7700908780097961,0,5,0,12,2,0.0,0.9069896340370178,0.26856630800641784,1.2898617687037772,1.6524103902147578,4.863779436971381,2.1405422089329136,1.7426691694779488
23,1315,0.17119188606739044,0.30497607588768005,0.1524772346019745,0.8186827301979065,0,5,0,13,3,2.5,0.9007348418235779,0.2682977416984114,1.721037403769392,1.9972207074077668,2.6404895725459276,4.5930755067619,1.4705081408892393
23,1316,0.17377620935440063,0.3150637745857239,0.33403095602989197,1.131433367729187,0,5,1,18,1,-2.5,0.8942470550537109,0.268029443956713,0.8099029854375555,2.784889280803969,0.9356364162454185,0.8998985187104496,1.2276436485583822
23,1317,0.1760706603527069,0.3251968324184418,0.14554958045482635,0.9022519588470459,0,5,0,14,4,5.0,0.8860199451446533,0.2677614145127563,1.5804819625432325,1.580720902314907,2.369527242006386,2.1145622134268303,3.7884553622459562
23,1318,0.1795964539051056,0.3376092314720154,0.5046061873435974,1.475497841835022,0,5,1,24,2,0.0,0.875678539276123,0.2674936530982436,2.379507943880068,3.479201789426443,2.839703038612721,2.2031336246732325,1.5139291688318672
23,1319,0.18454012274742126,0.35259243845939636,0.4820927679538727,1.493234634399414,0,6,1,24,0,-5.0,0.8668543100357056,0.26722615944514533,2.1700005207986335,0.6065917132432991,0.8972071906961454,0.8472713289590031,0.7756434067893623
23,1320,0.18727004528045654,0.3648912012577057,0.1098703145980835,1.0073449611663818,0,6,0,16,1,-2.5,0.8600950241088867,0.2669589332857002,0.770467717239265,2.153887048565882,1.127915009827005,0.5890132114751394,1.0364652834889885
23,1321,0.1874445229768753,0.3740386962890625,-0.057882800698280334,0.8199436068534851,0,6,0,13,1,-2.5,0.8545082807540894,0.2666919743524145,0.36311956660239003,0.46386206267276675,0.6377313122113735,0.5840813031432925,1.5154880070394343
23,1322,0.18601630628108978,0.3814338445663452,-0.21272355318069458,0.6531486511230469,0,6,0,10,1,-2.5,0.8500226736068726,0.26642528237806207,0.17991823862289638,0.4604004295686549,0.13410031762509406,0.046628595286607746,0.20318889664353468
23,1323,0.18310731649398804,0.3872690200805664,-0.35586440563201904,0.5047282576560974,0,6,-1,8,3,2.5,0.84433513879776,0.266158857095684,0.2181465974283755,0.3903543023239369,0.5194074593176042,1.379364415410591,0.44194909194510845
23,1324,0.1808074414730072,0.39454385638237,-0.14027269184589386,0.8699424862861633,0,6,0,14,1,-2.5,0.8379678726196289,0.2658926982385883,0.6326573724215958,0.7459119056800956,1.9408210681994549,0.8720401939986147,0.4593705948607383
23,1325,0.17859846353530884,0.402532160282135,-0.2876914143562317,0.7184593081474304,0,6,-1,11,0,-5.0,0.8337709307670593,0.26562680554034973,1.627642577934439,0.8474789483941576,0.5361291059415182,0.6215596764386281,0.9826124263344855
23,1326,0.17399561405181885,0.40771207213401794,-0.5970616936683655,0.3388783633708954,0,7,-1,5,0,-5.0,0.8324822187423706,0.26536117873480936,0.2216998858979415,0.0,0.0,-0.06774861812591552,0.0
23,1327,0.1664283126592636,0.40928933024406433,-0.8839911818504333,-0.007465992122888565,0,7,-2,0,0,-5.0,0.8338885307312012,0.26509581755607453,0.3940998871981521,0.12014669954776763,0.0,0.0,0.0
23,1328,0.15610623359680176,0.4075677990913391,-1.1508957147598267,-0.3251745402812958,0,7,-2,-5,0,-5.0,0.8377442359924316,0.26483072173851846,0.0470092498110944,0.0,0.0,0.0,0.0
23,1329,0.14321711659431458,0.40280982851982117,-1.3998353481292725,-0.618126630783081,0,6,-3,-10,3,2.5,0.8404461145401001,0.26456589101677996,0.08454931378364564,0.0,0.0,0.15779302700084122,0.0
23,1330,0.13088659942150116,0.39944207668304443,-1.1122478246688843,-0.1503499150276184,0,6,-2,-2,3,2.5,0.8395233154296875,0.2643013251257632,0.042532441020011906,0.08529012203216554,0.07110893904379932,0.44873713809139454,0.06776045572695726
23,1331,0.12132212519645691,0.40059545636177063,-0.8441659808158875,0.2897079586982727,0,6,-2,5,2,0.0,0.8363012075424194,0.2640370238006374,0.1037907772017938,0.3666838785294382,0.22542817116091904,0.433242190023258,1.8441905638379716
23,1332,0.11334596574306488,0.40459704399108887,-0.7682793140411377,0.45663556456565857,0,6,-2,7,2,0.0,0.8317135572433472,0.2637729867768368,0.5394155271610438,0.28314296523394156,0.16465737864582167,0.06979334664180152,0.25981610633429986
23,1333,0.10609783977270126,0.4102272391319275,-0.6978002786636353,0.6162846088409424,0,7,-1,10,2,0.0,0.8257626295089722,0.26350921379006,-0.004221093934416775,-0.11408684926338197,0.029901462073224784,-0.004148659309288316,-0.2176737427711487
24,1334,0.0995255559682846,0.41741743683815,-0.6323883533477783,0.7693222165107727,0,7,-1,12,1,-2.5,-2.180391788482666,0.26324570457626995,-0.19907068977849554,-0.25322781871087524,-0.2884389407873154,-0.2635709738222123,-0.31598565936088563
24,1335,0.04724836349487305,-0.08982843160629272,-0.14802953600883484,-0.026337862014770508,0,-1,0,0,2,0.0,0.9918726086616516,0.2629824588716937,24.863271245033708,27.318966143645007,34.37188256850952,26.572638433395234,29.22027740164784
24,1336,0.04579514265060425,-0.09015209227800369,-0.1416482776403427,-0.030119162052869797,0,-1,0,0,2,0.0,0.9918064475059509,0.262719476412822,24.863271245033708,27.51372928267048,34.335980120728344,26.572638433395234,29.22027740164784
24,1337,0.04440288618206978,-0.09051830321550369,-0.1357613503932953,-0.0347103551030159,0,-1,0,-1,2,0.0,0.991730809211731,0.2624567569364092,24.75228446152821,27.111948938100735,33.185533559734615,28.136417928656215,28.53154964687014
24,1338,0.043066851794719696,-0.09093493223190308,-0.1303340047597885,-0.040064599364995956,0,-1,0,-1,2,0.0,0.9916443228721619,0.26219430017947276,24.75228446152821,27.111948938100735,33.1874477652612,28.136417928656215,28.53154964687014
24,1339,0.04178261384367943,-0.09140937775373459,-0.12533444166183472,-0.04614091292023659,0,-1,0,-1,3,2.5,0.9918432831764221,0.2619321058792933,24.75228446152821,27.359942003683358,33.12608225739288,27.991305260129835,28.53154964687014
24,1340,0.04160938039422035,-0.0903143361210823,0.06618542224168777,0.23440010845661163,0,-1,0,4,0,-5.0,0.9916386604309082,0.261670173773414,24.46776645456281,13.934246761723315,9.319462894500361,11.315843630923842,7.22463368462946
24,1341,0.04008030146360397,-0.09144041687250137,-0.3173213601112366,-0.3687279522418976,0,-1,-1,-6,3,2.5,0.9912678599357605,0.2614085035996406,4.3011735803968865,22.507943703402237,4.511092333899866,11.983882928353767,4.7107208860527425
24,1342,0.03806894272565842,-0.09344599395990372,-0.11146587878465652,-0.06625781953334808,0,-1,0,-1,3,2.5,0.9914316534996033,0.26114709509604095,24.75228446152821,27.51478608832182,33.3289894579127,28.338569370329694,28.53154964687014
24,1343,0.03802746906876564,-0.09256540238857269,0.07887061685323715,0.21209582686424255,0,-1,0,3,2,0.0,0.9917812943458557,0.2608859480009449,18.016982466693626,17.94241134001565,35.4090903793318,19.712988008211234,16.78327061311205
24,1344,0.03874583914875984,-0.09065733104944229,0.06817907094955444,0.1817171573638916,0,-1,0,3,0,-5.0,0.9914785027503967,0.26062506205294395,18.931820137809382,18.710308465318217,35.4090903793318,19.712988008211234,16.78327061311205
24,1345,0.03723575919866562,-0.09231198579072952,-0.31548285484313965,-0.42168834805488586,0,-1,-1,-7,1,-2.5,0.9903729557991028,0.260364436990891,3.9513156022401876,23.49535004145911,4.7384639787786575,8.779035211921812,10.075763676587265
24,1346,0.03311552107334137,-0.09811755269765854,-0.4835432469844818,-0.694010853767395,0,-2,-1,-11,1,-2.5,0.9886484146118164,0.2601040725539001,3.0277121681300256,11.254430577265829,4.374616510054095,5.932762080878318,7.558832694662466
24,1347,0.027385244145989418,-0.10654386878013611,-0.6391358375549316,-0.9479638934135437,0,-2,-1,-15,2,0.0,0.9865925908088684,0.2598439684813462,2.945385507894392,6.544479306691157,13.669466752083583,9.249713737213309,11.701821267181227
24,1348,0.021225085482001305,-0.11579030007123947,-0.5967249870300293,-0.8992210626602173,0,-2,-1,-14,4,5.0,0.9852757453918457,0.2595841245128649,2.443818298065121,4.89216651481518,7.601073700804168,5.245502839592455,17.077493425022727
24,1349,0.017587214708328247,-0.12134365737438202,-0.1853499412536621,-0.2863636612892151,0,-2,0,-5,3,2.5,0.9849509000778198,0.259324540388352,10.545553057124465,8.797413838332055,10.83070600650327,20.256882974896573,9.638426723365294
24,1350,0.016823895275592804,-0.12267478555440903,0.008443616330623627,-0.007863771170377731,0,-2,0,0,2,0.0,0.9848778247833252,0.25906521584796366,9.051849503129118,11.935503567785084,21.63412281328409,11.357691468753702,12.5605726580817
24,1351,0.016856146976351738,-0.12297233939170837,0.0014678402803838253,-0.03708180785179138,0,-2,0,-1,2,0.0,0.9847334027290344,0.2588061506321157,15.09913348175769,15.681367530319921,20.993107243981427,15.615551009965413,14.29476403311192
24,1352,0.01682147942483425,-0.12355808168649673,-0.005004681181162596,-0.06558012962341309,0,-2,0,-1,2,0.0,0.9845182299613953,0.2585473444814836,15.09913348175769,15.681367530319921,21.082788901043322,15.615551009965413,14.29476403311192
24,1353,0.016724610701203346,-0.12442561239004135,-0.011025131680071354,-0.09348004311323166,0,-2,0,-1,2,0.0,0.9842322468757629,0.2582887971370021,15.09913348175769,15.681367530319921,21.158549102670236,15.615551009965413,14.533892685940913
24,1354,0.016569767147302628,-0.12556971609592438,-0.016640588641166687,-0.12089566141366959,0,-2,0,-2,3,2.5,0.9842837452888489,0.2580305083398651,9.156131722746036,12.416083037429539,15.492424556300005,20.15826811042863,14.665228862714375
24,1355,0.017419731244444847,-0.12536466121673584,0.16427268087863922,0.13714343309402466,0,-2,0,2,2,0.0,0.984545111656189,0.2577724778315252,9.254831879329512,14.021876094822098,20.490865963799642,12.309052613766928,11.809886284999015
24,1356,0.01894333027303219,-0.12431753426790237,0.14557607471942902,0.08960941433906555,0,-2,0,1,3,2.5,0.9850892424583435,0.25751470535369364,7.282171908972621,10.635806026934322,12.88095813252195,20.248034358240215,11.20015789290296
24,1357,0.021347524598240852,-0.12210956960916519,0.31453803181648254,0.3296426236629486,0,-2,1,5,1,-2.5,0.9853947162628174,0.25725719064833996,15.93932182495207,20.04689515402389,15.245612260765087,11.288648221925136,6.956600187138152
24,1358,0.023251984268426895,-0.12085229158401489,0.09856590628623962,-0.01961081102490425,0,-2,0,0,2,0.0,0.9852808117866516,0.2569999334576916,9.051849503129118,12.377786395329078,21.68440728876589,11.357691468753702,12.5605726580817
24,1359,0.02414795570075512,-0.12132274359464645,0.08496484160423279,-0.05871129035949707,0,-2,0,-1,2,0.0,0.9850729703903198,0.25674293352423394,15.09913348175769,15.681367530319921,21.326703388298334,15.615551009965413,14.533892685940913
24,1360,0.024913500994443893,-0.12217620015144348,0.07235267013311386,-0.09637533873319626,0,-2,0,-2,3,2.5,0.9851705431938171,0.2564861905907097,9.156131722746036,12.416083037429539,15.492424556300005,20.258455369221522,14.665228862714375
24,1361,0.026617463678121567,-0.12177646160125732,0.2468913495540619,0.15253284573554993,0,-2,0,2,2,0.0,0.9854500889778137,0.256229704400119,9.254831879329512,14.021876094822098,21.705697452177407,12.309052613766928,11.809886284999015
24,1362,0.028933584690093994,-0.12062304466962814,0.22221435606479645,0.09636625647544861,0,-2,0,2,2,0.0,0.985596776008606,0.25597347469571885,9.254831879329512,14.021876094822098,21.78394504639479,12.309052613766928,11.809886284999015
24,1363,0.031013764441013336,-0.12001348286867142,0.19942180812358856,0.043242551386356354,0,-2,0,1,3,2.5,0.9860062599182129,0.25571750122102316,7.282171908972621,10.635806026934322,12.88095813252195,20.747240135887036,11.20015789290296
24,1364,0.03393574059009552,-0.11829530447721481,0.36467209458351135,0.2783564031124115,0,-2,1,4,0,-5.0,0.985790491104126,0.25546178371980216,17.28444424608061,8.584795721780955,9.990650644185155,8.449382149863958,3.031301844025478
24,1365,0.03526100516319275,-0.1192036047577858,-0.04130939021706581,-0.36170491576194763,0,-2,0,-6,1,-2.5,0.9844686388969421,0.25520632193608234,10.866466008914596,12.320028303182314,19.509989914328678,12.582828006417227,15.30575808844247
24,1366,0.03375875949859619,-0.12462501227855682,-0.23065030574798584,-0.669928789138794,0,-2,0,-11,3,2.5,0.983160138130188,0.25495111561414624,5.646140438510331,5.950130090122427,8.306840383593897,18.133123699615574,6.622274886223828
24,1367,0.03256077691912651,-0.129768505692482,-0.03365522250533104,-0.38726699352264404,0,-2,0,-6,2,0.0,0.982085645198822,0.2546961644985321,10.866466008914596,12.320028303182314,19.520363018320253,12.582828006417227,15.30575808844247
24,1368,0.03218759223818779,-0.1338445246219635,-0.03781045228242874,-0.413313627243042,0,-2,0,-7,4,5.0,0.9817885756492615,0.2544414683340336,9.865737559729366,9.088721973693481,13.64402847966399,11.172065541463684,18.526130186954
24,1369,0.03388847038149834,-0.13494957983493805,0.3300001621246338,0.1289641559123993,0,-2,1,2,3,2.5,0.9824464917182922,0.25418702686569955,8.133556197547446,14.186194318508086,11.619301703915642,18.23336999561161,11.189926075826673
24,1370,0.038053423166275024,-0.13248968124389648,0.48447197675704956,0.3448922336101532,0,-2,1,6,2,0.0,0.9832081198692322,0.25393283983883386,18.7771971197944,13.609140047884559,13.34937390871605,12.039811853114788,5.792500471283059
24,1371,0.04264124482870102,-0.12958353757858276,0.44166526198387146,0.25947120785713196,0,-2,1,4,0,-5.0,0.9829071164131165,0.25367890699899504,17.493475861516487,8.584795721780955,9.990650644185155,8.449382149863958,3.031301844025478
24,1372,0.04470297694206238,-0.13073962926864624,0.029989223927259445,-0.3901292681694031,0,-2,0,-6,2,0.0,0.9818054437637329,0.253425228091996,10.866466008914596,12.320028303182314,19.51338617847302,12.582828006417227,15.476239886050154
24,1373,0.044938940554857254,-0.13488712906837463,0.021052097901701927,-0.42363837361335754,0,-2,0,-7,4,5.0,0.9814668893814087,0.253171802863904,9.865737559729366,9.088721973693481,13.64402847966399,11.172065541463684,18.639148559737045
24,1374,0.04720284044742584,-0.13613620400428772,0.38437849283218384,0.11154063791036606,0,-2,1,2,3,2.5,0.982073962688446,0.2529186310610401,8.266468521840935,14.186194318508086,12.669912280498412,19.08637980234851,11.189926075826673
24,1375,0.05188794061541557,-0.13388827443122864,0.5347148776054382,0.32092270255088806,0,-2,1,5,1,-2.5,0.9823442697525024,0.2526657124299791,16.56998001991245,20.38924813321893,15.430304908193666,11.288648221925136,7.335166051656817
24,1376,0.055898476392030716,-0.132874995470047,0.30211567878723145,-0.05503639206290245,0,-2,1,-1,1,-2.5,0.9816478490829468,0.2524130467175491,11.07781789947779,19.139243967775318,11.187635675773876,12.107661404779115,8.707894237031102
24,1377,0.05768144130706787,-0.13547006249427795,0.08682312071323395,-0.40446269512176514,0,-2,0,-6,1,-2.5,0.9799997210502625,0.2521606336708316,10.866466008914596,12.091737431610227,19.595378583071234,12.582828006417227,15.476239886050154
24,1378,0.057402707636356354,-0.141422301530838,-0.11241129785776138,-0.7296537160873413,0,-2,0,-12,4,5.0,0.9787827134132385,0.25190847303716074,4.7588049330302145,4.473857788370193,5.071178807929562,5.749604391595276,9.805725014707585
24,1379,0.05838477611541748,-0.14566153287887573,0.2602165639400482,-0.1818833351135254,0,-2,1,-3,1,-2.5,0.9776459336280823,0.25165656456412355,2.868934103423386,8.64573799467117,2.912245445854266,5.980843818333044,6.827463196439023
24,1380,0.05976409465074539,-0.1495126634836197,0.04783129692077637,-0.528211236000061,0,-2,0,-8,0,-5.0,0.9749402403831482,0.25140490799955945,9.950819670514823,4.941352928915931,6.353451970189852,5.792925218670971,7.626596835442943
24,1381,0.05805479735136032,-0.15830270946025848,-0.3341040313243866,-1.1336655616760254,0,-3,-1,-18,2,0.0,0.9712047576904297,0.25115350309155987,2.598756189639724,3.944902035531844,8.132715634110113,4.8970254818496715,6.358596208071169
24,1382,0.054797668009996414,-0.16969150304794312,-0.3168290853500366,-1.1314870119094849,0,-3,-1,-18,2,0.0,0.9672068953514099,0.2509023495884683,2.598756189639724,3.944902035531844,8.178600301556035,4.8970254818496715,6.358596208071169
24,1383,0.05170193687081337,-0.18108873069286346,-0.3013756573200226,-1.13382887840271,0,-3,-1,-18,2,0.0,0.9629290103912354,0.25065144723887983,2.598756189639724,3.944902035531844,8.219682608009357,4.8970254818496715,6.358596208071169
24,1384,0.048750270158052444,-0.19253823161125183,-0.28759410977363586,-1.1404547691345215,0,-3,-1,-18,2,0.0,0.9583507180213928,0.25040079579164093,2.598756189639724,3.944902035531844,8.256427769198854,4.8970254818496715,6.358596208071169
24,1385,0.045926760882139206,-0.20408159494400024,-0.27534687519073486,-1.1511540412902832,0,-3,-1,-18,4,5.0,0.9547994136810303,0.2501503949958493,2.598756189639724,3.944902035531844,8.256427769198854,4.8970254818496715,6.586446439027806
24,1386,0.045304249972105026,-0.212604358792305,0.10240279138088226,-0.6114538311958313,0,-3,0,-10,3,2.5,0.9526628255844116,0.24990024460085344,4.205609919279759,4.038513109264037,5.277410943028066,10.12622275570822,4.998866123294508
24,1387,0.047248467803001404,-0.2175709456205368,0.2677305042743683,-0.3941883146762848,0,-3,1,-6,1,-2.5,0.949994683265686,0.24965034435625258,2.9723308574274174,8.58360790091159,4.776752234721214,5.9305134745865775,3.8339457298080597
24,1388,0.04869117587804794,-0.22361862659454346,0.05438514053821564,-0.7484064102172852,0,-4,0,-12,3,2.5,0.9471237659454346,0.24940069401189632,2.6545895761457547,3.1418063898711637,3.4441478772016887,5.85005958202756,2.252098408515053
24,1389,0.05017000436782837,-0.2299482673406601,0.222418874502182,-0.5293604135513306,0,-4,0,-8,0,-5.0,0.9429330825805664,0.24915129331788444,6.555006375028174,4.031199142514705,4.831295806586459,3.3651470355764688,2.889905157419222
24,1390,0.050140779465436935,-0.23888684809207916,-0.1698685586452484,-1.1532933712005615,0,-4,0,-18,1,-2.5,0.9363657236099243,0.24890214202456656,1.1456283195002075,5.128213576070118,3.0961270319548295,2.3852399188378945,2.257834637219215
24,1391,0.0473954863846302,-0.25225830078125,-0.35015711188316345,-1.45955228805542,0,-4,-1,-23,2,0.0,0.9286879897117615,0.248653239882542,1.9772675077535242,2.6140863723904717,6.671952806420089,3.9422622391572815,3.874250030822135
24,1392,0.04395778849720955,-0.26704302430152893,-0.3353292644023895,-1.475540280342102,0,-4,-1,-24,1,-2.5,0.9196007251739502,0.24840458664265946,1.693652556258433,2.453260067965083,5.805976896441181,2.9858317064764335,3.084565518166487
24,1393,0.03963105380535126,-0.28354761004447937,-0.5026456713676453,-1.7646620273590088,0,-5,-1,-28,4,5.0,0.9110159873962402,0.2481561820560168,1.3231671953821724,1.1219656552307362,2.0492204390034647,1.9998117950285574,4.246585653252776
24,1394,0.0367731936275959,-0.29830190539360046,-0.11787298321723938,-1.2379151582717896,0,-5,0,-20,1,-2.5,0.9022883176803589,0.2479080258739608,1.8329349170550575,3.9962778070119978,1.435839580375849,2.6390734449274236,1.5427706265039092
24,1395,0.03452764078974724,-0.31258878111839294,-0.30105334520339966,-1.552666187286377,0,-5,-1,-25,3,2.5,0.89311283826828,0.24766011784808684,1.1922725047703226,1.988055543861714,2.3973063210368473,4.26659781224026,2.6358968750106846
24,1396,0.03255945071578026,-0.3269360363483429,-0.11366201192140579,-1.324690818786621,0,-5,0,-21,1,-2.5,0.8829647302627563,0.24741245773023876,1.462243179105692,3.8331690090179125,2.1705913083719173,1.9041449367391619,2.102560178029453
24,1397,0.030357906594872475,-0.3421041965484619,-0.2962803244590759,-1.6402263641357422,0,-5,-1,-26,2,0.0,0.8712217211723328,0.24716504527250852,1.5658303524478578,2.0786403870395693,4.441967861104305,2.620909174497371,2.8639866515846313
24,1398,0.02741694264113903,-0.3588569164276123,-0.28808102011680603,-1.6794798374176025,0,-6,-1,-27,4,5.0,0.8607621788978577,0.24691788022723601,0.5468386177456133,0.7201702773713107,0.8176906821963159,2.376753712490239,1.1899227624062227
24,1399,0.02654850110411644,-0.3731459081172943,0.0701051577925682,-1.2161353826522827,0,-6,0,-19,2,0.0,0.8510611057281494,0.24667096234700878,1.6300071520808386,1.8128905018239259,1.7694759503051827,1.6811079049197428,3.3468669392635655
24,1400,0.027107693254947662,-0.38592588901519775,0.050294164568185806,-1.3000375032424927,0,-6,0,-21,3,2.5,0.8414899110794067,0.24642429138466176,0.8487886735374484,1.010935907612219,1.2870008890665372,2.49160625976221,1.0230776022277481
24,1401,0.028465421870350838,-0.39813321828842163,0.20573081076145172,-1.1353294849395752,0,-6,0,-18,0,-5.0,0.8294192552566528,0.2461778670932771,1.3376949208988451,1.4822604490343725,2.9765513928195015,2.174319780490097,1.5391140468426077
25,1402,0.02835160493850708,-0.41301411390304565,-0.17055368423461914,-1.7288882732391357,0,-7,0,-28,3,2.5,-2.184413194656372,0.24593168922618383,-0.5576995250916481,-0.5035716814994813,-0.5037401254177094,-0.556699379554987,-0.5564292954349518
25,1403,0.014883235096931458,-0.06528271734714508,-0.13044506311416626,-2.8654932975769043e-05,0,-1,0,0,2,0.0,0.9957343339920044,0.24568575753695765,26.87661925118705,28.98494249045733,36.76643298863925,27.85820317594432,29.635791805823274
25,1404,0.013608185574412346,-0.06531181931495667,-0.12409175932407379,-0.0001222164137288928,0,-1,0,0,2,0.0,0.995729923248291,0.2454400717794207,26.87661925118705,28.98494249045733,36.785320118755145,27.85820317594432,29.635791805823274
25,1405,0.012393948622047901,-0.06534607708454132,-0.11821605265140533,-0.0009558222955092788,0,-1,0,0,2,0.0,0.9957238435745239,0.24519463170764128,26.87661925118705,28.98494249045733,36.76874178592335,27.85820317594432,29.635791805823274
25,1406,0.011235951445996761,-0.06539256870746613,-0.11278250068426132,-0.0024758123327046633,0,-1,0,0,2,0.0,0.9957152605056763,0.24494943707593364,26.87661925118705,28.98494249045733,36.78694062939166,27.85820317594432,29.635791805823274
25,1407,0.010129953734576702,-0.06545792520046234,-0.10775866359472275,-0.0046342406421899796,0,-1,0,0,2,0.0,0.9957034587860107,0.24470448763885772,26.87661925118705,28.98494249045733,36.62516155400121,27.946490207053643,29.635791805823274
25,1408,0.00907202623784542,-0.06554827094078064,-0.10311487317085266,-0.007388466037809849,0,-1,0,0,2,0.0,0.9956875443458557,0.24445978315121886,26.87661925118705,28.98494249045733,36.64927036987967,28.234343672672626,29.736221240307664
25,1409,0.008058520965278149,-0.06566937267780304,-0.09882401674985886,-0.010700585320591927,0,-1,0,0,2,0.0,0.9956668615341187,0.24421532336806764,26.87661925118705,28.98494249045733,36.69049088551317,28.234343672672626,29.736221240307664
25,1410,0.007086045108735561,-0.06582663208246231,-0.09486127644777298,-0.014537210576236248,0,-1,0,0,2,0.0,0.9956406950950623,0.24397110804469957,26.87661925118705,28.98494249045733,36.79146542558598,28.234343672672626,29.736221240307664
25,1411,0.0061514428816735744,-0.06602513790130615,-0.09120402485132217,-0.018869077786803246,0,-1,0,0,2,0.0,0.9956083297729492,0.24372713693665488,27.18538613521057,29.142574207951498,36.85241911590958,28.234343672672626,29.736221240307664
25,1412,0.005251774098724127,-0.06626971065998077,-0.0878315195441246,-0.0236706230789423,0,-1,0,0,2,0.0,0.995569109916687,0.24348340979971822,27.18538613521057,29.142574207951498,36.70869240454096,28.153613710397217,29.736221240307664
25,1413,0.004384293686598539,-0.06656495481729507,-0.08472486585378647,-0.028919780626893044,0,-1,0,0,2,0.0,0.9955223202705383,0.2432399263899185,27.493242013802316,29.142574207951498,36.76938654245515,28.153613710397217,29.82239640501578
25,1414,0.0035464365500956774,-0.06691524386405945,-0.0818667858839035,-0.034597765654325485,0,-1,0,-1,2,0.0,0.9954673647880554,0.2429966864635286,27.113984661985533,29.045858261593246,35.28962733642186,28.158612247096347,31.02579517991192
25,1415,0.0027358008082956076,-0.06732480973005295,-0.0792415589094162,-0.040688712149858475,0,-1,0,-1,2,0.0,0.9954034686088562,0.24275368977706507,27.113984661985533,29.045858261593246,35.30069595814078,28.158612247096347,31.118747332774255
25,1416,0.0019501340575516224,-0.06779775023460388,-0.07683484256267548,-0.04717961698770523,0,-1,0,-1,2,0.0,0.9953299164772034,0.24251093608728802,27.113984661985533,29.273109836869132,35.42631266886625,28.158612247096347,31.118747332774255
25,1417,0.0011873188195750117,-0.06833800673484802,-0.07463356107473373,-0.054059986025094986,0,-1,0,-1,2,0.0,0.9952459931373596,0.24226842515120073,27.113984661985533,29.273109836869132,35.65491291357266,28.158612247096347,31.118747332774255
25,1418,0.0004453618312254548,-0.06894946098327637,-0.07262580096721649,-0.06132177263498306,0,-1,0,-1,2,0.0,0.9951508641242981,0.24202615672604952,27.113984661985533,29.46474485878504,35.74670096808253,28.158612247096347,31.118747332774255
25,1419,-0.0002776176843326539,-0.06963592022657394,-0.07080075889825821,-0.06895921379327774,0,-1,0,-1,2,0.0,0.9950436949729919,0.24178413056932346,27.113984661985533,29.854797269784946,35.74080095276807,28.158612247096347,31.118747332774255
25,1420,-0.0009833986405283213,-0.0704011619091034,-0.06914862245321274,-0.07696850597858429,0,-1,0,-1,2,0.0,0.9949235916137695,0.24154234643875414,27.113984661985533,29.854797269784946,35.86781132792265,28.158612247096347,31.155902965726888
25,1421,-0.0016736674588173628,-0.07124891877174377,-0.06766051799058914,-0.08534802496433258,0,-1,0,-1,2,0.0,0.9947896003723145,0.24130080409231539,27.113984661985533,29.854797269784946,35.73574548209598,28.158612247096347,31.319806253038095
25,1422,-0.0023500267416238785,-0.07218293845653534,-0.06632841378450394,-0.09409788995981216,0,-1,0,-2,3,2.5,0.9948781132698059,0.24105950328822306,25.006092144208836,27.97554670542508,30.623167343707067,34.65475493411749,29.8369551374571
25,1423,-0.0019488688558340073,-0.07156725227832794,0.12208779156208038,0.1850166916847229,0,-1,0,3,2,0.0,0.9951108694076538,0.24081844378493483,22.02555160643442,20.628068029302565,37.8046058137694,21.20879770622028,19.080560602919103
25,1424,-0.0008085904992185533,-0.06992222368717194,0.10922013223171234,0.15442214906215668,0,-1,0,2,2,0.0,0.995297908782959,0.2405776253411499,25.777462949423487,28.921112795721974,37.95892787427941,25.04474755265518,26.255339204269642
25,1425,0.00020911087631247938,-0.06857192516326904,0.09739528596401215,0.12567222118377686,0,-1,0,2,0,-5.0,0.9949901700019836,0.24033704771580874,26.088639377415227,28.921112795721974,37.97885200629089,25.04474755265518,26.255339204269642
25,1426,-0.001016734167933464,-0.0707802027463913,-0.2880421280860901,-0.4781820774078369,0,-1,-1,-8,4,5.0,0.9947846531867981,0.24009671066809293,3.6827098315514415,11.632266230004848,8.449477050449893,10.315469622913572,32.60736378213629
25,1427,-0.0016722023719921708,-0.07221731543540955,0.10430411994457245,0.11502405256032944,0,-1,0,2,2,0.0,0.9949217438697815,0.23985661395742483,26.088639377415227,28.921112795721974,38.11618135149109,25.04474755265518,26.45677977667137
25,1428,-0.000702497607562691,-0.07126181572675705,0.09272459149360657,0.08629878610372543,0,-1,0,1,4,5.0,0.9954701662063599,0.2396167573434674,30.317663739152252,28.247071036733395,37.615853775852585,28.992422803248616,30.482271206456623
25,1429,0.002287275157868862,-0.06730419397354126,0.45658642053604126,0.6357495188713074,0,-1,1,10,0,-5.0,0.9958210587501526,0.23937714058612394,33.53339706586174,12.65828088846625,16.457186928063855,7.092126233841022,5.892516924478398
25,1430,0.004501082468777895,-0.06464476138353348,0.044326119124889374,-0.009199768304824829,0,-1,0,0,2,0.0,0.9957907199859619,0.23913776344553783,27.503891112817964,29.564344938254543,37.055992000231086,28.52162824561427,30.209675515056134
25,1431,0.004899493884295225,-0.06487920880317688,0.037615709006786346,-0.02932010218501091,0,-1,0,0,2,0.0,0.995734453201294,0.2388986256820923,27.503891112817964,29.564344938254543,37.04357111111301,28.657607782566487,30.209675515056134
25,1432,0.005233564879745245,-0.06531089544296265,0.03139455243945122,-0.04872696101665497,0,-1,0,-1,1,-2.5,0.9954336881637573,0.2386597270564102,26.90234501938233,30.035885221619957,35.49850019783703,28.25221280575007,31.437436051108506
25,1433,0.004442248959094286,-0.06757460534572601,-0.16170422732830048,-0.35602274537086487,0,-1,0,-6,1,-2.5,0.9947019219398499,0.23842106732935378,18.663477701918577,18.69900501403759,24.59397282416366,33.11971938788895,23.819316882843815
25,1434,0.0018017407273873687,-0.0727878212928772,-0.34039852023124695,-0.6414936184883118,0,-1,-1,-10,4,5.0,0.9942501187324524,0.23818264626202443,5.479733720006093,11.707646195760514,15.876026195710747,13.355148225819786,34.11039349297515
25,1435,0.0006440684664994478,-0.07582813501358032,0.05570998415350914,-0.04294467717409134,0,-1,0,-1,0,-5.0,0.9936472177505493,0.2379444636157624,27.620171223926853,30.095027560789884,34.483921178915296,28.824086972810843,31.527438962206517
25,1436,-0.000982462428510189,-0.07970423251390457,-0.3267545998096466,-0.6430294513702393,0,-1,-1,-10,4,5.0,0.9931467175483704,0.23770651915214663,5.479733720006093,11.707646195760514,15.876026195710747,13.355148225819786,34.14799661996148
25,1437,-0.0020134984515607357,-0.08278464525938034,0.06775131821632385,-0.0483178049325943,0,-1,0,-1,2,0.0,0.9930349588394165,0.2374688126329945,27.620171223926853,30.095027560789884,34.67155412062915,28.863854083269644,31.527438962206517
25,1438,-0.001397959073074162,-0.0834570899605751,0.05835370719432831,-0.07530639320611954,0,-1,0,-1,3,2.5,0.9931511878967285,0.23723134382036148,27.620171223926853,30.095027560789884,34.804259250640214,29.403012016325384,31.527438962206517
25,1439,0.0001914567983476445,-0.08275776356458664,0.23667967319488525,0.18633657693862915,0,-1,0,3,2,0.0,0.9934075474739075,0.23699411247654112,22.61863039067554,21.233617841419026,38.08845895691419,21.20879770622028,19.410391688208037
25,1440,0.002424513688310981,-0.08119383454322815,0.21466967463493347,0.1400066763162613,0,-1,0,2,2,0.0,0.9935877919197083,0.23675711836406457,26.36887759941066,28.921112795721974,38.44478619562486,25.121080455373075,26.6965681520264
25,1441,0.00444739731028676,-0.08007622510194778,0.19437715411186218,0.09653989225625992,0,-1,0,2,2,0.0,0.9936991333961487,0.2365203612457005,26.36887759941066,28.921112795721974,38.455133248939006,25.121080455373075,26.6965681520264
25,1442,0.006276394706219435,-0.0793781727552414,0.17565329372882843,0.05564230680465698,0,-1,0,1,2,0.0,0.9937470555305481,0.2362838408844548,30.48781506599503,28.973769540761737,37.84100335555995,29.396979002848788,31.338793481249382
25,1443,0.00792637187987566,-0.07907569408416748,0.15836121141910553,0.01704186201095581,0,-1,0,0,2,0.0,0.993735671043396,0.23604755704357036,27.787959219399003,29.564344938254543,36.65119329140491,28.657607782566487,30.368983448095833
25,1444,0.009410892613232136,-0.07914744317531586,0.14237499237060547,-0.019513368606567383,0,-1,0,0,2,0.0,0.9936679005622864,0.2358115094865268,27.787959219399003,29.564344938254543,36.60186616945853,28.657607782566487,30.368983448095833
25,1445,0.010742321610450745,-0.07957443594932556,0.1275789737701416,-0.0542566142976284,0,-1,0,-1,4,5.0,0.9940611124038696,0.23557569797704025,27.527933046213093,29.6556169242887,33.68023738117114,29.403012016325384,31.639211696135263
25,1446,0.014060952700674534,-0.07706420868635178,0.48812270164489746,0.48843565583229065,0,-1,1,8,0,-5.0,0.9942376017570496,0.2353401222790632,31.602494146731615,26.90760528908318,20.541010317302195,18.77537374391051,10.58903949699544
25,1447,0.016574406996369362,-0.07591067999601364,0.07328107208013535,-0.16153684258460999,0,-1,0,-3,3,2.5,0.9942135810852051,0.23510478215678413,18.690300598293977,27.19726221104431,28.83826006673603,32.785612334846775,25.547982666147
25,1448,0.018310384824872017,-0.07606843113899231,0.25098833441734314,0.10043326020240784,0,-1,1,2,2,0.0,0.9943206310272217,0.23486967737462733,26.212933018328084,31.967422715153354,25.621307713601684,23.125124197819524,24.294790322499523
25,1449,0.020682934671640396,-0.07536167651414871,0.2282278686761856,0.053920093923807144,0,-1,0,1,2,0.0,0.9943593740463257,0.2346348076972527,30.48781506599503,28.973769540761737,37.94184758533335,29.396979002848788,31.47135964965068
25,1450,0.022837825119495392,-0.0751039907336235,0.20720165967941284,0.010170163586735725,0,-1,0,0,2,0.0,0.9943344593048096,0.23440017288955545,28.0459736494544,29.605701250393544,36.49329583564831,29.060234262391326,30.42507814404361
25,1451,0.02479148842394352,-0.0752696543931961,0.18775874376296997,-0.031114842742681503,0,-1,0,0,2,0.0,0.9942489266395569,0.2341657727166659,28.0459736494544,29.605701250393544,36.41241425701636,29.060234262391326,30.42507814404361
25,1452,0.026558930054306984,-0.07583573460578918,0.16976037621498108,-0.07021093368530273,0,-1,0,-1,2,0.0,0.9941045045852661,0.2339316069439492,27.863013656603464,29.71307523559593,33.59448799761719,29.442708908362967,31.703328493214585
25,1453,0.028153836727142334,-0.07678200304508209,0.15307903289794922,-0.10737352818250656,0,-1,0,-2,3,2.5,0.9941551089286804,0.23369767533700525,24.66378237414729,28.50528969729578,31.221714086878258,33.72422182460858,30.66664695989986
25,1454,0.030653392896056175,-0.0764520913362503,0.32475873827934265,0.14518649876117706,0,-1,1,2,0,-5.0,0.9938182830810547,0.23346397766166824,26.486275363947573,32.33140378528485,25.621307713601684,23.125124197819524,24.789271990167194
25,1455,0.03160260245203972,-0.07862390577793121,-0.07786941528320312,-0.4859696328639984,0,-1,0,-8,0,-5.0,0.992457926273346,0.23323051368400657,10.461674975224035,12.220984790947295,17.93450465523016,18.131993746053322,31.216579211394492
25,1456,0.02869723178446293,-0.086845263838768,-0.45028868317604065,-1.0709484815597534,0,-1,-1,-17,4,5.0,0.9911378026008606,0.23299728317032256,1.1981388577588317,2.522737536438579,4.3600530893016005,5.247991002926442,21.685304278099327
25,1457,0.02648042142391205,-0.09413937479257584,-0.04705747961997986,-0.46442627906799316,0,-2,0,-7,4,5.0,0.9908509254455566,0.23276428588715223,10.135676407880728,9.854733084397534,14.188385153823823,11.41242229466479,20.585365787087
25,1458,0.028118470683693886,-0.09565073996782303,0.32525718212127686,0.09330392628908157,0,-2,1,1,3,2.5,0.9912644624710083,0.23253152160126508,6.3404375690871255,9.277654114852574,8.881756186782562,20.115558677715,8.843220744046743
25,1459,0.03225754573941231,-0.09346402436494827,0.48282524943351746,0.32096412777900696,0,-1,1,5,0,-5.0,0.991163969039917,0.23229899007966381,32.220518330981776,27.43896735179531,24.104801024050076,24.852762666096663,9.18577145201187
25,1460,0.03471721336245537,-0.09400000423192978,0.06813788414001465,-0.330374538898468,0,-2,0,-5,3,2.5,0.9908071756362915,0.23206669108958414,10.841583699642392,9.00301216708883,12.898320697764046,22.27617769878639,10.262093246713443
25,1461,0.03639520704746246,-0.09587923437356949,0.24499830603599548,-0.07290820777416229,0,-2,0,-1,2,0.0,0.9906033873558044,0.23183462439849456,14.984601858344899,16.63425836563441,23.342185568591155,17.0083525391273,15.849943391255955
25,1462,0.038702771067619324,-0.09693589806556702,0.22169092297554016,-0.1232309639453888,0,-2,0,-2,3,2.5,0.9906200766563416,0.23160278977409607,9.852162081728096,13.915212511545663,17.312742677601186,22.63305169584566,15.593951145271635
25,1463,0.04184946045279503,-0.09684987366199493,0.38687771558761597,0.11584542691707611,0,-2,1,2,2,0.0,0.9907622933387756,0.23137118698432196,8.996374809103582,13.845691073847812,13.577513067284285,21.77304803052934,10.516118811825994
25,1464,0.04551520571112633,-0.09611304849386215,0.3529360592365265,0.049086201936006546,0,-2,1,1,3,2.5,0.9910910129547119,0.23113981579733764,6.3404375690871255,9.277654114852574,8.881756186782562,19.595080442357087,8.843220744046743
25,1465,0.04991903156042099,-0.09438762813806534,0.5083950161933899,0.27341219782829285,0,-2,1,4,0,-5.0,0.9908956289291382,0.2309086759815403,18.270702437272394,11.939058469033604,9.990650644185155,9.640045255109847,2.8898521959951573
25,1466,0.05262335017323494,-0.0954168513417244,0.09178487956523895,-0.3809691071510315,0,-2,0,-6,2,0.0,0.9901090860366821,0.23067776730555875,12.056993273074518,12.543615363327966,21.103728542299045,14.667635545641058,16.368152788726054
25,1467,0.0534643717110157,-0.09945309907197952,0.07997365295886993,-0.4136331379413605,0,-2,0,-7,4,5.0,0.9898892641067505,0.23044708953825319,10.135676407880728,9.854733084397534,14.188385153823823,11.41242229466479,20.986330741297458
25,1468,0.056315433233976364,-0.10055214911699295,0.4423193633556366,0.12770771980285645,0,-2,1,2,3,2.5,0.9903749227523804,0.23021664244871493,8.996374809103582,13.845691073847812,13.577513067284285,21.432326267126804,10.516118811825994
25,1469,0.06157303601503372,-0.09810755401849747,0.5908177495002747,0.340594083070755,0,-2,1,5,1,-2.5,0.990612268447876,0.22998642580626621,17.16457697342054,21.52558322069511,16.40319802870205,11.621363361818297,8.579165670852678
25,1470,0.0661286786198616,-0.0968901589512825,0.35481610894203186,-0.03668743744492531,0,-2,1,-1,1,-2.5,0.9901414513587952,0.22975643938045995,11.920165917533227,20.4484995029126,12.123233932071852,12.8401494538479,10.632932273923483
25,1471,0.06842470169067383,-0.09929044544696808,0.13645771145820618,-0.3867837190628052,0,-2,0,-6,0,-5.0,0.9886187314987183,0.2295266829410795,12.144083928142411,12.543615363327966,21.486837328063185,14.667635545641058,16.368152788726054
25,1472,0.0675676017999649,-0.10668309032917023,-0.252292275428772,-0.9988718032836914,0,-2,-1,-16,3,2.5,0.986760675907135,0.22929715625813843,2.999022446801062,7.033075635059041,13.05869418603176,10.262835375615275,10.605331010033826
25,1473,0.0661730244755745,-0.11506213992834091,-0.05220593139529228,-0.7082368731498718,0,-2,0,-11,4,5.0,0.9858250617980957,0.2290678591018803,5.725675087927851,5.950130090122427,9.582602176941705,17.024246607713742,7.369425590444585
25,1474,0.06774920225143433,-0.11905863136053085,0.318588525056839,-0.15735068917274475,0,-2,1,-3,2,0.0,0.9853477478027344,0.22883879124277842,3.071258330184127,8.840598722065426,3.6529268138043642,5.980843818333044,6.827463196439023
25,1475,0.0707528218626976,-0.12104645371437073,0.2886788547039032,-0.22121034562587738,0,-2,1,-4,3,2.5,0.9851078391075134,0.22860995245153565,2.921428230618214,2.720577537412378,9.426841161639766,2.46563486081517,3.457231571786644
25,1476,0.07452896982431412,-0.1220332607626915,0.4471745789051056,0.0032846499234437943,0,-2,1,0,2,0.0,0.9849929809570312,0.22838134249908412,3.0770179597950733,13.394188656792519,4.83682602821162,5.342170126900148,4.116345480746847
25,1477,0.07876285165548325,-0.12250307202339172,0.40754473209381104,-0.0758606344461441,0,-2,1,-1,4,5.0,0.985481321811676,0.22815296115658504,11.920165917533227,21.074036980953267,12.123233932071852,13.231042006814524,11.22652367833284
25,1478,0.08473604917526245,-0.1204933300614357,0.7433546185493469,0.4200591444969177,0,-2,1,7,2,0.0,0.9863147139549255,0.22792480819542846,6.718051958347096,3.8910138928072486,20.57375718669054,5.064908583558796,3.5224791274764
25,1479,0.09180732816457748,-0.11698402464389801,0.6818134784698486,0.30764779448509216,0,-2,1,5,1,-2.5,0.9865024089813232,0.22769688338723304,17.16457697342054,21.823494028089147,16.57545938417003,12.019860353154483,8.454205096361855
25,1480,0.09722989052534103,-0.11617916077375412,0.4385722875595093,-0.08284345269203186,0,-2,1,-1,1,-2.5,0.9858102798461914,0.22746918650384582,11.920165917533227,21.254051566076836,12.123233932071852,13.231042006814524,11.22652367833284
25,1481,0.10032324492931366,-0.11912049353122711,0.213474303483963,-0.44548794627189636,0,-2,0,-7,4,5.0,0.9854380488395691,0.22724171731734197,10.135676407880728,10.006000970961495,13.669079448302952,11.41242229466479,21.34119286280287
25,1482,0.10444033145904541,-0.12067285180091858,0.5640353560447693,0.07361313700675964,0,-2,1,1,3,2.5,0.9858653545379639,0.22701447560002463,6.3404375690871255,9.338109684307945,9.17451079585821,19.17436815401989,8.98388508534428
25,1483,0.11085356771945953,-0.11888909339904785,0.7020717263221741,0.26691603660583496,0,-2,1,4,4,5.0,0.987087607383728,0.2267874611244246,18.402547252277657,12.311662276112823,9.990650644185155,9.640045255109847,3.428418715099197
25,1484,0.11965002864599228,-0.11363279074430466,1.016388177871704,0.7307916283607483,0,-2,2,12,0,-5.0,0.987804114818573,0.22656067366330018,2.095068727835412,10.834893168967156,0.18886055307937308,2.3402940754148798,0.6368374076979937
25,1485,0.1272173970937729,-0.1104351133108139,0.5618926882743835,0.016720838844776154,0,-2,1,0,1,-2.5,0.9873540997505188,0.22633411298963688,3.0770179597950733,13.71676900229281,4.83682602821162,5.342170126900148,4.116345480746847
25,1486,0.13149289786815643,-0.11245390772819519,0.3277205526828766,-0.35919129848480225,0,-2,1,-6,4,5.0,0.9871854186058044,0.22610777887664724,3.356895346683112,11.402210189784043,2.3000415362147577,4.412035498300885,7.504564944798094
25,1487,0.1367081105709076,-0.11320130527019501,0.6703869104385376,0.14925730228424072,0,-2,1,2,3,2.5,0.9877421855926514,0.22588167109777058,8.996374809103582,14.495072171964637,14.255995510743928,20.30417293407786,10.33661132379191
25,1488,0.1441434770822525,-0.11071504652500153,0.8010175228118896,0.33253318071365356,0,-2,2,5,0,-5.0,0.9875991940498352,0.2256557894266728,6.4149434814253325,1.7580521928044626,0.3732960243145465,0.5695332847101628,0.8133621164041088
25,1489,0.1496478170156479,-0.11135891824960709,0.36249321699142456,-0.35684633255004883,0,-2,1,-6,1,-2.5,0.9863147139549255,0.22543013363724612,3.356895346683112,11.526950021502483,2.3000415362147577,4.412035498300885,7.504564944798094
25,1490,0.15201422572135925,-0.11698421090841293,0.1432441622018814,-0.7100253701210022,0,-2,0,-11,2,0.0,0.9845297336578369,0.22520470350360888,5.725675087927851,5.950130090122427,9.683959133293683,17.339204519138335,7.369425590444585
25,1491,0.1533409059047699,-0.1243797317147255,0.12666155397891998,-0.7532837986946106,0,-2,0,-12,1,-2.5,0.9820894598960876,0.2249794988001053,4.485891187821874,5.056210549565016,5.3265839999868,6.581167221595828,10.978817565457856
25,1492,0.15344755351543427,-0.13383032381534576,-0.07509978115558624,-1.0811744928359985,0,-2,0,-17,3,2.5,0.9794926643371582,0.2247545193013052,1.035585796597241,2.3554943532145023,0.6650599227123181,7.062609132450193,1.9215290608774336
25,1493,0.15373660624027252,-0.14320383965969086,0.10987430810928345,-0.8187819719314575,0,-2,0,-13,1,-2.5,0.9764928817749023,0.22452976478200387,1.1963447950611936,7.56561085418322,1.8627109870908776,2.7891550996798737,1.2773041142762478
25,1494,0.15367914736270905,-0.15332037210464478,-0.09093296527862549,-1.1472536325454712,0,-2,0,-18,1,-2.5,0.9722445011138916,0.22430523501722185,0.8406795682174607,6.206784406127381,1.4217797976801614,2.535300455111598,2.6207665742430253
25,1495,0.1516992747783661,-0.1665997952222824,-0.27663400769233704,-1.4537771940231323,0,-3,-1,-23,0,-5.0,0.9659842252731323,0.22408092978220462,1.6419594124236476,1.469341931152242,6.8734318903617435,2.968786188328287,3.9694689176926783
25,1496,0.14689107239246368,-0.18443380296230316,-0.6329789161682129,-2.021250009536743,0,-3,-1,-32,0,-5.0,0.9568572640419006,0.2238568488524224,0.6437976728489112,0.16212649289034187,0.07004005501436811,0.0,0.0
25,1497,0.13868044316768646,-0.20770837366580963,-0.961165726184845,-2.5469372272491455,0,-3,-2,-41,0,-5.0,0.9442946314811707,0.22363299200356998,0.36049007232626196,0.0,0.1108494793841667,0.0,0.0
25,1498,0.12734195590019226,-0.23601992428302765,-1.262565016746521,-3.0333032608032227,0,-4,-3,-49,2,0.0,0.9293041229248047,0.22340935901156642,0.0,0.0,0.2642701884428521,0.04546169042587281,0.06188487997601059
25,1499,0.11520588397979736,-0.26588696241378784,-1.1751163005828857,-2.938416004180908,0,-4,-2,-47,3,2.5,0.9139242172241211,0.22318594965255484,0.0,0.0,0.0,0.30968277567512886,0.0
25,1500,0.1049235463142395,-0.2933867871761322,-0.9153377413749695,-2.5927507877349854,0,-5,-2,-41,3,2.5,0.8990826606750488,0.22296276370290227,0.17418664733987665,0.22933357305535526,0.21261724507984026,0.9239069454849707,0.29825049015865024
25,1501,0.09710469096899033,-0.3176749646663666,-0.6783492565155029,-2.287630081176758,0,-5,-1,-37,0,-5.0,0.8819583654403687,0.22273980093919937,0.4967525448079566,0.03897940583664775,0.1366814312160303,0.279052789361553,0.28886085362373315
25,1502,0.08850209414958954,-0.3435720205307007,-0.9947388768196106,-2.7984039783477783,0,-5,-2,-45,0,-5.0,0.8598645329475403,0.22251706113826017,0.08659413754940033,0.4976227978484299,0.057125548829053754,0.17104854045434822,0.10409971759062177
25,1503,0.07689663022756577,-0.3743467926979065,-1.283590316772461,-3.2686924934387207,0,-6,-3,-52,1,-2.5,0.8333854079246521,0.2222945440771219,0.03636186682224274,0.23274456599743193,0.008482947945594788,0.04149064719676972,-0.07143614709377288
26,1504,0.06354942917823792,-0.4081844985485077,-1.3720357418060303,-3.451406478881836,0,-7,-3,-55,0,-5.0,-2.1981875896453857,0.22207224953304477,-0.1099093794822693,0.0,0.0,0.0,-0.10980126857757569
26,1505,-0.05337926745414734,0.16607201099395752,0.20859727263450623,0.05060353875160217,0,3,0,1,3,2.5,0.9716641306877136,0.22185017728351172,6.8645008538838805,5.666095611213617,7.174761784556897,12.0645401233733,4.273537255176384
26,1506,-0.050264038145542145,0.1683325171470642,0.3866143524646759,0.3466160297393799,0,3,1,6,4,5.0,0.9693607687950134,0.2216283271062282,0.3545496343961453,3.273341299254468,2.5548391580797305,3.267163061585234,9.607265734584622
26,1507,-0.04439220950007439,0.1750408113002777,0.7362521886825562,0.9039789438247681,0,3,1,14,0,-5.0,0.9673417806625366,0.22140669877912197,12.198920216145979,4.1426551709444706,2.697142309294475,4.003905457955932,1.7417263343335088
26,1508,-0.039374660700559616,0.1807156801223755,0.3211754858493805,0.29989010095596313,0,3,1,5,3,2.5,0.9656219482421875,0.22118529208034285,1.1212923062401798,2.1728474822055883,2.490821799168087,9.047896570481935,2.612621066297745
26,1509,-0.03517875075340271,0.18541307747364044,0.4910440444946289,0.5850496292114258,0,3,1,9,0,-5.0,0.9646230340003967,0.2209641067882625,11.553547065648125,3.7482284532224366,1.9050177479660804,1.9053382453186778,2.0401292797419366
26,1510,-0.03250044211745262,0.18808762729167938,0.09549382328987122,0.013159416615962982,0,3,0,0,3,2.5,0.9638734459877014,0.22074314268147424,5.391993549207358,7.750933923232916,8.73634274180201,14.965729319271443,7.743046918778734
26,1511,-0.030464893206954002,0.1900699883699417,0.2821890413761139,0.32453835010528564,0,3,1,5,3,2.5,0.9619559645652771,0.22052239953879277,1.1212923062401798,2.1728474822055883,2.490821799168087,9.154029398164951,2.612621066297745
26,1512,-0.0266409944742918,0.1950487196445465,0.4550524055957794,0.6151761412620544,0,3,1,10,1,-2.5,0.9601358771324158,0.22030187713925398,4.677675841018462,11.099016625482278,3.218135328917706,4.216032719091526,1.167365904111245
26,1513,-0.023253638297319412,0.19966007769107819,0.24728348851203918,0.33014577627182007,0,3,0,5,0,-5.0,0.9600066542625427,0.22008157526211472,8.828789490655538,10.783820104178133,15.3785367287358,9.304278225048696,9.372420380898259
26,1514,-0.02289869636297226,0.19998325407505035,-0.128502756357193,-0.20818975567817688,0,3,0,-3,3,2.5,0.9600377082824707,0.2198614936868526,1.902186667782252,4.906222821768519,1.8529666811728813,12.03690993146473,2.5943744068890906
26,1515,-0.02300780825316906,0.1999056488275528,0.0747808888554573,0.12936735153198242,0,3,0,2,3,2.5,0.9587605595588684,0.21964163219316574,6.344296842124866,8.891861835581992,15.12833094910236,7.950579476636025,5.872748034489569
26,1516,-0.021169176325201988,0.20307494699954987,0.26308995485305786,0.444296270608902,0,3,1,7,1,-2.5,0.9575150012969971,0.21942199056097256,2.016430646840882,7.432492464813846,1.2370823141830494,0.7531288206966253,1.4563309720895472
26,1517,-0.019615665078163147,0.20611876249313354,0.07021726667881012,0.18341860175132751,0,3,0,3,3,2.5,0.9559683799743652,0.2192025685704116,7.329546800382123,14.701711182735274,10.592948439561392,9.715349614820658,7.860142053228294
26,1518,-0.017820090055465698,0.20983728766441345,0.2588880658149719,0.4994548261165619,0,3,1,8,1,-2.5,0.9544386863708496,0.21898336600184118,1.0287981212182242,9.691049431415575,1.2738022563825506,2.4084235832178806,1.8576139345696956
26,1519,-0.016303084790706635,0.21345087885856628,0.0668964684009552,0.2413448691368103,0,3,0,4,2,0.0,0.9532638192176819,0.21876438263583933,6.701123157108334,7.7914504213970615,15.565929611923032,9.617863122321918,7.804746030896158
26,1520,-0.015580771490931511,0.2161855548620224,0.07261183112859726,0.28209906816482544,0,3,0,5,2,0.0,0.9518950581550598,0.21854561825320348,8.828789490655538,10.783820104178133,15.23920002720698,9.304278225048696,9.372420380898259
26,1521,-0.014802860096096992,0.21932844817638397,0.07801888138055801,0.3227972686290741,0,4,0,5,3,2.5,0.9496234059333801,0.21832707263495027,0.6819988429082728,1.650561153986056,1.1197804799128863,7.474444561771508,1.1541958660331624
26,1522,-0.012931514531373978,0.2244473546743393,0.26611122488975525,0.639112651348114,0,4,1,10,0,-5.0,0.9480512738227844,0.21810874556231533,0.37165247502340126,1.1044278127918967,0.2935098964463483,1.0447949586103058,3.0186153361209582
26,1523,-0.012376823462545872,0.22792260348796844,-0.10793360322713852,0.11026840656995773,0,4,0,2,4,5.0,0.9458961486816406,0.217890636816753,0.39271812961408686,0.16612893809256868,0.46186262108343357,0.4044262146239349,3.9400081286429174
26,1524,-0.011247585527598858,0.2326023280620575,0.27646970748901367,0.7223777770996094,0,4,1,12,1,-2.5,0.9431242942810059,0.21767274617993623,0.6020116685393131,6.245617803953933,1.9163056294298257,1.0261616201198644,1.774343443737403
26,1525,-0.009549904614686966,0.23848624527454376,0.08507832139730453,0.4701080918312073,0,4,0,8,1,-2.5,0.9414445161819458,0.2174550734337563,2.795121553438125,3.528688813156424,4.277172464759545,2.9120073587143738,7.0502893630434595
26,1526,-0.009681755676865578,0.24198247492313385,-0.09166944772005081,0.24096941947937012,0,4,0,4,3,2.5,0.9392831325531006,0.21723761836032254,0.8166602636641156,1.8126672341058983,1.2052654393086244,6.5570064279566065,1.0150274941455222
26,1527,-0.009434731677174568,0.24640808999538422,0.10884398221969604,0.5777162313461304,0,4,0,9,2,0.0,0.9362282752990723,0.21702038074196223,4.688082371391559,5.978294873387946,9.899095814540233,4.440817062692902,4.199607139007917
26,1528,-0.008300933055579662,0.252530574798584,0.11275263875722885,0.6206343770027161,0,4,0,10,2,0.0,0.9328728914260864,0.21680336036122028,3.3861271197200544,4.173015270576833,9.41929042748335,5.082809044649567,5.16345007103015
26,1529,-0.007128018885850906,0.25908899307250977,0.11659646034240723,0.6643542647361755,0,4,0,11,2,0.0,0.9291951656341553,0.21658655700085905,5.803191838790886,5.461173080672356,9.124975801827684,5.348514605346731,5.95942095111787
26,1530,-0.0059165372513234615,0.266091912984848,0.12039025127887726,0.7089599370956421,0,4,0,11,3,2.5,0.9243313074111938,0.2163699704438582,5.803191838790886,5.461173080672356,9.026419153371267,5.347312652505271,5.95942095111787
26,1531,-0.0036387424916028976,0.2750793695449829,0.30489569902420044,1.0235463380813599,0,4,1,16,0,-5.0,0.9201754331588745,0.21615360047341434,2.541633439045725,2.625999393757205,4.9362638882524745,1.483545176973749,1.2677103536186107
26,1532,-0.0026718343142420053,0.28253236413002014,-0.06534668803215027,0.5152703523635864,0,5,0,8,1,-2.5,0.9178173542022705,0.21593744687294092,0.41316574395911726,0.4932882752749393,2.879708866415274,0.574659340151003,0.43950036454882213
26,1533,-0.0042206416837871075,0.28667518496513367,-0.22735558450222015,0.3175411522388458,0,5,0,5,0,-5.0,0.9173809289932251,0.21572150942606796,0.48520867728717,0.10427671948063195,0.07324370614528057,0.2610366373103554,0.09051188870260637
26,1534,-0.00834285095334053,0.28743529319763184,-0.5571373105049133,-0.1277376115322113,0,5,-1,-2,1,-2.5,0.9185135364532471,0.2155057879166419,0.054388117003440865,0.5371440833805932,0.11198415912104068,0.0,0.12495911020301684
26,1535,-0.01460434589534998,0.28545820713043213,-0.6832593083381653,-0.27153825759887695,0,5,-1,-4,1,-2.5,0.9204114079475403,0.21529028212872525,0.18012274373024703,0.23888329930414434,0.15333243112779246,0.17990669207370064,0.17769238608819746
26,1536,-0.02207697369158268,0.2821144163608551,-0.8005369901657104,-0.40268445014953613,0,5,-2,-6,3,2.5,0.9212856888771057,0.21507499184659654,0.09003876447677613,0.0,0.0644830016391548,0.5354631349487735,0.08360729097895875
26,1537,-0.02862716093659401,0.28056082129478455,-0.5492379069328308,0.011988300830125809,0,4,-1,0,4,5.0,0.9190478920936584,0.21485991685474995,0.835446599933654,0.5803786320532944,1.2760741130598205,0.8150975512800448,5.927784538465643
26,1538,-0.03174206614494324,0.28452086448669434,-0.1358269453048706,0.6669583320617676,0,5,0,11,2,0.0,0.9148868322372437,0.2146450569378952,0.7898862381150098,1.0443285787313614,5.346202638998756,1.2257532126953332,1.0126039356649792
26,1539,-0.03294375538825989,0.29174163937568665,-0.11284319311380386,0.7436459064483643,0,5,0,12,2,0.0,0.9101651906967163,0.21443041188095732,1.4056643346643822,1.7980107960455087,5.452009002574703,2.2930389692050968,1.8641104525275976
26,1540,-0.03392386436462402,0.2997244894504547,-0.09136699140071869,0.8190960884094238,0,5,0,13,3,2.5,0.9039250016212463,0.21421598146907636,2.013475811083009,2.2596104324236306,3.3556228465485427,4.8232589234965015,1.7504098216383932
26,1541,-0.0336785763502121,0.30995973944664,0.10772371292114258,1.1573704481124878,0,5,0,19,3,2.5,0.8953765034675598,0.21400176548760727,2.2964092273591796,2.840654905596275,3.1827817975951485,4.408435424397661,2.0888524793871754
26,1542,-0.03152935579419136,0.3234555423259735,0.2916213274002075,1.4738590717315674,0,5,1,24,2,0.0,0.8853998184204102,0.21378776372211966,2.487716397754136,4.151313963718451,3.04675051112561,2.3276444514441597,1.6534663151542475
26,1543,-0.02863340824842453,0.33852654695510864,0.28368064761161804,1.5107094049453735,0,5,1,24,3,2.5,0.873652994632721,0.21357397595839755,2.487716397754136,4.151313963718451,3.04675051112561,2.3472687341599396,1.6534663151542475
26,1544,-0.024805737659335136,0.35545334219932556,0.45335519313812256,1.80800461769104,0,6,1,29,0,-5.0,0.8624217510223389,0.21336040198243916,1.686231095588991,0.5982653067867871,0.4138252601146118,0.09593682383481084,0.42859221370277545
26,1545,-0.02235732041299343,0.37091532349586487,0.08260983228683472,1.325454592704773,0,6,0,21,1,-2.5,0.853107750415802,0.21314704158045672,1.345936711518291,2.0813502085932867,1.8753345655374996,1.5307263829146396,0.6397466930745975
26,1546,-0.022447505965828896,0.3832651972770691,-0.08347200602293015,1.1420115232467651,0,6,0,18,2,0.0,0.8437170386314392,0.21293389453887626,1.5231491884016446,2.5781721805998137,1.737065696620013,0.9979413511697109,1.44247909622697
26,1547,-0.023131540045142174,0.39532631635665894,-0.06227374076843262,1.229190707206726,0,6,0,20,2,0.0,0.8333244323730469,0.21272096064433738,1.6989604481569038,1.0086948416757746,2.3369860344733966,1.0812393972321808,1.2662463015274532
27,1548,-0.023611780256032944,0.40825924277305603,-0.04253055155277252,1.315852403640747,0,7,0,21,3,2.5,-2.1793086528778076,0.21250823968369303,-1.148129911922027,-1.0221200085867643,-1.0156572112932563,-1.044122924890822,-0.9969984433710242
27,1549,0.07303205132484436,-0.19639065861701965,0.00770983099937439,0.12351348996162415,0,-3,0,2,1,-2.5,0.9611594080924988,0.21229573144400934,3.3625619057971794,11.558335848427038,6.2368045071158695,2.139970003743842,1.9772431387323377
27,1550,0.07198412716388702,-0.19708006083965302,-0.18667230010032654,-0.20026454329490662,0,-3,0,-3,3,2.5,0.9609074592590332,0.21208343571256533,8.728759553605647,8.26481344140373,11.430617313325083,13.950128586188313,9.627912595082774
27,1551,0.0711657702922821,-0.19771848618984222,0.0010615400969982147,0.05417311191558838,0,-3,0,1,2,0.0,0.9609876275062561,0.21187135227685275,6.23010102865124,7.714890522444334,14.430581851720431,7.768013273702232,5.333734343258088
27,1552,0.07109986245632172,-0.1975155919790268,-0.008950992487370968,0.009286658838391304,0,-3,0,0,2,0.0,0.9608930349349976,0.2116594809245759,7.203806721545068,8.806782531993214,13.917508389963118,6.773799070455259,5.927202930196282
27,1553,0.07093808054924011,-0.19775496423244476,-0.018222108483314514,-0.03445836529135704,0,-3,0,-1,1,-2.5,0.9599963426589966,0.21144782144365132,8.318365282411296,13.041668345710406,11.829042680866522,7.0108530198897085,6.403023808306029
27,1554,0.06964153051376343,-0.20000901818275452,-0.21069557964801788,-0.35548466444015503,0,-3,0,-6,2,0.0,0.9584769606590271,0.21123637362220768,10.076466939556322,9.39721586467206,13.342111196543467,11.699476064252167,7.791655214384134
27,1555,0.06754636019468307,-0.20377196371555328,-0.20518732070922852,-0.377322793006897,0,-3,0,-6,2,0.0,0.9568345546722412,0.21102513724858546,10.076466939556322,9.39721586467206,13.443569847650233,11.699476064252167,7.791655214384134
27,1556,0.06550269573926926,-0.20776289701461792,-0.200254887342453,-0.4006008505821228,0,-3,0,-6,2,0.0,0.9550575613975525,0.21081411211133688,10.180182013926997,9.39721586467206,13.475277000611847,11.699476064252167,7.791655214384134
27,1557,0.06350495666265488,-0.21199624240398407,-0.19586360454559326,-0.42529934644699097,0,-3,0,-7,3,2.5,0.9538122415542603,0.21060329799922556,9.149563179996465,8.451200017373036,10.007431906942006,12.865394385656796,10.007308676802559
27,1558,0.0625903382897377,-0.21491336822509766,-0.00871199183166027,-0.17491725087165833,0,-3,0,-3,3,2.5,0.9535805583000183,0.21039269470122635,8.728759553605647,8.26481344140373,11.575581948444103,14.017946175022685,9.649973892512431
27,1559,0.06346695125102997,-0.2154516577720642,0.1644270122051239,0.05381982773542404,0,-3,0,1,2,0.0,0.9536099433898926,0.21018230200652513,6.23010102865124,7.714890522444334,14.415491520316841,7.956694347241202,5.333734343258088
27,1560,0.06496051698923111,-0.21538344025611877,0.14164485037326813,-0.012892872095108032,0,-3,0,0,2,0.0,0.9533578753471375,0.2099721197045186,7.26021343502823,8.806782531993214,13.902063796563056,6.773799070455259,5.927202930196282
27,1561,0.0662357434630394,-0.21596801280975342,0.12053056061267853,-0.07709541916847229,0,-3,0,-1,1,-2.5,0.9521473050117493,0.20976214758481407,8.318365282411296,12.46502687323579,11.829042680866522,7.0108530198897085,6.403023808306029
27,1562,0.06626680493354797,-0.21875257790088654,-0.08220267295837402,-0.4151759147644043,0,-4,0,-7,2,0.0,0.950171172618866,0.20955238543722926,3.3620630200121537,3.2690377880046064,7.658302018956428,1.9591402489014063,2.484862639593122
27,1563,0.06539659947156906,-0.22322368621826172,-0.08696193248033524,-0.4553033709526062,0,-4,0,-7,2,0.0,0.9479703903198242,0.20934283305179202,3.3620630200121537,3.2690377880046064,7.678160479097951,1.9591402489014063,2.484862639593122
27,1564,0.06447945535182953,-0.2281000167131424,-0.0915486291050911,-0.4958335757255554,0,-4,0,-8,0,-5.0,0.9440641403198242,0.20913349021874023,7.375414894115213,4.529241796809384,5.589812310401208,3.8124269719824384,3.306493972771194
27,1565,0.06144031137228012,-0.23650771379470825,-0.46104714274406433,-1.0855084657669067,0,-4,-1,-17,4,5.0,0.9402889013290405,0.2089243567285215,2.2036468529111204,3.013545161322607,3.8343176904720435,3.495258859319727,7.943966005406228
27,1566,0.059010639786720276,-0.24435850977897644,-0.07402260601520538,-0.5408257842063904,0,-4,0,-9,0,-5.0,0.9358758330345154,0.20871543237179296,4.019452399685015,3.7239822056781935,7.883253247643054,3.0886126212546294,3.2663425324404916
27,1567,0.05614279583096504,-0.25322747230529785,-0.44400134682655334,-1.1314212083816528,0,-4,-1,-18,3,2.5,0.9307563304901123,0.20850671693942116,2.178252861370672,3.2026412853129296,3.5320013292243466,6.7315111130474845,4.374203005072135
27,1568,0.05283103510737419,-0.2631418704986572,-0.24180921912193298,-0.8676968812942505,0,-4,0,-14,0,-5.0,0.9242815375328064,0.20829821022248174,6.728449396186246,3.7646521982448924,3.2154812070627443,3.5386462362373328,2.2217864651296733
27,1569,0.04836226999759674,-0.27516990900039673,-0.5981175899505615,-1.4379291534423828,0,-4,-1,-23,2,0.0,0.9161179661750793,0.20808991201225926,2.0243880852894796,2.73629323549695,6.721539884494156,4.31199087022728,4.282200311208692
27,1570,0.042539361864328384,-0.2896239161491394,-0.566407322883606,-1.4323444366455078,0,-5,-1,-23,1,-2.5,0.9066247344017029,0.207881822100247,1.0934431792322552,4.53996049141781,1.9887901302862236,2.1364169118723515,1.8991706172602874
27,1571,0.03599528595805168,-0.3055736720561981,-0.7170113325119019,-1.69843327999115,0,-5,-1,-27,0,-5.0,0.893992006778717,0.20767394027814676,1.721442618015547,1.5994982780907845,1.7883777082690289,1.9115262349121276,4.613556986013837
27,1572,0.026997683569788933,-0.32558873295783997,-1.0342222452163696,-2.210606575012207,0,-5,-2,-35,4,5.0,0.8812416791915894,0.2074662663378686,0.466784136106287,0.4753100052843194,0.7573661992542888,1.3284912044389485,3.7557036025371455
27,1573,0.019014375284314156,-0.34461334347724915,-0.6162995100021362,-1.6494146585464478,0,-6,-1,-26,4,5.0,0.8715763688087463,0.20725880007153075,0.5045199426429318,0.5264680767631061,1.4034434096530006,1.3024500748528895,3.2537563172237576
27,1574,0.015007556416094303,-0.3583623468875885,-0.23292303085327148,-1.1447347402572632,0,-6,0,-18,2,0.0,0.8629246354103088,0.20705154127145922,1.4905421985262879,1.4659482405814697,3.124500921800995,2.25815953661869,1.691058732731379
27,1575,0.012658932246267796,-0.3702368438243866,-0.2312730997800827,-1.1957123279571533,0,-6,0,-19,4,5.0,0.8557705879211426,0.20684448973018776,1.6323411013600007,1.6756098588640105,1.7996774722761015,1.7381269740907868,3.3240108674400504
27,1576,0.01231424417346716,-0.3797755539417267,0.11987917125225067,-0.7460098266601562,0,-6,0,-12,0,-5.0,0.8473184108734131,0.20663764524045758,2.3245884336958262,0.7848518968163058,0.923220346896788,0.5919130174192264,0.7972595205505199
27,1577,0.011357966810464859,-0.3907448351383209,-0.2534840404987335,-1.337017297744751,0,-6,-1,-21,1,-2.5,0.8351828455924988,0.20643100759521713,0.298669539509633,1.1577660085492794,0.269183880233458,0.5012915353332421,0.4919457629705545
28,1578,0.007821531966328621,-0.40597671270370483,-0.4244138300418854,-1.6385550498962402,0,-6,-1,-26,4,5.0,-2.176356315612793,0.20622457658762192,0.5045199426429318,0.5264680767631061,1.4034434096530006,1.3024500748528895,2.920488079048093
28,1579,-0.20109453797340393,-0.18152877688407898,0.028479784727096558,0.05654832720756531,0,-3,0,1,1,-2.5,0.9665526747703552,0.2060183520110343,6.23010102865124,8.00706447225369,14.489317099905092,7.956694347241202,5.666999575267335
28,1580,-0.2019413709640503,-0.18288616836071014,-0.16728967428207397,-0.2679695785045624,0,-3,0,-4,3,2.5,0.9660772085189819,0.20581233365902327,4.721295819163652,5.221106976327843,7.278909418678083,13.454641822786076,6.260153868226496
28,1581,-0.2025657296180725,-0.1841813325881958,0.02022795006632805,-0.010996073484420776,0,-3,0,0,2,0.0,0.965915322303772,0.20560652132536425,7.4890402553640385,9.017242580822646,13.754968322694435,6.773799070455259,5.927202930196282
28,1582,-0.20244327187538147,-0.18462041020393372,0.00941955391317606,-0.05513198673725128,0,-3,0,-1,0,-5.0,0.9644012451171875,0.20540091480403888,8.896787736310877,12.257204039226911,11.829042680866522,7.153705345467349,6.403111419602928
28,1583,-0.20452158153057098,-0.18867625296115875,-0.36928632855415344,-0.6574655771255493,0,-3,-1,-11,3,2.5,0.9624610543251038,0.20519551388923485,2.0917416857142017,4.6651290071799565,3.319740437253997,11.667029999433057,4.861836865513276
28,1584,-0.20708321034908295,-0.19374966621398926,-0.167246475815773,-0.3797958195209503,0,-3,0,-6,2,0.0,0.9608859419822693,0.20499031837534562,10.180182013926997,9.555938839147371,13.800213752696513,11.699476064252167,7.9412245434708915
28,1585,-0.20875971019268036,-0.19777269661426544,-0.16462288796901703,-0.40506812930107117,0,-3,0,-6,2,0.0,0.9591730833053589,0.20478532805697028,10.180182013926997,9.555938839147371,13.850357640666743,11.699476064252167,7.9412245434708915
28,1586,-0.2104124128818512,-0.2020566314458847,-0.1623724102973938,-0.4315115809440613,0,-3,0,-7,3,2.5,0.9579610824584961,0.2045805427289133,9.258853975985815,8.645867114762734,10.007431906942006,13.16614009687489,9.985361157557445
28,1587,-0.21100027859210968,-0.20503389835357666,0.023185357451438904,-0.1814759224653244,0,-3,0,-3,2,0.0,0.9570627212524414,0.20437596218618437,8.748917457997944,8.493396118145998,11.81900512259125,13.947412222263438,9.960539667736029
28,1588,-0.2108565866947174,-0.20721326768398285,0.011224975809454918,-0.23042148351669312,0,-3,0,-4,3,2.5,0.9566104412078857,0.2041715862239982,4.721295819163652,5.221106976327843,7.278909418678083,13.35790269558068,6.260153868226496
28,1589,-0.20978444814682007,-0.20830154418945312,0.18355488777160645,-0.0013549849390983582,0,-3,0,0,2,0.0,0.9564083814620972,0.2039674146377742,7.4890402553640385,9.017242580822646,13.562678540361368,6.773799070455259,5.927202930196282
28,1590,-0.20810528099536896,-0.20878610014915466,0.15966489911079407,-0.06874675303697586,0,-3,0,-1,1,-2.5,0.9552653431892395,0.20376344722313644,8.896787736310877,12.391316856340065,11.829042680866522,7.274359502112152,6.403111419602928
28,1591,-0.2076985388994217,-0.21150557696819305,-0.045925579965114594,-0.41055217385292053,0,-3,0,-7,3,2.5,0.9540461301803589,0.2035596837759133,9.258853975985815,8.645867114762734,10.007431906942006,13.106692606931563,10.117402467588953
28,1592,-0.2071760594844818,-0.2143685221672058,0.13027021288871765,-0.17659282684326172,0,-3,0,-3,3,2.5,0.9537708163261414,0.20335612409213738,8.748917457997944,8.493396118145998,11.81900512259125,13.865730932433886,9.960539667736029
28,1593,-0.20496724545955658,-0.21500970423221588,0.2932688891887665,0.03696248680353165,0,-3,1,1,2,0.0,0.9536930918693542,0.20315276796804524,6.157045605255457,6.671185645969958,11.988027934525395,6.379005132410235,4.571327921152122
28,1594,-0.20223882794380188,-0.2151903659105301,0.26106083393096924,-0.04390523210167885,0,-3,1,-1,0,-5.0,0.9519068598747253,0.2029496152000772,10.492549892812836,5.560325099825587,6.531576519616678,4.482733845580034,3.346269798566856
28,1595,-0.20190274715423584,-0.21930135786533356,-0.1351228803396225,-0.6735643148422241,0,-4,0,-11,0,-5.0,0.9473502039909363,0.20274666558487714,6.934369978757646,3.975319273327627,4.3399224410490245,4.299243610341396,2.5289411683539296
28,1596,-0.20535936951637268,-0.22945550084114075,-0.501570999622345,-1.258455514907837,0,-4,-1,-20,2,0.0,0.9413859844207764,0.20254391891929227,2.900557793652076,3.8126767086196445,6.764700245364622,3.3352549318097964,3.6513389093754047
28,1597,-0.2102445811033249,-0.24210327863693237,-0.4751611351966858,-1.2535229921340942,0,-4,-1,-20,2,0.0,0.9351080060005188,0.20234137500037297,2.900557793652076,3.8126767086196445,6.821936346209194,3.3352549318097964,3.6513389093754047
28,1598,-0.21488095819950104,-0.2547391653060913,-0.45126938819885254,-1.2543423175811768,0,-4,-1,-20,2,0.0,0.9284873008728027,0.20213903362537258,2.900557793652076,3.911796653306416,6.856781684446536,3.3352549318097964,3.6513389093754047
28,1599,-0.21929246187210083,-0.26741862297058105,-0.4296817481517792,-1.2605699300765991,0,-4,-1,-20,2,0.0,0.921491265296936,0.2019368945917472,2.900557793652076,3.911796653306416,6.911063026656968,3.3352549318097964,3.6513389093754047
28,1600,-0.22350092232227325,-0.280193954706192,-0.4102019667625427,-1.271897792816162,0,-4,-1,-20,2,0.0,0.9140839576721191,0.20173495769715546,2.900557793652076,3.911796653306416,6.90476729050292,3.3352549318097964,3.6513389093754047
28,1601,-0.22752639651298523,-0.29311448335647583,-0.39264923334121704,-1.2880500555038452,0,-5,-1,-21,3,2.5,0.9071452021598816,0.2015332227394583,1.4484360124236868,2.4230532236860425,2.2465097848288913,2.081539302394524,5.453780625393805
28,1602,-0.2303672730922699,-0.30472081899642944,-0.197584331035614,-1.0441198348999023,0,-5,0,-17,0,-5.0,0.8985411524772644,0.20133168951671884,4.413239930564514,1.9901560293529739,1.6177754616192948,1.7394973244443586,1.3697317847003596
28,1603,-0.23439712822437286,-0.31852611899375916,-0.5540766716003418,-1.6141656637191772,0,-5,-1,-26,3,2.5,0.8888773322105408,0.20113035782720212,1.5658303524478578,2.293885771960057,4.851905759854371,2.94550732092247,3.22015126510916
28,1604,-0.23879508674144745,-0.33335062861442566,-0.34904128313064575,-1.3617777824401855,0,-5,-1,-22,4,5.0,0.881423830986023,0.20092922746937492,1.2146971310950738,1.2666867810604432,1.7070479118753716,1.6972169492009839,4.305415659059987
28,1605,-0.24023285508155823,-0.3443489670753479,0.016401879489421844,-0.8791826367378235,0,-6,0,-14,4,5.0,0.8769510388374329,0.20072829824190555,0.6465852280350938,0.8789494317523447,0.7136757676916383,0.7030680757140154,2.5670458321958565
28,1606,-0.23818114399909973,-0.3507832884788513,0.35345807671546936,-0.44112521409988403,0,-6,1,-7,0,-5.0,0.8712128400802612,0.20052756994366364,2.617543612714691,1.479093825219414,1.3322314469765528,1.0167282093449865,1.0492439647352745
28,1607,-0.23691312968730927,-0.3588693141937256,-0.03967726603150368,-1.0627614259719849,0,-6,0,-17,2,0.0,0.8630715012550354,0.20032704237371998,1.080855156924391,1.6133735073730096,3.282846454348623,1.2637915937664708,1.3463284495210943
28,1608,-0.23740820586681366,-0.3700385093688965,-0.05182623863220215,-1.1337145566940308,0,-6,0,-18,2,0.0,0.8541346788406372,0.20012671533134627,1.4905421985262879,1.4659482405814697,3.360708231932475,2.25815953661869,1.691058732731379
28,1609,-0.23802098631858826,-0.381923109292984,-0.0632614865899086,-1.2051591873168945,0,-6,0,-19,4,5.0,0.8465770483016968,0.19992658861601492,1.6353202311554682,1.6756098588640105,1.7996774722761015,1.7381269740907868,3.47959812843383
28,1610,-0.2367628514766693,-0.3916923999786377,0.2744028866291046,-0.7787505388259888,0,-6,1,-12,4,5.0,0.8420488834381104,0.19972666202739892,1.9025298745169992,1.8872314772804708,1.3835543848411676,1.2465862258570826,3.515885305562426
28,1611,-0.23227740824222565,-0.3974307179450989,0.586340606212616,-0.3920263946056366,0,-6,1,-6,2,0.0,0.8381490707397461,0.19952693536537153,0.8786676959775594,3.637579046997066,1.0233042909165584,0.7614754805922026,0.4847122192527855
28,1612,-0.22677677869796753,-0.4023069739341736,0.5284619927406311,-0.5330515503883362,0,-6,1,-9,3,2.5,0.8342152833938599,0.19932740843000615,0.9429808354598671,0.370565735948013,0.7630943066889018,2.76981459608139,0.582936603680247
28,1613,-0.22084714472293854,-0.4071666896343231,0.6478315591812134,-0.42301270365715027,0,-7,1,-7,4,5.0,0.8322184681892395,0.19912808102157614,-0.17528431679559048,-0.11675597512749808,-0.0378616474866867,-0.013085908109643468,0.37318523715144236
28,1614,-0.21279120445251465,-0.4096113443374634,0.931361198425293,-0.08136805146932602,0,-7,2,-1,4,5.0,0.8328777551651001,0.19892895294055457,0.02695992596054077,0.030661141002178195,-0.05752628218645091,0.0,0.6094541834190149
28,1615,-0.20201443135738373,-0.40880584716796875,1.194912314414978,0.23143994808197021,0,-7,2,4,0,-5.0,0.8314221501350403,0.19873002398761402,0.05376061818026337,0.0,0.0,0.0,0.13696144514559006
28,1616,-0.19263525307178497,-0.41058239340782166,0.7488548755645752,-0.46044230461120605,0,-7,1,-7,4,5.0,0.8290441036224365,0.1985312939636264,-0.17528431679559048,-0.11675597512749808,-0.0378616474866867,-0.013085908109643468,0.4314514537973972
28,1617,-0.18361134827136993,-0.4134680926799774,1.024962306022644,-0.1303926557302475,0,-7,2,-2,2,0.0,0.8269530534744263,0.19833276266966277,-0.2177010178565979,-0.0479227662370646,-0.10975858915064204,-0.030002908110618592,0.7517442828598879
29,1618,-0.17389994859695435,-0.4159890413284302,0.9364234805107117,-0.3163747191429138,0,-7,2,-5,3,2.5,-2.1755096912384033,0.1981344299069931,-0.07008299485381927,-0.10883057117462158,-0.10882960557937622,-0.3454730773712551,0.09163167546629905
29,1619,-0.16067078709602356,0.03214655816555023,0.11948233842849731,-0.007152751088142395,0,1,0,0,2,0.0,0.9989725947380066,0.1979362954770861,19.64484799349005,20.638761849916996,29.869884173740452,23.257812992493697,24.36272205308007
29,1620,-0.15951402485370636,0.032052792608737946,0.11220414191484451,-0.013515312224626541,0,1,0,0,2,0.0,0.9989823698997498,0.197738359181609,18.874354661090827,20.638761849916996,29.918519523113595,23.257812992493697,24.36272205308007
29,1621,-0.15842700004577637,0.03190002590417862,0.10546676814556122,-0.019059287384152412,0,1,0,0,2,0.0,0.9989953637123108,0.1975406208224274,18.874354661090827,20.638761849916996,29.91648877276819,23.257812992493697,24.36272205308007
29,1622,-0.15740452706813812,0.031695980578660965,0.09922656416893005,-0.02386079914867878,0,1,0,0,2,0.0,0.9990110397338867,0.197343080201605,18.874354661090827,20.638761849916996,29.88453599981152,23.257812992493697,24.36272205308007
29,1623,-0.15644186735153198,0.03144766390323639,0.09344357252120972,-0.027989068999886513,0,1,0,0,2,0.0,0.9990289807319641,0.19714573712140337,18.874354661090827,20.638761849916996,30.172036526031924,23.257812992493697,24.36272205308007
29,1624,-0.15553469955921173,0.031161434948444366,0.08808121085166931,-0.03150709345936775,0,0,0,-1,3,2.5,0.9989444017410278,0.19694859138428197,36.52566645937779,35.703254819330866,36.52175370324217,35.04008245910299,33.68413373826836
29,1625,-0.15361133217811584,0.032490067183971405,0.27076956629753113,0.25504055619239807,0,1,1,4,1,-2.5,0.9988929629325867,0.1967516427928977,4.0673056390707565,20.440647956581273,3.1221907217916725,3.019280664204288,1.11583998179321
29,1626,-0.1520736664533615,0.03327260538935661,0.06451825797557831,-0.05815120041370392,0,1,0,-1,3,2.5,0.9988198280334473,0.1965548911501048,16.595170737686402,19.30990112569433,30.67405199071139,18.709785252415163,18.989040412969295
29,1627,-0.1503751128911972,0.03435375913977623,0.24907083809375763,0.23156656324863434,0,1,0,4,2,0.0,0.9986629486083984,0.19635833625895469,15.895559380140343,20.99235614089519,27.719353166893306,16.70819201417119,15.342200921860055
29,1628,-0.14797689020633698,0.03656596690416336,0.23219729959964752,0.21079546213150024,0,1,0,3,2,0.0,0.9985111355781555,0.19616197792269574,17.054965462994073,19.68884457650001,28.389996364084332,16.47121812088088,16.38243246215844
29,1629,-0.14573928713798523,0.038585465401411057,0.21670664846897125,0.1924891322851181,0,1,0,3,2,0.0,0.9983649849891663,0.19596581594477305,17.054965462994073,19.68884457650001,28.429010590122942,16.47121812088088,16.38243246215844
29,1630,-0.1436491757631302,0.04043564572930336,0.20248480141162872,0.1764426827430725,0,1,0,3,2,0.0,0.9982243776321411,0.19576985012882828,17.054965462994073,19.68884457650001,28.465298244229135,16.47121812088088,16.38243246215844
29,1631,-0.14169447124004364,0.04213797673583031,0.18942749500274658,0.16246989369392395,0,1,0,3,2,0.0,0.9980892539024353,0.19557408027869944,17.054965462994073,19.68884457650001,28.450765384284438,16.47121812088088,16.38243246215844
29,1632,-0.13986405730247498,0.04371216148138046,0.17743946611881256,0.15040157735347748,0,1,0,2,2,0.0,0.9979590773582458,0.19537850619842073,15.386875343279527,19.33079429576684,20.072047528423532,18.422147210572835,26.019275211896392
29,1633,-0.13814780116081238,0.04517631605267525,0.16643361747264862,0.14008428156375885,0,1,0,2,4,5.0,0.9975162148475647,0.19518312769222232,15.386875343279527,19.33079429576684,20.072047528423532,18.422147210572835,26.17319697795833
29,1634,-0.13440242409706116,0.04983723163604736,0.5314136743545532,0.7097001075744629,0,1,1,11,0,-5.0,0.997150182723999,0.19498794456453009,27.901911438196763,17.67634775442722,22.41365888840678,16.05228535505232,8.449713700011198
29,1635,-0.13142864406108856,0.05338375270366669,0.11918393522500992,0.08197792619466782,0,1,0,1,4,5.0,0.9966930150985718,0.19479295661996557,20.239304981750738,19.018479502614824,23.472586121641363,20.634169911736613,28.311518742779235
29,1636,-0.12813323736190796,0.05750627815723419,0.4879744052886963,0.6584665179252625,0,1,1,11,0,-5.0,0.9963294267654419,0.1945981636633456,27.99749509786056,17.67634775442722,22.41365888840678,16.05228535505232,8.902713603839523
29,1637,-0.12557122111320496,0.06058551371097565,0.07958477735519409,0.038071759045124054,0,1,0,1,0,-5.0,0.9966666102409363,0.19440356549968224,20.39705722743487,19.018479502614824,23.472586121641363,20.634169911736613,28.406695978704626
29,1638,-0.12691709399223328,0.057735376060009,-0.29799631237983704,-0.5344809889793396,0,1,-1,-9,3,2.5,0.9970483183860779,0.19420916193418256,3.506772116687835,7.09715662745567,10.99037563088149,21.343460329337425,9.893747008760233
29,1639,-0.1286809891462326,0.05432949960231781,-0.08527487516403198,-0.19806841015815735,0,1,0,-3,3,2.5,0.997068464756012,0.19401495277224837,12.142092696080544,8.025153826370087,10.444693551994092,22.494287595612256,9.934591617884458
29,1640,-0.12840913236141205,0.05414352938532829,0.11141657829284668,0.11325186491012573,0,1,0,2,1,-2.5,0.9971212148666382,0.19382093781947612,15.386875343279527,19.581679273332476,20.072047528423532,18.422147210572835,25.91680838326708
29,1641,-0.12838716804981232,0.05365429446101189,-0.08155249804258347,-0.17593199014663696,0,1,0,-3,0,-5.0,0.9976229667663574,0.19362711688165665,12.383258631849205,8.025153826370087,10.444693551994092,23.184674927697806,9.934591617884458
29,1642,-0.1312795877456665,0.04875466972589493,-0.4476178288459778,-0.7320793867111206,0,1,-1,-12,2,0.0,0.998251736164093,0.193433489764775,1.7767543526522651,1.981369163888321,17.935102893848743,6.174635815495515,5.252334442596486
29,1643,-0.135546013712883,0.041811950504779816,-0.41162505745887756,-0.6693829894065857,0,1,-1,-11,4,5.0,0.998498260974884,0.19324005627501023,1.869291362733513,2.7423795454078017,3.192357782449446,4.905524381121529,27.532590156072672
29,1644,-0.1373359113931656,0.038752611726522446,-0.0034462958574295044,-0.033721089363098145,0,1,0,-1,1,-2.5,0.9986428618431091,0.1930468162187352,17.021571422586877,20.278686977880696,31.289550185363986,19.048506584423997,19.48872146136558
29,1645,-0.13842064142227173,0.03683954477310181,-0.18876858055591583,-0.3136916756629944,0,1,0,-5,3,2.5,0.998737096786499,0.19285376940251647,3.713869297961823,5.738487822006485,5.06568512970668,25.436696644834768,5.324623346848057
29,1646,-0.1391456425189972,0.03553752973675728,0.014931336045265198,0.0060089342296123505,0,1,0,0,2,0.0,0.9987290501594543,0.19266091563311397,18.97620386996859,20.794617909842188,30.044341468258708,22.92694306561996,24.36272205308007
29,1647,-0.13898839056491852,0.03565023094415665,0.015680277720093727,0.012545960955321789,0,1,0,0,2,0.0,0.9987163543701172,0.19246825471748086,18.97620386996859,20.794617909842188,30.082634235738443,22.92694306561996,24.36272205308007
29,1648,-0.13882392644882202,0.035828012973070145,0.016379468142986298,0.01902487315237522,0,1,0,0,2,0.0,0.9986989498138428,0.1922757864627634,18.97620386996859,20.794617909842188,30.11709685624239,22.92694306561996,24.36272205308007
29,1649,-0.13865266740322113,0.03607044368982315,0.017036041244864464,0.02546651102602482,0,1,0,0,2,0.0,0.9986767172813416,0.1920835106763006,18.97620386996859,20.794617909842188,30.066302304034522,22.92694306561996,24.36272205308007
29,1650,-0.13847504556179047,0.03637728840112686,0.017656570300459862,0.031890757381916046,0,1,0,1,4,5.0,0.9983966946601868,0.19189142716562432,20.39705722743487,19.55865736965594,23.472586121641363,20.634169911736613,28.640942854944313
29,1651,-0.1361565887928009,0.040041230618953705,0.39349016547203064,0.61710125207901,0,1,1,10,2,0.0,0.9978818297386169,0.1916995357384587,23.348070785095622,21.025487358928203,28.068203323160652,19.598817776328936,9.994643128368587
29,1652,-0.13237376511096954,0.04602372646331787,0.36606931686401367,0.581024706363678,0,1,1,9,4,5.0,0.9969789981842041,0.19150783620272022,29.875463563990934,13.737169486530576,13.624988807916012,10.594016657069346,6.4814331740456215
29,1653,-0.12671741843223572,0.05496353283524513,0.7160453796386719,1.1276917457580566,0,1,1,18,1,-2.5,0.9958755373954773,0.1913163283665175,3.100330746681252,15.267686299534212,2.961483800292368,1.1567522834478219,1.9612644707855313
29,1654,-0.1209079697728157,0.06422188133001328,0.47770342230796814,0.7690144181251526,0,1,1,12,1,-2.5,0.9950903058052063,0.19112501203815097,13.978586420878347,22.233973576021427,15.10049022494783,10.29084590073372,4.11541098115481
29,1655,-0.11737515777349472,0.07006925344467163,0.2579113841056824,0.44040945172309875,0,1,1,7,3,2.5,0.9942138195037842,0.1909338870261128,18.32915374510386,5.327796411142341,3.4216961591132886,6.855462550400924,3.8173594692855257
29,1656,-0.11381290853023529,0.07606687396764755,0.4294794201850891,0.7152543663978577,0,1,1,11,4,5.0,0.9925442337989807,0.19074295313908668,28.370451013584265,17.67634775442722,22.41365888840678,16.05228535505232,9.071728696548318
29,1657,-0.10754232853651047,0.08634676784276962,0.7754437327384949,1.2592864036560059,0,1,2,20,1,-2.5,0.9906017780303955,0.1905522101859476,2.712755734761299,6.7668568849526824,0.4209841786654166,0.5331480319745998,0.7889829671306563
29,1658,-0.10114995390176773,0.09694448858499527,0.5346910357475281,0.9025285840034485,0,2,1,14,0,-5.0,0.9894888401031494,0.19036165797576166,26.3851129656309,9.810111163939387,6.941037103924721,6.969914634260302,3.1686182649456205
29,1659,-0.09811824560165405,0.10252413898706436,0.12612073123455048,0.2898520529270172,0,2,0,5,2,0.0,0.9888656735420227,0.1901712963177859,20.243693550553424,24.60051136553195,29.123085291148335,18.757526911532015,13.957210660791876
29,1660,-0.09686991572380066,0.1055193617939949,0.12202885746955872,0.2991374731063843,0,2,0,5,2,0.0,0.9882027506828308,0.1899811250214681,20.243693550553424,24.60051136553195,29.196485092440632,18.757526911532015,13.957210660791876
29,1661,-0.09565961360931396,0.10861527919769287,0.11839506775140762,0.3095812499523163,0,2,0,5,2,0.0,0.9874955415725708,0.18979114389644663,20.64848035155872,24.60051136553195,29.226997803081932,18.757526911532015,13.957210660791876
29,1662,-0.0944828987121582,0.11182333528995514,0.11518944799900055,0.32115235924720764,0,2,0,5,2,0.0,0.9867393970489502,0.1896013527525502,20.64848035155872,24.60051136553195,29.269021112632757,18.757526911532015,13.957210660791876
29,1663,-0.09333565831184387,0.11515471339225769,0.11238490045070648,0.3338260054588318,0,2,0,5,2,0.0,0.9859291911125183,0.18941175139979763,20.64848035155872,24.60051136553195,29.245163106517246,18.757526911532015,13.957210660791876
29,1664,-0.09221401065587997,0.1186203733086586,0.10995674878358841,0.34758251905441284,0,2,0,6,1,-2.5,0.9854539632797241,0.18922233964839782,22.42546639367044,28.996003231493432,23.87141070205666,19.958497323461756,18.101005624176995
29,1665,-0.09217417240142822,0.12060680240392685,-0.07842721790075302,0.07688570767641068,0,2,0,1,4,5.0,0.9844040870666504,0.18903311730874942,22.71272610368152,23.696896240709624,31.968479500716104,25.2002676527243,25.44875069988467
29,1666,-0.09075817465782166,0.12488356977701187,0.30618995428085327,0.6844098567962646,0,2,1,11,2,0.0,0.9826433658599854,0.18884408419144066,28.533232743955665,9.844246625059153,9.74422895538735,9.037238522541998,2.6531099592371006
29,1667,-0.08777789026498795,0.13174474239349365,0.2896991968154907,0.6781854629516602,0,2,1,11,0,-5.0,0.981685996055603,0.1886552401072492,28.679220372991075,9.844246625059153,9.74422895538735,9.037238522541998,2.6531099592371006
29,1668,-0.08706854283809662,0.13532933592796326,-0.09710504859685898,0.10648694634437561,0,2,0,2,2,0.0,0.9813152551651001,0.18846658486714196,25.001128565254504,24.59079624803774,31.458189075533223,24.192849887296735,25.27726518852646
29,1669,-0.0879451334476471,0.13669197261333466,-0.08290832489728928,0.1486538052558899,0,2,0,2,2,0.0,0.980826199054718,0.1882781182822748,25.001128565254504,24.59079624803774,31.33564497777124,24.192849887296735,25.27726518852646
29,1670,-0.08868527412414551,0.1384693831205368,-0.06970378756523132,0.189513698220253,0,2,0,3,2,0.0,0.9802176356315613,0.18808984016399252,24.997538645226246,27.183969597734425,30.160227042558045,24.375264397177936,22.691111363934468
29,1671,-0.08929833769798279,0.14064981043338776,-0.05739897862076759,0.2292693704366684,0,2,0,4,0,-5.0,0.9804017543792725,0.18790175032382853,25.494432589446184,29.745115488329567,25.864270100650124,23.597733883149075,20.94709711293467
29,1672,-0.09190618991851807,0.13999375700950623,-0.41743582487106323,-0.2996557354927063,0,2,-1,-5,4,5.0,0.9801923632621765,0.1877138485735047,6.792287237551681,13.342716169684952,16.958614360359235,17.819438417300777,28.77158718376326
29,1673,-0.0937354788184166,0.14073961973190308,-0.007654309272766113,0.3477221429347992,0,2,0,6,1,-2.5,0.9795936346054077,0.1875261347249312,22.42546639367044,29.28817452537585,24.30955202119152,19.958497323461756,18.101005624176995
29,1674,-0.09481028467416763,0.14285096526145935,-0.18561367690563202,0.09711246192455292,0,2,0,2,2,0.0,0.9792093634605408,0.1873386085902063,25.185768535143122,24.67489627058334,31.45806007224295,24.608877003375515,24.667892444154077
29,1675,-0.09653177112340927,0.14418955147266388,-0.16448165476322174,0.1509772092103958,0,2,0,2,2,0.0,0.9786678552627563,0.18715126998161608,25.185768535143122,24.88045739179632,31.418390445564828,24.608877003375515,24.667892444154077
29,1676,-0.09805041551589966,0.14605532586574554,-0.1448599100112915,0.20274177193641663,0,2,0,3,2,0.0,0.9779688119888306,0.18696411871163446,25.12941009438441,27.183969597734425,30.2662252567032,24.375264397177936,22.691111363934468
29,1677,-0.09938052296638489,0.14842912554740906,-0.12661363184452057,0.2526891231536865,0,2,0,4,1,-2.5,0.9775948524475098,0.18677715459292282,25.581139634057195,29.86799846611023,25.864270100650124,23.876996369288406,21.00373692383056
29,1678,-0.10159043967723846,0.14968353509902954,-0.2951435446739197,0.01789899915456772,0,2,-1,0,2,0.0,0.97740638256073,0.1865903774383299,18.86413679007213,23.747489021211035,26.821327581743116,23.828407074793816,20.838136160235127
29,1679,-0.10435852408409119,0.15031175315380096,-0.26556602120399475,0.08562631905078888,0,2,-1,1,3,2.5,0.9765269160270691,0.18640378706089158,20.546390659840014,18.602807564092544,21.532051713316896,26.737562813795805,20.073662128749977
29,1680,-0.10578806698322296,0.15320917963981628,-0.052686624228954315,0.4331675171852112,0,2,0,7,1,-2.5,0.9755919575691223,0.1862173832738307,20.931789070156427,27.345960718566495,22.599376765497198,19.220192295084235,13.10518637771051
29,1681,-0.10728771239519119,0.15623079240322113,-0.22635900974273682,0.191497340798378,0,2,0,3,2,0.0,0.9748583436012268,0.18603116589055688,25.12941009438441,27.398842132375123,29.171214079320976,24.375264397177936,22.691111363934468
29,1682,-0.10939477384090424,0.15856125950813293,-0.20159722864627838,0.25285521149635315,0,3,0,4,2,0.0,0.9739199876785278,0.18584513472466632,7.11947088601695,8.984497645453729,16.579433622418776,9.992422998535334,7.804746030896158
29,1683,-0.1112639307975769,0.16149306297302246,-0.17857640981674194,0.31190812587738037,0,3,0,5,2,0.0,0.9727732539176941,0.18565928958994166,9.436170244609912,11.874730454740696,16.001643863817115,10.765223302761768,9.948137250925168
29,1684,-0.11291168630123138,0.16500522196292877,-0.15714316070079803,0.36897754669189453,0,3,0,6,2,0.0,0.9714120030403137,0.18547363030035172,13.517010991498728,12.629845891336066,14.99898008338712,10.894049400028265,11.251250432872313
29,1685,-0.11435306817293167,0.16907981038093567,-0.13715657591819763,0.42436322569847107,0,3,0,7,2,0.0,0.9698277115821838,0.18528815667005136,13.518263129260035,13.328956066606978,14.92650049444627,11.055046294162121,9.793159566612275
29,1686,-0.11560176312923431,0.17370182275772095,-0.11848722398281097,0.4783446490764618,0,3,0,8,3,2.5,0.9674357175827026,0.1851028685133813,12.768226030127948,12.479233762740282,14.876445670435356,11.001906845717205,9.608062283939336
29,1687,-0.1156197339296341,0.18045566976070404,0.08364027738571167,0.8118340373039246,0,3,0,13,1,-2.5,0.9649432897567749,0.18491776564486792,7.337145040108206,12.823368679747787,6.634220195369819,5.41161343586486,5.5995999120312145
29,1688,-0.1158003956079483,0.18723447620868683,-0.0981389507651329,0.5632794499397278,0,3,0,9,2,0.0,0.9626548290252686,0.18473284787922306,11.966583593349824,12.05518150466881,14.695578433219442,10.260934231964704,8.407629485589148
29,1689,-0.11666969954967499,0.19324909150600433,-0.08162204176187515,0.6166399717330933,0,3,0,10,1,-2.5,0.9607123136520386,0.18454811503134383,10.046307470693185,14.334890500268394,10.451150166970175,8.007467168634044,8.252917379703685
29,1690,-0.11842550337314606,0.19821108877658844,-0.2500573694705963,0.39079806208610535,0,3,-1,6,3,2.5,0.9583033919334412,0.18436356691631248,9.132375909720128,8.270713176835304,9.75581136033246,11.862378825353169,7.765508035975115
29,1691,-0.11970050632953644,0.20419731736183167,-0.038011275231838226,0.7415066361427307,0,3,0,12,1,-2.5,0.9557301998138428,0.18417920334939616,8.911012907493467,12.844500972938835,8.070838868654397,7.530020212675952,5.713812678526125
29,1692,-0.12103316187858582,0.21040388941764832,-0.20884530246257782,0.5142763257026672,0,3,0,8,1,-2.5,0.9540063142776489,0.18399502414604677,12.768226030127948,12.624630045998536,15.240720477884416,11.001906845717205,9.608062283939336
29,1693,-0.12399812042713165,0.21446140110492706,-0.3664938509464264,0.3081199526786804,0,3,-1,5,4,5.0,0.9510355591773987,0.18381102912190073,4.784178779426147,5.873385723212213,6.061996939504775,6.65079221461061,9.689758731052546
29,1694,-0.12534545361995697,0.22127918899059296,0.037272293120622635,0.9491738677024841,0,4,0,15,2,0.0,0.9465850591659546,0.18362721809277882,2.938054245737664,3.8064815486222665,7.852949066937159,3.783705386112959,2.0756800106715967
29,1695,-0.12490912526845932,0.23111671209335327,0.04490942507982254,0.9941232800483704,0,4,0,16,1,-2.5,0.9424692988395691,0.18344359087468604,3.191888915793696,8.183547853936897,5.288769782905221,3.5704972580538556,2.731040852952297
29,1696,-0.12543432414531708,0.23985551297664642,-0.13001152873039246,0.7663751840591431,0,4,0,12,2,0.0,0.9384958148002625,0.18326014728381135,5.907696376474037,6.557723811174977,9.510832670685488,6.829263337072482,5.171367891211414
29,1697,-0.12659385800361633,0.2480003982782364,-0.10919341444969177,0.8337228894233704,0,4,0,13,1,-2.5,0.9348363876342773,0.18307688713652753,7.053273034494576,9.104850931991095,6.9446891670071675,5.772042238913632,4.267329868163753
29,1698,-0.12858521938323975,0.2552717328071594,-0.2712811529636383,0.628679096698761,0,4,-1,10,0,-5.0,0.9328821897506714,0.182893810249391,8.279413490839731,3.7366155544586617,4.438644536553014,4.385347160333463,3.5693851173758406
29,1699,-0.13315626978874207,0.25907108187675476,-0.6021559834480286,0.17307010293006897,0,4,-1,3,4,5.0,0.9299437999725342,0.1827109164391416,2.551324290555424,2.772175206960882,4.630317690910373,3.0305327919395246,8.50169260978081
29,1700,-0.1367722749710083,0.264681339263916,-0.18354743719100952,0.836290717124939,0,4,0,13,1,-2.5,0.9259823560714722,0.18252820552270246,7.053273034494576,9.33187322305864,6.9446891670071675,5.772042238913632,4.267329868163753
29,1701,-0.1394672989845276,0.27206188440322876,-0.3388564884662628,0.6448497772216797,0,4,-1,10,0,-5.0,0.923760175704956,0.18234567731717977,8.259104084152817,3.7366155544586617,4.438644536553014,4.385347160333463,3.834676351631668
29,1702,-0.14467261731624603,0.27611565589904785,-0.6626711487770081,0.20444296300411224,0,4,-1,3,4,5.0,0.9204365611076355,0.1821633316398626,2.551324290555424,2.772175206960882,4.630317690910373,3.0305327919395246,8.390213741705324
29,1703,-0.14887453615665436,0.28206998109817505,-0.2409009039402008,0.8719160556793213,0,5,0,14,4,5.0,0.9133109450340271,0.18198116830822272,2.091509550206447,1.580720902314907,2.6855646188467217,2.447870111116549,4.584432625280783
29,1704,-0.14904023706912994,0.29443007707595825,0.14903563261032104,1.4918851852416992,0,5,0,24,0,-5.0,0.9059264659881592,0.1817991871399145,4.50619891243565,1.4407229699445616,2.1985247398481373,1.8394095330352624,1.7108900603003978
29,1705,-0.14955873787403107,0.30671411752700806,-0.20811986923217773,1.0091607570648193,0,5,0,16,4,5.0,0.8973358869552612,0.18161738795277457,1.8015798798163782,3.28364972703313,2.793256078004148,2.2201439257769917,5.046183461602128
29,1706,-0.14942118525505066,0.32041236758232117,0.17729201912879944,1.621674656867981,0,5,0,26,4,5.0,0.884414792060852,0.1814357705648218,4.230827686720872,1.7040519349816372,1.0148248392368293,0.7816587307273238,0.9186362553578804
29,1707,-0.14560532569885254,0.33997824788093567,0.5321508646011353,2.1887879371643066,0,5,1,35,4,5.0,0.8667982816696167,0.18125433479425698,0.2039279787456736,1.488576534010798,0.13856651082122778,0.2064457516691841,0.15787500478535074
29,1708,-0.13841132819652557,0.3649679720401764,0.8576191067695618,2.712372064590454,0,6,2,43,2,0.0,0.8462629318237305,0.18107308045946272,0.3919746182852072,0.0002809051522468589,0.06878232331717594,-0.20757294178009034,-0.07146674841642381
30,1709,-0.1301170289516449,0.39209315180778503,0.8054186105728149,2.6919338703155518,0,6,2,43,4,5.0,-2.1779916286468506,0.18089200737900324,0.3919746182852072,0.0002809051522468589,0.06878232331717594,-0.20757294178009034,-0.18036632984876633
30,1710,-0.15411023795604706,0.09758555889129639,0.15884336829185486,-0.12395606189966202,0,2,0,-2,3,2.5,0.9903872013092041,0.18071111537162424,14.054153557171842,9.041500749029467,17.013420207632635,26.13217255424324,12.468156823809032
30,1711,-0.1514878273010254,0.09804486483335495,0.338843435049057,0.16727420687675476,0,2,1,3,4,5.0,0.98940509557724,0.1805304042562526,1.961277880733512,1.1564056047101743,1.0252301099111762,15.57561445076999,2.2485150250275936
30,1712,-0.146079421043396,0.10293152928352356,0.6921515464782715,0.7247954607009888,0,2,1,12,2,0.0,0.9879205226898193,0.18034987385199636,28.67047340335077,8.92834228439149,10.275756260937914,8.221476974862805,2.7055355450701772
30,1713,-0.13941210508346558,0.10990656912326813,0.6457049250602722,0.6692314743995667,0,2,1,11,0,-5.0,0.9872052669525146,0.18016952397814437,29.06013682128841,9.844246625059153,9.74422895538735,9.97028705073478,2.6531099592371006
30,1714,-0.13530834019184113,0.11311396956443787,0.2301529198884964,0.04855901747941971,0,2,0,1,2,0.0,0.9870843887329102,0.17998935445416622,24.186092573762686,23.334209059791537,31.60170451543602,25.400849843387235,25.600777835162702
30,1715,-0.13305950164794922,0.11364695429801941,0.2188570201396942,0.04833980277180672,0,2,0,1,2,0.0,0.9869615435600281,0.17980936509971204,24.186092573762686,23.334209059791537,31.632588848519894,25.400849843387235,25.600777835162702
30,1716,-0.13091865181922913,0.11418603360652924,0.2084314376115799,0.04953642189502716,0,2,0,1,2,0.0,0.9868336319923401,0.17962955573461234,24.186092573762686,23.334209059791537,31.70170318563933,25.400849843387235,25.600777835162702
30,1717,-0.1288774013519287,0.11474479734897614,0.1988115906715393,0.05205091834068298,0,2,0,1,2,0.0,0.9866976141929626,0.17944992617887773,24.186092573762686,23.334209059791537,31.735553968634754,25.400849843387235,25.600777835162702
30,1718,-0.12692806124687195,0.11533594876527786,0.18993835151195526,0.05579578876495361,0,2,0,1,2,0.0,0.9865506291389465,0.17927047625269885,24.186092573762686,23.334209059791537,31.782135692303626,25.400849843387235,25.600777835162702
30,1719,-0.1250634491443634,0.11597133427858353,0.18175764381885529,0.06069321930408478,0,2,0,1,2,0.0,0.9863899946212769,0.17909120577644616,24.186092573762686,23.334209059791537,31.829716903980824,25.400849843387235,25.600777835162702
30,1720,-0.12327691912651062,0.11666211485862732,0.1742200404405594,0.06667425483465195,0,2,0,1,2,0.0,0.9862128496170044,0.17891211457066972,24.186092573762686,23.55910474534119,31.932166739614328,25.400849843387235,25.57874647554695
30,1721,-0.12156230211257935,0.1174188181757927,0.16728036105632782,0.07367821782827377,0,2,0,1,1,-2.5,0.9863983392715454,0.17873320245609906,24.186092573762686,23.54098529316647,32.006454276180406,25.400849843387235,25.57874647554695
30,1722,-0.12097402662038803,0.1166263222694397,-0.02547450177371502,-0.2040291130542755,0,2,0,-3,2,0.0,0.9868197441101074,0.17855446925364296,10.04215554909056,8.725354142333812,12.806752225143223,25.324178597806295,10.661299681300708
30,1723,-0.12117185443639755,0.11480525135993958,-0.017563242465257645,-0.17432838678359985,0,2,0,-3,3,2.5,0.9867981672286987,0.17837591478438933,10.04215554909056,8.725354142333812,12.806752225143223,25.776074584248267,10.661299681300708
30,1724,-0.12023402005434036,0.11489920318126678,0.17611464858055115,0.13995209336280823,0,2,0,2,2,0.0,0.9864546656608582,0.17819753886960493,26.46796821710842,25.187803526548265,31.43626600040207,24.60470876986437,25.49359230678534
30,1725,-0.11850197613239288,0.11638441681861877,0.16894255578517914,0.14635008573532104,0,2,0,2,2,0.0,0.9860899448394775,0.17801934133073533,26.46796821710842,25.187803526548265,31.496789118055375,24.60470876986437,25.49359230678534
30,1726,-0.11683803051710129,0.11794084310531616,0.16238178312778473,0.15391197800636292,0,2,0,2,2,0.0,0.9857006669044495,0.17784132198940458,26.46796821710842,25.187803526548265,31.516976322824817,24.60470876986437,25.49359230678534
30,1727,-0.1152363047003746,0.11957985162734985,0.1563899964094162,0.16258372366428375,0,2,0,3,2,0.0,0.9852833151817322,0.1776634806674152,25.04500765615269,27.806989565356858,30.587070542469846,24.817191510538493,22.854226508263743
30,1728,-0.1136913150548935,0.12131231278181076,0.15092870593070984,0.17231868207454681,0,2,0,3,2,0.0,0.9848344326019287,0.17748581718674777,25.04500765615269,27.806989565356858,30.63634612045901,24.817191510538493,22.854226508263743
30,1729,-0.11219796538352966,0.12314865738153458,0.145962655544281,0.18307699263095856,0,2,0,3,2,0.0,0.9843502640724182,0.17730833136956103,25.04500765615269,27.806989565356858,30.01389907046402,24.817191510538493,22.854226508263743
30,1730,-0.11075146496295929,0.12509898841381073,0.1414598673582077,0.19482505321502686,0,2,0,3,2,0.0,0.9838270545005798,0.17713102303819148,25.04500765615269,27.806989565356858,30.10884389045507,24.817191510538493,22.854226508263743
30,1731,-0.10934734344482422,0.12717305123806,0.13739104568958282,0.2075352817773819,0,2,0,3,2,0.0,0.9832606911659241,0.1769538920151533,25.04500765615269,27.806989565356858,30.15101699076007,24.817191510538493,22.854226508263743
30,1732,-0.10798139870166779,0.12938041985034943,0.13372960686683655,0.22118544578552246,0,2,0,4,4,5.0,0.9817831516265869,0.17677693812313813,26.531867006178658,29.92227883513569,26.265968436551063,24.984802081621517,22.014272456807724
30,1733,-0.1045331284403801,0.13496972620487213,0.5025026798248291,0.8051359057426453,0,2,1,13,1,-2.5,0.9800311326980591,0.17660016118501498,12.284861276785144,25.18864510707158,8.764682769094511,8.215562070154988,3.3447258387702683
30,1734,-0.10072668641805649,0.14131107926368713,0.2860282063484192,0.49469873309135437,0,2,1,8,0,-5.0,0.9795255064964294,0.17642356102382997,26.239055335635435,4.285818691800517,7.760103870392577,6.104808430250516,3.4345569786178736
30,1735,-0.10004530102014542,0.14308913052082062,-0.09945432841777802,-0.07284274697303772,0,2,0,-1,2,0.0,0.9796444773674011,0.17624713746280615,17.28738615163848,16.81513967640141,33.30657828904201,19.409731631528913,16.762738952148
30,1736,-0.10094153881072998,0.14267277717590332,-0.08471956104040146,-0.02875501662492752,0,2,0,0,2,0.0,0.9796404242515564,0.17607089032534334,20.737455210078963,23.602826490268725,33.066222477984766,24.833828174657384,24.453058062871932
30,1737,-0.10169678181409836,0.14268715679645538,-0.07109428197145462,0.013586672022938728,0,2,0,0,2,0.0,0.9795177578926086,0.175894819435018,20.737455210078963,23.602826490268725,33.06527896829559,24.356364365312977,24.453058062871932
30,1738,-0.10232151299715042,0.14311622083187103,-0.05847741663455963,0.05439956486225128,0,2,0,1,2,0.0,0.9792795777320862,0.17571892461558297,24.359727264823107,23.54098529316647,32.29394430567825,25.564282193218016,25.63621673796642
30,1739,-0.10282525420188904,0.14394603669643402,-0.04677576571702957,0.0938868597149849,0,2,0,2,2,0.0,0.9789272546768188,0.1755432056909674,26.701333070268902,25.490833821199523,31.174937024194385,25.041668815328613,25.824587086983
30,1740,-0.10321661829948425,0.14516454935073853,-0.03590346872806549,0.1322387307882309,0,2,0,2,2,0.0,0.9784610271453857,0.17536766248527644,26.701333070268902,25.490833821199523,31.22306597035628,25.041668815328613,25.824587086983
30,1741,-0.10350342839956284,0.14676164090633392,-0.025781473144888878,0.16963329911231995,0,2,0,3,2,0.0,0.9778797030448914,0.17519229482279117,25.27843215095576,27.806989565356858,30.7433156949933,24.96960747907397,23.43185642354165
30,1742,-0.10369273275136948,0.14872878789901733,-0.01633702963590622,0.20623764395713806,0,2,0,3,2,0.0,0.9771811366081238,0.17501710252796837,25.27843215095576,27.806989565356858,30.811035124904613,24.96960747907397,23.43185642354165
30,1743,-0.10379090160131454,0.15105915069580078,-0.007503192871809006,0.24220888316631317,0,2,0,4,4,5.0,0.975361704826355,0.1748420854254404,26.725911055416844,30.888737702368992,26.489520455510302,24.984802081621517,21.448633337934897
30,1744,-0.10169412195682526,0.156965970993042,0.3716059923171997,0.843440592288971,0,3,1,13,1,-2.5,0.9731618165969849,0.17466724334001496,3.2413906288281,10.85151944305849,3.503848613306617,2.3829857864432453,2.6186303654949805
30,1745,-0.09912944585084915,0.16382361948490143,0.16660165786743164,0.5548755526542664,0,3,0,9,4,5.0,0.9701570272445679,0.17449257609667496,12.089268863253107,12.286824524779071,15.031063062207718,10.51842148080366,8.481657728756947
30,1746,-0.09536623954772949,0.17275108397006989,0.5324188470840454,1.136602759361267,0,3,1,18,0,-5.0,0.9672847986221313,0.1743180835205783,12.487709301711769,4.162042540772051,3.582054390117102,3.1294304114708664,2.30242784007542
30,1747,-0.09230493009090424,0.18087339401245117,0.1319386065006256,0.5542218089103699,0,3,0,9,2,0.0,0.9651652574539185,0.1741437654370577,12.250053397677439,12.286824524779071,14.868810231753987,10.51842148080366,8.481657728756947
30,1748,-0.09097211062908173,0.18664076924324036,0.13121069967746735,0.5804877281188965,0,3,0,9,4,5.0,0.9616396427154541,0.17396962167162064,12.250053397677439,12.286824524779071,14.89941804010251,10.51842148080366,8.702000111239187
30,1749,-0.0875488743185997,0.19585806131362915,0.4991280734539032,1.1665297746658325,0,3,1,19,0,-5.0,0.9582335948944092,0.173795652049949,12.212523233000635,4.573799337237096,3.849572495509962,3.522862718384201,2.1282356995012948
30,1750,-0.08478875458240509,0.20436835289001465,0.10389527678489685,0.5981957316398621,0,3,0,10,1,-2.5,0.9562965035438538,0.17362185639789907,10.621487246352142,14.394375223960036,10.759838482098267,8.157646733219513,8.547138556676115
30,1751,-0.0847606360912323,0.20905378460884094,-0.07724539190530777,0.3553742468357086,0,3,0,6,2,0.0,0.9546259045600891,0.17344823454150116,13.913297486656734,12.867063123200492,16.397108427806906,10.986394773291474,11.353469834054309
30,1752,-0.08542148023843765,0.2130119949579239,-0.061198554933071136,0.41110774874687195,0,3,0,7,2,0.0,0.9526835680007935,0.17327478630695967,13.395747386380979,13.336529935248961,15.722434881049871,11.53856292207281,10.020631157036071
30,1753,-0.08592745661735535,0.21752338111400604,-0.04618627950549126,0.46585842967033386,0,3,0,7,2,0.0,0.9504583477973938,0.1731015115206527,13.395747386380979,13.336529935248961,14.761809136447411,11.53856292207281,10.020631157036071
30,1754,-0.08628834038972855,0.22257956862449646,-0.03211340308189392,0.5198505520820618,0,4,0,8,4,5.0,0.9464986324310303,0.17292841000913206,2.795121553438125,3.753495665953332,4.932454560455238,3.9547079167920303,8.082866293401533
30,1755,-0.08443372696638107,0.23130379617214203,0.3466237783432007,1.1233186721801758,0,4,1,18,1,-2.5,0.9418491125106812,0.17275548159912293,4.244027809687837,7.531820432275351,3.1520344386959307,2.647578778102716,1.329869095381194
30,1756,-0.08206836879253387,0.24114486575126648,0.14953482151031494,0.8623736500740051,0,4,0,14,1,-2.5,0.9382346868515015,0.17258272611752382,5.302913380944843,8.818637546801625,4.9434498772601,4.335976855654655,3.9346820664628
30,1757,-0.08158359676599503,0.24852623045444489,-0.031986355781555176,0.626801073551178,0,4,0,10,2,0.0,0.9348579049110413,0.17241014339140628,4.578132310827324,5.056531274538829,10.566135280632647,6.389638530513369,5.8392552351200395
30,1758,-0.08179959654808044,0.2552294433116913,-0.017803259193897247,0.6854028105735779,0,4,0,11,2,0.0,0.9310835599899292,0.1722377332480149,5.978015323689107,6.21738472081422,10.25676585979473,6.237312015293812,6.313070574586597
30,1759,-0.08187806606292725,0.26251935958862305,-0.00444768276065588,0.7437275648117065,0,4,0,12,2,0.0,0.926886796951294,0.17206549551476688,5.993867782632065,6.493237829254429,9.923835496128227,6.993435277720754,5.351682798514005
30,1760,-0.08182686567306519,0.27039456367492676,0.008153886534273624,0.8019692897796631,0,4,0,13,1,-2.5,0.9230890274047852,0.1718934300192521,7.1615444102161,9.496236021275205,7.2146357401191334,5.911973453925386,4.267329868163753
30,1761,-0.08268014341592789,0.277328222990036,-0.1604839563369751,0.5918976664543152,0,4,0,9,2,0.0,0.9194551706314087,0.17172153658923286,5.175805039089276,5.803059120000233,10.869715239073901,5.04674221877216,4.851072551956358
30,1762,-0.08411958068609238,0.2838040590286255,-0.1358865201473236,0.6699898838996887,0,5,0,11,1,-2.5,0.9161674976348877,0.17154981505264363,0.9865261735664995,1.35674424204591,5.885806102883635,1.287282562120685,1.1919181379086567
30,1763,-0.08634533733129501,0.28953832387924194,-0.29283708333969116,0.48008865118026733,0,5,-1,8,3,2.5,0.9120845198631287,0.17137826523759098,0.747426488915863,0.8078027738946483,1.3249816951961644,3.7343149038533756,0.5727106716624598
30,1764,-0.08802841603755951,0.2965053915977478,-0.07857269048690796,0.8402351140975952,0,5,0,13,3,2.5,0.9057863354682922,0.1712068869723534,2.2639843618153015,2.458758238419726,3.3556228465485427,5.481318243831905,1.8956828034841404
30,1765,-0.0876605436205864,0.3069424033164978,0.11962442100048065,1.177018642425537,0,5,0,19,3,2.5,0.897199273109436,0.17103568008538103,3.095881050838897,3.080621784959406,3.4752828818418715,5.019207449063915,2.241631779113677
30,1766,-0.08539737015962601,0.3206254839897156,0.3026803731918335,1.492098093032837,0,5,1,24,1,-2.5,0.8881849646568298,0.17086464440529564,2.487716397754136,4.402398286311617,3.184959975932909,2.722217070503646,1.8972563807157588
30,1767,-0.08340755105018616,0.33438751101493835,0.11607653647661209,1.2671347856521606,0,5,0,20,4,5.0,0.8771847486495972,0.17069377976089034,2.235999773248149,4.499799939894423,2.1359868424907775,2.740209414335652,1.7519676138083016
30,1768,-0.08017564564943314,0.3504500687122345,0.4754321277141571,1.8403836488723755,0,6,1,29,0,-5.0,0.8658944368362427,0.17052308598112945,1.6387190099071542,0.5982653067867871,0.4138252601146118,0.09593682383481084,0.437557567501764
30,1769,-0.07752082496881485,0.3662042021751404,0.10225698351860046,1.352628231048584,0,6,0,22,1,-2.5,0.8565086126327515,0.17035256289514833,1.52758614301493,1.945466043192133,1.4506422981682123,1.1342318292643423,1.0173006105792353
30,1770,-0.07742559909820557,0.378802627325058,-0.06569437682628632,1.1654027700424194,0,6,0,19,0,-5.0,0.849271297454834,0.17018221033225317,3.0607839407947415,1.709525963416385,1.943278350090007,2.0880800206790875,1.1730586193467634
30,1771,-0.07992417365312576,0.38823801279067993,-0.3947385847568512,0.7502715587615967,0,6,-1,12,3,2.5,0.8416075706481934,0.17001202812192093,1.0331977712763285,1.5343374952502575,1.203685982291813,2.834537924333534,1.2984628644363316
30,1772,-0.0826009064912796,0.3979854881763458,-0.1769564002752304,1.1186012029647827,0,6,0,18,1,-2.5,0.8331418037414551,0.169842016093799,1.6780103485243472,2.4334069198626924,1.8051278070888541,1.1760743622141612,1.5427169787540231
30,1773,-0.08516490459442139,0.40848273038864136,-0.3220926821231842,0.9712530374526978,0,7,-1,16,1,-2.5,0.8255979418754578,0.1696721740777052,-1.042602150274491,-0.9420027945111613,-1.0676316616680879,-1.0677491069135852,-1.0669445290016808
31,1774,-0.08911494165658951,0.41761481761932373,-0.4559861123561859,0.8421409130096436,0,7,-1,13,2,0.0,-2.1822710037231445,0.1695025019036275,-0.5070857505716038,-0.5304710955805201,-0.5782639333495344,-0.4850231139126733,-0.8217935356199741
31,1775,-0.1716139316558838,0.10277867317199707,0.14120933413505554,-0.11866308748722076,0,2,0,-2,3,2.5,0.9893271327018738,0.1693329994017239,14.54327486241441,10.289196813304718,17.013420207632635,25.659438384852795,13.016215661857117
31,1776,-0.1691589057445526,0.10330969095230103,0.3226923644542694,0.17548313736915588,0,2,1,3,3,2.5,0.9886226654052734,0.16916366640232217,1.961277880733512,1.1564056047101743,1.0252301099111762,17.590122953488518,2.2485150250275936
31,1777,-0.16496609151363373,0.10666462033987045,0.49063003063201904,0.44894975423812866,0,2,1,7,0,-5.0,0.9883872866630554,0.16899450273591984,23.2933064650893,7.089049027399263,2.1688688473360473,7.564625739869687,3.55412197999849
31,1778,-0.16234895586967468,0.10776236653327942,0.08635202050209045,-0.15522617101669312,0,2,0,-2,4,5.0,0.9879881143569946,0.16882550823318393,14.54327486241441,10.289196813304718,17.013420207632635,25.92848556020497,13.539294560354055
31,1779,-0.159356489777565,0.10959897190332413,0.45865726470947266,0.4323291778564453,0,2,1,7,0,-5.0,0.9877767562866211,0.16865668272495074,23.315216337648806,8.168102581707007,2.1688688473360473,7.564625739869687,3.55412197999849
31,1780,-0.15704357624053955,0.11055872589349747,0.05705258250236511,-0.1671113520860672,0,2,0,-3,3,2.5,0.9877520203590393,0.1684880260422258,10.04215554909056,8.725354142333812,12.806752225143223,26.951660085218375,11.296058922083335
31,1781,-0.1553923338651657,0.11067065596580505,0.24504683911800385,0.137954980134964,0,2,0,2,2,0.0,0.9874372482299805,0.16831953801618357,27.346668050642684,25.88733164625119,32.43674812827698,25.85048381754983,26.85661329789272
31,1782,-0.15300188958644867,0.11208369582891464,0.2325131744146347,0.13548637926578522,0,2,0,2,2,0.0,0.9871217012405396,0.16815121847816739,27.346668050642684,25.88733164625119,32.50772293281725,25.85048381754983,26.85661329789272
31,1783,-0.1507308930158615,0.11348265409469604,0.22098857164382935,0.13478049635887146,0,2,0,2,1,-2.5,0.9871726632118225,0.16798306725968923,27.346668050642684,25.845499779861086,32.626535807091244,25.85048381754983,26.94055044957073
31,1784,-0.1496303826570511,0.11325794458389282,0.023940622806549072,-0.15021789073944092,0,2,0,-2,2,0.0,0.9874700307846069,0.16781508419242955,14.54327486241441,10.289196813304718,17.35331058946548,26.150894144354144,13.539294560354055
31,1785,-0.14935624599456787,0.1119372546672821,0.028009310364723206,-0.12689968943595886,0,2,0,-2,3,2.5,0.9873500466346741,0.16764726910823713,14.54327486241441,10.289196813304718,17.35331058946548,26.550677862933178,13.539294560354055
31,1786,-0.14798271656036377,0.11247211694717407,0.21821269392967224,0.1817244440317154,0,2,0,3,2,0.0,0.9869256019592285,0.1674796218391289,25.863916507313945,28.571696307591623,30.96694474151539,25.224307478312074,24.075898200758633
31,1787,-0.14584855735301971,0.11434343457221985,0.2077733278274536,0.18275341391563416,0,2,0,3,2,0.0,0.9864894151687622,0.16731214221728977,25.994016241848186,28.86538283414872,30.956384818264386,25.224307478312074,24.075898200758633
31,1788,-0.1438136249780655,0.11623510718345642,0.19820985198020935,0.18541067838668823,0,2,0,3,2,0.0,0.98603755235672,0.16714483007507247,25.994016241848186,28.86538283414872,31.013003089055008,25.224307478312074,24.075898200758633
31,1789,-0.14186950027942657,0.1181628629565239,0.1894574910402298,0.18959975242614746,0,2,0,3,2,0.0,0.9855660200119019,0.1669776852449974,25.994016241848186,28.86538283414872,31.15568975984784,25.224307478312074,24.075898200758633
31,1790,-0.14000843465328217,0.12014154344797134,0.18145708739757538,0.1952352672815323,0,2,0,3,2,0.0,0.9850707650184631,0.1668107075597524,25.994016241848186,28.86538283414872,31.242600462836354,25.224307478312074,24.399999089216237
31,1791,-0.13822321593761444,0.12218520045280457,0.1741546243429184,0.20224200189113617,0,2,0,3,2,0.0,0.9845477342605591,0.16664389685219266,25.994016241848186,28.86538283414872,31.318370039976166,25.39358841825061,24.399999089216237
31,1792,-0.13650712370872498,0.12430720031261444,0.16750085353851318,0.2105541229248047,0,2,0,3,2,0.0,0.9839925765991211,0.16647725295534047,26.124187957251074,29.128030374515948,30.741772482558815,25.39358841825061,24.399999089216237
31,1793,-0.13485395908355713,0.1265203058719635,0.16145087778568268,0.22011448442935944,0,2,0,4,1,-2.5,0.9838162064552307,0.16631077570238512,26.83683782049328,31.524396338705756,26.62202039795047,25.724459314717137,21.209624174627905
31,1794,-0.13431669771671295,0.12721557915210724,-0.03016798198223114,-0.0541076585650444,0,2,0,-1,2,0.0,0.9838925004005432,0.16614446492668272,17.30183125946499,17.323797516525108,33.81388819897613,20.011409027316198,17.869645361754632
31,1795,-0.13455529510974884,0.1269151270389557,-0.02135489322245121,-0.021415047347545624,0,2,0,0,3,2.5,0.9834732413291931,0.16597832046175603,21.010463108205965,24.120674857875397,33.23252652504473,26.045152700074116,24.724952294695104
31,1796,-0.1336507797241211,0.128556489944458,0.17292074859142303,0.2951872646808624,0,2,0,5,2,0.0,0.9826762676239014,0.16581234214129428,22.092524433109823,26.267918774346718,30.23193726665938,19.895576789869622,15.764306626772266
31,1797,-0.13194416463375092,0.1316196173429489,0.16667281091213226,0.30510830879211426,0,2,0,5,2,0.0,0.9818313717842102,0.16564652979915298,22.092524433109823,26.267918774346718,30.300517145529252,19.895576789869622,15.764306626772266
31,1798,-0.13029621541500092,0.13479125499725342,0.1610438972711563,0.3164425492286682,0,2,0,5,2,0.0,0.9809324145317078,0.16548088326935384,22.092524433109823,26.267918774346718,29.723720435695284,19.895576789869622,15.764306626772266
31,1799,-0.12870095670223236,0.13808532059192657,0.15599219501018524,0.32914191484451294,0,2,0,5,2,0.0,0.9799734354019165,0.1653154023860845,22.092524433109823,26.267918774346718,29.72008568666179,19.895576789869622,15.764306626772266
31,1800,-0.12715286016464233,0.14151524007320404,0.15147961676120758,0.3431660532951355,0,2,0,5,2,0.0,0.9789476990699768,0.1651500869836984,22.092524433109823,26.267918774346718,29.85464947769705,19.895576789869622,15.764306626772266
31,1801,-0.1256466954946518,0.14509418606758118,0.14747147262096405,0.3584819436073303,0,2,0,6,1,-2.5,0.9783255457878113,0.1649849368967147,24.685029335493724,29.943300942240054,25.335933699205977,21.852289001125975,19.568189351556626
31,1802,-0.1252334713935852,0.14722248911857605,-0.04167263209819794,0.09161896258592606,0,2,0,1,2,0.0,0.9779713153839111,0.164819951959818,24.05017179558208,24.165587065874117,32.766797946009994,26.2325409474406,26.444896933497553
31,1803,-0.1255747377872467,0.1484205424785614,-0.03102126717567444,0.13011592626571655,0,2,0,2,1,-2.5,0.9779810905456543,0.16465513200785817,27.68723125745415,26.381050754596224,31.276008370923044,25.85048381754983,26.84304257081086
31,1804,-0.12686902284622192,0.148387610912323,-0.20664861798286438,-0.11555077135562897,0,2,0,-2,3,2.5,0.9777294993400574,0.1644904768758503,14.54327486241441,10.289196813304718,17.764168809954974,28.06612199117754,14.112067497024373
31,1805,-0.12773454189300537,0.1492331475019455,0.0018439702689647675,0.2250767946243286,0,2,0,4,1,-2.5,0.9774608016014099,0.16432598639897444,26.83509008434485,31.00274527729932,27.04069991183586,25.811038457551582,21.77523757085249
31,1806,-0.12871363759040833,0.15013043582439423,-0.17615608870983124,-0.024025116115808487,0,2,0,0,2,0.0,0.9774208664894104,0.16416166041257546,21.010463108205965,24.120674857875397,33.34574720020929,25.6360668013527,24.724952294695104
31,1807,-0.13034191727638245,0.1502634435892105,-0.155389666557312,0.030310185626149178,0,2,0,0,2,0.0,0.9772211909294128,0.16399749875216288,21.010463108205965,24.120674857875397,33.39164499195529,25.6360668013527,24.724952294695104
31,1808,-0.1317712515592575,0.15092669427394867,-0.13615494966506958,0.08233962208032608,0,2,0,1,2,0.0,0.9768659472465515,0.16383350125341073,24.05017179558208,24.165587065874117,32.59190471680083,26.2325409474406,26.51215873180074
31,1809,-0.13301610946655273,0.15209893882274628,-0.11831624060869217,0.1323469877243042,0,2,0,2,2,0.0,0.9763573408126831,0.16366966775215733,27.68723125745415,26.57882030737381,31.831777566414793,26.040490931014645,26.75491177072516
31,1810,-0.13408972322940826,0.15376172959804535,-0.10174839198589325,0.18059749901294708,0,2,0,3,2,0.0,0.9756954908370972,0.16350599808440516,26.322953005933257,29.319727752396236,31.716478862220796,25.84904026094928,24.284474851783912
31,1811,-0.13500408828258514,0.1558990627527237,-0.08633621782064438,0.2273387461900711,0,2,0,4,1,-2.5,0.9753854870796204,0.16334249208632076,26.963056758044353,30.356542628545654,27.199401768101843,26.320364547293856,22.106479810804835
31,1812,-0.13682420551776886,0.15689018368721008,-0.2572777271270752,-0.00972336158156395,0,3,-1,0,3,2.5,0.9747710824012756,0.16317914959423443,10.690588998670977,9.978578119376715,11.312901252721474,14.874383577067263,11.136178563962824
31,1813,-0.13817313313484192,0.15883612632751465,-0.04490167275071144,0.3376927077770233,0,3,0,5,2,0.0,0.9735885858535767,0.1630159704446402,9.436170244609912,12.086900147378977,16.96063047821876,11.735481111530088,10.495729353215093
31,1814,-0.13854147493839264,0.16251589357852936,-0.033498212695121765,0.37910112738609314,0,3,0,6,2,0.0,0.9722416400909424,0.16285295447419557,14.455506151219353,13.372234390635024,15.954616578429446,11.51156099017637,11.46064491248162
31,1815,-0.13879936933517456,0.16660836338996887,-0.02278037928044796,0.42001447081565857,0,3,0,7,2,0.0,0.9707214832305908,0.16269010151972138,13.607881728096611,13.415039267870668,16.178858319254903,11.78730316769827,10.171633434292854
31,1816,-0.13895326852798462,0.1711096465587616,-0.0126804756000638,0.46059685945510864,0,3,0,7,2,0.0,0.9690178036689758,0.16252741141820165,13.607881728096611,13.415039267870668,16.187425843336996,11.78730316769827,10.171633434292854
31,1817,-0.13900896906852722,0.17601749300956726,-0.0031364941969513893,0.501003086566925,0,3,0,8,3,2.5,0.9665379524230957,0.16236488400678345,13.405950078737884,13.059070374602367,15.51736156035139,11.33241858812228,9.445117213395086
31,1818,-0.13792164623737335,0.18292652070522308,0.19048258662223816,0.8217876553535461,0,3,0,13,1,-2.5,0.9639978408813477,0.16220251912277667,7.337145040108206,13.403549375673851,6.755102198740027,5.41161343586486,5.808329643041337
31,1819,-0.1370774209499359,0.1897422969341278,0.0010191835463047028,0.562072217464447,0,3,0,9,3,2.5,0.9610834717750549,0.1620403166036539,12.39701565967895,12.361832925188997,15.27679808477757,11.142628110251156,9.122274092347403
31,1820,-0.13594868779182434,0.19727282226085663,0.19441582262516022,0.8838163018226624,0,3,0,14,0,-5.0,0.9587275385856628,0.16187827628705023,12.578219809985837,7.1802308796335605,5.080961144151129,5.769939113214901,3.990431311115728
31,1821,-0.13610467314720154,0.20315632224082947,-0.17798003554344177,0.35026785731315613,0,3,0,6,2,0.0,0.9571022391319275,0.16171639801076318,13.935972083164916,13.372234390635024,16.17284430447377,11.51156099017637,11.46064491248162
31,1822,-0.13773274421691895,0.20711779594421387,-0.15478765964508057,0.4159562587738037,0,3,0,7,2,0.0,0.955171525478363,0.1615546816127524,13.87193198581718,13.648115619583786,16.24360237817462,11.78730316769827,10.171633434292854
31,1823,-0.13913753628730774,0.2117273509502411,-0.13316453993320465,0.479847252368927,0,3,0,8,2,0.0,0.9529244303703308,0.16139312693113966,13.405950078737884,13.059070374602367,15.59772808660042,11.33241858812228,9.445117213395086
31,1824,-0.14033390581607819,0.21696896851062775,-0.11297329515218735,0.5422422289848328,0,3,0,9,3,2.5,0.9496454000473022,0.16123173380420852,12.39701565967895,12.361832925188997,15.318077437189435,11.09411740007683,9.122274092347403
31,1825,-0.1402944177389145,0.22439827024936676,0.08891643583774567,0.8791629672050476,0,4,0,14,1,-2.5,0.946200966835022,0.16107050207040433,5.302913380944843,9.34234567732761,4.9434498772601,4.569273051861111,3.9346820664628
31,1826,-0.1404004693031311,0.23194614052772522,-0.08965173363685608,0.6444807648658752,0,4,0,10,2,0.0,0.9429571032524109,0.16090943156833393,5.029147847176569,5.749982781466915,10.975034045119365,6.406819019662976,5.8392552351200395
31,1827,-0.14117449522018433,0.23883649706840515,-0.07195030897855759,0.7060186266899109,0,4,0,11,2,0.0,0.9393160939216614,0.1607485221367656,6.240327848062563,6.377261328515415,10.71254626899077,6.4371536549555906,6.537875052089471
31,1828,-0.14177720248699188,0.24634099006652832,-0.05532887578010559,0.7669207453727722,0,4,0,12,2,0.0,0.9352527260780334,0.16058777361462884,6.083170792174924,6.735261275110668,10.354151336808037,7.231832594944703,5.385611688347266
31,1829,-0.14221885800361633,0.25445476174354553,-0.03969372436404228,0.8274161219596863,0,4,0,13,1,-2.5,0.9315471053123474,0.1604271858410142,7.18856077660638,10.375304385803151,7.5010802615365995,5.911973453925386,4.5568538478284415
31,1830,-0.14354026317596436,0.2616349458694458,-0.2062739133834839,0.6170130372047424,0,4,0,10,2,0.0,0.9279791116714478,0.16026675865517317,5.029147847176569,5.749982781466915,10.996102393149599,6.406819019662976,5.8392552351200395
31,1831,-0.14542332291603088,0.26836714148521423,-0.1789470762014389,0.6970478296279907,0,4,0,11,2,0.0,0.923883855342865,0.160106491896518,6.240327848062563,6.377261328515415,10.780526282687273,6.4371536549555906,6.537875052089471
31,1832,-0.14704321324825287,0.27589166164398193,-0.15345218777656555,0.7752821445465088,0,4,0,12,1,-2.5,0.9200976490974426,0.15994638540462147,6.083170792174924,6.64639300349363,10.49672550257402,7.231832594944703,5.385611688347266
31,1833,-0.14944283664226532,0.2826700508594513,-0.3099230229854584,0.5844504833221436,0,5,-1,9,3,2.5,0.9155014157295227,0.15978643901921685,0.5695734931864039,0.7174735117308835,1.0215636136061697,4.796500219845077,1.149497849947098
31,1834,-0.1512904316186905,0.29068639874458313,-0.09442680329084396,0.946068525314331,0,5,0,15,1,-2.5,0.9104984402656555,0.15962665258019765,1.9405301602694545,2.507866784699361,2.9270223397685076,2.2047964381913596,5.485185485084035
31,1835,-0.15311764180660248,0.2991681396961212,-0.25411954522132874,0.7536980509757996,0,5,-1,12,0,-5.0,0.9073756337165833,0.15946702592761744,3.241124745301593,1.1545340971205151,1.4286106586000957,1.7338548166444383,1.221509205978216
31,1836,-0.15748849511146545,0.3043425381183624,-0.5805040001869202,0.3173374533653259,0,5,-1,5,1,-2.5,0.9058327078819275,0.15930755890168982,0.5726779375325948,2.80998524232106,1.0349940143564362,0.7190976566727311,1.213042895238966
31,1837,-0.1639656126499176,0.30686694383621216,-0.7036142945289612,0.18154220283031464,0,5,-1,3,3,2.5,0.9032139778137207,0.15914825134278812,0.5632684539060149,0.26724885575938984,0.5527703119732987,3.998239681697207,1.3591320531694764
31,1838,-0.16958850622177124,0.31110459566116333,-0.46007731556892395,0.5855671167373657,0,5,-1,9,3,2.5,0.8980897068977356,0.15898910309144534,0.5695734931864039,0.9706837478323512,1.0215636136061697,4.874236570657786,1.149497849947098
31,1839,-0.1728784292936325,0.31923386454582214,-0.2345128208398819,0.9633017182350159,0,5,0,15,4,5.0,0.8894548416137695,0.1588301139883539,1.9405301602694545,2.507866784699361,2.9270223397685076,2.2047964381913596,5.483092833517949
31,1840,-0.17299829423427582,0.33248335123062134,0.15187880396842957,1.5767488479614258,0,5,0,25,1,-2.5,0.8794475793838501,0.15867128387436555,1.699052654371343,4.272487581712637,2.3579540743218415,1.4127854478478088,1.1009849173864028
31,1841,-0.17245090007781982,0.3472065031528473,-0.023214513435959816,1.3714022636413574,0,6,0,22,1,-2.5,0.8703856468200684,0.15851261259049118,1.52758614301493,2.362676157263183,1.4865998539957954,1.1342318292643423,0.9902936501670114
31,1842,-0.17357110977172852,0.3600199222564697,-0.18405380845069885,1.1900686025619507,0,6,0,19,0,-5.0,0.8633173704147339,0.1583540999779007,2.9525388284602805,1.709525963416385,1.943278350090007,2.142226270077949,1.1730586193467634
31,1843,-0.17722316086292267,0.3697062134742737,-0.5075851082801819,0.776792585849762,0,6,-1,12,3,2.5,0.8557656407356262,0.1581957458779228,1.0331977712763285,1.5343374952502575,1.203685982291813,2.7387862269546583,1.3886110532129865
31,1844,-0.18098029494285583,0.37978196144104004,-0.28116652369499207,1.1572496891021729,0,6,-1,19,0,-5.0,0.8484753370285034,0.15803755013204487,1.3866863677383194,1.7629194702401938,1.1767774185941,1.4007197270068863,0.6161892931186451
31,1845,-0.18554706871509552,0.38926181197166443,-0.5950173735618591,0.7641962766647339,0,6,-1,12,3,2.5,0.8405904769897461,0.15787951258191282,1.0331977712763285,1.5343374952502575,1.203685982291813,2.716594984997262,1.3886110532129865
31,1846,-0.19014784693717957,0.3992612659931183,-0.36338910460472107,1.1522884368896484,0,6,-1,18,2,0.0,0.8305847644805908,0.1577216330693309,0.8783534205613873,0.6047444409021984,1.7179564097027762,0.8014613827160273,0.8661947723952484
32,1847,-0.19351820647716522,0.41160091757774353,-0.3224765956401825,1.269504427909851,0,7,-1,20,0,-5.0,-2.178361415863037,0.15756391143626158,-0.985903982016331,-0.9954110953124452,-1.0217784220399855,-1.0157299319799304,-0.9652661967428211
32,1848,0.12992656230926514,0.16359415650367737,0.10881072282791138,0.026025623083114624,0,3,0,0,3,2.5,0.9725533723831177,0.15740634752482532,7.6740620798714145,10.352444650662365,10.917542243779618,16.034366607965417,9.09398338775799
32,1849,0.13208550214767456,0.16567003726959229,0.29417264461517334,0.33296120166778564,0,3,1,5,3,2.5,0.9708621501922607,0.1572489411773005,1.1212923062401798,2.1728474822055883,3.1959396290377495,12.440188366661552,3.2521674265801592
32,1850,0.13601979613304138,0.1706981062889099,0.46576550602912903,0.6191892623901367,0,3,1,10,1,-2.5,0.9692748785018921,0.1570916922361232,5.174447382382575,13.268678172811953,3.8921773001271083,4.216032719091526,1.167365904111245
32,1851,0.13949543237686157,0.17528577148914337,0.25507301092147827,0.32465898990631104,0,3,1,5,2,0.0,0.9680768251419067,0.15693460054388708,1.1212923062401798,2.1728474822055883,3.8978239615699897,12.440188366661552,3.2521674265801592
32,1852,0.1420067548751831,0.1786707192659378,0.24509015679359436,0.3359732925891876,0,3,0,5,2,0.0,0.9668101072311401,0.1567776659433432,9.436170244609912,12.086900147378977,17.3624004307476,11.735481111530088,10.725679944082742
32,1853,0.14442364871501923,0.18218092620372772,0.2360098659992218,0.34917476773262024,0,3,0,6,2,0.0,0.9654654264450073,0.15662088827739984,14.140711188814086,13.855365304807398,16.606655609036324,11.677576155718468,11.798396630898896
32,1854,0.14675484597682953,0.18583481013774872,0.22776927053928375,0.3641855716705322,0,3,0,6,2,0.0,0.9640328288078308,0.15646426738912245,14.140711188814086,13.855365304807398,16.685144313981255,11.677576155718468,11.798396630898896
32,1855,0.1490083783864975,0.18965016305446625,0.22031086683273315,0.38093873858451843,0,3,0,6,2,0.0,0.9625020027160645,0.1563078031217333,14.140711188814086,13.855365304807398,16.769309232370908,11.677576155718468,11.798396630898896
32,1856,0.1511918157339096,0.19364409148693085,0.2135821431875229,0.3993774354457855,0,3,0,6,2,0.0,0.9608619809150696,0.15615149531861158,14.140711188814086,13.855365304807398,16.818940463270465,11.677576155718468,11.798396630898896
32,1857,0.15331217646598816,0.19783328473567963,0.20753495395183563,0.4194541275501251,0,3,0,7,4,5.0,0.957811713218689,0.15599534382329297,13.961823100468736,13.434044011853256,16.167825111266794,11.900126036114631,10.55647188737559
32,1858,0.15746694803237915,0.20539775490760803,0.5696868300437927,0.9972179532051086,0,3,1,16,0,-5.0,0.9549705982208252,0.15583934847946967,13.84597383594651,3.6879780759513956,4.826473191920522,3.159334794371156,1.6747616267636687
32,1859,0.16091249883174896,0.21220140159130096,0.17065948247909546,0.42564862966537476,0,3,0,7,2,0.0,0.9530363082885742,0.15568350913099022,13.961823100468736,13.434044011853256,16.189777613314277,11.900126036114631,10.55647188737559
32,1860,0.16262809932231903,0.21671098470687866,0.1686343401670456,0.4545857608318329,0,3,0,7,2,0.0,0.9509295225143433,0.15552782562185924,13.961823100468736,13.434044011853256,16.01043621953196,11.900126036114631,10.55647188737559
32,1861,0.1643257439136505,0.221518412232399,0.1669503003358841,0.4847138226032257,0,4,0,8,4,5.0,0.9472072124481201,0.15537229779623737,2.9980328109838155,3.753495665953332,4.932454560455238,4.312145549314565,8.808801784832738
32,1862,0.1680886447429657,0.22976690530776978,0.5312185883522034,1.066389560699463,0,4,1,17,0,-5.0,0.9436594247817993,0.15521692549844113,9.708447652636647,2.6573434004799634,5.351722974935304,3.158654150144705,1.9347525067786655
32,1863,0.17118538916110992,0.23736165463924408,0.13818174600601196,0.5107318758964539,0,4,0,8,4,5.0,0.9395381808280945,0.15506170857294269,2.9980328109838155,3.753495665953332,4.932454560455238,4.312145549314565,8.780185794283948
32,1864,0.17466984689235687,0.24589000642299652,0.5038580298423767,1.094810962677002,0,4,1,18,1,-2.5,0.9347790479660034,0.15490664686436975,4.244027809687837,7.887278579695769,3.1520344386959307,2.8390327830443205,1.329869095381194
32,1865,0.17855149507522583,0.25538405776023865,0.2966945767402649,0.82198566198349,0,4,1,13,3,2.5,0.9295715093612671,0.15475174021750537,2.5808908660923437,1.2267447777302518,1.1527273807880674,7.031139383315894,1.6793290520618438
32,1866,0.18251799046993256,0.26538366079330444,0.4683210551738739,1.1165828704833984,0,4,1,18,2,0.0,0.923439621925354,0.15459698847728787,4.244027809687837,7.887278579695769,3.4384695090343005,2.8390327830443205,1.329869095381194
32,1867,0.18709862232208252,0.27669551968574524,0.4462546706199646,1.1237123012542725,0,4,1,18,2,0.0,0.9169924855232239,0.1544423914888106,4.244027809687837,7.887278579695769,3.551826234744006,2.8390327830443205,1.329869095381194
32,1868,0.19147123396396637,0.28811025619506836,0.42627453804016113,1.135691523551941,0,5,1,18,1,-2.5,0.911098301410675,0.15428794909732177,1.013810928735203,4.38845196046635,1.0461250205156603,1.0853511571119214,1.2276436485583822
32,1869,0.19463413953781128,0.29816383123397827,0.2286309450864792,0.8867197632789612,0,5,0,14,2,0.0,0.9055182933807373,0.15413366114822444,2.0813059847424515,1.8521712105343637,2.8801151849437803,2.447870111116549,4.613764850908224
32,1870,0.19692952930927277,0.30737873911857605,0.22563232481479645,0.9269821643829346,0,5,0,15,2,0.0,0.8995039463043213,0.15397952748707622,1.9405301602694545,2.507866784699361,3.081852316619253,2.2047964381913596,5.539507493804634
32,1871,0.19919829070568085,0.31701114773750305,0.22313903272151947,0.9693402051925659,0,5,0,16,4,5.0,0.8910666704177856,0.15382554795958914,2.0950014184749315,3.28364972703313,2.793256078004148,2.356824174399833,5.425836324771078
32,1872,0.20347042381763458,0.330050528049469,0.5771228671073914,1.535408854484558,0,5,1,25,2,0.0,0.8805768489837646,0.15367172241162955,2.997382875310497,2.3353009275504513,5.310333267154238,1.891868879549834,1.319553015451049
32,1873,0.2091064602136612,0.34557655453681946,0.5489828586578369,1.5437883138656616,0,6,1,25,0,-5.0,0.8716100454330444,0.15351805068921792,3.146140857748179,1.1036502398673314,0.5021258144912648,0.5540154481877574,0.4988205846205222
32,1874,0.2124706357717514,0.35831549763679504,0.17081396281719208,1.0469189882278442,0,6,0,17,3,2.5,0.8625863790512085,0.1533645326385287,0.8420658609275011,2.7454808545904927,1.6320973091919129,1.4277713230677218,1.0646388996498657
32,1875,0.21522384881973267,0.3706933557987213,0.3494003117084503,1.3581098318099976,0,6,1,22,0,-5.0,0.8542397022247314,0.15321116810589017,2.0181420905150724,0.5735999627427548,0.4504306922438248,0.41990316156717666,0.5096675306974656
32,1876,0.21669988334178925,0.3817856013774872,-0.010335706174373627,0.8963397741317749,0,6,0,14,2,0.0,0.8468425273895264,0.1530579569377843,0.7162194762026827,1.013717708911498,2.8118126249883977,1.0112844151793898,0.7041672564732081
32,1877,0.21672263741493225,0.3913532793521881,0.00634472630918026,0.9768196940422058,0,6,0,16,1,-2.5,0.8397455811500549,0.1529048989808465,0.9479302222796289,2.633498493276616,1.5453821815824,0.6970293040988296,1.206352579069227
32,1878,0.21591846644878387,0.4003180265426636,-0.151746928691864,0.8094424605369568,0,6,0,13,2,0.0,0.8326197862625122,0.15275199408186566,0.4179394182095978,0.46386206267276675,0.8458544344890133,0.5126918903868998,1.7580165638291096
33,1879,0.21458794176578522,0.40912115573883057,-0.12460317462682724,0.9071747064590454,0,7,0,15,4,5.0,-2.1778066158294678,0.15259924208778378,-0.4426090311157303,-0.48341183122396475,-0.48451257992208907,-0.4838514555692673,-0.5018071047067643
33,1880,0.14483821392059326,-0.15081903338432312,-0.18681445717811584,-0.012510508298873901,0,-2,0,0,2,0.0,0.9771733283996582,0.15244664284569598,14.476238058833445,16.25953404821322,30.06004376287741,18.459635261204813,18.254441407409583
33,1881,0.14298969507217407,-0.15108482539653778,-0.18068580329418182,-0.025913668796420097,0,-2,0,0,2,0.0,0.9770510792732239,0.15229419620285028,14.476238058833445,16.25953404821322,30.08569986701001,18.459635261204813,18.254441407409583
33,1882,0.14119979739189148,-0.15148906409740448,-0.1750260591506958,-0.040075771510601044,0,-2,0,-1,2,0.0,0.9768840670585632,0.15214190200664743,18.355149742978927,22.220488405496535,29.93629835672369,23.662421448759034,22.489495651569563
33,1883,0.13946394622325897,-0.15203925967216492,-0.16980724036693573,-0.05497508496046066,0,-2,0,-1,2,0.0,0.9766696095466614,0.15198976010464077,18.355149742978927,22.220488405496535,29.988571054408787,23.662421448759034,22.489495651569563
33,1884,0.13777785003185272,-0.15274275839328766,-0.16500376164913177,-0.07059459388256073,0,-2,0,-1,2,0.0,0.9764050245285034,0.15183777034453613,18.355149742978927,22.220488405496535,29.981706649182943,24.07021457673566,22.489495651569563
33,1885,0.13613753020763397,-0.15360674262046814,-0.160592183470726,-0.08692176640033722,0,-2,0,-1,2,0.0,0.9760869741439819,0.1516859325741916,18.355149742978927,22.220488405496535,29.936945523609953,24.07021457673566,22.489495651569563
33,1886,0.13453912734985352,-0.15463833510875702,-0.15655110776424408,-0.1039481833577156,0,-2,0,-2,4,5.0,0.9767045378684998,0.1515342466416174,11.808981881326638,19.610916898890444,21.310759777960378,28.66553402670177,22.6759791637975
33,1887,0.13508792221546173,-0.1526283621788025,0.21789240837097168,0.4437654912471771,0,-2,0,7,1,-2.5,0.9774391055107117,0.1513827123949758,0.8003292133777398,12.88719775423235,2.309625938204296,1.038587885848806,0.4172199471198099
33,1888,0.13606096804141998,-0.15020275115966797,0.00856003537774086,0.10146506130695343,0,-2,0,2,2,0.0,0.9776636958122253,0.15123132968258082,11.006840817807994,18.341165697314278,29.415108570919365,18.63077840985069,18.894034053564084
33,1889,0.13608403503894806,-0.14945337176322937,0.0002362174855079502,0.06612586230039597,0,-2,0,1,3,2.5,0.9782614707946777,0.15108009835289823,10.457583629850248,15.764721366086786,20.114773061609966,28.33217462423214,15.00065650731303
33,1890,0.1370830088853836,-0.14744001626968384,0.17810414731502533,0.31508225202560425,0,-2,0,5,1,-2.5,0.9786050319671631,0.15092901825454533,9.300479323070316,29.069111272506554,7.700570849528416,7.588407883412554,4.192683565543636
33,1891,0.13767559826374054,-0.1462702602148056,-0.028227752074599266,-0.02212519198656082,0,-2,0,0,2,0.0,0.9784712791442871,0.15077808923629077,14.476238058833445,16.25953404821322,30.202777517303254,18.459635261204813,18.254441407409583
33,1892,0.1373477280139923,-0.14672666788101196,-0.03364291787147522,-0.05247020721435547,0,-2,0,-1,2,0.0,0.9782485365867615,0.15062731114705447,18.355149742978927,22.220488405496535,29.96666438262001,24.140005663971657,22.489495651569563
33,1893,0.13696782290935516,-0.14748382568359375,-0.03867945447564125,-0.08231204003095627,0,-2,0,-1,2,0.0,0.9779366254806519,0.1504766838359074,18.355149742978927,22.220488405496535,29.89029350248027,24.140005663971657,22.489495651569563
33,1894,0.13653941452503204,-0.14853744208812714,-0.04337932541966438,-0.11175937205553055,0,-2,0,-2,3,2.5,0.9780150651931763,0.15032620715207148,11.808981881326638,19.610916898890444,21.64181225720951,28.603894965008475,22.6759791637975
33,1895,0.13712100684642792,-0.14827322959899902,0.13776284456253052,0.1423097848892212,0,-2,0,2,2,0.0,0.9783335328102112,0.1501758809449194,11.006840817807994,18.875199326196004,29.44202869145431,18.63077840985069,18.894034053564084
33,1896,0.13838231563568115,-0.14719532430171967,0.11994954943656921,0.09277866035699844,0,-2,0,1,3,2.5,0.9789785742759705,0.15002570506397447,10.457583629850248,15.764721366086786,20.114773061609966,28.381294623873288,15.00065650731303
33,1897,0.1405290961265564,-0.14498764276504517,0.2891120910644531,0.3288811445236206,0,-2,1,5,1,-2.5,0.9793363213539124,0.1498756793589105,21.06083196772814,26.907075600456924,20.423771890206375,16.59831255967216,12.113576740332826
33,1898,0.14218536019325256,-0.1437486708164215,0.07458260655403137,-0.020591039210557938,0,-2,0,0,0,-5.0,0.9782501459121704,0.14972580367955157,15.032222188006493,16.25953404821322,30.273760563569954,18.459635261204813,18.254441407409583
33,1899,0.1407308578491211,-0.14747822284698486,-0.3096628487110138,-0.6291992664337158,0,-2,-1,-10,4,5.0,0.9773189425468445,0.14957607787587202,2.1823699645511216,3.620584127061352,4.68080109719958,6.4535141628473,24.775744312410104
33,1900,0.13981907069683075,-0.1506023108959198,0.07692810893058777,-0.061481788754463196,0,-2,0,-1,2,0.0,0.9770394563674927,0.14942650179799613,18.355149742978927,22.220488405496535,29.864033498422977,24.140005663971657,22.489495651569563
33,1901,0.14049676060676575,-0.15152733027935028,0.06349834054708481,-0.10470933467149734,0,-2,0,-2,3,2.5,0.9771180152893066,0.14927707529619813,11.808981881326638,19.73523109543497,21.64181225720951,28.7138804030738,22.6759791637975
33,1902,0.14210040867328644,-0.15126793086528778,0.23647747933864594,0.13633418083190918,0,-2,0,2,2,0.0,0.9774043560028076,0.14912779822090194,11.006840817807994,18.875199326196004,29.41490281928961,18.63077840985069,18.894034053564084
33,1903,0.14430612325668335,-0.15031833946704865,0.21119846403598785,0.07497353106737137,0,-2,0,1,3,2.5,0.977990984916687,0.14897867042268104,10.457583629850248,15.764721366086786,20.114773061609966,28.252046736239382,15.00065650731303
33,1904,0.14732520282268524,-0.14835427701473236,0.37334561347961426,0.29977506399154663,0,-2,1,5,1,-2.5,0.9782541990280151,0.14882969175225835,21.06083196772814,26.788329585764465,20.667908609863456,16.59831255967216,12.113576740332826
33,1905,0.1497875452041626,-0.1474645584821701,0.15250200033187866,-0.059681497514247894,0,-2,0,-1,2,0.0,0.9779729843139648,0.1486808620605061,18.355149742978927,22.220488405496535,29.872892213174914,24.140005663971657,21.984190009677807
33,1906,0.15119022130966187,-0.14841505885124207,0.1336120218038559,-0.1107843816280365,0,-2,0,-2,3,2.5,0.9780204892158508,0.14853218119844558,11.808981881326638,19.73523109543497,21.64181225720951,28.939046332662308,22.6759791637975
33,1907,0.1534670889377594,-0.1482549011707306,0.30162692070007324,0.12326925992965698,0,-2,1,2,3,2.5,0.9787243604660034,0.14838364901724713,10.863692289080632,19.43244267966436,19.007216366061527,27.78064142172853,14.490151553628628
33,1908,0.1573534458875656,-0.14586158096790314,0.45723098516464233,0.3384828567504883,0,-2,1,5,1,-2.5,0.9790804386138916,0.14823526536822987,21.06083196772814,26.31894468977584,20.667908609863456,16.59831255967216,12.338184342813182
33,1909,0.16061975061893463,-0.14463599026203156,0.23020488023757935,-0.030161619186401367,0,-2,0,0,2,0.0,0.9788771867752075,0.14808703010286164,15.032222188006493,16.25953404821322,30.395630675400884,18.459635261204813,18.254441407409583
33,1910,0.1627676784992218,-0.14533674716949463,0.20567777752876282,-0.08945579081773758,0,-2,0,-1,2,0.0,0.9785038232803345,0.1479389430727588,18.355149742978927,22.220488405496535,29.962813846762543,24.140005663971657,21.984190009677807
33,1911,0.16468045115470886,-0.14661578834056854,0.18293973803520203,-0.14613224565982819,0,-2,0,-2,3,2.5,0.9784389138221741,0.14779100412968604,11.808981881326638,19.73523109543497,21.64181225720951,28.837296332878807,22.6759791637975
33,1912,0.16743071377277374,-0.14683708548545837,0.34742671251296997,0.08286096155643463,0,-2,1,1,3,2.5,0.9790113568305969,0.14764321312555637,8.118015793626881,11.572522282072054,14.896427628370045,24.312106309021612,9.857884351333013
33,1913,0.17175640165805817,-0.14487455785274506,0.49972283840179443,0.2932727038860321,0,-2,1,5,1,-2.5,0.9792272448539734,0.14749556991243082,21.06083196772814,26.446675211406983,20.667908609863456,16.98426320502937,12.338184342813182
33,1914,0.17542974650859833,-0.14412756264209747,0.26954594254493713,-0.08009128272533417,0,-2,1,-1,1,-2.5,0.9784011840820312,0.1473480743425184,14.148496925674268,25.824327696412972,16.491484391144425,18.08097148815626,15.949000576772248
33,1915,0.1768985539674759,-0.14696523547172546,0.056471023708581924,-0.4273033142089844,0,-2,0,-7,2,0.0,0.977039098739624,0.14720072626817587,11.856913283969098,11.010741577812292,16.309257747077403,16.943051881348964,26.038173494922646
33,1916,0.17738226056098938,-0.15152858197689056,0.04480009898543358,-0.4673963487148285,0,-2,0,-7,4,5.0,0.9765070080757141,0.1470535255419077,11.795974054991497,11.010741577812292,16.309257747077403,16.943051881348964,26.001258764401435
33,1917,0.1798621416091919,-0.15327435731887817,0.40462133288383484,0.05858317017555237,0,-2,1,1,2,0.0,0.9765254855155945,0.1469064720163658,8.118015793626881,11.572522282072054,15.72925766516769,24.85465062472625,9.857884351333013
33,1918,0.1836775839328766,-0.15321390330791473,0.3667684495449066,-0.022263288497924805,0,-2,1,0,3,2.5,0.9767959713935852,0.14675956554434944,3.9816161672443613,20.60717026618442,8.625430321797781,7.895075022841329,5.370651871813916
33,1919,0.18818512558937073,-0.15232877433300018,0.5171350836753845,0.18399249017238617,0,-2,1,3,1,-2.5,0.9766845703125,0.14661280597880508,6.053099943303493,7.389005377479444,24.81764311481257,9.13441278019242,3.399392753466337
33,1920,0.1920238435268402,-0.15269410610198975,0.2855515480041504,-0.19225411117076874,0,-2,1,-3,1,-2.5,0.9754534959793091,0.14646619317282628,3.8832598497756763,12.8597565431132,4.642094590685848,8.807413360506585,7.990405030103244
33,1921,0.19364455342292786,-0.15667308866977692,0.07118046283721924,-0.5423207879066467,0,-3,0,-9,3,2.5,0.9741416573524475,0.14631972697965345,5.2930575326936875,5.674126416582495,8.152366465900686,11.01346794007898,7.112108747022081
33,1922,0.19531983137130737,-0.16080524027347565,0.2432471364736557,-0.30379781126976013,0,-3,0,-5,2,0.0,0.9730131030082703,0.1461734072526738,7.848180727941736,6.4474910756090305,14.392554404845628,8.85373476859488,7.0159803430677625
33,1923,0.1975872814655304,-0.16427671909332275,0.21705381572246552,-0.3680175244808197,0,-3,0,-6,2,0.0,0.9716485738754272,0.14602723384542113,10.586959153085385,10.870111807204005,14.68306335466313,13.700546027527682,9.218530958935343
33,1924,0.19960281252861023,-0.16837891936302185,0.19266626238822937,-0.429997980594635,0,-3,0,-7,2,0.0,0.9700393080711365,0.14588120661157572,10.267440941747427,9.353202733667482,11.764563165829797,14.875660012654423,11.063905057402526
33,1925,0.20138350129127502,-0.17309165000915527,0.16992631554603577,-0.4900723099708557,0,-3,0,-8,0,-5.0,0.9670244455337524,0.14573532540496414,9.842346254742502,5.943137871105677,6.985467163819698,7.970098406680629,8.67873392389605
33,1926,0.2008439302444458,-0.1815917044878006,-0.2206329107284546,-1.1099001169204712,0,-3,0,-18,4,5.0,0.9640247225761414,0.14558959007955918,3.2347673053838455,3.6545155306747272,4.606784443614488,4.878251643680212,10.092630048587758
33,1927,0.20076264441013336,-0.18967150151729584,0.15576794743537903,-0.5663406848907471,0,-3,0,-9,3,2.5,0.9622980356216431,0.1454440004894796,5.2930575326936875,5.674126416582495,8.152366465900686,10.98571766455459,7.112108747022081
33,1928,0.20323054492473602,-0.19416993856430054,0.3190045952796936,-0.34764930605888367,0,-3,1,-6,3,2.5,0.9613500237464905,0.14529855648899012,4.3511044675268895,10.692248850638423,6.240523444809921,6.833533593797196,5.033439827276026
33,1929,0.20725925266742706,-0.19659587740898132,0.4697876274585724,-0.14862540364265442,0,-3,1,-2,1,-2.5,0.9598802328109741,0.14515325793250114,2.773559408931991,10.27663205190458,3.0003157883383755,2.710735853249962,2.730368302676676
33,1930,0.21063895523548126,-0.2002992480993271,0.24145983159542084,-0.5238220691680908,0,-3,0,-8,0,-5.0,0.9562391042709351,0.14500810467456865,9.925863300020442,5.943137871105677,6.985467163819698,7.970098406680629,8.67873392389605
33,1931,0.21078737080097198,-0.2091909795999527,-0.15349869430065155,-1.1512737274169922,0,-3,0,-18,1,-2.5,0.9504815936088562,0.14486309656989407,3.2347673053838455,3.8155334522236535,4.606784443614488,4.878251643680212,10.092630048587758
33,1932,0.20820103585720062,-0.22252723574638367,-0.3350168764591217,-1.4568675756454468,0,-4,-1,-23,2,0.0,0.9437137246131897,0.1447182334733242,2.3276773179571393,3.0911964237826144,7.323237129662404,4.762494076034428,5.267189781157976
33,1933,0.20491759479045868,-0.2372472882270813,-0.3200530707836151,-1.4681164026260376,0,-4,-1,-23,2,0.0,0.9364393353462219,0.14457351523985087,2.3276773179571393,3.0911964237826144,7.325893930788439,4.762494076034428,5.267189781157976
33,1934,0.20177321135997772,-0.25211232900619507,-0.3067723214626312,-1.4841376543045044,0,-4,-1,-24,2,0.0,0.9286208748817444,0.14442894172461102,1.7471090994479512,3.0217599938094146,6.632301120508078,3.7095134295173073,3.397346979676022
33,1935,0.19875198602676392,-0.26716870069503784,-0.295023649930954,-1.50470769405365,0,-4,-1,-24,2,0.0,0.9202159643173218,0.1442845127828864,1.7471090994479512,3.0217599938094146,6.652637489242169,3.7095134295173073,3.397346979676022
33,1936,0.19583941996097565,-0.2824607491493225,-0.2846665680408478,-1.5296244621276855,0,-5,-1,-24,2,0.0,0.9111776351928711,0.1441402282701035,1.7054872085911672,2.424182120781883,6.113904280498085,2.8656967602654237,3.0443948166333508
33,1937,0.19302241504192352,-0.298030823469162,-0.27556976675987244,-1.5587061643600464,0,-5,-1,-25,3,2.5,0.902394711971283,0.1439960880418334,1.502053310945953,2.464721358677517,2.9232165190405954,5.031542653497271,3.0156367887233086
33,1938,0.1913071870803833,-0.3124184012413025,-0.08867345005273819,-1.3280822038650513,0,-5,0,-21,1,-2.5,0.8926594853401184,0.14385209195379156,2.2553411479879806,4.785545425709799,2.3064771160864606,2.479625240201914,2.5104818898013432
33,1939,0.1893443912267685,-0.3276287019252777,-0.27339786291122437,-1.6459224224090576,0,-5,-1,-26,2,0.0,0.8813673257827759,0.14370823986183776,1.8231087505978751,2.4341762214717333,5.494528155371017,2.932908002619616,3.6114232164701185
33,1940,0.1866266429424286,-0.3444308936595917,-0.2663246989250183,-1.6846927404403687,0,-6,-1,-27,3,2.5,0.8702623844146729,0.1435645316219759,0.5468386177456133,0.748320894112308,0.8176906821963159,2.8884775218100818,1.3306942269041202
33,1941,0.1849769800901413,-0.36019110679626465,-0.08384688198566437,-1.4714686870574951,0,-6,0,-24,4,5.0,0.8612217903137207,0.14342096709035393,0.8046032013747,0.9366664346819753,0.7704645875220131,1.820717583521569,2.2549398906295948
33,1942,0.18606282770633698,-0.3725294768810272,0.25917237997055054,-1.0303130149841309,0,-6,1,-16,3,2.5,0.8539725542068481,0.14327754612326357,0.4754411552830071,0.710899156054325,0.6842074352499539,1.5701055313708687,0.6776383698205766
33,1943,0.18942803144454956,-0.3821353316307068,0.4004705846309662,-0.8827148675918579,0,-6,1,-14,3,2.5,0.8476109504699707,0.14313426857714032,0.9324025351145298,1.4001184969959808,1.4016511990420426,1.7541519870980826,1.3152567480532946
33,1944,0.19414271414279938,-0.39037030935287476,0.5308290719985962,-0.7528383135795593,0,-6,1,-12,4,5.0,0.8431918025016785,0.14299113430856317,2.1319162661060473,2.4073754029653145,1.5355078442491576,1.3792225446220416,4.40405070082101
33,1945,0.20109187066555023,-0.39599019289016724,0.8250897526741028,-0.3908865451812744,0,-6,2,-6,3,2.5,0.8403333425521851,0.1428481431742546,0.3959546927383445,0.7348678294788693,0.46112915279037314,3.243291661783321,0.5762353448311944
33,1946,0.20987264811992645,-0.39958301186561584,0.924214243888855,-0.3082779347896576,0,-6,2,-5,1,-2.5,0.8358010053634644,0.14270529503108034,0.35439551565817273,3.120056057210147,0.6256358476865798,0.43852640255509523,0.41363306694360796
33,1947,0.21763259172439575,-0.40521472692489624,0.6694869995117188,-0.7292711734771729,0,-6,1,-12,4,5.0,0.8313054442405701,0.14256258973604927,2.1319162661060473,2.4073754029653145,1.4449227086395315,1.3792225446220416,4.286362284651495
33,1948,0.22590096294879913,-0.4107244610786438,0.9520707130432129,-0.38855212926864624,0,-7,2,-6,3,2.5,0.8282777070999146,0.14242002714631322,-0.3214357777030621,-0.19013658932447436,-0.0425985321751833,0.025207928376612926,0.5496185308892478
33,1949,0.2358950972557068,-0.4143938720226288,1.041406512260437,-0.3227275609970093,0,-7,2,-5,2,0.0,0.8245675563812256,0.1422776071191669,-0.17837571542863445,-0.10883057117462158,-0.04276490612643104,-0.3454730773712551,0.2540495213417715
34,1950,0.24576546251773834,-0.41884657740592957,0.9518773555755615,-0.5101994276046753,0,-7,2,-8,4,5.0,-2.178394079208374,0.14213532951204774,-0.5378840305573201,-0.37014345684336303,-0.3141363078261613,-0.3308062346829136,-0.009974304556534308
34,1951,-0.05544672906398773,-0.026712670922279358,-0.10899996012449265,-0.17896804213523865,0,0,0,-3,3,2.5,0.9992801547050476,0.1419931941825357,26.660450657570514,31.779582936622422,34.214136243658594,38.53920731537293,31.279193461829713
34,1952,-0.055433209985494614,-0.026830218732357025,0.08545387536287308,0.11697058379650116,0,0,0,2,2,0.0,0.9993362426757812,0.14185120098835316,35.792985806664554,35.68477705174111,42.627201945909704,33.17075332490217,30.68662952346974
34,1953,-0.05462593957781792,-0.02576380781829357,0.07763746380805969,0.10087614506483078,0,0,0,2,3,2.5,0.9994615912437439,0.1417093497873648,35.792985806664554,35.68477705174111,42.625972582478255,33.342893626181336,31.11915639016649
34,1954,-0.05282525718212128,-0.023203741759061813,0.258163183927536,0.3755476772785187,0,0,1,6,0,-5.0,0.9994730949401855,0.14156764043757744,35.0741773797079,23.68547656855251,24.976489470719642,23.751044112392677,15.880109969156612
34,1955,-0.052498843520879745,-0.022954219952225685,-0.13782721757888794,-0.23891916871070862,0,0,0,-4,3,2.5,0.9994409084320068,0.14142607279713987,20.47937944017132,27.77568868494317,29.965605640917115,39.26131182691944,33.31789335844491
34,1956,-0.052759673446416855,-0.023645412176847458,0.0590037927031517,0.06126928701996803,0,0,0,1,2,0.0,0.9994657635688782,0.14128464672434274,33.529119134760634,36.59683800813224,45.49470312201154,38.78588887939644,34.68881155083147
34,1957,-0.052204348146915436,-0.023113083094358444,0.05333448946475983,0.048955731093883514,0,0,0,1,2,0.0,0.9994847178459167,0.1411433620776184,33.529119134760634,36.59683800813224,45.59056834424676,38.78588887939644,35.07025869960118
34,1958,-0.051703084260225296,-0.02269923873245716,0.04811760410666466,0.037417784333229065,0,0,0,1,2,0.0,0.9994983673095703,0.14100221871554078,33.529119134760634,36.59683800813224,45.793118632657865,38.78588887939644,35.07025869960118
34,1959,-0.0512516051530838,-0.022396622225642204,0.04331309720873833,0.02657601423561573,0,0,0,0,2,0.0,0.9995072484016418,0.14086121649682523,37.61364148041003,37.675017775098354,47.486544265677466,40.80534307674124,37.55999474969485
34,1960,-0.050846002995967865,-0.022198744118213654,0.038884237408638,0.01635705679655075,0,0,0,0,2,0.0,0.9995115995407104,0.14072035528032842,37.61364148041003,37.675017775098354,47.500385252579036,40.80534307674124,37.55999474969485
34,1961,-0.05048271641135216,-0.022099802270531654,0.034797392785549164,0.0066933040507137775,0,0,0,0,2,0.0,0.9995118379592896,0.1405796349250481,37.61364148041003,37.643169882840716,47.55586365357924,40.80534307674124,37.55999474969485
34,1962,-0.05015851929783821,-0.022094646468758583,0.031021764501929283,-0.0024775532074272633,0,0,0,0,2,0.0,0.9995080828666687,0.14043905529012304,37.61364148041003,37.643169882840716,47.43375139344042,40.80534307674124,37.55999474969485
34,1963,-0.04987046495079994,-0.022178709506988525,0.027529118582606316,-0.011213177815079689,0,0,0,0,2,0.0,0.999500572681427,0.14029861623483292,37.886629054294445,37.643169882840716,47.531688785718195,40.80534307674124,37.55999474969485
34,1964,-0.04961588233709335,-0.022347986698150635,0.024293553084135056,-0.01956695131957531,0,0,0,0,2,0.0,0.9994893074035645,0.1401583176185981,37.886629054294445,37.643169882840716,47.603398908455915,40.80534307674124,37.55999474969485
34,1965,-0.049392346292734146,-0.022598976269364357,0.021291343495249748,-0.027588248252868652,0,0,0,0,2,0.0,0.999474287033081,0.1400181593009795,37.886629054294445,37.643169882840716,47.481800268358654,40.80534307674124,37.55999474969485
34,1966,-0.049197643995285034,-0.02292865328490734,0.018500711768865585,-0.03532295301556587,0,0,0,-1,2,0.0,0.9994555115699768,0.1398781411416785,40.032012284017185,39.10971588261164,45.3808602329453,40.153156833072345,36.87637904792693
34,1967,-0.049029793590307236,-0.023334426805377007,0.01590167172253132,-0.04281376302242279,0,0,0,-1,2,0.0,0.9994328618049622,0.13973826300053682,40.032012284017185,39.10971588261164,45.67874147905356,40.153156833072345,36.87637904792693
34,1968,-0.048886988312006,-0.023814113810658455,0.013475858606398106,-0.05010049045085907,0,0,0,-1,2,0.0,0.9994062781333923,0.13959852473753628,40.032012284017185,39.10971588261164,45.891801123676736,40.34539876618888,36.87637904792693
34,1969,-0.04876760393381119,-0.024365920573472977,0.011206426657736301,-0.05722019821405411,0,0,0,-1,2,0.0,0.999375581741333,0.13945892621279873,40.032012284017185,39.10971588261164,45.82847399279308,40.34539876618888,36.87637904792693
34,1970,-0.048670168966054916,-0.024988409131765366,0.009077843278646469,-0.06420782208442688,0,0,0,-1,2,0.0,0.9993405342102051,0.13931946728658592,40.032012284017185,39.10971588261164,45.654959277452946,40.23617771731735,36.87637904792693
34,1971,-0.04859336093068123,-0.02568047307431698,0.007075857371091843,-0.07109595835208893,0,0,0,-1,2,0.0,0.9993008375167847,0.13918014781929933,40.032012284017185,39.10971588261164,45.455888873354525,40.23617771731735,36.87637904792693
34,1972,-0.048535995185375214,-0.026441318914294243,0.005187324248254299,-0.07791541516780853,0,0,0,-1,2,0.0,0.9992563128471375,0.13904096767148003,40.032012284017185,39.10971588261164,45.410226286482974,40.23617771731735,36.87637904792693
34,1973,-0.04849701747298241,-0.02727046236395836,0.0034001378808170557,-0.0846952497959137,0,0,0,-1,2,0.0,0.9992066025733948,0.13890192670380855,40.032012284017185,39.10971588261164,45.42617478407735,40.23617771731735,36.891200366015894
34,1974,-0.0484754852950573,-0.028167689219117165,0.0017031150637194514,-0.09146305173635483,0,0,0,-1,3,2.5,0.9992445707321167,0.13876302477710473,40.032012284017185,39.10971588261164,45.58777564076419,40.335570743687526,36.891200366015894
34,1975,-0.04740282520651817,-0.027485717087984085,0.18776893615722656,0.19132444262504578,0,0,0,3,1,-2.5,0.9992496967315674,0.13862426175232762,31.031186016560255,41.83488893216007,35.028507996351756,29.503878836335602,24.68051800192471
34,1976,-0.046684086322784424,-0.027391646057367325,-0.01544460840523243,-0.12633009254932404,0,0,0,-2,1,-2.5,0.9990794658660889,0.1384856374905753,35.440870483091985,41.27183004874473,38.262896316522834,37.22229691974631,34.82830812237601
34,1977,-0.04791073873639107,-0.030340423807501793,-0.20341753959655762,-0.4205268323421478,0,0,0,-7,3,2.5,0.9989229440689087,0.13834715185308472,18.052652981036047,29.188889400127596,32.59761201342103,41.388505550417,31.01756043829229
34,1978,-0.04880265146493912,-0.03281830623745918,-0.002102075144648552,-0.11464659124612808,0,-1,0,-2,3,2.5,0.9989519119262695,0.13820880470123162,31.28932823761531,35.577741613036196,36.61330576275534,41.08576608867395,36.48230426662697
34,1979,-0.047768473625183105,-0.03237435221672058,0.18397413194179535,0.16740626096725464,0,-1,0,3,2,0.0,0.9990465641021729,0.1380705958965304,27.945660207676767,29.41776839858575,43.5416679511076,28.235978793962797,27.440245484047477
34,1980,-0.0460202656686306,-0.030878115445375443,0.16847839951515198,0.1386399269104004,0,0,0,2,2,0.0,0.9991204738616943,0.13793252530063388,35.84041674195829,35.990160811221244,43.89822318334761,33.33495300688669,30.898099837483198
34,1981,-0.044419821351766586,-0.02965676411986351,0.15422028303146362,0.11200135201215744,0,0,0,2,2,0.0,0.9991768598556519,0.13779459277533324,36.10591085938773,35.990160811221244,44.21177797076008,33.33495300688669,30.898099837483198
34,1982,-0.042955391108989716,-0.028690315783023834,0.1410931795835495,0.08728545159101486,0,0,0,1,2,0.0,0.9992181658744812,0.1376567981825579,34.52656107326541,36.72178823245473,46.97119170841239,39.04813141249529,35.293636876308895
34,1983,-0.041616253554821014,-0.027960725128650665,0.12899938225746155,0.06430356204509735,0,0,0,1,2,0.0,0.9992464184761047,0.13751914138437535,34.52656107326541,36.72178823245473,47.12754402590198,39.04813141249529,35.390168938166155
34,1984,-0.04039259999990463,-0.027451738715171814,0.11784930527210236,0.04288226366043091,0,0,0,1,2,0.0,0.9992629289627075,0.13738162224299097,34.52656107326541,36.72178823245473,47.05786137667924,39.04813141249529,35.390168938166155
34,1985,-0.03927550092339516,-0.027148760855197906,0.1075608879327774,0.02286209911108017,0,0,0,0,2,0.0,0.9992688894271851,0.13724424062074797,38.41046709860406,37.643169882840716,47.83493252539396,40.809105589116555,37.92119553412996
34,1986,-0.03825676813721657,-0.027038700878620148,0.09805890917778015,0.004096281714737415,0,0,0,0,2,0.0,0.9992650747299194,0.13710699638012722,38.41046709860406,37.643169882840716,47.84019238601888,40.809105589116555,37.92119553412996
34,1987,-0.03732895851135254,-0.027109872549772263,0.08927439898252487,-0.013550447300076485,0,0,0,0,2,0.0,0.9992519021034241,0.1369698893837471,38.41046709860406,37.643169882840716,47.84306947442754,40.809105589116555,37.92119553412996
34,1988,-0.036485280841588974,-0.027351871132850647,0.08114418387413025,-0.030202625319361687,0,0,0,0,2,0.0,0.9992296099662781,0.13683291949436335,38.41046709860406,37.643169882840716,47.74607004304894,40.809105589116555,37.92119553412996
34,1989,-0.03571952506899834,-0.02775547467172146,0.07361035794019699,-0.0459752194583416,0,0,0,-1,4,5.0,0.9993740916252136,0.13669608657486898,39.72910701483616,39.22332102388778,45.497823706336874,40.20996222554904,37.51141891386716
34,1990,-0.03289056196808815,-0.0250177513808012,0.44199755787849426,0.5181946754455566,0,0,1,8,0,-5.0,0.9994493722915649,0.1365593904882941,38.61929792259518,25.8546605357846,28.09915111932066,25.185801484846074,16.90594006898771
34,1991,-0.03080485388636589,-0.023465529084205627,0.032143790274858475,-0.1178826317191124,0,0,0,-2,1,-2.5,0.9993054270744324,0.1364228310978058,35.37988398113186,41.33469565108029,38.50957722618441,37.49139861102588,34.894929147771045
34,1992,-0.03157448396086693,-0.026354646310210228,-0.15921683609485626,-0.41673991084098816,0,0,0,-7,3,2.5,0.9991695880889893,0.13628640826670801,18.052652981036047,29.188889400127596,32.59761201342103,41.36215764912525,31.01756043829229
34,1993,-0.03204153850674629,-0.028816379606723785,0.03901369869709015,-0.11497911810874939,0,0,0,-2,1,-2.5,0.9989957809448242,0.1361501218584413,35.37988398113186,41.30154397547813,38.50957722618441,37.49139861102588,34.894929147771045
34,1994,-0.032747380435466766,-0.031689878553152084,-0.15311330556869507,-0.4157860279083252,0,-1,0,-7,3,2.5,0.9988333582878113,0.13601397173658286,16.78639421938829,23.240325166857893,25.83711577954977,39.7467020305868,21.66041149119743
34,1995,-0.0331583246588707,-0.03415600582957268,0.04434669017791748,-0.11606995761394501,0,-1,0,-2,3,2.5,0.9988602995872498,0.1358779577648463,31.28932823761531,35.70659968916897,37.8866186710315,41.22996792696186,37.0144518397334
34,1996,-0.03168007731437683,-0.033759377896785736,0.22685709595680237,0.16026659309864044,0,-1,0,3,2,0.0,0.9989525079727173,0.13574207980708144,27.945660207676767,29.41776839858575,43.87885132955789,28.235978793962797,27.883022392834242
34,1997,-0.02952190674841404,-0.032365210354328156,0.20806977152824402,0.12621235847473145,0,-1,0,2,2,0.0,0.999020516872406,0.13560633772727437,31.773368659115288,33.562343938658145,43.98234896629562,33.03293267667231,35.401988016753094
34,1998,-0.027543051168322563,-0.03129683807492256,0.1907610446214676,0.09464067965745926,0,-1,0,2,2,0.0,0.9990678429603577,0.1354707313895471,31.773368659115288,33.562343938658145,44.184351912971906,33.03293267667231,35.401988016753094
34,1999,-0.025729479268193245,-0.030530963093042374,0.17480367422103882,0.06530702859163284,0,0,0,1,2,0.0,0.9990971684455872,0.13533526065815754,35.09108360370368,36.8226422791448,47.480553439499644,38.52563860124393,35.91048043735112
34,2000,-0.024068374186754227,-0.030046621337532997,0.16008108854293823,0.03798668831586838,0,0,0,1,2,0.0,0.9991104602813721,0.1351999253974994,35.09108360370368,36.8226422791448,47.637093923389216,38.52563860124393,35.91048043735112
34,2001,-0.022548027336597443,-0.02982497401535511,0.14648635685443878,0.012472821399569511,0,0,0,0,1,-2.5,0.9990079998970032,0.13506472547210188,38.41046709860406,37.747424901399256,47.5609508747741,40.809105589116555,37.78933609613874
34,2002,-0.02222539857029915,-0.031496305018663406,-0.053749460726976395,-0.3009600043296814,0,-1,0,-5,3,2.5,0.9989189505577087,0.1349296607466298,31.345341827387674,26.380201123767762,34.25415290109473,39.89197275457268,32.28427124683116
34,2003,-0.021685069426894188,-0.03287918493151665,0.13626807928085327,-0.012663610279560089,0,-1,0,0,2,0.0,0.998900830745697,0.13479473108588316,36.00031098968701,36.53935719093171,43.104892823891795,36.51850703364938,37.274226609262136
34,2004,-0.02039382979273796,-0.03315337374806404,0.12430891394615173,-0.036093369126319885,0,-1,0,-1,2,0.0,0.998867392539978,0.13465993635479728,36.11966405066794,36.94447802986344,42.04740425178763,38.730040162833845,37.3758922332684
34,2005,-0.019217193126678467,-0.03365448862314224,0.11323129385709763,-0.05821015685796738,0,-1,0,-1,2,0.0,0.9988186955451965,0.13452527641844247,35.746922259405764,36.94447802986344,41.34518686936081,38.66678178833868,37.3758922332684
34,2006,-0.018146805465221405,-0.03437037765979767,0.10295740514993668,-0.07916797697544098,0,-1,0,-1,2,0.0,0.998754620552063,0.13439075114202403,35.746922259405764,36.94447802986344,41.474117477325976,38.66678178833868,37.3758922332684
34,2007,-0.017175059765577316,-0.03529035300016403,0.09341593831777573,-0.09910895675420761,0,-1,0,-2,0,-5.0,0.9984240531921387,0.134256360390882,31.736678047023183,36.198358175151824,38.08080450224841,40.62783790564296,37.15706146818566
34,2008,-0.018429864197969437,-0.039698027074337006,-0.2907123267650604,-0.6969846487045288,0,-1,-1,-11,4,5.0,0.9981290102005005,0.13412210403049113,8.42137226363863,15.245892492937726,16.599113756075717,21.615873906589307,39.99660271326345
34,2009,-0.019094225019216537,-0.04325474798679352,0.104185089468956,-0.09415825456380844,0,-1,0,-2,3,2.5,0.9981771111488342,0.13398798192646064,31.736678047023183,36.198358175151824,38.08080450224841,40.55837415731459,37.15706146818566
34,2010,-0.017047187313437462,-0.04269549995660782,0.28166070580482483,0.17294417321681976,0,-1,1,3,4,5.0,0.9985609650611877,0.13385399394453418,30.435344423316405,28.902032318922885,30.8271449290131,37.45803304319264,26.501372084290857
34,2011,-0.012233559042215347,-0.0379348024725914,0.6334850788116455,0.7090796232223511,0,-1,1,11,0,-5.0,0.9988015294075012,0.13372013995058965,39.87551496453531,13.090132075744037,14.270774512024223,4.871967913310691,5.259567502568328
34,2012,-0.008318605832755566,-0.03461889550089836,0.20879550278186798,0.048450812697410583,0,-1,0,1,2,0.0,0.9988212585449219,0.13358641981063907,37.460088777634994,35.85499814096396,44.123308839519154,36.88875882116078,36.58476969075333
34,2013,-0.00633373623713851,-0.03433266654610634,0.19130736589431763,0.016244767233729362,0,-1,0,0,2,0.0,0.9988196492195129,0.13345283339082842,36.00031098968701,36.777669829620585,43.2156937756633,36.46495282767537,37.44965039484799
34,2014,-0.004516178276389837,-0.03435652703046799,0.1751437783241272,-0.013882727362215519,0,-1,0,0,2,0.0,0.9987978935241699,0.13331938055743758,36.00031098968701,36.777669829620585,43.10914046612653,36.46495282767537,37.44965039484799
34,2015,-0.002853372599929571,-0.03467109426856041,0.1601896733045578,-0.04215528815984726,0,-1,0,-1,2,0.0,0.9987568259239197,0.13318606117688014,35.746922259405764,37.12030500994352,39.35102612136626,38.5646115763204,37.3758922332684
34,2016,-0.0013338555581867695,-0.035259123891592026,0.14633946120738983,-0.06877917796373367,0,-1,0,-1,2,0.0,0.9986963868141174,0.13305287511570327,35.746922259405764,37.23756986777107,39.26144864486882,38.5646115763204,37.3758922332684
34,2017,5.283299833536148e-05,-0.036105331033468246,0.13349634408950806,-0.09394457191228867,0,-1,0,-2,3,2.5,0.9987362027168274,0.13291982224058757,31.161427781917006,36.37502423986823,38.08080450224841,41.03380238600144,37.15706146818566
34,2018,0.002383655635640025,-0.03554977849125862,0.3092019557952881,0.17158719897270203,0,-1,1,3,3,2.5,0.9989467859268188,0.13278690241834698,30.435344423316405,28.902032318922885,30.8271449290131,37.54550553859724,26.688959315779478
34,2019,0.0063968924805521965,-0.03245313838124275,0.4717864990234375,0.4170386791229248,0,-1,1,7,1,-2.5,0.999082088470459,0.13265411551592862,33.554743760723085,38.00436710416115,32.500125399632225,26.930141764890017,25.801892102392383
34,2020,0.009832867421209812,-0.030296772718429565,0.24705159664154053,0.06552685797214508,0,0,0,1,2,0.0,0.9991085529327393,0.13252146140041268,35.036238338333234,36.8226422791448,47.41369706737721,38.52563860124393,36.293674716153944
34,2021,0.012185689993202686,-0.029857421293854713,0.22691765427589417,0.029893387109041214,0,0,0,0,2,0.0,0.9991143345832825,0.13238893993901227,38.54270477990883,37.747424901399256,47.75079470163303,41.03147274667094,37.929531304048695
34,2022,0.014345933683216572,-0.029760422185063362,0.2083146721124649,-0.0033205689396709204,0,0,0,0,2,0.0,0.9991009831428528,0.13225655099907327,38.54270477990883,37.747424901399256,47.681716452359794,41.03147274667094,38.08446278187782
34,2023,0.016328120604157448,-0.02998318150639534,0.19111038744449615,-0.03436996415257454,0,0,0,-1,2,0.0,0.9990693926811218,0.1321242944480742,39.65591405738791,39.22669283620891,45.26134207456285,40.03639026798001,37.66632731331248
34,2024,0.018145516514778137,-0.030505528673529625,0.17518357932567596,-0.06348948180675507,0,0,0,-1,2,0.0,0.9990196824073792,0.13199217015362613,39.3375756291541,39.22669283620891,45.13041283839907,40.03639026798001,37.66632731331248
34,2025,0.019810227677226067,-0.03130952641367912,0.16042301058769226,-0.09089537709951401,0,-1,0,-1,2,0.0,0.9989515542984009,0.1318601779834725,35.746922259405764,37.43316474791017,41.299472679332155,38.5646115763204,37.424879640324534
34,2026,0.02133331075310707,-0.03237928822636604,0.1467268466949463,-0.1167869046330452,0,-1,0,-2,3,2.5,0.9989725351333618,0.13172831780548902,31.176806191575416,35.6088402489727,38.6050544389042,41.43612760682082,37.15996912741663
34,2027,0.023792419582605362,-0.032053958624601364,0.3216572105884552,0.1481415331363678,0,-1,1,2,1,-2.5,0.9989445805549622,0.13159658948768352,34.11338696128954,39.08841843914103,34.405432868379876,33.8344955376034,32.46244639570214
34,2028,0.02579118311405182,-0.03248748555779457,0.10817988961935043,-0.18600504100322723,0,-1,0,-3,3,2.5,0.9989222288131714,0.13146499289819583,25.592115193676396,35.189343120068244,36.60204197872184,39.88052092015896,32.78369485255549
34,2029,0.02788122557103634,-0.03282922878861427,0.2859915792942047,0.08333276212215424,0,-1,1,1,4,5.0,0.9991620182991028,0.13133352790529762,32.777911087696815,34.6223487552935,34.34376403866819,37.76999103989662,33.01914270472908
34,2030,0.032740991562604904,-0.02894803322851658,0.6381286978721619,0.6216162443161011,0,0,1,10,0,-5.0,0.9992979168891907,0.13120219437739233,40.35581986783308,25.60917482338077,29.102410486930697,16.383269698116138,13.317198938331376
34,2031,0.03670305013656616,-0.02649669162929058,0.2134058028459549,-0.03791099786758423,0,0,0,-1,2,0.0,0.999267578125,0.13107099218301493,39.25944466284104,39.38303523416606,45.049687705861714,38.85407978970548,37.66632731331248
34,2032,0.038735270500183105,-0.027063051238656044,0.19598643481731415,-0.06880901008844376,0,0,0,-1,2,0.0,0.9992200136184692,0.13093992119083192,39.25944466284104,39.38303523416606,44.928252564285884,38.85407978970548,37.66632731331248
34,2033,0.040600501000881195,-0.02792794071137905,0.1798430234193802,-0.09783100336790085,0,0,0,-2,1,-2.5,0.9990562200546265,0.13080898126964108,35.47345432456392,41.7614990409495,38.69426432795547,37.34034249685135,34.97285642735834
34,2034,0.04124313220381737,-0.03072127141058445,-0.022814329713582993,-0.41475388407707214,0,0,0,-7,3,2.5,0.998893678188324,0.13067817228837145,18.052652981036047,29.188889400127596,33.07319107534822,41.546348425758,31.01756043829229
34,2035,0.04207995533943176,-0.03326110541820526,0.1649220734834671,-0.1298823356628418,0,-1,0,-2,3,2.5,0.9989057183265686,0.13054749411608307,31.176806191575416,35.95043233426331,38.6050544389042,41.45105683605195,37.15996912741663
34,2036,0.0447128601372242,-0.03308037295937538,0.33843371272087097,0.1327126920223236,0,-1,1,2,1,-2.5,0.9988656044006348,0.13041694662196698,34.11338696128954,39.01861077388858,34.71563867708332,34.034862973419806,32.46244639570214
34,2037,0.0468718521296978,-0.03368093818426132,0.1236497312784195,-0.2035972774028778,0,-1,0,-3,2,0.0,0.9987142086029053,0.13028652967534501,25.592115193676396,35.189343120068244,36.6551442224803,39.840267216835144,32.78369485255549
34,2038,0.04804195091128349,-0.035857751965522766,0.11258483678102493,-0.2258141189813614,0,-1,0,-4,3,2.5,0.9986599683761597,0.13015624314566968,22.54160310018736,29.931775781177734,30.18866478303802,37.44156038814853,30.812794627775798
34,2039,0.05017267167568207,-0.036606814712285995,0.2898639142513275,0.042149730026721954,0,-1,1,1,3,2.5,0.998789370059967,0.130026086902524,32.78742458564506,35.01363120813431,34.53757861030038,38.51625458413852,33.01914270472908
34,2040,0.054000239819288254,-0.03479403257369995,0.453819215297699,0.2895122170448303,0,-1,1,5,0,-5.0,0.9987360835075378,0.1298960608156215,38.43333733673708,32.6816319002979,34.014838422167834,33.68618174051062,18.676665287375066
34,2041,0.056195806711912155,-0.03555174916982651,0.04267236590385437,-0.3499021828174591,0,-1,0,-6,3,2.5,0.9985941052436829,0.12976616475480587,27.986366160784183,24.022702529634337,34.48156470892626,39.342107663575376,32.42567902509933
34,2042,0.057657405734062195,-0.03749518096446991,0.2252105474472046,-0.07380999624729156,0,-1,0,-1,2,0.0,0.9985218048095703,0.12963639859005108,35.200935718632024,37.55117293245851,41.8537298944248,38.410084675813465,37.64363822621766
34,2043,0.059798240661621094,-0.038447536528110504,0.20633187890052795,-0.10862240195274353,0,-1,0,-2,3,2.5,0.9985490441322327,0.12950676219146104,31.176806191575416,35.95043233426331,38.6050544389042,40.48291102650145,37.26389006767948
34,2044,0.0628252848982811,-0.038091134279966354,0.3764304220676422,0.14787939190864563,0,-1,1,2,1,-2.5,0.9985121488571167,0.1293772554292696,34.11338696128954,39.36185636359093,34.71563867708332,34.034862973419806,32.46244639570214
34,2045,0.06534624844789505,-0.038573116064071655,0.15857478976249695,-0.19386430084705353,0,-1,0,-3,3,2.5,0.9984760284423828,0.1292478781738403,25.592115193676396,35.189343120068244,36.6551442224803,39.74560196101428,32.78369485255549
34,2046,0.06791603565216064,-0.0390380322933197,0.33224284648895264,0.0680997222661972,0,-1,1,1,3,2.5,0.9986311197280884,0.12911863029566648,32.78742458564506,35.01363120813431,34.72627363352089,38.7123671727128,33.01914270472908
34,2047,0.07214824855327606,-0.03699814900755882,0.4928775429725647,0.3099566400051117,0,-1,1,5,0,-5.0,0.9985877275466919,0.12898951166537082,38.30179454728533,33.04735712979344,34.014838422167834,33.81529169695063,18.93262484144305
34,2048,0.07471705228090286,-0.03758036717772484,0.07872083783149719,-0.33438006043434143,0,-1,0,-5,3,2.5,0.9984479546546936,0.12886052215370544,32.772345413029555,26.728050149657605,34.53192839031606,38.02215579706352,32.28427124683116
34,2049,0.07652284950017929,-0.03939610347151756,0.25843340158462524,-0.06297014653682709,0,-1,1,-1,4,5.0,0.9986330270767212,0.12873166163155172,26.571703196784764,29.363940981013386,33.93209218472038,33.32715877988636,39.23271734331716
34,2050,0.08111555874347687,-0.03697311505675316,0.6121826171875,0.47663623094558716,0,-1,1,8,0,-5.0,0.9987064003944397,0.12860292996992018,40.21584038351196,31.775319850933272,27.643066828409278,24.458178172778148,16.205644155858145
34,2051,0.08482661843299866,-0.035966768860816956,0.18909001350402832,-0.18144966661930084,0,-1,0,-3,3,2.5,0.9986806511878967,0.12847432703995026,25.920611186697187,35.189343120068244,36.6551442224803,39.37218817418422,32.78369485255549
34,2052,0.08768969029188156,-0.03632273152470589,0.36062386631965637,0.0776464119553566,0,-1,1,1,3,2.5,0.9988303184509277,0.12834585271291032,32.99450803780887,35.01363120813431,34.72627363352089,37.41073097602704,33.01914270472908
34,2053,0.09219478070735931,-0.034200992435216904,0.5192897915840149,0.3169049322605133,0,-1,1,5,0,-5.0,0.9987940192222595,0.12821750686019742,38.662907153094714,33.04735712979344,34.014838422167834,33.81529169695063,18.93262484144305
34,2054,0.09501729905605316,-0.03472697362303734,0.10325303673744202,-0.3299703299999237,0,-1,0,-5,3,2.5,0.9986670613288879,0.12808928935333722,32.772345413029555,26.728050149657605,34.53192839031606,38.21497633979098,32.28427124683116
34,2055,0.09705919027328491,-0.036509428173303604,0.2812941372394562,-0.060676638036966324,0,-1,1,-1,4,5.0,0.9988390207290649,0.12796120006398387,26.571703196784764,29.760807543098707,33.93209218472038,33.32715877988636,38.951011860050386
34,2056,0.10187215358018875,-0.03407278656959534,0.6335209012031555,0.4770784080028534,0,-1,1,8,0,-5.0,0.9989062547683716,0.1278332388639199,40.26922461397092,31.775319850933272,27.643066828409278,24.458178172778148,16.261647723117974
34,2057,0.10578836500644684,-0.03307179734110832,0.20893129706382751,-0.18294385075569153,0,-1,0,-3,3,2.5,0.9988811016082764,0.12770540562505597,25.920611186697187,35.189343120068244,36.6551442224803,39.2149220473501,32.78369485255549
34,2058,0.1088426411151886,-0.033450379967689514,0.37914639711380005,0.07458221912384033,0,-1,1,1,3,2.5,0.9990161657333374,0.1275777002194309,32.99450803780887,35.13449656881881,34.72627363352089,38.22864871255691,33.01914270472908
34,2059,0.11352629959583282,-0.03136616200208664,0.5365893244743347,0.3124123215675354,0,-1,1,5,0,-5.0,0.9989795684814453,0.12745012251921148,38.84989229720565,33.03851067189409,34.014838422167834,33.945149248142485,18.93262484144305
34,2060,0.11651531606912613,-0.031944211572408676,0.11936041712760925,-0.3359331488609314,0,-1,0,-5,3,2.5,0.9988580942153931,0.12732267239669226,32.772345413029555,26.728050149657605,34.53192839031606,38.949856665601466,32.59926552386349
34,2061,0.11871262639760971,-0.03379172831773758,0.2963559329509735,-0.06780684739351273,0,-1,1,-1,4,5.0,0.9990121126174927,0.12719534972429558,26.845854868868688,29.760807543098707,34.56493014283364,33.32715877988636,36.67321066646985
34,2062,0.12367106974124908,-0.031430941075086594,0.647629976272583,0.46893951296806335,0,-1,1,8,0,-5.0,0.9990687370300293,0.12706815437457128,40.06321304609208,31.775319850933272,27.643066828409278,24.458178172778148,16.261647723117974
34,2063,0.12772314250469208,-0.030516700819134712,0.22207877039909363,-0.1922234296798706,0,0,0,-3,3,2.5,0.9990394711494446,0.1269410862201967,27.07499445447167,31.779582936622422,34.970159584003405,36.9392432796062,31.279193461829713
34,2064,0.1309043914079666,-0.030992014333605766,0.39145544171333313,0.06441506743431091,0,0,1,1,4,5.0,0.999251127243042,0.1268141451339765,16.912489295236178,24.917072897466497,24.650928239995643,20.294282453350775,36.840849568673434
34,2065,0.13677461445331573,-0.027365921065211296,0.735790491104126,0.5909656882286072,0,0,1,9,0,-5.0,0.9993607401847839,0.12668733098884255,39.76685305996543,26.61479482624182,27.73594387848344,18.103396606090506,12.892921701062289
34,2066,0.1416720598936081,-0.0252830870449543,0.3037932515144348,-0.07957985252141953,0,0,1,-1,4,5.0,0.9994696974754333,0.12656064365785372,20.798728671415674,15.67018313432333,17.232439627872957,17.761311266092356,34.73581656793133
34,2067,0.14670567214488983,-0.023028390482068062,0.6550493836402893,0.4585585296154022,0,0,1,7,0,-5.0,0.9995067119598389,0.12643408301419587,36.528483411830734,23.439915393262243,26.53879410334638,21.294543001622568,13.304069447107842
34,2068,0.15083153545856476,-0.02220993861556053,0.2292749583721161,-0.20182585716247559,0,0,0,-3,3,2.5,0.9994814991950989,0.12630764893118168,27.07499445447167,31.779582936622422,34.970159584003405,37.15910992806269,31.279193461829713
34,2069,0.15408523380756378,-0.022770758718252182,0.3985876739025116,0.05602666735649109,0,0,1,1,4,5.0,0.9996306896209717,0.1261813412822505,16.912489295236178,24.917072897466497,24.650928239995643,20.294282453350775,37.42751051649683
34,2070,0.16002751886844635,-0.01921745017170906,0.7428979277610779,0.5838960409164429,0,0,1,9,0,-5.0,0.9997042417526245,0.12605515994096825,40.328560589297325,26.61479482624182,27.73594387848344,18.103396606090506,12.892921701062289
34,2071,0.1649957299232483,-0.01719725877046585,0.3107036352157593,-0.08584335446357727,0,0,1,-1,4,5.0,0.9997751712799072,0.12592910478102728,20.798728671415674,15.67018313432333,17.232439627872957,17.761311266092356,34.9915042949296
34,2072,0.17009912431240082,-0.01499444991350174,0.6619299054145813,0.4535636007785797,0,0,1,7,4,5.0,0.999941885471344,0.12580317567624627,36.688367225253494,23.439915393262243,27.12046795886002,21.294543001622568,14.084572295693306
34,2073,0.17856597900390625,-0.0076241083443164825,0.9869769215583801,0.9530590176582336,0,0,2,15,0,-5.0,0.999995768070221,0.12567737250057,30.677145453910107,2.648553311210102,1.7280316856722515,3.1175796556031363,0.9091570306368653
34,2074,0.1858750730752945,-0.002053565811365843,0.5370245575904846,0.25765588879585266,0,0,1,4,1,-2.5,0.9999977946281433,0.12555169512806943,12.958187631245341,38.806477464664454,14.254786857314183,11.822435564379902,12.60214341371585
34,2075,0.18994690477848053,-0.0014831346925348043,0.30884116888046265,-0.09478830546140671,0,0,1,-2,3,2.5,0.9999990463256836,0.12542614343294137,7.014410753646854,12.837686798031497,13.769883466977667,33.407835805559664,12.982465534896178
34,2076,0.19397090375423431,-0.000988717540167272,0.47332340478897095,0.15883858501911163,0,0,1,3,1,-2.5,0.999998152256012,0.12530071728950842,18.643758231557698,36.27450008559993,20.77285934664212,20.121653930438118,12.042472796541476
34,2077,0.19743335247039795,-0.0013627192238345742,0.2499714493751526,-0.18601149320602417,0,0,0,-3,3,2.5,0.9999969601631165,0.12517541657221892,27.07499445447167,31.779582936622422,34.970159584003405,36.58091099045877,31.279193461829713
34,2078,0.2008938491344452,-0.001741620246320963,0.4188735783100128,0.07443370670080185,0,0,1,1,4,5.0,0.9999958872795105,0.1250502411556467,16.912489295236178,24.917072897466497,24.650928239995643,20.294282453350775,37.70567216214813
34,2079,0.20703931152820587,0.0020209397189319134,0.7628572583198547,0.6051187515258789,0,0,2,10,1,-2.5,0.9999648928642273,0.12492519091449104,4.858287382068566,32.23633468425696,0.2708203435937736,2.432693643928854,0.43607181580013726
34,2080,0.2132747322320938,0.005924675147980452,0.5179555416107178,0.227572500705719,0,0,1,4,1,-2.5,0.9999613165855408,0.12480026572357655,12.958187631245341,38.75911418715322,14.254786857314183,11.822435564379902,12.60214341371585
34,2081,0.21716727316379547,0.006220893003046513,0.29162561893463135,-0.12080393731594086,0,0,1,-2,3,2.5,0.9999580383300781,0.12467546545785298,7.014410753646854,12.837686798031497,13.769883466977667,33.47374908758645,12.982465534896178
34,2082,0.22102957963943481,0.006479961331933737,0.4578010141849518,0.13659222424030304,0,0,1,2,1,-2.5,0.9999651312828064,0.12455078999239512,20.019123579720038,34.86193316896316,26.195309988682965,20.302970036616586,21.9212448085947
34,2083,0.22434648871421814,0.005906915757805109,0.23601117730140686,-0.20471400022506714,0,0,0,-3,3,2.5,0.9999712109565735,0.12442623920240273,27.07499445447167,31.779582936622422,34.970159584003405,37.306815805638,31.580930426386473
34,2084,0.22767622768878937,0.0053628962486982346,0.4063398838043213,0.059025540947914124,0,0,1,1,4,5.0,0.9999191164970398,0.12430181296320032,17.919892062286664,24.917072897466497,24.650928239995643,20.294282453350775,37.66149880947479
34,2085,0.23370452225208282,0.008992004208266735,0.7516300082206726,0.5927901268005371,0,0,2,9,1,-2.5,0.9998363852500916,0.12417751115023712,3.980877610950747,34.060817541920066,6.905430773309394,3.7469002208320226,2.3139615444260757
34,2086,0.23983527719974518,0.012792210094630718,0.5079439878463745,0.2181902825832367,0,0,1,3,1,-2.5,0.9998306632041931,0.12405333363908688,18.643758231557698,36.324055331014534,21.732129841350126,20.121653930438118,12.042472796541476
34,2087,0.24363483488559723,0.013013533316552639,0.2827424705028534,-0.12738385796546936,0,0,1,-2,3,2.5,0.999825119972229,0.1239292803054478,7.014410753646854,12.837686798031497,13.769883466977667,33.68194962891896,12.982465534896178
34,2088,0.24741478264331818,0.013224391266703606,0.44993025064468384,0.13258516788482666,0,0,1,2,1,-2.5,0.999840497970581,0.12380535102514234,20.019123579720038,33.44164513309073,26.195309988682965,20.302970036616586,21.9212448085947
34,2089,0.25065913796424866,0.012628587894141674,0.2291022539138794,-0.20619335770606995,1,0,0,-3,1,-2.5,0.9999227523803711,0.1236815456741172,0.2443067502024171,3.145169592432069,0.17918190602863415,0.22251021828639964,0.3989499414251617
34,2090,0.2517892122268677,0.008789022453129292,0.024790426716208458,-0.5196592807769775,1,0,0,-8,1,-2.5,0.9999962449073792,0.12355786412844308,0.1565608013367562,4.229688235481621,0.0,0.20556019947797077,1.1415539599047735
34,2091,0.25096166133880615,0.0019421324832364917,-0.16442078351974487,-0.8104888200759888,1,0,0,-13,0,-5.0,0.9999125599861145,0.12343430626431463,3.064212468742816,0.06863591083781317,0.0,0.8067775063582173,0.3516761604877886
34,2092,0.24725185334682465,-0.009349397383630276,-0.5275629758834839,-1.3708901405334473,0,0,-1,-22,3,2.5,0.9995556473731995,0.12331087195805032,0.11038737181288635,0.0,0.16417741587402016,4.081463763567648,0.0
34,2093,0.2432660460472107,-0.02107943594455719,-0.30073752999305725,-1.022565245628357,0,0,-1,-16,3,2.5,0.9991299510002136,0.12318756108609227,1.8404728773066439,2.9355573700023,3.1240005103274813,28.351358386270796,6.761971786442243
34,2094,0.24144677817821503,-0.029496584087610245,-0.09157586097717285,-0.7032558917999268,0,0,0,-11,4,5.0,0.9988960027694702,0.12306437352500618,2.0334087644855265,2.7462704528986457,4.171863298470497,1.7451411919465938,33.34923344008903
34,2095,0.24269363284111023,-0.033226847648620605,0.28905484080314636,-0.12067481130361557,0,-1,1,-2,4,5.0,0.9990147352218628,0.12294130915148117,25.60715864187384,27.73550614763001,30.691182180623507,33.75023688677794,36.0195436277199
34,2096,0.24758242070674896,-0.031388893723487854,0.6409070491790771,0.41704389452934265,0,-1,1,7,3,2.5,0.9993215203285217,0.12281836784232969,33.75565063055113,39.73908299960118,33.50390658374382,25.937948732480386,26.56389500400858
34,2097,0.2547730803489685,-0.0260479636490345,0.7788742184638977,0.6252437829971313,1,0,2,10,2,0.0,0.999585747718811,0.12269554947448735,0.2935806962314776,0.0,2.037525443803996,0.16007457382305584,0.055438675382602214
34,2098,0.26221907138824463,-0.020353393629193306,0.7191094160079956,0.5292328596115112,1,0,1,8,0,-5.0,0.9996441006660461,0.12257285392501287,2.7045491173378506,0.19056941245768338,0.3490681702471127,0.2745114689745395,0.5376780175355854
34,2099,0.26695916056632996,-0.01886606588959694,0.28864598274230957,-0.13800457119941711,1,0,1,-2,4,5.0,0.9997050762176514,0.12245028107108785,0.13545157214999198,0.503743589337366,0.5548945720862509,0.0,2.4299950978842375
34,2100,0.2718506455421448,-0.017173532396554947,0.6414239406585693,0.40351438522338867,1,0,1,6,0,-5.0,0.9997148513793945,0.12232783079001676,0.6246738395415133,0.5425006277797024,0.5424836205328287,0.4581651933421645,2.544338057460605
34,2101,0.2758480906486511,-0.016887282952666283,0.2169201672077179,-0.25410929322242737,1,0,0,-4,2,0.0,0.9996157884597778,0.12220550295922675,0.27317185619963613,0.9727558614956804,3.014921211833859,0.70677354679066,0.583146330283652
34,2102,0.277917742729187,-0.01960137113928795,0.1997239738702774,-0.2832655906677246,1,0,0,-5,0,-5.0,0.9993293881416321,0.12208329745626752,4.121691326628293,0.32647630673366024,0.24816225362746624,0.5802719264186978,0.24936570307134007
34,2103,0.27768585085868835,-0.025896379724144936,-0.19175311923027039,-0.8904074430465698,1,0,0,-14,2,0.0,0.9987944960594177,0.12196121415881125,0.4614170901260682,1.5388437454941262,7.235357595041355,0.18232820634032976,0.8386378106518658
34,2104,0.27584001421928406,-0.03471992164850235,-0.17872045934200287,-0.8744353652000427,1,-1,0,-14,2,0.0,0.9981157779693604,0.12183925294465245,1.2357319933502198,1.656922436038061,12.702687513262745,0.8316150055180873,0.7941935440764444
34,2105,0.2741156220436096,-0.043407611548900604,-0.16711142659187317,-0.8619965314865112,1,-1,0,-14,3,2.5,0.9974650144577026,0.1217174136917078,1.2357319933502198,1.656922436038061,12.702687513262745,1.2276354484797913,0.7941935440764444
34,2106,0.2735658884048462,-0.05034847557544708,0.03072183206677437,-0.563737690448761,1,-1,0,-9,0,-5.0,0.9964737296104431,0.12159569627801609,9.40211953340916,3.096018039890646,1.9944771803673602,0.9334977148333756,0.8468523634373929
34,2107,0.2717069685459137,-0.059382472187280655,-0.3491465449333191,-1.1570130586624146,1,-1,-1,-19,4,5.0,0.9954381585121155,0.12147410058173808,0.20962722770568015,0.31644712097014427,1.0247083715110281,0.0,9.658729034374252
34,2108,0.27047404646873474,-0.0675414502620697,0.04877519980072975,-0.5532674789428711,1,-1,0,-9,0,-5.0,0.9941469430923462,0.12135262648115634,9.446012328765269,3.096018039890646,1.9944771803673602,0.9334977148333756,0.8468523634373929
34,2109,0.26878371834754944,-0.0765051394701004,-0.3328824043273926,-1.151282548904419,1,-1,-1,-18,3,2.5,0.9925534725189209,0.12123127385467519,0.5634926221742119,1.427243729850006,0.9389362796068365,7.9384318116482175,1.1142317092499179
34,2110,0.2666327655315399,-0.08629323542118073,-0.12462276220321655,-0.8426946401596069,1,-1,0,-13,3,2.5,0.9913225769996643,0.12111004258082052,0.2390338456551637,8.865850650528149,1.151462878721976,1.3462807416087024,0.5549197964304919
34,2111,0.2664699852466583,-0.09315285086631775,0.06727829575538635,-0.5609034299850464,1,-1,0,-9,0,-5.0,0.9895481467247009,0.1209889325382397,9.050295214011069,3.096018039890646,1.9944771803673602,0.9334977148333756,0.8468523634373929
34,2112,0.2649519443511963,-0.10223445296287537,-0.31616854667663574,-1.1642946004867554,1,-2,-1,-19,3,2.5,0.9874076247215271,0.12086794360570145,0.049352324008941656,0.0,0.0,2.3640626333343944,0.14493662595350337
34,2113,0.2629488408565521,-0.11221572011709213,-0.11089996248483658,-0.864941418170929,1,-2,0,-14,0,-5.0,0.9845648407936096,0.12074707566209575,0.4292332606263047,0.10969024690553383,1.0333808435408136,3.1444518332656766,0.2879210215975832
34,2114,0.25972357392311096,-0.12423831224441528,-0.4809611141681671,-1.4495234489440918,1,-2,-1,-23,0,-5.0,0.9798729419708252,0.12062632858643366,1.766549454992265,0.301848524518994,1.1147459885883304,0.2494748367445579,0.0
34,2115,0.2529583275318146,-0.14186982810497284,-0.8227722644805908,-1.9918755292892456,1,-2,-2,-32,4,5.0,0.9749540686607361,0.12050570225784722,0.0,0.0,0.0,0.0,1.6588008856489473
34,2116,0.2471475899219513,-0.1582590937614441,-0.39622971415519714,-1.3624367713928223,0,-3,-1,-22,1,-2.5,0.9698989391326904,0.12038519655558938,1.972739117105002,2.076160697940076,3.334532554867412,9.851112005123206,3.649959867533713
34,2117,0.2422449290752411,-0.17349641025066376,-0.5590806603431702,-1.6346946954727173,0,-3,-1,-26,1,-2.5,0.963379979133606,0.12026481135903379,0.6757083217446949,4.114468358391157,1.5451516485977728,1.0020049114621365,2.352518498202051
34,2118,0.235783651471138,-0.19136357307434082,-0.7095900177955627,-1.889866590499878,0,-3,-1,-30,3,2.5,0.9565147757530212,0.12014454654767476,0.25096062547241477,0.16694530046789624,0.1853952263580755,3.805441381256154,1.0154609610535743
34,2119,0.22997429966926575,-0.2085312157869339,-0.48102033138275146,-1.5730600357055664,0,-3,-1,-25,4,5.0,0.9510928988456726,0.12002440200112709,0.6171277462954661,0.8242371651807361,1.3612584625031117,1.6113367315060718,6.86903585477622
34,2120,0.22738273441791534,-0.22114934027194977,-0.08813341706991196,-1.011939525604248,0,-4,0,-16,1,-2.5,0.9456427693367004,0.11990437759912596,2.5542415608437397,6.907715859716131,3.0737756343962204,2.489873790112111,2.798054561663641
34,2121,0.2254200577735901,-0.23314642906188965,-0.27468809485435486,-1.3261439800262451,0,-4,-1,-21,2,0.0,0.9391801357269287,0.11978447322152684,4.369664983401407,4.578505872141701,7.357198799803954,5.070169685339484,5.602009242043351
34,2122,0.22270943224430084,-0.2466168999671936,-0.26484888792037964,-1.3466719388961792,0,-4,-1,-22,1,-2.5,0.9314268827438354,0.11966468874830531,1.5992184277012704,5.357325637645012,3.337132030954619,1.7614483515959227,3.7722307919419604
34,2123,0.21905645728111267,-0.26186466217041016,-0.4377634525299072,-1.642527461051941,0,-4,-1,-26,1,-2.5,0.9216182827949524,0.11954502405955701,1.5787775639761712,4.663927008965709,1.792159715846918,2.828131337363185,2.421103919711779
34,2124,0.21375124156475067,-0.27996721863746643,-0.5972298383712769,-1.919568657875061,0,-4,-1,-31,1,-2.5,0.9095519781112671,0.11942547903549745,0.7816631621331886,3.02477392622487,0.7829619733233381,0.49540194470586835,0.7354905891441417
34,2125,0.20692384243011475,-0.3007456362247467,-0.7440685033798218,-2.1793482303619385,0,-5,-1,-35,4,5.0,0.8978917598724365,0.11930605355646196,0.2435952590144797,0.154390059619965,0.37744855993049575,0.4524448045222521,4.000112150382093
34,2126,0.20174622535705566,-0.31954389810562134,-0.3431423306465149,-1.6345690488815308,0,-5,-1,-26,2,0.0,0.8869830369949341,0.11918674750290549,1.799957674177206,2.4650231998361827,5.504946133916599,2.932908002619616,3.7382354443478407
34,2127,0.19836091995239258,-0.33618003129959106,-0.33088192343711853,-1.6645582914352417,0,-5,-1,-27,4,5.0,0.877348005771637,0.11906756075540259,1.721925000345874,2.082358020617721,1.7883777082690289,2.252009587655727,5.509208016545083
34,2128,0.19710174202919006,-0.35021719336509705,0.0336638018488884,-1.1844089031219482,0,-6,0,-19,3,2.5,0.8695496320724487,0.11894849319464719,1.7379932708854902,1.9679014213692723,2.297079921000933,2.214602904669376,3.720017599769833
34,2129,0.19831669330596924,-0.3611791431903839,0.19302278757095337,-1.0058246850967407,0,-6,0,-16,4,5.0,0.863812267780304,0.11882954470145254,1.4209888117989429,1.4554761182913418,1.9104946757259333,3.4140064308890246,1.6725901916526582
34,2130,0.20205068588256836,-0.3690361976623535,0.5153955221176147,-0.5944698452949524,0,-6,1,-10,1,-2.5,0.8576470613479614,0.11871071515675109,0.8110343378700415,2.2840395629014845,0.33110359592962435,0.5095708143153688,0.7145769459319534
34,2131,0.20588012039661407,-0.37729695439338684,0.28803616762161255,-0.9762880206108093,0,-6,1,-16,3,2.5,0.8507020473480225,0.11859200444159435,0.6671803859971694,0.710899156054325,0.8390463739295317,1.6430197835527758,0.8573994763106603
34,2132,0.20951904356479645,-0.38639095425605774,0.42681315541267395,-0.8333365321159363,0,-6,1,-13,4,5.0,0.845753014087677,0.11847341243715274,2.0953992654634828,1.7638482783259237,1.7594924636919305,1.7686628111276066,3.058356346344183
34,2133,0.21547359228134155,-0.3927428424358368,0.72897869348526,-0.458896666765213,0,-6,1,-7,0,-5.0,0.8390564918518066,0.1183549390247156,3.194448022259346,1.4560763749225143,1.5984635575303643,1.533562276634261,1.1794763654278113
34,2134,0.2203703373670578,-0.4011777639389038,0.3139784634113312,-1.1083065271377563,0,-6,1,-18,4,5.0,0.8316879272460938,0.11823658408569088,0.846321813220557,0.30258311833308055,0.5149234100228178,1.1005924628058534,3.2817035585154795
34,2135,0.22523286938667297,-0.41025859117507935,0.622398853302002,-0.729892909526825,0,-7,1,-12,4,5.0,0.8271400332450867,0.11811834750160519,-0.5031049681901932,-0.48724645887247786,-0.37219897839546207,-0.5630493203360846,0.33870713033316413
34,2136,0.23304471373558044,-0.41576439142227173,0.9075528383255005,-0.38711485266685486,0,-7,2,-6,4,5.0,0.8252580761909485,0.11800022915410358,-0.33714943922983853,-0.19013658932447436,-0.0425985321751833,0.025207928376612926,0.8579346574192918
34,2137,0.24358868598937988,-0.41802147030830383,1.1719807386398315,-0.07511398941278458,0,-7,2,-1,4,5.0,0.8258506059646606,0.11788222892494947,-0.0819176732788086,-0.04133199583999926,-0.022870359008869773,0.0,1.2290299811814167
35,2138,0.256670743227005,-0.41731223464012146,1.417854905128479,0.21021845936775208,1,-7,3,3,0,-5.0,-2.175905466079712,0.11776434669602452,0.06458590298038723,0.0,0.0,0.0,0.0
35,2139,0.12150073051452637,-0.17443424463272095,0.05800443887710571,-0.10313873738050461,0,-3,0,-2,2,0.0,0.9690933227539062,0.1176465823493285,6.1247608008328935,7.457671549613016,16.882006731769938,7.5377197675589525,5.8884696599196
35,2140,0.12198859453201294,-0.17580297589302063,0.04485910385847092,-0.1494244784116745,0,-3,0,-2,2,0.0,0.9684482216835022,0.11752893576697916,6.1247608008328935,7.457671549613016,16.89498638982903,7.5377197675589525,5.8884696599196
35,2141,0.12235007435083389,-0.17762833833694458,0.03262583911418915,-0.19453401863574982,0,-3,0,-3,3,2.5,0.9682073593139648,0.11741140683121218,9.76695226611355,9.357622832998427,13.28758228817487,16.339577751219977,12.086013132137623
35,2142,0.12364380061626434,-0.1783047914505005,0.2058188021183014,0.041761286556720734,0,-3,0,1,2,0.0,0.9682002067565918,0.11729399542438097,7.675216685854,11.100711570788274,16.855260673571284,8.672717619188862,7.58775763575697
35,2143,0.12554632127285004,-0.17832501232624054,0.18158288300037384,-0.02190154790878296,0,-3,0,0,2,0.0,0.9679709672927856,0.11717670142895659,9.167692508397312,11.575878859282266,15.925838053028247,8.660392888391332,7.79854189619407
35,2144,0.127216637134552,-0.1789664924144745,0.15913185477256775,-0.08287002146244049,0,-3,0,-1,1,-2.5,0.9669492244720459,0.11705952472752763,10.77898152904097,14.844074846957731,13.63562226562763,9.161162726659182,11.071219524352022
35,2145,0.12762196362018585,-0.18179862201213837,-0.04623330384492874,-0.4217317998409271,0,-3,0,-7,3,2.5,0.9658837914466858,0.1169424652028001,11.077059100504027,10.0375690753186,12.31620323523709,15.175148106927306,10.995554150452815
35,2146,0.1281583160161972,-0.1847056746482849,0.13247258961200714,-0.17796999216079712,0,-3,0,-3,3,2.5,0.9656654596328735,0.1168255227375973,9.76695226611355,9.466294785665703,13.28758228817487,16.31679679796474,12.223809340938292
35,2147,0.13040468096733093,-0.18529577553272247,0.2977275252342224,0.04489196091890335,0,-3,1,1,2,0.0,0.9656438231468201,0.1167086972148597,7.24516681281486,8.862609194154805,14.612026925729019,8.742549942731664,6.61277315298314
35,2148,0.13318535685539246,-0.18535424768924713,0.26640838384628296,-0.030509792268276215,0,-3,1,0,1,-2.5,0.9647546410560608,0.11659198851764484,9.176943230695576,14.093357629589327,9.192684151452045,9.32026622123104,8.232212922088987
35,2149,0.13461753726005554,-0.18773745000362396,0.05306604504585266,-0.38205042481422424,0,-3,0,-6,2,0.0,0.9631693363189697,0.1164753965291272,11.119238459990882,10.996637778547612,15.780268200877625,13.73553082550071,10.420008922242763
35,2150,0.13505400717258453,-0.19191302359104156,0.039746880531311035,-0.4305952489376068,0,-3,0,-7,3,2.5,0.961980402469635,0.11635892113259806,11.077059100504027,10.134637863030164,12.31620323523709,15.425407621435337,10.995554150452815
35,2151,0.1364085078239441,-0.194986030459404,0.21128974854946136,-0.19971370697021484,0,-3,0,-3,3,2.5,0.9616363644599915,0.11624256221146546,9.76695226611355,9.466294785665703,13.28758228817487,16.029139827511013,12.223809340938292
35,2152,0.13940440118312836,-0.1958663910627365,0.3699153661727905,0.01107805222272873,0,-3,1,0,1,-2.5,0.9608319997787476,0.116126319649254,9.176943230695576,13.890141890544628,9.192684151452045,9.32026622123104,8.232212922088987
35,2153,0.14182700216770172,-0.1979091465473175,0.1488938331604004,-0.35298988223075867,0,-3,0,-6,2,0.0,0.9592480659484863,0.11601019332960474,11.119238459990882,10.996637778547612,15.835482805498831,13.73553082550071,10.420008922242763
35,2154,0.1431780904531479,-0.20187123119831085,0.12806253135204315,-0.4143655598163605,0,-3,0,-7,3,2.5,0.9580323100090027,0.11589418313627514,11.077059100504027,10.134637863030164,12.31620323523709,15.431581322943114,10.995554150452815
35,2155,0.14537322521209717,-0.20486019551753998,0.2922912538051605,-0.19653329253196716,0,-3,1,-3,3,2.5,0.9576538801193237,0.11577828895313887,5.334357158809593,4.370474536488895,7.07224965972925,13.857004917867961,5.702196158013992
35,2156,0.1491398960351944,-0.2057817131280899,0.4441744089126587,0.002124447375535965,0,-3,1,0,1,-2.5,0.9567487239837646,0.11566251066418573,9.176943230695576,14.064300306981188,9.192684151452045,9.32026622123104,8.232212922088987
35,2157,0.15227319300174713,-0.20796942710876465,0.21768935024738312,-0.37099337577819824,0,-3,0,-6,2,0.0,0.954983651638031,0.11554684815352155,11.119238459990882,10.996637778547612,15.863896697693168,13.73553082550071,10.420008922242763
35,2158,0.15428027510643005,-0.2121705859899521,0.19139240682125092,-0.4420519173145294,0,-3,0,-7,3,2.5,0.9535601139068604,0.11543130130536802,11.077059100504027,10.134637863030164,12.31620323523709,15.366054846019145,10.995554150452815
35,2159,0.15707668662071228,-0.21549919247627258,0.3501453399658203,-0.23455564677715302,0,-3,1,-4,3,2.5,0.9529715180397034,0.11531587000406265,4.621493711922834,6.449446323920421,5.8791090807948105,12.15153488968909,5.930678029799953
35,2160,0.16139206290245056,-0.21686065196990967,0.49694299697875977,-0.04567549750208855,0,-3,1,-1,0,-5.0,0.9510982036590576,0.1152005541340586,11.175930786357942,6.235415654441642,7.695923226854274,6.006892336370651,3.9486808328433654
35,2161,0.16398897767066956,-0.2211376130580902,0.08355779200792313,-0.7012838125228882,0,-4,0,-11,4,5.0,0.9491754174232483,0.11508535357992454,8.067619856511897,4.705996531252035,5.86303646031115,4.694963355539846,3.2391299854582027
35,2162,0.16678859293460846,-0.2254430055618286,0.4324895143508911,-0.20937013626098633,0,-4,1,-3,4,5.0,0.9493470191955566,0.11497026822634461,1.8377595096071446,1.6490459393180905,1.37495434953851,1.6789816358296297,3.2558116463468445
35,2163,0.17292730510234833,-0.22506208717823029,0.7552570700645447,0.24228721857070923,0,-4,2,4,4,5.0,0.9514398574829102,0.11485529795811826,1.4628075660524957,0.5240472509126088,0.5661628098772109,0.23563005561173023,1.6639350498651522
35,2164,0.18216054141521454,-0.2203635424375534,1.054663062095642,0.6591117978096008,0,-4,2,11,0,-5.0,0.9525017142295837,0.11474044266016015,0.9368497347591048,0.06158893501726608,0.0,0.6420770353029653,0.04756568372249603
35,2165,0.19010427594184875,-0.21794094145298004,0.6006332039833069,-0.0578296035528183,0,-3,1,-1,0,-5.0,0.9505362510681152,0.11462570221749999,11.078835717681496,6.235415654441642,7.695923226854274,6.006892336370651,3.9486808328433654
35,2166,0.19369515776634216,-0.22240449488162994,0.17971348762512207,-0.7247983813285828,0,-4,0,-12,3,2.5,0.94775390625,0.11451107651528249,3.38322193880549,4.1070785038093796,3.9619435401776437,7.751579532462905,2.5906062888224666
35,2167,0.19637562334537506,-0.2285739928483963,0.3386647701263428,-0.5191628932952881,0,-4,1,-8,4,5.0,0.9465277194976807,0.11439656543876721,3.1769498954660453,2.55343606084537,2.180376633866844,2.7931451282033004,4.84353554381744
35,2168,0.2016134113073349,-0.23124085366725922,0.667943000793457,-0.05869027599692345,0,-4,1,-1,1,-2.5,0.9451524615287781,0.11428216887332844,1.3905188075194654,6.807618188731817,1.5096227809646183,1.7076768267561475,0.9502340924889507
35,2169,0.2068900614976883,-0.23419542610645294,0.42525362968444824,-0.4579821228981018,0,-4,1,-7,0,-5.0,0.9411708116531372,0.11416788670445512,7.716156937738779,3.273696332821981,2.7399860263488245,2.3904299922474896,2.932889844967191
35,2170,0.2088053971529007,-0.24254730343818665,0.018304996192455292,-1.10395348072052,0,-4,0,-18,1,-2.5,0.9346963167190552,0.11405371881775066,1.7139652818454625,7.113751288843367,3.4686798148945064,3.7035874513539406,3.1454120979564024
35,2171,0.20786307752132416,-0.2555459141731262,-0.175747811794281,-1.4311074018478394,0,-4,0,-23,2,0.0,0.9270138740539551,0.11393966509893291,0.8691945237250192,1.2592916495360367,5.828515298173365,0.9057702965531129,1.4399076995596225
35,2172,0.20609603822231293,-0.27015942335128784,-0.17375849187374115,-1.4667437076568604,0,-4,0,-23,2,0.0,0.9186886548995972,0.11382572543383399,0.8691945237250192,1.2592916495360367,5.804098543754715,0.9057702965531129,1.4399076995596225
35,2173,0.2043447196483612,-0.28515154123306274,-0.1723669469356537,-1.5054229497909546,0,-5,0,-24,3,2.5,0.9105753302574158,0.11371189970840015,1.0009794972573463,1.3044069911828864,0.8926703870680252,4.446688483384509,1.0817879417381357
35,2174,0.20362553000450134,-0.2990395128726959,0.008118821308016777,-1.2813149690628052,0,-5,0,-21,1,-2.5,0.9015074968338013,0.11359818780869176,2.5247969707336564,5.169804381339599,2.3064771160864606,2.479625240201914,2.5104818898013432
35,2175,0.2025895118713379,-0.31383511424064636,-0.1839447021484375,-1.6091985702514648,0,-5,0,-26,3,2.5,0.8918783664703369,0.11348458962088306,0.806806988739436,1.5692458037399328,0.926404559254318,4.507113112746302,2.346126756636188
35,2176,0.20174556970596313,-0.3288184404373169,-0.004841485992074013,-1.3936933279037476,0,-5,0,-22,4,5.0,0.8841807842254639,0.11337110503126219,1.342194546239376,2.026691161453039,1.8461405202353678,2.0493709090622065,4.749366256643311
35,2177,0.20361573994159698,-0.34032219648361206,0.33694174885749817,-0.9441629648208618,0,-5,1,-15,4,5.0,0.8791886568069458,0.11325773392623092,1.3367803231947293,0.9689339785065498,0.8356180546807571,0.832595457989727,4.298051574081963
35,2178,0.20874838531017303,-0.3475792407989502,0.6520090103149414,-0.536840558052063,0,-6,1,-9,3,2.5,0.8757920265197754,0.1131444761923047,0.9429808354598671,0.5473399998359865,0.7630943066889018,3.4204325672313307,0.6422883630442383
35,2179,0.21589122712612152,-0.35243141651153564,0.7668840289115906,-0.42191123962402344,0,-6,2,-7,1,-2.5,0.8710373640060425,0.11303133171611239,0.5931531685273671,2.864777455865318,0.609032121507073,1.7549483458837987,0.7758143346516047
35,2180,0.22213001549243927,-0.35911378264427185,0.5208575129508972,-0.8304842710494995,0,-6,1,-13,4,5.0,0.8664805293083191,0.11291830038439628,2.148388945319116,1.7638482783259237,1.7594924636919305,1.7686628111276066,3.1753149601163777
35,2181,0.2290106564760208,-0.36540308594703674,0.8202087879180908,-0.45160746574401855,0,-6,2,-7,1,-2.5,0.8613089919090271,0.11280538208401188,0.5931531685273671,2.7699517539243796,0.609032121507073,1.7549483458837987,0.7758143346516047
35,2182,0.23576436936855316,-0.3724125623703003,0.5710859298706055,-0.8647385835647583,0,-6,1,-14,3,2.5,0.8551859259605408,0.11269257670192787,0.7757426301750181,1.275831881689603,1.4016511990420426,3.4051307709773937,1.3648462122543124
35,2183,0.24212196469306946,-0.38054436445236206,0.6902434825897217,-0.7488538026809692,0,-6,1,-12,4,5.0,0.8508623242378235,0.11257988412522593,2.217443582475151,2.575073039656778,1.5512854153469413,1.6399432390863211,3.6491569283358363
35,2184,0.25061026215553284,-0.3861834704875946,0.9747278690338135,-0.397839218378067,1,-6,2,-6,1,-2.5,0.8457543253898621,0.1124673042411007,0.0,0.7104537060265308,0.0,0.08889160896033049,0.0
35,2185,0.25885242223739624,-0.39274126291275024,0.7158340811729431,-0.8249212503433228,1,-6,1,-13,1,-2.5,0.837256908416748,0.1123548369368596,0.15035676804035902,1.3124818607423538,0.1424767160355931,0.04977818404991369,0.16697528651696975
36,2186,0.26461556553840637,-0.40341416001319885,0.476138174533844,-1.224507212638855,1,-6,1,-20,0,-5.0,-2.1758363246917725,0.11224248209992274,0.6039426935741349,0.10158099808500902,0.05093605827808381,0.0,0.0
36,2187,-0.06323343515396118,0.2077692151069641,-0.19640353322029114,0.061001867055892944,0,3,0,1,3,2.5,0.9557177424430847,0.11213023961782281,9.643617672039248,7.886470587032494,10.141769049243333,15.773935648993959,4.7426368530317085
36,2188,-0.06399233639240265,0.21043351292610168,0.011882249265909195,0.40679311752319336,0,3,0,7,2,0.0,0.9538387656211853,0.11201810937820499,14.607482006472875,14.323199822514649,16.35903025568201,13.114693940873835,11.114054355657128
36,2189,-0.06379882246255875,0.2148517370223999,0.02142726257443428,0.45292332768440247,0,3,0,7,2,0.0,0.9517178535461426,0.11190609126882678,14.607482006472875,14.323199822514649,16.112008067662778,13.114693940873835,11.114054355657128
36,2190,-0.06351256370544434,0.21973198652267456,0.030441338196396828,0.49890345335006714,0,4,0,8,4,5.0,0.9479213953018188,0.11179418517755796,3.2098644498825886,4.039370164111235,5.888055601006922,5.467017693780625,10.438533701114372
36,2191,-0.06105782836675644,0.22820737957954407,0.40474650263786316,1.0956475734710693,0,4,1,18,2,0.0,0.9427409768104553,0.1116823909923804,5.007565040271686,9.342840064604204,3.871551472539982,2.8390327830443205,1.349837526952469
36,2192,-0.0570988766849041,0.23928862810134888,0.3856278955936432,1.1014333963394165,0,4,1,18,1,-2.5,0.9380457401275635,0.11157070860138803,5.007565040271686,9.446273676367282,3.871551472539982,2.8390327830443205,1.349837526952469
36,2193,-0.05435466393828392,0.24890607595443726,0.1864461600780487,0.8390906453132629,0,4,0,13,1,-2.5,0.9344382286071777,0.11145913789278664,7.371472989954496,10.639215351783513,8.5384220592514,6.902986226321131,4.89813756256228
36,2194,-0.05351131036877632,0.25605034828186035,0.0029540974646806717,0.6022331118583679,0,4,0,10,2,0.0,0.9310948848724365,0.11134767875489385,5.713631740139624,6.298898108148548,11.90378286035444,6.596458359135568,6.3799916275641415
36,2195,-0.05338983237743378,0.26249799132347107,0.01492602564394474,0.6585907340049744,0,4,0,11,3,2.5,0.9265347719192505,0.11123633107613895,7.082901562594959,8.124490853260355,11.214965230867124,6.949242877083658,7.301805393958389
36,2196,-0.052122872322797775,0.27104467153549194,0.20716102421283722,0.9844342470169067,0,4,0,16,1,-2.5,0.9217789769172668,0.11112509474506281,4.383766982431884,9.206755989181199,5.288769782905221,3.7001385571850847,3.149551438614828
36,2197,-0.0510694794356823,0.27968019247055054,0.02396816574037075,0.7529432773590088,0,4,0,12,2,0.0,0.9172542691230774,0.11101396965031775,6.862620247559505,7.832180049196239,10.55870475878292,7.964638411686307,5.6544023964299
36,2198,-0.05074086785316467,0.2876555621623993,0.03516119718551636,0.8115109801292419,0,5,0,13,3,2.5,0.9113554358482361,0.11090295568066744,2.7954658342334593,2.7620231075197443,3.747056825583254,6.148373209130803,2.094795529456487
36,2199,-0.04928144812583923,0.297732412815094,0.22540007531642914,1.1360278129577637,0,5,0,18,2,0.0,0.9042491912841797,0.11079205272498677,3.156567165883792,3.1340625504965622,5.683915203957877,3.0886739182675664,1.9337424508534689
36,2200,-0.047020938247442245,0.3094363212585449,0.22212927043437958,1.1758825778961182,0,5,0,19,3,2.5,0.8956397771835327,0.11068126067226178,3.3947024922836926,3.7931348845041657,3.732019603997144,5.2648627152658385,2.241631779113677
36,2201,-0.043774425983428955,0.3230482339859009,0.39782628417015076,1.4802985191345215,0,5,1,24,1,-2.5,0.8866719603538513,0.11057057941158951,2.8124871108208787,5.000304299681881,3.6666428261417265,3.022556354972637,1.9300773509942881
36,2202,-0.04086992144584656,0.3366422653198242,0.20471759140491486,1.2463903427124023,0,5,0,20,1,-2.5,0.8788604736328125,0.11046000883217792,2.8053119556719857,4.841273454328782,2.3063583307182753,3.0193269796659643,1.7673640411359184
36,2203,-0.03980569913983345,0.3480510413646698,0.02717067115008831,1.0382944345474243,0,6,0,17,1,-2.5,0.8721829652786255,0.11034954882334574,0.8420658609275011,2.7869309017907846,1.8774001763755161,1.6160806796522826,1.2122806062003202
36,2204,-0.04043527692556381,0.35751503705978394,-0.13634228706359863,0.8531343936920166,0,6,0,14,2,0.0,0.8655363917350769,0.1102391992745224,0.7162194762026827,1.1168313903473428,3.092500735978315,1.0112844151793898,0.7854072888769256
36,2205,-0.04162674769759178,0.3666928708553314,-0.11139602214097977,0.9423505663871765,0,6,0,15,4,5.0,0.8558833599090576,0.11012896007524788,1.1315785186366867,0.9349621154043195,1.1340658887730533,1.1242988705983596,2.092483532581002
36,2206,-0.04058605432510376,0.3796268701553345,0.2621122896671295,1.5344310998916626,0,6,1,25,0,-5.0,0.8458983302116394,0.11001883111517263,2.9781985552817747,1.1036502398673314,0.5021258144912648,0.8016383310108697,0.5526934535750372
36,2207,-0.03994414955377579,0.39255788922309875,-0.09064993262290955,1.0858628749847412,0,6,0,17,1,-2.5,0.8378586769104004,0.10990881228405747,0.8420658609275011,2.7810637758281844,1.8774001763755161,1.6160806796522826,1.2122806062003202
36,2208,-0.041681334376335144,0.4026677906513214,-0.24214749038219452,0.9282091856002808,0,6,0,15,4,5.0,0.8273597955703735,0.10979890347177342,1.1315785186366867,0.9349621154043195,1.1340658887730533,1.1242988705983596,1.9554157309840887
37,2209,-0.041915182024240494,0.41549989581108093,0.13685432076454163,1.5252916812896729,0,7,0,24,3,2.5,-2.187208890914917,0.10968910456830164,-1.0855139241414675,-1.067869299375435,-1.08083681061908,-1.0869065572349204,-1.0882294399562813
37,2210,0.022609516978263855,0.08063480257987976,0.029291793704032898,-0.024775400757789612,0,1,0,0,2,0.0,0.9935182929039001,0.10957941546373333,26.00673534409284,28.277013351101353,34.986630946854326,27.6097263939383,32.063742653422466
37,2211,0.02292223460972309,0.08050895482301712,0.03131173178553581,-0.009476328268647194,0,1,0,0,2,0.0,0.9935141801834106,0.1094698360482696,26.00673534409284,28.277013351101353,35.06159860465519,27.6097263939383,32.063742653422466
37,2212,0.02325424924492836,0.08053457736968994,0.03317539766430855,0.005567015148699284,0,1,0,0,2,0.0,0.9934859871864319,0.10936036621222132,26.00673534409284,28.277013351101353,34.99758928234185,27.6097263939383,32.063742653422466
37,2213,0.023604119196534157,0.08070948719978333,0.03490214794874191,0.020407160744071007,0,1,0,0,2,0.0,0.9934338331222534,0.10925100584600911,26.00673534409284,28.277013351101353,34.923514980153456,27.6097263939383,32.063742653422466
37,2214,0.023970594629645348,0.08103199303150177,0.03650982305407524,0.035094041377305984,0,1,0,1,4,5.0,0.9928131103515625,0.1091417548401631,24.40949908475713,24.52396488571206,29.27213291435914,24.95730169142631,33.30241767098105
37,2215,0.026481153443455696,0.08477537333965302,0.4121735095977783,0.6252591013908386,0,1,1,10,2,0.0,0.991736114025116,0.10903261308532293,28.945192427111834,25.739984121828773,34.60246413825943,23.861712788433948,13.354053362886479
37,2216,0.030460704118013382,0.09090600162744522,0.38570693135261536,0.5975326895713806,0,1,1,10,2,0.0,0.990632176399231,0.1089235804722376,28.945192427111834,25.739984121828773,34.55464984109436,23.861712788433948,13.354053362886479
37,2217,0.03418935462832451,0.09678756445646286,0.36155077815055847,0.5742972493171692,0,2,1,9,0,-5.0,0.9901596307754517,0.10881465689176537,31.90058448724132,7.176404327968629,8.688436067791724,9.042351302706217,4.544990495986598
37,2218,0.035564009100198746,0.09919846802949905,-0.03403192758560181,-0.018589958548545837,0,2,0,0,2,0.0,0.9901577830314636,0.1087058422348736,25.93713866482105,25.911014421041248,35.18582087155463,28.72850092363909,27.83345581869215
37,2219,0.03527769818902016,0.09920796751976013,-0.026327230036258698,0.008236262947320938,0,2,0,0,2,0.0,0.990103542804718,0.10859713639263872,25.93713866482105,25.911014421041248,35.185203842229555,28.72850092363909,27.83345581869215
37,2220,0.035065166652202606,0.09948074817657471,-0.01919548399746418,0.03419026359915733,0,2,0,1,2,0.0,0.9899982213973999,0.10848853925624609,27.715120248999646,28.655688953509078,34.6324964810138,28.568270320697103,29.758984957673036
37,2221,0.034921031445264816,0.10000891983509064,-0.012581059709191322,0.05939671769738197,0,2,0,1,2,0.0,0.9898422360420227,0.10838005071698985,27.715120248999646,28.682366162999763,34.58001313047632,28.568270320697103,29.758984957673036
37,2222,0.03484043851494789,0.1007857695221901,-0.0064328392036259174,0.08397220820188522,0,2,0,1,2,0.0,0.9896355867385864,0.10827167066627286,27.715120248999646,28.682366162999763,34.594843528631536,28.568270320697103,29.90882974854571
37,2223,0.03481901437044144,0.10180570930242538,-0.00070380256511271,0.10802613198757172,0,2,0,2,2,0.0,0.9893777370452881,0.10816339899560658,30.113713857230568,29.650042819363797,33.05093844471982,27.789356027787722,28.04273813164138
37,2224,0.03485283628106117,0.10306421667337418,0.004649291280657053,0.1316612809896469,0,2,0,2,2,0.0,0.9890676736831665,0.10805523559661097,30.113713857230568,29.650042819363797,32.99681827717676,27.789356027787722,28.04273813164138
37,2225,0.03493839129805565,0.10455776005983353,0.009666208177804947,0.15497437119483948,0,2,0,2,2,0.0,0.9887037873268127,0.10794718036101436,30.113713857230568,29.650042819363797,32.94474277129157,27.789356027787722,28.04273813164138
37,2226,0.035072553902864456,0.10628372430801392,0.014383552595973015,0.17805689573287964,0,2,0,3,1,-2.5,0.9886340498924255,0.10783923318065335,28.240272735682602,32.121190132939944,31.138595148940567,29.299492416274287,27.99680181200346
37,2227,0.034190982580184937,0.10661119222640991,-0.1677737534046173,-0.08539805561304092,0,2,0,-1,2,0.0,0.9887529015541077,0.10773139394747269,22.509654199681663,21.766911588645314,35.79548102616772,23.26611907124056,22.46830031899063
37,2228,0.03262687847018242,0.10605236142873764,-0.14971938729286194,-0.041596002876758575,0,2,0,-1,2,0.0,0.988781213760376,0.10762366255352522,22.509654199681663,21.766911588645314,35.80540857786079,23.26611907124056,22.46830031899063
37,2229,0.0312354639172554,0.10591891407966614,-0.13303515315055847,3.077997826039791e-05,0,2,0,0,2,0.0,0.9887235164642334,0.1075160388909717,26.105727526413,26.130294423431145,35.27013184895556,28.72850092363909,27.83345581869215
37,2230,0.03000376559793949,0.10619069635868073,-0.11759941279888153,0.03973131254315376,0,2,0,1,2,0.0,0.9885830879211426,0.10740852285208072,27.715120248999646,28.5231298488907,34.28616617319094,28.568270320697103,29.90882974854571
37,2231,0.028919978067278862,0.10684992372989655,-0.10330022126436234,0.0777370035648346,0,2,0,1,2,0.0,0.988361656665802,0.10730111432922863,27.715120248999646,28.5231298488907,34.25631684035994,28.568270320697103,29.90882974854571
37,2232,0.0279733594506979,0.10788103193044662,-0.09003455936908722,0.11426319181919098,0,2,0,2,0,-5.0,0.9887612462043762,0.1071938132148994,30.254597333435765,29.650042819363797,33.07086653526251,27.75381372858879,28.04273813164138
37,2233,0.025031298398971558,0.10601302981376648,-0.4508868455886841,-0.4231415092945099,0,2,-1,-7,4,5.0,0.988865852355957,0.1070866194016845,5.6184005546860325,12.146484207460126,12.336739600039792,14.482676604624153,31.95705941741233
37,2234,0.022878995165228844,0.10551837831735611,-0.038510292768478394,0.2257358729839325,0,2,0,4,1,-2.5,0.9886885285377502,0.10697953278228281,29.261432589263304,32.5339371893613,29.146454961019472,26.246616305448498,24.155817352805435
37,2235,0.021490534767508507,0.10635554045438766,-0.21677221357822418,-0.031863290816545486,0,2,0,-1,1,-2.5,0.9890307784080505,0.10687255324950053,22.509654199681663,22.22970847033917,35.98037059717271,23.26611907124056,22.46830031899063
37,2236,0.018395541235804558,0.10473430156707764,-0.38169506192207336,-0.2689187228679657,0,2,-1,-4,4,5.0,0.9888198971748352,0.10676568069625103,18.294230323399525,24.605825378566358,26.66276588209984,27.33862812994535,31.376205339234318
37,2237,0.016905806958675385,0.10573592782020569,0.02552507072687149,0.3719482421875,0,2,0,6,1,-2.5,0.9883373379707336,0.10665891501555477,27.577384676612866,31.934266961460715,28.49616994006981,25.582358920503612,23.747838504493387
37,2238,0.01613047905266285,0.10799387097358704,-0.15750636160373688,0.10711344331502914,0,2,0,2,2,0.0,0.9880412817001343,0.10655225610053921,30.254597333435765,29.61989866704522,33.05115453212662,27.967768271656126,28.04273813164138
37,2239,0.014665241353213787,0.10935601592063904,-0.14013861119747162,0.15011055767536163,0,2,0,2,2,0.0,0.9876481294631958,0.10644570384443867,30.254597333435765,29.61989866704522,32.54552222905551,27.967768271656126,28.274327827909364
37,2240,0.013366801664233208,0.11113912612199783,-0.12400119006633759,0.19143112003803253,0,2,0,3,2,0.0,0.9871567487716675,0.10633925814059424,27.50733798089834,31.211136972606322,31.773568862789507,29.227164268010988,27.99680181200346
37,2241,0.012223529629409313,0.11332794278860092,-0.10898265242576599,0.23130856454372406,0,2,0,4,1,-2.5,0.9869394302368164,0.10623291888245365,29.261432589263304,32.7102056443953,29.146454961019472,26.246616305448498,24.155817352805435
37,2242,0.010164221748709679,0.11428292840719223,-0.2814265191555023,-0.01595558226108551,0,2,-1,0,1,-2.5,0.9872583150863647,0.1061266859635712,21.73825444177486,31.239372842732983,26.565169030475822,26.281892544401906,25.914678702740666
37,2243,0.006454107817262411,0.11287914216518402,-0.44096502661705017,-0.24333456158638,0,2,-1,-4,4,5.0,0.9869623184204102,0.10602055927760762,18.294230323399525,24.605825378566358,26.985590891105723,27.33862812994535,31.186439360286705
37,2244,0.004397780634462833,0.11418267339468002,-0.02929520606994629,0.4050288498401642,0,2,0,6,1,-2.5,0.9863520264625549,0.10591453871833001,27.577384676612866,32.20752684013435,28.49616994006981,25.582358920503612,23.747838504493387
37,2245,0.0031017703004181385,0.1168246641755104,-0.20763088762760162,0.1489395797252655,0,2,0,2,2,0.0,0.9859215617179871,0.10580862417961168,30.36480539852146,29.61989866704522,32.05440307153439,27.967768271656126,28.274327827909364
37,2246,0.0011598451528698206,0.11865255981683731,-0.1860969215631485,0.19963470101356506,0,2,0,3,2,0.0,0.9853646755218506,0.10570281555543207,27.826280476792114,31.211136972606322,32.50812063460408,29.28482642913215,27.99680181200346
37,2247,-0.000575235637370497,0.12097644060850143,-0.16608400642871857,0.24827811121940613,0,2,0,4,1,-2.5,0.9850783348083496,0.10559711273987664,29.261432589263304,32.941245618341185,29.146454961019472,26.246616305448498,24.0912087754753
37,2248,-0.0031774563249200583,0.12215417623519897,-0.33371952176094055,0.009775485843420029,0,2,-1,0,1,-2.5,0.9853449463844299,0.10549151562713677,21.73825444177486,30.715240123805316,26.565169030475822,26.036066917145206,25.914678702740666
37,2249,-0.007384355645626783,0.12105795741081238,-0.48879843950271606,-0.20935118198394775,0,2,-1,-3,4,5.0,0.9849350452423096,0.10538602411150963,15.219123306217078,15.61219776569307,18.77818196993787,29.53692461697708,17.451315903653374
37,2250,-0.009897983632981777,0.12273930758237839,-0.07357128709554672,0.4450879693031311,0,2,0,7,1,-2.5,0.9841671586036682,0.10528063808739813,26.01363331498016,30.905090522517668,27.096727775371708,24.309814044516383,19.300809923983152
37,2251,-0.011613675393164158,0.12582851946353912,-0.24799011647701263,0.1965779960155487,0,2,0,3,2,0.0,0.9835714101791382,0.10517535744931072,27.826280476792114,31.211136972606322,32.09888924433429,29.28482642913215,27.99680181200346
37,2252,-0.013938812538981438,0.12817396223545074,-0.22302499413490295,0.2538546025753021,0,2,0,4,1,-2.5,0.9832402467727661,0.10507018209186142,29.261432589263304,32.5937759575267,29.146454961019472,26.246616305448498,24.25655161707197
37,2253,-0.017082642763853073,0.1294594258069992,-0.385897696018219,0.023958075791597366,0,2,-1,0,1,-2.5,0.9834738373756409,0.10496511190976955,21.73825444177486,30.185853054403637,26.565169030475822,25.8148818807161,25.914678702740666
37,2254,-0.02178553119301796,0.12855398654937744,-0.536568820476532,-0.18710078299045563,0,2,-1,-3,3,2.5,0.9833914041519165,0.10486014679785978,15.219123306217078,15.61219776569307,18.77818196993787,30.465673372007267,17.451315903653374
37,2255,-0.025814685970544815,0.1288743019104004,-0.30390772223472595,0.18841871619224548,0,2,-1,3,1,-2.5,0.9832143783569336,0.10475528665106192,28.019668539060305,31.368389203461426,27.208423363826775,26.37742144609907,21.331691642055524
37,2256,-0.029732689261436462,0.12955930829048157,-0.4607087969779968,-0.032077204436063766,0,2,-1,-1,1,-2.5,0.9835795760154724,0.10465053136441085,18.14025451717879,30.952220408861553,26.355137127541255,24.494420759829467,24.681334637686483
37,2257,-0.03515200689435005,0.1281421035528183,-0.6058144569396973,-0.23461700975894928,0,2,-1,-4,4,5.0,0.9831903576850891,0.10454588083304645,18.294230323399525,24.949390472120033,27.039034725056148,27.33862812994535,31.4816339998456
37,2258,-0.03878578916192055,0.12965208292007446,-0.18191060423851013,0.4336029291152954,0,2,0,7,2,0.0,0.9819552302360535,0.1044413349522134,26.269537400704216,31.410718394093355,27.31818032657567,24.309814044516383,19.38225267688381
37,2259,-0.04047718271613121,0.13433076441287994,-0.16173586249351501,0.4841577112674713,0,2,0,8,1,-2.5,0.9809858202934265,0.10433689361726119,26.037507010166067,30.712660069548573,22.923937056528846,20.31692259833672,14.11911638062502
37,2260,-0.04303131625056267,0.13789209723472595,-0.32874995470046997,0.24912887811660767,0,2,-1,4,0,-5.0,0.9810654520988464,0.10423255672364393,30.759767779781818,17.202565687230177,16.61669572029326,18.05724056008001,12.71134153738598
37,2261,-0.04823983833193779,0.13760286569595337,-0.6688967943191528,-0.25000518560409546,0,2,-1,-4,4,5.0,0.9806773066520691,0.10412832416692028,18.44460106400075,24.949390472120033,27.039034725056148,27.33862812994535,31.53192566630436
37,2262,-0.05247742310166359,0.13900622725486755,-0.2403959482908249,0.4258424937725067,0,2,0,7,1,-2.5,0.9798231720924377,0.10402419584275335,26.269537400704216,31.574617574060085,27.31818032657567,24.309814044516383,19.38225267688381
37,2263,-0.05578233301639557,0.1420452892780304,-0.40120482444763184,0.20114563405513763,0,2,-1,3,1,-2.5,0.9795659184455872,0.1039201716469106,28.019668539060305,31.30142763928126,27.208423363826775,26.538427672981122,21.27037248436055
37,2264,-0.060625459998846054,0.14294791221618652,-0.5498186945915222,-0.0044293031096458435,0,2,-1,0,2,0.0,0.97940593957901,0.10381625147526369,22.468074045081075,30.911556670143526,26.671948658666903,25.8148818807161,25.914678702740666
37,2265,-0.06583505123853683,0.14350628852844238,-0.5016294121742249,0.09076216071844101,0,2,-1,1,3,2.5,0.9785085320472717,0.10371243522378842,22.442357913121683,21.924696001292183,24.409329404228853,26.90590473457835,22.98720529694501
37,2266,-0.0695267915725708,0.146599680185318,-0.2713322639465332,0.46421757340431213,0,2,-1,7,0,-5.0,0.9779636263847351,0.10360872278856463,28.641439672765586,15.703215719379136,8.436353680411084,11.441031168564859,9.942937258055393
37,2267,-0.07417979091405869,0.14844658970832825,-0.6148619651794434,-0.03803536295890808,0,2,-1,-1,1,-2.5,0.9783591628074646,0.10350511406577606,18.14025451717879,30.534788035415712,26.355137127541255,24.754912893957197,24.681334637686483
37,2268,-0.08106601983308792,0.14710819721221924,-0.7471764087677002,-0.21763212978839874,0,2,-1,-3,3,2.5,0.9783086776733398,0.10340160895171029,15.219123306217078,16.606752886871604,18.77818196993787,31.30600394927513,17.90851784485789
37,2269,-0.08710891008377075,0.1472797691822052,-0.49858638644218445,0.1840725839138031,0,2,-1,3,1,-2.5,0.9780707359313965,0.10329820734275857,28.019668539060305,31.631513781122553,27.208423363826775,26.99225506553544,21.27037248436055
37,2270,-0.09288204461336136,0.14808537065982819,-0.6395909190177917,-0.008932538330554962,0,2,-1,0,0,-5.0,0.9788466691970825,0.10319490913541582,22.198753413643153,31.697305136041347,26.671948658666903,25.8148818807161,25.914678702740666
37,2271,-0.10106092691421509,0.1454416662454605,-0.9556816816329956,-0.46915704011917114,0,2,-2,-8,3,2.5,0.9794851541519165,0.1030917142262804,1.1270653042518575,3.907131391250081,2.821119820690657,17.99175388247312,9.016921363527231
37,2272,-0.10910157114267349,0.1432299017906189,-0.6916808485984802,-0.04409770667552948,0,2,-1,-1,1,-2.5,0.9798729419708252,0.10298862251205412,18.14025451717879,29.9610458197097,26.355137127541255,25.31657963972075,24.681334637686483
37,2273,-0.11672613769769669,0.14186976850032806,-0.818656861782074,-0.21647682785987854,0,2,-2,-3,4,5.0,0.9793480634689331,0.10288563388954207,5.7024061330948435,1.3224584017459173,3.941780062030639,9.634622654837496,20.360276993869206
37,2274,-0.12239795923233032,0.14370781183242798,-0.3790900409221649,0.4765252470970154,0,2,-1,8,4,5.0,0.9768378734588623,0.10278274825565252,5.498660927049477,10.196697717847526,6.959163789381063,20.1626086302793,2.912956486177902
37,2275,-0.12386124581098557,0.1521911770105362,0.027541302144527435,1.1193277835845947,0,2,0,18,2,0.0,0.973227322101593,0.10267996550739687,1.88438383700273,0.8579031081951892,4.183937235169577,0.900327036387222,0.31651518979081605
37,2276,-0.12354255467653275,0.16362354159355164,0.03270784765481949,1.1504288911819458,0,3,0,18,3,2.5,0.9686768651008606,0.10257728554188948,4.2640904352635705,2.0598965945992984,1.464975483860378,8.562510204479526,1.2826096381315395
37,2277,-0.12211889028549194,0.17698325216770172,0.2228381186723709,1.464759349822998,0,3,0,23,0,-5.0,0.964432954788208,0.1024747082563476,5.77293898909669,0.5023604213098463,0.04774413704872132,0.09152143180370331,0.07347821682291747
37,2278,-0.1220235824584961,0.18859215080738068,-0.15467137098312378,0.9185211658477783,0,3,0,15,3,2.5,0.9600876569747925,0.10237223354809125,7.806038981420393,6.9863829416541945,6.11238232533295,11.44746280693031,3.4353859136789078
37,2279,-0.12238951772451401,0.1997806876897812,0.04978647828102112,1.2569539546966553,0,3,0,20,1,-2.5,0.955449640750885,0.10226986131454316,11.893350504511499,3.92086326554052,1.8738585928313731,1.4489786137605134,1.528651690696731
37,2280,-0.1228882297873497,0.21106955409049988,-0.12843653559684753,1.0178492069244385,0,3,0,16,1,-2.5,0.9515522718429565,0.10216759145322861,4.6057597760364235,12.109508601227603,4.837410745236594,3.8076396389418576,2.596132113304428
37,2281,-0.12508603930473328,0.22010859847068787,-0.2923591732978821,0.8025417327880859,0,4,-1,13,0,-5.0,0.9491255879402161,0.10206542386177538,7.1282489801936055,5.244917520114664,2.803540657105884,2.5032593248701693,3.3893630401285315
37,2282,-0.12988828122615814,0.22555354237556458,-0.6262099146842957,0.3331161141395569,0,4,-1,5,3,2.5,0.946536660194397,0.1019633584379136,1.7959376242071659,2.0399742933144056,2.31840038632481,8.523210722595092,4.256867978678096
37,2283,-0.13476595282554626,0.23122133314609528,-0.3866518437862396,0.7273502349853516,0,4,-1,12,3,2.5,0.9420724511146545,0.10186139507947568,3.399836595392527,4.374154905858898,3.7246605259155974,7.342564929166935,3.2909974399585735
37,2284,-0.13735026121139526,0.2406815141439438,-0.1650470495223999,1.0949935913085938,0,4,0,18,1,-2.5,0.9372098445892334,0.1017595336843962,4.497802532362596,8.007665000005005,4.033670525185179,3.148959026713775,2.448135978960248
37,2285,-0.13988393545150757,0.2505795657634735,-0.32402414083480835,0.8931875228881836,0,4,-1,14,1,-2.5,0.9331347942352295,0.10165777415071181,4.015124728468368,8.4486719054715,2.769962129713538,3.4308083805395215,3.0406133803421502
37,2286,-0.14393401145935059,0.258583128452301,-0.4703705310821533,0.7122313976287842,0,4,-1,11,3,2.5,0.928196907043457,0.1015561163765611,3.3338898999642828,4.512654551223571,4.776012791152212,8.472117937668434,4.711999302646065
37,2287,-0.1473206728696823,0.26796096563339233,-0.24302534759044647,1.0901638269424438,0,4,0,17,1,-2.5,0.9227606058120728,0.10145456026018454,4.828676937438684,9.298664551562771,5.51155595252129,3.809493865902761,3.572018773434696
37,2288,-0.1505873203277588,0.2779197692871094,-0.39413705468177795,0.9057508707046509,0,4,-1,14,1,-2.5,0.918117105960846,0.10135310569992435,4.015124728468368,8.259069605760995,2.9526505390206843,3.4308083805395215,3.0406133803421502
37,2289,-0.15529540181159973,0.2861519455909729,-0.5332596302032471,0.7411350011825562,0,5,-1,12,0,-5.0,0.9151274561882019,0.10125175259422443,3.9629746902131053,1.1545340971205151,1.6207417965040452,1.9992122206187635,1.9079428461418728
37,2290,-0.16235432028770447,0.2913288176059723,-0.8413131237030029,0.3281128704547882,0,5,-2,5,2,0.0,0.9126205444335938,0.10115050084163021,0.21316966505177692,0.7123639020587078,2.365503400170903,0.9859330385368438,0.5464217096515764
37,2291,-0.1703183501958847,0.29560020565986633,-0.7670965790748596,0.4813738167285919,0,5,-2,8,0,-5.0,0.9109863638877869,0.10104935034078859,1.6952307817179553,0.0901864767074585,0.04486438930034638,0.0,0.5263024717706952
37,2292,-0.1796107143163681,0.2983514964580536,-1.0569685697555542,0.09771059453487396,0,5,-2,2,2,0.0,0.90972501039505,0.1009483009904478,0.14889713613725852,0.2136150090389898,2.1029847036537386,0.11974656743130917,0.40718056163863076
37,2293,-0.18964120745658875,0.3004578649997711,-0.967035710811615,0.27490419149398804,0,5,-2,4,4,5.0,0.9055754542350769,0.10084735268945735,0.0,0.3011369725733531,0.2173835517275132,0.5525266172693348,3.327949673260071
37,2294,-0.19677241146564484,0.307285875082016,-0.525446891784668,0.9705742001533508,0,5,-1,16,3,2.5,0.8980504274368286,0.10074650533676789,0.8722339332498945,1.9955693458710915,1.2210611038357642,4.691081275289777,1.2272594000351063
37,2295,-0.2006942331790924,0.31929537653923035,-0.29583045840263367,1.3541057109832764,0,5,-1,22,0,-5.0,0.890735924243927,0.10064575883143112,3.9182689383243483,0.5388550254399528,0.04445474147796631,0.0,0.04900498538017273
37,2296,-0.2054569125175476,0.3305512070655823,-0.6174773573875427,0.9310529828071594,0,5,-1,15,4,5.0,0.881872296333313,0.1005451130725997,1.0549463780314277,0.762632332549605,1.458193353408142,1.5842719808749282,4.909307240379974
37,2297,-0.20925626158714294,0.34369707107543945,-0.2048230618238449,1.5822559595108032,0,5,0,25,1,-2.5,0.8713274598121643,0.1004445679595271,2.075923567106979,4.209983667201101,2.530809417899628,1.4573086385470526,1.3013358496174958
37,2298,-0.21212664246559143,0.3587096035480499,-0.35378289222717285,1.4174559116363525,0,6,-1,23,0,-5.0,0.8625391721725464,0.10034412339156756,1.24451831484238,0.0,0.04440515033943537,0.13540797845709268,-0.07840114076137543
37,2299,-0.2174140214920044,0.3707570731639862,-0.6661336421966553,1.0200517177581787,0,6,-1,16,0,-5.0,0.8563144207000732,0.100243779268176,2.4162161485355234,1.287896568750619,1.0990834877758073,1.1783574327109618,1.0419388588273266
37,2300,-0.22568261623382568,0.3790587782859802,-0.9540395736694336,0.6613224744796753,0,6,-2,11,4,5.0,0.8481664657592773,0.10014353548890782,0.17899795632736082,0.12688551970106765,0.41517082962474966,0.26897489010326114,1.360991409926113
37,2301,-0.232735276222229,0.3896580934524536,-0.522211492061615,1.3361550569534302,0,6,-1,21,0,-5.0,0.839126467704773,0.10004339195341891,1.1753819953197415,0.8736059819907446,0.2984843443904368,0.46522188281086346,0.23053074365990933
37,2302,-0.23961251974105835,0.40109050273895264,-0.8183563351631165,0.9716649651527405,0,6,-2,16,1,-2.5,0.8314996957778931,0.09994334856146549,0.030716389107704162,0.527706733658529,0.1302841598608532,0.08517405347299892,-0.06994049280881882
38,2303,-0.24833355844020844,0.4104878902435303,-0.9184819459915161,0.8888578414916992,0,7,-2,14,4,5.0,-2.179177761077881,0.09984340521290402,-0.28825189429163933,-0.25527486611962324,-0.31625798225402835,-0.2954046435356141,-0.31639876246452336
38,2304,0.16868367791175842,-0.19973723590373993,0.19871079921722412,-0.019034743309020996,0,-3,0,0,2,0.0,0.9598419070243835,0.09974356180769112,9.804451878603224,12.08197947208377,16.43430873157965,8.882308279744358,7.79854189619407
38,2305,0.1705108880996704,-0.20039482414722443,0.17406845092773438,-0.08636250346899033,0,-3,0,-1,1,-2.5,0.958672285079956,0.09964381824588342,11.027657331061153,15.632740026488255,13.828863092846714,9.285246174098202,11.233305843379757
38,2306,0.1710565686225891,-0.20329201221466064,-0.03254655748605728,-0.42901691794395447,0,-3,0,-7,3,2.5,0.9574282765388489,0.09954417442763754,10.847232315203803,10.055507235097831,12.42819693174037,15.440123853849803,11.734739094911419
38,2307,0.1717120110988617,-0.20632916688919067,0.1433682143688202,-0.19381023943424225,0,-3,0,-3,3,2.5,0.9570959806442261,0.0994446302532099,10.357912607890631,9.671199087886759,13.785560248421941,16.18896435654949,12.623731476787716
38,2308,0.17405083775520325,-0.2071327269077301,0.306068480014801,0.020901616662740707,0,-3,1,0,1,-2.5,0.9562995433807373,0.09934518562295669,10.14911621362964,13.845632206852049,9.535614703308381,9.775330689822114,8.285314355417894
38,2309,0.17586058378219604,-0.20904667675495148,0.08971899747848511,-0.3370104730129242,0,-3,0,-5,2,0.0,0.9547037482261658,0.09924584043733373,7.848180727941736,6.708927857725533,15.954489869177436,9.686707314350487,8.054138690503128
38,2310,0.17664088308811188,-0.21282918751239777,0.07274926453828812,-0.3941320776939392,0,-3,0,-6,2,0.0,0.9528337717056274,0.0991465945968964,11.557164702938028,11.501360282342153,15.642452235892955,14.185709913718163,10.681396335165257
38,2311,0.17725753784179688,-0.2171778827905655,0.056889165192842484,-0.4501316547393799,0,-3,0,-7,3,2.5,0.9513735771179199,0.0990474480022995,10.847232315203803,10.055507235097831,12.42819693174037,15.166876497844257,11.734739094911419
38,2312,0.17876222729682922,-0.22051399946212769,0.22508685290813446,-0.2294086515903473,0,-4,0,-4,2,0.0,0.9501264691352844,0.09894840055429721,0.7000574062457608,0.9761464866520907,6.722215069354465,0.9319404634230506,0.9481404040279433
38,2313,0.1808357536792755,-0.22332371771335602,0.19768330454826355,-0.3038508892059326,0,-4,0,-5,1,-2.5,0.9478200674057007,0.09884945215374291,2.7211400668491725,7.9898087123846775,2.6720666050053534,1.545013000728472,1.5737010577630537
38,2314,0.18160630762577057,-0.22842936217784882,-0.01058884896337986,-0.6508638858795166,0,-4,0,-10,2,0.0,0.9446265697479248,0.09875060270158917,5.259206357888212,3.9105875047331216,8.680059928584502,4.58634200844002,2.661607049964112
38,2315,0.1814206838607788,-0.23531553149223328,-0.02082466147840023,-0.7006876468658447,0,-4,0,-11,0,-5.0,0.9395756721496582,0.09865185209888758,8.37003316670242,5.170516197220094,5.86303646031115,4.694963355539846,3.2391299854582027
38,2316,0.17906253039836884,-0.24581363797187805,-0.3948831558227539,-1.2972928285598755,0,-4,-1,-21,2,0.0,0.9329490661621094,0.0985532002467887,4.3844703454740115,4.578505872141701,7.4974065705618385,5.070169685339484,5.986730358129861
38,2317,0.17519518733024597,-0.25894197821617126,-0.37690240144729614,-1.3075436353683472,0,-4,-1,-21,2,0.0,0.9259046316146851,0.0984546470465419,4.3844703454740115,4.578505872141701,7.5443666060053225,5.070169685339484,5.986730358129861
38,2318,0.17149625718593597,-0.2722046971321106,-0.36077040433883667,-1.3225681781768799,0,-4,-1,-21,2,0.0,0.9184051752090454,0.09835619239949536,4.3844703454740115,4.578505872141701,7.5472756450439995,5.070169685339484,5.986730358129861
38,2319,0.16794820129871368,-0.2856481671333313,-0.34632664918899536,-1.342127799987793,0,-5,-1,-21,4,5.0,0.9122120141983032,0.09825783620709587,2.558756178657453,2.583326097702968,2.47019056293135,2.597489183194101,6.592388211489335
38,2320,0.1665792465209961,-0.29629048705101013,0.025910723954439163,-0.8343199491500854,0,-5,0,-13,2,0.0,0.9068940877914429,0.09815957837088878,2.702395980757638,3.460404858768868,6.326842572237889,2.05144092975719,2.662292832891572
38,2321,0.16672536730766296,-0.3051326274871826,0.010652127675712109,-0.9012306928634644,0,-5,0,-14,1,-2.5,0.9000543355941772,0.09806141879251788,3.029112490357499,5.927834763299769,2.954570993930556,2.768231041444656,2.7477965011583483
38,2322,0.16570720076560974,-0.3161417841911316,-0.1823948472738266,-1.230897068977356,0,-5,0,-20,1,-2.5,0.8908824920654297,0.09796335737372537,2.6629399407823793,5.49196950908013,2.3758410554938125,2.8161009934105525,2.7406654985090735
38,2323,0.16284333169460297,-0.33032935857772827,-0.3606472611427307,-1.5394577980041504,0,-5,-1,-25,3,2.5,0.8812832236289978,0.09786539401635165,1.849886317490638,2.6137443497691724,2.9232165190405954,5.438165302351564,3.3078827896537186
38,2324,0.16029269993305206,-0.3445529341697693,-0.17068354785442352,-1.3119100332260132,0,-6,0,-21,3,2.5,0.872797966003418,0.0977675286223353,0.9436742916016945,1.4090830674009465,1.6117882276932671,3.3696327169231557,1.166358552983495
38,2325,0.15955191850662231,-0.3566540479660034,0.0039043892174959183,-1.109995722770691,0,-6,0,-18,2,0.0,0.8643428087234497,0.09766976109371296,1.808585421782882,1.666351441534312,3.5013345357075467,2.4189084490458885,2.0549918083574386
38,2326,0.1594766080379486,-0.36831656098365784,-0.011124744080007076,-1.1848201751708984,0,-6,0,-19,4,5.0,0.8572172522544861,0.09757209133261925,1.7628697416639243,2.087796725011594,2.297079921000933,2.326509084427312,3.9267996132205134
38,2327,0.16124729812145233,-0.37786614894866943,0.3248792886734009,-0.7562549114227295,0,-6,1,-12,4,5.0,0.853033185005188,0.09747451924128663,2.217443582475151,2.60305480221352,1.8205100495097994,1.863596939868686,4.11196491571903
38,2328,0.16622933745384216,-0.3833625912666321,0.6352535486221313,-0.3673087954521179,0,-6,1,-6,1,-2.5,0.8483492732048035,0.09737704472204534,1.3820019801491075,4.186379480585778,1.4599980000266441,1.1777774723174883,0.5724384440618794
38,2329,0.17121030390262604,-0.38942351937294006,0.39982253313064575,-0.7608600854873657,0,-6,1,-12,4,5.0,0.8439382910728455,0.0972796676773233,2.217443582475151,2.60305480221352,1.8205100495097994,1.863596939868686,4.143209535345492
38,2330,0.17690211534500122,-0.3950464129447937,0.7033385634422302,-0.3854079246520996,0,-6,1,-6,1,-2.5,0.8389378786087036,0.09718238800964597,1.3820019801491075,4.153982530902533,1.4599980000266441,1.1777774723174883,0.5724384440618794
38,2331,0.18253986537456512,-0.40132537484169006,0.46378281712532043,-0.7848488688468933,0,-6,1,-13,4,5.0,0.8341372013092041,0.09708520562163633,2.2294984595388123,1.7638482783259237,1.7594924636919305,2.0810157081443608,3.0322518677084904
38,2332,0.18883612751960754,-0.4072626233100891,0.7612176537513733,-0.4218667149543762,0,-7,2,-7,4,5.0,0.8320973515510559,0.09698812041601469,-0.3843920943380302,-0.4564472581156567,-0.2742817617535591,-0.4466938630101579,1.2878443107696849
38,2333,0.19798125326633453,-0.4097593426704407,1.0368913412094116,-0.09138259291648865,0,-7,2,-1,4,5.0,0.8326264023780823,0.09689113229559868,-0.0819176732788086,-0.1053610924394589,0.024461265391263358,0.0,1.480666079145099
38,2334,0.20977173745632172,-0.4091131389141083,1.2931240797042847,0.21101310849189758,0,-7,3,3,3,2.5,0.8343721032142639,0.09679424116330308,0.048942993369429116,0.10798698329132075,0.21705027210851635,2.0004620934247646,0.19196610099077227
38,2335,0.2230423092842102,-0.40697401762008667,1.3589386940002441,0.24403958022594452,0,-7,3,4,2,0.0,0.8352196216583252,0.09669744692213977,0.042136322480776436,0.0,1.4393846294018422,0.14992826494283146,0.0
38,2336,0.23596256971359253,-0.4059314429759979,1.2472816705703735,0.025861937552690506,0,-6,2,0,1,-2.5,0.8332072496414185,0.09660074947521763,0.09337941085987211,1.3366378709406845,0.137423637437828,0.0,0.0
38,2337,0.24682633578777313,-0.4084027409553528,0.9702997207641602,-0.42664143443107605,0,-7,2,-7,4,5.0,0.8310239315032959,0.09650414872574241,-0.3843920943380302,-0.4564472581156567,-0.2742817617535591,-0.4466938630101579,1.2436452501999669
38,2338,0.25797921419143677,-0.41106706857681274,1.2313692569732666,-0.11719391494989395,1,-7,2,-2,2,0.0,0.8289608955383301,0.09640764457701667,-0.0814367508852482,-0.10884969234466553,0.04556188290715218,0.0,0.0
38,2339,0.2696737051010132,-0.41356879472732544,1.1285686492919922,-0.32314687967300415,1,-7,2,-5,3,2.5,0.8263711333274841,0.09631123693243965,-0.03833627378940582,0.0,0.0,0.15769459873437883,0.0
39,2340,0.28136199712753296,-0.4166879951953888,1.2054922580718994,-0.275389164686203,1,-7,2,-4,0,-5.0,-2.1793715953826904,0.09621492569550721,0.07377424395212537,-0.10898038148880006,0.0,0.04156928658485413,0.04459766585382224
39,2341,0.10770300030708313,-0.11474096775054932,0.041367679834365845,0.039138928055763245,0,-2,0,1,3,2.5,0.9872422814369202,0.09611871076981171,14.896550175202766,21.112447521946045,23.92279083565726,33.12450664372112,17.24943790718197
39,2342,0.1091141626238823,-0.11295007169246674,0.21878251433372498,0.29385489225387573,0,-2,0,5,1,-2.5,0.9874612092971802,0.0960225920590419,10.673961096998362,34.69690690334283,8.433069918116146,9.325696298719215,5.4862380877324615
39,2343,0.11010374873876572,-0.11197695881128311,0.01016257330775261,-0.043106965720653534,0,-2,0,-1,2,0.0,0.9873189926147461,0.09592656946698286,20.376923063796603,25.628971089040803,34.78866806724888,29.351764901918912,24.629774890914117
39,2344,0.11015655100345612,-0.1126098483800888,0.003591700689867139,-0.07011696696281433,0,-2,0,-1,2,0.0,0.9871155619621277,0.09583064289751587,20.376923063796603,25.628971089040803,34.73917627961305,29.351764901918912,24.629774890914117
39,2345,0.11014619469642639,-0.1135096549987793,-0.0025216781068593264,-0.09652622044086456,0,-2,0,-2,4,5.0,0.9875860810279846,0.09573481225461836,15.061904976859967,21.15247823072987,26.046864276947865,33.46200654526562,25.387228838810987
39,2346,0.11219839751720428,-0.11141782253980637,0.36471059918403625,0.4494769871234894,0,-2,1,7,2,0.0,0.9884752631187439,0.09563907744236373,9.588215985045485,6.5986697145549496,29.9293989906421,9.817785885399413,3.5224791274764
39,2347,0.11564712971448898,-0.10735325515270233,0.3318241834640503,0.3822965919971466,0,-2,1,6,0,-5.0,0.9885101318359375,0.09554343836492137,32.94180863700758,23.195489864666982,19.310057622201086,16.78281968848014,10.33695726684304
39,2348,0.11665913462638855,-0.1071908175945282,-0.07167641818523407,-0.2530743181705475,0,-2,0,-4,4,5.0,0.9886355400085449,0.09544789492655645,9.243306856673883,8.942104310100245,12.743460217437724,13.23096867550274,30.418578765263476
39,2349,0.11805315315723419,-0.10660408437252045,0.30128905177116394,0.3030117154121399,0,-2,1,5,1,-2.5,0.9888518452644348,0.09535244703162989,24.947620505737095,32.660061917754476,25.128710747424037,22.445111132718306,16.811465722567906
39,2350,0.11983435600996017,-0.10558487474918365,0.08667952567338943,-0.04240898787975311,0,-2,0,-1,2,0.0,0.9887109994888306,0.09525709458459826,20.376923063796603,25.628971089040803,34.724682106922586,29.351764901918912,24.629774890914117
39,2351,0.12062230706214905,-0.10624970495700836,0.07471844553947449,-0.07673685252666473,0,-2,0,-1,2,0.0,0.9884971976280212,0.09516183749001367,20.376923063796603,25.628971089040803,34.601295931164216,29.351764901918912,24.629774890914117
39,2352,0.12129546701908112,-0.10725118219852448,0.0636160671710968,-0.10985367745161057,0,-2,0,-2,3,2.5,0.9885618686676025,0.09506667565252365,15.061904976859967,21.15247823072987,26.387807045914702,33.75240137358115,25.387228838810987
39,2353,0.12292341887950897,-0.10694938153028488,0.2398870587348938,0.14441454410552979,0,-2,0,2,2,0.0,0.9887962341308594,0.09497160897687112,14.291164495095755,23.83816590535205,35.199577655719196,21.91287632580405,20.401265644294217
39,2354,0.12517796456813812,-0.10584782809019089,0.21644215285778046,0.09230335801839828,0,-2,0,1,3,2.5,0.9892627596855164,0.09487663736789426,14.896550175202766,21.112447521946045,23.92279083565726,33.05535116516219,17.24943790718197
39,2355,0.12827010452747345,-0.10362077504396439,0.38143837451934814,0.3295799791812897,0,-2,1,5,1,-2.5,0.9895175099372864,0.09478176073052637,24.947620505737095,32.640369642953644,25.23892362077394,22.445111132718306,16.811465722567906
39,2356,0.13081954419612885,-0.10238415002822876,0.16092880070209503,-0.02454843744635582,0,-2,0,0,2,0.0,0.9894088506698608,0.09468697896979585,20.126470789893784,20.334460040445265,34.847878830361154,20.04203883934274,19.133247383171444
39,2357,0.13231967389583588,-0.10291332751512527,0.1435835212469101,-0.06666295975446701,0,-2,0,-1,2,0.0,0.9892144799232483,0.09459229199082606,20.376923063796603,25.628971089040803,34.64649638961061,29.351764901918912,24.629774890914117
39,2358,0.13365350663661957,-0.1038532704114914,0.12750573456287384,-0.1069195568561554,0,-2,0,-2,3,2.5,0.9892759919166565,0.09449769969883523,15.061904976859967,21.15247823072987,26.387807045914702,33.610944733077595,25.387228838810987
39,2359,0.13589493930339813,-0.10355677455663681,0.2992483675479889,0.14100691676139832,0,-2,1,2,3,2.5,0.9898208379745483,0.09440320199913639,13.040360336262005,21.688137747774167,23.13001196319341,31.36400801374689,17.028583527029404
39,2360,0.1397811770439148,-0.10089186578989029,0.45823249220848083,0.3694736361503601,0,-2,1,6,0,-5.0,0.9898123145103455,0.09430879879713726,32.747868410675615,23.195489864666982,19.994359634236282,16.78281968848014,10.33695726684304
39,2361,0.1420043706893921,-0.1009339764714241,0.04532739520072937,-0.2797834277153015,0,-2,0,-4,4,5.0,0.9898644685745239,0.09421448999834012,9.243306856673883,8.942104310100245,12.743460217437724,13.23096867550274,30.559203377055518
39,2362,0.14452265202999115,-0.10067544877529144,0.41013240814208984,0.2650781273841858,0,-2,1,4,0,-5.0,0.9896509647369385,0.09412027550834177,27.89631636807956,16.368658339825217,14.956830710783322,12.730729520395801,7.735741744366394
39,2363,0.14628520607948303,-0.10173012316226959,0.0008134506642818451,-0.3786618709564209,0,-2,0,-6,2,0.0,0.9888285994529724,0.09402615523283343,14.285582199774947,16.92644432624543,31.640697442415245,22.633414780730217,25.73201808072705
39,2364,0.14625275135040283,-0.1056947261095047,-0.004518246278166771,-0.40231698751449585,0,-2,0,-6,2,0.0,0.987922191619873,0.0939321290776006,14.285582199774947,16.92644432624543,31.73928145375751,22.633414780730217,25.73201808072705
39,2365,0.14616775512695312,-0.1098991334438324,-0.009645615704357624,-0.42625775933265686,0,-2,0,-7,4,5.0,0.987658679485321,0.093838196948523,13.566785445441571,12.900743572568977,18.239292142448484,20.644134929242217,30.852850422484885
39,2366,0.1481541395187378,-0.11109132319688797,0.3584277033805847,0.1216777116060257,0,-2,1,2,3,2.5,0.9881900548934937,0.09374435875157447,13.040360336262005,21.688137747774167,23.392891962629385,31.470540879391052,17.028583527029404
39,2367,0.15260328352451324,-0.10867362469434738,0.5124688744544983,0.3412240743637085,0,-2,1,5,1,-2.5,0.9884625673294067,0.09365061439282289,25.521054554140466,32.56264338533849,25.23892362077394,22.905340433524305,16.811465722567906
39,2368,0.15640617907047272,-0.1074124425649643,0.2820512652397156,-0.02868521958589554,0,-2,1,0,1,-2.5,0.9879660606384277,0.09355696377843006,5.767818259710832,23.961407940112935,11.641838534660407,10.837174927874173,5.945884265825526
39,2369,0.1580027937889099,-0.10969918221235275,0.06883735954761505,-0.3721080720424652,0,-2,0,-6,2,0.0,0.9870822429656982,0.09346340681465164,14.285582199774947,16.92644432624543,31.737378683332572,22.633414780730217,25.73201808072705
39,2370,0.15861861407756805,-0.1136561781167984,0.05803101137280464,-0.40535280108451843,0,-2,0,-6,2,0.0,0.9860889315605164,0.09336994340783698,14.285582199774947,16.92644432624543,31.73794235127856,22.633414780730217,25.73201808072705
39,2371,0.1591295450925827,-0.11794521659612656,0.04784368723630905,-0.43824416399002075,0,-2,0,-7,4,5.0,0.9857640266418457,0.09327657346442915,13.566785445441571,12.900743572568977,18.239292142448484,20.644134929242217,31.174462918529102
39,2372,0.1616613268852234,-0.11931458860635757,0.4108617603778839,0.10020522028207779,0,-2,1,2,3,2.5,0.986272931098938,0.09318329689096472,13.040360336262005,21.688137747774167,23.392891962629385,31.94232530001782,16.985902232368773
39,2373,0.16660848259925842,-0.11716257035732269,0.5604150891304016,0.31140586733818054,0,-2,1,5,1,-2.5,0.9864879250526428,0.09309011359407375,25.521054554140466,31.999636789427512,25.23892362077394,23.2419392432748,16.811465722567906
39,2374,0.17086853086948395,-0.11624141037464142,0.3262218236923218,-0.06523419916629791,0,-2,1,-1,1,-2.5,0.9858548045158386,0.09299702348047968,17.67215609772277,29.65317698378368,20.958229190931533,21.235053111522298,20.526228335234016
39,2375,0.1728859841823578,-0.11893371492624283,0.10949552059173584,-0.41504988074302673,0,-2,0,-7,4,5.0,0.9855726957321167,0.0929040264569992,13.566785445441571,12.900743572568977,18.239292142448484,20.644134929242217,31.284972499347184
39,2376,0.1760074645280838,-0.12011370062828064,0.46782228350639343,0.11600472778081894,0,-2,1,2,3,2.5,0.9861131906509399,0.09281112243054221,13.040360336262005,21.688137747774167,23.392891962629385,31.47228582984679,16.985902232368773
39,2377,0.1814996898174286,-0.11784227192401886,0.6130785346031189,0.32048287987709045,0,-2,1,5,1,-2.5,0.9863424897193909,0.09271831130811167,25.521054554140466,31.465554517721493,25.23892362077394,23.2419392432748,16.811465722567906
39,2378,0.18626388907432556,-0.116865374147892,0.3749464154243469,-0.062266841530799866,0,-2,1,-1,1,-2.5,0.9857053160667419,0.09262559299680356,18.156684132503692,29.39833166587121,20.958229190931533,21.235053111522298,20.526228335234016
39,2379,0.18874779343605042,-0.11956046521663666,0.15457315742969513,-0.4177417457103729,0,-2,0,-7,4,5.0,0.985407829284668,0.09253296740380676,13.566785445441571,12.900743572568977,18.239292142448484,20.3710168422334,31.3961918433829
39,2380,0.19230051338672638,-0.12079820036888123,0.5094802379608154,0.10793577879667282,0,-2,1,2,3,2.5,0.9859254956245422,0.09244043443640296,13.530672393268045,21.688137747774167,23.392891962629385,30.526861517521898,16.985902232368773
39,2381,0.198191300034523,-0.11863593757152557,0.6515822410583496,0.3074568212032318,0,-2,1,5,1,-2.5,0.9861195683479309,0.09234799400196655,25.521054554140466,31.671815613169827,25.23892362077394,23.2419392432748,16.811465722567906
39,2382,0.20332403481006622,-0.11781531572341919,0.41056138277053833,-0.07980726659297943,0,-2,1,-1,1,-2.5,0.985429048538208,0.09225564600796458,18.156684132503692,29.86176040756932,20.958229190931533,21.235053111522298,20.526228335234016
39,2383,0.20614880323410034,-0.12071011960506439,0.18751400709152222,-0.43948784470558167,0,-2,0,-7,4,5.0,0.9850696921348572,0.09216339036195662,13.566785445441571,12.900743572568977,17.922734961459653,20.3710168422334,29.850103953052866
39,2384,0.21001626551151276,-0.12218956649303436,0.5398569703102112,0.08200336247682571,0,-2,1,1,3,2.5,0.9855256676673889,0.09207122697159466,10.774503924952871,15.004710682829081,19.076392485292736,28.5925286578172,10.767202333435065
39,2385,0.21619723737239838,-0.1203092560172081,0.6795928478240967,0.2776454985141754,0,-2,1,4,0,-5.0,0.9852545261383057,0.09197915574462306,26.536702766481177,16.368658339825217,14.956830710783322,12.730729520395801,7.735741744366394
39,2386,0.22053806483745575,-0.1214308887720108,0.25014689564704895,-0.3985222578048706,0,-2,1,-6,1,-2.5,0.9837660789489746,0.09188717658887845,5.113436879341647,16.609243958023015,6.57612065493974,8.309740641283518,8.90132582648818
39,2387,0.2218264490365982,-0.12741242349147797,0.03905510529875755,-0.7403262853622437,0,-2,0,-12,4,5.0,0.9826235175132751,0.09179528941228957,5.850029858143182,6.673646272276491,7.996333911921522,8.055401170090288,18.283943465530555
39,2388,0.22426863014698029,-0.13181999325752258,0.4018559455871582,-0.2044103443622589,0,-2,1,-3,1,-2.5,0.981511652469635,0.09170349412287727,4.772783273850136,17.74595558945679,5.649882391392225,11.665034551993582,7.990405030103244
39,2389,0.227007195353508,-0.13597188889980316,0.17919453978538513,-0.5650175213813782,0,-2,0,-9,3,2.5,0.9803001284599304,0.0916117906287544,5.495101476980322,12.879390317158492,7.321067809607426,6.918429229079528,24.795191103509445
39,2390,0.22972792387008667,-0.14035628736019135,0.3448134660720825,-0.3324516713619232,0,-2,1,-5,2,0.0,0.979221761226654,0.09152017883812565,6.85509389228106,4.64328218790191,19.44170319196872,5.84334346846021,3.8036517415753837
39,2391,0.23297537863254547,-0.14414666593074799,0.3120059072971344,-0.4038485288619995,0,-2,1,-6,1,-2.5,0.9774254560470581,0.09142865865928752,5.113436879341647,16.7463794781019,8.481916241918135,8.309740641283518,8.90132582648818
39,2392,0.23485159873962402,-0.15024833381175995,0.09588688611984253,-0.7557500004768372,0,-2,0,-12,4,5.0,0.9760041236877441,0.09133723000062824,5.850029858143182,6.673646272276491,7.996333911921522,8.055401170090288,18.253911534630298
39,2393,0.23782266676425934,-0.15490606427192688,0.4521329402923584,-0.23505449295043945,0,-2,1,-4,2,0.0,0.9750944375991821,0.09124589277062761,4.8420273238583205,3.451712675724182,17.26055423300319,8.227516828873126,8.355236217851642
39,2394,0.2420928031206131,-0.157815083861351,0.41070273518562317,-0.3216482400894165,0,-3,1,-5,1,-2.5,0.9733744263648987,0.09115464687785699,3.6316652739325592,11.502221194623857,4.235367142188521,2.5979976815476706,2.8741428735527363
39,2395,0.24491176009178162,-0.16317354142665863,0.18704091012477875,-0.6863903403282166,0,-3,0,-11,0,-5.0,0.9698487520217896,0.09106349223097913,6.311064042577913,6.98992382289433,7.118156158527895,12.447993290035674,9.307186843604725
39,2396,0.24453698098659515,-0.1736411154270172,-0.20482054352760315,-1.3077290058135986,0,-3,0,-21,2,0.0,0.9650773406028748,0.09097242873874815,0.731830084545749,0.33325256877035814,3.853449212909406,0.4532685875891036,0.3509979995033417
39,2397,0.24251483380794525,-0.1868761032819748,-0.19757488369941711,-1.3231902122497559,0,-3,0,-21,2,0.0,0.9598833322525024,0.0908814563100094,0.731830084545749,0.33325256877035814,3.9374581797299957,0.4532685875891036,0.3509979995033417
39,2398,0.2405579388141632,-0.20029151439666748,-0.19141684472560883,-1.3423010110855103,0,-3,0,-21,2,0.0,0.9542368650436401,0.0907905748536994,0.731830084545749,0.33325256877035814,4.155634673100927,0.4532685875891036,0.3509979995033417
39,2399,0.2386559545993805,-0.2139231115579605,-0.1862524002790451,-1.364935278892517,0,-3,0,-22,3,2.5,0.9488174319267273,0.0906997842788457,0.04761631488800049,0.5928140515185787,0.3216271638957775,6.598295388787646,0.7157524251957471
39,2400,0.2378406822681427,-0.22623570263385773,0.0009993240237236023,-1.1151670217514038,0,-4,0,-18,1,-2.5,0.9427245259284973,0.09060908449456685,2.0818770227706933,7.400643999472795,3.714367483183475,3.7035874513539406,3.505384184252483
39,2401,0.2367333173751831,-0.2393229752779007,-0.19186821579933167,-1.439288854598999,0,-4,0,-23,2,0.0,0.9354925155639648,0.09051847541007228,0.8691945237250192,1.2592916495360367,5.9979221895354495,1.1667044659283494,1.6909821424782674
39,2402,0.23481659591197968,-0.2539832890033722,-0.18806403875350952,-1.4698162078857422,0,-4,0,-24,1,-2.5,0.9268233180046082,0.09042795693466221,1.0014905095944355,5.2706507993769,0.7921725185069428,0.8776887657560977,1.4256829494651373
39,2403,0.23190194368362427,-0.2705118656158447,-0.3661734163761139,-1.7740172147750854,0,-4,-1,-28,4,5.0,0.9185470342636108,0.09033752897772755,0.4895381356340155,0.6736095104330522,1.441596138709198,1.7685742515971428,5.6920405349473135
39,2404,0.23036429286003113,-0.2853996157646179,0.010621394962072372,-1.2550866603851318,0,-5,0,-20,1,-2.5,0.9100430607795715,0.09024719144874982,2.6629399407823793,5.573254382568924,2.3758410554938125,2.8161009934105525,2.7406654985090735
39,2405,0.22935110330581665,-0.2999281585216522,-0.1819627732038498,-1.5829427242279053,0,-5,0,-25,2,0.0,0.9000698328018188,0.09015694425730107,1.42455927914922,1.1713034969400693,5.186528357382366,1.927445183222646,1.6750996719629494
39,2406,0.22751586139202118,-0.3161173462867737,-0.18069115281105042,-1.6261637210845947,0,-5,0,-26,3,2.5,0.8902554512023926,0.09006678731304377,0.806806988739436,1.803946019059553,0.926404559254318,4.862991914583512,2.346126756636188
39,2407,0.22670228779315948,-0.3312770426273346,-0.0019672997295856476,-1.4117475748062134,0,-5,0,-23,1,-2.5,0.8793269991874695,0.08997672052573072,2.013947218133221,4.587890973224311,1.7358603201525094,2.722320296049208,1.7990786824349962
39,2408,0.22557513415813446,-0.34738025069236755,-0.19210654497146606,-1.7384659051895142,0,-6,0,-28,4,5.0,0.8687583208084106,0.08988674380520499,0.23740804266781862,0.7100447199330567,0.6776662616306051,0.47739518945699877,3.264862284082138
39,2409,0.22563989460468292,-0.36227306723594666,0.16122353076934814,-1.2783544063568115,0,-6,0,-20,4,5.0,0.8609946370124817,0.08979685706139978,1.224843750504427,2.224523274087781,2.512406084426776,1.977962987810614,3.5385243842239595
39,2410,0.22907252609729767,-0.3728342652320862,0.4862383306026459,-0.8637164831161499,0,-6,1,-14,3,2.5,0.8549088835716248,0.08970706020433838,0.7207736776817457,1.3963346569177195,1.336198883703757,3.675497783399114,1.4620067599995956
39,2411,0.23461516201496124,-0.3809082806110382,0.6112971305847168,-0.7394428849220276,0,-6,1,-12,4,5.0,0.8506875038146973,0.08961735314413405,2.217443582475151,2.714445325047911,1.8205100495097994,1.863596939868686,4.00311637583254
39,2412,0.2423449009656906,-0.3864096701145172,0.9012297987937927,-0.3807307183742523,0,-6,2,-6,3,2.5,0.8479586839675903,0.08952773579098991,0.3959546927383445,1.0987693666699374,0.46112915279037314,3.228289476961307,0.5762353448311944
39,2413,0.2518611550331116,-0.3899248540401459,0.9957090020179749,-0.3028565049171448,1,-6,2,-5,0,-5.0,0.8424261808395386,0.08943820805519892,1.1827203733802254,0.1224874848227406,0.0,0.0,0.04215587973594666
39,2414,0.25931644439697266,-0.39695581793785095,0.5615750551223755,-0.9799193739891052,1,-6,1,-16,4,5.0,0.8360715508460999,0.08934876984714372,0.20106872327697856,0.08012588530778886,0.09284097387552262,0.1481834831783903,1.43499917277616
39,2415,0.26655861735343933,-0.40488073229789734,0.8531619310379028,-0.6239893436431885,1,-6,2,-10,4,5.0,0.8323584794998169,0.08925942107729658,0.16526161569272974,0.0976559655384733,0.18512066583562867,0.042820689082145695,1.2994781238698638
39,2416,0.27659061551094055,-0.4094405174255371,1.1229556798934937,-0.30123668909072876,1,-7,2,-5,3,2.5,0.8299840688705444,0.08917016165621929,-0.03833627378940582,0.0,0.0,0.1912960508167744,0.0
39,2417,0.28822648525238037,-0.4123300015926361,1.2005046606063843,-0.2518172264099121,1,-7,2,-4,2,0.0,0.8268101811408997,0.08908099149456307,0.1012430636812151,-0.10898038148880006,0.03425938511580229,0.04156928658485413,0.04459766585382224
40,2418,0.299625039100647,-0.41616091132164,1.0999295711517334,-0.45472651720046997,1,-7,2,-7,4,5.0,-2.175729513168335,0.08899191050306851,-0.10893206596374512,-0.07815668325424195,-0.0014481979056596705,-0.03272621009420405,-0.10878647565841676
40,2419,0.10271042585372925,0.12453481554985046,-0.003609105944633484,-0.07386212050914764,0,2,0,-1,2,0.0,0.9846202731132507,0.08890291859256544,23.590544129636328,23.4480699221862,35.799499801046075,24.128834104364522,24.982945698578156
40,2420,0.10272514820098877,0.12401500344276428,0.0030908051412552595,-0.0448087677359581,0,2,0,-1,2,0.0,0.9846783876419067,0.08881401567397287,23.590544129636328,23.4480699221862,35.77177558328539,24.128834104364522,24.982945698578156
40,2421,0.10280384123325348,0.12378054857254028,0.009269407019019127,-0.016624480485916138,0,2,0,0,2,0.0,0.9846677184104919,0.0887252016582989,28.19935573257944,26.95002348877965,34.84240298066469,29.97268994117926,30.14588321955331
40,2422,0.1029416173696518,0.12382356077432632,0.014978908002376556,0.010812957771122456,0,2,0,0,2,0.0,0.9845899343490601,0.0886364764566406,28.19935573257944,26.95002348877965,34.84201394890593,29.97268994117926,30.14588321955331
40,2423,0.10313409566879272,0.12413736432790756,0.020267385989427567,0.037618447095155716,0,2,0,1,2,0.0,0.9844458699226379,0.08854783998018396,28.824344626861212,29.62135816588563,34.18160483119921,29.552838555104113,30.303585712582976
40,2424,0.1033773422241211,0.12471634894609451,0.025179093703627586,0.06390005350112915,0,2,0,1,2,0.0,0.9842357039451599,0.08845929214020377,28.824344626861212,29.62135816588563,34.2803060078554,29.552838555104113,30.303585712582976
40,2425,0.10366786271333694,0.12555597722530365,0.029754748567938805,0.08975964784622192,0,2,0,1,2,0.0,0.9839590787887573,0.08837083284806357,28.824344626861212,29.62135816588563,34.459096328512985,29.552838555104113,30.303585712582976
40,2426,0.10400250554084778,0.12665265798568726,0.03403184935450554,0.11529357731342316,0,2,0,2,2,0.0,0.9836150407791138,0.08828246201521552,30.572053483813217,30.18883755898113,34.03145216226119,30.302011224836196,30.148254287847152
40,2427,0.10437852144241333,0.128003790974617,0.038044922053813934,0.14059311151504517,0,2,0,2,2,0.0,0.9832018613815308,0.0881941795532003,30.572053483813217,30.18883755898113,33.744951175730215,30.302011224836196,30.148254287847152
40,2428,0.10479346662759781,0.12960763275623322,0.04182576760649681,0.16574501991271973,0,2,0,3,2,0.0,0.9827173948287964,0.0881059853736471,30.410078041968127,32.32092696452985,32.55854895772775,30.50774124322377,28.558312484056337
40,2429,0.1052451953291893,0.13146325945854187,0.04540366679430008,0.19083192944526672,0,2,0,3,2,0.0,0.9821589589118958,0.08801787938827345,30.410078041968127,32.32092696452985,32.36316307346251,30.50774124322377,28.558312484056337
40,2430,0.10573188215494156,0.13357055187225342,0.048805613070726395,0.21593278646469116,0,2,0,3,2,0.0,0.9815229773521423,0.08792986150888517,30.410078041968127,32.32092696452985,32.47935626871326,30.50774124322377,28.558312484056337
40,2431,0.10625191777944565,0.13593021035194397,0.05205646902322769,0.24112321436405182,0,2,0,4,1,-2.5,0.9812511205673218,0.08784193164737629,29.961454215219646,33.58923017923464,29.97686052938984,26.624763406953562,24.69104012887915
40,2432,0.1057465523481369,0.13692671060562134,-0.13070203363895416,-0.01776479184627533,0,2,0,0,2,0.0,0.9812114834785461,0.08775408971572891,28.62074861055946,26.95002348877965,35.05728036774792,29.97268994117926,30.14588321955331
40,2433,0.10454881191253662,0.1370711475610733,-0.11393343657255173,0.0285408366471529,0,2,0,0,2,0.0,0.981047511100769,0.08766633562601318,28.62074861055946,26.95002348877965,35.04191627431365,29.97268994117926,30.14588321955331
40,2434,0.1035117357969284,0.13766810297966003,-0.09840191155672073,0.07298679649829865,0,2,0,1,2,0.0,0.9807621836662292,0.08757866929038717,28.824344626861212,29.62135816588563,34.27145485216393,29.552838555104113,30.303585712582976
40,2435,0.10262361913919449,0.1387004852294922,-0.08399563282728195,0.11581020802259445,0,2,0,2,2,0.0,0.9803569316864014,0.08749109062109678,30.678759443202658,30.206852484249023,32.505220799702066,30.302011224836196,30.148254287847152
40,2436,0.10187381505966187,0.14015354216098785,-0.07061159610748291,0.15723253786563873,0,2,0,3,2,0.0,0.979831874370575,0.08740359953047568,30.410078041968127,32.32092696452985,32.935258123045344,30.710986066213614,28.558312484056337
40,2437,0.1012527197599411,0.1420145481824875,-0.05815496668219566,0.1974608451128006,0,2,0,3,2,0.0,0.9791853427886963,0.0873161959309452,30.410078041968127,32.32092696452985,32.94465763028282,30.710986066213614,28.558312484056337
40,2438,0.10075155645608902,0.14427289366722107,-0.04653853550553322,0.23668865859508514,0,2,0,4,1,-2.5,0.9788859486579895,0.08722887973501425,29.961454215219646,33.054715783742225,30.146533646276616,26.615012031793434,25.00359234215459
40,2439,0.0993063896894455,0.14530672132968903,-0.221330463886261,-0.00845201313495636,0,2,0,0,2,0.0,0.9787957668304443,0.08714165085527924,28.886205401788825,26.95002348877965,34.99655441834603,29.97268994117926,30.14588321955331
40,2440,0.09724371880292892,0.14561669528484344,-0.19743311405181885,0.04996860772371292,0,2,0,1,2,0.0,0.9785389304161072,0.08705450920442395,28.824344626861212,29.62135816588563,34.00723177473897,29.552838555104113,30.303585712582976
40,2441,0.0954100489616394,0.1464960128068924,-0.17529375851154327,0.10576250404119492,0,2,0,2,2,0.0,0.9781195521354675,0.08696745469521953,30.678759443202658,30.206852484249023,32.635521875032644,30.302011224836196,30.148254287847152
40,2442,0.09378870576620102,0.14792044460773468,-0.1547583043575287,0.15924736857414246,0,2,0,3,2,0.0,0.9775393605232239,0.08688048724052432,30.410078041968127,32.32092696452985,32.969806606871735,30.85865288157519,28.37860761931139
40,2443,0.09236451238393784,0.14986878633499146,-0.13568469882011414,0.21071942150592804,0,2,0,3,2,0.0,0.9767977595329285,0.08679360675328379,30.410078041968127,32.32092696452985,33.16170739197193,30.85865288157519,28.37860761931139
40,2444,0.09112365543842316,0.15232272446155548,-0.11794213205575943,0.26045510172843933,0,2,0,4,1,-2.5,0.9763892889022827,0.0867068131465305,29.961454215219646,33.883142433227675,30.146533646276616,26.615012031793434,25.00359234215459
40,2445,0.08899886161088943,0.15365760028362274,-0.2868178188800812,0.025875255465507507,0,2,-1,0,1,-2.5,0.9766649603843689,0.08662010633338398,22.027008658759115,31.34609604284875,27.268431615986515,26.11042285268811,25.267658326572445
40,2446,0.08525732904672623,0.15275807678699493,-0.4430805444717407,-0.18929095566272736,0,2,-1,-3,3,2.5,0.9765838980674744,0.0865334862270506,16.48549882011987,19.061224554957555,22.437793558451112,31.768394750013975,18.833227877753117
40,2447,0.08212799578905106,0.15302321314811707,-0.21698477864265442,0.17862477898597717,0,2,0,3,2,0.0,0.975908637046814,0.08644695274082355,30.410078041968127,32.32092696452985,33.38881368682392,30.85865288157519,28.37860761931139
40,2448,0.080109603703022,0.15521374344825745,-0.1930617094039917,0.23823951184749603,0,2,0,4,1,-2.5,0.9755449295043945,0.08636050578808273,29.961454215219646,33.01302878145438,30.358938321444104,26.615012031793434,25.00359234215459
40,2449,0.07726684957742691,0.1563810557126999,-0.3561447262763977,0.013033557683229446,0,3,-1,0,3,2.5,0.9748404622077942,0.08627414528229464,10.85655770378683,13.033114745623724,13.40750459584719,16.677705350350564,12.566923938177947
40,2450,0.07497084140777588,0.1586175411939621,-0.13645100593566895,0.37155774235725403,0,3,0,6,2,0.0,0.9735305905342102,0.08618787113701235,16.0790290078287,16.843944900598004,18.121166084772554,14.197899461969971,12.314580227232032
40,2451,0.07372542470693588,0.1626942902803421,-0.11828744411468506,0.42324331402778625,0,3,0,7,2,0.0,0.9720165133476257,0.08610168326587533,15.622211102442735,14.37501518943651,17.6416971977213,13.29706245086232,11.381017823334783
40,2452,0.07265525311231613,0.16728265583515167,-0.10130241513252258,0.4737367033958435,0,3,0,8,2,0.0,0.9702877998352051,0.08601558158260945,14.996093904590177,13.925882731634136,16.853726915454892,12.470105220833045,10.892502303113869
40,2453,0.07174920290708542,0.17237232625484467,-0.08538836240768433,0.523277223110199,0,3,0,8,2,0.0,0.9683319330215454,0.08592956600102684,14.996093904590177,13.925882731634136,16.942645811273962,12.470105220833045,10.892502303113869
40,2454,0.07099717110395432,0.17795516550540924,-0.07044679671525955,0.5720886588096619,0,3,0,9,0,-5.0,0.9672982096672058,0.08584363643502582,17.03179220562921,14.180906632307956,14.301758100053634,12.114522034703878,9.673932119451162
40,2455,0.06829048693180084,0.18083633482456207,-0.4254602789878845,0.059827327728271484,0,3,-1,1,1,-2.5,0.9674474596977234,0.08575779279859079,9.054937579168445,17.84663981530769,10.498609194861888,12.442737914854042,12.001254694382421
40,2456,0.06323514878749847,0.18042315542697906,-0.5694089531898499,-0.13148097693920135,0,3,-1,-2,2,0.0,0.9676787257194519,0.0856720350057922,7.85592131811659,10.200127072607522,17.908122468585752,10.779232699713624,10.388090120050983
40,2457,0.05785001814365387,0.17978116869926453,-0.5182543396949768,-0.026660986244678497,0,3,-1,0,3,2.5,0.9669677019119263,0.0855863629707864,10.85655770378683,13.033114745623724,13.40750459584719,16.70181360909001,12.566923938177947
40,2458,0.054004449397325516,0.18174783885478973,-0.286357581615448,0.35255271196365356,0,3,-1,6,3,2.5,0.9648963809013367,0.0855007766078156,11.903961862974256,10.39252067224542,13.228049533575696,13.991991222027178,9.950638238353957
40,2459,0.052379921078681946,0.18735964596271515,-0.07169152796268463,0.7058108448982239,0,3,0,11,1,-2.5,0.9626764059066772,0.08541527583120778,7.723772886505335,16.257532277728593,8.05713438286547,6.703705919686767,5.531383485033819
40,2460,0.05071553587913513,0.19319328665733337,-0.2413875162601471,0.476921945810318,0,3,0,8,2,0.0,0.9606195688247681,0.08532986055537657,14.996093904590177,13.925882731634136,17.43876110573642,12.475240089181666,10.892502303113869
40,2461,0.04847615957260132,0.19844520092010498,-0.21401488780975342,0.5475600361824036,0,3,0,9,0,-5.0,0.9595063924789429,0.0852445306948212,17.163099746752525,14.500002418193695,14.471701515995456,12.01267389722167,9.673932119451162
40,2462,0.04440948739647865,0.20123030245304108,-0.5560631155967712,0.06006280332803726,0,3,-1,1,1,-2.5,0.9596207737922668,0.08515928616412638,9.054937579168445,18.022525417746216,10.949587989859674,12.442737914854042,12.001254694382421
40,2463,0.03811347857117653,0.20094585418701172,-0.6888513565063477,-0.11047402024269104,0,3,-1,-2,2,0.0,0.9597516655921936,0.08507412687796226,7.85592131811659,10.200127072607522,17.910643082177938,10.779232699713624,10.388090120050983
40,2464,0.031590137630701065,0.20061996579170227,-0.6281381845474243,0.011551708914339542,0,3,-1,0,2,0.0,0.9594075679779053,0.0849890527510843,10.85655770378683,13.033114745623724,13.516847361164977,16.45857654907018,12.566923938177947
40,2465,0.02564849518239498,0.20147565007209778,-0.5718910694122314,0.12680330872535706,0,3,-1,2,1,-2.5,0.9592487812042236,0.08490406369833321,5.909995722367599,15.530925830098644,7.43898717270052,8.106290184722663,8.030956627656849
40,2466,0.01920093595981598,0.2018691897392273,-0.703492283821106,-0.04186975210905075,0,3,-1,-1,2,0.0,0.9590989947319031,0.08481915963463488,10.93993456896429,13.507012748251533,18.50033445987954,11.266484208285444,11.519874712139035
40,2467,0.012537612579762936,0.20224006474018097,-0.6416638493537903,0.08197493106126785,0,3,-1,1,1,-2.5,0.9591026306152344,0.08473434047500024,9.054937579168445,17.916928986055073,10.949587989859674,12.442737914854042,12.001254694382421
40,2468,0.005421897862106562,0.20223098993301392,-0.768082857131958,-0.07873271405696869,0,3,-2,-1,4,5.0,0.9577968120574951,0.08464960613452524,5.383445941323829,6.417779395434323,5.650244558156677,5.440361432338612,14.05263790816355
40,2469,0.00022943614749237895,0.20543396472930908,-0.334104061126709,0.6077994108200073,0,3,-1,10,0,-5.0,0.9563537240028381,0.08456495652839072,13.410820863378312,8.880277947690361,5.9136022992584145,6.387671485963278,5.86156847918328
40,2470,-0.004982900805771351,0.20891694724559784,-0.666529655456543,0.13665048778057098,0,3,-1,2,1,-2.5,0.9561163187026978,0.08448039157186232,5.909995722367599,15.335195039928134,7.43898717270052,8.106290184722663,8.030956627656849
40,2471,-0.012333499267697334,0.20948439836502075,-0.7906264066696167,-0.01927691139280796,0,3,-2,0,4,5.0,0.9545046091079712,0.08439591118029047,4.903761735685428,8.734915451620239,6.426725442960358,7.6577000005086395,12.40094223909837
40,2472,-0.017743341624736786,0.21329645812511444,-0.3553445339202881,0.6692955493927002,0,3,-1,11,1,-2.5,0.9520383477210999,0.08431151526911018,12.205234088605636,8.832475161416765,4.779873861067373,4.856295178592974,3.8203610861819595
40,2473,-0.022111527621746063,0.21900154650211334,-0.5021215081214905,0.4801669120788574,0,4,-1,8,3,2.5,0.9488985538482666,0.08422720375384107,2.009730602414696,2.9449866434054908,2.84356988859878,8.579590682547758,1.3347534355579982
40,2474,-0.02580098994076252,0.22605636715888977,-0.271702378988266,0.8602120280265808,0,4,-1,14,1,-2.5,0.9454104900360107,0.08414297655008723,4.015124728468368,8.43680011483603,3.2809439778587475,4.016850835617358,3.0406133803421502
40,2475,-0.0293622687458992,0.23364409804344177,-0.4237687885761261,0.6657178997993469,0,4,-1,11,3,2.5,0.9411871433258057,0.08405883357353715,3.3338898999642828,4.512654551223571,5.009410944957052,8.901705499271692,5.054015633395202
40,2476,-0.032301705330610275,0.24251356720924377,-0.19940008223056793,1.0376713275909424,0,4,0,17,1,-2.5,0.9365642070770264,0.0839747747399636,5.10625261257536,8.999381736584752,5.705472021324961,4.073403604598461,3.6358521104507817
40,2477,-0.03516301512718201,0.2518647611141205,-0.35564470291137695,0.8403130769729614,0,4,-1,13,0,-5.0,0.9335287809371948,0.08389079996522364,8.320435567563209,5.475730764783979,2.803540657105884,3.5236956899786542,3.3893630401285315
40,2478,-0.04054723680019379,0.25782015919685364,-0.6809937357902527,0.3921380043029785,0,4,-1,6,3,2.5,0.9302351474761963,0.08380690916525842,2.496082052149153,4.467089042028956,5.141332173915817,8.698401284368579,5.237744762618252
40,2479,-0.04595060274004936,0.26413023471832275,-0.43798309564590454,0.79339599609375,0,4,-1,13,0,-5.0,0.9272594451904297,0.08372310225609315,8.339357509726074,5.475730764783979,2.803540657105884,3.5236956899786542,3.3893630401285315
40,2480,-0.052114035934209824,0.26970452070236206,-0.7557703852653503,0.35983526706695557,0,4,-2,6,3,2.5,0.9239658117294312,0.08363937915383707,1.1743115234447652,0.5364147726596771,0.3247123960572397,7.779627822551898,0.5276035943283288
40,2481,-0.05823478847742081,0.2757429778575897,-0.5075807571411133,0.7693641185760498,0,4,-1,12,3,2.5,0.9183626770973206,0.08355573977468322,3.658827123262352,4.876628965570927,3.7246605259155974,7.36813921696468,4.261129218002002
40,2482,-0.06197963282465935,0.28572240471839905,-0.27798372507095337,1.151540994644165,0,5,-1,18,4,5.0,0.90946364402771,0.08347218403490854,0.9786759784558855,1.359151148893242,0.8738895672566587,1.0428297201163026,4.428759371893889
40,2483,-0.06250698864459991,0.30089259147644043,0.1136694923043251,1.7739033699035645,0,5,0,28,0,-5.0,0.9001248478889465,0.08338871185087363,4.379284752704039,0.7176026433293885,0.833172129726007,0.9989958703893864,0.5642514935661384
40,2484,-0.06336555629968643,0.316030353307724,-0.24080736935138702,1.2972921133041382,0,5,0,21,2,0.0,0.8913331031799316,0.08330532313902275,2.098203544248738,2.3608104406131343,4.668493712939329,1.5680066894872067,1.2084520959021257
40,2485,-0.06557627767324448,0.329646497964859,-0.21059882640838623,1.388912320137024,0,5,0,22,1,-2.5,0.8825539350509644,0.08322201781588373,3.2202585868881393,4.71933503840804,3.0485508940646677,2.393448911446843,1.958161926357932
40,2486,-0.06850466877222061,0.34270399808883667,-0.3596969544887543,1.2207475900650024,0,5,-1,20,3,2.5,0.8724663257598877,0.08313879579806785,0.2462317876227759,0.33048501968425076,0.39832525055398155,3.6977698782431365,0.18553522513914844
40,2487,-0.07084569334983826,0.35711854696273804,-0.1437511295080185,1.585448980331421,0,6,0,25,0,-5.0,0.8625711798667908,0.08305565700226979,2.135362936307798,1.0594851911002754,0.976973861474215,0.725933146581062,0.5590218058543248
40,2488,-0.0741221085190773,0.3707139790058136,-0.4715639352798462,1.1653223037719727,0,6,-1,19,1,-2.5,0.8542410135269165,0.08297260134526752,1.388961886599343,2.410871333784388,1.2910903946707424,1.502288987528136,0.8310527630821507
40,2489,-0.07953020185232162,0.38178393244743347,-0.5984674096107483,1.0380661487579346,0,6,-1,17,4,5.0,0.8432356119155884,0.08288962874392225,1.1208330123460948,1.3407054698916312,1.157808090144585,0.6117745966235718,1.8985138090146667
40,2490,-0.0831768810749054,0.39593490958213806,-0.19279155135154724,1.6750472784042358,0,6,0,27,1,-2.5,0.8302713632583618,0.08280673911517833,2.1508683736512655,0.9527506285656655,1.1535803214875067,0.4461730029489992,0.12005443232918807
41,2491,-0.08590835332870483,0.4119813144207001,-0.33879712224006653,1.52623450756073,0,7,-1,24,4,5.0,-2.1855998039245605,0.08272393237606315,-0.10931767225265504,-0.10934549570083618,-0.10929982662200928,-0.10939629077911378,-0.10927999019622803
41,2492,0.01370730996131897,0.027382537722587585,0.024666979908943176,0.0957345962524414,0,0,0,2,2,0.0,0.9991950392723083,0.0826412084436871,39.66709648468446,40.50639848521129,44.704555466162574,40.73731016699026,36.17664531555976
41,2493,0.013954505324363708,0.028371872380375862,0.024263542145490646,0.09928125143051147,0,0,0,2,2,0.0,0.9991357326507568,0.08255856723524341,39.66709648468446,40.50639848521129,44.50353717429997,40.73731016699026,36.17664531555976
41,2494,0.014198236167430878,0.029398677870631218,0.023942597210407257,0.10310576856136322,0,0,0,2,2,0.0,0.9990718364715576,0.08247600866800817,39.66709648468446,40.50639848521129,44.707961496007655,40.73731016699026,36.17664531555976
41,2495,0.014439310878515244,0.0304657481610775,0.023699942976236343,0.10720744729042053,0,0,0,2,2,0.0,0.9990029335021973,0.08239353265934016,39.66709648468446,40.50639848521129,44.34964327102639,40.73731016699026,36.17664531555976
41,2496,0.014678491279482841,0.031575873494148254,0.023531807586550713,0.11158660054206848,0,1,0,2,0,-5.0,0.9991334080696106,0.08231113912668082,24.36044759587385,24.16507531136706,26.330654807821865,27.105605299305903,33.74083292175373
41,2497,0.012781282886862755,0.029437847435474396,-0.3518936336040497,-0.4627807140350342,0,0,-1,-7,4,5.0,0.9991941452026367,0.08222882798755414,7.219610393537091,24.445506800765568,24.29017641483629,24.216443465066256,42.35283849115524
41,2498,0.011559627950191498,0.028387337923049927,0.05138049274682999,0.16375146806240082,0,0,0,3,1,-2.5,0.9991937875747681,0.08214659915956658,34.970014576067086,44.3434950738437,39.6204437885892,34.33526100031228,29.229170642782655
41,2499,0.010995253920555115,0.02839377336204052,-0.13865114748477936,-0.12510091066360474,0,0,0,-2,1,-2.5,0.9993427991867065,0.08206445256040702,38.09684099697174,44.18385304362501,41.720798467487946,40.67803539896912,37.74688002586568
41,2500,0.008611612021923065,0.025636475533246994,-0.3144477605819702,-0.39206463098526,0,0,-1,-6,3,2.5,0.9994423389434814,0.08198238810784661,8.249534983504903,20.814564953818504,18.445951022016242,46.58592278775579,20.269047841079
41,2501,0.0066793933510780334,0.02361508086323738,-0.10183135420084,-0.06021084263920784,0,0,0,-1,2,0.0,0.9994654059410095,0.08190040571973876,43.70550715412943,42.11096930829078,48.02941766736007,42.055559604677605,39.19171387426298
41,2502,0.005714077968150377,0.023121515288949013,-0.09294788539409637,-0.04294198751449585,0,0,0,-1,2,0.0,0.9994804263114929,0.08181850531401902,43.70550715412943,42.11096930829078,48.265730036715276,42.055559604677605,39.19171387426298
41,2503,0.004833610728383064,0.02279393933713436,-0.08475567400455475,-0.026810208335518837,0,0,0,0,2,0.0,0.9994882345199585,0.081736686808705,43.33980849022507,41.557591433544474,49.12592630420083,43.7154082763423,40.62709409862967
41,2504,0.0040314411744475365,0.02262173220515251,-0.07719425857067108,-0.011697456240653992,0,0,0,0,2,0.0,0.999489426612854,0.08165495012189629,43.33980849022507,41.557591433544474,49.16492002779249,43.7154082763423,40.752714706892576
41,2505,0.00330159068107605,0.02259538695216179,-0.07020829617977142,0.0025049904361367226,0,0,0,0,2,0.0,0.9994844198226929,0.08157329517177439,43.33980849022507,41.557591433544474,49.163962545722484,43.7154082763423,40.752714706892576
41,2506,0.002638609614223242,0.02270643226802349,-0.06374701857566833,0.015897201374173164,0,0,0,0,2,0.0,0.9994733929634094,0.08149172187660261,43.33980849022507,41.557591433544474,49.262998302129915,43.7154082763423,40.752714706892576
41,2507,0.0020375302992761135,0.02294735796749592,-0.05776394158601761,0.028571536764502525,0,0,0,0,2,0.0,0.9994565844535828,0.08141023015472601,43.33980849022507,41.557591433544474,49.22446814253617,43.7154082763423,40.752714706892576
41,2508,0.00149382627569139,0.023311519995331764,-0.05221642553806305,0.04061324521899223,0,0,0,1,2,0.0,0.9994338750839233,0.08132881992457128,39.18884167627981,40.61475910624178,47.21551399628447,44.35696603871966,39.24624388828084
41,2509,0.0010033773723989725,0.023793095722794533,-0.0470653735101223,0.05210113152861595,0,0,0,1,2,0.0,0.9994052648544312,0.0812474911046467,39.18884167627981,40.61475910624178,47.32040814730054,44.35696603871966,39.24624388828084
41,2510,0.0005624352488666773,0.024387015029788017,-0.042274925857782364,0.0631081610918045,0,0,0,1,2,0.0,0.9993705153465271,0.08116624361354205,39.18884167627981,40.61475910624178,47.44822322042206,44.35696603871966,39.24624388828084
41,2511,0.00016759287973400205,0.025088906288146973,-0.03781214728951454,0.07370204478502274,0,0,0,1,2,0.0,0.9993294477462769,0.08108507736992851,39.18884167627981,40.61475910624178,47.76903198562969,44.35696603871966,39.24624388828084
41,2512,-0.0001842434867285192,0.02589503489434719,-0.0336468443274498,0.0839456170797348,0,0,0,1,2,0.0,0.999281644821167,0.08100399229255859,39.18884167627981,40.61475910624178,47.509932139291706,44.35696603871966,39.24624388828084
41,2513,-0.000495879678055644,0.02680228278040886,-0.029751237481832504,0.09389742463827133,0,0,0,2,2,0.0,0.9992266893386841,0.08092298830026602,40.110352249920545,40.660985968215,44.153819344295975,40.667625255724346,35.78323425209793
41,2514,-0.0007698573172092438,0.027808083221316338,-0.02609984390437603,0.1036120355129242,0,0,0,2,2,0.0,0.9991641640663147,0.08084206531196575,40.110352249920545,40.660985968215,44.42220911731802,40.667625255724346,35.78323425209793
41,2515,-0.0010084749665111303,0.028910398483276367,-0.022669188678264618,0.11314049363136292,0,0,0,2,2,0.0,0.9990935325622559,0.08076122324665379,40.110352249920545,40.660985968215,44.5703580883685,40.667625255724346,35.78323425209793
41,2516,-0.0012138070305809379,0.030107680708169937,-0.019437702372670174,0.12253063917160034,0,0,0,2,2,0.0,0.999014139175415,0.08068046202340713,40.110352249920545,40.660985968215,44.137124361629446,40.667625255724346,35.78323425209793
41,2517,-0.0013877225574105978,0.031398843973875046,-0.016385482624173164,0.13182753324508667,0,1,0,2,4,5.0,0.9986984729766846,0.08059978156138373,24.36044759587385,24.16507531136706,26.330654807821865,27.105605299305903,33.53543614449474
41,2518,0.0006032441160641611,0.03607708215713501,0.3618128299713135,0.7200514078140259,0,1,1,12,1,-2.5,0.9982813596725464,0.08051918177982234,18.417820192233535,32.8191020728241,18.523578988603514,11.616018526298681,6.109215959353303
41,2519,0.0030138231813907623,0.041456639766693115,0.1489458680152893,0.39736407995224,0,1,0,6,1,-2.5,0.998085081577301,0.08043866259804251,14.86737923254905,32.187288529602995,19.211775604345128,20.20430210016461,15.622458653591007
41,2520,0.003389216959476471,0.043759677559137344,-0.04761483520269394,0.10061891376972198,0,1,0,2,4,5.0,0.997680127620697,0.08035822393544446,24.36044759587385,24.16507531136706,26.330654807821865,27.105605299305903,33.449664574002455
41,2521,0.005085058510303497,0.04816474765539169,0.33337655663490295,0.6947376132011414,0,1,1,11,0,-5.0,0.9973282814025879,0.08027786571150902,35.86223389727952,24.291278412896148,27.611176608359592,21.34080619470654,12.617654142336686
41,2522,0.006162102799862623,0.051688387989997864,-0.06412233412265778,0.08941380679607391,0,1,0,1,4,5.0,0.996863603591919,0.08019758784579752,23.948168751473368,26.01638402388911,31.4265933820787,27.663209667160537,36.137976868102555
41,2523,0.007702172268182039,0.056003451347351074,0.3183612823486328,0.6868041157722473,0,1,1,11,0,-5.0,0.9964628219604492,0.08011739025795171,35.95750518189199,24.291278412896148,27.611176608359592,21.34080619470654,12.617654142336686
41,2524,0.008639564737677574,0.059474263340234756,-0.0774296373128891,0.0855514332652092,0,1,0,1,4,5.0,0.9959333539009094,0.08003727286769376,23.948168751473368,26.01638402388911,31.4265933820787,27.663209667160537,35.740103044049
41,2525,0.010054297745227814,0.06376998126506805,0.30627429485321045,0.6857397556304932,0,1,1,11,0,-5.0,0.9954767823219299,0.07995723559482606,36.00604121268333,24.291278412896148,27.611176608359592,21.34080619470654,12.617654142336686
41,2526,0.010880162008106709,0.06725497543811798,-0.08801025152206421,0.0882706567645073,0,1,0,1,4,5.0,0.9948741793632507,0.07987727835923124,23.948168751473368,26.01638402388911,31.4265933820787,27.663209667160537,35.66497449567059
41,2527,0.01219550147652626,0.07159490883350372,0.2966820299625397,0.6908621788024902,0,1,1,11,0,-5.0,0.9943517446517944,0.07979740108087201,35.93018522353175,24.291278412896148,28.07751218480201,21.34080619470654,12.617654142336686
41,2528,0.012933876365423203,0.07515481859445572,-0.09625570476055145,0.09697828441858292,0,1,0,2,4,5.0,0.9936643242835999,0.07971760367979114,24.36044759587385,24.16507531136706,26.330654807821865,27.105605299305903,33.45831368676907
41,2529,0.014172038063406944,0.07959698885679245,0.28922441601753235,0.7016394138336182,0,1,1,11,0,-5.0,0.9930631518363953,0.07963788607611134,35.849057938544505,24.291278412896148,28.07751218480201,21.34080619470654,12.617654142336686
41,2530,0.014843580313026905,0.08328775316476822,-0.10248894989490509,0.11122381687164307,0,1,0,2,4,5.0,0.9922760128974915,0.07955824819003524,24.36044759587385,24.16507531136706,26.330654807821865,27.105605299305903,33.59102082758547
41,2531,0.016023706644773483,0.0878860130906105,0.2836032211780548,0.7176691293716431,0,1,1,11,0,-5.0,0.9915801286697388,0.0794786899418452,35.78398996266749,24.291278412896148,28.07751218480201,21.34080619470654,12.617654142336686
41,2532,0.016646288335323334,0.09176003932952881,-0.10697521269321442,0.130680650472641,0,1,0,2,4,5.0,0.990675151348114,0.07939921125190336,24.36044759587385,24.16507531136706,26.330654807821865,27.105605299305903,33.77214580005477
41,2533,0.017784979194402695,0.09656517952680588,0.27957141399383545,0.7386592626571655,0,2,1,12,0,-5.0,0.9898651242256165,0.07931981204065146,33.56821680255932,10.46660358426551,11.652005855550826,8.790543970095685,3.985889887945996
41,2534,0.018374178558588028,0.10067232698202133,-0.10993176698684692,0.15512798726558685,0,2,0,2,2,0.0,0.9894996881484985,0.0792404922286108,30.884350980773302,30.087960922418535,35.27842002873103,30.555609050710757,30.08146091685092
41,2535,0.01736166886985302,0.10247118771076202,-0.09647881239652634,0.19104258716106415,0,2,0,3,2,0.0,0.9890539050102234,0.0791612517363822,30.765771779455257,31.483094540539636,34.13038644220849,31.687993581345882,28.614894139104226
41,2536,0.016478639096021652,0.1046234667301178,-0.08394275605678558,0.22582508623600006,0,2,0,4,1,-2.5,0.9888719916343689,0.07908209048464582,30.28875138525491,33.532209829647826,31.08826392855551,27.34332854520568,25.365997662874236
41,2537,0.014654699712991714,0.10548928380012512,-0.2588765621185303,-0.026826009154319763,0,2,-1,0,1,-2.5,0.9891956448554993,0.07900300839416118,24.040861859824183,31.638792118230587,28.689059841124916,26.119972714660584,24.839294823374054
41,2538,0.011156115680932999,0.1039440929889679,-0.4207153618335724,-0.25929969549179077,0,2,-1,-4,4,5.0,0.9889610409736633,0.07892400538576702,21.733820802199965,26.243369432535072,28.18867408720017,29.05679965252162,31.610933239781318
41,2539,0.009292660281062126,0.10506660491228104,-0.010585803538560867,0.3859668970108032,0,2,0,6,1,-2.5,0.9884465336799622,0.07884508138038125,28.367305959031214,31.31252963019238,29.625577988478558,25.65755334199276,24.22071086341935
41,2540,0.008171198889613152,0.10748686641454697,-0.19097089767456055,0.12507757544517517,0,2,0,2,2,0.0,0.988108217716217,0.07876623629900087,30.50713467100561,30.087960922418535,34.9621772717923,30.555609050710757,30.223477509763534
41,2541,0.006385323125869036,0.10904961079359055,-0.17113085091114044,0.1717977374792099,0,2,0,3,2,0.0,0.9876636266708374,0.07868747006270187,30.765771779455257,31.483094540539636,33.61030010057651,31.687993581345882,28.614894139104226
41,2542,0.004789984785020351,0.11106926202774048,-0.1526971012353897,0.2166011929512024,0,2,0,3,2,0.0,0.9871113300323486,0.07860878259263916,30.765771779455257,31.483094540539636,33.79938385338495,31.687993581345882,28.614894139104226
41,2543,0.003371880855411291,0.11352831870317459,-0.13554362952709198,0.2597488462924957,0,2,0,4,1,-2.5,0.9868243336677551,0.07853017381004652,30.28875138525491,33.219737763994935,31.250389008288096,27.34332854520568,25.365997662874236
41,2544,0.0010583121329545975,0.11478539556264877,-0.30599239468574524,0.015589255839586258,0,2,-1,0,1,-2.5,0.9870690703392029,0.07845164363623648,24.296923297652157,32.350387691994854,28.689059841124916,25.594240449207426,24.839294823374054
41,2545,-0.0028867670334875584,0.11371414363384247,-0.46365782618522644,-0.2088180035352707,0,2,-1,-3,3,2.5,0.9870604872703552,0.07837319199260025,18.079145812584525,21.007595693817493,23.90812253696571,31.977610157613046,21.032165746281933
41,2546,-0.006220923736691475,0.11375192552804947,-0.23674222826957703,0.15630026161670685,0,2,0,3,2,0.0,0.9866211414337158,0.07829481880060765,30.765771779455257,31.435205839083977,33.94169571273628,31.50917571332938,28.614894139104226
41,2547,-0.008442762307822704,0.11566720902919769,-0.21318569779396057,0.20964819192886353,0,2,0,3,2,0.0,0.9860514998435974,0.07821652398180705,30.765771779455257,31.435205839083977,33.97892261046156,31.50917571332938,28.614894139104226
41,2548,-0.010438364930450916,0.11810381710529327,-0.19129806756973267,0.2607298791408539,0,2,0,4,1,-2.5,0.9857397079467773,0.07813830745782524,30.28875138525491,33.59918854500873,31.250389008288096,26.84035260223725,25.6231348021806
41,2549,-0.013283509761095047,0.11941645294427872,-0.3572618365287781,0.024272508919239044,0,2,-1,0,1,-2.5,0.9859637022018433,0.07806016915036741,24.296923297652157,32.43091954768822,28.689059841124916,25.198178594100888,25.12066108863311
41,2550,-0.01771721802651882,0.11847488582134247,-0.510777473449707,-0.19294433295726776,0,2,-1,-3,3,2.5,0.9859084486961365,0.07798210898121705,18.079145812584525,21.007595693817493,23.90812253696571,32.09869498757699,20.990594367020183
41,2551,-0.02150150202214718,0.11870796233415604,-0.2802402973175049,0.17824992537498474,0,2,-1,3,1,-2.5,0.985778272151947,0.07790412687223583,28.284606806713022,30.537210480636016,28.563844591593984,28.97392577606834,22.467515990977073
41,2552,-0.02519799955189228,0.11925484985113144,-0.43953198194503784,-0.04789840430021286,0,2,-1,-1,3,2.5,0.9853848218917847,0.07782622274536359,22.057333399459953,28.233489495279265,28.241742791288246,29.93240651009061,27.213949859009233
41,2553,-0.028299802914261818,0.12089322507381439,-0.21428339183330536,0.3152954578399658,0,2,0,5,2,0.0,0.984525740146637,0.07774839652261822,25.4487435190267,28.949366461903644,32.26331387963157,23.559327658085145,19.615701617403076
41,2554,-0.030304135754704475,0.12439560145139694,-0.1920805275440216,0.36764901876449585,0,2,0,6,2,0.0,0.9835101962089539,0.0776706481260956,28.367305959031214,29.450796341994945,29.829090544324266,25.65755334199276,24.22071086341935
41,2555,-0.032094672322273254,0.12841282784938812,-0.17137731611728668,0.4182295799255371,0,2,0,7,1,-2.5,0.9827579855918884,0.0775929774779695,26.80233307665989,32.44180604779251,29.003828721059485,24.925251986312443,19.836178358376234
41,2556,-0.0347440242767334,0.13130886852741241,-0.33809423446655273,0.18254461884498596,0,2,-1,3,1,-2.5,0.9825859665870667,0.07751538450049153,28.284606806713022,30.534192113653884,28.563844591593984,28.97392577606834,22.467515990977073
41,2557,-0.038988180458545685,0.13196232914924622,-0.4921759068965912,-0.03334984555840492,0,2,-1,-1,3,2.5,0.9820987582206726,0.07743786911599104,22.057333399459953,28.233489495279265,28.241742791288246,30.205352783899528,27.213949859009233
41,2558,-0.042591456323862076,0.13379554450511932,-0.2627541124820709,0.3375853896141052,0,2,-1,5,1,-2.5,0.9815160036087036,0.07736043124687506,6.597874777355294,27.894714706843427,8.754075500130686,9.275540728434478,6.045306556601762
41,2559,-0.046112995594739914,0.13595570623874664,-0.4222678244113922,0.11388269066810608,0,2,-1,2,0,-5.0,0.9819448590278625,0.07728307081562819,19.12377230676932,22.91276868534523,21.415942790339525,29.23368293676503,21.180582040782777
41,2560,-0.052218418568372726,0.1343693882226944,-0.7556740045547485,-0.3754280209541321,0,2,-2,-6,1,-2.5,0.9831732511520386,0.07720578774481256,1.0675038220328603,16.09803360307513,3.0458891614237036,1.563174516585895,3.5213808543677363
41,2561,-0.06046086922287941,0.12971803545951843,-0.878618597984314,-0.543308675289154,0,2,-2,-9,1,-2.5,0.9847583174705505,0.07712858195706775,1.2060241414116752,22.291199657198142,5.653082617101369,2.726526198272489,1.5476219722504134
41,2562,-0.0698835626244545,0.12345713376998901,-0.9928156137466431,-0.6986616253852844,0,2,-2,-11,4,5.0,0.9854621887207031,0.07705145337511068,1.0741228531448939,3.368338281989912,4.252136990564905,5.424924941744847,29.192005841974762
41,2563,-0.07722461223602295,0.12057279795408249,-0.5401365756988525,0.013298280537128448,0,2,-1,0,1,-2.5,0.9856855869293213,0.07697440192173557,24.72425587584611,31.24003829144037,28.688180492309257,25.46177249182925,25.12066108863311
41,2564,-0.08340895920991898,0.11964263021945953,-0.6799440383911133,-0.18270991742610931,0,2,-1,-3,1,-2.5,0.9863482117652893,0.07689742751981384,18.079145812584525,21.513843973255234,23.90812253696571,32.129533658711345,20.990594367020183
41,2565,-0.09093280881643295,0.11684077978134155,-0.809440553188324,-0.36313897371292114,0,2,-2,-6,1,-2.5,0.9873858690261841,0.07682053009229402,1.0675038220328603,16.64115951570388,3.0458891614237036,1.563174516585895,3.5213808543677363
41,2566,-0.09969843924045563,0.112312451004982,-0.9295356869697571,-0.5296943783760071,0,2,-2,-8,3,2.5,0.98802250623703,0.07674370956220172,1.1565837395670813,3.907131391250081,3.79481913293105,19.77243732376794,9.016921363527231
41,2567,-0.10749459266662598,0.10944186896085739,-0.667966902256012,-0.11162444204092026,0,2,-1,-2,4,5.0,0.9874094724655151,0.07666696585263952,13.698826401545446,17.5865832468126,22.471965505099973,22.64386578848353,28.211047799321502
41,2568,-0.11172492057085037,0.11220735311508179,-0.23937121033668518,0.5624390840530396,0,2,0,9,0,-5.0,0.9867913126945496,0.07659029888678688,31.2481190779189,19.583809629935928,20.751822636077765,15.766349469683114,12.994238494078758
41,2569,-0.11609461158514023,0.11492892354726791,-0.5886637568473816,0.04385484755039215,0,2,-1,1,3,2.5,0.9861757755279541,0.07651370858790009,23.0617981205025,21.663902609505662,24.813072575497138,28.131022938484193,23.63347797340115
41,2570,-0.12062548100948334,0.11757645010948181,-0.3523990511894226,0.42347657680511475,0,2,-1,7,0,-5.0,0.9858401417732239,0.07643719487931219,27.279853936316563,19.41223894482843,11.521371396524408,11.241018372013258,10.089995505885266
41,2571,-0.12607386708259583,0.11899518966674805,-0.6927502155303955,-0.08031521737575531,0,2,-1,-1,3,2.5,0.9854860901832581,0.07636075768443289,22.246420864477265,28.233489495279265,28.241742791288246,30.296167044047024,27.213949859009233
41,2572,-0.13160055875778198,0.12047357112169266,-0.4486352205276489,0.3117583394050598,0,2,-1,5,1,-2.5,0.9850014448165894,0.07628439692674846,9.109494543144107,27.183222591973653,8.754075500130686,9.275540728434478,6.045306556601762
41,2573,-0.1369088739156723,0.1224685087800026,-0.5952569842338562,0.10538195073604584,0,2,-1,2,3,2.5,0.9841883182525635,0.07620811252982171,19.12377230676932,22.91276868534523,21.415942790339525,27.410056055283256,21.180582040782777
41,2574,-0.141501322388649,0.12574464082717896,-0.35835501551628113,0.486794650554657,0,2,-1,8,3,2.5,0.9823949337005615,0.07613190441729188,8.206599238021358,12.924729800830706,6.959163789381063,20.38039244933399,3.418157365146943
41,2575,-0.14382529258728027,0.13268394768238068,-0.1391564905643463,0.8414947390556335,0,2,0,13,1,-2.5,0.9804562926292419,0.07605577251287458,13.747851322057997,25.879629784749135,10.22308068052662,7.139147293826051,5.499079223030546
41,2576,-0.14616544544696808,0.1397988349199295,-0.3081190884113312,0.6032967567443848,0,2,-1,10,3,2.5,0.9781296253204346,0.0759797167403617,1.4169532911217142,2.038751950877708,0.6083405759899723,16.140055785749507,1.2692483777718864
41,2577,-0.14800606667995453,0.14788636565208435,-0.09247555583715439,0.9540513157844543,0,2,0,15,2,0.0,0.9751186370849609,0.07590373702362134,22.217039547651048,1.4352931938014182,2.420449017609529,1.1207663628465656,1.5128685063773468
41,2578,-0.14883702993392944,0.15773814916610718,-0.0784321203827858,0.9980215430259705,0,3,0,16,1,-2.5,0.9723007678985596,0.07582783328659772,4.6057597760364235,13.053989451155,5.212594335896796,3.8076396389418576,2.7949844552180307
41,2579,-0.15058371424674988,0.16643092036247253,-0.25016316771507263,0.7603690028190613,0,3,-1,12,2,0.0,0.9695571660995483,0.07575200545331112,4.552136806715637,6.070746528925026,12.838564501747804,4.490849499077834,1.8480953308522514
41,2580,-0.1529175490140915,0.17447872459888458,-0.22346755862236023,0.8262560963630676,0,3,0,13,1,-2.5,0.9670271277427673,0.0756762534478578,8.659128085152272,14.22601801087554,7.525228537307899,6.236895658078511,5.808329643041337
41,2581,-0.1560436487197876,0.18158437311649323,-0.38306209444999695,0.6102288365364075,0,3,-1,10,0,-5.0,0.9657542705535889,0.07560057719440995,13.516142670660013,9.13805214410835,6.416926421882619,7.19101428966786,5.86156847918328
41,2582,-0.16174274682998657,0.18505609035491943,-0.7146087884902954,0.1345043182373047,0,3,-1,2,1,-2.5,0.9655590057373047,0.07552497661721554,6.090232561722438,16.275008442578816,7.793072759251642,8.764288410913693,8.030956627656849
41,2583,-0.1695661097764969,0.18558277189731598,-0.8369079828262329,-0.02313552238047123,0,3,-2,0,4,5.0,0.964134156703949,0.07544945164059833,5.448358501203639,9.32274145480494,6.426725442960358,7.6577000005086395,13.584315068884216
41,2584,-0.17541563510894775,0.18938279151916504,-0.3972044587135315,0.6717548370361328,0,3,-1,11,0,-5.0,0.962557852268219,0.07537400218895772,13.267880509230842,8.875891976596602,5.2639823070414415,4.856295178592974,3.8203610861819595
41,2585,-0.1812448501586914,0.1934998780488968,-0.726863443851471,0.20082148909568787,0,3,-1,3,1,-2.5,0.9620860815048218,0.07529862818676876,7.393717686672167,13.463127805810704,8.036073059061646,8.21343059202374,8.838981929046644
41,2586,-0.18918143212795258,0.1947149783372879,-0.847653329372406,0.04704505205154419,0,3,-2,1,0,-5.0,0.962794840335846,0.07522332955858199,11.919434488024049,4.01035754529139,2.0844201492917307,4.9982367104106755,4.55321604492927
41,2587,-0.19932132959365845,0.19288630783557892,-1.1435023546218872,-0.3716673254966736,0,3,-2,-6,2,0.0,0.9638147354125977,0.0751481062290234,1.0251114667403916,4.14782312440136,13.889179748541501,3.225099776190088,3.724514877342661
41,2588,-0.21020369231700897,0.19022426009178162,-1.0496703386306763,-0.20056389272212982,0,3,-2,-3,2,0.0,0.9641992449760437,0.07507295812279438,1.2260016070960384,1.2069101114322973,12.884571656109738,2.4940257487518234,4.7507569916812535
41,2589,-0.22018727660179138,0.189210906624794,-0.9627704620361328,-0.040261588990688324,0,3,-2,-1,4,5.0,0.9627817273139954,0.07499788516467158,5.383445941323829,6.727310590056966,6.346850704568067,6.273246746983245,13.737181785937409
41,2590,-0.22724314033985138,0.19292032718658447,-0.5139291882514954,0.6685593724250793,0,3,-1,11,0,-5.0,0.9611558318138123,0.07492288727950691,12.139833400077823,8.875891976596602,5.2639823070414415,5.313255696684067,3.8203610861819595
41,2591,-0.23418812453746796,0.197089284658432,-0.8345962762832642,0.2121133953332901,0,3,-2,3,1,-2.5,0.9606005549430847,0.0748479643922274,2.8369845260341053,11.03157159638427,1.5785890622904648,1.4686550270837615,0.18276557988250247
41,2592,-0.24315515160560608,0.19849295914173126,-0.9472032785415649,0.07138895243406296,0,3,-2,1,0,-5.0,0.9611985087394714,0.07477311642783518,11.390013344615488,4.01035754529139,2.0844201492917307,4.9982367104106755,4.55321604492927
41,2593,-0.25424623489379883,0.19698098301887512,-1.2353137731552124,-0.3347037732601166,-1,3,-2,-5,1,-2.5,0.9626859426498413,0.07469834331140734,0.25987170193329245,1.8981057088644357,0.22622676517106757,0.19661718352810592,0.0
41,2594,-0.267053484916687,0.193168506026268,-1.3185787200927734,-0.43119972944259644,-1,3,-3,-7,2,0.0,0.9638915657997131,0.07462364496809594,0.0,0.10684526783346152,2.1650125300400664,0.0,0.24331985232160397
41,2595,-0.2796134352684021,0.19002225995063782,-1.2118734121322632,-0.24056878685951233,-1,3,-2,-4,4,5.0,0.963179349899292,0.07454902132312784,0.16955206480909718,0.3395636832941221,0.0,0.04807599484920502,2.5371606187310705
41,2596,-0.28905603289604187,0.1918870210647583,-0.7446753978729248,0.4961042106151581,-1,3,-1,8,2,0.0,0.9609353542327881,0.0744744723018047,0.7751540926037015,0.4200199552271251,3.766988723687402,0.7587450291763713,0.5930063290542702
41,2597,-0.2961180806159973,0.1976478397846222,-0.6803239583969116,0.6225762963294983,-1,3,-1,10,3,2.5,0.9574726819992065,0.0743999978295029,0.3116621146435443,0.20405218983845652,0.2838853339144601,3.1859799189682443,0.58438988537922
41,2598,-0.3015172779560089,0.20622150599956512,-0.43685272336006165,1.020794153213501,-1,3,-1,16,3,2.5,0.9522032737731934,0.0743255978316734,0.4728362938979038,0.4535415650927024,0.16904638069675657,2.452721407619679,0.1774161447092891
41,2599,-0.304586797952652,0.21862463653087616,-0.21183113753795624,1.3917922973632812,-1,3,0,22,0,-5.0,0.9471465945243835,0.07425127223384173,2.7674699649270726,0.25736861321108984,0.40806738248490343,0.19118708678530472,0.3684122881624241
41,2600,-0.30862465500831604,0.22989878058433533,-0.5524514317512512,0.9120870232582092,-1,4,-1,15,1,-2.5,0.9432663321495056,0.07417702096160789,0.4173692785852512,3.2215904573629155,0.4420316385541133,0.1862844196227189,0.23539185402345136
41,2601,-0.3148753046989441,0.23818816244602203,-0.6837860345840454,0.7495265603065491,-1,4,-1,12,3,2.5,0.9384667277336121,0.07410284394064628,0.4718645584999196,0.7231042597317564,0.7940067818750199,3.225663002436737,0.4013994981862346
41,2602,-0.3203079104423523,0.24805901944637299,-0.44064953923225403,1.1499128341674805,-1,4,-1,18,1,-2.5,0.933078408241272,0.07402874109670564,0.25761799276271713,3.47212435438453,0.05946284246689081,0.24129669733592518,0.239018896030686
41,2603,-0.32548055052757263,0.25869205594062805,-0.5791041254997253,0.980339527130127,-1,4,-1,16,0,-5.0,0.9291355013847351,0.07395471235560894,2.6430878559538766,0.28912366147873614,0.15895755092522795,0.41578331924985285,0.20817786738014352
41,2604,-0.3330032527446747,0.26620379090309143,-0.887552797794342,0.5593185424804688,-1,4,-2,9,0,-5.0,0.9272505640983582,0.07388075764325333,2.464845729331453,0.046283638477325445,0.2865262335006826,0.15263906830132365,0.41053954179594965
41,2605,-0.34347403049468994,0.26972106099128723,-1.1723837852478027,0.17526677250862122,-1,4,-2,3,0,-5.0,0.9273247718811035,0.07380687688561008,2.428735893028176,0.18246272962614213,0.14502510692880796,0.13333287293877344,0.34238861935594633
41,2606,-0.356672078371048,0.26958346366882324,-1.4361131191253662,-0.1766648143529892,-1,4,-3,-3,3,2.5,0.9267349243164062,0.07373307000872446,0.09681705208492279,0.0,0.3213845464062326,2.2967624349349673,0.13584215933685703
41,2607,-0.36931514739990234,0.2706751227378845,-1.1384838819503784,0.3064185678958893,-1,4,-2,5,0,-5.0,0.9261080026626587,0.07365933693871574,2.2928529291310715,0.14419015656175463,0.046620664000511174,0.09983491839244524,0.43208891919633996
41,2608,-0.3821876347064972,0.27183082699775696,-1.404557228088379,-0.0486910380423069,-1,4,-3,-1,0,-5.0,0.927315354347229,0.07358567760177702,2.27473500535576,0.09400431513786317,0.27036128596925896,0.13556497991511207,0.20555823251318717
41,2609,-0.3976105749607086,0.26960083842277527,-1.6513261795043945,-0.3749745488166809,-1,4,-3,-6,0,-5.0,0.9301717877388,0.07351209192417524,0.4919720643218524,0.0657212400928102,0.0,2.3218247573826876,0.21350891832588093
41,2610,-0.41540268063545227,0.26425036787986755,-1.8807309865951538,-0.6761223077774048,-1,4,-4,-11,0,-5.0,0.9344583749771118,0.07343857983225106,0.5929012419099409,0.0,0.0,0.0,0.04615871608257294
41,2611,-0.43540045619010925,0.25601106882095337,-2.094444990158081,-0.9552953243255615,-1,4,-4,-15,0,-5.0,0.9399328827857971,0.07336514125241882,0.38260585946736025,0.056567815463212136,0.0,0.0,0.0
41,2612,-0.45745569467544556,0.24508583545684814,-2.2939109802246094,-1.2151997089385986,-1,4,-5,-19,0,-5.0,0.9463369846343994,0.0732917761111664,0.38374512415710493,0.0,0.0,0.0,0.0
41,2613,-0.48143327236175537,0.23165281116962433,-2.480372428894043,-1.458152174949646,-1,4,-5,-23,3,2.5,0.9513556957244873,0.07321848433505523,0.0,0.0,0.0,0.27157332527051736,0.0
41,2614,-0.5040919184684753,0.22055456042289734,-2.106464147567749,-0.8616176247596741,-1,4,-4,-14,4,5.0,0.9530130624771118,0.07314526585072018,0.0,0.0,0.8348385547616104,0.0,0.07562948457189099
41,2615,-0.5221170783042908,0.2167646884918213,-1.575554370880127,-0.02883773297071457,-1,3,-3,0,0,-5.0,0.9539064764976501,0.07307212058486945,0.6952576866484417,0.07546372194593556,0.0,0.12114494710958469,0.13861347569059174
41,2616,-0.5392168760299683,0.21469411253929138,-1.8156671524047852,-0.3582356572151184,-1,3,-4,-6,2,0.0,0.9547937512397766,0.07299904846428458,0.04775368571281433,0.0,0.9535427295153616,0.0,0.05414949878196065
41,2617,-0.5565353035926819,0.21261756122112274,-1.6719560623168945,-0.10930462181568146,-1,3,-3,-2,2,0.0,0.9546571969985962,0.0729260494158203,0.04844719171524048,0.4615067023150656,1.9073625492929658,0.2401473307470991,0.0769522218200949
41,2618,-0.5724764466285706,0.2129385620355606,-1.538754940032959,0.12359029799699783,-1,3,-3,2,0,-5.0,0.9549033641815186,0.07285312336640448,1.4322388296355888,0.1314713792895677,0.11012929787493408,0.0,0.0
41,2619,-0.5892259478569031,0.21235977113246918,-1.7819087505340576,-0.21119876205921173,-1,3,-4,-3,4,5.0,0.9538280963897705,0.07278027024303808,0.0,0.0,0.0,0.0,0.362250378316946
41,2620,-0.6041357517242432,0.21487648785114288,-1.2740412950515747,0.5869181156158447,-1,3,-3,9,2,0.0,0.9507562518119812,0.07270748997279504,0.05668190924882889,0.0,0.36817988715105654,0.047475725412368774,0.0
41,2621,-0.6162651777267456,0.22190940380096436,-1.1702452898025513,0.7758097052574158,-1,4,-2,12,4,5.0,0.9452899694442749,0.07263478248282225,0.0,0.0,0.12953522377795523,0.0,0.7375841914357651
41,2622,-0.6253209710121155,0.2339017391204834,-0.7086602449417114,1.5038971900939941,-1,4,-1,24,1,-2.5,0.9383951425552368,0.07256214770033943,0.0,0.6370825882162949,0.0,0.16107006702568638,0.0
41,2623,-0.6330751180648804,0.24820324778556824,-0.8293282985687256,1.3583223819732666,-1,4,-2,22,0,-5.0,0.9326016902923584,0.0724895855526391,0.1802596389626808,0.0,0.0,0.0,0.0
41,2624,-0.6430097818374634,0.25961193442344666,-1.1214516162872314,0.9591073989868164,-1,4,-2,15,4,5.0,0.9252582788467407,0.07241709596708645,0.04622509181499482,0.0,0.0,0.0,0.5239954395388561
41,2625,-0.6516126394271851,0.27338936924934387,-0.6664749383926392,1.6763746738433838,-1,4,-1,27,0,-5.0,0.9170892834663391,0.07234467887111937,0.3422096012911902,0.0,0.0,0.0,0.0
41,2626,-0.6599733829498291,0.28794214129447937,-0.9681726098060608,1.2697575092315674,-1,5,-2,20,0,-5.0,0.910799503326416,0.07227233419224825,0.8057489565723929,0.0,0.10769994104142519,0.0,0.0
41,2627,-0.6712088584899902,0.2986646294593811,-1.2455098628997803,0.9029569625854492,-1,5,-2,14,1,-2.5,0.9054892659187317,0.07220006185805601,0.08523535966873169,1.4682943682513478,0.04487865865230561,0.16196673356221367,0.1554138333307744
41,2628,-0.6840729117393494,0.3074260354042053,-1.3219965696334839,0.8349646329879761,-1,5,-3,13,0,-5.0,0.9013558626174927,0.07212786179619796,0.2680687128534035,0.0,0.0,0.0,0.0
41,2629,-0.6986822485923767,0.3140767216682434,-1.571017861366272,0.5148513913154602,-1,5,-3,8,2,0.0,0.8971682190895081,0.07205573393440176,0.04907390885559321,0.05394101804763079,0.7144871865973862,0.0,0.0
41,2630,-0.7136446237564087,0.32067394256591797,-1.444503903388977,0.7473768591880798,-1,5,-3,12,1,-2.5,0.8923887610435486,0.07198367820046736,0.0,0.8641442066015474,0.04411043524742127,0.04442277848720551,0.0
41,2631,-0.7284070253372192,0.3280416429042816,-1.5052374601364136,0.7063665390014648,-1,5,-3,11,4,5.0,0.8847590684890747,0.0719116945222669,0.0,0.04893295212843268,0.0,0.0,0.6645408839173519
41,2632,-0.740720808506012,0.3394714593887329,-1.028810739517212,1.4508885145187378,-1,5,-2,23,0,-5.0,0.8759655356407166,0.07183978282774463,0.4976458545603747,0.0,0.0,0.0,0.04347763061523438
41,2633,-0.7525038123130798,0.35218533873558044,-1.2961536645889282,1.1130043268203735,-2,6,-3,18,0,-5.0,0.8691571950912476,0.07176794304491688,0.15831901653586394,0.0,0.0,0.0,0.0
41,2634,-0.7668368816375732,0.3617219626903534,-1.542319893836975,0.809185802936554,-2,6,-3,13,0,-5.0,0.8642846941947937,0.07169617510187196,0.16316298842430116,0.0,0.0,0.0,0.0
41,2635,-0.7835217714309692,0.3683956563472748,-1.7695446014404297,0.5351555347442627,-2,6,-4,9,2,0.0,0.859112560749054,0.07162447892677008,0.0,0.0,0.09015864256709813,0.0,0.0
41,2636,-0.8003882765769958,0.3753497898578644,-1.6293444633483887,0.7915571331977844,-2,6,-3,13,0,-5.0,0.8541257381439209,0.07155285444784332,0.19776830145716667,0.0,0.0,0.0,0.0
41,2637,-0.8178991675376892,0.38193485140800476,-1.8489294052124023,0.5321356654167175,-2,6,-4,9,2,0.0,0.8487478494644165,0.07148130159339547,0.0,0.0,0.13502606090945005,0.0,0.0
41,2638,-0.8355283141136169,0.3889113962650299,-1.7033759355545044,0.7970277667045593,-2,6,-3,13,0,-5.0,0.8434770107269287,0.07140982029180207,0.22838064681589604,0.0,0.0,0.0,0.0
41,2639,-0.8537408709526062,0.39562997221946716,-1.9163204431533813,0.5507132411003113,-2,6,-4,9,2,0.0,0.837722897529602,0.07133841047151027,0.0,0.0,0.18124933540266752,0.0,0.0
41,2640,-0.8720182180404663,0.40283632278442383,-1.7663662433624268,0.8226155638694763,-2,6,-4,13,0,-5.0,0.8319957256317139,0.07126707206103876,0.07462792896032333,0.0,0.0,0.0,0.0
41,2641,-0.890826940536499,0.40988320112228394,-1.97347891330719,0.5883063673973083,-2,7,-4,9,1,-2.5,0.8268494606018066,0.07119580498897772,-0.10890148878097534,0.04543044916689396,0.0,0.0,0.0
42,2642,-0.9106363654136658,0.4161136746406555,-1.9925553798675537,0.6217866539955139,-2,7,-4,10,0,-5.0,-2.1775074005126953,0.07112460918398875,-0.06758268177509308,0.0,0.0,0.0,0.0
42,2643,-0.20097576081752777,0.12684941291809082,-0.12604986131191254,0.11343547701835632,0,2,0,2,4,5.0,0.9827004671096802,0.07105348457480476,31.096007200774984,30.34813286861612,35.13750379053887,31.1915625811746,31.06569528718285
42,2644,-0.20001529157161713,0.13152775168418884,0.262097030878067,0.7268431186676025,0,2,1,12,0,-5.0,0.9816082715988159,0.07098243109022996,33.956824339847195,10.46660358426551,11.652005855550826,8.790543970095685,3.985889887945996
42,2645,-0.19957062602043152,0.13561606407165527,-0.12269051373004913,0.15820129215717316,0,2,0,3,2,0.0,0.9810901880264282,0.07091144865913973,30.86598977713052,31.160013896354517,34.39457928381032,31.5641025706552,28.629812958289435
42,2646,-0.20069214701652527,0.13751284778118134,-0.10658058524131775,0.20334790647029877,0,2,0,3,2,0.0,0.9804409146308899,0.07084053721048059,30.86598977713052,31.461287996897624,34.43605467775127,31.5641025706552,28.629812958289435
42,2647,-0.2016587257385254,0.139853835105896,-0.09158239513635635,0.247083380818367,0,2,0,4,1,-2.5,0.9801158308982849,0.0707696966732701,30.62881524866984,33.696486141548775,31.848428045411303,28.196693963350846,26.058996086089408
42,2648,-0.20353767275810242,0.14101123809814453,-0.26336488127708435,0.005713816732168198,0,2,-1,0,1,-2.5,0.9804369211196899,0.07069892697659683,25.5823921133774,31.440906074750114,28.71859348275097,25.53680700613134,25.01348391601504
42,2649,-0.20706117153167725,0.1398681402206421,-0.4223141670227051,-0.21590641140937805,0,2,-1,-3,3,2.5,0.9804449677467346,0.07062822804962023,19.62607593744375,22.120080294473063,25.079742702742195,31.419149851501835,22.048554485611493
42,2650,-0.20999394357204437,0.13983944058418274,-0.19795475900173187,0.1480764001607895,0,2,0,2,2,0.0,0.9799237251281738,0.0705575998215706,31.181008178281743,30.34813286861612,34.85292524519105,31.1915625811746,31.06569528718285
42,2651,-0.21183474361896515,0.14169065654277802,-0.17604969441890717,0.2026965171098709,0,2,0,3,2,0.0,0.9792418479919434,0.07048704222174904,30.86598977713052,31.461287996897624,34.55170599617234,31.61981854082848,28.629812958289435
42,2652,-0.21346516907215118,0.14407692849636078,-0.15569163858890533,0.25523409247398376,0,2,0,4,1,-2.5,0.9788686633110046,0.07041655517952729,30.62881524866984,33.15903824341487,31.848428045411303,28.196693963350846,26.058996086089408
42,2653,-0.21595586836338043,0.14536620676517487,-0.3223929703235626,0.02242034673690796,0,2,-1,0,1,-2.5,0.9791377782821655,0.07034613862434776,25.5823921133774,31.615255924149128,28.71859348275097,25.53680700613134,25.01348391601504
42,2654,-0.22004245221614838,0.1444375067949295,-0.4766327142715454,-0.19119660556316376,0,2,-1,-3,3,2.5,0.9790629744529724,0.07027579248572341,19.62607593744375,22.120080294473063,25.079742702742195,32.010153261808796,22.048554485611493
42,2655,-0.22349457442760468,0.14469613134860992,-0.24816307425498962,0.17952798306941986,0,2,0,3,2,0.0,0.9784197211265564,0.07020551669323769,30.911497881345078,31.608937158310333,34.00364093852219,31.61981854082848,28.629812958289435
42,2656,-0.225814551115036,0.14690223336219788,-0.222307026386261,0.2408938705921173,0,2,0,4,1,-2.5,0.9780672788619995,0.07013531117654445,30.700972999366826,33.3104156767273,31.848428045411303,28.196693963350846,26.058996086089408
42,2657,-0.22894181311130524,0.14809712767601013,-0.3838491439819336,0.016481470316648483,0,2,-1,0,1,-2.5,0.9783456325531006,0.07006517586536791,25.5823921133774,31.95717929117062,28.71859348275097,25.53680700613134,25.01348391601504
42,2658,-0.23361560702323914,0.14715440571308136,-0.533326268196106,-0.18936237692832947,0,2,-1,-3,3,2.5,0.9782522916793823,0.06999511068950254,19.62607593744375,22.120080294473063,25.079742702742195,31.096622597099344,22.048554485611493
42,2659,-0.23761025071144104,0.14747090637683868,-0.30060842633247375,0.18811650574207306,0,2,-1,3,3,2.5,0.9770742654800415,0.06992511557881304,28.933132270393394,28.772117606265255,28.329156455568658,29.600905647024973,23.490999120675536
42,2660,-0.23937611281871796,0.15141244232654572,-0.08519779145717621,0.5392472147941589,0,2,0,9,0,-5.0,0.9763140678405762,0.06985519046323423,30.52590065308501,20.18573317664118,20.751822636077765,16.284855081969784,12.994238494078758
42,2661,-0.2422432005405426,0.15390226244926453,-0.4420463442802429,0.017807990312576294,0,2,-1,0,1,-2.5,0.9765840768814087,0.06978533527277099,25.5823921133774,31.863463252505625,28.71859348275097,25.53680700613134,25.01348391601504
42,2662,-0.247471421957016,0.15302245318889618,-0.5867799520492554,-0.17972980439662933,0,2,-1,-3,3,2.5,0.9764451384544373,0.06971554993749822,19.62607593744375,22.120080294473063,25.079742702742195,29.404469926498514,22.048554485611493
42,2663,-0.2519770860671997,0.15347597002983093,-0.35002249479293823,0.2044757902622223,-1,2,-1,3,2,0.0,0.9756604433059692,0.06964583438756072,0.1395220671480974,0.5461881195621388,3.0556552387111746,0.2635715135605325,0.09847921025753022
42,2664,-0.2552695870399475,0.15601129829883575,-0.3162183463573456,0.2792320251464844,-1,2,-1,4,4,5.0,0.9735971093177795,0.06957618855317316,0.4171286822032389,0.5583795509038486,0.6049551712887885,0.4832386478954283,3.4666719965910326
42,2665,-0.25612983107566833,0.16248966753482819,0.08567936718463898,0.9154963493347168,-1,3,0,15,2,0.0,0.9704622030258179,0.06950661236461998,0.15684556651244044,0.4199301250911057,3.7905525821576984,0.2851880160691737,0.44316476572811303
42,2666,-0.2552490532398224,0.17186570167541504,0.08722009509801865,0.9425560832023621,-1,3,0,15,4,5.0,0.9658783078193665,0.06943710575225537,0.15684556651244044,0.4199301250911057,3.7905525821576984,0.2851880160691737,0.49353095811845527
42,2667,-0.25224950909614563,0.18472044169902802,0.45829910039901733,1.5327110290527344,-1,3,1,25,4,5.0,0.9586957693099976,0.06936766864650311,0.22222219229985204,0.0,0.0,0.0,0.5387938601107696
42,2668,-0.24570341408252716,0.20323452353477478,0.800601065158844,2.079813003540039,0,3,2,33,0,-5.0,0.951295793056488,0.06929830097785661,2.0247598777428117,0.3914070514771126,0.34086270996027573,0.23638117689548827,0.132986303871274
42,2669,-0.24006249010562897,0.22069023549556732,0.38256195187568665,1.4795259237289429,0,4,1,24,2,0.0,0.9444909691810608,0.06922900267687875,3.2269723772578285,2.9006751947254656,5.463934623292266,1.2428002080217448,1.2723626077489454
42,2670,-0.23632434010505676,0.23560361564159393,0.36399728059768677,1.4850809574127197,0,4,1,24,2,0.0,0.9371956586837769,0.06915977367420187,3.2269723772578285,2.9006751947254656,5.500806379894421,1.2428002080217448,1.2723626077489454
42,2671,-0.2327595204114914,0.2506079375743866,0.3474099338054657,1.4958983659744263,0,4,1,24,2,0.0,0.9293746948242188,0.06909061390052766,3.2269723772578285,2.9006751947254656,5.533599912643382,1.2428002080217448,1.2723626077489454
42,2672,-0.22934933006763458,0.26575419306755066,0.3326244056224823,1.5117073059082031,0,4,1,24,2,0.0,0.9209880232810974,0.06902152328662714,3.2269723772578285,2.9006751947254656,5.572598455494171,1.2428002080217448,1.2723626077489454
42,2673,-0.22607673704624176,0.2810908257961273,0.31947770714759827,1.532262921333313,0,4,1,25,2,0.0,0.9119904637336731,0.06895250176334052,2.186566485405471,2.4718808915216712,5.263422035246059,1.4235371547991083,0.9517465927872535
42,2674,-0.2229262739419937,0.2966640293598175,0.30781838297843933,1.5573455095291138,0,5,1,25,2,0.0,0.9023325443267822,0.06888354926157718,3.1586239811974988,2.6807934989388658,5.261675861026735,2.043702569670325,1.5169958446024059
42,2675,-0.21988393366336823,0.31251776218414307,0.29750490188598633,1.5867565870285034,0,5,1,25,2,0.0,0.8919600248336792,0.0688146657123156,3.1586239811974988,2.6807934989388658,5.291370228882847,2.043702569670325,1.5169958446024059
42,2676,-0.2169370949268341,0.32869431376457214,0.2884044349193573,1.6203179359436035,0,5,1,26,2,0.0,0.8808133602142334,0.06874585104660329,3.2006185061918777,2.8043034760254058,4.861094276878038,2.087563474789207,1.2731754174082903
42,2677,-0.21407440304756165,0.34523412585258484,0.2803918719291687,1.6578682661056519,0,6,1,27,0,-5.0,0.8709284067153931,0.06867710519555668,3.2906213296447206,1.1757141194418788,1.4868597346085166,0.9752021816787911,1.0959277661884705
42,2678,-0.21329151093959808,0.3592652380466461,-0.07922076433897018,1.187881588935852,0,6,0,19,0,-5.0,0.8639373779296875,0.06860842809036113,2.968368015082567,2.005488457529435,2.3188521509755784,2.260528150081395,1.2518156770798792
42,2679,-0.21593773365020752,0.3688666820526123,-0.41021978855133057,0.7635824084281921,0,6,-1,12,3,2.5,0.8565447330474854,0.06853981966227077,1.093819418273489,1.685128090784813,1.0187281233081458,2.472654363433132,1.4220563183743764
42,2680,-0.21875961124897003,0.3787548542022705,-0.19055278599262238,1.1343181133270264,0,6,0,18,1,-2.5,0.8483886122703552,0.06847127984260849,1.8063870100820667,2.6433766689742217,1.8382791016789795,1.1106827315879455,1.6051853292373934
42,2681,-0.22146457433700562,0.3893730342388153,-0.33637428283691406,0.9816600680351257,0,6,-1,16,0,-5.0,0.8422608375549316,0.06840280856276588,2.445409915011094,1.399099117586399,1.173135835516758,1.1783574327109618,1.0419388588273266
42,2682,-0.2265501618385315,0.39716392755508423,-0.644660472869873,0.5995291471481323,0,6,-1,10,1,-2.5,0.8377989530563354,0.06833440575420312,0.7212585655467498,0.9081116736056193,2.5952342197554885,0.4211366867012426,0.9856204472539112
42,2683,-0.23359912633895874,0.40274184942245483,-0.7564398646354675,0.49922633171081543,0,6,-2,8,2,0.0,0.8328914046287537,0.06826607134844892,0.18995883882435857,0.45751643558013755,1.798413292680645,0.060351729780876044,0.22788291949256362
42,2684,-0.24073410034179688,0.40878915786743164,-0.6868506073951721,0.6574383974075317,0,7,-1,11,0,-5.0,0.8289328813552856,0.06819780527710047,-0.02129729222522231,-0.43818906151969117,-0.4569399290636086,-0.4550898919894648,-0.46913356135646106
42,2685,-0.24916552007198334,0.4136026203632355,-0.9676617980003357,0.3202992379665375,0,7,-2,5,0,-5.0,0.8275935053825378,0.06812960747182337,0.6893650797580124,0.0035083644119203172,0.0,0.02987984346856475,-0.07829462136030198
43,2686,-0.26028838753700256,0.4152185916900635,-1.228195071220398,0.013105455785989761,-1,7,-2,0,4,5.0,-2.1759369373321533,0.06806147786435154,0.0,0.0,0.0,0.0,-0.10879684686660768
43,2687,0.12236613035202026,0.13990575075149536,-0.047101154923439026,0.07430160045623779,0,2,0,1,2,0.0,0.9801410436630249,0.06799341638648719,29.572724805230365,30.045040369702434,35.45039415922395,30.222034730809497,30.753717270171656
43,2688,0.12197016179561615,0.14092190563678741,-0.036399830132722855,0.11179157346487045,0,2,0,2,2,0.0,0.9797484874725342,0.06792542297010071,31.365873355015637,30.39177358494625,34.157140093416196,31.274825640483648,31.355988417207268
43,2689,0.12167704105377197,0.14230769872665405,-0.026445230469107628,0.14829914271831512,0,2,0,2,2,0.0,0.9792483448982239,0.06785749754713061,31.365873355015637,30.39177358494625,34.143116948748755,31.274825640483648,31.355988417207268
43,2690,0.12147974222898483,0.14405448734760284,-0.017165079712867737,0.1839894950389862,0,2,0,3,2,0.0,0.9786387085914612,0.06778964004958347,31.238473909628176,31.608937158310333,32.82236780008131,31.738573891906476,27.787483972513794
43,2691,0.12137193232774734,0.14615511894226074,-0.008492877706885338,0.21901777386665344,0,2,0,4,1,-2.5,0.9783934354782104,0.06772185040953389,30.621944908520412,33.51698923762914,31.48176768338183,28.196693963350846,26.24019641539752
43,2692,0.12029216438531876,0.1469917744398117,-0.18596458435058594,-0.029865097254514694,0,2,0,0,2,0.0,0.9783711433410645,0.06765412855912437,29.641228931200217,27.68346431766725,36.41331258845527,29.60439963943368,31.399892341464078
43,2693,0.11856881529092789,0.14706751704216003,-0.16461652517318726,0.024901781231164932,0,2,0,0,2,0.0,0.9781913757324219,0.06758647443056524,29.641228931200217,27.68346431766725,36.36272974069194,29.60439963943368,31.399892341464078
43,2694,0.11704997718334198,0.14767737686634064,-0.14484642446041107,0.07728279381990433,0,2,0,1,2,0.0,0.9778587222099304,0.06751888795613468,29.572724805230365,30.045040369702434,35.01501773924697,30.222034730809497,30.753717270171656
43,2695,0.11572069674730301,0.14879931509494781,-0.12651491165161133,0.1275680959224701,0,2,0,2,2,0.0,0.9773755669593811,0.06745136906817856,31.365873355015637,30.41644182675875,33.92976186261254,31.282715694137856,31.342728098736643
43,2696,0.11456736922264099,0.15041415393352509,-0.10949341952800751,0.17602857947349548,0,2,0,3,2,0.0,0.976742148399353,0.06738391769911038,31.32574440333613,31.608937158310333,33.87822362067108,31.738573891906476,28.280688218452198
43,2697,0.11357761919498444,0.15250524878501892,-0.0936635360121727,0.22291725873947144,0,2,0,4,1,-2.5,0.9764532446861267,0.06731653378141127,30.621944908520412,33.940043665243266,31.624668409585965,28.196693963350846,26.24019641539752
43,2698,0.11168549954891205,0.15344955027103424,-0.2643243968486786,-0.014363955706357956,0,2,-1,0,1,-2.5,0.9768556356430054,0.06724921724762986,25.5823921133774,31.218340920349856,29.077775583962296,25.944039018456415,25.01348391601504
43,2699,0.10815927386283875,0.15213264524936676,-0.4222789406776428,-0.23216280341148376,0,2,-1,-4,4,5.0,0.9764180183410645,0.06718196803038223,22.023461970544254,26.327095950731213,28.556672567082664,29.327644072888205,31.61022612065884
43,2700,0.10628382116556168,0.15356414020061493,-0.012303218245506287,0.4162141680717468,0,2,0,7,1,-2.5,0.9755418300628662,0.06711478606235186,27.74976440721599,30.271121146656945,29.598052794983317,25.694169534934655,20.848651211815216
43,2701,0.10517121851444244,0.15639105439186096,-0.18893834948539734,0.1700872927904129,0,3,0,3,1,-2.5,0.9753896594047546,0.06704767127628951,9.524780022964864,20.327074115256302,13.088462225458672,12.144472993380438,10.15753675779992
43,2702,0.10236866027116776,0.15687669813632965,-0.3522365987300873,-0.0552472323179245,0,3,-1,-1,2,0.0,0.9754069447517395,0.06698062360501322,11.30554256722413,15.841284629767625,19.105837867849136,11.679288602535951,11.717918279286648
43,2703,0.09905622899532318,0.15682165324687958,-0.3181101381778717,0.02042539417743683,0,3,-1,0,3,2.5,0.9746845960617065,0.06691364298140821,11.611468090845381,14.090479086670122,14.004923216240552,18.232671646155765,13.475002439855768
43,2704,0.09712459146976471,0.15910808742046356,-0.10123029351234436,0.3747035264968872,0,3,0,6,1,-2.5,0.9738889336585999,0.06684672933842681,16.63407939942793,19.793622351012992,17.692171137285108,14.476976032354937,13.34508348726878
43,2705,0.09516328573226929,0.16158922016620636,-0.27083492279052734,0.14034169912338257,0,3,-1,2,1,-2.5,0.9738074541091919,0.06677988260908838,6.090232561722438,15.689430771206247,7.8794128674712205,9.71437944430373,8.030956627656849
43,2706,0.09157902747392654,0.16184116899967194,-0.4276700019836426,-0.07417203485965729,0,3,-1,-1,3,2.5,0.973347008228302,0.06671310272647929,11.30554256722413,15.841284629767625,19.015519899434295,12.216383766930665,11.717918279286648
43,2707,0.08859880268573761,0.16325730085372925,-0.20260535180568695,0.2930466830730438,0,3,0,5,2,0.0,0.9722446799278259,0.06664638962375281,11.476862947309261,14.866034148427563,19.989372166851602,13.333097779526033,12.989972938183818
43,2708,0.08672153204679489,0.16659918427467346,-0.17930841445922852,0.3532038629055023,0,3,0,6,1,-2.5,0.971462070941925,0.06657974323412906,16.63407939942793,19.03460046999804,17.692171137285108,14.609327329450972,13.34508348726878
43,2709,0.08401639759540558,0.16893169283866882,-0.3425477147102356,0.12996117770671844,0,3,-1,2,1,-2.5,0.9713911414146423,0.06651316349089494,6.090232561722438,16.91373557537696,7.8794128674712205,9.71437944430373,8.030956627656849
43,2710,0.07974907755851746,0.1691415160894394,-0.4935181736946106,-0.07424332946538925,0,3,-1,-1,2,0.0,0.9714368581771851,0.06644665032740404,11.30554256722413,15.841284629767625,19.10384632538394,12.216383766930665,11.717918279286648
43,2711,0.07508741319179535,0.16900634765625,-0.4484127163887024,0.019857175648212433,0,3,-1,0,4,5.0,0.9700767993927002,0.06638020367707664,11.749652594657617,14.090479086670122,14.243518076274837,18.772144549101398,13.933095350393039
43,2712,0.07296110689640045,0.1729830801486969,-0.03689081221818924,0.6713952422142029,0,3,0,11,1,-2.5,0.968166708946228,0.06631382347339956,8.027533022475502,17.99466877789935,8.94162060583367,7.015029622661502,5.531383485033819
43,2713,0.07162250578403473,0.17841891944408417,-0.2102779746055603,0.4340616464614868,0,3,0,7,2,0.0,0.9664378762245178,0.06624750964992616,16.39614744927537,14.702520936132395,18.829689173966855,14.02593167832832,11.96278037156231
43,2714,0.06967649608850479,0.18319952487945557,-0.18580012023448944,0.49821215867996216,0,3,0,8,2,0.0,0.9644250869750977,0.06618126214027624,15.341018718230785,14.46069436832863,19.050896870174398,12.688434564828839,11.158100469298883
43,2715,0.06796631217002869,0.18861323595046997,-0.1629563271999359,0.5605766177177429,0,3,0,9,1,-2.5,0.962729275226593,0.06611508087813596,18.543895091361264,15.134869135770169,14.471701515995456,12.190090638501493,9.673932119451162
43,2716,0.0654289722442627,0.19305631518363953,-0.32574471831321716,0.34235483407974243,0,3,-1,5,4,5.0,0.9599252939224243,0.06604896579725783,7.03782609937393,7.305521888507673,6.061996939504775,7.141813898070206,12.304462902702275
43,2717,0.064474917948246,0.20018664002418518,0.07583902776241302,0.979644775390625,0,3,0,16,1,-2.5,0.9564481377601624,0.06598291683146057,4.6057597760364235,14.040738116164793,5.212594335896796,3.8176981923940856,2.7949844552180307
43,2718,0.06422904878854752,0.20869100093841553,-0.10390858352184296,0.7382146716117859,0,3,0,12,3,2.5,0.9524476528167725,0.0659169339146291,10.866931047184675,16.444693235879818,10.454409980696521,8.918826884663183,5.854793585394921
43,2719,0.06435314565896988,0.21806499361991882,0.09709888696670532,1.073142170906067,0,3,0,17,1,-2.5,0.948229968547821,0.06585101698071448,4.966403923902829,13.677187399058262,2.39432443583791,2.614505580660615,1.6949731812083848
43,2720,0.06431997567415237,0.22753027081489563,-0.08283612132072449,0.8351535201072693,0,4,0,13,1,-2.5,0.9448909759521484,0.06578516596373377,8.003200434653914,11.43149667072899,8.794362111395635,7.0324494190484765,5.155227281743693
43,2721,0.06256991624832153,0.2347530573606491,-0.24854934215545654,0.6204338073730469,0,4,0,10,2,0.0,0.9416747093200684,0.06571938079777004,5.918107349628055,6.377038373523922,11.71682733621599,6.999838221830998,6.962034418044588
43,2722,0.06027386710047722,0.24150636792182922,-0.21912936866283417,0.6999463438987732,0,4,0,11,2,0.0,0.9379763007164001,0.06565366141697226,7.366215006621031,9.294671731661868,11.287830259573681,7.258543454367095,7.879953189876165
43,2723,0.05826115235686302,0.24904555082321167,-0.19168587028980255,0.7774347066879272,0,4,0,12,2,0.0,0.9337696433067322,0.06558800775555529,7.8208739618627465,9.040112170254712,11.638021656017493,8.345148759194878,6.303277368582888
43,2724,0.05651295557618141,0.25735265016555786,-0.1660563349723816,0.853255569934845,0,4,0,14,1,-2.5,0.929841160774231,0.06552241974779974,5.8263026987973445,10.41290870393189,6.086871321093799,5.1189970770376,4.58235710952543
43,2725,0.053981438279151917,0.26487526297569275,-0.32326120138168335,0.6574642658233643,0,4,-1,11,0,-5.0,0.927626371383667,0.06545689732805193,4.1310899420240315,5.246436512222386,5.009410944957052,8.869160138272251,5.3737105820448345
43,2726,0.048919677734375,0.26902350783348083,-0.6491464972496033,0.21197441220283508,0,4,-1,3,4,5.0,0.9243487119674683,0.06539144043072388,4.439947281831463,3.688416871844944,6.177524880262235,4.565435636654708,10.050953817863759
43,2727,0.04484979435801506,0.27504780888557434,-0.22784848511219025,0.8789572715759277,0,4,0,14,1,-2.5,0.9199648499488831,0.06532604899029316,5.8263026987973445,10.278098132799382,6.086871321093799,5.1189970770376,4.58235710952543
43,2728,0.04173517972230911,0.2829049229621887,-0.3791543245315552,0.6956557035446167,0,5,-1,11,3,2.5,0.9146929383277893,0.06526072294130288,1.286696039523242,1.7281671830297851,6.034580933725081,2.003627460430852,2.11127652436228
43,2729,0.03922244906425476,0.29207372665405273,-0.15884461998939514,1.0644147396087646,0,5,0,17,4,5.0,0.9061800837516785,0.06519546221836157,2.2921796538928016,2.0549433357310116,3.0019926164006057,2.625801827966098,5.037740359867078
43,2730,0.03983717039227486,0.30630046129226685,0.22401824593544006,1.6736316680908203,0,5,0,27,0,-5.0,0.8973499536514282,0.06513026675614321,5.193002679869464,1.2997711689756932,1.3987629704378262,1.317595064128573,0.5790528563739684
43,2731,0.04004427045583725,0.320390522480011,-0.13729903101921082,1.1885772943496704,0,5,0,19,3,2.5,0.888211727142334,0.06506513648938707,3.9401757023370374,3.8784595923649094,3.927261897825884,5.701671852377343,2.4605004879896386
43,2732,0.03984113782644272,0.33434760570526123,0.0637151449918747,1.5306850671768188,0,5,0,24,0,-5.0,0.87945157289505,0.06500007135289768,5.101244019392665,1.779814818158079,2.5557137124381426,1.9234666678313044,2.036688780894657
43,2733,0.03853781893849373,0.3472009599208832,-0.2818041443824768,1.0775513648986816,0,6,-1,17,4,5.0,0.8692473769187927,0.06493507128154478,1.1208330123460948,1.3610107957895918,1.3492234133219494,0.6117745966235718,1.523198163286125
43,2734,0.03794926032423973,0.3615974187850952,0.10512237250804901,1.690238118171692,0,6,0,27,0,-5.0,0.8585424423217773,0.06487013621026325,1.3866238268570346,0.9527506285656655,1.1535803214875067,0.5287456555593208,0.2492561852868866
43,2735,0.03706330433487892,0.37610840797424316,-0.2398546040058136,1.2468730211257935,0,6,0,20,2,0.0,0.8484493494033813,0.06480526607405299,1.8503498401627878,1.3677708218922688,2.3621495977261384,1.4654883070505846,1.3011029818733846
43,2736,0.03487387299537659,0.3892951011657715,-0.2082146406173706,1.3481241464614868,0,6,0,22,1,-2.5,0.8383327722549438,0.06474046080797893,1.6189653617392876,2.260444095393053,1.5684447008620297,1.375161552823828,1.0300059275777913
43,2737,0.03200000151991844,0.4020785689353943,-0.352535605430603,1.2000699043273926,0,6,-1,19,1,-2.5,0.8290214538574219,0.06467572034717095,1.388961886599343,1.7970670693139401,1.2910903946707424,1.6716522498814559,1.078150863436694
44,2738,0.02774968184530735,0.4134954810142517,-0.4854040741920471,1.0710906982421875,0,7,-1,17,2,0.0,-2.1807169914245605,0.06461104462682378,-1.0480624844393591,-1.048604967901432,-1.0676102758050443,-1.005514834209813,-1.0446963822675133
44,2739,0.028372034430503845,0.20930171012878418,0.15841323137283325,0.09276232123374939,0,3,0,1,3,2.5,0.9550299644470215,0.06454643358219696,10.503415463402442,9.06700753314823,10.141769049243333,17.948395473363625,5.460799140532384
44,2740,0.031013349071145058,0.21206139028072357,0.340664803981781,0.3993804156780243,0,3,1,6,4,5.0,0.951887309551239,0.06448188714861476,0.3545496343961453,4.7136021059701765,3.848785693425996,3.867480671459102,13.946223300165297
44,2741,0.03644271567463875,0.2193460613489151,0.6926354765892029,0.9622676372528076,0,4,1,15,3,2.5,0.9468849301338196,0.06441740526146615,0.8722550687756541,5.470499777313621,0.6584022417950971,1.3853284546010924,1.3384440928022787
44,2742,0.0441993847489357,0.2304670810699463,0.8350700736045837,1.2098925113677979,0,4,2,19,4,5.0,0.9397103786468506,0.06435298785620469,0.0,0.056763808487110434,0.6484778846900856,0.0,1.4337332834493712
44,2743,0.054356466978788376,0.24553954601287842,1.1490302085876465,1.7161599397659302,0,4,2,27,2,0.0,0.9311575293540955,0.06428863486834849,1.1504416681755618,0.6431138391004066,2.0985721706410807,0.46023312350200385,0.4199153002993266
44,2744,0.065445676445961,0.26237839460372925,1.0752592086791992,1.6430314779281616,0,4,2,26,0,-5.0,0.9241002202033997,0.06422434623348014,5.01199209090488,0.5976332832936337,0.27098413829510204,0.7736958402221359,0.4561752711376275
44,2745,0.07377833873033524,0.27549922466278076,0.6463966369628906,1.0440223217010498,0,4,1,17,0,-5.0,0.9199392199516296,0.06416012188724667,11.368593392489633,3.7841569986591193,5.884805856452989,3.6492072586607356,2.2391751872092875
44,2746,0.07802028954029083,0.2829500436782837,0.2515573501586914,0.499370813369751,0,5,1,8,0,-5.0,0.9186464548110962,0.06409596176535942,0.04593232274055481,0.0,0.0,0.0,0.0
44,2747,0.07848718762397766,0.2852253019809723,-0.11326739192008972,0.001191839575767517,0,5,0,0,4,5.0,0.9165880680084229,0.06403186580359406,0.0,0.0,0.0,0.0,0.09137405962944031
44,2748,0.07955197244882584,0.2888111174106598,0.2684333324432373,0.6090570688247681,0,5,1,10,1,-2.5,0.9137380719184875,0.06396783393779047,0.09053140878677368,0.1255513306389393,0.0,0.0,0.0
44,2749,0.08120746910572052,0.29370373487472534,0.08290822058916092,0.37794041633605957,0,5,0,6,3,2.5,0.9103441834449768,0.06390386610385268,0.4015619256159981,0.41195789048610165,0.3673440119988959,1.5065879462685272,0.45362294636277267
44,2750,0.08312904834747314,0.2994258999824524,0.27023330330848694,0.6985121369361877,0,5,1,11,3,2.5,0.9049879908561707,0.06383996223774882,0.0,0.0,0.044806581735610966,0.47019166710526805,0.0
44,2751,0.08684458583593369,0.30824029445648193,0.4436473548412323,0.9989289045333862,0,5,1,16,0,-5.0,0.900475263595581,0.06377612227551108,2.8000257171515814,0.7476800448178884,0.49660346115316256,0.8442545307461035,0.5551124669499053
44,2752,0.08917282521724701,0.3154754340648651,0.06835052371025085,0.4935027062892914,0,5,0,8,2,0.0,0.8970325589179993,0.06371234615323557,0.41316574395911726,0.4932882752749393,4.418502270853349,0.9463072234068294,0.7316964846316705
44,2753,0.08993970602750778,0.32088547945022583,0.07800444215536118,0.5547552108764648,0,5,0,9,0,-5.0,0.8950595855712891,0.06364863380708233,0.9301223515420013,0.5094526899396195,1.0809885680259017,5.695314775036225,2.117561190118539
44,2754,0.0887758657336235,0.323945015668869,-0.2688789665699005,0.09473981708288193,0,5,-1,2,2,0.0,0.8939964771270752,0.06358498517327525,0.17745643780735768,0.2866828489884783,2.5778514999571565,0.572399145018239,0.9203178448683587
44,2755,0.08631112426519394,0.32558178901672363,-0.23467974364757538,0.1929960548877716,0,5,0,3,4,5.0,0.8903473615646362,0.06352140018810197,0.04448253512382508,0.0,0.05600574065297656,0.1677314605080183,0.9123136130328341
44,2756,0.08619614690542221,0.3311382532119751,0.152586430311203,0.8076164722442627,0,5,0,13,3,2.5,0.8836312890052795,0.06345787878791387,2.9498789027524834,3.176231642988177,4.127134969929506,6.5724288766416326,2.5287685048661603
44,2757,0.08878061175346375,0.3411286771297455,0.3336731791496277,1.121137261390686,0,5,1,18,1,-2.5,0.8766419291496277,0.06339442090912595,1.013810928735203,5.466032886382619,1.305369718068016,1.2650220824625211,1.765932289999353
44,2758,0.09108752012252808,0.3512236475944519,0.14771150052547455,0.9018086791038513,0,6,0,14,2,0.0,0.869885265827179,0.06333102648821683,0.7682037607723644,1.1651482225489096,3.086825684201683,1.0112844151793898,1.016465783384636
44,2759,0.09262070059776306,0.36071428656578064,0.1523817628622055,0.9608660340309143,0,6,0,15,4,5.0,0.8603588938713074,0.06326769546172861,1.1315785186366867,0.9349621154043195,1.4556518302741301,1.1843746224869771,2.507167766715182
44,2760,0.09619641304016113,0.3736858069896698,0.5078893303871155,1.5273679494857788,0,6,1,24,0,-5.0,0.8507062792778015,0.06320442776626688,2.623874792331457,0.827941255976603,1.341815629636951,0.9451719212268552,0.7100189783856474
44,2761,0.09919313341379166,0.386385440826416,0.1370709240436554,1.0508437156677246,0,6,0,17,1,-2.5,0.8431816101074219,0.06314122333850061,0.8226772617190057,2.996935061049851,2.0666520113317595,1.6160806796522826,1.2122806062003202
44,2762,0.0996403619647026,0.39600300788879395,-0.030719203874468803,0.8684884309768677,0,6,0,14,2,0.0,0.835713803768158,0.06307808211516211,0.7682037607723644,1.1651482225489096,3.113508922731593,1.0112844151793898,1.016465783384636
44,2763,0.09947066754102707,0.40532219409942627,-0.012191345915198326,0.9534420371055603,0,6,0,15,4,5.0,0.8250461220741272,0.06301500403304695,1.1315785186366867,0.9349621154043195,1.4556518302741301,1.1843746224869771,2.3782210009404405
45,2764,0.10144397616386414,0.4182749092578888,0.3505610525608063,1.527254343032837,0,7,1,24,3,2.5,-2.18953275680542,0.0629519890290139,-0.742606369086504,-0.6704648812413216,-0.6709311182498933,-0.7190937304008007,-0.6717112394094468
45,2765,-0.17624661326408386,-0.19830472767353058,0.17886173725128174,-0.08739972114562988,0,-3,0,-1,1,-2.5,0.9595131874084473,0.06288903703998489,11.505625010293354,16.727363365246063,14.407941781418137,10.193140573146907,11.665754697578656
45,2766,-0.17565478384494781,-0.20121338963508606,-0.028095964342355728,-0.4303949475288391,0,-3,0,-7,3,2.5,0.9582768082618713,0.0628261480029449,11.230849211676315,11.221439806016088,13.22396898229778,16.57398659011391,13.065091890121225
45,2767,-0.17495553195476532,-0.20426243543624878,0.14766673743724823,-0.1949966549873352,0,-3,0,-3,3,2.5,0.957943856716156,0.06276332185494196,10.8760717674799,10.176056365724078,13.972419558997188,17.46516961084776,12.79533710197973
45,2768,-0.17257435619831085,-0.2050759494304657,0.31022047996520996,0.019905686378479004,0,-3,1,0,1,-2.5,0.9571506977081299,0.06270055853308702,10.346935064948434,15.403795083274355,10.352914731459988,10.331974115163892,8.429568084841089
45,2769,-0.17072464525699615,-0.207000732421875,0.09356823563575745,-0.3382999300956726,0,-3,0,-5,2,0.0,0.9555652737617493,0.06263785797455393,7.848180727941736,6.708927857725533,16.344748658031392,9.686707314350487,8.306809050928088
45,2770,-0.16990676522254944,-0.2107953429222107,0.07640454173088074,-0.3954228162765503,0,-3,0,-6,2,0.0,0.9537078738212585,0.06257522011657937,12.39331478727145,11.687200761816843,16.72223606439774,14.820115983827371,11.162802667717985
45,2771,-0.16925442218780518,-0.21515606343746185,0.06036421284079552,-0.4514041841030121,0,-3,0,-7,3,2.5,0.9522566795349121,0.0625126448964628,11.230849211676315,11.221439806016088,13.22396898229778,16.753989678423444,13.065091890121225
45,2772,-0.16771529614925385,-0.218502476811409,0.2284771203994751,-0.23039747774600983,0,-3,0,-4,3,2.5,0.9517087936401367,0.062450132251566336,5.1059715462720145,5.221106976327843,8.712205102908424,15.399755023925557,7.3686103837865975
45,2773,-0.16456754505634308,-0.21975260972976685,0.3839447796344757,-0.029043806716799736,0,-4,1,0,0,-5.0,0.9499168992042542,0.062387682119314766,8.703961935660931,1.657597904627478,1.313725939408609,0.6281377017592819,1.4413602604122504
45,2774,-0.16305305063724518,-0.22379258275032043,-0.021044231951236725,-0.6720359921455383,0,-4,0,-11,0,-5.0,0.9452423453330994,0.06232529443719545,8.54399450898076,5.572415045901655,6.204057208529952,5.25922413402632,3.320045099286639
45,2775,-0.16541564464569092,-0.23400355875492096,-0.39564865827560425,-1.2692948579788208,0,-4,-1,-20,2,0.0,0.9390735626220703,0.06226296914275825,3.479225266718055,4.391382278608622,8.48734589542655,3.7620516428423154,5.6011734496072645
45,2776,-0.16928690671920776,-0.2468329519033432,-0.37714698910713196,-1.276942491531372,0,-4,-1,-20,2,0.0,0.9325190782546997,0.06220070617361549,3.479225266718055,4.391382278608622,8.506534191460181,3.7620516428423154,5.6011734496072645
45,2777,-0.17298485338687897,-0.25977084040641785,-0.3605412244796753,-1.2894011735916138,0,-4,-1,-21,2,0.0,0.925545334815979,0.062138505467441874,4.589072351701416,4.85329890253243,8.143358427410538,5.070169685339484,6.282890956829343
45,2778,-0.1765274703502655,-0.2728639245033264,-0.3456687331199646,-1.3064250946044922,0,-4,-1,-21,2,0.0,0.9181144833564758,0.06207636696197443,4.589072351701416,4.85329890253243,8.138466222221746,5.070169685339484,6.282890956829343
45,2779,-0.17993120849132538,-0.2861565351486206,-0.33237913250923157,-1.3277947902679443,0,-5,-1,-21,4,5.0,0.9119893312454224,0.062014290595012456,2.7114993351947874,2.583326097702968,2.7297124559282073,2.8113567023735166,7.299860398552584
45,2780,-0.1811670958995819,-0.2966659367084503,0.038754794746637344,-0.8217673897743225,0,-5,0,-13,2,0.0,0.9067363142967224,0.06195227630441744,2.702395980757638,3.597691866158769,6.775351037599477,2.570639775877367,2.662292832891572
45,2781,-0.180898055434227,-0.3053910434246063,0.02254234440624714,-0.890134334564209,0,-5,0,-14,1,-2.5,0.8999563455581665,0.06189032402811302,3.513565913967769,6.107079111959873,2.954570993930556,3.0616389500013907,2.7477965011583483
45,2782,-0.18180233240127563,-0.3162967264652252,-0.17137211561203003,-1.2210907936096191,0,-5,0,-20,1,-2.5,0.8908404111862183,0.06182843370408491,2.852998903180765,5.920173248342943,2.3758410554938125,3.0149964921301757,2.8384866836840126
45,2783,-0.184560626745224,-0.33039313554763794,-0.3504336178302765,-1.530846118927002,0,-5,-1,-24,2,0.0,0.8802787661552429,0.061766605270380824,2.0783725821946955,2.683693891318325,6.7771114731891915,3.137593494872003,3.1828188342485606
45,2784,-0.18802136182785034,-0.3460075259208679,-0.33838456869125366,-1.5627402067184448,0,-6,-1,-25,2,0.0,0.8689780831336975,0.061704838665110444,1.0661031266981702,0.9300714981409759,4.220046321822438,1.0998558429130187,2.296959605056691
45,2785,-0.19136953353881836,-0.3619694411754608,-0.3276199698448181,-1.598828911781311,0,-6,-1,-26,4,5.0,0.8590425848960876,0.06164313382644533,0.5348461442307338,0.5958403421021486,1.9903573792777787,1.2697447614591513,4.004742863426856
45,2786,-0.192622572183609,-0.37544289231300354,0.03261417895555496,-1.1335288286209106,0,-6,0,-18,2,0.0,0.8499360680580139,0.06158149069261889,1.9435720931394351,2.0415708261627743,3.8751045517872007,2.5934722608124616,2.1716166321372494
45,2787,-0.19242563843727112,-0.38738083839416504,0.015130909159779549,-1.2143745422363281,0,-6,0,-19,4,5.0,0.8421485424041748,0.06151990920192627,2.1938855992691715,2.087796725011594,2.297079921000933,2.3484667641605967,3.8298386056137295
45,2788,-0.19041940569877625,-0.3973052203655243,0.3465428948402405,-0.7987393140792847,0,-6,1,-13,4,5.0,0.8373473286628723,0.06145838929272435,2.281533463986717,2.1789899568600215,1.937240198622661,2.215783880198815,3.887339999464253
45,2789,-0.18524567782878876,-0.40330225229263306,0.6526930928230286,-0.4220882058143616,0,-6,1,-7,0,-5.0,0.8308209776878357,0.061396930903431624,2.7928181949974435,1.71654255758413,1.7367169873790647,1.6558440917928476,1.4626862809260834
46,2790,-0.18107570707798004,-0.41131383180618286,0.2441321313381195,-1.0612202882766724,0,-7,0,-17,4,5.0,-2.176332712173462,0.061335533972528195,-0.8065371862647533,-0.8210469721257687,-0.8206779896068574,-0.7748811054732898,-0.8093417465964117
46,2791,0.03003688156604767,-0.17946408689022064,-0.20853087306022644,0.10850253701210022,0,-3,0,2,1,-2.5,0.9675464630126953,0.061274198438555666,3.6809812659668215,16.096479211501915,7.229644125971748,2.7332556400162353,2.875040912143385
46,2792,0.026919789612293243,-0.18014861643314362,-0.38678163290023804,-0.18921028077602386,0,-3,-1,-3,3,2.5,0.9674161076545715,0.06121292424011711,0.0,0.4007644411586606,1.6216076503703376,15.233185481056616,0.5559894199144488
46,2793,0.024194128811359406,-0.18051007390022278,-0.18283526599407196,0.09328968822956085,0,-3,0,1,2,0.0,0.9676824808120728,0.06115171131587699,8.69763215149962,11.23344442062951,18.32196637007081,9.487843482669945,8.087833958241363
46,2794,0.022372575476765633,-0.17977064847946167,-0.17847305536270142,0.07274888455867767,0,-3,0,1,3,2.5,0.9684426188468933,0.06109055960456111,8.69763215149962,11.23344442062951,18.32196637007081,9.444039162461873,8.087833958241363
46,2795,0.021642865613102913,-0.17764395475387573,0.01017560064792633,0.3321905732154846,0,-3,0,5,1,-2.5,0.9689435362815857,0.06102946904495655,1.030595527495442,10.13998323661097,0.8382285918132462,1.1620044062321067,0.5616104626874234
46,2796,0.020621635019779205,-0.17622855305671692,-0.18416374921798706,0.010243095457553864,0,-3,0,0,2,0.0,0.9689141511917114,0.06096843957591159,11.220968264911003,12.864379808222063,17.691418695827004,9.679362907848024,9.091150413203966
46,2797,0.018788890913128853,-0.1763117015361786,-0.17950321733951569,-0.009221048094332218,0,-3,0,0,2,0.0,0.9688150882720947,0.06090747113633568,11.220968264911003,12.864379808222063,17.72692988634121,9.679362907848024,9.091150413203966
46,2798,0.01700075902044773,-0.1765926331281662,-0.17519250512123108,-0.029233882203698158,0,-3,0,0,2,0.0,0.9686437249183655,0.06084656366519934,11.220968264911003,12.864379808222063,17.726014911874103,9.679362907848024,9.091150413203966
46,2799,0.015253814868628979,-0.17707695066928864,-0.17121511697769165,-0.04980011284351349,0,-3,0,-1,1,-2.5,0.9678279757499695,0.06078571710153414,11.791523295197097,16.9356857018293,14.407941781418137,10.193140573146907,11.665754697578656
46,2800,0.012494661845266819,-0.17936572432518005,-0.3521750271320343,-0.3514077067375183,0,-3,-1,-6,1,-2.5,0.9659388065338135,0.06072493138443261,7.173889992216794,14.999519745901917,7.608754952976332,6.893955075160786,5.633476298659977
46,2801,0.008002190850675106,-0.1845567673444748,-0.5197093486785889,-0.6328917741775513,0,-3,-1,-10,4,5.0,0.9647728800773621,0.060664206453048174,2.4467461412075657,2.7024819299046303,3.9286326449580193,6.242551135958186,16.75265021814456
46,2802,0.005050129257142544,-0.18768876791000366,-0.1219242662191391,-0.05741148442029953,0,-3,0,-1,1,-2.5,0.9638633728027344,0.06060354224659512,11.791523295197097,16.860337508556988,14.407941781418137,10.193140573146907,11.665754697578656
46,2803,0.002761456649750471,-0.1900963932275772,-0.3066599667072296,-0.3657861649990082,0,-3,-1,-6,1,-2.5,0.9617906808853149,0.06054293870434853,7.173889992216794,15.1364151778218,7.608754952976332,6.893955075160786,5.633476298659977
46,2804,-0.0012967425864189863,-0.1954718828201294,-0.47769877314567566,-0.6536663174629211,0,-3,-1,-10,2,0.0,0.9591806530952454,0.06048239576564418,2.4467461412075657,2.7024819299046303,4.603722248282471,6.242551135958186,16.75265021814456
46,2805,-0.0059471214190125465,-0.2020379900932312,-0.4521551728248596,-0.644568681716919,0,-3,-1,-10,4,5.0,0.9578182101249695,0.06042191336987854,2.4467461412075657,2.7024819299046303,4.603722248282471,6.242551135958186,16.778097836453476
46,2806,-0.008266063407063484,-0.20538203418254852,-0.06155230849981308,-0.08462478965520859,0,-3,0,-1,1,-2.5,0.9566870331764221,0.06036149145650866,11.791523295197097,16.809843303424323,14.407941781418137,10.193140573146907,11.665754697578656
46,2807,-0.009978723712265491,-0.20811764895915985,-0.25088682770729065,-0.4015899896621704,0,-3,-1,-6,1,-2.5,0.9542447328567505,0.06030112996505215,7.173889992216794,15.158709107320544,7.608754952976332,6.893955075160786,5.633476298659977
46,2808,-0.013505014590919018,-0.21390476822853088,-0.42619577050209045,-0.697648286819458,0,-3,-1,-11,3,2.5,0.9518622159957886,0.0602408288350871,2.9803955136714295,6.102805468589896,5.075635817723667,14.579873744768035,6.017531463568872
46,2809,-0.016626672819256783,-0.21940331161022186,-0.22218891978263855,-0.4223545789718628,0,-4,0,-7,2,0.0,0.9498869180679321,0.06018058800625201,4.071254777692949,4.059585927633621,10.682411601529342,3.9620661812367164,3.0204143089814517
46,2810,-0.018838655203580856,-0.22385944426059723,-0.21672910451889038,-0.4471878409385681,0,-4,0,-7,2,0.0,0.9477536678314209,0.06012040741824576,4.071254777692949,4.059585927633621,10.679685330500732,3.9620661812367164,3.0204143089814517
46,2811,-0.020999759435653687,-0.2285744696855545,-0.21186286211013794,-0.4735864996910095,0,-4,0,-8,0,-5.0,0.9439802169799805,0.06006028701082751,10.044916802308345,6.352942472155859,6.925743112339075,5.084535349723163,4.276940035852073
46,2812,-0.025192178785800934,-0.23668493330478668,-0.5725845694541931,-1.0500835180282593,0,-4,-1,-17,4,5.0,0.9404087662696838,0.060000226723816684,2.6741426828538106,3.704923747944762,5.590941854145505,4.94317483100563,9.756601603140979
46,2813,-0.02869153767824173,-0.24411317706108093,-0.1774996966123581,-0.4933425188064575,0,-4,0,-8,0,-5.0,0.936272144317627,0.059940226497092866,10.049262695370604,6.352942472155859,6.925743112339075,5.084535349723163,4.276940035852073
46,2814,-0.03255179524421692,-0.2524438500404358,-0.5400264859199524,-1.072786569595337,0,-4,-1,-17,4,5.0,0.932311475276947,0.05988028627059577,2.6741426828538106,3.704923747944762,5.590941854145505,4.94317483100563,9.836650803391173
46,2815,-0.035752613097429276,-0.2601701319217682,-0.14949119091033936,-0.5275177359580994,0,-4,0,-8,0,-5.0,0.9277147650718689,0.05982040598432518,10.010042786073075,6.352942472155859,6.925743112339075,5.084535349723163,4.276940035852073
46,2816,-0.03934071958065033,-0.26885905861854553,-0.5132057070732117,-1.1088249683380127,0,-4,-1,-18,3,2.5,0.9224132895469666,0.05976058557834085,2.610718152794693,3.8196204224542676,4.7402421000645205,8.795933339030142,4.9594921756115244
46,2817,-0.04332587495446205,-0.27854394912719727,-0.3075128197669983,-0.8434416651725769,0,-4,-1,-13,1,-2.5,0.9166127443313599,0.05970082499276251,1.8877363359695973,8.750306716045902,1.6055363535199554,2.5309190189117103,1.8891051303391069
46,2818,-0.04739686846733093,-0.28876855969429016,-0.47820261120796204,-1.138399362564087,0,-5,-1,-18,1,-2.5,0.9088925719261169,0.059641124167769746,0.7917631715587734,5.110853462101748,1.2160431822079054,1.4367343517984341,0.8372432403133314
46,2819,-0.05310070514678955,-0.30184003710746765,-0.6359284520149231,-1.414931297302246,0,-5,-1,-23,1,-2.5,0.8991409540176392,0.059581483043601974,1.2859196086047184,5.4311282147327,2.423659465193274,2.506675992416885,1.8991706172602874
46,2820,-0.0603121817111969,-0.3175830543041229,-0.7814969420433044,-1.674536943435669,0,-5,-2,-27,4,5.0,0.8901813626289368,0.05952190156055837,0.7278935750272684,0.3820828916065671,0.19264406765990763,0.6862489905957028,3.443676557780533
46,2821,-0.06587816774845123,-0.331388920545578,-0.3821152448654175,-1.137309193611145,0,-5,-1,-18,1,-2.5,0.8812968730926514,0.05946237965899782,0.7917631715587734,5.058252132163933,1.2160431822079054,1.4367343517984341,0.8372432403133314
46,2822,-0.07065968960523605,-0.34453320503234863,-0.5461509227752686,-1.4259830713272095,0,-6,-1,-23,4,5.0,0.8731959462165833,0.05940291727933882,0.6231097375610067,1.0189372004395914,0.32694696138292095,0.504121054288825,3.5207401991553673
46,2823,-0.07399839162826538,-0.35609567165374756,-0.16833341121673584,-0.9291841387748718,0,-6,0,-15,1,-2.5,0.8650906682014465,0.05934351436205949,1.5040229448884732,3.927832614716296,1.9714065367857523,2.161581505390245,1.1874639530565352
46,2824,-0.07673019170761108,-0.36729997396469116,-0.34745460748672485,-1.2410515546798706,0,-6,-1,-20,3,2.5,0.8566256761550903,0.05928417084769743,0.2716349742120358,0.5984681803907921,0.871874095750212,4.195987740692975,0.4242089284510677
46,2825,-0.07918278872966766,-0.37864795327186584,-0.16273368895053864,-1.029902458190918,0,-6,0,-16,3,2.5,0.8494378328323364,0.05922488667684973,1.7885895911394936,1.6016190674545085,1.9104946757259333,4.326763749729179,1.81129244363987
46,2826,-0.07987240701913834,-0.3880234360694885,0.007507208734750748,-0.8421876430511475,0,-6,0,-13,1,-2.5,0.8412222862243652,0.05916566179017289,1.041493713452311,4.038951825858782,1.6617604993053874,0.9552831135540635,1.6181210136143118
46,2827,-0.08091334998607635,-0.3984691798686981,-0.1831403523683548,-1.1717787981033325,0,-6,0,-19,4,5.0,0.8336212038993835,0.059106496128382716,2.1938855992691715,2.087796725011594,2.297079921000933,2.3484667641605967,3.7951497573646327
46,2828,-0.08082253485918045,-0.40789565443992615,0.1602584421634674,-0.7428138852119446,0,-7,0,-12,4,5.0,0.8292114734649658,0.05904738963225433,-0.20709076285362243,-0.3806938803195954,-0.20700465083122255,-0.13480506969926567,0.01563371142488744
46,2829,-0.07744839787483215,-0.4132657051086426,0.47769007086753845,-0.3535933196544647,0,-7,1,-6,3,2.5,0.8266712427139282,0.058988342242622074,-0.06726214064629156,-0.1088099479675293,-0.02152587198331355,0.28663279848744544,0.0
46,2830,-0.07201331853866577,-0.4163278043270111,0.5995655655860901,-0.2422688603401184,0,-7,1,-4,4,5.0,0.8261374235153198,0.058929353900379455,-0.10887740850448609,-0.07608994278526532,-0.044541497622023085,-0.030170436501502994,0.335651329258118
46,2831,-0.06442958116531372,-0.4169684052467346,0.8851116299629211,0.09945966303348541,0,-7,2,2,2,0.0,0.8260139226913452,0.058870424546479075,0.004458755358695982,0.0015840905494298174,1.4579292703164146,0.0,0.0
46,2832,-0.056062307208776474,-0.41711652278900146,0.8061683177947998,-0.0732559934258461,0,-7,2,-1,4,5.0,0.8267911076545715,0.0588115541219326,-0.0819176732788086,-0.1053610924394589,0.024461265391263358,-0.1087881088256836,2.3615517895163336
46,2833,-0.04649434983730316,-0.4161836802959442,1.0773800611495972,0.2481013536453247,0,-7,2,4,4,5.0,0.8301059007644653,0.05875274256781066,0.17936863243306628,0.0,0.0,0.04584200001358986,0.44582278160820155
46,2834,-0.034318700432777405,-0.4121822118759155,1.330232858657837,0.5440161824226379,0,-7,3,9,0,-5.0,0.8311599493026733,0.058693989825242855,0.2491051903237095,0.0,0.0,0.0,0.0
46,2835,-0.023635806515812874,-0.41090160608291626,0.8753201365470886,-0.16007758677005768,0,-7,2,-3,4,5.0,0.8311973214149475,0.058635295835417614,-0.1806441166996956,0.034564998536784346,-0.10879061222076417,0.09707718140767443,1.3116802366975364
46,2836,-0.013398412615060806,-0.41085609793663025,1.1425617933273315,0.1575165092945099,0,-7,2,3,0,-5.0,0.829150378704071,0.058576660539582194,0.09137269061682407,-0.08130416862130165,0.4910788539639066,0.0,0.0
46,2837,-0.00452076829969883,-0.41333961486816406,0.700411319732666,-0.5285268425941467,0,-7,1,-8,4,5.0,0.826204776763916,0.058518083879042615,-0.31626910805702213,-0.31180776933169846,-0.26445759990215306,-0.14365488528162196,0.45137992710985164
46,2838,0.004035967402160168,-0.41688740253448486,0.9795430302619934,-0.19510072469711304,0,-7,2,-3,4,5.0,0.8258872032165527,0.05845956579516357,-0.1806441166996956,0.034564998536784346,-0.10879061222076417,0.09707718140767443,1.3846381716020186
46,2839,0.015270001254975796,-0.4172682762145996,1.23881196975708,0.10939618200063705,0,-7,2,2,2,0.0,0.8256831765174866,0.05840110622936841,0.004458755358695982,0.0015840905494298174,1.5974573265987795,0.0,0.0
46,2840,0.027035683393478394,-0.41751277446746826,1.1354854106903076,-0.09775089472532272,0,-7,2,-2,4,5.0,0.8261041641235352,0.05834270512313904,-0.2177010178565979,-0.09872434309453587,-0.10975858915064204,-0.12792560279369355,3.125402985369484
46,2841,0.039767444133758545,-0.4170082211494446,1.3839333057403564,0.19134849309921265,0,-7,3,3,3,2.5,0.8276669979095459,0.058284362418015906,0.07899442080038702,0.17836540651549362,0.5794620749955606,3.3663407934219887,0.19196610099077227
46,2842,0.05390746146440506,-0.4151301980018616,1.4430217742919922,0.21345800161361694,0,-7,3,3,3,2.5,0.8293811082839966,0.05822607805559789,0.07899442080038702,0.17836540651549362,0.5794620749955606,3.353406032946002,0.19196610099077227
46,2843,0.06861595809459686,-0.41306036710739136,1.4981480836868286,0.23030626773834229,0,-7,3,4,2,0.0,0.8300610780715942,0.05816785197754229,0.042136322480776436,0.0,2.7234819705892654,0.2672720185128088,0.0
46,2844,0.08287359029054642,-0.41223642230033875,1.3769190311431885,-0.0018322896212339401,0,-7,3,0,3,2.5,0.8300261497497559,0.05810968412556475,-0.03977079049110412,0.2574589853301773,0.030670983803272246,3.4756891338298503,0.04163000285625458
46,2845,0.09694752097129822,-0.41227880120277405,1.4366834163665771,0.022012116387486458,0,-7,3,0,3,2.5,0.8301605582237244,0.058051574441439185,-0.03977079049110412,0.2574589853301773,0.030670983803272246,3.504263070213552,0.04163000285625458
46,2846,0.11159563064575195,-0.4121159017086029,1.4923210144042969,0.040019989013671875,0,-7,3,1,3,2.5,0.8304178714752197,0.05799352286699774,-0.026275573736902223,0.28782513562855233,0.12791699451770883,3.1515114955813415,0.26187130350052207
46,2847,0.12677834928035736,-0.41180357336997986,1.544127345085144,0.05264287069439888,0,-7,3,1,3,2.5,0.8307556509971619,0.057935529344130744,-0.026275573736902223,0.28782513562855233,0.12791699451770883,3.1696933068541213,0.26187130350052207
46,2848,0.14245890080928802,-0.4113931953907013,1.5923737287521362,0.060286954045295715,0,-7,3,1,3,2.5,0.8311344385147095,0.05787759381478661,-0.026275573736902223,0.28782513562855233,0.12791699451770883,3.251182077448073,0.26187130350052207
46,2849,0.15860311686992645,-0.4109324514865875,1.6373090744018555,0.06331809610128403,0,-7,3,1,3,2.5,0.8315178751945496,0.057819716220971824,-0.026275573736902223,0.28782513562855233,0.12791699451770883,3.362610812862287,0.26187130350052207
46,2850,0.17517919838428497,-0.41046568751335144,1.679162621498108,0.06206580623984337,0,-7,3,1,3,2.5,0.8318721652030945,0.05776189650475085,-0.026275573736902223,0.28782513562855233,0.12791699451770883,3.3716648682400927,0.26187130350052207
46,2851,0.1921575367450714,-0.4100338816642761,1.7181456089019775,0.05682720988988876,0,-7,3,1,3,2.5,0.8321660757064819,0.0577041346082461,-0.026275573736902223,0.28782513562855233,0.12791699451770883,3.2357038263166693,0.26187130350052207
46,2852,0.20951050519943237,-0.4096754491329193,1.7544530630111694,0.0478699766099453,0,-7,4,1,0,-5.0,0.8289376497268677,0.05764643047363786,0.05717946972501277,0.0,0.0,0.0,0.0
47,2853,0.22426611185073853,-0.4135969281196594,1.269938349723816,-0.69823157787323,0,-7,3,-11,4,5.0,-2.175691604614258,0.05758878404316422,-0.10889848470687867,-0.10897240638732911,-0.21762397289276125,-0.10882459878921509,-0.1087845802307129
47,2854,0.01089465618133545,0.013253733515739441,-0.05752915143966675,0.08864325284957886,0,0,0,1,2,0.0,0.9997982978820801,0.05753119525912106,40.96865383557436,42.21636496182905,46.9333160691758,46.4579552482752,42.77934532026221
47,2855,0.010349315591156483,0.014201516285538673,-0.052503552287817,0.09842778742313385,0,0,0,2,2,0.0,0.9997676014900208,0.05747366406386194,40.83649972623614,42.957885990183996,46.037653664015664,41.34117286609158,36.622235024829635
47,2856,0.009852465242147446,0.015245506539940834,-0.0478048175573349,0.10785362124443054,0,0,0,2,2,0.0,0.9997316002845764,0.057416190399798075,40.83649972623614,42.957885990183996,46.086001520557396,41.34117286609158,36.622235024829635
47,2857,0.009401018731296062,0.016382504254579544,-0.04340338334441185,0.11698088049888611,0,0,0,2,2,0.0,0.9996898770332336,0.05735877420939828,40.83649972623614,42.957885990183996,46.12516349416454,41.34117286609158,36.622235024829635
47,2858,0.008992166258394718,0.01760987751185894,-0.039272088557481766,0.12586548924446106,0,0,0,2,2,0.0,0.9996418356895447,0.05730141543518888,40.83649972623614,42.957885990183996,46.18066017058315,41.34117286609158,36.622235024829635
47,2859,0.008623356930911541,0.018925538286566734,-0.03538595139980316,0.13455955684185028,0,0,0,2,2,0.0,0.9995867609977722,0.05724411401975369,40.83649972623614,42.957885990183996,46.22141632508737,41.34117286609158,36.622235024829635
47,2860,0.008292279206216335,0.02032790146768093,-0.031721968203783035,0.14311198890209198,0,0,0,2,2,0.0,0.9995240569114685,0.057186869905733934,40.83649972623614,42.957885990183996,46.343012384841934,41.34117286609158,36.622235024829635
47,2861,0.00799684226512909,0.021815842017531395,-0.028258955106139183,0.15156851708889008,0,0,0,2,3,2.5,0.999373197555542,0.0571296830358282,40.83649972623614,42.957885990183996,46.39769520806605,41.35837590361069,36.622235024829635
47,2862,0.008803043514490128,0.02503652684390545,0.1627327799797058,0.4496256411075592,0,0,0,7,0,-5.0,0.9993149042129517,0.05707255335279238,41.52648129986834,17.542617990760082,12.104821369591368,10.279508686742313,6.39403958120494
47,2863,0.008235376328229904,0.02617480233311653,-0.22353202104568481,-0.1424696147441864,0,0,0,-2,2,0.0,0.9993778467178345,0.057015480799439584,39.32751690378873,41.408892792272134,43.32422168947299,41.02674864363709,40.55601292728331
47,2864,0.006106026004999876,0.024943210184574127,-0.20538586378097534,-0.1105419248342514,0,0,0,-2,2,0.0,0.9994232058525085,0.05695846531864014,39.32751690378873,41.41201959836019,43.44766304697556,41.02674864363709,40.55601292728331
47,2865,0.004149909131228924,0.024016832932829857,-0.18866290152072906,-0.08098814636468887,0,0,0,-1,2,0.0,0.9994536638259888,0.0569015068533215,41.31705578134573,42.389499580527456,45.302764504639555,40.98947895639091,41.400800891965126
47,2866,0.002353520831093192,0.023373397067189217,-0.17324084043502808,-0.053574301302433014,0,0,0,-1,2,0.0,0.9994713068008423,0.05684460534646818,41.31705578134573,42.389499580527456,45.048264337869654,41.056555939926625,41.400800891965126
47,2867,0.0007045184611342847,0.022992847487330437,-0.1590076982975006,-0.028085507452487946,0,0,0,0,2,0.0,0.9994775652885437,0.05678776074112171,44.27015225115034,42.56593252412381,47.11480799815483,44.15333002513255,42.99873337925176
47,2868,-0.0008083758875727654,0.022857172414660454,-0.14586083590984344,-0.004324230365455151,0,0,0,0,2,0.0,0.9994732737541199,0.056730972980380594,44.27015225115034,42.56593252412381,47.19196839529769,44.15333002513255,42.99873337925176
47,2869,-0.00219546421431005,0.022950243204832077,-0.13370612263679504,0.017891360446810722,0,0,0,0,2,0.0,0.9994590878486633,0.05667424200740021,44.27015225115034,42.56593252412381,47.22319056205416,44.15333002513255,42.43558679794822
47,2870,-0.003466153284534812,0.023257646709680557,-0.12245728075504303,0.03872847184538841,0,0,0,1,2,0.0,0.9994351267814636,0.05661756776539281,41.0555327367289,42.242446393298394,47.57040779554304,46.4579552482752,42.77934532026221
47,2871,-0.004629029892385006,0.02376657724380493,-0.11203528940677643,0.058341145515441895,0,0,0,1,2,0.0,0.9994014501571655,0.05656095019762742,41.118689545281214,42.242446393298394,47.64242251569246,46.4579552482752,42.77934532026221
47,2872,-0.005691928323358297,0.02446567825973034,-0.10236769169569016,0.07687130570411682,0,0,0,1,2,0.0,0.9993576407432556,0.056504389247429794,41.118689545281214,42.242446393298394,47.6785159073665,46.4579552482752,42.77934532026221
47,2873,-0.006661996245384216,0.025344954803586006,-0.09338799118995667,0.09445002675056458,0,0,0,2,2,0.0,0.9993032813072205,0.05644788485818236,40.83649972623614,42.957885990183996,46.883842368962455,41.35837590361069,36.622235024829635
47,2874,-0.007545746397227049,0.026395663619041443,-0.08503524214029312,0.11119844764471054,0,0,0,2,2,0.0,0.9992376565933228,0.05639143697332418,40.83649972623614,42.957885990183996,47.00102355807988,41.35837590361069,36.622235024829635
47,2875,-0.00834911223500967,0.027610216289758682,-0.07725351303815842,0.1272285431623459,0,0,0,2,2,0.0,0.9991600513458252,0.05633504553635086,40.83649972623614,42.957885990183996,47.05622789363795,41.35837590361069,36.622235024829635
47,2876,-0.009077494964003563,0.02898208424448967,-0.06999148428440094,0.14264412224292755,0,0,0,2,2,0.0,0.9990693926811218,0.05627871049081451,40.83649972623614,42.957885990183996,46.80140530878559,41.35837590361069,36.622235024829635
47,2877,-0.00973580777645111,0.030505739152431488,-0.06320203840732574,0.15754152834415436,0,0,0,3,1,-2.5,0.9990679621696472,0.0562224317803237,38.1379230017927,44.0074921609159,40.27219760382716,35.259500731637495,31.295783071420836
47,2878,-0.011396149173378944,0.030529499053955078,-0.2445085495710373,-0.11751255393028259,0,0,0,-2,2,0.0,0.9991256594657898,0.056166209348543376,39.40201315718423,41.46790346524696,43.92181227385817,41.02674864363709,40.55601292728331
47,2879,-0.013724558055400848,0.02956894040107727,-0.2245587408542633,-0.08214051276445389,0,0,0,-1,3,2.5,0.9990639686584473,0.056110043139194835,41.74684730719521,42.389499580527456,42.72537343002162,41.18239979437449,41.80240650742009
47,2880,-0.014794678427278996,0.030594533309340477,-0.018478279933333397,0.24025776982307434,0,0,0,4,1,-2.5,0.9990130066871643,0.05605393309605564,26.595575742403533,42.02640776273461,27.474635794203284,22.73012200091832,17.87130754839361
47,2881,-0.016026834025979042,0.03141624853014946,-0.20313069224357605,-0.0399223193526268,0,1,0,-1,0,-5.0,0.9992209076881409,0.055997879162959584,26.24899806820982,31.501369292355278,39.64896758400301,27.069423071581284,30.035714811858917
47,2882,-0.020094022154808044,0.027911880984902382,-0.5615724325180054,-0.588158130645752,0,0,-1,-9,4,5.0,0.9993372559547424,0.055941881283796624,3.32113412800739,18.92847816284643,27.067173236002652,19.184269848719993,46.53658266088923
47,2883,-0.023323513567447662,0.025743158534169197,-0.1426331102848053,0.06231406331062317,0,0,0,1,3,2.5,0.9992073774337769,0.055885939402512824,41.118689545281214,42.28797247657108,46.0736760250486,46.892490382604564,42.77934532026221
47,2884,-0.023610740900039673,0.028153151273727417,0.057127829641103745,0.37444815039634705,0,0,0,6,1,-2.5,0.9990841746330261,0.05583005346311031,29.308549616986507,48.48185984535819,33.18128018496233,29.83712398060471,24.593964738879045
47,2885,-0.024120191112160683,0.030262533575296402,-0.13333576917648315,0.08494702726602554,0,0,0,1,3,2.5,0.9989175796508789,0.0557742234096472,41.118689545281214,42.28797247657108,46.0736760250486,46.1953370586729,42.77934532026221
47,2886,-0.024316759780049324,0.032900214195251465,0.06593725830316544,0.39697790145874023,0,1,0,6,1,-2.5,0.9987582564353943,0.055718449186237556,15.458752805558275,34.186451681536795,19.211775604345128,20.598555710733073,16.05477637985183
47,2887,-0.024739814922213554,0.035237934440374374,-0.12490829825401306,0.10765575617551804,0,1,0,2,4,5.0,0.9984198212623596,0.055662730737051316,25.532046035527873,25.56412542312174,26.330654807821865,27.4113533268161,36.36115619805175
47,2888,-0.023786507546901703,0.03975174203515053,0.26158127188682556,0.7091684937477112,0,1,1,11,0,-5.0,0.998112142086029,0.055607068006314264,38.456540953208176,24.291278412896148,29.028442173221784,22.980030850314648,14.193949935245048
47,2889,-0.023401005193591118,0.04344958811998367,-0.13112685084342957,0.10973163694143295,0,1,0,2,4,5.0,0.9976959824562073,0.05555146093830795,25.532046035527873,25.56412542312174,26.330654807821865,27.4113533268161,36.50165243208001
47,2890,-0.022504735738039017,0.04800030216574669,0.2561188042163849,0.7134567499160767,0,1,1,11,2,0.0,0.9969694018363953,0.05549590947736964,38.43864544278154,24.291278412896148,29.311041183974325,22.980030850314648,14.193949935245048
47,2891,-0.02003396488726139,0.05505059286952019,0.23940430581569672,0.6951279044151306,0,1,0,11,0,-5.0,0.9965596199035645,0.05544041356789227,35.622042100311006,17.512387223363625,18.783867135168634,18.532406791392425,11.04094522451421
47,2892,-0.019852979108691216,0.05865448713302612,-0.15053947269916534,0.1027117520570755,0,1,0,2,4,5.0,0.9960097074508667,0.05538497315432438,25.532046035527873,25.56412542312174,26.330654807821865,27.4113533268161,36.46019189621495
47,2893,-0.019138388335704803,0.06316874921321869,0.238620787858963,0.7112144231796265,0,1,0,11,0,-5.0,0.9955174922943115,0.05532958818117005,35.71926539175584,17.512387223363625,18.783867135168634,18.532406791392425,11.04094522451421
47,2894,-0.018960582092404366,0.06695157289505005,-0.15064385533332825,0.12137162685394287,0,1,0,2,4,5.0,0.9948644042015076,0.05527425859298888,25.532046035527873,25.56412542312174,26.330654807821865,27.4113533268161,36.773106465153674
47,2895,-0.01824498176574707,0.07166322320699692,0.23872943222522736,0.7311422824859619,0,1,0,12,0,-5.0,0.9942749738693237,0.05521898433439589,36.56199894278052,5.5670174585259,7.696168412472321,9.95168255940779,3.550828341303943
47,2896,-0.018061477690935135,0.07566403597593307,-0.14986765384674072,0.1439678817987442,0,1,0,2,4,5.0,0.9935017824172974,0.0551637653500615,25.532046035527873,25.56412542312174,26.330654807821865,27.4113533268161,36.88117052464463
47,2897,-0.017336538061499596,0.08061180263757706,0.23962900042533875,0.7548698782920837,0,1,0,12,0,-5.0,0.9927971363067627,0.05510860158471143,36.662478414030915,5.5670174585259,7.696168412472321,9.95168255940779,3.550828341303943
47,2898,-0.017139360308647156,0.08486958593130112,-0.14829511940479279,0.1705058068037033,0,1,0,3,2,0.0,0.9924622178077698,0.05505349298312672,24.045456988243117,25.045693193462693,37.51651794057578,24.985149586342395,25.667160170690224
47,2899,-0.018525276333093643,0.08682028204202652,-0.13276463747024536,0.2072669118642807,0,1,0,3,2,0.0,0.9920555353164673,0.054998439490143596,24.045456988243117,25.045693193462693,37.50638447207155,24.985149586342395,25.667160170690224
47,2900,-0.019761765375733376,0.08913177251815796,-0.11829937994480133,0.24268896877765656,0,1,0,4,2,0.0,0.991574227809906,0.05494344105065345,22.3225138971736,28.79739598665342,36.58251168717031,24.3553902470599,25.13231899068771
47,2901,-0.02085888758301735,0.09179196506738663,-0.10480228811502457,0.2769750952720642,0,1,0,4,2,0.0,0.9910147190093994,0.05488849760960279,22.3225138971736,28.79739598665342,36.398331110017956,24.3553902470599,25.13231899068771
47,2902,-0.021825794130563736,0.09479071944952011,-0.09218423068523407,0.31031447649002075,0,2,0,5,1,-2.5,0.9906903505325317,0.05483360911199319,26.665799357367007,31.919730171484172,28.73868007401952,24.092697080564193,20.312013196054444
47,2903,-0.02373361960053444,0.0964866653084755,-0.267192006111145,0.055828340351581573,0,2,-1,1,3,2.5,0.9901949167251587,0.0547787755028812,23.70131900605879,22.166691758921566,25.601453474577017,28.811723264275017,24.10385536528245
