{
  "experiment": "epsilon_greedy_eps0.1",
  "label": "epsilon_greedy: \u03b5=0.1",
  "config": {
    "strategy": "epsilon_greedy",
    "epsilon": 0.1,
    "seed": 42
  },
  "parameters": {
    "n_arms": 10,
    "n_runs": 2000,
    "n_steps": 1000
  },
  "results": {
    "final_avg_reward": 1.3588188548920568,
    "final_optimal_pct": 80.10000000000001,
    "final_cumulative_regret": 231.72209485727166,
    "final_q_error": 0.21732137884957886,
    "total_optimal_selections": 1428224,
    "total_suboptimal_selections": 571776
  },
  "last_run": {
    "true_means": [
      -0.17721072309000882,
      0.4874630642518686,
      -0.16018783141004964,
      1.2931356331105255,
      0.32892120080304676,
      -0.8667889908830338,
      2.295288444642079,
      0.7776124470527553,
      0.3432863484373335,
      0.23089474689136918
    ],
    "q_estimates": [
      -0.501984538638613,
      0.5955209096924998,
      -0.14391003586884774,
      1.2546489134212173,
      0.724725227469174,
      -0.8647866369229736,
      2.298530949469391,
      0.9418723316446176,
      0.37518811342236036,
      0.18484877634120347
    ],
    "optimal_arm": 6,
    "action_counts": [
      13.0,
      12.0,
      14.0,
      256.0,
      10.0,
      11.0,
      639.0,
      27.0,
      9.0,
      9.0
    ]
  }
}