{
  "experiment": "ucb_c1.0",
  "label": "ucb: c=1.0",
  "config": {
    "strategy": "ucb",
    "c": 1.0,
    "seed": 42
  },
  "parameters": {
    "n_arms": 10,
    "n_runs": 2000,
    "n_steps": 1000
  },
  "results": {
    "final_avg_reward": 1.4823773054452463,
    "final_optimal_pct": 92.4,
    "final_cumulative_regret": 58.473754262177195,
    "final_q_error": 0.4655051752333952,
    "total_optimal_selections": 1725033,
    "total_suboptimal_selections": 274967
  },
  "last_run": {
    "true_means": [
      -0.17721072309000882,
      0.4874630642518686,
      -0.16018783141004964,
      1.2931356331105255,
      0.32892120080304676,
      -0.8667889908830338,
      2.295288444642079,
      0.7776124470527553,
      0.3432863484373335,
      0.23089474689136918
    ],
    "q_estimates": [
      -1.0288065579035115,
      0.41542345300460387,
      -1.0425614501135536,
      1.4272544548947863,
      -1.135478553689266,
      -1.3531684904164676,
      2.272464635698511,
      -0.7335857109902434,
      -0.9818603218876513,
      0.9978839769043559
    ],
    "optimal_arm": 6,
    "action_counts": [
      1.0,
      2.0,
      2.0,
      9.0,
      1.0,
      1.0,
      977.0,
      1.0,
      1.0,
      5.0
    ]
  }
}