{
  "experiment": "ucb_c2.0",
  "label": "ucb: c=2.0",
  "config": {
    "strategy": "ucb",
    "c": 2.0,
    "seed": 42
  },
  "parameters": {
    "n_arms": 10,
    "n_runs": 2000,
    "n_steps": 1000
  },
  "results": {
    "final_avg_reward": 1.4328698891787166,
    "final_optimal_pct": 84.65,
    "final_cumulative_regret": 148.98988083071376,
    "final_q_error": 0.2759598835623239,
    "total_optimal_selections": 1517360,
    "total_suboptimal_selections": 482640
  },
  "last_run": {
    "true_means": [
      -0.17721072309000882,
      0.4874630642518686,
      -0.16018783141004964,
      1.2931356331105255,
      0.32892120080304676,
      -0.8667889908830338,
      2.295288444642079,
      0.7776124470527553,
      0.3432863484373335,
      0.23089474689136918
    ],
    "q_estimates": [
      -0.38814683807764216,
      0.6526918736054653,
      -0.6404178762920715,
      1.2449735675961076,
      -1.5957989945989102,
      -1.4453160860093084,
      2.2789716853985924,
      0.8736594617468564,
      0.28393378100381284,
      -0.6807213842298543
    ],
    "optimal_arm": 6,
    "action_counts": [
      4.0,
      10.0,
      3.0,
      22.0,
      2.0,
      2.0,
      935.0,
      12.0,
      6.0,
      4.0
    ]
  }
}