{
  "experiment": "epsilon_greedy_eps_time_decay",
  "label": "epsilon_greedy: \u03b5=time_decay(t,r)",
  "config": {
    "strategy": "epsilon_greedy",
    "epsilon": "function:time_decay",
    "seed": 42
  },
  "parameters": {
    "n_arms": 10,
    "n_runs": 2000,
    "n_steps": 1000
  },
  "results": {
    "final_avg_reward": 1.3460865296652658,
    "final_optimal_pct": 83.7,
    "final_cumulative_regret": 381.84367717048764,
    "final_q_error": 0.1471892178644268,
    "total_optimal_selections": 1401698,
    "total_suboptimal_selections": 598302
  },
  "last_run": {
    "true_means": [
      -0.17721072309000882,
      0.4874630642518686,
      -0.16018783141004964,
      1.2931356331105255,
      0.32892120080304676,
      -0.8667889908830338,
      2.295288444642079,
      0.7776124470527553,
      0.3432863484373335,
      0.23089474689136918
    ],
    "q_estimates": [
      -0.317398081361816,
      0.7191087169366519,
      0.016886299968214363,
      1.2695508738237113,
      0.49346560182966326,
      -0.7201402172038858,
      2.265191355344942,
      0.69398672731601,
      0.22540819300479745,
      0.16750914896927635
    ],
    "optimal_arm": 6,
    "action_counts": [
      19.0,
      27.0,
      29.0,
      43.0,
      17.0,
      24.0,
      773.0,
      31.0,
      18.0,
      19.0
    ]
  }
}