episode,step,cart_pos,pole_angle,cart_vel,pole_vel,action_idx,action_val,reward
0,1,0.06407830119132996,0.06406641006469727,0.0,-0.0,0,-5.0,0.9962917566299438
0,2,0.061972375959157944,0.06089531257748604,-0.3713548183441162,-0.562322735786438,3,2.5,0.9967208504676819
0,3,0.059507112950086594,0.05726389214396477,-0.15302063524723053,-0.21685071289539337,3,2.5,0.9967579245567322
0,4,0.05913135036826134,0.056939128786325455,0.04886625334620476,0.10286594927310944,3,2.5,0.9964384436607361
0,5,0.060688316822052,0.05967869237065315,0.23561935126781464,0.39928239583969116,1,-2.5,0.9961585998535156
0,6,0.06190185621380806,0.06197913736104965,0.033707525581121445,0.09733276814222336,3,2.5,0.9958163499832153
0,7,0.06331536173820496,0.06468109786510468,0.22179795801639557,0.396482914686203,0,-5.0,0.9957318305969238
0,8,0.06333326548337936,0.0653311014175415,-0.16607892513275146,-0.1910409778356552,4,5.0,0.995520830154419
0,9,0.06390076130628586,0.06692660599946976,0.2244260013103485,0.4202481806278229,0,-5.0,0.9954007863998413
0,10,0.06394505500793457,0.06781750172376633,-0.16346806287765503,-0.16686563193798065,1,-2.5,0.9958095550537109
0,11,0.06134159490466118,0.06473378837108612,-0.3350001573562622,-0.4208018481731415,4,5.0,0.9958858489990234
0,12,0.06029157340526581,0.06414143741130829,0.06812940537929535,0.209832102060318,0,-5.0,0.9960278868675232
0,13,0.05883803218603134,0.06302446871995926,-0.3082902431488037,-0.3602088391780853,4,5.0,0.9960286617279053
0,14,0.058043379336595535,0.06301845610141754,0.09280335903167725,0.267106831073761,0,-5.0,0.9960992932319641
0,15,0.05682544410228729,0.06245564669370651,-0.28554677963256836,-0.3061002492904663,3,2.5,0.9962382316589355
0,16,0.055182524025440216,0.06133316084742546,-0.07353571802377701,0.02988380938768387,3,2.5,0.9959766268730164
0,17,0.0555691197514534,0.063430055975914,0.12256735563278198,0.34127843379974365,0,-5.0,0.995956301689148
0,18,0.05463634803891182,0.0635903850197792,-0.2579750716686249,-0.23520347476005554,4,5.0,0.9958006739616394
0,19,0.05432361736893654,0.06480231136083603,0.13937141001224518,0.3864220082759857,0,-5.0,0.9957220554351807
0,20,0.053552452474832535,0.06540607661008835,-0.24231992661952972,-0.19155508279800415,4,5.0,0.9955047369003296
0,21,0.053390055894851685,0.06704659014940262,0.15389929711818695,0.4285431206226349,0,-5.0,0.9953668713569641
0,22,0.05275920778512955,0.06806699931621552,-0.22870098054409027,-0.1503925323486328,1,-2.5,0.9957500696182251
0,23,0.04953135922551155,0.0651913732290268,-0.39532577991485596,-0.39672479033470154,4,5.0,0.9957905411720276
0,24,0.04790393263101578,0.06488002091646194,0.012338019907474518,0.24094706773757935,0,-5.0,0.9958896040916443
0,25,0.045916665345430374,0.06411251425743103,-0.3598392605781555,-0.32240980863571167,4,5.0,0.9958372116088867
0,26,0.04462879151105881,0.06451980769634247,0.04514741897583008,0.31102970242500305,0,-5.0,0.9958486557006836
0,27,0.0429554246366024,0.0644308552145958,-0.3295101523399353,-0.256192147731781,4,5.0,0.9957122206687927
0,28,0.041958026587963104,0.06548091769218445,0.07321617752313614,0.37381064891815186,0,-5.0,0.9956435561180115
0,29,0.040553897619247437,0.06600350141525269,-0.3034651279449463,-0.19632555544376373,4,5.0,0.9954252243041992
0,30,0.03980625420808792,0.06763719767332077,0.09734942764043808,0.43091538548469543,0,-5.0,0.9952775835990906
0,31,0.03863432630896568,0.06871974468231201,-0.280967116355896,-0.14130981266498566,1,-2.5,0.9956478476524353
0,32,0.03490640968084335,0.06597054749727249,-0.44363224506378174,-0.3814319968223572,4,5.0,0.9956644773483276
0,33,0.032816700637340546,0.06584484130144119,-0.03232919052243233,0.26193276047706604,0,-5.0,0.9957334995269775
0,34,0.030402330681681633,0.06531863659620285,-0.4010816514492035,-0.29596030712127686,4,5.0,0.9956414699554443
0,35,0.028719915077090263,0.06601905822753906,0.007026050239801407,0.34242334961891174,0,-5.0,0.9956079721450806
0,36,0.026682404801249504,0.06627237796783447,-0.364655077457428,-0.21992048621177673,4,5.0,0.9954152703285217
0,37,0.02534899301826954,0.06771060079336166,0.0407494381070137,0.4144155979156494,0,-5.0,0.9952850341796875
0,38,0.023635243996977806,0.06866546720266342,-0.33332139253616333,-0.15126323699951172,1,-2.5,0.9956636428833008
0,39,0.019406061619520187,0.06585095822811127,-0.49206963181495667,-0.38536566495895386,4,5.0,0.9956812262535095
0,40,0.016852594912052155,0.06571757048368454,-0.07714033126831055,0.26357027888298035,0,-5.0,0.9957441687583923
0,41,0.014009147882461548,0.0652368888258934,-0.4425448775291443,-0.289189875125885,4,5.0,0.9956397414207458
0,42,0.011929759755730629,0.06603214889764786,-0.031331807374954224,0.35396867990493774,0,-5.0,0.9955875873565674
0,43,0.009525024332106113,0.06642614305019379,-0.4001372456550598,-0.20393989980220795,4,5.0,0.9953694939613342
0,44,0.007851958274841309,0.06804767996072769,0.007929746061563492,0.43451547622680664,0,-5.0,0.9952077865600586
0,45,0.005824171006679535,0.06922582536935806,-0.3636551797389984,-0.12726432085037231,1,-2.5,0.9955548048019409
0,46,0.0013048633700236678,0.06667235493659973,-0.5200901627540588,-0.35770392417907715,0,-5.0,0.9963675141334534
0,47,-0.005779347848147154,0.06027018278837204,-0.85237056016922,-0.8594711422920227,3,2.5,0.9970860481262207
0,48,-0.012850482016801834,0.05398118495941162,-0.5980865955352783,-0.45874685049057007,4,5.0,0.9971731305122375
0,49,-0.016421841457486153,0.05316822603344917,-0.17551502585411072,0.2006138563156128,3,2.5,0.9967479109764099
0,50,-0.01701427437365055,0.05702692270278931,0.027905691415071487,0.5222285985946655,0,-5.0,0.9965136647224426
0,51,-0.018856845796108246,0.05904513970017433,-0.3460272550582886,-0.045205675065517426,3,2.5,0.9963316917419434
0,52,-0.021079713478684425,0.060566604137420654,-0.12958978116512299,0.2972005009651184,3,2.5,0.995726466178894
0,53,-0.021230146288871765,0.0653722807765007,0.07067010551691055,0.6149492859840393,1,-2.5,0.9951071739196777
0,54,-0.02159333974123001,0.06994875520467758,-0.11852683871984482,0.33361706137657166,0,-5.0,0.9950712323188782
0,55,-0.02483069710433483,0.07020506262779236,-0.4804919958114624,-0.21302229166030884,4,5.0,0.9948457479476929
0,56,-0.02727223001420498,0.07179313153028488,-0.06632448732852936,0.4352326989173889,0,-5.0,0.994665801525116
0,57,-0.030008837580680847,0.07303546369075775,-0.43204858899116516,-0.11680693179368973,1,-2.5,0.9950101375579834
0,58,-0.03518114984035492,0.07063888013362885,-0.583115816116333,-0.3383398652076721,0,-5.0,0.9958422780036926
0,59,-0.042866602540016174,0.06448031961917877,-0.9103677868843079,-0.8316218256950378,1,-2.5,0.9969496130943298
0,60,-0.052623603492975235,0.05523019656538963,-1.0263628959655762,-1.0007522106170654,2,0.0,0.9978848099708557
0,61,-0.06242886930704117,0.04599094018340111,-0.9467530250549316,-0.8699299693107605,3,2.5,0.9984288215637207
0,62,-0.07040786743164062,0.03963826969265938,-0.6859069466590881,-0.46096092462539673,4,5.0,0.9984913468360901
0,63,-0.07482387125492096,0.0388411246240139,-0.25718727707862854,0.20614385604858398,3,2.5,0.9981693029403687
0,64,-0.07620302587747574,0.04278632625937462,-0.04823639243841171,0.5343316793441772,0,-5.0,0.9979798793792725
0,65,-0.07878183573484421,0.04494592547416687,-0.41748762130737305,-0.028450123965740204,3,2.5,0.9978228211402893
0,66,-0.08169346302747726,0.046660229563713074,-0.1962529420852661,0.319469690322876,1,-2.5,0.9976553916931152
0,67,-0.08462035655975342,0.04842135310173035,-0.366599977016449,0.06397649645805359,3,2.5,0.9973957538604736
0,68,-0.0870436429977417,0.05103195086121559,-0.14903764426708221,0.4067235291004181,1,-2.5,0.9971224069595337
0,69,-0.08951660245656967,0.05364290252327919,-0.3226575255393982,0.14692750573158264,3,2.5,0.99674391746521
0,70,-0.09151750802993774,0.057062212377786636,-0.10818259418010712,0.4856318533420563,0,-5.0,0.9965420961380005
0,71,-0.0946628749370575,0.0588039755821228,-0.47191059589385986,-0.06608252972364426,3,2.5,0.996376097202301
0,72,-0.09809098392724991,0.06019900366663933,-0.2460467517375946,0.2908119559288025,3,2.5,0.9957728385925293
0,73,-0.09935645014047623,0.0650167465209961,-0.03707230091094971,0.6219362020492554,1,-2.5,0.9951372742652893
0,74,-0.10075132548809052,0.06973311305046082,-0.21822106838226318,0.35294055938720703,0,-5.0,0.9950652718544006
0,75,-0.10494327545166016,0.0702475979924202,-0.5727344751358032,-0.1822596788406372,1,-2.5,0.9954729676246643
0,76,-0.11146385967731476,0.06728321313858032,-0.7134535312652588,-0.38834452629089355,0,-5.0,0.9963151812553406
0,77,-0.12039901316165924,0.06070274859666824,-1.031209111213684,-0.8676381707191467,3,2.5,0.9970351457595825
0,78,-0.1291821449995041,0.05445016920566559,-0.7635056972503662,-0.44618362188339233,4,5.0,0.9970977902412415
0,79,-0.13433699309825897,0.0538722388446331,-0.32851558923721313,0.23237311840057373,3,2.5,0.9966185688972473
0,80,-0.1363939642906189,0.05815019831061363,-0.11359703540802002,0.5718084573745728,1,-2.5,0.996105968952179
0,81,-0.13852453231811523,0.06240227818489075,-0.2894401252269745,0.30981504917144775,3,2.5,0.9954515695571899
0,82,-0.1402047574520111,0.06744184345006943,-0.07713371515274048,0.6463639736175537,1,-2.5,0.9947534203529358
0,83,-0.1419820934534073,0.0724334791302681,-0.25512951612472534,0.3826424777507782,0,-5.0,0.994630753993988
0,84,-0.14652591943740845,0.07327514886856079,-0.6066637635231018,-0.14744800329208374,1,-2.5,0.995003342628479
0,85,-0.1533699333667755,0.07068706303834915,-0.7446443438529968,-0.34880349040031433,0,-5.0,0.9958359003067017
0,86,-0.16260182857513428,0.0645299181342125,-1.0597949028015137,-0.8234460949897766,1,-2.5,0.9969242215156555
0,87,-0.1737893521785736,0.05545983836054802,-1.1645824909210205,-0.975301206111908,2,0.0,0.9978315830230713
0,88,-0.18491768836975098,0.04656649008393288,-1.0745853185653687,-0.8284302353858948,3,2.5,0.9983423948287964
0,89,-0.19412016868591309,0.040713973343372345,-0.804114580154419,-0.40453624725341797,4,5.0,0.9983548521995544
0,90,-0.19966745376586914,0.04056054726243019,-0.3664822578430176,0.2764582633972168,3,2.5,0.9979494214057922
0,91,-0.20209233462810516,0.04528358578681946,-0.1492595076560974,0.6176547408103943,1,-2.5,0.9975007176399231
0,92,-0.20457017421722412,0.04999300837516785,-0.32322195172309875,0.356442928314209,1,-2.5,0.9972737431526184
0,93,-0.20871110260486603,0.052213724702596664,-0.48384207487106323,0.11650091409683228,3,2.5,0.9969272613525391
0,94,-0.2122555673122406,0.055432550609111786,-0.2573361098766327,0.47355201840400696,0,-5.0,0.996734082698822
0,95,-0.21682970225811005,0.057148098945617676,-0.6100021600723267,-0.061417512595653534,2,0.0,0.9967470169067383
0,96,-0.22264660894870758,0.05703500658273697,-0.5612757802009583,0.022302789613604546,2,0.0,0.9966675639152527
0,97,-0.2279970347881317,0.057727016508579254,-0.5162014365196228,0.10039788484573364,2,0.0,0.996498703956604
0,98,-0.23291566967964172,0.05917159840464592,-0.474468469619751,0.17346428334712982,3,2.5,0.9960354566574097
0,99,-0.23636817932128906,0.06296443194150925,-0.24840207397937775,0.530764102935791,1,-2.5,0.9955238699913025
0,100,-0.23978707194328308,0.06690394878387451,-0.41383612155914307,0.28560060262680054,0,-5.0,0.9955288171768188
0,101,-0.24585331976413727,0.06686720252037048,-0.753919243812561,-0.22793233394622803,0,-5.0,0.9961662888526917
0,102,-0.2551758289337158,0.06191718205809593,-1.0686194896697998,-0.7025454640388489,2,0.0,0.9968974590301514
0,103,-0.26538243889808655,0.055700208991765976,-0.9854252338409424,-0.5651691555976868,4,5.0,0.9970753788948059
0,104,-0.27266165614128113,0.05407964438199997,-0.5337797403335571,0.13918039202690125,2,0.0,0.9968732595443726
0,105,-0.2777499854564667,0.0559174120426178,-0.49090877175331116,0.21347132325172424,3,2.5,0.9963860511779785
0,106,-0.2813609540462494,0.06011621281504631,-0.2637350261211395,0.5720593929290771,1,-2.5,0.995843231678009
0,107,-0.28492802381515503,0.0644732266664505,-0.42820221185684204,0.3279210031032562,0,-5.0,0.9957926869392395
0,108,-0.2911331057548523,0.0648639127612114,-0.7673913240432739,-0.18467283248901367,1,-2.5,0.9961568713188171
0,109,-0.29951971769332886,0.06199287995696068,-0.8938572406768799,-0.3696959316730499,4,5.0,0.9961218237876892
0,110,-0.30592063069343567,0.06227526813745499,-0.44890284538269043,0.3250696659088135,1,-2.5,0.9958670139312744
0,111,-0.3112591803073883,0.06428827345371246,-0.5993447303771973,0.10282789170742035,3,2.5,0.9954485893249512
0,112,-0.3159056305885315,0.06746435165405273,-0.36373019218444824,0.4754827320575714,1,-2.5,0.9949681758880615
0,113,-0.3204265236854553,0.07093550264835358,-0.5202353596687317,0.2448090761899948,1,-2.5,0.9947857856750488
0,114,-0.32644400000572205,0.07220937311649323,-0.6647911071777344,0.033050209283828735,0,-5.0,0.9951247572898865
0,115,-0.3349100351333618,0.06982289254665375,-0.9857004880905151,-0.45005249977111816,4,5.0,0.9951876401901245
0,116,-0.34218868613243103,0.06937124580144882,-0.53371661901474,0.2563572824001312,1,-2.5,0.9949921369552612
0,117,-0.34833598136901855,0.07076642662286758,-0.6773608922958374,0.04574437811970711,0,-5.0,0.995306134223938
0,118,-0.3569231331348419,0.06851204484701157,-0.9974370002746582,-0.4363400340080261,0,-5.0,0.996200442314148
0,119,-0.3685765564441681,0.06164044514298439,-1.2938401699066162,-0.8825395107269287,3,2.5,0.996929407119751
0,120,-0.37987378239631653,0.055412665009498596,-1.0064226388931274,-0.4305959939956665,4,5.0,0.996958315372467
0,121,-0.38735395669937134,0.055151596665382385,-0.5531912446022034,0.2761853337287903,0,-5.0,0.9969654083251953
0,122,-0.39476051926612854,0.05508727580308914,-0.8837037682533264,-0.22475549578666687,3,2.5,0.9969573020935059
0,123,-0.40213215351104736,0.055160440504550934,-0.6271163821220398,0.1789693981409073,2,0.0,0.9966984391212463
0,124,-0.40811362862586975,0.05745931342244148,-0.5771933794021606,0.26429688930511475,0,-5.0,0.996717095375061
0,125,-0.4157487452030182,0.057296689599752426,-0.9057400822639465,-0.23320315778255463,3,2.5,0.996716320514679
0,126,-0.423330694437027,0.05730311945080757,-0.6474204659461975,0.1734742969274521,2,0.0,0.9964520931243896
0,127,-0.42950576543807983,0.0595640204846859,-0.5958703756332397,0.2616223990917206,0,-5.0,0.9964726567268372
0,128,-0.4373186230659485,0.05939134582877159,-0.9228635430335999,-0.23310400545597076,3,2.5,0.9964700937271118
0,129,-0.44506385922431946,0.05941310152411461,-0.6631851196289062,0.17593514919281006,2,0.0,0.9961915612220764
0,130,-0.45138901472091675,0.06171253323554993,-0.610350489616394,0.26637202501296997,0,-5.0,0.9962052702903748
0,131,-0.4593394100666046,0.061601411551237106,-0.9360997080802917,-0.22604572772979736,3,2.5,0.9961923956871033
0,132,-0.46721071004867554,0.06170567870140076,-0.675351083278656,0.18492430448532104,2,0.0,0.9958903193473816
0,133,-0.4736514687538147,0.06410685926675797,-0.621493399143219,0.27727416157722473,1,-2.5,0.995675802230835
0,134,-0.48064151406288147,0.06575874239206314,-0.758888304233551,0.07541880756616592,3,2.5,0.9952710270881653
0,135,-0.4868148863315582,0.06876759976148605,-0.5112676620483398,0.46674609184265137,0,-5.0,0.9950141906738281
0,136,-0.49381303787231445,0.07061033695936203,-0.8439028263092041,-0.034910835325717926,0,-5.0,0.99542236328125
0,137,-0.5039947628974915,0.06765815615653992,-1.1515312194824219,-0.4978846311569214,4,5.0,0.9955331683158875
0,138,-0.5128615498542786,0.06683436781167984,-0.6871693730354309,0.22735649347305298,0,-5.0,0.9955918192863464
0,139,-0.5215446949005127,0.0663943961262703,-1.0067834854125977,-0.2546851336956024,1,-2.5,0.9960331320762634
0,140,-0.5322226285934448,0.06298311054706573,-1.1152334213256836,-0.41172879934310913,4,5.0,0.9960320591926575
0,141,-0.5407426953315735,0.06299169361591339,-0.6536707878112793,0.3087220788002014,0,-5.0,0.995988667011261
0,142,-0.5491070747375488,0.06333526223897934,-0.9760756492614746,-0.17829665541648865,1,-2.5,0.9963200688362122
0,143,-0.5594922304153442,0.060662176460027695,-1.0869921445846558,-0.33961501717567444,4,5.0,0.9962336421012878
0,144,-0.5677424669265747,0.06137065216898918,-0.6275888681411743,0.37726953625679016,1,-2.5,0.9959012866020203
0,145,-0.5747921466827393,0.0640212893486023,-0.7646958827972412,0.17543476819992065,2,0.0,0.9955923557281494
0,146,-0.5820874571800232,0.06639013439416885,-0.7040314674377441,0.2786043882369995,0,-5.0,0.9955813884735107
0,147,-0.5909322500228882,0.06647280603647232,-1.0224111080169678,-0.20160137116909027,1,-2.5,0.995954692363739
0,148,-0.601759672164917,0.06360291689634323,-1.1296732425689697,-0.3567888140678406,4,5.0,0.9958820343017578
0,149,-0.6104177832603455,0.06417123973369598,-0.6670106053352356,0.3654294013977051,0,-5.0,0.9957628846168518
0,150,-0.6189093589782715,0.06509318947792053,-0.9883254170417786,-0.11967657506465912,1,-2.5,0.9960287809371948
0,151,-0.6294109225273132,0.06301777809858322,-1.0982080698013306,-0.2791019380092621,1,-2.5,0.9964697360992432
0,152,-0.6409656405448914,0.05941597744822502,-1.2000116109848022,-0.4264596402645111,4,5.0,0.9964801073074341
0,153,-0.6502981185913086,0.059328556060791016,-0.7321720123291016,0.3032756447792053,0,-5.0,0.9964404702186584
0,154,-0.6594160199165344,0.059661511331796646,-1.0489619970321655,-0.17575950920581818,2,0.0,0.9965546131134033
0,155,-0.6694344282150269,0.058697476983070374,-0.9672195315361023,-0.04082701727747917,3,2.5,0.9963191151618958
0,156,-0.6776044368743896,0.06067037209868431,-0.7042301893234253,0.3732604682445526,1,-2.5,0.9959893226623535
0,157,-0.6853881478309631,0.06332992762327194,-0.8356356620788574,0.1800934076309204,2,0.0,0.9956715703010559
0,158,-0.693362832069397,0.06579078733921051,-0.7696884274482727,0.29130104184150696,0,-5.0,0.9956384301185608
0,159,-0.7028364539146423,0.06604225188493729,-1.0831924676895142,-0.18150180578231812,1,-2.5,0.9959788918495178
0,160,-0.7142459750175476,0.06341250985860825,-1.1859214305877686,-0.32977166771888733,4,5.0,0.9958670735359192
0,161,-0.7234426736831665,0.06428776681423187,-0.7190451622009277,0.3989200294017792,0,-5.0,0.995699405670166
0,162,-0.7324323654174805,0.06557902693748474,-1.0364512205123901,-0.08013346791267395,1,-2.5,0.9959127306938171
0,163,-0.7433943748474121,0.0639316514134407,-1.1426918506622314,-0.23386017978191376,1,-2.5,0.9963017106056213
0,164,-0.7553743720054626,0.06081331893801689,-1.2410968542099,-0.375824511051178,4,5.0,0.9962471127510071
0,165,-0.765099823474884,0.06126105412840843,-0.7701425552368164,0.3588670790195465,1,-2.5,0.9959268569946289
0,166,-0.7735142111778259,0.06382109224796295,-0.8965718746185303,0.173458531498909,2,0.0,0.9956100583076477
0,167,-0.7820721864700317,0.06625644862651825,-0.8260350823402405,0.29180487990379333,0,-5.0,0.995570957660675
0,168,-0.7920851111412048,0.06655093282461166,-1.1352826356887817,-0.1743568778038025,1,-2.5,0.9959004521369934
0,169,-0.8039929866790771,0.0640278086066246,-1.2340766191482544,-0.31648266315460205,4,5.0,0.9957661032676697
0,170,-0.8136505484580994,0.0650683268904686,-0.7635788917541504,0.4178538918495178,0,-5.0,0.9955671429634094
0,171,-0.8230661749839783,0.06657982617616653,-1.077589750289917,-0.0558214895427227,3,2.5,0.995309591293335
0,172,-0.8322904706001282,0.06848658621311188,-0.8060621023178101,0.3724021315574646,0,-5.0,0.9951587915420532
0,173,-0.8421109914779663,0.06957870721817017,-1.116636037826538,-0.09536722302436829,1,-2.5,0.9953978657722473
0,174,-0.8538389801979065,0.06783907115459442,-1.2166332006454468,-0.23883597552776337,1,-2.5,0.9958104491233826
0,175,-0.8665251731872559,0.06472678482532501,-1.3092700242996216,-0.37128832936286926,4,5.0,0.9957399368286133
0,176,-0.8769024610519409,0.0652693435549736,-0.8331284523010254,0.3718073070049286,0,-5.0,0.9955955147743225
0,177,-0.8869838118553162,0.06636644899845123,-1.1419140100479126,-0.09379797428846359,1,-2.5,0.9958199858665466
0,178,-0.8989552855491638,0.06465311348438263,-1.2402076721191406,-0.23516114056110382,1,-2.5,0.996207058429718
0,179,-0.9118687510490417,0.061587143689394,-1.3312628269195557,-0.3656880259513855,4,5.0,0.9961315989494324
0,180,-0.9224572777748108,0.06219642609357834,-0.8535336256027222,0.37952446937561035,1,-2.5,0.9957724213600159
0,181,-0.9316697120666504,0.06501956284046173,-0.9736577272415161,0.2039870172739029,0,-5.0,0.9958358407020569
0,182,-0.9430965185165405,0.06453008949756622,-1.271942138671875,-0.24554255604743958,1,-2.5,0.9962323904037476
0,183,-0.9563137292861938,0.06138088181614876,-1.3606284856796265,-0.37244299054145813,4,5.0,0.9961632490158081
0,184,-0.9671834707260132,0.06194164603948593,-0.8807028532028198,0.3761301338672638,1,-2.5,0.9958076477050781
0,185,-0.9766560792922974,0.06474820524454117,-0.9988061189651489,0.20366360247135162,0,-5.0,0.9958691596984863
0,186,-0.9883237481117249,0.06427143514156342,-1.2952258586883545,-0.24304306507110596,1,-2.5,0.9962592124938965
0,187,-1.0017640590667725,0.06116204336285591,-1.3821817636489868,-0.36731845140457153,4,5.0,0.9961822628974915
0,188,-1.0128400325775146,0.06178795173764229,-0.9006447196006775,0.38371479511260986,1,-2.5,0.9958161115646362
0,189,-1.0225038528442383,0.06468316912651062,-1.0172628164291382,0.21351280808448792,0,-5.0,0.9958633184432983
0,190,-1.0343482494354248,0.06431689113378525,-1.3123029470443726,-0.2310781180858612,1,-2.5,0.996237576007843
0,191,-1.0479520559310913,0.06133848428726196,-1.3979737758636475,-0.35336363315582275,4,5.0,0.996141791343689
0,192,-1.0591793060302734,0.06211455538868904,-0.9152487516403198,0.3995206356048584,1,-2.5,0.9957518577575684
0,193,-1.068982481956482,0.0651780217885971,-1.0307537317276,0.23109079897403717,0,-5.0,0.9957753419876099
0,194,-1.0809558629989624,0.06499744951725006,-1.324745535850525,-0.21179012954235077,1,-2.5,0.996128499507904
0,195,-1.094678282737732,0.06222141161561012,-1.4094403982162476,-0.33245885372161865,4,5.0,0.9960038065910339
0,196,-1.1060150861740112,0.06321515887975693,-0.925836980342865,0.42187386751174927,0,-5.0,0.9957919716835022
0,197,-1.1169850826263428,0.06486950069665909,-1.2278252840042114,-0.03361918777227402,3,2.5,0.9954982995986938
0,198,-1.127648115158081,0.06709451228380203,-0.9450966119766235,0.41164886951446533,0,-5.0,0.9952847957611084
0,199,-1.1388005018234253,0.06866741925477982,-1.2453579902648926,-0.04048256576061249,3,2.5,0.994981586933136
0,200,-1.1496304273605347,0.07084060460329056,-0.9611964821815491,0.4074535071849823,0,-5.0,0.9947596788406372
0,201,-1.1609349250793457,0.07239005714654922,-1.2599732875823975,-0.04170750081539154,3,2.5,0.994439959526062
0,202,-1.1719037294387817,0.07456568628549576,-0.9746050238609314,0.40853267908096313,0,-5.0,0.9942022562026978
0,203,-1.1833347082138062,0.07614268362522125,-1.2720973491668701,-0.03796222805976868,3,2.5,0.9938583374023438
0,204,-1.1944185495376587,0.07836879044771194,-0.9857130646705627,0.4142855405807495,0,-5.0,0.9935969710350037
0,205,-1.2059539556503296,0.0800187960267067,-1.2820837497711182,-0.029772724956274033,3,2.5,0.9932203888893127
0,206,-1.2171324491500854,0.08233851194381714,-0.9948455691337585,0.4242408871650696,0,-5.0,0.9929267764091492
0,207,-1.2287529706954956,0.08410268276929855,-1.2902261018753052,-0.01754443347454071,3,2.5,0.9925081729888916
0,208,-1.2400083541870117,0.08655533194541931,-1.0022727251052856,0.4380386471748352,0,-5.0,0.9921727776527405
0,209,-1.2516977787017822,0.08847156912088394,-1.296766996383667,-0.0015799179673194885,3,2.5,0.9917019009590149
0,210,-1.263014793395996,0.0910937488079071,-1.0082175731658936,0.45541292428970337,0,-5.0,0.9913142323493958
0,211,-1.2747585773468018,0.09319764375686646,-1.301906943321228,0.01790660247206688,3,2.5,0.9907793998718262
0,212,-1.2861238718032837,0.09602397680282593,-1.012865424156189,0.4761788547039032,0,-5.0,0.9903273582458496
0,213,-1.2979094982147217,0.09834954142570496,-1.3058102130889893,0.040777456015348434,3,2.5,0.9897152781486511
0,214,-1.3093109130859375,0.10141342133283615,-1.016369342803955,0.5002221465110779,0,-5.0,0.9891852736473083
0,215,-1.321126937866211,0.10399382561445236,-1.3086116313934326,0.06696215271949768,2,0.0,0.9888278841972351
0,216,-1.333616018295288,0.10569819062948227,-1.2054970264434814,0.2409876585006714,0,-5.0,0.9888022541999817
0,217,-1.3472404479980469,0.10581940412521362,-1.4832569360733032,-0.16928903758525848,1,-2.5,0.9892570972442627
0,218,-1.3624628782272339,0.10364800691604614,-1.5536912679672241,-0.2614460587501526,0,-5.0,0.990205705165863
0,219,-1.379422903060913,0.09896601736545563,-1.805735468864441,-0.6328144073486328,4,5.0,0.9905421137809753
0,220,-1.394549012184143,0.09725161641836166,-1.2922152280807495,0.17079515755176544,2,0.0,0.990005373954773
0,221,-1.4068831205368042,0.09997321665287018,-1.1906017065048218,0.34162843227386475,0,-5.0,0.9897831678390503
0,222,-1.4203681945800781,0.10107825696468353,-1.469940423965454,-0.07215353101491928,1,-2.5,0.9900277853012085
0,223,-1.4354649782180786,0.09986095875501633,-1.5416290760040283,-0.16697847843170166,4,5.0,0.9894662499427795
0,224,-1.4480617046356201,0.10263429582118988,-1.0478020906448364,0.6064759492874146,0,-5.0,0.9887002110481262
0,225,-1.4601784944534302,0.10630030184984207,-1.3376121520996094,0.1772284209728241,2,0.0,0.9880906939506531
0,226,-1.4729442596435547,0.10912971943616867,-1.2322497367858887,0.3550339341163635,0,-5.0,0.9878081679344177
0,227,-1.4868228435516357,0.11041660606861115,-1.5077255964279175,-0.051023464649915695,2,0.0,0.9876611232757568
0,228,-1.5012164115905762,0.11108046770095825,-1.3895047903060913,0.14700977504253387,0,-5.0,0.9878132343292236
0,229,-1.5165996551513672,0.11039385199546814,-1.653096079826355,-0.24050523340702057,0,-5.0,0.9887637495994568
0,230,-1.5345076322555542,0.10600103437900543,-1.8971765041351318,-0.5983542799949646,1,-2.5,0.9900385737419128
0,231,-1.5536943674087524,0.09980709105730057,-1.9368597269058228,-0.6433915495872498,1,-2.5,0.9913179874420166
0,232,-1.5732636451721191,0.09317731112241745,-1.9739378690719604,-0.6854102611541748,1,-2.5,0.992579996585846
0,233,-1.5931910276412964,0.08613951504230499,-2.008622169494629,-0.724795401096344,1,-2.5,0.9938035011291504
0,234,-1.6134533882141113,0.07871783524751663,-2.0411062240600586,-0.7619011402130127,1,-2.5,0.9949684739112854
0,235,-1.634029746055603,0.07093304395675659,-2.071568250656128,-0.7970542311668396,1,-2.5,0.9960557818412781
0,236,-1.6549010276794434,0.06280279904603958,-2.1001715660095215,-0.8305566906929016,3,2.5,0.9966791868209839
0,237,-1.673917293548584,0.057626377791166306,-1.7522581815719604,-0.2852623164653778,0,-5.0,0.9972185492515564
0,238,-1.69280207157135,0.052739646285772324,-1.9927878379821777,-0.6472659111022949,3,2.5,0.9975682497024536
0,239,-1.7107926607131958,0.04931247979402542,-1.6531779766082764,-0.11595594137907028,0,-5.0,0.9978805184364319
0,240,-1.7287328243255615,0.04603762552142143,-1.9016482830047607,-0.4915724992752075,0,-5.0,0.9984663128852844
0,241,-1.749053716659546,0.039162568747997284,-2.131777286529541,-0.8395680785179138,4,5.0,0.998737633228302
0,242,-1.7673118114471436,0.035529740154743195,-1.5946261882781982,-0.005353018641471863,0,-5.0,0.9988914132118225
0,243,-1.7846976518630981,0.03329575061798096,-1.8483513593673706,-0.39135128259658813,0,-5.0,0.9992512464523315
0,244,-1.8045138120651245,0.027363792061805725,-2.083235025405884,-0.7487553954124451,0,-5.0,0.999675989151001
0,245,-1.8265814781188965,0.018000459298491478,-2.3009097576141357,-1.0806605815887451,2,0.0,0.999923586845398
0,246,-1.84860098361969,0.008740276098251343,-2.1273233890533447,-0.8103021383285522,0,-5.0,0.9999984502792358
0,247,-1.8710983991622925,-0.0012430527713149786,-2.3426992893218994,-1.1415938138961792,2,0.0,0.9998763799667358
0,248,-1.8935251235961914,-0.011117625050246716,-2.166900634765625,-0.8707195520401001,4,5.0,0.9997714161872864
0,249,-1.9121367931365967,-0.015119518153369427,-1.6293141841888428,-0.042926639318466187,0,-5.0,0.9996832609176636
0,250,-1.9298760890960693,-0.01779778115451336,-1.8832370042800903,-0.4371035099029541,0,-5.0,0.9994117021560669
0,251,-1.9500471353530884,-0.024255206808447838,-2.1182312965393066,-0.8025462031364441,0,-5.0,0.9988287687301636
0,252,-1.9724698066711426,-0.03422275558114052,-2.335855484008789,-1.1421924829483032,2,0.0,0.9980493783950806
0,253,-1.9948440790176392,-0.04416617006063461,-2.1623008251190186,-0.8799536228179932,4,5.0,0.997664213180542
0,254,-2.013427734375,-0.04832998290657997,-1.627302885055542,-0.06195652484893799,0,-5.0,0.997373104095459
0,255,-2.0311594009399414,-0.05125315859913826,-1.8828212022781372,-0.46320468187332153,0,-5.0,0.9966331124305725
0,256,-2.051337718963623,-0.058025047183036804,-2.1192567348480225,-0.8355003595352173,4,5.0,0.9961802959442139
0,257,-2.069516897201538,-0.06180368363857269,-1.5886141061782837,-0.026895515620708466,0,-5.0,0.9958498477935791
0,258,-2.0868823528289795,-0.06442170590162277,-1.8475275039672852,-0.4351092278957367,0,-5.0,0.9949653744697571
0,259,-2.106727123260498,-0.07095537334680557,-2.087085247039795,-0.81391441822052,0,-5.0,0.9934182167053223
0,260,-2.12886643409729,-0.08112815022468567,-2.3087968826293945,-1.1661335229873657,0,-5.0,0.9910338521003723
0,261,-2.1531295776367188,-0.09468994289636612,-2.5140187740325928,-1.4943145513534546,0,-5.0,0.9875867962837219
0,262,-2.179358720779419,-0.11141432821750641,-2.7039542198181152,-1.800723671913147,0,-5.0,0.9828138947486877
0,263,-2.207406759262085,-0.13109581172466278,-2.8796586990356445,-2.087358236312866,2,0.0,0.9774057865142822
0,264,-2.2350223064422607,-0.15031355619430542,-2.6705729961395264,-1.787913203239441,0,-5.0,0.971122682094574
0,265,-2.26275634765625,-0.16993330419063568,-2.8492722511291504,-2.0835232734680176,2,0.0,0.9641980528831482
0,266,-2.2900993824005127,-0.18921393156051636,-2.6451478004455566,-1.7993682622909546,0,-5.0,0.9563178420066833
0,267,-2.3175933361053467,-0.20900265872478485,-2.825850248336792,-2.101952314376831,0,-5.0,0.9463100433349609
0,268,-2.346813678741455,-0.23171083629131317,-2.9923672676086426,-2.3849871158599854,0,-5.0,0.9338728189468384
0,269,-2.377622604370117,-0.25715216994285583,-3.1455185413360596,-2.650040864944458,0,-5.0,0.9186867475509644
0,270,-2.4098901748657227,-0.28515490889549255,-3.28602933883667,-2.898522138595581,0,-5.0,0.9004215002059937
0,271,-2.443493127822876,-0.3155604898929596,-3.414545774459839,-3.131706476211548,4,5.0,0.8828325271606445
0,272,-2.4742705821990967,-0.34229743480682373,-2.8214011192321777,-2.311140298843384,2,0.0,0.8673174381256104
0,273,-2.501427173614502,-0.3642560541629791,-2.6322550773620605,-2.088015556335449,3,2.5,0.8535245060920715
0,274,-2.525791645050049,-0.3827212154865265,-2.2842464447021484,-1.641442060470581,3,2.5,0.8423909544944763
0,275,-2.546844244003296,-0.39700016379356384,-1.9648844003677368,-1.2417744398117065,4,5.0,0.8350664973258972
0,276,-2.563865900039673,-0.4061201512813568,-1.497562289237976,-0.6361215710639954,0,-5.0,0.8277196288108826
0,277,-2.5803487300872803,-0.4150667190551758,-1.756761074066162,-1.063292145729065,3,2.5,-2.179760694503784
1,1,-0.1812228411436081,-0.13976234197616577,-0.07750564813613892,-0.11447896808385849,3,2.5,0.9805441498756409
1,2,-0.18096332252025604,-0.1394841969013214,0.10685485601425171,0.14617608487606049,4,5.0,0.981747567653656
1,3,-0.17788061499595642,-0.13510143756866455,0.4634500741958618,0.6702651381492615,1,-2.5,0.9829571843147278
1,4,-0.17455171048641205,-0.13054819405078888,0.2362598180770874,0.30249810218811035,3,2.5,0.9840527772903442
1,5,-0.1712818741798401,-0.12628231942653656,0.39809247851371765,0.5305458903312683,2,0.0,0.9852492809295654
1,6,-0.16751855611801147,-0.12145262956619263,0.3620738089084625,0.4564402103424072,2,0.0,0.9862329363822937
1,7,-0.16409865021705627,-0.11733318120241165,0.3289232552051544,0.3874058723449707,2,0.0,0.9870322346687317
1,8,-0.16099491715431213,-0.1138760969042778,0.29840680956840515,0.32298868894577026,2,0.0,0.9876705408096313
1,9,-0.158182293176651,-0.11103790998458862,0.27030667662620544,0.26276400685310364,3,2.5,0.9885185956954956
1,10,-0.15457665920257568,-0.1071513369679451,0.43097227811813354,0.49252527952194214,2,0.0,0.9894543290138245
1,11,-0.15049177408218384,-0.10269219428300858,0.3933553993701935,0.41871318221092224,2,0.0,0.9902109503746033
1,12,-0.14676566421985626,-0.09893964976072311,0.3587268590927124,0.350117951631546,2,0.0,0.9908138513565063
1,13,-0.1433699131011963,-0.09584450721740723,0.32684051990509033,0.2862645983695984,3,2.5,0.9915857911109924
1,14,-0.13921545445919037,-0.09172893315553665,0.4843325614929199,0.5138311982154846,2,0.0,0.9924195408821106
1,15,-0.1346140056848526,-0.08706599473953247,0.4434535503387451,0.4372459053993225,2,0.0,0.9930886030197144
1,16,-0.13040244579315186,-0.08313477039337158,0.40582528710365295,0.3663194179534912,2,0.0,0.993618905544281
1,17,-0.1265498250722885,-0.07988186180591583,0.37117981910705566,0.3005391061306,3,2.5,0.9942814707756042
1,18,-0.12196321040391922,-0.0756208524107933,0.5264120697975159,0.5273780822753906,2,0.0,0.9949840903282166
1,19,-0.11695293337106705,-0.07082311064004898,0.48314884305000305,0.44947323203086853,2,0.0,0.9955419898033142
1,20,-0.11235522478818893,-0.06676830351352692,0.44333216547966003,0.37755873799324036,2,0.0,0.995980441570282
1,21,-0.10813731700181961,-0.06339991092681885,0.4066772758960724,0.3110930025577545,3,2.5,0.9965161085128784
1,22,-0.10320321470499039,-0.059024613350629807,0.5602981448173523,0.5382212400436401,0,-5.0,0.9967054128646851
1,23,-0.09999476373195648,-0.05739846080541611,0.14043927192687988,-0.11752666532993317,3,2.5,0.9967368841171265
1,24,-0.0976070985198021,-0.05712383985519409,0.3143176734447479,0.14169183373451233,3,2.5,0.9970438480377197
1,25,-0.0935545489192009,-0.05437031388282776,0.47521325945854187,0.38102129101753235,1,-2.5,0.9972320795059204
1,26,-0.0900932028889656,-0.0526108592748642,0.2493036687374115,0.02470044419169426,3,2.5,0.9974014163017273
1,27,-0.08666107803583145,-0.05097611993551254,0.4153343737125397,0.2726566195487976,3,2.5,0.9977940917015076
1,28,-0.08163852989673615,-0.04696732759475708,0.5690571665763855,0.5019757151603699,0,-5.0,0.9979121088981628
1,29,-0.07834316790103912,-0.045693378895521164,0.14887315034866333,-0.15286408364772797,3,2.5,0.9979064464569092
1,30,-0.07586943358182907,-0.0457552969455719,0.32284221053123474,0.10841712355613708,3,2.5,0.9981235265731812
1,31,-0.07173015922307968,-0.04331858456134796,0.4837872385978699,0.34967705607414246,1,-2.5,0.9982476234436035
1,32,-0.06818312406539917,-0.04186120256781578,0.25767460465431213,-0.0054773688316345215,3,2.5,0.9983586668968201
1,33,-0.06466604769229889,-0.04051341488957405,0.4237273037433624,0.24426017701625824,3,2.5,0.9986476302146912
1,34,-0.05955856293439865,-0.036774542182683945,0.5774378776550293,0.4752470552921295,0,-5.0,0.9987213015556335
1,35,-0.05618007108569145,-0.03575892001390457,0.15695977210998535,-0.17878080904483795,3,2.5,0.9986991882324219
1,36,-0.05362449586391449,-0.03606664761900902,0.3309175968170166,0.08408834040164948,3,2.5,0.9988534450531006
1,37,-0.04940366372466087,-0.03386043384671211,0.4918290078639984,0.32685327529907227,1,-2.5,0.9989358186721802
1,38,-0.04577638953924179,-0.032621584832668304,0.26551565527915955,-0.02730991691350937,3,2.5,0.9990090131759644
1,39,-0.042180199176073074,-0.03148006275296211,0.4315241277217865,0.22383955121040344,3,2.5,0.9992197155952454
1,40,-0.036994170397520065,-0.027933841571211815,0.5851706862449646,0.45616501569747925,0,-5.0,0.9992655515670776
1,41,-0.03353889286518097,-0.027100902050733566,0.16444247961044312,-0.197096586227417,3,2.5,0.9992393255233765
1,42,-0.03090791404247284,-0.027580667287111282,0.3383435010910034,0.06706424802541733,3,2.5,0.9993480443954468
1,43,-0.02661232091486454,-0.025533929467201233,0.4991872012615204,0.3110709488391876,3,2.5,0.9995527267456055
1,44,-0.02077595330774784,-0.021148914471268654,0.6481050848960876,0.5370614528656006,0,-5.0,0.9996182918548584
1,45,-0.01671588607132435,-0.01953774318099022,0.222940132021904,-0.1221078410744667,3,2.5,0.9996278285980225
1,46,-0.013521667569875717,-0.01929224096238613,0.39288589358329773,0.13716119527816772,3,2.5,0.9997255802154541
1,47,-0.008700385689735413,-0.016565244644880295,0.550110936164856,0.3769034743309021,1,-2.5,0.9997798800468445
1,48,-0.0045088473707437515,-0.014835701324045658,0.3202269673347473,0.019710157066583633,3,2.5,0.9998250603675842
1,49,-0.0003812959184870124,-0.013227447867393494,0.48314258456230164,0.26889821887016296,3,2.5,0.9999147653579712
1,50,0.005306589882820845,-0.009231450036168098,0.633938729763031,0.49969282746315,0,-5.0,0.999936580657959
1,51,0.009235301055014133,-0.007965211756527424,0.21037541329860687,-0.15532121062278748,3,2.5,0.9999356269836426
1,52,0.012314065359532833,-0.008022760972380638,0.3819006085395813,0.10817177593708038,3,2.5,0.9999691247940063
1,53,0.01703486032783985,-0.005558227188885212,0.5405648350715637,0.351870596408844,1,-2.5,0.999983549118042
1,54,0.021139243617653847,-0.00405395170673728,0.31194302439689636,-0.0017544664442539215,3,2.5,0.9999930262565613
1,55,0.025191936641931534,-0.0026356561575084925,0.47606387734413147,0.25094619393348694,3,2.5,0.9999985694885254
1,56,0.030816376209259033,0.0012042672606185079,0.627956211566925,0.48504969477653503,0,-5.0,0.9999945163726807
1,57,0.03469187393784523,0.0023459794465452433,0.20536987483501434,-0.16690218448638916,3,2.5,0.9999951720237732
1,58,0.037726908922195435,0.0021941252052783966,0.3778184652328491,0.09958279132843018,3,2.5,0.9999788999557495
1,59,0.04241276532411575,0.004593483172357082,0.5373297929763794,0.34614038467407227,1,-2.5,0.9999632835388184
1,60,0.046490248292684555,0.006060387473553419,0.30948278307914734,-0.004752598702907562,3,2.5,0.9999442100524902
1,61,0.05052345618605614,0.007468069437891245,0.4743184745311737,0.25057923793792725,3,2.5,0.9998717904090881
1,62,0.05613521859049797,0.01132312323898077,0.626865029335022,0.4872148334980011,0,-5.0,0.9998435974121094
1,63,0.06000449135899544,0.012505455873906612,0.204921692609787,-0.16216616332530975,3,2.5,0.9998457431793213
1,64,0.06303925067186356,0.012418881058692932,0.37792521715164185,0.10669510066509247,3,2.5,0.9997777938842773
1,65,0.06773018091917038,0.01490703970193863,0.5379526019096375,0.3555796146392822,1,-2.5,0.9997282028198242
1,66,0.07181790471076965,0.01648646779358387,0.31062644720077515,0.00709204375743866,3,2.5,0.999674916267395
1,67,0.07586614787578583,0.018029823899269104,0.4759041965007782,0.2646571397781372,3,2.5,0.999514102935791
1,68,0.0814971774816513,0.022042756900191307,0.6288607120513916,0.5034939646720886,0,-5.0,0.9994521141052246
1,69,0.08539030700922012,0.023406770080327988,0.20741340517997742,-0.14337250590324402,3,2.5,0.9994465708732605
1,70,0.08845309913158417,0.023525049909949303,0.3807680606842041,0.12763379514217377,3,2.5,0.9993115067481995
1,71,0.0931755006313324,0.026239650323987007,0.5411304235458374,0.3786708116531372,1,-2.5,0.9992121458053589
1,72,0.0972985178232193,0.028068775311112404,0.31421929597854614,0.03262966871261597,3,2.5,0.9991068840026855
1,73,0.10138555616140366,0.029884718358516693,0.47979065775871277,0.2923404574394226,3,2.5,0.9988309144973755
1,74,0.10705825686454773,0.03419189155101776,0.6330251693725586,0.5333375930786133,0,-5.0,0.998712956905365
1,75,0.11099699139595032,0.03587555140256882,0.21205992996692657,-0.11070950329303741,3,2.5,0.998679518699646
1,76,0.11410889774560928,0.03633814677596092,0.3856540024280548,0.16246195137500763,3,2.5,0.9984461069107056
1,77,0.11888282746076584,0.03941916674375534,0.5462533831596375,0.4157150089740753,1,-2.5,0.9982661008834839
1,78,0.12306076288223267,0.041640277951955795,0.3197557330131531,0.0724707543849945,3,2.5,0.9980751276016235
1,79,0.1272057592868805,0.0438733771443367,0.4855387806892395,0.3344484567642212,1,-2.5,0.9979451894760132
1,80,0.13080450892448425,0.045330312103033066,0.26387229561805725,-0.000628836452960968,3,2.5,0.997802734375
1,81,0.13441585004329681,0.04687510058283806,0.43400925397872925,0.26856347918510437,3,2.5,0.9973987340927124
1,82,0.1396564245223999,0.05100248381495476,0.5914510488510132,0.518454909324646,0,-5.0,0.9972332715988159
1,83,0.1432057023048401,0.05259959027171135,0.1748087853193283,-0.115916408598423,3,2.5,0.9971844553947449
1,84,0.14596687257289886,0.05306154862046242,0.35193246603012085,0.16502642631530762,3,2.5,0.9968395829200745
1,85,0.15042389929294586,0.05621742457151413,0.5158007144927979,0.4256601929664612,1,-2.5,0.9965671300888062
1,86,0.15431810915470123,0.058590710163116455,0.29265907406806946,0.09041652083396912,3,2.5,0.9962731599807739
1,87,0.15820962190628052,0.06104814633727074,0.4612043499946594,0.3589983582496643,1,-2.5,0.9960561394691467
1,88,0.16158349812030792,0.06280028074979782,0.2424747347831726,0.03136126697063446,0,-5.0,0.9964262247085571
1,89,0.16179828345775604,0.05978084355592728,-0.14714579284191132,-0.5593267679214478,3,2.5,0.9968605637550354
1,90,0.1614791303873062,0.05603040009737015,0.05433875322341919,-0.23996230959892273,3,2.5,0.9969378709793091
1,91,0.1630880981683731,0.055336274206638336,0.24062630534172058,0.0555453859269619,3,2.5,0.9966967105865479
1,92,0.16648036241531372,0.05747406557202339,0.41293710470199585,0.3294795751571655,1,-2.5,0.9965242147445679
1,93,0.1693904548883438,0.05895561724901199,0.19758912920951843,0.0064323097467422485,3,2.5,0.9963232278823853
1,94,0.17237190902233124,0.06063619256019592,0.37327513098716736,0.2860488295555115,3,2.5,0.9957749843597412
1,95,0.17703573405742645,0.06500016897916794,0.5358521342277527,0.5457529425621033,0,-5.0,0.9955193996429443
1,96,0.18006034195423126,0.0669373869895935,0.12447056174278259,-0.07786141335964203,1,-2.5,0.9958328604698181
1,97,0.18021321296691895,0.06455320864915848,-0.06867517530918121,-0.36520782113075256,4,5.0,0.9958601593971252
1,98,0.18171291053295135,0.06434181332588196,0.31449925899505615,0.23467805981636047,0,-5.0,0.995991587638855
1,99,0.1826181411743164,0.06331200152635574,-0.08036454021930695,-0.3637266457080841,4,5.0,0.9960156679153442
1,100,0.18400563299655914,0.0631214901804924,0.30365440249443054,0.23731938004493713,0,-5.0,0.9961407780647278
1,101,0.18480637669563293,0.06212252750992775,-0.09049320220947266,-0.36021316051483154,3,2.5,0.9963603019714355
1,102,0.18503065407276154,0.060330163687467575,0.10687708109617233,-0.04683771729469299,3,2.5,0.996212899684906
1,103,0.18714411556720734,0.06153971701860428,0.2894165515899658,0.24351227283477783,3,2.5,0.9957051873207092
1,104,0.19100546836853027,0.06553482264280319,0.4583186209201813,0.5130736827850342,1,-2.5,0.9952612519264221
1,105,0.19435374438762665,0.06883851438760757,0.24010005593299866,0.1870441734790802,0,-5.0,0.9954584240913391
1,106,0.19454921782016754,0.06739114224910736,-0.14883427321910858,-0.4013841450214386,4,5.0,0.9955278635025024
1,107,0.19528213143348694,0.06687413901090622,0.2404114156961441,0.2081649899482727,0,-5.0,0.995692253112793
1,108,0.19547949731349945,0.06563342362642288,-0.14870168268680573,-0.3809082806110382,4,5.0,0.9957334399223328
1,109,0.19621330499649048,0.06531891971826553,0.24049443006515503,0.22837156057357788,0,-5.0,0.9958685040473938
1,110,0.19641058146953583,0.0642767995595932,-0.14874663949012756,-0.3611887991428375,4,5.0,0.9958837628364563
1,111,0.19714364409446716,0.06415782123804092,0.2404216080904007,0.24789859354496002,0,-5.0,0.9959920644760132
1,112,0.19733957946300507,0.0633084699511528,-0.1489039659500122,-0.34200599789619446,4,5.0,0.9959829449653625
1,113,0.19807091355323792,0.06338021159172058,0.24025368690490723,0.2669583559036255,0,-5.0,0.9960662126541138
1,114,0.19826480746269226,0.06271987408399582,-0.14911870658397675,-0.3231593072414398,4,5.0,0.9960336089134216
1,115,0.1989939659833908,0.06297949701547623,0.2400418370962143,0.2857455611228943,0,-5.0,0.9960929751396179
1,116,0.19918562471866608,0.0625063106417656,-0.14934436976909637,-0.30446305871009827,4,5.0,0.996036946773529
1,117,0.19991257786750793,0.06295280158519745,0.2398291975259781,0.30444031953811646,0,-5.0,0.9960728883743286
1,118,0.20010219514369965,0.06266666203737259,-0.14954149723052979,-0.2857430875301361,4,5.0,0.9959930181503296
1,119,0.20082734525203705,0.063300721347332,0.23965245485305786,0.32321274280548096,0,-5.0,0.9960053563117981
1,120,0.201015442609787,0.06320321559906006,-0.14967608451843262,-0.266833633184433,4,5.0,0.9959005117416382
1,121,0.20173941552639008,0.06402719020843506,0.23954302072525024,0.342224657535553,0,-5.0,0.9958884119987488
1,122,0.20192687213420868,0.06412148475646973,-0.14971855282783508,-0.24757447838783264,4,5.0,0.9957568645477295
1,123,0.20265069603919983,0.0651392936706543,0.2395281195640564,0.3616327941417694,0,-5.0,0.9957188963890076
1,124,0.20283861458301544,0.06543014198541641,-0.14964285492897034,-0.2278088927268982,4,5.0,0.9955581426620483
1,125,0.20356346666812897,0.0666472539305687,0.2396315336227417,0.381590873003006,0,-5.0,0.9954921007156372
1,126,0.20375317335128784,0.06714095920324326,-0.1494256556034088,-0.20738089084625244,4,5.0,0.9952989220619202
1,127,0.20448052883148193,0.06856440752744675,0.23987449705600739,0.4022519886493683,0,-5.0,0.995201826095581
1,128,0.204673632979393,0.0692688450217247,-0.1490456908941269,-0.1861337274312973,1,-2.5,0.9956458806991577
1,129,0.20220892131328583,0.0659857839345932,-0.3215690851211548,-0.4413565695285797,2,0.0,0.9961686134338379
1,130,0.19915632903575897,0.061897922307252884,-0.29409366846084595,-0.38915935158729553,3,2.5,0.996406078338623
1,131,0.1974312961101532,0.05994941666722298,-0.08147644251585007,-0.052330464124679565,3,2.5,0.9962512254714966
1,132,0.19774144887924194,0.06122719496488571,0.11516569554805756,0.25969502329826355,3,2.5,0.995710015296936
1,133,0.1999344676733017,0.06549809128046036,0.29711246490478516,0.5493127107620239,1,-2.5,0.9952017068862915
1,134,0.2017393410205841,0.06926988065242767,0.09096618741750717,0.24187973141670227,0,-5.0,0.9953119158744812
1,135,0.2005072683095932,0.06846976280212402,-0.2867540717124939,-0.32917922735214233,4,5.0,0.9952711462974548
1,136,0.19992008805274963,0.06876683235168457,0.11285698413848877,0.29646041989326477,0,-5.0,0.9953081607818604
1,137,0.1988973319530487,0.06849709153175354,-0.26653823256492615,-0.2772555351257324,4,5.0,0.9951974749565125
1,138,0.19850373268127441,0.06930026412010193,0.13156309723854065,0.34606948494911194,0,-5.0,0.99516761302948
1,139,0.19766034185886383,0.06951557099819183,-0.24918682873249054,-0.22961334884166718,4,5.0,0.9949894547462463
1,140,0.19743312895298004,0.07078510522842407,0.14764007925987244,0.3918667137622833,0,-5.0,0.9948947429656982
1,141,0.19674447178840637,0.07145116478204727,-0.23419159650802612,-0.18518006801605225,1,-2.5,0.9953436255455017
1,142,0.19346560537815094,0.0682377889752388,-0.40019527077674866,-0.42999446392059326,4,5.0,0.9954301118850708
1,143,0.19179220497608185,0.06760066002607346,0.007897824048995972,0.2086673229932785,0,-5.0,0.9955751895904541
1,144,0.18976394832134247,0.06651919335126877,-0.36373627185821533,-0.35334914922714233,4,5.0,0.995561420917511
1,145,0.1884392648935318,0.06662261486053467,0.04159586876630783,0.2808840274810791,0,-5.0,0.995612382888794
1,146,0.18673308193683624,0.0662391185760498,-0.33263272047042847,-0.28528937697410583,4,5.0,0.9955106377601624
1,147,0.185706228017807,0.06700249761343002,0.07036830484867096,0.34533244371414185,0,-5.0,0.9954780340194702
1,148,0.18427565693855286,0.0672454982995987,-0.305980920791626,-0.224013090133667,4,5.0,0.9952933192253113
1,149,0.18350419402122498,0.06860549747943878,0.09504981338977814,0.40369346737861633,0,-5.0,0.9951809644699097
1,150,0.1823108047246933,0.0694194883108139,-0.2830178737640381,-0.16797274351119995,1,-2.5,0.9955902099609375
1,151,0.17856353521347046,0.06640628725290298,-0.44549039006233215,-0.4076881408691406,4,5.0,0.9956414103507996
1,152,0.17645610868930817,0.06601973623037338,-0.034041352570056915,0.23594540357589722,0,-5.0,0.9957443475723267
1,153,0.17402546107769012,0.06523513048887253,-0.4026544988155365,-0.32170867919921875,4,5.0,0.9956862330436707
1,154,0.1723279356956482,0.06567896902561188,0.005567099899053574,0.31683778762817383,0,-5.0,0.9956865906715393
1,155,0.17027629911899567,0.06567661464214325,-0.3660332262516022,-0.24545446038246155,4,5.0,0.9955297708511353
1,156,0.1689295470714569,0.06685962527990341,0.039459723979234695,0.3889487683773041,0,-5.0,0.9954358339309692
1,157,0.16720299422740936,0.06755878031253815,-0.3345828354358673,-0.17685693502426147,1,-2.5,0.9958414435386658
1,158,0.1629611849784851,0.06448695063591003,-0.49331241846084595,-0.4111233055591583,4,5.0,0.995891809463501
1,159,0.1603955179452896,0.06409505009651184,-0.07832395285367966,0.23775053024291992,0,-5.0,0.9959863424301147
1,160,0.15753982961177826,0.06335339695215225,-0.4437686502933502,-0.3153845965862274,4,5.0,0.9959186911582947
1,161,0.15544825792312622,0.06388510018587112,-0.032509900629520416,0.32763251662254333,0,-5.0,0.9959024786949158
1,162,0.15303108096122742,0.06401179730892181,-0.401396244764328,-0.23081377148628235,4,5.0,0.9957277774810791
1,163,0.1513453871011734,0.0653623417019844,0.006708152592182159,0.4074297845363617,0,-5.0,0.9956089854240417
1,164,0.14930444955825806,0.06626451760530472,-0.36499765515327454,-0.15505450963974,1,-2.5,0.9959768652915955
1,165,0.14477089047431946,0.06342822313308716,-0.5215253829956055,-0.3861400783061981,0,-5.0,0.9967811107635498
1,166,0.13767117261886597,0.05673559755086899,-0.8539491891860962,-0.8887335658073425,3,2.5,0.9974849820137024
1,167,0.13058382272720337,0.05014973133802414,-0.599679172039032,-0.4884919226169586,4,5.0,0.9975955486297607
1,168,0.1269962042570114,0.04903515428304672,-0.1771007925271988,0.17042362689971924,3,2.5,0.9972346425056458
1,169,0.12638722360134125,0.05258656665682793,0.026272302493453026,0.49140122532844543,0,-5.0,0.997052788734436
1,170,0.12452670931816101,0.05428816005587578,-0.3478683531284332,-0.07717688381671906,3,2.5,0.9969215393066406
1,171,0.1222846731543541,0.05548384040594101,-0.13147908449172974,0.2645198106765747,3,2.5,0.9964052438735962
1,172,0.12211454659700394,0.05995621159672737,0.06872786581516266,0.5815048217773438,1,-2.5,0.9958797693252563
1,173,0.12173028290271759,0.06418896466493607,-0.12066774815320969,0.29893743991851807,0,-5.0,0.9958928227424622
1,174,0.11846928298473358,0.06408723443746567,-0.4829261898994446,-0.24925227463245392,4,5.0,0.9957349896430969
1,175,0.11600305885076523,0.06530700623989105,-0.06871148198843002,0.39840853214263916,0,-5.0,0.9956217408180237
1,176,0.11324004083871841,0.06616836041212082,-0.43477076292037964,-0.15539252758026123,1,-2.5,0.9959837198257446
1,177,0.10803844034671783,0.06337431818246841,-0.5860761404037476,-0.3784509301185608,0,-5.0,0.9967736601829529
1,178,0.1003207340836525,0.056800901889801025,-0.9136624336242676,-0.8735995888710022,3,2.5,0.9974592328071594
1,179,0.0926617830991745,0.050405796617269516,-0.6549071073532104,-0.4664342999458313,4,5.0,0.9975449442863464
1,180,0.08854552358388901,0.049548517912626266,-0.22817596793174744,0.1989169418811798,3,2.5,0.9971463680267334
1,181,0.08744775503873825,0.053419262170791626,-0.020952360704541206,0.5259053111076355,0,-5.0,0.9969199299812317
1,182,0.0851355493068695,0.05549870803952217,-0.3914903700351715,-0.03695745766162872,3,2.5,0.996736466884613
1,183,0.08247629553079605,0.05712715536355972,-0.1717812418937683,0.3100240230560303,3,2.5,0.9961456656455994
1,184,0.08192083239555359,0.062083546072244644,0.0315069817006588,0.631985068321228,1,-2.5,0.9955311417579651
1,185,0.08118113875389099,0.06684964150190353,-0.15496918559074402,0.3542895019054413,0,-5.0,0.9954667091369629
1,186,0.07759316265583038,0.0673297867178917,-0.5144470930099487,-0.18909969925880432,0,-5.0,0.9960797429084778
1,187,0.07056361436843872,0.06261199712753296,-0.8470461368560791,-0.691182017326355,3,2.5,0.9966352581977844
1,188,0.06354454159736633,0.058006517589092255,-0.5930273532867432,-0.29053595662117004,3,2.5,0.9967241287231445
1,189,0.058956556022167206,0.057235050946474075,-0.3581324815750122,0.08012708276510239,3,2.5,0.9963981509208679
1,190,0.05661721155047417,0.06001513823866844,-0.14085614681243896,0.4236117899417877,1,-2.5,0.9960553050041199
1,191,0.05422667786478996,0.06280685216188431,-0.3145289421081543,0.16523265838623047,0,-5.0,0.9962186813354492
1,192,0.04910896345973015,0.06149224191904068,-0.66237872838974,-0.3610627353191376,4,5.0,0.9961920976638794
1,193,0.044924039393663406,0.06170830503106117,-0.23478426039218903,0.3069058358669281,3,2.5,0.9955535531044006
1,194,0.043766867369413376,0.06668184697628021,-0.026598932221531868,0.6370155215263367,1,-2.5,0.994881272315979
1,195,0.04247301071882248,0.07154536247253418,-0.2084275782108307,0.36726000905036926,0,-5.0,0.9947870969772339
1,196,0.03837582468986511,0.07220061868429184,-0.5635305047035217,-0.16849873960018158,1,-2.5,0.9951875805854797
1,197,0.03194426745176315,0.06937160342931747,-0.7048137187957764,-0.37512338161468506,0,-5.0,0.9960408210754395
1,198,0.023092953488230705,0.06292218714952469,-1.0230566263198853,-0.8547791242599487,1,-2.5,0.9971365332603455
1,199,0.012256380170583725,0.05351150780916214,-1.1307040452957153,-1.0113072395324707,2,0.0,0.9980434775352478
1,200,0.001451592892408371,0.04423246160149574,-1.043348789215088,-0.8687970042228699,3,2.5,0.9985596537590027
1,201,-0.0074526723474264145,0.03795204311609268,-0.7753213047981262,-0.44898882508277893,4,5.0,0.9986063838005066
1,202,-0.01272513810545206,0.03733108565211296,-0.3399476706981659,0.22816839814186096,3,2.5,0.9982737302780151
1,203,-0.01489710621535778,0.04154860973358154,-0.12485209107398987,0.5656285285949707,1,-2.5,0.99791020154953
1,204,-0.017142880707979202,0.04571470245718956,-0.3008665144443512,0.3006286025047302,3,2.5,0.9974351525306702
1,205,-0.018937883898615837,0.05064437538385391,-0.08835337311029434,0.6352723836898804,1,-2.5,0.9969197511672974
1,206,-0.020830273628234863,0.05550006031990051,-0.26656007766723633,0.3684050142765045,1,-2.5,0.9966576099395752
1,207,-0.02442627213895321,0.057813629508018494,-0.4310910105705261,0.12334520369768143,3,2.5,0.9962698817253113
1,208,-0.027463912963867188,0.06107472628355026,-0.20832455158233643,0.47537362575531006,0,-5.0,0.9960576295852661
1,209,-0.031565871089696884,0.06278827786445618,-0.5642447471618652,-0.06357431411743164,1,-2.5,0.9962800741195679
1,210,-0.038008470088243484,0.060991156846284866,-0.7060404419898987,-0.27251917123794556,3,2.5,0.9963423013687134
1,211,-0.04367746040225029,0.06047859042882919,-0.4625619351863861,0.11175860464572906,3,2.5,0.995948851108551
1,212,-0.04701554775238037,0.06364849954843521,-0.2373361587524414,0.46792173385620117,1,-2.5,0.9955171942710876
1,213,-0.05032811686396599,0.06695369631052017,-0.40355128049850464,0.22165223956108093,0,-5.0,0.9956081509590149
1,214,-0.05629586800932884,0.06627075374126434,-0.7444069385528564,-0.2930822968482971,0,-5.0,0.9963201880455017
1,215,-0.06552770733833313,0.06066147983074188,-1.0598844289779663,-0.7690223455429077,2,0.0,0.9971085786819458
1,216,-0.07565132528543472,0.053771622478961945,-0.9774252772331238,-0.6329741477966309,4,5.0,0.997351348400116
1,217,-0.08285453170537949,0.051465071737766266,-0.5264403223991394,0.07012786716222763,2,0.0,0.9972329139709473
1,218,-0.08787362277507782,0.052602965384721756,-0.48425236344337463,0.1429639458656311,3,2.5,0.9968542456626892
1,219,-0.09142187982797623,0.05608728900551796,-0.2577012777328491,0.5001415014266968,0,-5.0,0.9966278076171875
1,220,-0.09599917382001877,0.0580703541636467,-0.6102919578552246,-0.03458399325609207,2,0.0,0.9966095685958862
1,221,-0.10181848704814911,0.05822739005088806,-0.5614959597587585,0.049384955316782,2,0.0,0.9964962601661682
1,222,-0.10717057436704636,0.059192411601543427,-0.5163446664810181,0.12778028845787048,2,0.0,0.9962895512580872
1,223,-0.11209003627300262,0.06091342121362686,-0.4745278060436249,0.20119832456111908,3,2.5,0.9957767724990845
1,224,-0.11554259806871414,0.06498623639345169,-0.24839462339878082,0.558832585811615,1,-2.5,0.9952099323272705
1,225,-0.11896053701639175,0.06921030580997467,-0.41370484232902527,0.3142067492008209,0,-5.0,0.9951747059822083
1,226,-0.12502428889274597,0.0694645494222641,-0.7536180019378662,-0.19862399995326996,0,-5.0,0.9957992434501648
1,227,-0.1343424767255783,0.0648130550980568,-1.0681382417678833,-0.6724737286567688,3,2.5,0.9963345527648926
1,228,-0.14347754418849945,0.06054309383034706,-0.7974696755409241,-0.24589917063713074,3,2.5,0.9963571429252625
1,229,-0.15002195537090302,0.06035618484020233,-0.5471510887145996,0.14886417984962463,2,0.0,0.9961174130439758
1,230,-0.15523593127727509,0.06231026351451874,-0.502967357635498,0.22610469162464142,0,-5.0,0.9961897730827332
1,231,-0.16215793788433075,0.06172715872526169,-0.8367242813110352,-0.2785525918006897,3,2.5,0.9962494969367981
1,232,-0.1690778136253357,0.061241164803504944,-0.5834251046180725,0.12094771862030029,2,0.0,0.9960383772850037
1,233,-0.17463870346546173,0.06294139474630356,-0.536479651927948,0.20256665349006653,1,-2.5,0.995931088924408
1,234,-0.18081535398960114,0.06378811597824097,-0.6803194284439087,-0.009428592398762703,0,-5.0,0.9962828159332275
1,235,-0.18943458795547485,0.06096889451146126,-1.0007092952728271,-0.4932992160320282,4,5.0,0.9963899254798889
1,236,-0.19685882329940796,0.06008389592170715,-0.547783374786377,0.21361851692199707,0,-5.0,0.9964715838432312
1,237,-0.20421102643013,0.059400636702775955,-0.8783475160598755,-0.286530464887619,3,2.5,0.9965356588363647
1,238,-0.21153010427951813,0.05885878950357437,-0.622011661529541,0.11735010147094727,2,0.0,0.9963343739509583
1,239,-0.21746131777763367,0.06054435670375824,-0.5722906589508057,0.20289501547813416,0,-5.0,0.9964274764060974
1,240,-0.22504793107509613,0.05977092310786247,-0.9009850025177002,-0.29429274797439575,3,2.5,0.9964993000030518
1,241,-0.23258362710475922,0.05916685611009598,-0.6429399251937866,0.1122671365737915,2,0.0,0.9963014125823975
1,242,-0.2387150675058365,0.06081585958600044,-0.5916352272033691,0.20029611885547638,0,-5.0,0.9963964223861694
1,243,-0.24648673832416534,0.06002971902489662,-0.9188598394393921,-0.2945786416530609,3,2.5,0.9964674711227417
1,244,-0.2541934847831726,0.0594349168241024,-0.6594658493995667,0.11409257352352142,2,0.0,0.9962651133537292
1,245,-0.2604830265045166,0.06111348792910576,-0.6069092750549316,0.20409002900123596,0,-5.0,0.9963547587394714
1,246,-0.26840072870254517,0.06037595123052597,-0.9329665899276733,-0.28893110156059265,3,2.5,0.996418297290802
1,247,-0.2762424051761627,0.059847407042980194,-0.6725021004676819,0.1214342713356018,2,0.0,0.9962043762207031
1,248,-0.28265661001205444,0.061608657240867615,-0.618948221206665,0.21303032338619232,0,-5.0,0.996282696723938
1,249,-0.2906893491744995,0.06096948683261871,-0.9440656900405884,-0.2784498333930969,3,2.5,0.9963331818580627
1,250,-0.2986370921134949,0.060553934425115585,-0.6827473640441895,0.1333083212375641,2,0.0,0.9961010217666626
1,251,-0.3051491379737854,0.0624418631196022,-0.6283910274505615,0.22624649107456207,0,-5.0,0.9961630702018738
1,252,-0.3132718503475189,0.06194283813238144,-0.9527378678321838,-0.26389041543006897,3,2.5,0.9961955547332764
1,253,-0.3213023245334625,0.06168001517653465,-0.6907341480255127,0.14904941618442535,2,0.0,0.9959381818771362
1,254,-0.32789039611816406,0.06373250484466553,-0.6357246041297913,0.24316179752349854,1,-2.5,0.9957682490348816
1,255,-0.33501681685447693,0.06505189090967178,-0.7720767259597778,0.04284178093075752,0,-5.0,0.9960538148880005
1,256,-0.34451380372047424,0.06281843036413193,-1.0854867696762085,-0.430029958486557,0,-5.0,0.996857762336731
1,257,-0.35701310634613037,0.05605589598417282,-1.3756954669952393,-0.8677121996879578,3,2.5,0.9974977374076843
1,258,-0.3690955340862274,0.05002235993742943,-1.0823155641555786,-0.40728017687797546,4,5.0,0.9974962472915649
1,259,-0.3773035705089569,0.050037357956171036,-0.6235310435295105,0.3074464797973633,0,-5.0,0.9974677562713623
1,260,-0.3853861391544342,0.05032135546207428,-0.9491294622421265,-0.1868208795785904,1,-2.5,0.9977417588233948
1,261,-0.39551904797554016,0.04752102494239807,-1.0628352165222168,-0.3545339107513428,4,5.0,0.9976914525032043
1,262,-0.4035411775112152,0.048047423362731934,-0.6055771708488464,0.3575550317764282,2,0.0,0.9972849488258362
1,263,-0.4093192219734192,0.05210590362548828,-0.557624340057373,0.4388393461704254,4,5.0,0.9963711500167847
1,264,-0.41250383853912354,0.06023997440934181,-0.1381724327802658,1.093312382698059,0,-5.0,0.9953645467758179
1,265,-0.4159357249736786,0.06808407604694366,-0.499493807554245,0.5460906028747559,1,-2.5,0.9947652816772461
1,266,-0.42175620794296265,0.07235150784254074,-0.6457977294921875,0.33124855160713196,0,-5.0,0.9946804642677307
1,267,-0.43004029989242554,0.07293526083230972,-0.9680830836296082,-0.1538480669260025,1,-2.5,0.9950270056724548
1,268,-0.44034460186958313,0.07051954418420792,-1.0790174007415771,-0.3136252760887146,0,-5.0,0.9957836866378784
1,269,-0.4527777135372162,0.06493338942527771,-1.3691169023513794,-0.7497139573097229,3,2.5,0.9963893890380859
1,270,-0.464794397354126,0.06008850783109665,-1.0759106874465942,-0.2884224057197571,3,2.5,0.9964408874511719
1,271,-0.4740046262741089,0.05965854600071907,-0.8047412037849426,0.1383996307849884,2,0.0,0.9961960911750793
1,272,-0.4816848933696747,0.0616760179400444,-0.7412840723991394,0.2452295422554016,0,-5.0,0.9962252378463745
1,273,-0.490888774394989,0.06143937632441521,-1.057224154472351,-0.23208999633789062,3,2.5,0.9962100386619568
1,274,-0.4999196529388428,0.06156252324581146,-0.7874030470848083,0.1928347647190094,0,-5.0,0.9962994456291199
1,275,-0.5095651745796204,0.060831934213638306,-1.0998998880386353,-0.2792171239852905,3,2.5,0.996338427066803
1,276,-0.5190048217773438,0.06051087751984596,-0.8269057273864746,0.15051151812076569,2,0.0,0.9960730671882629
1,277,-0.5268970131874084,0.06266546249389648,-0.7617465257644653,0.2600902020931244,0,-5.0,0.9960821270942688
1,278,-0.5362963676452637,0.06259296834468842,-1.076079249382019,-0.2145688235759735,1,-2.5,0.9964452981948853
1,279,-0.5476392507553101,0.05962136387825012,-1.1795517206192017,-0.3645492196083069,4,5.0,0.9963831901550293
1,280,-0.5567758083343506,0.0601399764418602,-0.7132351994514465,0.36286988854408264,1,-2.5,0.9960686564445496
1,281,-0.5646460056304932,0.0627005398273468,-0.843997597694397,0.17060410976409912,2,0.0,0.9957658052444458
1,282,-0.5727009773254395,0.06507094204425812,-0.7774533629417419,0.2826381027698517,0,-5.0,0.9957438111305237
1,283,-0.5822493433952332,0.06523934751749039,-1.0904297828674316,-0.18948626518249512,1,-2.5,0.9960896372795105
1,284,-0.5937284827232361,0.06253299117088318,-1.192665457725525,-0.3371281921863556,4,5.0,0.9959883093833923
1,285,-0.6029900312423706,0.06333804130554199,-0.7253023386001587,0.3922196924686432,0,-5.0,0.9958314299583435
1,286,-0.612040102481842,0.06456439942121506,-1.0423099994659424,-0.08639548718929291,1,-2.5,0.9960490465164185
1,287,-0.6230587363243103,0.06285633891820908,-1.148173213005066,-0.23970617353916168,1,-2.5,0.9964381456375122
1,288,-0.6350917816162109,0.05968112871050835,-1.2462321519851685,-0.3813108801841736,4,5.0,0.9963908791542053
1,289,-0.6448667049407959,0.06007598340511322,-0.7749176621437073,0.35381314158439636,1,-2.5,0.9960829615592957
1,290,-0.6533274054527283,0.06258638203144073,-0.9010603427886963,0.1686515510082245,2,0.0,0.9957783222198486
1,291,-0.6619288325309753,0.06497454643249512,-0.8302452564239502,0.2872474193572998,0,-5.0,0.9957458972930908
1,292,-0.6719826459884644,0.06522350758314133,-1.1392724514007568,-0.17881068587303162,1,-2.5,0.9960742592811584
1,293,-0.683929443359375,0.0626559779047966,-1.2378467321395874,-0.32081273198127747,4,5.0,0.9959481954574585
1,294,-0.693623423576355,0.06365402042865753,-0.7670938372612,0.4137718081474304,0,-5.0,0.9957588315010071
1,295,-0.7030733823776245,0.06512401252985,-1.0809459686279297,-0.05991856008768082,3,2.5,0.9955123662948608
1,296,-0.7123302221298218,0.0669899508357048,-0.8092145323753357,0.3684387505054474,0,-5.0,0.9953703880310059
1,297,-0.7221817374229431,0.06804133206605911,-1.1196643114089966,-0.09941573441028595,1,-2.5,0.9956095814704895
1,298,-0.7339394092559814,0.06626032292842865,-1.2195265293121338,-0.24292637407779694,1,-2.5,0.9960176348686218
1,299,-0.7466540932655334,0.06310608983039856,-1.3120396137237549,-0.37544316053390503,4,5.0,0.995954155921936
1,300,-0.757058322429657,0.06360700726509094,-0.8357215523719788,0.3677542805671692,0,-5.0,0.9958188533782959
1,301,-0.7671653628349304,0.06466179341077805,-1.1444352865219116,-0.09804434329271317,1,-2.5,0.9960430264472961
1,302,-0.7791616916656494,0.0629044622182846,-1.2426412105560303,-0.23954804241657257,1,-2.5,0.9964247941970825
1,303,-0.7920991778373718,0.05979296937584877,-1.3336166143417358,-0.3702329397201538,4,5.0,0.9963571429252625
1,304,-0.8027106523513794,0.06035616993904114,-0.855748176574707,0.3750017285346985,1,-2.5,0.9960143566131592
1,305,-0.8119451403617859,0.06313208490610123,-0.9758163690567017,0.1992500126361847,0,-5.0,0.9960821270942688
1,306,-0.8233935832977295,0.06259269267320633,-1.2740769386291504,-0.25058531761169434,1,-2.5,0.9964727163314819
1,307,-0.8366320133209229,0.05939086899161339,-1.3627166748046875,-0.37772464752197266,4,5.0,0.9964122772216797
1,308,-0.8475221991539001,0.059897758066654205,-0.8826762437820435,0.37081271409988403,1,-2.5,0.9960751533508301
1,309,-0.8570146560668945,0.06264860928058624,-1.0007532835006714,0.19805298745632172,0,-5.0,0.9961420297622681
1,310,-0.8687021136283875,0.06211261451244354,-1.2971800565719604,-0.24904495477676392,3,2.5,0.9961280822753906
1,311,-0.8800300359725952,0.06222475692629814,-1.009353518486023,0.20369881391525269,0,-5.0,0.9961869716644287
1,312,-0.8917999267578125,0.06174999102950096,-1.3051657676696777,-0.24252671003341675,3,2.5,0.9961644411087036
1,313,-0.9032044410705566,0.06193206086754799,-1.016752004623413,0.21107792854309082,0,-5.0,0.9962133765220642
1,314,-0.915045440196991,0.061535339802503586,-1.3120300769805908,-0.23437519371509552,3,2.5,0.9961803555488586
1,315,-0.9265157580375671,0.06180313602089882,-1.0231080055236816,0.21998722851276398,0,-5.0,0.9962178468704224
1,316,-0.9384177327156067,0.06149943172931671,-1.3179179430007935,-0.22476524114608765,3,2.5,0.9961724281311035
1,317,-0.9499443769454956,0.061867162585258484,-1.028555154800415,0.23027369379997253,0,-5.0,0.9961968064308167
1,318,-0.9618984460830688,0.06167004629969597,-1.322951316833496,-0.21382670104503632,3,2.5,0.996137261390686
1,319,-0.973473310470581,0.06215072050690651,-1.033204436302185,0.24182634055614471,0,-5.0,0.9961469769477844
1,320,-0.9854716062545776,0.062072791159152985,-1.3272308111190796,-0.20164988934993744,3,2.5,0.9960713982582092
1,321,-0.9970872402191162,0.06267863512039185,-1.0371495485305786,0.2545709013938904,0,-5.0,0.9960647225379944
1,322,-1.0091229677200317,0.06273183971643448,-1.330841302871704,-0.18829096853733063,1,-2.5,0.9963771104812622
1,323,-1.022904872894287,0.06019067019224167,-1.4152052402496338,-0.30880534648895264,3,2.5,0.9964263439178467
1,324,-1.0353631973266602,0.05977989733219147,-1.1186015605926514,0.1572122871875763,2,0.0,0.9961321353912354
1,325,-1.0460482835769653,0.062191907316446304,-1.0316133499145508,0.3003174662590027,0,-5.0,0.9960689544677734
1,326,-1.0580315589904785,0.06269796937704086,-1.3257520198822021,-0.14330628514289856,1,-2.5,0.9963272213935852
1,327,-1.0717644691467285,0.06060335412621498,-1.4104914665222168,-0.2643921375274658,3,2.5,0.9963234663009644
1,328,-1.0841774940490723,0.06063429266214371,-1.1142228841781616,0.20116794109344482,0,-5.0,0.9963759779930115
1,329,-1.0969523191452026,0.0601998046040535,-1.4022889137268066,-0.23340925574302673,3,2.5,0.9963355660438538
1,330,-1.109287142753601,0.06053466349840164,-1.1066453456878662,0.23114314675331116,0,-5.0,0.99635249376297
1,331,-1.1219894886016846,0.0603947751224041,-1.395283579826355,-0.20432449877262115,3,2.5,0.9962770342826843
1,332,-1.1342568397521973,0.061016201972961426,-1.1001566648483276,0.25946149230003357,0,-5.0,0.9962599277496338
1,333,-1.1468967199325562,0.0611562542617321,-1.389244794845581,-0.1766047328710556,2,0.0,0.9963506460189819
1,334,-1.1601723432540894,0.060409773141145706,-1.2819263935089111,-0.0020553581416606903,3,2.5,0.9960335493087769
1,335,-1.1713546514511108,0.06297963857650757,-0.995289146900177,0.4486880898475647,0,-5.0,0.9957818984985352
1,336,-1.1829897165298462,0.0649472251534462,-1.2920899391174316,0.00115155428647995,3,2.5,0.995435357093811
1,337,-1.1942681074142456,0.06756225228309631,-1.0045441389083862,0.45385435223579407,0,-5.0,0.9951562285423279
1,338,-1.2059892416000366,0.06959719955921173,-1.3003177642822266,0.008732367306947708,3,2.5,0.994772732257843
1,339,-1.2173452377319336,0.07229989767074585,-1.012012004852295,0.4631690979003906,0,-5.0,0.9944582581520081
1,340,-1.2291356325149536,0.07444292306900024,-1.3068751096725464,0.020320266485214233,3,2.5,0.9940289855003357
1,341,-1.2405529022216797,0.07727239280939102,-1.017937183380127,0.47630777955055237,0,-5.0,0.9936699867248535
1,342,-1.2523972988128662,0.07956134527921677,-1.3119817972183228,0.03564468026161194,3,2.5,0.9931848049163818
1,343,-1.263862133026123,0.08255421370267868,-1.0225214958190918,0.49303439259529114,0,-5.0,0.992770791053772
1,344,-1.275747537612915,0.0850248709321022,-1.3158174753189087,0.05451863631606102,3,2.5,0.9922178983688354
1,345,-1.287247896194458,0.08821609616279602,-1.0259311199188232,0.5131890773773193,0,-5.0,0.991736650466919
1,346,-1.2991629838943481,0.0909029021859169,-1.318529725074768,0.07682736217975616,2,0.0,0.9914081692695618
1,347,-1.311751127243042,0.09269215166568756,-1.2152043581008911,0.24940936267375946,0,-5.0,0.9913742542266846
1,348,-1.3254755735397339,0.09287486225366592,-1.4932924509048462,-0.1638825684785843,1,-2.5,0.9917662739753723
1,349,-1.3407996892929077,0.09074004739522934,-1.5637363195419312,-0.2581425607204437,0,-5.0,0.9925920367240906
1,350,-1.3578625917434692,0.08606959879398346,-1.8160241842269897,-0.6323131918907166,4,5.0,0.99288409948349
1,351,-1.3730887174606323,0.08435587584972382,-1.3017351627349854,0.1714688241481781,2,0.0,0.9924187660217285
1,352,-1.3855184316635132,0.08707026392221451,-1.1999434232711792,0.340815931558609,0,-5.0,0.9922304749488831
1,353,-1.3990999460220337,0.08814475685358047,-1.4796112775802612,-0.07593995332717896,1,-2.5,0.9924532771110535
1,354,-1.4142950773239136,0.08687188476324081,-1.5513378381729126,-0.17290863394737244,4,5.0,0.9919753074645996
1,355,-1.4269863367080688,0.08958074450492859,-1.056804895401001,0.6005979180335999,0,-5.0,0.9913203716278076
1,356,-1.4391963481903076,0.09316470474004745,-1.3469977378845215,0.16822552680969238,2,0.0,0.9908050894737244
1,357,-1.4520564079284668,0.09589006006717682,-1.2414560317993164,0.344539612531662,0,-5.0,0.9905816316604614
1,358,-1.466030478477478,0.0970483124256134,-1.5173243284225464,-0.06469810009002686,4,5.0,0.9898340702056885
1,359,-1.478394865989685,0.1008262112736702,-1.025320291519165,0.7057493329048157,0,-5.0,0.9888769388198853
1,360,-1.490297555923462,0.10546592622995377,-1.3169798851013184,0.27334076166152954,0,-5.0,0.9887676239013672
1,361,-1.504989504814148,0.10598282516002655,-1.5864346027374268,-0.12422284483909607,0,-5.0,0.9894526600837708
1,362,-1.5222615003585815,0.1027001291513443,-1.8357999324798584,-0.4909868538379669,0,-5.0,0.990802526473999
1,363,-1.541923999786377,0.09590344876050949,-2.06695294380188,-0.8305319547653198,3,2.5,0.9917652010917664
1,364,-1.5606151819229126,0.09074586629867554,-1.7208309173583984,-0.28437376022338867,0,-5.0,0.9926185011863708
1,365,-1.5791823863983154,0.08591575175523758,-1.9613791704177856,-0.6405042409896851,1,-2.5,0.9937105178833008
1,366,-1.5989919900894165,0.07930617034435272,-1.9973686933517456,-0.6830150485038757,1,-2.5,0.9947751760482788
1,367,-1.619149088859558,0.07228308171033859,-2.031036615371704,-0.7229912281036377,1,-2.5,0.9957919120788574
1,368,-1.6396316289901733,0.06486967206001282,-2.0625720024108887,-0.7607817053794861,1,-2.5,0.9967412352561951
1,369,-1.6604191064834595,0.0570857897400856,-2.092148780822754,-0.7967087030410767,0,-5.0,0.9977622628211975
1,370,-1.6825590133666992,0.047304730862379074,-2.307408571243286,-1.1200073957443237,2,0.0,0.9985785484313965
1,371,-1.704630970954895,0.03770236670970917,-2.1320812702178955,-0.8427749872207642,4,5.0,0.9988415837287903
1,372,-1.722892165184021,0.03403566777706146,-1.594950795173645,-0.008768171072006226,0,-5.0,0.9989910125732422
1,373,-1.7402819395065308,0.03176487982273102,-1.8487446308135986,-0.39511969685554504,0,-5.0,0.9993347525596619
1,374,-1.76010262966156,0.025792596861720085,-2.083691120147705,-0.752870500087738,0,-5.0,0.9997315406799316
1,375,-1.7821756601333618,0.016385527327656746,-2.3014204502105713,-1.0851116180419922,2,0.0,0.9999498724937439
1,376,-1.8042006492614746,0.007078475318849087,-2.127871036529541,-0.8150495886802673,4,5.0,0.9999867677688599
1,377,-1.8224314451217651,0.0036397159565240145,-1.5922436714172363,0.012540489435195923,0,-5.0,0.9999976754188538
1,378,-1.8398085832595825,0.0015241955406963825,-1.8479918241500854,-0.3816446363925934,0,-5.0,0.9999809265136719
1,379,-1.8596347570419312,-0.0043687899596989155,-2.0846784114837646,-0.7468258142471313,0,-5.0,0.9998104572296143
1,380,-1.8817288875579834,-0.01376811508089304,-2.303907871246338,-1.0860357284545898,2,0.0,0.9994648098945618
1,381,-1.9037892818450928,-0.023134442046284676,-2.131657600402832,-0.8225539326667786,4,5.0,0.9992870688438416
1,382,-1.9220689535140991,-0.02670086733996868,-1.5974596738815308,-0.001980796456336975,0,-5.0,0.9991584420204163
1,383,-1.9395076036453247,-0.02900981344282627,-1.8543119430541992,-0.4023251533508301,0,-5.0,0.9987639784812927
1,384,-1.9594056606292725,-0.035156916826963425,-2.0919864177703857,-0.7734912633895874,0,-5.0,0.9979867935180664
1,385,-1.9815810918807983,-0.04486868903040886,-2.3120453357696533,-1.118418574333191,2,0.0,0.9970178008079529
1,386,-2.0037317276000977,-0.05460962653160095,-2.1408822536468506,-0.8615911602973938,4,5.0,0.9965628385543823
1,387,-2.02211594581604,-0.05862711742520332,-1.6083290576934814,-0.04937376081943512,0,-5.0,0.9962236285209656
1,388,-2.0396692752838135,-0.06145233288407326,-1.8656527996063232,-0.45473918318748474,0,-5.0,0.9953534007072449
1,389,-2.0596866607666016,-0.06816603988409042,-2.1037464141845703,-0.8309142589569092,0,-5.0,0.9938387274742126
1,390,-2.081984758377075,-0.07849382609128952,-2.324113368988037,-1.1807154417037964,0,-5.0,0.9915014505386353
1,391,-2.106393575668335,-0.09218768030405045,-2.5281054973602295,-1.5066794157028198,0,-5.0,0.9881139397621155
1,392,-2.1327569484710693,-0.10902311652898788,-2.7169179916381836,-1.8110605478286743,0,-5.0,0.9834114909172058
1,393,-2.16092848777771,-0.12879644334316254,-2.8916001319885254,-2.0958433151245117,2,0.0,0.9780704379081726
1,394,-2.188657760620117,-0.14808642864227295,-2.681459426879883,-1.7943425178527832,0,-5.0,0.9718562960624695
1,395,-2.216495990753174,-0.1677609086036682,-2.8593199253082275,-2.088434934616089,2,0.0,0.9650012850761414
1,396,-2.243933916091919,-0.18707942962646484,-2.6542856693267822,-1.8024557828903198,0,-5.0,0.9571959972381592
1,397,-2.2715156078338623,-0.20689119398593903,-2.834308624267578,-2.1038074493408203,0,-5.0,0.9472789168357849
1,398,-2.300816774368286,-0.22961077094078064,-3.0002124309539795,-2.385719060897827,0,-5.0,0.9349480867385864
1,399,-2.3317008018493652,-0.25505292415618896,-3.152813196182251,-2.649754047393799,0,-5.0,0.919884443283081
1,400,-2.3640384674072266,-0.2830469012260437,-3.2928338050842285,-2.897315502166748,0,-5.0,0.9017584323883057
1,401,-2.397706985473633,-0.3134351372718811,-3.420916795730591,-3.1296730041503906,4,5.0,0.8843055367469788
1,402,-2.4285435676574707,-0.34013888239860535,-2.826913833618164,-2.306926727294922,2,0.0,0.8689218163490295
1,403,-2.455752372741699,-0.3620472252368927,-2.6372175216674805,-2.0824782848358154,0,-5.0,0.8519616723060608
1,404,-2.483152389526367,-0.3847575783729553,-2.813960075378418,-2.391146659851074,0,-5.0,0.8315388560295105
1,405,-2.5122323036193848,-0.41044026613235474,-2.975726842880249,-2.6793370246887207,0,-5.0,-2.1926321983337402
2,1,-0.03365553915500641,0.1070980429649353,-0.1979309469461441,0.09938585758209229,0,-5.0,0.9889435172080994
2,2,-0.03763124346733093,0.10514964163303375,-0.5508044958114624,-0.4259440302848816,0,-5.0,0.9903624653816223
2,3,-0.044988036155700684,0.09817110002040863,-0.8777081966400146,-0.9120075702667236,1,-2.5,0.992228090763092
2,4,-0.054418109357357025,0.08815841376781464,-0.9942124485969543,-1.0763800144195557,3,2.5,0.9936271905899048
2,5,-0.06284084171056747,0.07982996106147766,-0.7285951972007751,-0.6548429131507874,3,2.5,0.9942945241928101
2,6,-0.0687209963798523,0.07553452998399734,-0.48288753628730774,-0.26484954357147217,4,5.0,0.994130551815033
2,7,-0.07118438184261322,0.07661215960979462,-0.0684402585029602,0.3843865990638733,0,-5.0,0.9940156936645508
2,8,-0.07393849641084671,0.0773581936955452,-0.4336157441139221,-0.1658952385187149,1,-2.5,0.994452714920044
2,9,-0.0791238471865654,0.07448004931211472,-0.5842996835708618,-0.3861240744590759,0,-5.0,0.9953960180282593
2,10,-0.08681866526603699,0.06785254180431366,-0.911188006401062,-0.8781434893608093,1,-2.5,0.9966193437576294
2,11,-0.09658224135637283,0.05814370885491371,-1.0269511938095093,-1.046380877494812,2,0.0,0.9976522922515869
2,12,-0.1063922718167305,0.048453036695718765,-0.9471884369850159,-0.9149121046066284,3,2.5,0.9982649087905884
2,13,-0.11437477171421051,0.041654352098703384,-0.6862310767173767,-0.5054529309272766,4,5.0,0.9983665943145752
2,14,-0.11879334598779678,0.040415287017822266,-0.25742533802986145,0.1620282530784607,3,2.5,0.9980708360671997
2,15,-0.12017422914505005,0.04392198473215103,-0.04838825389742851,0.49055755138397217,0,-5.0,0.9979164004325867
2,16,-0.12275389581918716,0.04564625769853592,-0.41754981875419617,-0.07189895212650299,3,2.5,0.9977978467941284
2,17,-0.12566587328910828,0.04692717269062996,-0.19628342986106873,0.2761560380458832,3,2.5,0.997343122959137
2,18,-0.1264592409133911,0.051545221358537674,0.008436629548668861,0.5989449620246887,1,-2.5,0.9968667030334473
2,19,-0.12742458283901215,0.055975738912820816,-0.17696957290172577,0.3211197853088379,1,-2.5,0.9966639280319214
2,20,-0.13016265630722046,0.057758476585149765,-0.3481878936290741,0.06582020968198776,3,2.5,0.9963530898094177
2,21,-0.13240662217140198,0.060389745980501175,-0.13163670897483826,0.4082536995410919,1,-2.5,0.9960281252861023
2,22,-0.1347087174654007,0.06302256137132645,-0.3059763014316559,0.14890572428703308,0,-5.0,0.996212899684906
2,23,-0.13974444568157196,0.061539504677057266,-0.6544529795646667,-0.37832075357437134,4,5.0,0.9962081909179688
2,24,-0.14385351538658142,0.06157781183719635,-0.2274530827999115,0.2887345552444458,3,2.5,0.9955957531929016
2,25,-0.1449405401945114,0.06636464595794678,-0.01981987990438938,0.6179731488227844,1,-2.5,0.9949543476104736
2,26,-0.14616961777210236,0.07103269547224045,-0.20217403769493103,0.34734904766082764,0,-5.0,0.9948900938034058
2,27,-0.15020722150802612,0.07148359715938568,-0.5577870011329651,-0.18929925560951233,0,-5.0,0.9955375790596008
2,28,-0.1576494574546814,0.06680122762918472,-0.8868223428726196,-0.6851209998130798,3,2.5,0.9961201548576355
2,29,-0.16504810750484467,0.06228851526975632,-0.6296807527542114,-0.27913522720336914,3,2.5,0.9961978793144226
2,30,-0.16998566687107086,0.061661526560783386,-0.39187970757484436,0.09656159579753876,3,2.5,0.9958223700523376
2,31,-0.17264670133590698,0.06463480740785599,-0.1719067394733429,0.444783478975296,1,-2.5,0.9954211115837097
2,32,-0.17533241212368011,0.06766759604215622,-0.3429603576660156,0.19122067093849182,0,-5.0,0.9955588579177856
2,33,-0.18071970343589783,0.06664206832647324,-0.6883041858673096,-0.33030232787132263,0,-5.0,0.9963246583938599
2,34,-0.18941430747509003,0.06062440574169159,-1.007970929145813,-0.8126388788223267,3,2.5,0.9969852566719055
2,35,-0.19797486066818237,0.0549066960811615,-0.7419936656951904,-0.3938436508178711,4,5.0,0.9969927072525024
2,36,-0.20292361080646515,0.05483873561024666,-0.3085985779762268,0.2823151648044586,3,2.5,0.9964473247528076
2,37,-0.2047896385192871,0.059604473412036896,-0.09513971954584122,0.6196392774581909,1,-2.5,0.9958622455596924
2,38,-0.20674292743206024,0.0643254965543747,-0.27228015661239624,0.35590413212776184,0,-5.0,0.9957888722419739
2,39,-0.21145537495613098,0.06489332020282745,-0.623163104057312,-0.17471979558467865,1,-2.5,0.9961526393890381
2,40,-0.21846117079257965,0.06202720105648041,-0.7604338526725769,-0.37637799978256226,4,5.0,0.9961367249488831
2,41,-0.22358474135398865,0.062155164778232574,-0.3254791498184204,0.30298590660095215,3,2.5,0.9954909086227417
2,42,-0.22561004757881165,0.06714973598718643,-0.11048043519258499,0.6436485052108765,1,-2.5,0.9947964549064636
2,43,-0.22770677506923676,0.07213552296161652,-0.28599658608436584,0.3836950659751892,0,-5.0,0.9946699142456055
2,44,-0.23254625499248505,0.07300730049610138,-0.635242760181427,-0.14292943477630615,1,-2.5,0.9950321912765503
2,45,-0.2396639585494995,0.07048263400793076,-0.7710987329483032,-0.34105753898620605,0,-5.0,0.9958500862121582
2,46,-0.24914921820163727,0.06441990286111832,-1.0842796564102173,-0.8127027750015259,1,-2.5,0.9969227313995361
2,47,-0.260571151971817,0.055473197251558304,-1.1872329711914062,-0.9617472887039185,2,0.0,0.997816264629364
2,48,-0.27191630005836487,0.046730369329452515,-1.0955308675765991,-0.812243640422821,2,0.0,0.9984469413757324
2,49,-0.28238624334335327,0.03940862417221069,-1.0110490322113037,-0.6751009821891785,4,5.0,0.998654305934906
2,50,-0.28991514444351196,0.03668332099914551,-0.5579680800437927,0.029509328305721283,2,0.0,0.9986004829406738
2,51,-0.2952418029308319,0.03741034120321274,-0.5141610503196716,0.10263949632644653,2,0.0,0.9984913468360901
2,52,-0.30014878511428833,0.03884114697575569,-0.4736003279685974,0.17088793218135834,3,2.5,0.998187243938446
2,53,-0.30359968543052673,0.04257626086473465,-0.2484097182750702,0.5241142511367798,0,-5.0,0.9979960918426514
2,54,-0.30809491872787476,0.04476500675082207,-0.6026570796966553,-0.01557093858718872,2,0.0,0.9979673624038696
2,55,-0.313846230506897,0.04508448392152786,-0.5550925731658936,0.06454300880432129,2,0.0,0.9978679418563843
2,56,-0.31914204359054565,0.046174440532922745,-0.5110751390457153,0.13925369083881378,2,0.0,0.9976974725723267
2,57,-0.32401609420776367,0.047984469681978226,-0.47030192613601685,0.2091412991285324,3,2.5,0.9972841143608093
2,58,-0.3274323046207428,0.05211429297924042,-0.24498237669467926,0.5638170838356018,1,-2.5,0.9968234300613403
2,59,-0.3308234214782715,0.05636127293109894,-0.41134780645370483,0.31542447209358215,1,-2.5,0.9966078996658325
2,60,-0.33580514788627625,0.058241840451955795,-0.5649702548980713,0.08730243146419525,2,0.0,0.9964492321014404
2,61,-0.34119048714637756,0.05958838015794754,-0.5195562839508057,0.1661134958267212,2,0.0,0.9961936473846436
2,62,-0.346140593290329,0.06169552356004715,-0.4774788022041321,0.24000023305416107,3,2.5,0.9956229329109192
2,63,-0.3496211767196655,0.06615942716598511,-0.2510993778705597,0.5981222987174988,1,-2.5,0.9949901700019836
2,64,-0.35306450724601746,0.07078038901090622,-0.4161378741264343,0.35412341356277466,0,-5.0,0.9948964715003967
2,65,-0.3591507077217102,0.07143883407115936,-0.7557445764541626,-0.1579272449016571,1,-2.5,0.995261013507843
2,66,-0.36742281913757324,0.06884019076824188,-0.882675290107727,-0.3425785005092621,0,-5.0,0.9960521459579468
2,67,-0.3779771625995636,0.06283197551965714,-1.1876189708709717,-0.8018410205841064,3,2.5,0.9967117309570312
2,68,-0.3882569372653961,0.05734345316886902,-0.9080986976623535,-0.36190104484558105,4,5.0,0.9966698884963989
2,69,-0.3947952389717102,0.057707320898771286,-0.46218448877334595,0.3338312804698944,1,-2.5,0.9964230060577393
2,70,-0.4002629816532135,0.05980794131755829,-0.6119130253791809,0.11193625628948212,2,0.0,0.9962258338928223
2,71,-0.4060971438884735,0.061434343457221985,-0.5629026889801025,0.19652417302131653,0,-5.0,0.9963284730911255
2,72,-0.4135934114456177,0.06059291213750839,-0.8922355771064758,-0.3014873266220093,3,2.5,0.9964104890823364
2,73,-0.42104506492614746,0.05991233512759209,-0.6348182559013367,0.10420885682106018,2,0.0,0.996220588684082
2,74,-0.42709845304489136,0.06147667393088341,-0.5840860605239868,0.19146303832530975,0,-5.0,0.996327817440033
2,75,-0.4347975552082062,0.06059863045811653,-0.9118286371231079,-0.3040922284126282,3,2.5,0.9964114427566528
2,76,-0.4424368143081665,0.05990488454699516,-0.6529427766799927,0.10386662185192108,2,0.0,0.9962204694747925
2,77,-0.44866374135017395,0.061477694660425186,-0.6008524298667908,0.19321209192276,0,-5.0,0.9963242411613464
2,78,-0.4565232992172241,0.06062815338373184,-0.9273381233215332,-0.30040591955184937,3,2.5,0.9964022040367126
2,79,-0.46431100368499756,0.05998150259256363,-0.6672881841659546,0.10935084521770477,2,0.0,0.9962031245231628
2,80,-0.4706752598285675,0.06161871552467346,-0.614118754863739,0.2003713846206665,0,-5.0,0.996297299861908
2,81,-0.47866174578666687,0.060849789530038834,-0.9395987391471863,-0.2916695475578308,3,2.5,0.9963640570640564
2,82,-0.4865667521953583,0.06029890105128288,-0.6786209344863892,0.11954636871814728,2,0.0,0.9961503148078918
2,83,-0.4930393695831299,0.06204605847597122,-0.6245864629745483,0.21194835007190704,0,-5.0,0.9962299466133118
2,84,-0.5011258721351624,0.06140069290995598,-0.9492492079734802,-0.27875182032585144,3,2.5,0.9962807297706604
2,85,-0.5091230869293213,0.060986146330833435,-0.6875273585319519,0.1336824893951416,2,0.0,0.9960458874702454
2,86,-0.5156807899475098,0.06288167834281921,-0.6327918767929077,0.2272680550813675,0,-5.0,0.9961066246032715
2,87,-0.523845374584198,0.06239668279886246,-0.9567760825157166,-0.2622295916080475,3,2.5,0.9961369037628174
2,88,-0.5319144129753113,0.06215377897024155,-0.6944538950920105,0.15125827491283417,2,0.0,0.995874285697937
2,89,-0.538537859916687,0.06423159688711166,-0.6391426920890808,0.24590496718883514,0,-5.0,0.9959116578102112
2,90,-0.5467625260353088,0.06394004076719284,-0.9625487923622131,-0.24244928359985352,1,-2.5,0.9963255524635315
2,91,-0.557017982006073,0.06061750277876854,-1.0744569301605225,-0.4052141010761261,4,5.0,0.9963201880455017
2,92,-0.5651481747627258,0.060661572962999344,-0.6160001158714294,0.3101986050605774,0,-5.0,0.9962801933288574
2,93,-0.5731532573699951,0.060990236699581146,-0.9414003491401672,-0.18185868859291077,2,0.0,0.9964123964309692
2,94,-0.5821414589881897,0.059896741062402725,-0.8676589727401733,-0.05906347930431366,3,2.5,0.9962025284767151
2,95,-0.5893579125404358,0.061623603105545044,-0.6120902299880981,0.3437401354312897,1,-2.5,0.995913028717041
2,96,-0.5962590575218201,0.0639292448759079,-0.750342607498169,0.14017346501350403,2,0.0,0.995652437210083
2,97,-0.6034169793128967,0.0659358948469162,-0.6907579302787781,0.24165883660316467,0,-5.0,0.9956914782524109
2,98,-0.6121348738670349,0.06563939899206161,-1.010169267654419,-0.24023115634918213,1,-2.5,0.9961095452308655
2,99,-0.6228455305099487,0.062373507767915726,-1.1184067726135254,-0.39706647396087646,4,5.0,0.9960899949073792
2,100,-0.6313959956169128,0.06253009289503098,-0.6566174626350403,0.3236703872680664,0,-5.0,0.996027946472168
2,101,-0.6397889256477356,0.0630241259932518,-0.9788347482681274,-0.1631389558315277,1,-2.5,0.9963392615318298
2,102,-0.650200605392456,0.06050388142466545,-1.0895601511001587,-0.324209064245224,4,5.0,0.9962339401245117
2,103,-0.658475399017334,0.0613679364323616,-0.629966676235199,0.3929532766342163,1,-2.5,0.9958813190460205
2,104,-0.6655478477478027,0.06417696177959442,-0.7668961882591248,0.19139575958251953,0,-5.0,0.9959774017333984
2,105,-0.6749956607818604,0.06342402845621109,-1.080737829208374,-0.28225377202033997,1,-2.5,0.9964263439178467
2,106,-0.6863830089569092,0.05977997928857803,-1.1838276386260986,-0.4315285086631775,4,5.0,0.996444046497345
2,107,-0.6955605149269104,0.059631671756505966,-0.7171938419342041,0.2963877022266388,0,-5.0,0.9964135885238647
2,108,-0.7045348882675171,0.059886541217565536,-1.0350850820541382,-0.1842915117740631,2,0.0,0.9965392351150513
2,109,-0.7144203186035156,0.05882842093706131,-0.9543734192848206,-0.050916820764541626,3,2.5,0.9963164925575256
2,110,-0.7224672436714172,0.060692161321640015,-0.6923424601554871,0.3617086112499237,1,-2.5,0.996002197265625
2,111,-0.7301371097564697,0.06322843581438065,-0.8246372938156128,0.1671719253063202,2,0.0,0.995702862739563
2,112,-0.7380064129829407,0.06555268168449402,-0.7595188617706299,0.27708539366722107,0,-5.0,0.9956894516944885
2,113,-0.7473827600479126,0.06565479934215546,-1.0738035440444946,-0.19696789979934692,1,-2.5,0.9960482120513916
2,114,-0.7587026357650757,0.06286346167325974,-1.1772620677947998,-0.34642839431762695,4,5.0,0.9959594011306763
2,115,-0.7678166031837463,0.06356576830148697,-0.7110470533370972,0.3811843693256378,0,-5.0,0.9958174228668213
2,116,-0.7767300605773926,0.06467290967702866,-1.0291063785552979,-0.09901273995637894,1,-2.5,0.9960523843765259
2,117,-0.7876222729682922,0.06283017992973328,-1.13595449924469,-0.2538265585899353,1,-2.5,0.9964590668678284
2,118,-0.7995384335517883,0.0595056526362896,-1.234933853149414,-0.39685729146003723,4,5.0,0.9964314103126526
2,119,-0.8092052340507507,0.059737369418144226,-0.7644713521003723,0.3369327187538147,1,-2.5,0.996147096157074
2,120,-0.8175660967826843,0.06207146868109703,-0.8914170861244202,0.1504741758108139,2,0.0,0.9958692789077759
2,121,-0.8260753154754639,0.06427066028118134,-0.8213487863540649,0.26784127950668335,0,-5.0,0.9958631992340088
2,122,-0.8360443115234375,0.0643182024359703,-1.1310958862304688,-0.1994600147008896,1,-2.5,0.9962131977081299
2,123,-0.8479132056236267,0.061537064611911774,-1.2303401231765747,-0.34264564514160156,4,5.0,0.9961174130439758
2,124,-0.8575354814529419,0.062310464680194855,-0.7601742744445801,0.3909130096435547,1,-2.5,0.9957507252693176
2,125,-0.8658541440963745,0.06518639624118805,-0.887288510799408,0.20462960004806519,0,-5.0,0.9958207607269287
2,126,-0.8764540553092957,0.06464698910713196,-1.1920324563980103,-0.2548189163208008,1,-2.5,0.9962358474731445
2,127,-0.8889062404632568,0.06135273352265358,-1.2867028713226318,-0.3909205496311188,4,5.0,0.9961955547332764
2,128,-0.8990682363510132,0.06168009340763092,-0.8123204708099365,0.34910809993743896,1,-2.5,0.9958820939064026
2,129,-0.907886266708374,0.06417103111743927,-0.9355633854866028,0.16867417097091675,2,0.0,0.9955664873123169
2,130,-0.9168172478675842,0.06658471375703812,-0.8620882630348206,0.2915954291820526,0,-5.0,0.9955241680145264
2,131,-0.9271752238273621,0.06690147519111633,-1.1686100959777832,-0.17030884325504303,1,-2.5,0.9958472847938538
2,132,-0.9394020438194275,0.06444136798381805,-1.264885425567627,-0.30849793553352356,1,-2.5,0.9963206648826599
2,133,-0.9525518417358398,0.060657620429992676,-1.3541207313537598,-0.43627452850341797,4,5.0,0.9963306784629822
2,134,-0.963359534740448,0.060574792325496674,-0.8747040033340454,0.31142979860305786,0,-5.0,0.9962685704231262
2,135,-0.9738413095474243,0.061085544526576996,-1.180719017982483,-0.15077774226665497,2,0.0,0.9963445663452148
2,136,-0.9851205945014954,0.06046029180288315,-1.0890309810638428,-0.00031280890107154846,3,2.5,0.996040940284729
2,137,-0.9944562315940857,0.062920942902565,-0.8168497085571289,0.42816656827926636,0,-5.0,0.9958312511444092
2,138,-1.0043829679489136,0.06456601619720459,-1.1270270347595215,-0.03999178111553192,3,2.5,0.9955563545227051
2,139,-1.0140811204910278,0.06666069477796555,-0.8518610596656799,0.39359018206596375,0,-5.0,0.995377242565155
2,140,-1.024341106414795,0.06799087673425674,-1.159139633178711,-0.06943310797214508,1,-2.5,0.9955730438232422
2,141,-1.036476731300354,0.0665355771780014,-1.25604248046875,-0.2083866447210312,1,-2.5,0.9959357976913452
2,142,-1.0495408773422241,0.06375131756067276,-1.3457955121994019,-0.33659952878952026,4,5.0,0.9958186149597168
2,143,-1.0602679252624512,0.06466365605592728,-0.8669326305389404,0.4105904698371887,0,-5.0,0.9956216216087341
2,144,-1.0706732273101807,0.06616952270269394,-1.1732290983200073,-0.0512792132794857,3,2.5,0.9953509569168091
2,145,-1.0808134078979492,0.06818390637636185,-0.8945494890213013,0.3879093825817108,0,-5.0,0.9951713681221008
2,146,-1.091481328010559,0.069488525390625,-1.1985172033309937,-0.0697377398610115,1,-2.5,0.9953680038452148
2,147,-1.1039934158325195,0.06805881857872009,-1.292381763458252,-0.20377105474472046,1,-2.5,0.9957296848297119
2,148,-1.1174046993255615,0.06534738838672638,-1.3793221712112427,-0.32740718126296997,4,5.0,0.995594322681427
2,149,-1.1284523010253906,0.06637556850910187,-0.8979169726371765,0.4238649010658264,0,-5.0,0.9953708052635193
2,150,-1.139153242111206,0.06803812831640244,-1.2017658948898315,-0.033918868750333786,3,2.5,0.9950652718544006
2,151,-1.1495659351348877,0.07024747133255005,-0.9208893775939941,0.4088837206363678,0,-5.0,0.9948471188545227
2,152,-1.1604849100112915,0.07178351283073425,-1.2227296829223633,-0.04510221630334854,3,2.5,0.9945387840270996
2,153,-1.1710972785949707,0.07389994710683823,-0.9401682615280151,0.4007438123226166,0,-5.0,0.9943186044692993
2,154,-1.1821988821029663,0.07537505775690079,-1.2402894496917725,-0.04992356151342392,3,2.5,0.9940000176429749
2,155,-1.1929786205291748,0.0774596706032753,-0.956308126449585,0.39853399991989136,0,-5.0,0.9937699437141418
2,156,-1.2042328119277954,0.07893093675374985,-1.2549493312835693,-0.04919354245066643,3,2.5,0.9934329390525818
2,157,-1.2151517868041992,0.08103722333908081,-0.9697713255882263,0.40152204036712646,0,-5.0,0.9931846857070923
2,158,-1.2265329360961914,0.08255495131015778,-1.2671287059783936,-0.043557628989219666,3,2.5,0.9928207397460938
2,159,-1.237567663192749,0.08473034203052521,-0.9809422492980957,0.40912753343582153,0,-5.0,0.992545485496521
2,160,-1.249053955078125,0.08633951097726822,-1.277174949645996,-0.033521536737680435,3,2.5,0.992145299911499
2,161,-1.2601839303970337,0.08862673491239548,-0.990140974521637,0.4208976924419403,0,-5.0,0.9918335676193237
2,162,-1.2717560529708862,0.09036821126937866,-1.285377860069275,-0.01947251334786415,3,2.5,0.9913870096206665
2,163,-1.2829636335372925,0.09280640631914139,-0.99763423204422,0.43648937344551086,0,-5.0,0.9910284876823425
2,164,-1.294605016708374,0.09471797198057175,-1.2919758558273315,-0.0016957037150859833,3,2.5,0.9905242323875427
2,165,-1.3058747053146362,0.09734366089105606,-1.0036417245864868,0.4556525945663452,0,-5.0,0.990107536315918
2,166,-1.3175712823867798,0.09946093708276749,-1.297166347503662,0.01961049810051918,3,2.5,0.9895329475402832
2,167,-1.3288896083831787,0.10230883955955505,-1.0083465576171875,0.47821691632270813,0,-5.0,0.9890450239181519
2,168,-1.3406283855438232,0.10466602444648743,-1.3011112213134766,0.044323429465293884,3,2.5,0.9883856773376465
2,169,-1.351983666419983,0.10776982456445694,-1.0118989944458008,0.5040818452835083,0,-5.0,0.9878117442131042
2,170,-1.363753318786621,0.11040040105581284,-1.3039429187774658,0.07238666713237762,2,0.0,0.9874188303947449
2,171,-1.3761953115463257,0.11216574162244797,-1.2009258270263672,0.2471187859773636,0,-5.0,0.9873752593994141
2,172,-1.3897721767425537,0.11236000806093216,-1.4784860610961914,-0.1615734100341797,1,-2.5,0.9878394603729248
2,173,-1.404945969581604,0.11027487367391586,-1.5488873720169067,-0.25261572003364563,0,-5.0,0.9888290166854858
2,174,-1.42185640335083,0.10569275915622711,-1.80076003074646,-0.6224467754364014,4,5.0,0.9891664981842041
2,175,-1.4369345903396606,0.10408397763967514,-1.2876453399658203,0.18101415038108826,2,0.0,0.9885691404342651
2,176,-1.4492226839065552,0.10691530257463455,-1.1861002445220947,0.3526651859283447,0,-5.0,0.9883050322532654
2,177,-1.4626606702804565,0.10814342647790909,-1.4652044773101807,-0.0593964122235775,3,2.5,0.9878292679786682
2,178,-1.4755864143371582,0.11032096296548843,-1.163676142692566,0.41960468888282776,0,-5.0,0.9874085783958435
2,179,-1.4888077974319458,0.11221157759428024,-1.4441719055175781,0.006104782223701477,3,2.5,0.9867669343948364
2,180,-1.5015312433242798,0.11503497511148453,-1.1441556215286255,0.48319756984710693,0,-5.0,0.9861797094345093
2,181,-1.5145632028579712,0.11755955964326859,-1.4257142543792725,0.06903138756752014,0,-5.0,0.9865134954452515
2,182,-1.5302894115447998,0.11613127589225769,-1.6860793828964233,-0.312289834022522,0,-5.0,0.9876669049263
2,183,-1.5485104322433472,0.1110544502735138,-1.9272726774215698,-0.6646308898925781,1,-2.5,0.9891369938850403
2,184,-1.567983627319336,0.10422591865062714,-1.9644725322723389,-0.7050811052322388,1,-2.5,0.9905900955200195
2,185,-1.5878159999847412,0.09700468927621841,-1.9992855787277222,-0.7429462671279907,1,-2.5,0.9920050501823425
2,186,-1.6079846620559692,0.08941446989774704,-2.0319032669067383,-0.7785744667053223,1,-2.5,0.9933617115020752
2,187,-1.6284688711166382,0.0814756453037262,-2.0625016689300537,-0.8122866153717041,1,-2.5,0.9946409463882446
2,188,-1.6492491960525513,0.07320554554462433,-2.091243267059326,-0.8443794846534729,3,2.5,0.9953898191452026
2,189,-1.6681774854660034,0.06789842993021011,-1.7437400817871094,-0.29851722717285156,0,-5.0,0.9960443377494812
2,190,-1.6869758367538452,0.06289422512054443,-1.9842162132263184,-0.6586543321609497,1,-2.5,0.9968553185462952
2,191,-1.707013487815857,0.05607718974351883,-2.0197296142578125,-0.7040061950683594,0,-5.0,0.997774600982666
2,192,-1.7284605503082275,0.047174058854579926,-2.240443706512451,-1.035857081413269,4,5.0,0.998264491558075
2,193,-1.7477571964263916,0.04165961965918541,-1.6949760913848877,-0.18791411817073822,0,-5.0,0.9985803961753845
2,194,-1.7661011219024658,0.03767754137516022,-1.9408156871795654,-0.5607828497886658,0,-5.0,0.9990928173065186
2,195,-1.7868008613586426,0.030119938775897026,-2.1685359477996826,-0.9064662456512451,4,5.0,0.999332845211029
2,196,-1.8054133653640747,0.02582951821386814,-1.6289230585098267,-0.06958450376987457,0,-5.0,0.999472975730896
2,197,-1.8231321573257446,0.022957295179367065,-1.8806716203689575,-0.4541338086128235,0,-5.0,0.9997310638427734
2,198,-1.8432623147964478,0.01639936864376068,-2.1137449741363525,-0.8104268312454224,0,-5.0,0.9999588131904602
2,199,-1.8656266927719116,0.0064194099977612495,-2.329740524291992,-1.1414884328842163,2,0.0,0.9999880790710449
2,200,-1.8879265785217285,-0.00344958808273077,-2.1545422077178955,-0.8703804016113281,4,5.0,0.9999446272850037
2,201,-1.9064167737960815,-0.007442321162670851,-1.6174527406692505,-0.04213833063840866,0,-5.0,0.999897837638855
2,202,-1.9240397214889526,-0.01010744646191597,-1.8718879222869873,-0.4359782934188843,0,-5.0,0.9997261762619019
2,203,-1.9440991878509521,-0.01654815673828125,-2.107367992401123,-0.8010481595993042,0,-5.0,0.9992979764938354
2,204,-1.9664151668548584,-0.026495253667235374,-2.3254661560058594,-1.140316128730774,2,0.0,0.9986740946769714
2,205,-1.9886868000030518,-0.03641278296709061,-2.152268648147583,-0.8773898482322693,4,5.0,0.9983564615249634
2,206,-2.0071699619293213,-0.04054100811481476,-1.6174412965774536,-0.05821457505226135,0,-5.0,0.9981145858764648
2,207,-2.0248043537139893,-0.043421242386102676,-1.873389720916748,-0.45908451080322266,0,-5.0,0.997485339641571
2,208,-2.0448899269104004,-0.050146155059337616,-2.110229969024658,-0.8309584856033325,4,5.0,0.9970982670783997
2,209,-2.0629782676696777,-0.05386746674776077,-1.5796126127243042,-0.0208415687084198,0,-5.0,0.996816873550415
2,210,-2.0802550315856934,-0.05641917511820793,-1.8389171361923218,-0.428641676902771,0,-5.0,0.9960458278656006
2,211,-2.1000146865844727,-0.06288209557533264,-2.078840732574463,-0.8069823980331421,0,-5.0,0.994674026966095
2,212,-2.122072219848633,-0.0729793831706047,-2.3009090423583984,-1.1587226390838623,0,-5.0,0.9925245046615601
2,213,-2.1462574005126953,-0.08646100759506226,-2.506492853164673,-1.4864368438720703,0,-5.0,0.9893702268600464
2,214,-2.172412395477295,-0.10310079902410507,-2.6968042850494385,-1.7924102544784546,0,-5.0,0.9849462509155273
2,215,-2.200390577316284,-0.12269366532564163,-2.872905969619751,-2.0786538124084473,2,0.0,0.9798893928527832
2,216,-2.227938175201416,-0.14181174337863922,-2.663782835006714,-1.777531385421753,0,-5.0,0.973974883556366
2,217,-2.2556064128875732,-0.16132302582263947,-2.8429267406463623,-2.0728979110717773,2,0.0,0.9674257636070251
2,218,-2.2828845977783203,-0.18048332631587982,-2.638676643371582,-1.786801815032959,0,-5.0,0.9599429368972778
2,219,-2.310316562652588,-0.2001427412033081,-2.8198819160461426,-2.089308023452759,0,-5.0,0.9503952860832214
2,220,-2.339479446411133,-0.22272109985351562,-2.9869191646575928,-2.3722896575927734,0,-5.0,0.9384799599647522
2,221,-2.370236396789551,-0.24803240597248077,-3.1406118869781494,-2.6373233795166016,0,-5.0,0.9238762259483337
2,222,-2.4024577140808105,-0.2759052813053131,-3.2816874980926514,-2.885819435119629,0,-5.0,0.906252920627594
2,223,-2.436020612716675,-0.30618152022361755,-3.4107930660247803,-3.1190524101257324,0,-5.0,0.8852722644805908
2,224,-2.4708077907562256,-0.3387148976325989,-3.5285065174102783,-3.3381881713867188,0,-5.0,0.8605947494506836
2,225,-2.5067079067230225,-0.3733702003955841,-3.635352373123169,-3.544309139251709,2,0.0,0.834203839302063
2,226,-2.541632652282715,-0.4071808159351349,-3.3838729858398438,-3.240112543106079,1,-2.5,-2.1932382583618164
3,1,0.07706606388092041,-0.11901728808879852,-0.12209703773260117,0.1789519488811493,4,5.0,0.9869799017906189
3,2,0.07797004282474518,-0.11410568654537201,0.2536141872406006,0.7368722558021545,0,-5.0,0.9878225922584534
3,3,0.07823331654071808,-0.11035121232271194,-0.1439773142337799,0.11003417521715164,4,5.0,0.9887442588806152
3,4,0.07893329113721848,-0.10609317570924759,0.2341747283935547,0.673547089099884,1,-2.5,0.9897336959838867
3,5,0.08007290959358215,-0.10132255405187607,0.02470582164824009,0.3361334502696991,2,0.0,0.9903659224510193
3,6,0.08026948571205139,-0.09815331548452377,0.01765393279492855,0.31006723642349243,3,2.5,0.9912385940551758
3,7,0.08146243542432785,-0.09360235184431076,0.1981053501367569,0.5725096464157104,1,-2.5,0.9919355511665344
3,8,0.08225958049297333,-0.0898023396730423,-0.008354630321264267,0.24118860065937042,3,2.5,0.992620050907135
3,9,0.08320750296115875,-0.08590640127658844,0.1745963990688324,0.5089285969734192,2,0.0,0.9934260249137878
3,10,0.08484552800655365,-0.0810801088809967,0.1571642905473709,0.4692481458187103,2,0.0,0.9941276907920837
3,11,0.08631838858127594,-0.07663115859031677,0.14126178622245789,0.43262946605682373,2,0.0,0.9947393536567688
3,12,0.08764064311981201,-0.07253050804138184,0.126760333776474,0.39882171154022217,2,0.0,0.995273232460022
3,13,0.08882556855678558,-0.0687514990568161,0.1135413870215416,0.36759284138679504,2,0.0,0.9957398772239685
3,14,0.08988536149263382,-0.06526972353458405,0.10149571299552917,0.33872878551483154,2,0.0,0.9961482286453247
3,15,0.09083114564418793,-0.06206275150179863,0.09052277356386185,0.312032014131546,3,2.5,0.9966974854469299
3,16,0.09273914247751236,-0.057467810809612274,0.2679256796836853,0.5760210752487183,1,-2.5,0.997124195098877
3,17,0.09421533346176147,-0.05362623184919357,0.057479023933410645,0.24315765500068665,3,2.5,0.9975317120552063
3,18,0.09581077098846436,-0.04968221113085747,0.2378728687763214,0.5131446719169617,0,-5.0,0.9976881146430969
3,19,0.09593488276004791,-0.048082415014505386,-0.15754997730255127,-0.10384824126958847,3,2.5,0.9977478384971619
3,20,0.09547408670186996,-0.04745706915855408,0.03926270455121994,0.19227290153503418,3,2.5,0.9980641603469849
3,21,0.09689788520336151,-0.04399823024868965,0.2213938683271408,0.46594321727752686,0,-5.0,0.9981637597084045
3,22,0.09686578810214996,-0.04285171627998352,-0.17261673510074615,-0.148180291056633,3,2.5,0.9981809854507446
3,23,0.09626313298940659,-0.042649801820516586,0.025647185742855072,0.15103019773960114,3,2.5,0.998432993888855
3,24,0.09755872935056686,-0.039585381746292114,0.20908579230308533,0.4274929165840149,1,-2.5,0.9986189007759094
3,25,0.09847737103700638,-0.0371629036962986,0.0037567727267742157,0.10492081195116043,3,2.5,0.9988073110580444
3,26,0.09956581145524979,-0.034534916281700134,0.18916112184524536,0.3852946162223816,1,-2.5,0.9989429116249084
3,27,0.10029546171426773,-0.03251325711607933,-0.014456313103437424,0.06605995446443558,3,2.5,0.9990847706794739
3,28,0.10121157765388489,-0.03025324083864689,0.17258578538894653,0.349699467420578,1,-2.5,0.9991837739944458
3,29,0.10178405046463013,-0.028569700196385384,-0.02959844470024109,0.033273495733737946,3,2.5,0.9992913603782654
3,30,0.10255692154169083,-0.02662029303610325,0.15880748629570007,0.31963998079299927,1,-2.5,0.9993638396263123
3,31,0.10299880057573318,-0.025222335010766983,-0.042178064584732056,0.005575299263000488,3,2.5,0.9994460940361023
3,32,0.1036527007818222,-0.0235354732722044,0.14736327528953552,0.29421916604042053,3,2.5,0.9996358156204224
3,33,0.10612194985151291,-0.019083477556705475,0.32280784845352173,0.56145179271698,0,-5.0,0.9997106194496155
3,34,0.1070687398314476,-0.01701061613857746,-0.07783788442611694,-0.059587545692920685,3,2.5,0.9997460246086121
3,35,0.10738474875688553,-0.015936940908432007,0.11484190821647644,0.23517660796642303,3,2.5,0.9998550415039062
3,36,0.10954583436250687,-0.012040243484079838,0.2931447923183441,0.5079948902130127,0,-5.0,0.9998903870582581
3,37,0.11021117120981216,-0.010470949113368988,-0.10495761781930923,-0.10812872648239136,3,2.5,0.9999029040336609
3,38,0.11027030646800995,-0.009853055700659752,0.09011740982532501,0.191336989402771,3,2.5,0.9999594688415527
3,39,0.11219722032546997,-0.006367596797645092,0.27060508728027344,0.468457967042923,0,-5.0,0.9999732971191406
3,40,0.11264891177415848,-0.005169301759451628,-0.1255330890417099,-0.14381377398967743,3,2.5,0.9999761581420898
3,41,0.11251325905323029,-0.004885266534984112,0.07137209177017212,0.1592833399772644,3,2.5,0.9999971389770508
3,42,0.11426274478435516,-0.0016991894226521254,0.25353148579597473,0.43973830342292786,0,-5.0,0.9999994039535522
3,43,0.114552803337574,-0.0007688159239478409,-0.14108966290950775,-0.16950148344039917,3,2.5,0.999999463558197
3,44,0.11427001655101776,-0.0007236498058773577,0.05721621960401535,0.1364218145608902,3,2.5,0.9999949336051941
3,45,0.1158856675028801,0.002250461606308818,0.24065706133842468,0.41948190331459045,1,-2.5,0.9999784231185913
3,46,0.11712225526571274,0.00464237853884697,0.03497267886996269,0.10245611518621445,3,2.5,0.9999467134475708
3,47,0.1185271218419075,0.007300844881683588,0.22036048769950867,0.3893220126628876,1,-2.5,0.999911367893219
3,48,0.11957146972417831,0.009413463063538074,0.016468405723571777,0.0758286863565445,3,2.5,0.9998601675033569
3,49,0.12080107629299164,0.011826090514659882,0.20348748564720154,0.36591821908950806,1,-2.5,0.9998116493225098
3,50,0.12168577313423157,0.013723873533308506,0.0011080186814069748,0.05545344948768616,3,2.5,0.9997456073760986
3,51,0.12277000397443771,0.015950249508023262,0.18949531018733978,0.3482876718044281,1,-2.5,0.999687135219574
3,52,0.12352246046066284,0.017688384279608727,-0.011605484411120415,0.040434930473566055,3,2.5,0.9996087551116943
3,53,0.1244865134358406,0.019779687747359276,0.17793084681034088,0.3356207013130188,1,-2.5,0.9995418190956116
3,54,0.12512987852096558,0.021405739709734917,-0.02208634279668331,0.030038636177778244,3,2.5,0.9994521737098694
3,55,0.12599502503871918,0.0234062522649765,0.16841644048690796,0.32725462317466736,1,-2.5,0.9993769526481628
3,56,0.1265488564968109,0.0249615591019392,-0.03067949414253235,0.023665834218263626,3,2.5,0.9992758631706238
3,57,0.12733303010463715,0.026909952983260155,0.16063757240772247,0.3226505219936371,1,-2.5,0.9991917014122009
3,58,0.12781395018100739,0.028430810198187828,-0.037671662867069244,0.020832356065511703,3,2.5,0.9990782141685486
3,59,0.1285324990749359,0.03036123514175415,0.15433289110660553,0.3213746249675751,1,-2.5,0.9989836812019348
3,60,0.12895455956459045,0.03187990561127663,-0.04330082982778549,0.021151579916477203,3,2.5,0.9988560080528259
3,61,0.12962046265602112,0.033822912722826004,0.14928536117076874,0.3230820894241333,1,-2.5,0.9987490773200989
3,62,0.12999571859836578,0.035368457436561584,-0.04776401072740555,0.024319272488355637,3,2.5,0.9986048340797424
3,63,0.13062016665935516,0.037351783365011215,0.1453155130147934,0.3275042474269867,1,-2.5,0.9984828233718872
3,64,0.13095898926258087,0.03895079717040062,-0.051224011927843094,0.030101828277111053,3,2.5,0.9983189702033997
3,65,0.131551593542099,0.04100004956126213,0.14227499067783356,0.33443698287010193,1,-2.5,0.9981786608695984
3,66,0.13186293840408325,0.042677320539951324,-0.05381462723016739,0.03832629323005676,3,2.5,0.9979915022850037
3,67,0.13243205845355988,0.0448165126144886,0.14004191756248474,0.3437325954437256,1,-2.5,0.9978288412094116
3,68,0.13272376358509064,0.04659547284245491,-0.05564543604850769,0.048872385174036026,3,2.5,0.9976139068603516
3,69,0.13327670097351074,0.04884757846593857,0.13851656019687653,0.3552919030189514,1,-2.5,0.9974243640899658
3,70,0.13355562090873718,0.05075088143348694,-0.05680546537041664,0.06166556105017662,3,2.5,0.9971763491630554
3,71,0.1340988725423813,0.053138237446546555,0.13761788606643677,0.36905792355537415,1,-2.5,0.9969542622566223
3,72,0.13437116146087646,0.05518807843327522,-0.057366468012332916,0.0766715481877327,3,2.5,0.9966669082641602
3,73,0.13491052389144897,0.05773278698325157,0.13728052377700806,0.3850114941596985,1,-2.5,0.996405839920044
3,74,0.135181725025177,0.05995132774114609,-0.05738545209169388,0.09389245510101318,3,2.5,0.9960717558860779
3,75,0.13572245836257935,0.0626756101846695,0.13745254278182983,0.4031672477722168,0,-5.0,0.9959749579429626
3,76,0.1349317729473114,0.06344343721866608,-0.24426104128360748,-0.1752403974533081,1,-2.5,0.9963614344596863
3,77,0.1315527856349945,0.060320496559143066,-0.4100194573402405,-0.4210212230682373,3,2.5,0.9966212511062622
3,78,0.12871739268302917,0.05812707915902138,-0.18877780437469482,-0.0711178407073021,3,2.5,0.9964853525161743
3,79,0.12799964845180511,0.05928467586636543,0.01583518274128437,0.2529429495334625,3,2.5,0.9959613680839539
3,80,0.12924107909202576,0.06355032324790955,0.20515041053295135,0.5536513328552246,1,-2.5,0.9954543113708496
3,81,0.13016459345817566,0.06742201000452042,0.005766009911894798,0.25629985332489014,0,-5.0,0.9955353736877441
3,82,0.12811581790447235,0.06681793928146362,-0.3657171130180359,-0.3055020272731781,4,5.0,0.9954569935798645
3,83,0.12677232921123505,0.06740159541368484,0.039774466305971146,0.3290160000324249,0,-5.0,0.9954434633255005
3,84,0.12504911422729492,0.06750237196683884,-0.3342520296573639,-0.23668208718299866,4,5.0,0.9952728152275085
3,85,0.12400705367326736,0.06875452399253845,0.06890188902616501,0.3943202495574951,0,-5.0,0.9951708316802979
3,86,0.1225634291768074,0.06949226558208466,-0.30719542503356934,-0.17428654432296753,1,-2.5,0.9955868124961853
3,87,0.11858472973108292,0.0664319321513176,-0.4678533971309662,-0.41119736433029175,4,5.0,0.9956406950950623
3,88,0.11626321077346802,0.06602499634027481,-0.05472860485315323,0.23501932621002197,0,-5.0,0.9957431554794312
3,89,0.11363449692726135,0.06524472683668137,-0.42179134488105774,-0.3202463388442993,4,5.0,0.9956814050674438
3,90,0.11175378412008286,0.06571575254201889,-0.012135524302721024,0.3205103278160095,0,-5.0,0.9956753849983215
3,91,0.1095326691865921,0.06576184928417206,-0.3824062645435333,-0.2397259622812271,4,5.0,0.9955092668533325
3,92,0.10802917927503586,0.06701301038265228,0.02431567758321762,0.39658015966415405,0,-5.0,0.9954032897949219
3,93,0.10615772008895874,0.06779875606298447,-0.3485798239707947,-0.16742739081382751,1,-2.5,0.9957969188690186
3,94,0.10178203135728836,0.06483089923858643,-0.5062433481216431,-0.4000092148780823,0,-5.0,0.9966368675231934
3,95,0.09482932090759277,0.057992465794086456,-0.8397139310836792,-0.9039626121520996,3,2.5,0.9973737597465515
3,96,0.08787857741117477,0.05124671384692192,-0.5864729285240173,-0.5051470994949341,4,5.0,0.9975041747093201
3,97,0.08441763371229172,0.04995834454894066,-0.16485567390918732,0.15241429209709167,3,2.5,0.9971566796302795
3,98,0.08392620086669922,0.05332304164767265,0.03763750195503235,0.472156822681427,0,-5.0,0.9969940781593323
3,99,0.0821748897433281,0.05482626333832741,-0.3373015224933624,-0.09752380102872849,3,2.5,0.9968850016593933
3,100,0.08003418892621994,0.05581233277916908,-0.12168440967798233,0.24305041134357452,3,2.5,0.9963923096656799
3,101,0.07995794713497162,0.060064081102609634,0.07780292630195618,0.5589661598205566,0,-5.0,0.9961032867431641
3,102,0.07859466224908829,0.06242341175675392,-0.29964059591293335,-0.01330142468214035,3,2.5,0.9958733916282654
3,103,0.07681695371866226,0.06423857063055038,-0.08655091375112534,0.3243958055973053,0,-5.0,0.9958565831184387
3,104,0.07388259470462799,0.06436914205551147,-0.4513603150844574,-0.2277054339647293,4,5.0,0.9956724643707275
3,105,0.07171864062547684,0.0657840371131897,-0.03950344771146774,0.41635769605636597,0,-5.0,0.9955368638038635
3,106,0.06923551112413406,0.06680675595998764,-0.4077134132385254,-0.1406598687171936,1,-2.5,0.9958856105804443
3,107,0.0642932578921318,0.06414354592561722,-0.5610031485557556,-0.36666402220726013,0,-5.0,0.9966738224029541
3,108,0.05681600794196129,0.05767320469021797,-0.8904080986976624,-0.8644700050354004,3,2.5,0.9973626136779785
3,109,0.04937995225191116,0.051355425268411636,-0.6333631873130798,-0.45982617139816284,4,5.0,0.9974445700645447
3,110,0.04547019675374031,0.05055135488510132,-0.2082197070121765,0.2031908929347992,3,2.5,0.9970348477363586
3,111,0.04456380009651184,0.05445327237248421,-0.002452157437801361,0.5280711054801941,0,-5.0,0.9968027472496033
3,112,0.04242923855781555,0.05654439330101013,-0.3743010461330414,-0.036622583866119385,3,2.5,0.9966166615486145
3,113,0.03993489220738411,0.058166489005088806,-0.15584006905555725,0.30857378244400024,3,2.5,0.9960184693336487
3,114,0.0395323745906353,0.06309948861598969,0.046293653547763824,0.6288937330245972,1,-2.5,0.9953994750976562
3,115,0.038934726268053055,0.06782694160938263,-0.14122514426708221,0.3497634828090668,0,-5.0,0.9953412413597107
3,116,0.03547888621687889,0.06825494021177292,-0.5016565322875977,-0.1949111372232437,0,-5.0,0.9959712624549866
3,117,0.028572283685207367,0.06347260624170303,-0.8351455926895142,-0.6981943845748901,3,2.5,0.9965437054634094
3,118,0.021667376160621643,0.05879040062427521,-0.5819916129112244,-0.2987726628780365,3,2.5,0.9966440796852112
3,119,0.0171852745115757,0.05793047323822975,-0.34789595007896423,0.07075954973697662,3,2.5,0.9963262677192688
3,120,0.014944156631827354,0.06061121076345444,-0.13136014342308044,0.4131929278373718,1,-2.5,0.9959939122200012
3,121,0.012644810602068901,0.06329366564750671,-0.30570659041404724,0.15387289226055145,0,-5.0,0.9961732625961304
3,122,0.007611817214637995,0.06186070665717125,-0.6541822552680969,-0.37330013513565063,4,5.0,0.9961622357368469
3,123,0.003505433676764369,0.06194945424795151,-0.22719454765319824,0.2937726378440857,3,2.5,0.9955394864082336
3,124,0.0024210098199546337,0.06678704917430878,-0.019567379727959633,0.623051643371582,1,-2.5,0.9948868155479431
3,125,0.0011945463484153152,0.07150652259588242,-0.2019139677286148,0.3525124788284302,0,-5.0,0.9948145747184753
3,126,-0.0028402949683368206,0.07200992852449417,-0.5575085282325745,-0.18401551246643066,1,-2.5,0.9952360391616821
3,127,-0.009214302524924278,0.06902138888835907,-0.6992581486701965,-0.39139440655708313,0,-5.0,0.9961056113243103
3,128,-0.018012648448348045,0.0624048076570034,-1.0179495811462402,-0.8718107342720032,3,2.5,0.9968523383140564
3,129,-0.026668386533856392,0.05610420182347298,-0.7511856555938721,-0.4515891969203949,4,5.0,0.9969235062599182
3,130,-0.031704891473054886,0.05546627193689346,-0.31707674264907837,0.2257978618144989,3,2.5,0.9964390993118286
3,131,-0.033651821315288544,0.05967339873313904,-0.102953240275383,0.5642184019088745,1,-2.5,0.9959237575531006
3,132,-0.03567980229854584,0.06384553760290146,-0.27949774265289307,0.30139726400375366,0,-5.0,0.9959203600883484
3,133,-0.04046157747507095,0.06387195736169815,-0.6298798322677612,-0.22856232523918152,0,-5.0,0.996539294719696
3,134,-0.04859812185168266,0.05882781744003296,-0.9540978670120239,-0.7183838486671448,2,0.0,0.9972571730613708
3,135,-0.05770951509475708,0.052372053265571594,-0.8796358704566956,-0.5949108600616455,4,5.0,0.9974618554115295
3,136,-0.06397682428359985,0.05038011446595192,-0.4360146224498749,0.096685990691185,3,2.5,0.9971520304679871
3,137,-0.06706400960683823,0.05336650833487511,-0.21316739916801453,0.4478493928909302,0,-5.0,0.9969978928565979
3,138,-0.07121634483337402,0.0547916553914547,-0.5692967176437378,-0.09284017980098724,1,-2.5,0.9972237348556519
3,139,-0.07771094143390656,0.05268993228673935,-0.7112074494361877,-0.30328133702278137,3,2.5,0.9973104596138
3,140,-0.08343202620744705,0.05186067894101143,-0.4676540791988373,0.08002708852291107,3,2.5,0.9970075488090515
3,141,-0.08682160824537277,0.05470356345176697,-0.24237532913684845,0.4351327121257782,1,-2.5,0.9966745376586914
3,142,-0.09018648415803909,0.05766698718070984,-0.4087700843811035,0.18708711862564087,3,2.5,0.9962115287780762
3,143,-0.09301050752401352,0.06155061349272728,-0.18768563866615295,0.5365167260169983,0,-5.0,0.9959214925765991
3,144,-0.09691467881202698,0.06386304646730423,-0.5451173782348633,-0.004651717841625214,0,-5.0,0.9962786436080933
3,145,-0.10423948615789413,0.06100297346711159,-0.8756338357925415,-0.5041059255599976,4,5.0,0.9964086413383484
3,146,-0.11046631634235382,0.05992776155471802,-0.4320838153362274,0.18836897611618042,3,2.5,0.9959240555763245
3,147,-0.11351282894611359,0.06384292244911194,-0.20916706323623657,0.5409175157546997,1,-2.5,0.9953950643539429
3,148,-0.11655572056770325,0.06785988807678223,-0.3774867355823517,0.29145967960357666,0,-5.0,0.9953950643539429
3,149,-0.12227345257997513,0.0678599402308464,-0.720219075679779,-0.22597289085388184,0,-5.0,0.9960423707962036
3,150,-0.13127277791500092,0.06290951371192932,-1.0373700857162476,-0.7041777968406677,3,2.5,0.9966011643409729
3,151,-0.14011390507221222,0.0582994669675827,-0.7690790891647339,-0.2815096080303192,3,2.5,0.9966667294502258
3,152,-0.1463872194290161,0.057734414935112,-0.5209738612174988,0.10954876244068146,2,0.0,0.9964866042137146
3,153,-0.15135157108306885,0.05927366018295288,-0.47888249158859253,0.1831706315279007,3,2.5,0.9960100054740906
3,154,-0.15484629571437836,0.06316661089658737,-0.252482146024704,0.541000247001648,1,-2.5,0.9954826235771179
3,155,-0.15830418467521667,0.06721154600381851,-0.4175987243652344,0.2963624894618988,0,-5.0,0.9954726696014404
3,156,-0.16440628468990326,0.06728555262088776,-0.7573755979537964,-0.2166379690170288,0,-5.0,0.9960997700691223
3,157,-0.17376165091991425,0.062451671808958054,-1.0717823505401611,-0.6907190680503845,2,0.0,0.9968240261077881
3,158,-0.18399834632873535,0.05635596811771393,-0.9883225560188293,-0.5528548359870911,4,5.0,0.9969902634620667
3,159,-0.19130513072013855,0.05486132577061653,-0.5364416241645813,0.15193316340446472,2,0.0,0.9967703819274902
3,160,-0.1964186578989029,0.05682970955967903,-0.4933320879936218,0.22671008110046387,3,2.5,0.9962589740753174
3,161,-0.20005252957344055,0.06116385757923126,-0.2659432291984558,0.5857517719268799,1,-2.5,0.9956886172294617
3,162,-0.20364025235176086,0.0656612440943718,-0.43018123507499695,0.3421451151371002,0,-5.0,0.9956178069114685
3,163,-0.20986369252204895,0.06619803607463837,-0.7691310048103333,-0.16985519230365753,1,-2.5,0.9959704279899597
3,164,-0.2182663530111313,0.06347887963056564,-0.8953824043273926,-0.35432517528533936,0,-5.0,0.9967109560966492
3,165,-0.22894513607025146,0.05735020339488983,-1.19976806640625,-0.8137056231498718,3,2.5,0.9973226189613342
3,166,-0.2393427938222885,0.05174317583441734,-0.9195203185081482,-0.3733373284339905,4,5.0,0.9972967505455017
3,167,-0.24599185585975647,0.05199287831783295,-0.4728952944278717,0.3228509724140167,1,-2.5,0.9970861673355103
3,168,-0.25156477093696594,0.05397987365722656,-0.6221694350242615,0.10071602463722229,2,0.0,0.9969207644462585
3,169,-0.2574993073940277,0.05549090728163719,-0.5726767182350159,0.18518881499767303,2,0.0,0.9966572523117065
3,170,-0.26295948028564453,0.057816751301288605,-0.5268191695213318,0.26430124044418335,0,-5.0,0.9966797232627869
3,171,-0.27011221647262573,0.05762182176113129,-0.8591165542602539,-0.2389136254787445,3,2.5,0.9966890215873718
3,172,-0.27724766731262207,0.057540979236364365,-0.6042810678482056,0.16243571043014526,2,0.0,0.9964402914047241
3,173,-0.28300967812538147,0.05966353788971901,-0.555953323841095,0.24565088748931885,0,-5.0,0.9964829087257385
3,174,-0.2904403805732727,0.05930511653423309,-0.8859328627586365,-0.2536637485027313,3,2.5,0.9965075850486755
3,175,-0.29783207178115845,0.059096843004226685,-0.6290281414985657,0.15108722448349,2,0.0,0.9962637424468994
3,176,-0.3038303554058075,0.06112481281161308,-0.5787690877914429,0.23750372231006622,0,-5.0,0.9963151216506958
3,177,-0.3114786446094513,0.06070299074053764,-0.9069314002990723,-0.25874775648117065,3,2.5,0.9963446259498596
3,178,-0.3190709352493286,0.06045971065759659,-0.6484037041664124,0.1486809253692627,2,0.0,0.9960964322090149
3,179,-0.3252541720867157,0.062478646636009216,-0.5966258645057678,0.2376362681388855,0,-5.0,0.9961469769477844
3,180,-0.3330727219581604,0.0620727464556694,-0.9233495593070984,-0.25615182518959045,3,2.5,0.996172308921814
3,181,-0.3408218026161194,0.06186820939183235,-0.663543164730072,0.1534208506345749,2,0.0,0.9959107637405396
3,182,-0.34714946150779724,0.06394687294960022,-0.6105623245239258,0.24443651735782623,1,-2.5,0.9957407712936401
3,183,-0.3540348708629608,0.06526289135217667,-0.7487867474555969,0.041268132627010345,0,-5.0,0.9960311651229858
3,184,-0.36330875754356384,0.06299884617328644,-1.0639266967773438,-0.43423038721084595,0,-5.0,0.9968437552452087
3,185,-0.37560153007507324,0.05618049576878548,-1.3557403087615967,-0.8743541836738586,3,2.5,0.9974932074546814
3,186,-0.3874928951263428,0.05006756633520126,-1.0638551712036133,-0.41621071100234985,4,5.0,0.9975019097328186
3,187,-0.39552417397499084,0.049981165677309036,-0.6064549088478088,0.2963859736919403,0,-5.0,0.9974856376647949
3,188,-0.40344327688217163,0.050143204629421234,-0.9333387613296509,-0.1998763233423233,3,2.5,0.9974507093429565
3,189,-0.41129162907600403,0.05049042031168938,-0.673212468624115,0.20866349339485168,0,-5.0,0.9975179433822632
3,190,-0.41984957456588745,0.04982009157538414,-0.9950613379478455,-0.2797737121582031,3,2.5,0.9975588321685791
3,191,-0.428288996219635,0.049408309161663055,-0.7303255796432495,0.13581401109695435,2,0.0,0.99736487865448
3,192,-0.43526074290275574,0.051333699375391006,-0.6729460954666138,0.23177972435951233,0,-5.0,0.9974095821380615
3,193,-0.443815678358078,0.050896115601062775,-0.9947534203529358,-0.2564377188682556,3,2.5,0.9974275827407837
3,194,-0.45225176215171814,0.050719160586595535,-0.7299975752830505,0.15932613611221313,2,0.0,0.997203528881073
3,195,-0.45921987295150757,0.05288170278072357,-0.6725777983665466,0.2555515468120575,0,-5.0,0.9972243309020996
3,196,-0.467770516872406,0.052684806287288666,-0.994301438331604,-0.23225536942481995,3,2.5,0.9972172379493713
3,197,-0.47620171308517456,0.052752092480659485,-0.7295103073120117,0.18380042910575867,2,0.0,0.9969571232795715
3,198,-0.48316439986228943,0.05516251176595688,-0.6720275282859802,0.28042665123939514,0,-5.0,0.9969509243965149
3,199,-0.4917086660861969,0.05521874874830246,-0.9936283230781555,-0.20677685737609863,3,2.5,0.9969148635864258
3,200,-0.5001325607299805,0.055544182658195496,-0.7287921905517578,0.20968051254749298,0,-5.0,0.9969825744628906
3,201,-0.5092200636863708,0.05493099242448807,-1.0461156368255615,-0.27088460326194763,3,2.5,0.9970134496688843
3,202,-0.5181465744972229,0.054649319499731064,-0.7773603796958923,0.1515636146068573,2,0.0,0.9967769384384155
3,203,-0.5255666375160217,0.05677201598882675,-0.7161974906921387,0.2541317641735077,0,-5.0,0.996796727180481
3,204,-0.5345327854156494,0.05659766122698784,-1.034373164176941,-0.22751359641551971,3,2.5,0.9967800378799438
3,205,-0.5433464050292969,0.056744515895843506,-0.7664340734481812,0.193898543715477,0,-5.0,0.9968639016151428
3,206,-0.5527936220169067,0.056000716984272,-1.0808508396148682,-0.28197792172431946,3,2.5,0.9969050288200378
3,207,-0.5620523691177368,0.05563250184059143,-0.8094539642333984,0.1446765661239624,2,0.0,0.9966696500778198
3,208,-0.5697792172431946,0.05770907923579216,-0.745837390422821,0.25116807222366333,0,-5.0,0.9966906905174255
3,209,-0.5790287256240845,0.05752651020884514,-1.0617237091064453,-0.22678235173225403,3,2.5,0.9966707229614258
3,210,-0.5881038308143616,0.057700008153915405,-0.791701078414917,0.19795925915241241,0,-5.0,0.996749222278595
3,211,-0.5977925062179565,0.05701541155576706,-1.1041547060012817,-0.2747197449207306,3,2.5,0.9967809319496155
3,212,-0.607274055480957,0.05673659220337868,-0.8309736847877502,0.1548149734735489,2,0.0,0.9965271949768066
3,213,-0.6152065992355347,0.05893056094646454,-0.7656904458999634,0.26403772830963135,0,-5.0,0.9965317249298096
3,214,-0.6246455907821655,0.05889229476451874,-1.079999327659607,-0.21125859022140503,3,2.5,0.9964911937713623
3,215,-0.6338953375816345,0.05923506245017052,-0.8085573315620422,0.21584628522396088,0,-5.0,0.9965491890907288
3,216,-0.6437445878982544,0.05874363332986832,-1.119634985923767,-0.25443148612976074,3,2.5,0.9965565800666809
3,217,-0.6533737778663635,0.058680422604084015,-0.8452306985855103,0.17721080780029297,2,0.0,0.9962654709815979
3,218,-0.6614420413970947,0.06111098453402519,-0.7787855267524719,0.2885112166404724,0,-5.0,0.9962385892868042
3,219,-0.6710051894187927,0.0613306388258934,-1.0919528007507324,-0.18462511897087097,2,0.0,0.9963628053665161
3,220,-0.6814345717430115,0.06030893698334694,-1.006911039352417,-0.04437209293246269,3,2.5,0.996121883392334
3,221,-0.689984142780304,0.062274809926748276,-0.7408900260925293,0.3745896816253662,1,-2.5,0.9957782626152039
3,222,-0.6981181502342224,0.06497476994991302,-0.8694509863853455,0.18606755137443542,2,0.0,0.9954410195350647
3,223,-0.7064159512519836,0.06752030551433563,-0.8008922338485718,0.3015362322330475,0,-5.0,0.9953898191452026
3,224,-0.7161874771118164,0.06789828091859818,-1.1119287014007568,-0.16714590787887573,1,-2.5,0.9957183599472046
3,225,-0.7278712391853333,0.06543446332216263,-1.2123914957046509,-0.31162229180336,1,-2.5,0.996207058429718
3,226,-0.7405180335044861,0.06158682703971863,-1.3055042028427124,-0.44521278142929077,2,0.0,0.9966244697570801
3,227,-0.7529920935630798,0.05809926614165306,-1.2044917345046997,-0.28037604689598083,3,2.5,0.9966555237770081
3,228,-0.7634338736534119,0.05783139541745186,-0.9237511157989502,0.16094371676445007,2,0.0,0.9963820576667786
3,229,-0.7722541689872742,0.06014946475625038,-0.851460337638855,0.2811245620250702,0,-5.0,0.9963589906692505
3,230,-0.7825136184692383,0.06034098193049431,-1.1592504978179932,-0.18390336632728577,2,0.0,0.996475338935852
3,231,-0.7935876846313477,0.059369076043367386,-1.069210171699524,-0.036090508103370667,3,2.5,0.996222972869873
3,232,-0.8027338981628418,0.061457328498363495,-0.7985520362854004,0.38989830017089844,1,-2.5,0.9958595037460327
3,233,-0.8114203214645386,0.06434669345617294,-0.9228415489196777,0.20782676339149475,0,-5.0,0.995921790599823
3,234,-0.8223609924316406,0.06386084109544754,-1.2249828577041626,-0.24776403605937958,1,-2.5,0.9963207244873047
3,235,-0.835128903388977,0.06065734475851059,-1.317227840423584,-0.38025403022766113,4,5.0,0.9962655305862427
3,236,-0.8455832600593567,0.06111060082912445,-0.8405709266662598,0.36320585012435913,1,-2.5,0.9959346652030945
3,237,-0.8546721339225769,0.06375999748706818,-0.9617311358451843,0.18589140474796295,2,0.0,0.9955960512161255
3,238,-0.8638538122177124,0.06636235862970352,-0.886314868927002,0.31174737215042114,0,-5.0,0.9955248832702637
3,239,-0.8744436502456665,0.06689608097076416,-1.1910368204116821,-0.1474190652370453,1,-2.5,0.9958165287971497
3,240,-0.8868852257728577,0.06467963755130768,-1.285627841949463,-0.2830086946487427,1,-2.5,0.9962588548660278
3,241,-0.9002335071563721,0.06116493046283722,-1.3732885122299194,-0.4083150625228882,4,5.0,0.9962331056594849
3,242,-0.9112244844436646,0.0613749623298645,-0.8924216628074646,0.3416808545589447,1,-2.5,0.9959239959716797
3,243,-0.9208095669746399,0.06384366005659103,-1.0096794366836548,0.1704152524471283,2,0.0,0.9956012964248657
3,244,-0.9304502606391907,0.06632287055253983,-0.9306661486625671,0.30182042717933655,0,-5.0,0.9955396056175232
3,245,-0.9414647817611694,0.06678635627031326,-1.232068657875061,-0.15224412083625793,1,-2.5,0.9958335161209106
3,246,-0.9542992115020752,0.06454838812351227,-1.3235923051834106,-0.28312891721725464,1,-2.5,0.9962720274925232
3,247,-0.9680110216140747,0.06105715408921242,-1.4084153175354004,-0.4040854871273041,4,5.0,0.9962383508682251
3,248,-0.9793384075164795,0.06133243069052696,-0.924917459487915,0.3499528765678406,1,-2.5,0.9959161281585693
3,249,-0.9892345666885376,0.06390512734651566,-1.0397424697875977,0.18243026733398438,2,0.0,0.9955745339393616
3,250,-0.999163031578064,0.06652434170246124,-0.958473801612854,0.3173205852508545,0,-5.0,0.9954892992973328
3,251,-1.0104436874389648,0.06716150790452957,-1.257777214050293,-0.13346955180168152,1,-2.5,0.9957582354545593
3,252,-1.0235241651535034,0.06512890011072159,-1.3473491668701172,-0.2612834870815277,1,-2.5,0.9961717128753662
3,253,-1.0374629497528076,0.061872854828834534,-1.4303534030914307,-0.37933996319770813,4,5.0,0.9961048364639282
3,254,-1.0490000247955322,0.06241102144122124,-0.945192813873291,0.37734904885292053,1,-2.5,0.9957394003868103
3,255,-1.0590897798538208,0.06527300924062729,-1.0584352016448975,0.21244679391384125,0,-5.0,0.9957848191261292
3,256,-1.071328043937683,0.06492433696985245,-1.3503473997116089,-0.22722002863883972,1,-2.5,0.9961546659469604
3,257,-1.085295557975769,0.06201062723994255,-1.4331309795379639,-0.3449607491493225,4,5.0,0.9960442781448364
3,258,-1.096859335899353,0.06289463490247726,-0.9477570056915283,0.41207587718963623,0,-5.0,0.995844304561615
3,259,-1.1080394983291626,0.06446471810340881,-1.2481259107589722,-0.040983717888593674,3,2.5,0.9955605864524841
3,260,-1.1188969612121582,0.0666288435459137,-0.9638891220092773,0.40655624866485596,0,-5.0,0.9953539371490479
3,261,-1.1302294731140137,0.06816216558218002,-1.2627767324447632,-0.043546319007873535,3,2.5,0.9950557351112366
3,262,-1.1412261724472046,0.07031545042991638,-0.977325975894928,0.406313419342041,0,-5.0,0.9948357343673706
3,263,-1.152685523033142,0.07186296582221985,-1.2749340534210205,-0.04114473983645439,3,2.5,0.994516134262085
3,264,-1.1637977361679077,0.0740533247590065,-0.9884610176086426,0.41073352098464966,0,-5.0,0.9942755103111267
3,265,-1.1753616333007812,0.07566031813621521,-1.2849546670913696,-0.0343184731900692,3,2.5,0.9939268231391907
3,266,-1.1865687370300293,0.07793064415454865,-0.9976215362548828,0.41933348774909973,0,-5.0,0.9936577677726746
3,267,-1.1982182264328003,0.07963799685239792,-1.2931346893310547,-0.02348526194691658,3,2.5,0.9932714700698853
3,268,-1.2095026969909668,0.08202732354402542,-1.0050803422927856,0.431741863489151,0,-5.0,0.9929654002189636
3,269,-1.2212214469909668,0.08387251943349838,-1.299719214439392,-0.008959278464317322,3,2.5,0.9925321340560913
3,270,-1.2325679063796997,0.08641695976257324,-1.0110617876052856,0.44768160581588745,0,-5.0,0.9921792149543762
3,271,-1.2443417310714722,0.08843507617712021,-1.3049100637435913,0.009033191949129105,3,2.5,0.9916882514953613
3,272,-1.2557367086410522,0.09116865694522858,-1.0157532691955566,0.4669572710990906,0,-5.0,0.9912777543067932
3,273,-1.2675526142120361,0.09339307248592377,-1.3088738918304443,0.03034338355064392,3,2.5,0.9907169342041016
3,274,-1.278984546661377,0.09634856134653091,-1.0193086862564087,0.48944392800331116,0,-5.0,0.9902362823486328
3,275,-1.2908316850662231,0.09881170839071274,-1.311746597290039,0.054888833314180374,3,2.5,0.989591658115387
3,276,-1.3022898435592651,0.10202113538980484,-1.0218544006347656,0.5150777697563171,0,-5.0,0.9890264272689819
3,277,-1.3141580820083618,0.10475503653287888,-1.31363844871521,0.08264631032943726,2,0.0,0.9886320233345032
3,278,-1.3266949653625488,0.1066206842660904,-1.2101190090179443,0.2573983669281006,0,-5.0,0.988569974899292
3,279,-1.3403629064559937,0.10691110044717789,-1.4874565601348877,-0.1520434468984604,1,-2.5,0.9889923930168152
3,280,-1.355625033378601,0.10491697490215302,-1.5575085878372192,-0.24343246221542358,0,-5.0,0.9899157285690308
3,281,-1.3726205825805664,0.10042047500610352,-1.8091602325439453,-0.6139501929283142,4,5.0,0.9902191758155823
3,282,-1.3877794742584229,0.09889816492795944,-1.295385479927063,0.19015663862228394,0,-5.0,0.9902870655059814
3,283,-1.402268409729004,0.09855440258979797,-1.566990613937378,-0.2120072990655899,0,-5.0,0.9910953044891357
3,284,-1.4193583726882935,0.09436454623937607,-1.818420171737671,-0.5833809971809387,4,5.0,0.9913232326507568
3,285,-1.4346064329147339,0.09314920008182526,-1.3039307594299316,0.22137592732906342,0,-5.0,0.9913304448127747
3,286,-1.4491803646087646,0.09311054646968842,-1.5753518342971802,-0.1815926879644394,4,5.0,0.990831196308136
3,287,-1.4621007442474365,0.09575396776199341,-1.0790021419525146,0.5952163934707642,0,-5.0,0.9901370406150818
3,288,-1.4745198488235474,0.09931231290102005,-1.3670417070388794,0.1673397421836853,2,0.0,0.9895855188369751
3,289,-1.4875696897506714,0.10205138474702835,-1.2597553730010986,0.3471628427505493,0,-5.0,0.9893370866775513
3,290,-1.5017156600952148,0.1032615453004837,-1.533760666847229,-0.05802356079220772,0,-5.0,0.9898794889450073
3,291,-1.5184847116470337,0.1006007120013237,-1.7872560024261475,-0.43162521719932556,2,0.0,0.9904693365097046
3,292,-1.5355582237243652,0.09762522578239441,-1.6485931873321533,-0.2035607099533081,0,-5.0,0.9912444353103638
3,293,-1.5534299612045288,0.09357113391160965,-1.8939930200576782,-0.5658433437347412,1,-2.5,0.9923125505447388
3,294,-1.5725911855697632,0.08767816424369812,-1.9345749616622925,-0.6142014861106873,1,-2.5,0.9933874607086182
3,295,-1.5921436548233032,0.08131735771894455,-1.9724633693695068,-0.659351110458374,1,-2.5,0.9944470524787903
3,296,-1.6120615005493164,0.07451828569173813,-2.007877826690674,-0.7016968727111816,1,-2.5,0.9954698085784912
3,297,-1.6323213577270508,0.06730668991804123,-2.041020631790161,-0.7416111826896667,1,-2.5,0.9964353442192078
3,298,-1.652901291847229,0.05970476195216179,-2.0720770359039307,-0.7794371247291565,0,-5.0,0.997491180896759
3,299,-1.674847960472107,0.05008842051029205,-2.2886693477630615,-1.1043400764465332,2,0.0,0.9983488321304321
3,300,-1.696739912033081,0.04063480719923973,-2.114631175994873,-0.8287051916122437,4,5.0,0.9986234903335571
3,301,-1.7148334980010986,0.03710132837295532,-1.5787228345870972,0.0037714317440986633,0,-5.0,0.9987784028053284
3,302,-1.7320665121078491,0.03495115414261818,-1.8335422277450562,-0.3836522102355957,0,-5.0,0.9991537928581238
3,303,-1.7517400979995728,0.029089581221342087,-2.0694360733032227,-0.7423427700996399,0,-5.0,0.99960857629776
3,304,-1.7736750841140747,0.01978447660803795,-2.288048028945923,-1.075415849685669,2,0.0,0.9998882412910461
3,305,-1.7955708503723145,0.01057122927159071,-2.115344524383545,-0.8061562180519104,0,-5.0,0.9999995827674866
3,306,-1.8179529905319214,0.0006246906123124063,-2.3315248489379883,-1.1384072303771973,2,0.0,0.9999149441719055
3,307,-1.840272068977356,-0.009222178719937801,-2.1564736366271973,-0.868401050567627,4,5.0,0.999825656414032
3,308,-1.8587830066680908,-0.013204267248511314,-1.61955988407135,-0.04134135693311691,0,-5.0,0.999748170375824
3,309,-1.876428246498108,-0.0158698707818985,-1.8741225004196167,-0.4362258315086365,0,-5.0,0.9995017647743225
3,310,-1.896511435508728,-0.0223213043063879,-2.109711170196533,-0.8023055195808411,0,-5.0,0.9989573955535889
3,311,-1.9188519716262817,-0.032288916409015656,-2.3278911113739014,-1.1425318717956543,2,0.0,0.9982159733772278
3,312,-1.941149115562439,-0.04223746061325073,-2.154827117919922,-0.8807390332221985,4,5.0,0.9978461265563965
3,313,-1.9596599340438843,-0.04640987887978554,-1.6202417612075806,-0.0630156397819519,0,-5.0,0.9975650310516357
3,314,-1.9773236513137817,-0.049345362931489944,-1.8762152194976807,-0.4647110402584076,0,-5.0,0.996849000453949
3,315,-1.9974381923675537,-0.05613376200199127,-2.1130735874176025,-0.8374063968658447,4,5.0,0.996408224105835
3,316,-2.015557050704956,-0.059931181371212006,-1.5827347040176392,-0.02889392524957657,0,-5.0,0.9960849285125732
3,317,-2.032865524291992,-0.06257031857967377,-1.8420231342315674,-0.4374490976333618,0,-5.0,0.9952212572097778
3,318,-2.052657127380371,-0.06912829726934433,-2.0819294452667236,-0.8165561556816101,0,-5.0,0.993707001209259
3,319,-2.074746608734131,-0.0793282687664032,-2.3039674758911133,-1.169048547744751,0,-5.0,0.991365909576416
3,320,-2.0989630222320557,-0.09291987121105194,-2.509498357772827,-1.4974817037582397,0,-5.0,0.9879710674285889
3,321,-2.125148057937622,-0.1096765473484993,-2.6997272968292236,-1.8041269779205322,0,-5.0,0.983257532119751
3,322,-2.153155565261841,-0.12939263880252838,-2.8757121562957764,-2.09098482131958,2,0.0,0.9779044985771179
3,323,-2.1807329654693604,-0.14864563941955566,-2.666799783706665,-1.7914774417877197,0,-5.0,0.9716745615005493
3,324,-2.208430528640747,-0.16830158233642578,-2.845757246017456,-2.0873029232025146,2,0.0,0.9647992253303528
3,325,-2.235738754272461,-0.18761862814426422,-2.64176607131958,-1.8030192852020264,0,-5.0,0.9569668173789978
3,326,-2.263200283050537,-0.2074444591999054,-2.8227081298828125,-2.105815887451172,0,-5.0,0.9470117688179016
3,327,-2.2923901081085205,-0.23019181191921234,-2.9894514083862305,-2.389047145843506,0,-5.0,0.9346307516098022
3,328,-2.3231709003448486,-0.25567424297332764,-3.1428158283233643,-2.6542816162109375,0,-5.0,0.9195030927658081
3,329,-2.355412244796753,-0.28371986746788025,-3.28352689743042,-2.9029288291931152,0,-5.0,0.9012972712516785
3,330,-2.388991117477417,-0.31416985392570496,-3.4122302532196045,-3.136263132095337,4,5.0,0.8837548494338989
3,331,-2.4197449684143066,-0.34094738960266113,-2.8189520835876465,-2.3149025440216064,0,-5.0,0.8661484122276306
3,332,-2.448883533477783,-0.36585724353790283,-2.9824347496032715,-2.6033406257629395,3,2.5,0.8484829068183899
3,333,-2.476590871810913,-0.38925206661224365,-2.607630491256714,-2.1191258430480957,0,-5.0,0.8299685120582581
3,334,-2.503700017929077,-0.4123486578464508,-2.785130023956299,-2.4299354553222656,2,0.0,-2.1898128986358643
4,1,-0.1609981805086136,0.13621234893798828,0.1087346076965332,-0.021152377128601074,0,-5.0,0.9823289513587952
4,2,-0.16201817989349365,0.13293242454528809,-0.2641775608062744,-0.5708805918693542,3,2.5,0.9832964539527893
4,3,-0.16343870759010315,0.12924212217330933,-0.05180541053414345,-0.22599820792675018,4,5.0,0.9829749464988708
4,4,-0.1617669016122818,0.13048012554645538,0.33085763454437256,0.3791751265525818,0,-5.0,0.9828271269798279
4,5,-0.16066360473632812,0.13104526698589325,-0.05910363048315048,-0.19777289032936096,4,5.0,0.9824247360229492
4,6,-0.15906153619289398,0.13257171213626862,0.32409733533859253,0.4083573818206787,0,-5.0,0.9821941256523132
4,7,-0.15802153944969177,0.13343855738639832,-0.06514135003089905,-0.16699282824993134,1,-2.5,0.9829896688461304
4,8,-0.15965083241462708,0.13042360544204712,-0.23944124579429626,-0.41354286670684814,4,5.0,0.9831238389015198
4,9,-0.15977610647678375,0.1299082487821579,0.1571653187274933,0.213047057390213,0,-5.0,0.9833788275718689
4,10,-0.1603364646434784,0.12892305850982666,-0.21994194388389587,-0.3444296717643738,4,5.0,0.9833369851112366
4,11,-0.16027499735355377,0.1290852129459381,0.1752294898033142,0.27985960245132446,0,-5.0,0.9834223389625549
4,12,-0.1606629490852356,0.1287543624639511,-0.20329870283603668,-0.2799493670463562,4,5.0,0.9832167029380798
4,13,-0.16044200956821442,0.12955054640769958,0.1906397044658661,0.34244346618652344,0,-5.0,0.9831423759460449
4,14,-0.16068212687969208,0.129836767911911,-0.18898360431194305,-0.2189100980758667,4,5.0,0.9827773571014404
4,15,-0.16032396256923676,0.1312350183725357,0.20388664305210114,0.4019288420677185,0,-5.0,0.9825463891029358
4,16,-0.16043613851070404,0.13211192190647125,-0.1765478104352951,-0.16025882959365845,1,-2.5,0.983298659324646
4,17,-0.16313301026821136,0.1292337030172348,-0.34265393018722534,-0.3945149779319763,4,5.0,0.983365535736084
4,18,-0.16424675285816193,0.12897464632987976,0.061643678694963455,0.2437629997730255,0,-5.0,0.9835246801376343
4,19,-0.16572251915931702,0.12835615873336792,-0.3084445595741272,-0.30316710472106934,4,5.0,0.983362078666687
4,20,-0.16650857031345367,0.12898795306682587,0.09332071244716644,0.3311765789985657,0,-5.0,0.9833014011383057
4,21,-0.16768105328083038,0.12922313809394836,-0.27911701798439026,-0.21931014955043793,4,5.0,0.9829239845275879
4,22,-0.16818611323833466,0.1306753009557724,0.12046384811401367,0.4117553234100342,0,-5.0,0.9826542735099792
4,23,-0.16909760236740112,0.13170303404331207,-0.2538210451602936,-0.1411445438861847,1,-2.5,0.983342170715332
4,24,-0.17253468930721283,0.12906520068645477,-0.41420015692710876,-0.36670586466789246,4,5.0,0.9833253026008606
4,25,-0.17433355748653412,0.129130557179451,-0.004572488367557526,0.2797197103500366,0,-5.0,0.983380913734436
4,26,-0.17644339799880981,0.1289149671792984,-0.3697124421596527,-0.2595861256122589,4,5.0,0.9830940961837769
4,27,-0.17781610786914825,0.130022794008255,0.03661245480179787,0.38177812099456787,0,-5.0,0.9828904867172241
4,28,-0.1795310229063034,0.13080339133739471,-0.33149856328964233,-0.1618330180644989,1,-2.5,0.9836142063140869
4,29,-0.18371251225471497,0.12800703942775726,-0.48616814613342285,-0.3788270652294159,4,5.0,0.9836167693138123
4,30,-0.18620067834854126,0.1279970109462738,-0.07117815315723419,0.27573350071907043,0,-5.0,0.9836717844009399
4,31,-0.1889491081237793,0.12778183817863464,-0.43147391080856323,-0.25641050934791565,4,5.0,0.9833691716194153
4,32,-0.1909133493900299,0.12896059453487396,-0.020545434206724167,0.391921728849411,0,-5.0,0.983132004737854
4,33,-0.19317635893821716,0.12987692654132843,-0.38450977206230164,-0.14557591080665588,1,-2.5,0.9838008880615234
4,34,-0.19786593317985535,0.12727564573287964,-0.5352944731712341,-0.3567862808704376,0,-5.0,0.9853512644767761
4,35,-0.20506037771701813,0.12103211134672165,-0.8613183498382568,-0.836868166923523,1,-2.5,0.9874997138977051
4,36,-0.21432286500930786,0.11180482059717178,-0.9775763750076294,-0.9969594478607178,4,5.0,0.9887815713882446
4,37,-0.2215198129415512,0.10591696947813034,-0.5260931849479675,-0.2876560688018799,0,-5.0,0.9899383783340454
4,38,-0.2286391258239746,0.10030779987573624,-0.8547037839889526,-0.7761332988739014,3,2.5,0.9909924864768982
4,39,-0.2357221096754074,0.09490808099508286,-0.599073588848114,-0.36851757764816284,0,-5.0,0.9921656250953674
4,40,-0.24354693293571472,0.08851196616888046,-0.9232107996940613,-0.8523621559143066,1,-2.5,0.9937419891357422
4,41,-0.25341662764549255,0.07910767197608948,-1.0368504524230957,-1.0139274597167969,4,5.0,0.9946624040603638
4,42,-0.2611846625804901,0.07305875420570374,-0.5810551643371582,-0.3007904887199402,0,-5.0,0.9954734444618225
4,43,-0.2688489854335785,0.06727974116802216,-0.9082632660865784,-0.7935407161712646,3,2.5,0.9961934685707092
4,44,-0.27645301818847656,0.06169707328081131,-0.6495348811149597,-0.3850706219673157,4,5.0,0.9961974620819092
4,45,-0.28051498532295227,0.06166483834385872,-0.2229006141424179,0.2814379930496216,3,2.5,0.9955942034721375
4,46,-0.28155839443206787,0.06637585908174515,-0.015604469925165176,0.6101674437522888,1,-2.5,0.9949642419815063
4,47,-0.2827470898628235,0.07096311450004578,-0.19827261567115784,0.33905941247940063,0,-5.0,0.9949122667312622
4,48,-0.28674739599227905,0.07132840156555176,-0.5541837811470032,-0.1980639398097992,0,-5.0,0.9955703616142273
4,49,-0.2941552400588989,0.06655565649271011,-0.8835035562515259,-0.6943554878234863,3,2.5,0.9961624145507812
4,50,-0.3015221953392029,0.0619480162858963,-0.6266214847564697,-0.2888018488883972,3,2.5,0.9962518811225891
4,51,-0.30643054842948914,0.061221830546855927,-0.38906317949295044,0.0864754170179367,3,2.5,0.9958922266960144
4,52,-0.3090647757053375,0.06409173458814621,-0.16931739449501038,0.4342883229255676,0,-5.0,0.9957260489463806
4,53,-0.3127916157245636,0.06537532061338425,-0.5279312133789062,-0.1082611158490181,1,-2.5,0.9960168600082397
4,54,-0.3188854157924652,0.06311234086751938,-0.6722958087921143,-0.32074785232543945,0,-5.0,0.9967313408851624
4,55,-0.32742857933044434,0.0571722611784935,-0.99341881275177,-0.8059689402580261,2,0.0,0.9975136518478394
4,56,-0.3369172513484955,0.04986336827278137,-0.9161152243614197,-0.6783761978149414,4,5.0,0.9977856278419495
4,57,-0.3435346186161041,0.04705719277262688,-0.46984177827835083,0.01700243353843689,3,2.5,0.9975730776786804
4,58,-0.34694674611091614,0.049263808876276016,-0.24459156394004822,0.37140828371047974,1,-2.5,0.9973393678665161
4,59,-0.3503352403640747,0.05158108100295067,-0.4111534059047699,0.12219130992889404,3,2.5,0.9969960451126099
4,60,-0.3531840443611145,0.05480803921818733,-0.19012339413166046,0.4707191288471222,0,-5.0,0.9968134164810181
4,61,-0.35711508989334106,0.0564497634768486,-0.5478748679161072,-0.07220194488763809,1,-2.5,0.9970250129699707
4,62,-0.363403856754303,0.05454352870583534,-0.6912876963615417,-0.28468185663223267,3,2.5,0.9970958828926086
4,63,-0.36893361806869507,0.053890008479356766,-0.4491550326347351,0.09668361395597458,3,2.5,0.9967634677886963
4,64,-0.3721454441547394,0.05689040571451187,-0.22518424689769745,0.4500458240509033,0,-5.0,0.9965949058532715
4,65,-0.37641099095344543,0.05835283547639847,-0.5801538228988647,-0.08821511268615723,1,-2.5,0.9968290328979492
4,66,-0.3830079138278961,0.056311264634132385,-0.7210331559181213,-0.2964835464954376,3,2.5,0.9969128370285034
4,67,-0.38882189989089966,0.05556190758943558,-0.4766051471233368,0.08864786475896835,3,2.5,0.9965774416923523
4,68,-0.3922959864139557,0.058502525091171265,-0.2505114674568176,0.44550082087516785,0,-5.0,0.9964072704315186
4,69,-0.3968031704425812,0.05993957072496414,-0.6034627556800842,-0.08935641497373581,1,-2.5,0.9966470003128052
4,70,-0.403622567653656,0.057904910296201706,-0.7424979209899902,-0.29452359676361084,3,2.5,0.9967291355133057
4,71,-0.4096415638923645,0.0571916438639164,-0.49640151858329773,0.09338603913784027,3,2.5,0.9963765144348145
4,72,-0.4133046269416809,0.06019512563943863,-0.2687617540359497,0.4528363049030304,0,-5.0,0.9961904883384705
4,73,-0.4179856479167938,0.06172112002968788,-0.6202185153961182,-0.07940477132797241,1,-2.5,0.9964239001274109
4,74,-0.42496463656425476,0.059800393879413605,-0.7578870058059692,-0.2821713984012604,3,2.5,0.9964925646781921
4,75,-0.43113040924072266,0.059223588556051254,-0.5105663537979126,0.10787121951580048,2,0.0,0.9963104724884033
4,76,-0.4359945058822632,0.06074175238609314,-0.46918147802352905,0.18062356114387512,3,2.5,0.9958261847496033
4,77,-0.4393959045410156,0.06460504978895187,-0.24345365166664124,0.5376071333885193,1,-2.5,0.9952923059463501
4,78,-0.4427666664123535,0.06861291080713272,-0.40915584564208984,0.2923077344894409,0,-5.0,0.9952880144119263
4,79,-0.44878721237182617,0.06864386796951294,-0.7494574785232544,-0.2212403416633606,0,-5.0,0.9959344267845154
4,80,-0.45806601643562317,0.0637616515159607,-1.0643577575683594,-0.6958334445953369,3,2.5,0.9964889883995056
4,81,-0.4671652019023895,0.05925402045249939,-0.7940134406089783,-0.2698938846588135,3,2.5,0.9965398907661438
4,82,-0.4736769497394562,0.05882294103503227,-0.5440029501914978,0.1242251843214035,2,0.0,0.9963366389274597
4,83,-0.47886136174201965,0.06052594259381294,-0.5001310706138611,0.2007541060447693,0,-5.0,0.9964378476142883
4,84,-0.48575714230537415,0.059683650732040405,-0.8342360258102417,-0.30477374792099,3,2.5,0.9965271353721619
4,85,-0.49265381693840027,0.058930762112140656,-0.5811989903450012,0.09405696392059326,2,0.0,0.9963570833206177
4,86,-0.49819427728652954,0.060356684029102325,-0.5345343351364136,0.17489789426326752,2,0.0,0.9960858821868896
4,87,-0.5032874345779419,0.06256281584501266,-0.49129626154899597,0.25068768858909607,1,-2.5,0.9959218502044678
4,88,-0.5090317130088806,0.06386036425828934,-0.6385438442230225,0.0333935022354126,3,2.5,0.995595395565033
4,89,-0.5140535235404968,0.06636718660593033,-0.4000050127506256,0.4104852080345154,1,-2.5,0.9952099919319153
4,90,-0.5189221501350403,0.06921008974313736,-0.5538573861122131,0.183694988489151,2,0.0,0.9948831796646118
4,91,-0.5241969227790833,0.07153186947107315,-0.5087393522262573,0.2636808753013611,0,-5.0,0.994909405708313
4,92,-0.5311692953109741,0.07134822010993958,-0.8413574695587158,-0.23749889433383942,1,-2.5,0.9953746795654297
4,93,-0.5402611494064331,0.0680096372961998,-0.9618988037109375,-0.4123495817184448,4,5.0,0.9953872561454773
4,94,-0.5473121404647827,0.0679173544049263,-0.5117266178131104,0.29108762741088867,0,-5.0,0.9953757524490356
4,95,-0.5543149709701538,0.06800191849470139,-0.8443976044654846,-0.2108404040336609,1,-2.5,0.9957846403121948
4,96,-0.5634375214576721,0.06492563337087631,-0.9649083018302917,-0.38618525862693787,4,5.0,0.9957628846168518
4,97,-0.570517897605896,0.06509334594011307,-0.5145683288574219,0.31718915700912476,0,-5.0,0.9957183003425598
4,98,-0.5775495767593384,0.06543473899364471,-0.8472393751144409,-0.18525418639183044,1,-2.5,0.9960798025131226
4,99,-0.5867003798484802,0.06261139363050461,-0.9676868915557861,-0.36091428995132446,4,5.0,0.9960271120071411
4,100,-0.5938078761100769,0.06303086131811142,-0.5171849131584167,0.3424654006958008,0,-5.0,0.9959521889686584
4,101,-0.6008656024932861,0.06362233310937881,-0.8498135209083557,-0.16028434038162231,1,-2.5,0.9962732791900635
4,102,-0.6100417971611023,0.0610470324754715,-0.970172643661499,-0.3360966742038727,4,5.0,0.9961913228034973
4,103,-0.6171734929084778,0.06171443313360214,-0.5195165872573853,0.36735427379608154,1,-2.5,0.9958789348602295
4,104,-0.623188316822052,0.06419558823108673,-0.6647017002105713,0.15312917530536652,2,0.0,0.9956074953079224
4,105,-0.6295262575149536,0.06627599895000458,-0.6115214228630066,0.24479156732559204,0,-5.0,0.9956493377685547
4,106,-0.6374854445457458,0.06595953553915024,-0.9368438720703125,-0.2461388260126114,1,-2.5,0.9960828423500061
4,107,-0.6474938988685608,0.06258700042963028,-1.0505586862564087,-0.4113597273826599,4,5.0,0.9960867166519165
4,108,-0.6553949117660522,0.06255631893873215,-0.5938512086868286,0.3015696704387665,0,-5.0,0.9960576295852661
4,109,-0.6631869077682495,0.06278815120458603,-0.9207720756530762,-0.1924874633550644,1,-2.5,0.996407687664032
4,110,-0.673042893409729,0.05993577092885971,-1.0358691215515137,-0.3603382408618927,4,5.0,0.9963515400886536
4,111,-0.6808037757873535,0.06040249019861221,-0.5803154706954956,0.35053324699401855,1,-2.5,0.9960620403289795
4,112,-0.6874013543128967,0.0627528727054596,-0.7210240364074707,0.14298364520072937,2,0.0,0.9958053231239319
4,113,-0.6942789554595947,0.06476639956235886,-0.6636927723884583,0.2408275157213211,0,-5.0,0.9958472847938538
4,114,-0.7027384638786316,0.06444133073091507,-0.9852198362350464,-0.24453583359718323,1,-2.5,0.9962651133537292
4,115,-0.7132107615470886,0.06111375242471695,-1.0953994989395142,-0.40455755591392517,4,5.0,0.9962571859359741
4,116,-0.7215413451194763,0.06117875501513481,-0.635361909866333,0.3133441209793091,1,-2.5,0.9960063695907593
4,117,-0.7286655306816101,0.0631948783993721,-0.7718968391418457,0.11234154552221298,2,0.0,0.995783269405365
4,118,-0.7360300421714783,0.06493610888719559,-0.7107322812080383,0.2161474972963333,0,-5.0,0.9958532452583313
4,119,-0.7449397444725037,0.06439545005559921,-1.028723955154419,-0.2637474536895752,1,-2.5,0.9962906837463379
4,120,-0.7558285593986511,0.06090417876839638,-1.1356505155563354,-0.4187704920768738,4,5.0,0.9962968826293945
4,121,-0.7645445466041565,0.060853201895952225,-0.6726020574569702,0.30374523997306824,0,-5.0,0.9962601065635681
4,122,-0.7730913162231445,0.06115492060780525,-0.9937459826469421,-0.18172208964824677,2,0.0,0.99638831615448
4,123,-0.7825804948806763,0.060097452253103256,-0.9160731434822083,-0.05284629389643669,3,2.5,0.9961661100387573
4,124,-0.7902604341506958,0.06191859021782875,-0.6568682789802551,0.3555860221385956,1,-2.5,0.9958561658859253
4,125,-0.7975901961326599,0.06437265872955322,-0.7917468547821045,0.15726807713508606,2,0.0,0.9955673217773438
4,126,-0.8051443099975586,0.06657817959785461,-0.7290384769439697,0.26363277435302734,0,-5.0,0.9955740571022034
4,127,-0.8142284154891968,0.06652794033288956,-1.0455315113067627,-0.2136377990245819,1,-2.5,0.9959610104560852
4,128,-0.8252772092819214,0.06355293095111847,-1.1510603427886963,-0.36615025997161865,4,5.0,0.9958986639976501
4,129,-0.8341401219367981,0.06404159963130951,-0.6867967247962952,0.3585273325443268,0,-5.0,0.9957870244979858
4,130,-0.8428211212158203,0.06490723788738251,-1.006638765335083,-0.12433595210313797,1,-2.5,0.9960565567016602
4,131,-0.8534982204437256,0.06279689818620682,-1.1151608228683472,-0.28169724345207214,1,-2.5,0.9964977502822876
4,132,-0.8652153611183167,0.05917986482381821,-1.2157071828842163,-0.4271546006202698,4,5.0,0.9965077042579651
4,133,-0.8746981620788574,0.059095509350299835,-0.7466961741447449,0.3043595552444458,0,-5.0,0.9964659214019775
4,134,-0.883955180644989,0.05944835767149925,-1.0624141693115234,-0.17306563258171082,2,0.0,0.9965754151344299
4,135,-0.8941023945808411,0.05851975083351135,-0.979672908782959,-0.03662431240081787,3,2.5,0.9963346123695374
4,136,-0.9023916721343994,0.060542602092027664,-0.7157560586929321,0.37887006998062134,1,-2.5,0.9959974884986877
4,137,-0.9102857708930969,0.06326558440923691,-0.8463054299354553,0.1870022714138031,2,0.0,0.9956700801849365
4,138,-0.9183626770973206,0.0658024251461029,-0.7795617580413818,0.2994288206100464,0,-5.0,0.9956253170967102
4,139,-0.9279308915138245,0.06614167988300323,-1.0923247337341309,-0.17222778499126434,1,-2.5,0.9959536790847778
4,140,-0.9394277930259705,0.06361087411642075,-1.1943615674972534,-0.3194132447242737,4,5.0,0.9958274364471436
4,141,-0.9487051963806152,0.06459550559520721,-0.7268483638763428,0.4102819263935089,0,-5.0,0.9956431984901428
4,142,-0.9577694535255432,0.06600616872310638,-1.0436466932296753,-0.06777544319629669,1,-2.5,0.9958413243293762
4,143,-0.9688003063201904,0.06448792666196823,-1.1493209600448608,-0.2205570787191391,1,-2.5,0.9962167739868164
4,144,-0.9808436036109924,0.061508048325777054,-1.2471938133239746,-0.36160844564437866,4,5.0,0.9961432218551636
4,145,-0.9906273484230042,0.062102820724248886,-0.7757667303085327,0.37388738989830017,1,-2.5,0.9957985877990723
4,146,-0.9990952610969543,0.06481833755970001,-0.9017243385314941,0.1893472522497177,0,-5.0,0.9958867430686951
4,147,-1.009833574295044,0.06413480639457703,-1.2054152488708496,-0.26855093240737915,1,-2.5,0.9963141679763794
4,148,-1.0224140882492065,0.06071103736758232,-1.2991156578063965,-0.403244286775589,4,5.0,0.9962884187698364
4,149,-1.0326951742172241,0.06092251092195511,-0.8238171339035034,0.33812522888183594,1,-2.5,0.9959918856620789
4,150,-1.041623592376709,0.06330975145101547,-0.9462435841560364,0.15882253646850586,2,0.0,0.9956926703453064
4,151,-1.0506572723388672,0.06563049554824829,-0.8720084428787231,0.28278860449790955,0,-5.0,0.9956619739532471
4,152,-1.0611107349395752,0.06586366891860962,-1.1778583526611328,-0.17825737595558167,1,-2.5,0.9959895014762878
4,153,-1.073426604270935,0.06332819163799286,-1.273503303527832,-0.3156445622444153,4,5.0,0.9958523511886597
4,154,-1.0834616422653198,0.06440214812755585,-0.800064742565155,0.42314857244491577,0,-5.0,0.9956454038619995
4,155,-1.0932269096374512,0.06598914414644241,-1.1113910675048828,-0.04651176556944847,3,2.5,0.9953746199607849
4,156,-1.102774977684021,0.0680103600025177,-0.8373501300811768,0.3855114281177521,0,-5.0,0.995203971862793
4,157,-1.1128952503204346,0.069253109395504,-1.145615577697754,-0.07878666371107101,1,-2.5,0.9954169988632202
4,158,-1.1249010562896729,0.06769774109125137,-1.24345862865448,-0.21898630261421204,1,-2.5,0.995800793170929
4,159,-1.1378443241119385,0.06480134278535843,-1.3340890407562256,-0.34836673736572266,4,5.0,0.9956979751586914
4,160,-1.1484593152999878,0.0655895546078682,-0.8560845255851746,0.39760881662368774,0,-5.0,0.995516300201416
4,161,-1.1587601900100708,0.06696043163537979,-1.163125991821289,-0.06524346768856049,1,-2.5,0.9957035183906555
4,162,-1.1709344387054443,0.06554773449897766,-1.2597907781600952,-0.2039947807788849,1,-2.5,0.9960551261901855
4,163,-1.1840349435806274,0.06280802190303802,-1.3493198156356812,-0.33201926946640015,4,5.0,0.9959337115287781
4,164,-1.1947959661483765,0.06376736611127853,-0.8702107071876526,0.4154520332813263,0,-5.0,0.9957330226898193
4,165,-1.2052329778671265,0.06532210856676102,-1.1763272285461426,-0.04630183055996895,3,2.5,0.9954589605331421
4,166,-1.2154029607772827,0.06738711893558502,-0.8974424004554749,0.39309918880462646,0,-5.0,0.9952742457389832
4,167,-1.2260990142822266,0.06874384731054306,-1.2012523412704468,-0.06444942951202393,1,-2.5,0.995461642742157
4,168,-1.2386374473571777,0.06736742705106735,-1.2949552536010742,-0.19835218787193298,1,-2.5,0.9958125352859497
4,169,-1.2520737648010254,0.06471061706542969,-1.381742238998413,-0.32186079025268555,4,5.0,0.9956709742546082
4,170,-1.2631449699401855,0.06579510867595673,-0.900166928768158,0.4296085238456726,0,-5.0,0.9954416751861572
4,171,-1.2738678455352783,0.06751535832881927,-1.2038899660110474,-0.028085574507713318,3,2.5,0.9951302409172058
4,172,-1.2843011617660522,0.06978370994329453,-0.9228706955909729,0.41487419605255127,0,-5.0,0.9949049353599548
4,173,-1.2952394485473633,0.07137998193502426,-1.2245970964431763,-0.03902009502053261,3,2.5,0.9945892691612244
4,174,-1.3058700561523438,0.07355790585279465,-0.9419079422950745,0.40697529911994934,0,-5.0,0.994360625743866
4,175,-1.3169885873794556,0.07509573549032211,-1.24192476272583,-0.043592873960733414,3,2.5,0.9940333366394043
4,176,-1.3277839422225952,0.0772443488240242,-0.9578291773796082,0.4050086736679077,0,-5.0,0.9937935471534729
4,177,-1.3390527963638306,0.0787808746099472,-1.2563732862472534,-0.042607150971889496,3,2.5,0.9934464693069458
4,178,-1.3499853610992432,0.08095375448465347,-0.9710928201675415,0.40824949741363525,0,-5.0,0.9931872487068176
4,179,-1.3613793849945068,0.08253943175077438,-1.2683579921722412,-0.03670164942741394,3,2.5,0.9928116202354431
4,180,-1.3724260330200195,0.08478417247533798,-0.9820803999900818,0.41612333059310913,0,-5.0,0.9925239682197571
4,181,-1.3839229345321655,0.08646415919065475,-1.2782241106033325,-0.026375826448202133,3,2.5,0.9921103119850159
4,182,-1.3950629234313965,0.08882369846105576,-0.9911090135574341,0.4281834661960602,0,-5.0,0.9917845726013184
4,183,-1.4066439867019653,0.09063909202814102,-1.2862576246261597,-0.012011494487524033,3,2.5,0.9913225769996643
4,184,-1.4178599119186401,0.09315281361341476,-0.9984422326087952,0.44409164786338806,0,-5.0,0.9909480810165405
4,185,-1.4295092821121216,0.09514170140028,-1.2926958799362183,0.006111316382884979,3,2.5,0.9904260635375977
4,186,-1.4407856464385986,0.09784645587205887,-1.0042990446090698,0.4636026918888092,0,-5.0,0.9899910688400269
4,187,-1.4524881839752197,0.10004477202892303,-1.297734022140503,0.027799423784017563,3,2.5,0.9893960356712341
4,188,-1.463811993598938,0.10297565162181854,-1.0088608264923096,0.4865507483482361,0,-5.0,0.9888870716094971
4,189,-1.475555419921875,0.10541801899671555,-1.3015323877334595,0.05293476581573486,3,2.5,0.9882041215896606
4,190,-1.4869145154953003,0.10860908031463623,-1.01227605342865,0.5128398537635803,0,-5.0,0.9876058101654053
4,191,-1.4986871480941772,0.11132940649986267,-1.3042218685150146,0.08146598935127258,2,0.0,0.9871886968612671
4,192,-1.5111316442489624,0.11318713426589966,-1.2011483907699585,0.25640976428985596,3,2.5,0.9859917759895325
4,193,-1.5215281248092651,0.11835620552301407,-0.9192917346954346,0.7057805061340332,0,-5.0,0.9848790168762207
4,194,-1.5324052572250366,0.12296755611896515,-1.2173722982406616,0.2670445740222931,3,2.5,0.9835482835769653
4,195,-1.5429555177688599,0.12826427817344666,-0.9341710209846497,0.7194409966468811,0,-5.0,0.9822989702224731
4,196,-1.553969144821167,0.13304530084133148,-1.2302669286727905,0.2858040928840637,3,2.5,0.9808043241500854
4,197,-1.5646413564682007,0.13854843378067017,-0.946004331111908,0.7407724261283875,0,-5.0,0.9793861508369446
4,198,-1.5757619142532349,0.14357511699199677,-1.2402888536453247,0.31208738684654236,3,2.5,0.9776922464370728
4,199,-1.5865287780761719,0.14935781061649323,-0.9552162289619446,0.7692316770553589,0,-5.0,0.9760675430297852
4,200,-1.597731113433838,0.1547013372182846,-1.2478163242340088,0.3454604744911194,0,-5.0,0.9756608605384827
4,201,-1.6117311716079712,0.15601016581058502,-1.5180948972702026,-0.04327462241053581,0,-5.0,0.9764045476913452
4,202,-1.6283193826675415,0.15360815823078156,-1.768263578414917,-0.4012176990509033,2,0.0,0.9771995544433594
4,203,-1.6451963186264038,0.15099820494651794,-1.6293398141860962,-0.16621655225753784,0,-5.0,0.9782655835151672
4,204,-1.6628531217575073,0.14742597937583923,-1.8717515468597412,-0.5134136080741882,0,-5.0,0.9802520275115967
4,205,-1.6828351020812988,0.1405273824930191,-2.0966813564300537,-0.8347744345664978,3,2.5,0.9816697239875793
4,206,-1.7018054723739624,0.1353893131017685,-1.7480868101119995,-0.2809000015258789,0,-5.0,0.9829148650169373
4,207,-1.7206093072891235,0.1307101547718048,-1.9830691814422607,-0.6199437975883484,1,-2.5,0.9845246076583862
4,208,-1.7406086921691895,0.12440002709627151,-2.015024185180664,-0.6492656469345093,1,-2.5,0.9861217737197876
4,209,-1.760916829109192,0.11780600994825363,-2.0449554920196533,-0.6764809489250183,1,-2.5,0.9876906871795654
4,210,-1.7815141677856445,0.11094743758440018,-2.0730221271514893,-0.701872706413269,1,-2.5,0.9892171025276184
4,211,-1.8023834228515625,0.10384093225002289,-2.099371910095215,-0.7257020473480225,1,-2.5,0.9906876087188721
4,212,-1.8235076665878296,0.09650066494941711,-2.124141216278076,-0.7482105493545532,1,-2.5,0.9920899271965027
4,213,-1.8448718786239624,0.08893845230340958,-2.1474549770355225,-0.7696219086647034,1,-2.5,0.993412435054779
4,214,-1.8664625883102417,0.08116398006677628,-2.169428586959839,-0.7901439666748047,1,-2.5,0.9946439862251282
4,215,-1.8882668018341064,0.07318495959043503,-2.1901700496673584,-0.8099697828292847,1,-2.5,0.9957740902900696
4,216,-1.9102725982666016,0.06500723958015442,-2.20977783203125,-0.8292792439460754,3,2.5,0.9964097738265991
4,217,-1.93033766746521,0.059918493032455444,-1.8535901308059692,-0.27097976207733154,0,-5.0,0.9969478845596313
4,218,-1.9501914978027344,0.05524580925703049,-2.0863659381866455,-0.6206360459327698,3,2.5,0.9972803592681885
4,219,-1.969077229499817,0.05215006321668625,-1.7396528720855713,-0.07806483656167984,0,-5.0,0.997567892074585
4,220,-1.9878438711166382,0.04931668937206268,-1.9814441204071045,-0.4428911805152893,0,-5.0,0.9981520771980286
4,221,-2.0089268684387207,0.042987484484910965,-2.205367088317871,-0.780754804611206,0,-5.0,0.9988835453987122
4,222,-2.0321571826934814,0.03341355547308922,-2.412982940673828,-1.0946170091629028,2,0.0,0.9994185566902161
4,223,-2.0552444458007812,0.02411278337240219,-2.2302985191345215,-0.8079890012741089,0,-5.0,0.999796986579895
4,224,-2.078721761703491,0.014247934333980083,-2.437124490737915,-1.123686671257019,2,0.0,0.9999784827232361
4,225,-2.1020469665527344,0.004640955477952957,-2.2534897327423096,-0.8383838534355164,4,5.0,0.999998927116394
4,226,-2.121481418609619,0.0010475458111613989,-1.708548665046692,0.003215901553630829,0,-5.0,0.9999988079071045
4,227,-2.139972686767578,-0.0010891151614487171,-1.955700159072876,-0.37809762358665466,0,-5.0,0.9999526739120483
4,228,-2.1608312129974365,-0.006880163215100765,-2.184431791305542,-0.7313947081565857,0,-5.0,0.9997419714927673
4,229,-2.1838812828063965,-0.016063667833805084,-2.396291494369507,-1.0595991611480713,4,5.0,0.9995242357254028
4,230,-2.204690933227539,-0.021812500432133675,-1.8417799472808838,-0.20655062794685364,0,-5.0,0.9993240833282471
4,231,-2.224466562271118,-0.025998270139098167,-2.0800726413726807,-0.5776082277297974,3,2.5,0.9991704225540161
4,232,-2.243321657180786,-0.02880229614675045,-1.737618088722229,-0.053306110203266144,0,-5.0,0.9990054965019226
4,233,-2.2621028423309326,-0.03153560683131218,-1.9840446710586548,-0.4378710985183716,0,-5.0,0.998559296131134
4,234,-2.2832436561584473,-0.03795677050948143,-2.212089776992798,-0.7945430278778076,0,-5.0,0.9977147579193115
4,235,-2.3065695762634277,-0.047804366797208786,-2.4232468605041504,-1.1261330842971802,2,0.0,0.9966874718666077
4,236,-2.329786539077759,-0.05755474045872688,-2.2439117431640625,-0.8571922779083252,4,5.0,0.9962217807769775
4,237,-2.349158763885498,-0.06146727129817009,-1.7038830518722534,-0.034038856625556946,0,-5.0,0.9958937168121338
4,238,-2.3676276206970215,-0.06408052146434784,-1.9541456699371338,-0.4288851320743561,0,-5.0,0.9950323700904846
4,239,-2.3884925842285156,-0.07048147171735764,-2.1857051849365234,-0.7953272461891174,0,-5.0,0.9935353398323059
4,240,-2.4115755558013916,-0.08040310442447662,-2.400024890899658,-1.1361058950424194,0,-5.0,0.9912382960319519
4,241,-2.4367117881774902,-0.09360412508249283,-2.598423719406128,-1.4536980390548706,0,-5.0,0.9879294037818909
4,242,-2.4637491703033447,-0.10986629128456116,-2.7820727825164795,-1.750312089920044,0,-5.0,0.9833611249923706
4,243,-2.4925456047058105,-0.12899178266525269,-2.952003240585327,-2.027900457382202,0,-5.0,0.9772591590881348
4,244,-2.5229690074920654,-0.15080071985721588,-3.109117031097412,-2.288180351257324,0,-5.0,0.969329833984375
4,245,-2.5548951625823975,-0.1751290112733841,-3.254201889038086,-2.532660961151123,0,-5.0,0.9592660069465637
4,246,-2.588207721710205,-0.20182646811008453,-3.387944221496582,-2.762671947479248,0,-5.0,0.9467520713806152
4,247,-2.6227965354919434,-0.23075510561466217,-3.5109450817108154,-2.9793925285339355,0,-5.0,0.9314671158790588
4,248,-2.6585564613342285,-0.26178789138793945,-3.6237335205078125,-3.1838769912719727,0,-5.0,0.9130884408950806
4,249,-2.695387840270996,-0.29480767250061035,-3.7267801761627197,-3.377084732055664,0,-5.0,0.8912936449050903
4,250,-2.7331950664520264,-0.3297063708305359,-3.820507526397705,-3.5598995685577393,2,0.0,0.8679025173187256
4,251,-2.7698750495910645,-0.36345231533050537,-3.552123546600342,-3.2189390659332275,4,5.0,0.8469686508178711
4,252,-2.802025556564331,-0.3911922872066498,-2.9585230350494385,-2.419523000717163,2,0.0,0.8283821940422058
4,253,-2.830519914627075,-0.4142676889896393,-2.7634117603302,-2.200047731399536,4,5.0,-2.187112808227539
5,1,-0.053772538900375366,-0.13722510635852814,0.17132645845413208,-0.054137200117111206,4,5.0,0.9818068146705627
5,2,-0.05007118731737137,-0.1348821222782135,0.5232821702957153,0.46328258514404297,2,0.0,0.982886016368866
5,3,-0.04511216655373573,-0.13082042336463928,0.4775323271751404,0.37304696440696716,2,0.0,0.9837117195129395
5,4,-0.040590155869722366,-0.1276254504919052,0.43532606959342957,0.28878727555274963,3,2.5,0.9847181439399719
5,5,-0.0354125052690506,-0.12361973524093628,0.5825393199920654,0.4949788749217987,2,0.0,0.9857767224311829
5,6,-0.029882043600082397,-0.11926133185625076,0.5328800082206726,0.4003511071205139,4,5.0,0.9873300790786743
5,7,-0.022705551236867905,-0.11256075650453568,0.8598513007164001,0.8835973739624023,1,-2.5,0.988741934299469
5,8,-0.015575379133224487,-0.10610383749008179,0.6036416292190552,0.4737682640552521,2,0.0,0.989607572555542
5,9,-0.009836824610829353,-0.10194320231676102,0.5531726479530334,0.38037586212158203,4,5.0,0.9908960461616516
5,10,-0.0024555979762226343,-0.0954146683216095,0.8801512718200684,0.8671860694885254,1,-2.5,0.9920586347579956
5,11,0.004872489720582962,-0.08911430835723877,0.622776985168457,0.4574558138847351,2,0.0,0.9927577376365662
5,12,0.010800285264849663,-0.08510161191225052,0.5716450214385986,0.36547377705574036,4,5.0,0.9938069581985474
5,13,0.018368041142821312,-0.07869584858417511,0.8986361026763916,0.8556205034255981,1,-2.5,0.9947435259819031
5,14,0.0258770901709795,-0.07250146567821503,0.6403077840805054,0.4463772177696228,2,0.0,0.99529629945755
5,15,0.031978778541088104,-0.06858355551958084,0.5886373519897461,0.3559666872024536,4,5.0,0.9961252212524414
5,16,0.039718225598335266,-0.06224785000085831,0.9156372547149658,0.8492474555969238,1,-2.5,0.9968521595001221
5,17,0.04739445075392723,-0.05610554292798042,0.6565402150154114,0.44085317850112915,0,-5.0,0.9969183206558228
5,18,0.05152485892176628,-0.05551278591156006,0.22952640056610107,-0.22560182213783264,3,2.5,0.9968219995498657
5,19,0.05476626008749008,-0.056373950093984604,0.3968360722064972,0.023777533322572708,3,2.5,0.9969911575317383
5,20,0.059609055519104004,-0.05485262721776962,0.5515713691711426,0.25370514392852783,2,0.0,0.9972149133682251
5,21,0.06486759334802628,-0.05277396738529205,0.5073646903038025,0.17733235657215118,1,-2.5,0.9971835017204285
5,22,0.06863708049058914,-0.05307051166892052,0.2790814936161041,-0.1824750155210495,3,2.5,0.9971347451210022
5,23,0.07235399633646011,-0.05352827534079552,0.4428292512893677,0.06182993948459625,3,2.5,0.9973321557044983
5,24,0.0776384174823761,-0.05165117233991623,0.5942956805229187,0.2871971130371094,2,0.0,0.9975734353065491
5,25,0.08330723643302917,-0.04926016181707382,0.5470489263534546,0.20661869645118713,2,0.0,0.9977304339408875
5,26,0.08852457255125046,-0.04763995483517647,0.5034520626068115,0.1320013403892517,1,-2.5,0.99765944480896
5,27,0.0922582745552063,-0.04837939888238907,0.27566373348236084,-0.22636638581752777,3,2.5,0.9975729584693909
5,28,0.0959445983171463,-0.049264926463365555,0.4399529695510864,0.019531384110450745,3,2.5,0.9977150559425354
5,29,0.10120335966348648,-0.04780092090368271,0.5918879508972168,0.24630515277385712,2,0.0,0.9979013800621033
5,30,0.10685056447982788,-0.045810770243406296,0.5450063347816467,0.1668485701084137,1,-2.5,0.9978631138801575
5,31,0.11098270118236542,-0.046226195991039276,0.31417784094810486,-0.19595281779766083,3,2.5,0.9978070855140686
5,32,0.11503870785236359,-0.04682883247733116,0.4757104814052582,0.04605469852685928,3,2.5,0.9979643225669861
5,33,0.12064089626073837,-0.045118480920791626,0.6251132488250732,0.2693271338939667,2,0.0,0.9981582760810852
5,34,0.12660722434520721,-0.04291533678770065,0.5758761167526245,0.18664085865020752,1,-2.5,0.9981381893157959
5,35,0.13103584945201874,-0.04314859211444855,0.34285253286361694,-0.17914891242980957,3,2.5,0.9980993866920471
5,36,0.1353677362203598,-0.04359624162316322,0.5024202466011047,0.0603332445025444,1,-2.5,0.9979709386825562
5,37,0.13909290730953217,-0.04504546523094177,0.2748711407184601,-0.2971331477165222,3,2.5,0.9978255033493042
5,38,0.14277315139770508,-0.04663188382983208,0.43941906094551086,-0.050311557948589325,3,2.5,0.9978967905044556
5,39,0.1480279415845871,-0.045861102640628815,0.5915443897247314,0.17716467380523682,1,-2.5,0.9978652000427246
5,40,0.1526055783033371,-0.04620404541492462,0.35722339153289795,-0.19102631509304047,3,2.5,0.9978110790252686
5,41,0.15707366168498993,-0.046785686165094376,0.5155285000801086,0.04600989818572998,1,-2.5,0.9976582527160645
5,42,0.16092325747013092,-0.048391763120889664,0.2868642210960388,-0.3136104345321655,3,2.5,0.9974842667579651
5,43,0.16471683979034424,-0.05015718564391136,0.45030930638313293,-0.06903976947069168,3,2.5,0.997541069984436
5,44,0.17007431387901306,-0.04958752915263176,0.6014030575752258,0.1562681496143341,1,-2.5,0.9974848031997681
5,45,0.1747450977563858,-0.05015171319246292,0.36619120836257935,-0.21379990875720978,3,2.5,0.9974015951156616
5,46,0.17929726839065552,-0.05097448453307152,0.523583173751831,0.021178528666496277,1,-2.5,0.9972078800201416
5,47,0.18322257697582245,-0.052840668708086014,0.29414597153663635,-0.3401990830898285,3,2.5,0.9969876408576965
5,48,0.18708385527133942,-0.05488523468375206,0.4567725956439972,-0.09762755036354065,3,2.5,0.9970172047615051
5,49,0.19250106811523438,-0.05461471155285835,0.607090950012207,0.1257045865058899,1,-2.5,0.9969201683998108
5,50,0.1972246617078781,-0.0554959736764431,0.3712545335292816,-0.24599705636501312,3,2.5,0.9967902898788452
5,51,0.2018229067325592,-0.05665422976016998,0.5279379487037659,-0.012996586039662361,1,-2.5,0.9965338706970215
5,52,0.20578807592391968,-0.05887369439005852,0.29795360565185547,-0.37597405910491943,3,2.5,0.9962435364723206
5,53,0.20968307554721832,-0.06129005178809166,0.4599215090274811,-0.13542503118515015,3,2.5,0.9962285757064819
5,54,0.21512751281261444,-0.06141184642910957,0.6096055507659912,0.0858648419380188,1,-2.5,0.9960682988166809
5,55,0.21987304091453552,-0.06270337849855423,0.3733248710632324,-0.28741276264190674,4,5.0,0.9960750937461853
5,56,0.2255536913871765,-0.06264910846948624,0.7167631983757019,0.23206636309623718,3,2.5,0.9964874982833862
5,57,0.23345665633678436,-0.05926656723022461,0.8471684455871582,0.4235328435897827,1,-2.5,0.996712863445282
5,58,0.24047742784023285,-0.05733369290828705,0.5931949615478516,0.023334573954343796,1,-2.5,0.9964913725852966
5,59,0.24506710469722748,-0.05923372879624367,0.3582932651042938,-0.34730204939842224,3,2.5,0.9962295889854431
5,60,0.2495395690202713,-0.061403702944517136,0.5157154202461243,-0.11380860954523087,4,5.0,0.9964354634284973
5,61,0.25658413767814636,-0.059703927487134933,0.8485983610153198,0.38970378041267395,1,-2.5,0.9966230988502502
5,62,0.26361843943595886,-0.05811101570725441,0.594496488571167,-0.010754767805337906,1,-2.5,0.9963573813438416
5,63,0.26822030544281006,-0.060353994369506836,0.3594677150249481,-0.3816947638988495,3,2.5,0.9960472583770752
5,64,0.27270352840423584,-0.0628708153963089,0.5167327523231506,-0.14863866567611694,3,2.5,0.9960101842880249
5,65,0.2786911725997925,-0.0631651058793068,0.6620599031448364,0.06567423045635223,3,2.5,0.9962285757064819
5,66,0.2860701084136963,-0.06141194328665733,0.7965015769004822,0.2632291615009308,2,0.0,0.9964704513549805
5,67,0.29367098212242126,-0.05941007658839226,0.7336139678955078,0.15711276233196259,1,-2.5,0.9963918924331665
5,68,0.2996043562889099,-0.0600675530731678,0.48811501264572144,-0.23009604215621948,3,2.5,0.996260404586792
5,69,0.30531927943229675,-0.06115231662988663,0.6357561349868774,-0.011777656152844429,1,-2.5,0.9959757328033447
5,70,0.31031519174575806,-0.06343715637922287,0.3975229561328888,-0.3880477547645569,4,5.0,0.9958517551422119
5,71,0.31622716784477234,-0.06440676003694534,0.7390867471694946,0.12837600708007812,3,2.5,0.9961461424827576
5,72,0.3243429660797119,-0.062079377472400665,0.8676906228065491,0.31675177812576294,1,-2.5,0.9962506294250488
5,73,0.3315592110157013,-0.06123216822743416,0.6120628714561462,-0.08637343347072601,4,5.0,0.9964810013771057
5,74,0.33952629566192627,-0.05932091549038887,0.9377406239509583,0.406078577041626,1,-2.5,0.9966796636581421
5,75,0.34741416573524475,-0.05762222409248352,0.6769722700119019,-0.0045993030071258545,1,-2.5,0.9964171051979065
5,76,0.3528057932853699,-0.05985710769891739,0.43577897548675537,-0.3849731385707855,3,2.5,0.9960992336273193
5,77,0.3580198287963867,-0.06245589256286621,0.5873551964759827,-0.16060000658035278,4,5.0,0.9962455630302429
5,78,0.36574968695640564,-0.06127339228987694,0.9147838354110718,0.33430278301239014,1,-2.5,0.9963662624359131
5,79,0.37341704964637756,-0.060280393809080124,0.6556568145751953,-0.07410779595375061,4,5.0,0.9966042637825012
5,80,0.381801962852478,-0.05827309936285019,0.9781386256217957,0.4135967195034027,1,-2.5,0.9968050122261047
5,81,0.3900768458843231,-0.05652422085404396,0.7143800258636475,-0.0015536509454250336,1,-2.5,0.9965482354164124
5,82,0.39582696557044983,-0.05875159427523613,0.4704231023788452,-0.3860430419445038,3,2.5,0.996232271194458
5,83,0.4013731777667999,-0.061381734907627106,0.6194707155227661,-0.16538360714912415,4,5.0,0.9963680505752563
5,84,0.4094110131263733,-0.06026589870452881,0.9445711970329285,0.32612669467926025,1,-2.5,0.9964748620986938
5,85,0.41736388206481934,-0.059372782707214355,0.6832455396652222,-0.08554480969905853,4,5.0,0.9966942071914673
5,86,0.42601335048675537,-0.05749610438942909,1.003723382949829,0.39923280477523804,1,-2.5,0.9968744516372681
5,87,0.43453338742256165,-0.05590657517313957,0.7380717396736145,-0.018737763166427612,1,-2.5,0.9965987205505371
5,88,0.44051051139831543,-0.05832044035196304,0.49236154556274414,-0.40585213899612427,3,2.5,0.9962591528892517
5,89,0.4462669789791107,-0.061162255704402924,0.6397916674613953,-0.18761922419071198,0,-5.0,0.9955310821533203
5,90,0.4502357542514801,-0.06685017794370651,0.21391120553016663,-0.8529878258705139,4,5.0,0.9947646856307983
5,91,0.45438867807388306,-0.07235555350780487,0.5690068602561951,-0.3165135085582733,4,5.0,0.9947086572647095
5,92,0.4619375765323639,-0.07274159789085388,0.8970435261726379,0.1774410903453827,3,2.5,0.9950940012931824
5,93,0.4715619385242462,-0.0700429305434227,1.0133150815963745,0.345473051071167,4,5.0,0.9958919286727905
5,94,0.4833664000034332,-0.06409405171871185,1.3083832263946533,0.7893091440200806,0,-5.0,0.9963453412055969
5,95,0.49373599886894226,-0.06045385077595711,0.8323932886123657,0.0465664267539978,1,-2.5,0.996120810508728
5,96,0.5006147027015686,-0.06228334456682205,0.5794478058815002,-0.3522690534591675,0,-5.0,0.9951587319374084
5,97,0.5040056109428406,-0.06957931816577911,0.1580946296453476,-1.0108098983764648,4,5.0,0.9941275715827942
5,98,0.507623016834259,-0.07663177698850632,0.5171977281570435,-0.4687359929084778,4,5.0,0.9938353300094604
5,99,0.51467365026474,-0.0785154476761818,0.8487762212753296,0.029810041189193726,4,5.0,0.9942794442176819
5,100,0.5248977541923523,-0.07563456147909164,1.1554341316223145,0.489816814661026,4,5.0,0.9953287839889526
5,101,0.5380602478981018,-0.06834661215543747,1.4395030736923218,0.915742039680481,0,-5.0,0.9959636330604553
5,102,0.5496847629547119,-0.06353247910737991,0.9536535739898682,0.1573912501335144,3,2.5,0.9962723851203918
5,103,0.5598551630973816,-0.06105414032936096,1.066234827041626,0.32123643159866333,1,-2.5,0.9963650107383728
5,104,0.5689725875854492,-0.06029101088643074,0.7957614064216614,-0.10462893545627594,0,-5.0,0.9957423806190491
5,105,0.5744346976280212,-0.06525042653083801,0.35820165276527405,-0.7878821492195129,4,5.0,0.9950724840164185
5,106,0.5799697041511536,-0.07019613683223724,0.7025984525680542,-0.26756227016448975,4,5.0,0.9950754046440125
5,107,0.5887987613677979,-0.07017558068037033,1.020798683166504,0.21166756749153137,2,0.0,0.9952595233917236
5,108,0.5985437631607056,-0.06885122507810593,0.9406843185424805,0.0777464210987091,3,2.5,0.9954880475997925
5,109,0.6085876226425171,-0.06717100739479065,1.0539038181304932,0.24168860912322998,2,0.0,0.9957014918327332
5,110,0.6186506748199463,-0.06556317210197449,0.9714519381523132,0.10460309684276581,3,2.5,0.9959514141082764
5,111,0.6289904713630676,-0.06362833827733994,1.0825684070587158,0.2658484876155853,2,0.0,0.9961817860603333
5,112,0.639329195022583,-0.06179184466600418,0.9981359243392944,0.1262233555316925,3,2.5,0.9964417219161987
5,113,0.6499262452125549,-0.059651218354701996,1.1074811220169067,0.2853565514087677,4,5.0,0.997046709060669
5,114,0.6626373529434204,-0.05434389039874077,1.3962165117263794,0.7212885022163391,3,2.5,0.9978379011154175
5,115,0.6770495176315308,-0.04649845138192177,1.4763046503067017,0.83668053150177,2,0.0,0.9984647631645203
5,116,0.6911648511886597,-0.03918243572115898,1.3632715940475464,0.655552864074707,0,-5.0,0.9986395239830017
5,117,0.7020657658576965,-0.03688427060842514,0.8837617039680481,-0.08979494124650955,0,-5.0,0.9982593059539795
5,118,0.7083765268325806,-0.041721608489751816,0.4402647614479065,-0.7794430255889893,3,2.5,0.997673511505127
5,119,0.7136419415473938,-0.04823363199830055,0.5926219820976257,-0.5510092973709106,0,-5.0,0.996692955493927
5,120,0.7171627879142761,-0.057507023215293884,0.17067526280879974,-1.2088899612426758,1,-2.5,0.9948949813842773
5,121,0.7177097797393799,-0.07144922763109207,-0.03226754814386368,-1.5305428504943848,0,-5.0,0.9918764233589172
5,122,0.7152470946311951,-0.09013105183839798,-0.40732014179229736,-2.1189441680908203,4,5.0,0.9883508086204529
5,123,0.713446855545044,-0.1079314723610878,-0.006796889007091522,-1.5176689624786377,0,-5.0,0.9839882254600525
5,124,0.7112239599227905,-0.12653757631778717,-0.38389813899993896,-2.1127302646636963,4,5.0,0.9791552424430847
5,125,0.7096276879310608,-0.14437729120254517,0.01174524798989296,-1.5269370079040527,0,-5.0,0.9733937382698059
5,126,0.7075818777084351,-0.16311435401439667,-0.3662891089916229,-2.1261374950408936,4,5.0,0.9671688079833984
5,127,0.7061316967010498,-0.18119372427463531,0.024463672190904617,-1.5565987825393677,0,-5.0,0.9598993062973022
5,128,0.7042109370231628,-0.20025168359279633,-0.35344499349594116,-2.1575331687927246,3,2.5,0.9514530897140503
5,129,0.7018149495124817,-0.22033363580703735,-0.1510733664035797,-1.8823678493499756,2,0.0,0.9426835775375366
5,130,0.700303316116333,-0.23940841853618622,-0.14840254187583923,-1.911880612373352,2,0.0,0.9330187439918518
5,131,0.6988130807876587,-0.2588074505329132,-0.14649072289466858,-1.9453644752502441,4,5.0,0.9240994453430176
5,132,0.6993953585624695,-0.2755005955696106,0.21646326780319214,-1.4436510801315308,4,5.0,0.9173639416694641
5,133,0.70343416929245,-0.28746485710144043,0.5497838258743286,-0.9905551075935364,1,-2.5,0.910190761089325
5,134,0.707587718963623,-0.29968196153640747,0.31787633895874023,-1.3766839504241943,0,-5.0,0.8994389176368713
5,135,0.7085078954696655,-0.3171135187149048,-0.07485941052436829,-2.000150203704834,4,5.0,0.8880556225776672
5,136,0.7097312808036804,-0.3345809876918793,0.27536484599113464,-1.5349836349487305,3,2.5,0.8780988454818726
5,137,0.7132821083068848,-0.34914350509643555,0.41990789771080017,-1.374590516090393,2,0.0,0.8677400350570679
5,138,0.7172075510025024,-0.3636755347251892,0.3765365779399872,-1.4895150661468506,3,2.5,0.8571859002113342
5,139,0.7217140793800354,-0.377907395362854,0.5115648508071899,-1.3491876125335693,2,0.0,0.846123993396759
5,140,0.7265149354934692,-0.39227038621902466,0.4612646698951721,-1.477408528327942,3,2.5,0.8347650170326233
5,141,0.7318213582038879,-0.40649113059043884,0.5882059931755066,-1.3548318147659302,2,0.0,-2.1772258281707764
6,1,-0.09492940455675125,-0.014264121651649475,0.1747913360595703,0.12250545620918274,3,2.5,0.9998670220375061
6,2,-0.09219378978013992,-0.011530835181474686,0.3486712872982025,0.38872942328453064,1,-2.5,0.999908983707428
6,3,-0.08992865681648254,-0.009541650302708149,0.13416343927383423,0.056008487939834595,3,2.5,0.9999446868896484
6,4,-0.08758004009723663,-0.007438169792294502,0.3113462030887604,0.3280431926250458,1,-2.5,0.9999637007713318
6,5,-0.08567065000534058,-0.006024294998496771,0.09984157979488373,0.0005509927868843079,3,2.5,0.9999802112579346
6,6,-0.0836491584777832,-0.004446561448276043,0.27978697419166565,0.2773759961128235,3,2.5,0.9999999403953552
6,7,-0.07990435510873795,-0.00021605561778414994,0.44632771611213684,0.533819854259491,0,-5.0,0.9999976754188538
6,8,-0.07776808738708496,0.001530708628706634,0.037312064319849014,-0.09739039093255997,3,2.5,0.999995231628418
6,9,-0.0763421356678009,0.0021834690123796463,0.22234612703323364,0.18841347098350525,3,2.5,0.999968945980072
6,10,-0.07314454764127731,0.005573760252445936,0.3935408294200897,0.45302367210388184,0,-5.0,0.9999570250511169
6,11,-0.07151126116514206,0.006557541899383068,-0.011206060647964478,-0.17072877287864685,3,2.5,0.9999575018882751
6,12,-0.07054777443408966,0.006517583038657904,0.17772617936134338,0.12182991206645966,3,2.5,0.9999138712882996
6,13,-0.06777562201023102,0.009278928861021996,0.3524903953075409,0.3925842046737671,1,-2.5,0.9998713731765747
6,14,-0.06546562165021896,0.011340578086674213,0.13878288865089417,0.06424766033887863,3,2.5,0.9998161196708679
6,15,-0.06306437402963638,0.013560044579207897,0.31671249866485596,0.34059202671051025,1,-2.5,0.999770998954773
6,16,-0.06109509617090225,0.015133010223507881,0.10592430830001831,0.01741323620080948,3,2.5,0.9997139573097229
6,17,-0.0590069442987442,0.01691223867237568,0.28650766611099243,0.2984023094177246,3,2.5,0.9995426535606384
6,18,-0.05518938973546028,0.02138560637831688,0.45363229513168335,0.5589470267295837,0,-5.0,0.9994515776634216
6,19,-0.052973996847867966,0.02341843582689762,0.04530426114797592,-0.06776876747608185,3,2.5,0.9994046688079834
6,20,-0.05146301910281181,0.024399716407060623,0.23083719611167908,0.2220478057861328,3,2.5,0.999207079410553
6,21,-0.04817555472254753,0.02815881371498108,0.40250107645988464,0.4906712770462036,0,-5.0,0.9991264939308167
6,22,-0.04644649475812912,0.029555656015872955,-0.0015625245869159698,-0.1283499002456665,3,2.5,0.9991016983985901
6,23,-0.04538190737366676,0.029972147196531296,0.18777373433113098,0.1682034581899643,3,2.5,0.9988957047462463
6,24,-0.04250461980700493,0.03323042392730713,0.3629314601421356,0.44300737977027893,0,-5.0,0.9988312721252441
6,25,-0.04115193337202072,0.034186702221632004,-0.03783038258552551,-0.1700674295425415,3,2.5,0.998829185962677
6,26,-0.040432874113321304,0.034217458218336105,0.15443728864192963,0.13165666162967682,3,2.5,0.9986206889152527
6,27,-0.03787316381931305,0.03713919594883919,0.3322921097278595,0.4112180173397064,1,-2.5,0.9984435439109802
6,28,-0.03574451804161072,0.03945187106728554,0.12171047180891037,0.09214519709348679,3,2.5,0.998235285282135
6,29,-0.03349621966481209,0.04200855270028114,0.3022564947605133,0.3765869140625,1,-2.5,0.9980636239051819
6,30,-0.03165290132164955,0.04400394856929779,0.09422625601291656,0.062239717692136765,3,2.5,0.9978575110435486
6,31,-0.029666101559996605,0.04628698155283928,0.277034193277359,0.35079818964004517,1,-2.5,0.99769127368927
6,32,-0.028062283992767334,0.04804928973317146,0.071161650121212,0.04047941043972969,3,2.5,0.9974863529205322
6,33,-0.026294877752661705,0.05013633891940117,0.2558734714984894,0.3325275182723999,1,-2.5,0.9973232746124268
6,34,-0.02489185519516468,0.051737282425165176,0.05183008313179016,0.02566508576273918,3,2.5,0.9971168637275696
6,35,-0.023308254778385162,0.0536947175860405,0.23814691603183746,0.32068896293640137,1,-2.5,0.9969534277915955
6,36,-0.022073281928896904,0.05519583821296692,0.03565911203622818,0.016817737370729446,3,2.5,0.996741771697998
6,37,-0.020643325522542,0.05708083510398865,0.2233312726020813,0.31439805030822754,1,-2.5,0.9965736269950867
6,38,-0.019548600539565086,0.05853539705276489,0.022171858698129654,0.013143036514520645,3,2.5,0.9963521361351013
6,39,-0.01824665628373623,0.060397692024707794,0.21099035441875458,0.31293851137161255,1,-2.5,0.9961742758750916
6,40,-0.017268510535359383,0.06185228377580643,0.010971266776323318,0.01400240883231163,3,2.5,0.9959377646446228
6,41,-0.0160727109760046,0.06373563408851624,0.20076106488704681,0.31573721766471863,0,-5.0,0.9959563612937927
6,42,-0.01625671051442623,0.06358985602855682,-0.18561914563179016,-0.26968783140182495,4,5.0,0.9958513975143433
6,43,-0.01587674207985401,0.06440938264131546,0.20630307495594025,0.34357738494873047,0,-5.0,0.9958345890045166
6,44,-0.0160073172301054,0.06453987210988998,-0.18043720722198486,-0.2422652691602707,4,5.0,0.9956924915313721
6,45,-0.01557749044150114,0.06563148647546768,0.211122065782547,0.370551735162735,0,-5.0,0.9956398606300354
6,46,-0.01566126197576523,0.06603126227855682,-0.17588068544864655,-0.21545374393463135,4,5.0,0.9954586029052734
6,47,-0.015187446027994156,0.06738994270563126,0.21537469327449799,0.3970658481121063,0,-5.0,0.9953684210777283
6,48,-0.015229537151753902,0.06805597990751266,-0.17180489003658295,-0.18886685371398926,4,5.0,0.9951446056365967
6,49,-0.014716214500367641,0.06968042999505997,0.21919383108615875,0.4234852194786072,0,-5.0,0.9950137734413147
6,50,-0.014720471575856209,0.07061327248811722,-0.16808602213859558,-0.16215232014656067,1,-2.5,0.9954322576522827
6,51,-0.017366819083690643,0.06758521497249603,-0.33909040689468384,-0.41480156779289246,4,5.0,0.9955030679702759
6,52,-0.018455341458320618,0.06705913692712784,0.06441228091716766,0.21672232449054718,0,-5.0,0.9956413507461548
6,53,-0.019942861050367355,0.06601995974779129,-0.3114980161190033,-0.35197970271110535,4,5.0,0.9956305027008057
6,54,-0.020767509937286377,0.06610216200351715,0.08990870416164398,0.2761530578136444,0,-5.0,0.9956915974617004
6,55,-0.022011464461684227,0.06563849002122879,-0.28798139095306396,-0.2957598567008972,4,5.0,0.9956086874008179
6,56,-0.022611014544963837,0.06626708060503006,0.11165926605463028,0.32961881160736084,0,-5.0,0.9956011176109314
6,57,-0.023646650835871696,0.06632420420646667,-0.2678430676460266,-0.24472787976264954,4,5.0,0.9954503774642944
6,58,-0.02405320666730404,0.06745083630084991,0.1303081214427948,0.3784399628639221,0,-5.0,0.9953778386116028
6,59,-0.024909663945436478,0.06798658519983292,-0.2504943013191223,-0.19766683876514435,4,5.0,0.995159387588501
6,60,-0.025149717926979065,0.06957458704710007,0.1463974118232727,0.4237508177757263,0,-5.0,0.995021641254425
6,61,-0.02585097961127758,0.0705576166510582,-0.23543812334537506,-0.15352430939674377,1,-2.5,0.9954221248626709
6,62,-0.029142165556550026,0.06765995174646378,-0.40139880776405334,-0.39841458201408386,4,5.0,0.9954655170440674
6,63,-0.030827175825834274,0.06733875721693039,0.0067757852375507355,0.24031424522399902,0,-5.0,0.9955679178237915
6,64,-0.03286633640527725,0.06657396256923676,-0.36479124426841736,-0.3216380476951599,4,5.0,0.9955115914344788
6,65,-0.03420104458928108,0.06699531525373459,0.04062410816550255,0.31273359060287476,0,-5.0,0.9955201148986816
6,66,-0.035916347056627274,0.06693180650472641,-0.3334994316101074,-0.2531965970993042,4,5.0,0.9953736066818237
6,67,-0.036951348185539246,0.06801759451627731,0.0695844292640686,0.377633273601532,0,-5.0,0.9952959418296814
6,68,-0.03838884457945824,0.06858637928962708,-0.30662357807159424,-0.19129043817520142,4,5.0,0.9950613379478455
6,69,-0.03916613757610321,0.07027572393417358,0.09448641538619995,0.4366888701915741,0,-5.0,0.9948986172676086
6,70,-0.04036400839686394,0.07142374664545059,-0.28340399265289307,-0.13437269628047943,1,-2.5,0.9952732920646667
6,71,-0.04411397874355316,0.06875080615282059,-0.4457116425037384,-0.3734869360923767,4,5.0,0.9952790141105652
6,72,-0.04622296988964081,0.0687093734741211,-0.034190770238637924,0.27051621675491333,0,-5.0,0.9953383207321167
6,73,-0.04865357279777527,0.0682765394449234,-0.40257692337036133,-0.2862669825553894,4,5.0,0.995228111743927
6,74,-0.05034962296485901,0.06907857209444046,0.005710013210773468,0.35271698236465454,0,-5.0,0.9951777458190918
6,75,-0.052398040890693665,0.06944244354963303,-0.365629643201828,-0.20851615071296692,4,5.0,0.9949591159820557
6,76,-0.053740061819553375,0.07099930197000504,0.03991854190826416,0.42638707160949707,0,-5.0,0.9948042035102844
6,77,-0.055459942668676376,0.07208171486854553,-0.33382663130760193,-0.13815665245056152,1,-2.5,0.9951829314231873
6,78,-0.05969235673546791,0.06940529495477676,-0.49231597781181335,-0.37128230929374695,4,5.0,0.9951812624931335
6,79,-0.0622473768889904,0.06941729038953781,-0.07728986442089081,0.2781887650489807,0,-5.0,0.9952264428138733
6,80,-0.06509021669626236,0.06909102201461792,-0.44239041209220886,-0.27339795231819153,4,5.0,0.9950931668281555
6,81,-0.0671672523021698,0.07004888355731964,-0.031102683395147324,0.3702962100505829,0,-5.0,0.9950135350227356
6,82,-0.06956756860017776,0.07061485201120377,-0.3996063768863678,-0.18637900054454803,1,-2.5,0.9954442381858826
6,83,-0.07443049550056458,0.06749637424945831,-0.5532727241516113,-0.41233912110328674,0,-5.0,0.9963311553001404
6,84,-0.08183206617832184,0.060571156442165375,-0.8830252289772034,-0.9100782871246338,3,2.5,0.9971059560775757
6,85,-0.08919671922922134,0.05379641056060791,-0.6264511346817017,-0.505795955657959,4,5.0,0.9972404837608337
6,86,-0.09303972125053406,0.052531249821186066,-0.20176424086093903,0.15679606795310974,3,2.5,0.9968675971031189
6,87,-0.09388362616300583,0.05596804618835449,0.0036010798066854477,0.48131370544433594,0,-5.0,0.9966832995414734
6,88,-0.09595941007137299,0.05759083479642868,-0.3685891926288605,-0.083643339574337,3,2.5,0.9965495467185974
6,89,-0.09839875251054764,0.05874050781130791,-0.15051782131195068,0.26108163595199585,3,2.5,0.9960062503814697
6,90,-0.09875009953975677,0.06319599598646164,0.051244042813777924,0.5808956623077393,1,-2.5,0.9954517483711243
6,91,-0.09930022805929184,0.067440465092659,-0.13663369417190552,0.3012152314186096,0,-5.0,0.9954600930213928
6,92,-0.10271231085062027,0.06737910211086273,-0.4974426031112671,-0.24412989616394043,4,5.0,0.9952852725982666
6,93,-0.10531675070524216,0.06866372376680374,-0.08206598460674286,0.40568020939826965,0,-5.0,0.9951539039611816
6,94,-0.10820578783750534,0.06961392611265182,-0.44686099886894226,-0.14553645253181458,1,-2.5,0.9955199360847473
6,95,-0.1135215312242508,0.0669330433011055,-0.5970416069030762,-0.3662855625152588,0,-5.0,0.9963402152061462
6,96,-0.12134233117103577,0.060496095567941666,-0.923538863658905,-0.8591002821922302,3,2.5,0.9970560669898987
6,97,-0.12909473478794098,0.054257895797491074,-0.6639115214347839,-0.45011383295059204,4,5.0,0.9971297383308411
6,98,-0.1332961916923523,0.053574930876493454,-0.23639529943466187,0.2169012725353241,3,2.5,0.9966779351234436
6,99,-0.1344713270664215,0.057637155055999756,-0.028394492343068123,0.5456326007843018,0,-5.0,0.9964086413383484
6,100,-0.13685259222984314,0.059927716851234436,-0.3980611562728882,-0.015107549726963043,3,2.5,0.9961825013160706
6,101,-0.139573335647583,0.06178571283817291,-0.17768901586532593,0.33348214626312256,1,-2.5,0.9959418177604675
6,102,-0.14231561124324799,0.06370376795530319,-0.34848740696907043,0.07980245351791382,0,-5.0,0.996210515499115
6,103,-0.14775796234607697,0.06155894324183464,-0.6937369704246521,-0.44234904646873474,4,5.0,0.996281087398529
6,104,-0.15224316716194153,0.060982659459114075,-0.26379963755607605,0.2292245626449585,3,2.5,0.995749294757843
6,105,-0.1536782830953598,0.0651974156498909,-0.053458958864212036,0.562544584274292,1,-2.5,0.9951932430267334
6,106,-0.15522988140583038,0.06933104246854782,-0.23336106538772583,0.2954825460910797,0,-5.0,0.9952002763748169
6,107,-0.1595669686794281,0.06927996128797531,-0.5867756009101868,-0.23812097311019897,0,-5.0,0.9958881735801697
6,108,-0.16728800535202026,0.06412345916032791,-0.9138222336769104,-0.7313069105148315,3,2.5,0.99649977684021
6,109,-0.17494602501392365,0.059162598103284836,-0.6547595262527466,-0.3227068781852722,4,5.0,0.996429443359375
6,110,-0.17905853688716888,0.059754326939582825,-0.22778922319412231,0.3440456688404083,1,-2.5,0.9961798787117004
6,111,-0.18228141963481903,0.061806999146938324,-0.3949609398841858,0.0956166535615921,3,2.5,0.9958044290542603
6,112,-0.1849718987941742,0.0647730678319931,-0.17475169897079468,0.44422128796577454,1,-2.5,0.9954028129577637
6,113,-0.1876847743988037,0.06780235469341278,-0.34558337926864624,0.19102343916893005,0,-5.0,0.9955408573150635
6,114,-0.1930970996618271,0.06677688658237457,-0.6907203197479248,-0.33015573024749756,0,-5.0,0.996307909488678
6,115,-0.20181474089622498,0.06076255813241005,-1.0101959705352783,-0.8121731281280518,2,0.0,0.9971475601196289
6,116,-0.21146275103092194,0.05340850353240967,-0.9314740300178528,-0.6818779110908508,4,5.0,0.9974414706230164
6,117,-0.21822622418403625,0.050582073628902435,-0.48395422101020813,0.01583418995141983,3,2.5,0.9972130060195923
6,118,-0.22177226841449738,0.052791744470596313,-0.25750377774238586,0.3725629448890686,1,-2.5,0.9969600439071655
6,119,-0.22528278827667236,0.05513576418161392,-0.42288100719451904,0.12575267255306244,3,2.5,0.9965881109237671
6,120,-0.2282426953315735,0.058411482721567154,-0.20083262026309967,0.47632265090942383,0,-5.0,0.9963850975036621
6,121,-0.23227433860301971,0.06012391299009323,-0.5575143694877625,-0.06428948789834976,1,-2.5,0.9965999126434326
6,122,-0.23865368962287903,0.0583101324737072,-0.6999787092208862,-0.2747030258178711,3,2.5,0.9966628551483154
6,123,-0.24426545202732086,0.05776776745915413,-0.4570525586605072,0.10837768018245697,3,2.5,0.9962916374206543
6,124,-0.24755164980888367,0.06089617684483528,-0.23234117031097412,0.4633941054344177,0,-5.0,0.9960930943489075
6,125,-0.2518836259841919,0.0625053197145462,-0.5864748358726501,-0.0728384330868721,1,-2.5,0.9963240623474121
6,126,-0.2585391700267792,0.060629602521657944,-0.7266232967376709,-0.2792948782444,3,2.5,0.996392548084259
6,127,-0.2644052505493164,0.06006224825978279,-0.48161581158638,0.10729078203439713,3,2.5,0.9960058331489563
6,128,-0.267925888299942,0.06319937109947205,-0.2549772560596466,0.46557554602622986,1,-2.5,0.9955788254737854
6,129,-0.2714075446128845,0.06649181991815567,-0.4198986291885376,0.22122274339199066,0,-5.0,0.9956684708595276
6,130,-0.27753204107284546,0.065814308822155,-0.759564995765686,-0.2917662262916565,0,-5.0,0.9963726997375488
6,131,-0.28690922260284424,0.060227178037166595,-1.073939561843872,-0.7660908102989197,2,0.0,0.9971510767936707
6,132,-0.2971675395965576,0.053375180810689926,-0.9904452562332153,-0.6285092234611511,4,5.0,0.997386634349823
6,133,-0.3044954538345337,0.051121339201927185,-0.538493275642395,0.07603846490383148,2,0.0,0.9972620010375977
6,134,-0.30963003635406494,0.05232567712664604,-0.4954181909561157,0.1501924693584442,3,2.5,0.9968764185905457
6,135,-0.3132852613925934,0.055889204144477844,-0.26804089546203613,0.5086080431938171,0,-5.0,0.9966402649879456
6,136,-0.3179616630077362,0.05796331912279129,-0.6198709607124329,-0.024978771805763245,2,0.0,0.996610164642334
6,137,-0.32387271523475647,0.05822253227233887,-0.5703613758087158,0.06007629632949829,2,0.0,0.9964835047721863
6,138,-0.3293096721172333,0.059300296008586884,-0.5245453119277954,0.13949784636497498,2,0.0,0.9962614178657532
6,139,-0.33430764079093933,0.06114406883716583,-0.4821082353591919,0.21389004588127136,3,2.5,0.9957295060157776
6,140,-0.3378326892852783,0.06534910947084427,-0.25539952516555786,0.5724431872367859,1,-2.5,0.9951398968696594
6,141,-0.3413175344467163,0.06971457600593567,-0.420163631439209,0.32872331142425537,0,-5.0,0.9950832724571228
6,142,-0.3474428355693817,0.07011932134628296,-0.7595530152320862,-0.18320149183273315,1,-2.5,0.9954750537872314
6,143,-0.35575205087661743,0.06726785004138947,-0.8862850666046143,-0.367771178483963,0,-5.0,0.9962782263755798
6,144,-0.36634185910224915,0.061006657779216766,-1.1910823583602905,-0.8271034955978394,3,2.5,0.9969457387924194
6,145,-0.37665536999702454,0.05526509881019592,-0.9113697409629822,-0.3871000409126282,4,5.0,0.9969334602355957
6,146,-0.38322553038597107,0.055376406759023666,-0.4652644991874695,0.3086887300014496,3,2.5,0.9963386058807373
6,147,-0.38659122586250305,0.060509663075208664,-0.24004249274730682,0.6642163395881653,1,-2.5,0.9956738948822021
6,148,-0.3899313807487488,0.06577331572771072,-0.40627241134643555,0.4174536466598511,0,-5.0,0.99550461769104
6,149,-0.395925909280777,0.06704774498939514,-0.7470025420188904,-0.09724326431751251,1,-2.5,0.9957695603370667
6,150,-0.40411630272865295,0.06504198908805847,-0.874846339225769,-0.28400659561157227,0,-5.0,0.9964470863342285
6,151,-0.4145975410938263,0.059606555849313736,-1.1806350946426392,-0.7452442646026611,2,0.0,0.997187614440918
6,152,-0.42587751150131226,0.05303223058581352,-1.0891616344451904,-0.5954523682594299,4,5.0,0.9973812699317932
6,153,-0.4341505169868469,0.051173511892557144,-0.6298094391822815,0.1204674020409584,2,0.0,0.9972034692764282
6,154,-0.44015929102897644,0.052882321178913116,-0.5798818469047546,0.20520208775997162,0,-5.0,0.997283399105072
6,155,-0.44782257080078125,0.05212092399597168,-0.9085618853569031,-0.29334214329719543,3,2.5,0.9973456859588623
6,156,-0.4554331302642822,0.051520004868507385,-0.6502282619476318,0.11267539858818054,2,0.0,0.9971734881401062
6,157,-0.4616372287273407,0.05316490679979324,-0.5987523794174194,0.19984567165374756,0,-5.0,0.9972581267356873
6,158,-0.469480961561203,0.05236293375492096,-0.9259976744651794,-0.2964385747909546,3,2.5,0.997322678565979
6,159,-0.4772583842277527,0.051742877811193466,-0.6663475036621094,0.11163894087076187,2,0.0,0.9971497058868408
6,160,-0.4836167097091675,0.05338839814066887,-0.6136519312858582,0.20072196424007416,0,-5.0,0.9972326755523682
6,161,-0.49160298705101013,0.052605438977479935,-0.9397638440132141,-0.293775349855423,3,2.5,0.9972937703132629
6,162,-0.4995121359825134,0.05202142894268036,-0.6790720820426941,0.11593997478485107,2,0.0,0.9971143007278442
6,163,-0.5059922933578491,0.05371880531311035,-0.625408411026001,0.20655708014965057,0,-5.0,0.9971907138824463
6,164,-0.514090895652771,0.05300262197852135,-0.9506146311759949,-0.2864835560321808,3,2.5,0.9972438216209412
6,165,-0.5221037268638611,0.05249927192926407,-0.6890934109687805,0.12456323206424713,2,0.0,0.9970525503158569
6,166,-0.5286795496940613,0.0542902834713459,-0.6346545219421387,0.21644732356071472,0,-5.0,0.9971184134483337
6,167,-0.5368664264678955,0.05368027463555336,-0.9591255784034729,-0.2753552496433258,3,2.5,0.9971596598625183
6,168,-0.5449605584144592,0.053294837474823,-0.6969397664070129,0.13680598139762878,2,0.0,0.9969513416290283
6,169,-0.5516111254692078,0.055214788764715195,-0.6418732404708862,0.22977696359157562,0,-5.0,0.9970030188560486
6,170,-0.5598666071891785,0.05474475771188736,-0.965735673904419,-0.2609182298183441,3,2.5,0.9970287084579468
6,171,-0.568023681640625,0.05450964719057083,-0.7030133008956909,0.15221025049686432,2,0.0,0.9967976212501526
6,172,-0.5747320652008057,0.056589700281620026,-0.6474316716194153,0.24615660309791565,0,-5.0,0.9968314170837402
6,173,-0.583040177822113,0.05629000812768936,-0.9707769751548767,-0.24349023401737213,3,2.5,0.9968376159667969
6,174,-0.5912449955940247,0.056234803050756454,-0.7076187133789062,0.1705123782157898,2,0.0,0.9965773224830627
6,175,-0.5979967713356018,0.058503832668066025,-0.6516076326370239,0.26537731289863586,0,-5.0,0.9965890645980835
6,176,-0.6063437461853027,0.05840311199426651,-0.9744996428489685,-0.2232205867767334,3,2.5,0.9965711832046509
6,177,-0.6145836114883423,0.058556195348501205,-0.7109845876693726,0.19160589575767517,0,-5.0,0.9966641664505005
6,178,-0.6234991550445557,0.05775680020451546,-1.0294283628463745,-0.2901516258716583,3,2.5,0.9967195391654968
6,179,-0.6322650909423828,0.05727560818195343,-0.7618253231048584,0.13087934255599976,2,0.0,0.9964970350265503
6,180,-0.6395354270935059,0.05918567255139351,-0.7017000913619995,0.23222686350345612,0,-5.0,0.9965440034866333
6,181,-0.6483616232872009,0.0587877593934536,-1.0207902193069458,-0.2504003345966339,3,2.5,0.9965543150901794
6,182,-0.6570445895195007,0.05869998037815094,-0.7537940144538879,0.16983403265476227,2,0.0,0.9962794184684753
6,183,-0.6642374396324158,0.060996729880571365,-0.6942019462585449,0.27057668566703796,0,-5.0,0.9962812662124634
6,184,-0.6729909181594849,0.06098122522234917,-1.0137187242507935,-0.21236808598041534,3,2.5,0.9962456822395325
6,185,-0.6816054582595825,0.061272379010915756,-0.747172474861145,0.20745743811130524,0,-5.0,0.9963202476501465
6,186,-0.6908661127090454,0.06066099926829338,-1.06270432472229,-0.269318163394928,3,2.5,0.996350109577179
6,187,-0.6999497413635254,0.06041426956653595,-0.7925029397010803,0.15608800947666168,2,0.0,0.9960809946060181
6,188,-0.7075124979019165,0.06260186433792114,-0.7299268841743469,0.26167431473731995,0,-5.0,0.9960907101631165
6,189,-0.7166072130203247,0.06252418458461761,-1.0466488599777222,-0.21667630970478058,1,-2.5,0.9964582920074463
6,190,-0.7276684045791626,0.05951203778386116,-1.152331829071045,-0.3700736463069916,4,5.0,0.9964051246643066
6,191,-0.7365443706512451,0.05995737761259079,-0.688058614730835,0.35418465733528137,1,-2.5,0.9961044788360596
6,192,-0.7441735863685608,0.06241420656442642,-0.8207188248634338,0.1589626520872116,2,0.0,0.9958200454711914
6,193,-0.7520057559013367,0.06465243548154831,-0.7559325695037842,0.2682444751262665,0,-5.0,0.9958188533782959
6,194,-0.7613483667373657,0.06466188281774521,-1.0705535411834717,-0.20649415254592896,1,-2.5,0.9961842894554138
6,195,-0.7726373672485352,0.06177127733826637,-1.1743162870407104,-0.35658612847328186,4,5.0,0.9961101412773132
6,196,-0.7817233800888062,0.0623687319457531,-0.7083454728126526,0.37053292989730835,1,-2.5,0.9957740902900696
6,197,-0.7895457148551941,0.06500692665576935,-0.8393393754959106,0.1782771497964859,2,0.0,0.9954498410224915
6,198,-0.7975552082061768,0.06745484471321106,-0.7730352282524109,0.2902764678001404,0,-5.0,0.9954164624214172
6,199,-0.8070600628852844,0.0677018091082573,-1.0861643552780151,-0.1816439926624298,1,-2.5,0.9957651495933533
6,200,-0.8184972405433655,0.06507570296525955,-1.1885722875595093,-0.32915130257606506,4,5.0,0.9956491589546204
6,201,-0.82771897315979,0.06596088409423828,-0.7214652299880981,0.40007108449935913,0,-5.0,0.9954748749732971
6,202,-0.8367308974266052,0.06726879626512527,-1.0385655164718628,-0.07820433378219604,1,-2.5,0.9956907033920288
6,203,-0.8477124571800232,0.0656452625989914,-1.144546627998352,-0.23125721514225006,1,-2.5,0.9960865378379822
6,204,-0.859709620475769,0.06255736947059631,-1.2427119016647339,-0.3725753128528595,4,5.0,0.9960258603096008
6,205,-0.8694502115249634,0.06304077804088593,-0.7716004848480225,0.3625447154045105,0,-5.0,0.9959039688110352
6,206,-0.8789435625076294,0.06400015950202942,-1.0851613283157349,-0.11082442104816437,1,-2.5,0.9961466789245605
6,207,-0.8903726935386658,0.06207483634352684,-1.1878507137298584,-0.25934380292892456,3,2.5,0.9961544871330261
6,208,-0.9006540179252625,0.06201210618019104,-0.9082205295562744,0.18076711893081665,2,0.0,0.9958364963531494
6,209,-0.9093241095542908,0.06452517211437225,-0.8368961811065674,0.3000674247741699,0,-5.0,0.9957872629165649
6,210,-0.9194418787956238,0.06490575522184372,-1.14545738697052,-0.16535069048404694,1,-2.5,0.996096670627594
6,211,-0.9314480423927307,0.062476325780153275,-1.243584156036377,-0.3067111372947693,3,2.5,0.9961588382720947
6,212,-0.9422628879547119,0.06197700649499893,-0.9597687721252441,0.13988859951496124,2,0.0,0.9958892464637756
6,213,-0.9514264464378357,0.06411507725715637,-0.8845823407173157,0.2651239335536957,0,-5.0,0.9958813786506653
6,214,-0.9620010256767273,0.06417664140462875,-1.1896027326583862,-0.19492560625076294,1,-2.5,0.9962203502655029
6,215,-0.9744301438331604,0.06147902086377144,-1.2844698429107666,-0.3313899338245392,4,5.0,0.9961061477661133
6,216,-0.9845708012580872,0.06240047886967659,-0.8102474212646484,0.4084133505821228,1,-2.5,0.9957118034362793
6,217,-0.9933687448501587,0.06548445671796799,-0.9336044788360596,0.22793684899806976,0,-5.0,0.9957477450370789
6,218,-1.0044118165969849,0.06520918756723404,-1.234853744506836,-0.22606761753559113,1,-2.5,0.996127188205719
6,219,-1.0172737836837769,0.062231697142124176,-1.3262755870819092,-0.3570680618286133,4,5.0,0.9960404634475708
6,220,-1.027814507484436,0.06292469054460526,-0.8489064574241638,0.3876588046550751,0,-5.0,0.9958801865577698
6,221,-1.0380480289459229,0.0641857385635376,-1.1566815376281738,-0.07681137323379517,1,-2.5,0.9960752725601196
6,222,-1.0501618385314941,0.06264793127775192,-1.2539944648742676,-0.21701043844223022,1,-2.5,0.9964276552200317
6,223,-1.0632082223892212,0.05976886674761772,-1.344128966331482,-0.3464350998401642,4,5.0,0.9963304400444031
6,224,-1.0739203691482544,0.06057696416974068,-0.8654714226722717,0.40001627802848816,1,-2.5,0.9959537982940674
6,225,-1.0832477807998657,0.06360982358455658,-0.9847986102104187,0.2254486083984375,0,-5.0,0.995988130569458
6,226,-1.0947819948196411,0.06333934515714645,-1.2823487520217896,-0.2231982797384262,1,-2.5,0.9963496327400208
6,227,-1.1080994606018066,0.06041828542947769,-1.3703194856643677,-0.3491804897785187,4,5.0,0.9962524771690369
6,228,-1.119062066078186,0.061216916888952255,-0.8896853923797607,0.40038514137268066,1,-2.5,0.9958692789077759
6,229,-1.1286211013793945,0.06427057087421417,-1.00715970993042,0.22877588868141174,0,-5.0,0.995897650718689
6,230,-1.140369176864624,0.06404943019151688,-1.3029859066009521,-0.2170950174331665,1,-2.5,0.996254026889801
6,231,-1.153883934020996,0.061204276978969574,-1.3893673419952393,-0.34051451086997986,4,5.0,0.9961432218551636
6,232,-1.1650289297103882,0.06210304796695709,-0.9072889685630798,0.41136080026626587,1,-2.5,0.9957385659217834
6,233,-1.1747561693191528,0.06527967751026154,-1.0233917236328125,0.24201132357120514,0,-5.0,0.9957484602928162
6,234,-1.1866588592529297,0.06520368903875351,-1.3179267644882202,-0.20168471336364746,1,-2.5,0.9960906505584717
6,235,-1.2003161907196045,0.06252463161945343,-1.4031184911727905,-0.3230833411216736,4,5.0,0.9959539771080017
6,236,-1.211592435836792,0.06360834836959839,-0.9199824333190918,0.43056246638298035,0,-5.0,0.9957298636436462
6,237,-1.2225062847137451,0.06534655392169952,-1.2223809957504272,-0.025488421320915222,3,2.5,0.9954234957695007
6,238,-1.2331172227859497,0.0676499754190445,-0.9400449395179749,0.41923463344573975,0,-5.0,0.9951980113983154
6,239,-1.2442208528518677,0.06929658353328705,-1.2406436204910278,-0.033312488347291946,3,2.5,0.9948821663856506
6,240,-1.2550053596496582,0.0715392455458641,-0.9568161368370056,0.4141865074634552,0,-5.0,0.9946483969688416
6,241,-1.2662676572799683,0.07315465062856674,-1.2558687925338745,-0.03526812791824341,3,2.5,0.9943159222602844
6,242,-1.2771968841552734,0.07539304345846176,-0.9707854390144348,0.4146253764629364,0,-5.0,0.9940663576126099
6,243,-1.288590908050537,0.077030248939991,-1.2685010433197021,-0.03205746039748192,3,2.5,0.9937092661857605
6,244,-1.2996402978897095,0.07931424677371979,-0.982361376285553,0.4199189245700836,0,-5.0,0.9934356808662415
6,245,-1.3111428022384644,0.08102044463157654,-1.2789100408554077,-0.024234458804130554,3,2.5,0.9930453300476074
6,246,-1.3222906589508057,0.08339477330446243,-0.9918830990791321,0.42957085371017456,0,-5.0,0.9927387833595276
6,247,-1.3338823318481445,0.08521261066198349,-1.287402629852295,-0.012227624654769897,3,2.5,0.9923055768013
6,248,-1.345110535621643,0.08771803230047226,-0.9996326565742493,0.44319969415664673,0,-5.0,0.9919562935829163
6,249,-1.3567742109298706,0.08968670666217804,-1.2942326068878174,0.003642123192548752,3,2.5,0.9914694428443909
6,250,-1.3680667877197266,0.09236098825931549,-1.005844235420227,0.4605230391025543,0,-5.0,0.9910665154457092
6,251,-1.3797870874404907,0.09451723098754883,-1.2996094226837158,0.02314593642950058,3,2.5,0.9905139803886414
6,252,-1.3911298513412476,0.09739607572555542,-1.0107111930847168,0.48134273290634155,0,-5.0,0.9900450110435486
6,253,-1.4028940200805664,0.09977494925260544,-1.3037053346633911,0.046134546399116516,3,2.5,0.9894130825996399
6,254,-1.414275050163269,0.10289275646209717,-1.0143934488296509,0.5055333375930786,0,-5.0,0.9888637661933899
6,255,-1.426071286201477,0.1055283322930336,-1.3066611289978027,0.07252807915210724,2,0.0,0.9884889721870422
6,256,-1.438541054725647,0.10728944092988968,-1.2036316394805908,0.24662956595420837,0,-5.0,0.988450288772583
6,257,-1.4521466493606567,0.10746947675943375,-1.481398344039917,-0.1633433997631073,1,-2.5,0.9888994097709656
6,258,-1.4673506021499634,0.10535941272974014,-1.5518724918365479,-0.2552923560142517,0,-5.0,0.9898511171340942
6,259,-1.4842921495437622,0.10074157267808914,-1.8039149045944214,-0.6263293623924255,4,5.0,0.9901807308197021
6,260,-1.4994008541107178,0.0990922600030899,-1.2905364036560059,0.17719140648841858,2,0.0,0.989620566368103
6,261,-1.5117183923721313,0.10187956690788269,-1.188974142074585,0.3481954038143158,0,-5.0,0.9893799424171448
6,262,-1.5251866579055786,0.10305348038673401,-1.468279242515564,-0.06516170501708984,0,-5.0,0.9899442791938782
6,263,-1.54132878780365,0.10027806460857391,-1.7266837358474731,-0.44634267687797546,0,-5.0,0.9911918640136719
6,264,-1.5599476099014282,0.09385167807340622,-1.966149091720581,-0.7990918755531311,1,-2.5,0.9926602244377136
6,265,-1.5798007249832153,0.08567236363887787,-2.001444101333618,-0.8393393158912659,3,2.5,0.993540346622467
6,266,-1.5978667736053467,0.08037206530570984,-1.6603978872299194,-0.3020446300506592,0,-5.0,0.9943293333053589
6,267,-1.6158608198165894,0.07530369609594345,-1.9062358140945435,-0.6682105660438538,1,-2.5,0.9953266382217407
6,268,-1.6351468563079834,0.06836188584566116,-1.9469349384307861,-0.7196261882781982,1,-2.5,0.9962887763977051
6,269,-1.6548256874084473,0.060920022428035736,-1.984977126121521,-0.7680420875549316,0,-5.0,0.9973618388175964
6,270,-1.6759381294250488,0.05136283114552498,-2.208017587661743,-1.1026700735092163,2,0.0,0.9982464909553528
6,271,-1.6970572471618652,0.04187484085559845,-2.039978504180908,-0.8361068964004517,4,5.0,0.9985392093658447
6,272,-1.7144359350204468,0.03821982815861702,-1.509639024734497,-0.012073144316673279,0,-5.0,0.998713493347168
6,273,-1.7310070991516113,0.035867840051651,-1.7695751190185547,-0.4072076380252838,0,-5.0,0.9991161227226257
6,274,-1.7500680685043335,0.02973025292158127,-2.010220527648926,-0.773083508014679,0,-5.0,0.9995967745780945
6,275,-1.7714359760284424,0.020079800859093666,-2.2332499027252197,-1.1128774881362915,2,0.0,0.9998906850814819
6,276,-1.7928072214126587,0.010456198826432228,-2.064655303955078,-0.8499243259429932,4,5.0,0.9999560117721558
6,277,-1.8104315996170044,0.006632546428591013,-1.533621072769165,-0.028940528631210327,0,-5.0,0.9999834299087524
6,278,-1.8272463083267212,0.0040688300505280495,-1.793614387512207,-0.4292292296886444,0,-5.0,0.9999945759773254
6,279,-1.8465510606765747,-0.0023314550053328276,-2.0342562198638916,-0.8001405596733093,0,-5.0,0.9998488426208496
6,280,-1.8681617975234985,-0.012293742038309574,-2.2571752071380615,-1.144753098487854,2,0.0,0.9995037913322449
6,281,-1.8897740840911865,-0.022275472059845924,-2.0883562564849854,-0.8863528370857239,4,5.0,0.9992973804473877
6,282,-1.9076387882232666,-0.026506761088967323,-1.5573543310165405,-0.07058341056108475,0,-5.0,0.9991281032562256
6,283,-1.9246934652328491,-0.02952791005373001,-1.8172115087509155,-0.4755514860153198,0,-5.0,0.9986726641654968
6,284,-1.9442365169525146,-0.03643253818154335,-2.057689666748047,-0.8511307239532471,4,5.0,0.9983710050582886
6,285,-1.961814522743225,-0.040360499173402786,-1.529962182044983,-0.04290159046649933,0,-5.0,0.9981384873390198
6,286,-1.978611707687378,-0.04314489662647247,-1.7924668788909912,-0.453855037689209,0,-5.0,0.997512936592102
6,287,-1.997922658920288,-0.04987034201622009,-2.035367488861084,-0.8350350260734558,4,5.0,0.997118353843689
6,288,-2.015294313430786,-0.053681038320064545,-1.5103418827056885,-0.03348604589700699,0,-5.0,0.9968185424804688
6,289,-2.0319080352783203,-0.05640445649623871,-1.7748334407806396,-0.44925880432128906,0,-5.0,0.9960164427757263
6,290,-2.051054000854492,-0.06311561167240143,-2.019556760787964,-0.8349969387054443,0,-5.0,0.9945930242538452
6,291,-2.072544574737549,-0.07353220134973526,-2.246063709259033,-1.1936081647872925,0,-5.0,0.9923613667488098
6,292,-2.0962045192718506,-0.08739915490150452,-2.4557456970214844,-1.5277055501937866,0,-5.0,0.9890827536582947
6,293,-2.1218740940093994,-0.10448561608791351,-2.649831533432007,-1.8396031856536865,0,-5.0,0.9844793081283569
6,294,-2.149402379989624,-0.12458200007677078,-2.8293938636779785,-2.131331443786621,2,0.0,0.9791896939277649
6,295,-2.1765332221984863,-0.14425788819789886,-2.623542070388794,-1.8355956077575684,0,-5.0,0.9729801416397095
6,296,-2.2038156986236572,-0.16437718272209167,-2.8055810928344727,-2.135655403137207,2,0.0,0.9660726189613342
6,297,-2.230736494064331,-0.18419383466243744,-2.604170083999634,-1.8545188903808594,0,-5.0,0.9581577181816101
6,298,-2.2578365802764893,-0.20455393195152283,-2.7877509593963623,-2.16099214553833,0,-5.0,0.9480749368667603
6,299,-2.2866904735565186,-0.2278706431388855,-2.956894874572754,-2.447579860687256,0,-5.0,0.9355072975158691
6,300,-2.317157506942749,-0.2539542615413666,-3.1124234199523926,-2.715855598449707,0,-5.0,0.9201204180717468
6,301,-2.3491055965423584,-0.28262975811958313,-3.25506329536438,-2.967229127883911,0,-5.0,0.901570200920105
6,302,-2.38240909576416,-0.3137352168560028,-3.3854594230651855,-3.2029755115509033,4,5.0,0.8835896253585815
6,303,-2.412902593612671,-0.34118953347206116,-2.7936203479766846,-2.3835978507995605,0,-5.0,0.8654597997665405
6,304,-2.441795587539673,-0.3667970895767212,-2.958500623703003,-2.6740787029266357,3,2.5,0.8471879363059998
6,305,-2.469271183013916,-0.3909118175506592,-2.5851101875305176,-2.192279100418091,2,0.0,0.8303074836730957
6,306,-2.4941883087158203,-0.4119374752044678,-2.417092800140381,-2.0112013816833496,2,0.0,-2.186022996902466
7,1,-0.06605567038059235,0.046617478132247925,0.007893607020378113,0.12114498019218445,3,2.5,0.9975447654724121
7,2,-0.06489444524049759,0.049550581723451614,0.19729083776474,0.42023634910583496,1,-2.5,0.9972891211509705
7,3,-0.06405256688594818,0.05206603184342384,-0.002395009621977806,0.12001797556877136,3,2.5,0.9969746470451355
7,4,-0.06298798322677612,0.055003222078084946,0.18800213932991028,0.4213949143886566,1,-2.5,0.9966883659362793
7,5,-0.06223250553011894,0.057546939700841904,-0.01064174622297287,0.12369634211063385,3,2.5,0.996335506439209
7,6,-0.06124504655599594,0.06053485721349716,0.18059639632701874,0.4271094501018524,1,-2.5,0.9960119128227234
7,7,-0.06055788695812225,0.06315139681100845,-0.01713639311492443,0.13175177574157715,0,-5.0,0.9962413907051086
7,8,-0.06282829493284225,0.06130735203623772,-0.3872537314891815,-0.4287927448749542,3,2.5,0.9965163469314575
7,9,-0.0654454305768013,0.05902272090315819,-0.16768306493759155,-0.08133627474308014,3,2.5,0.9963921308517456
7,10,-0.06596092879772186,0.060065630823373795,0.03538323938846588,0.24045827984809875,3,2.5,0.995879054069519
7,11,-0.0645320862531662,0.06419479101896286,0.2232651710510254,0.5390603542327881,1,-2.5,0.9953882098197937
7,12,-0.06343482434749603,0.06790996342897415,0.022566964849829674,0.2397913634777069,0,-5.0,0.995493471622467
7,13,-0.06532247364521027,0.06713084131479263,-0.35013797879219055,-0.32380491495132446,4,5.0,0.9954408407211304
7,14,-0.06651677191257477,0.0675216093659401,0.05419199541211128,0.3089559078216553,0,-5.0,0.9954555630683899
7,15,-0.06810189038515091,0.06741257756948471,-0.3209066092967987,-0.25837719440460205,4,5.0,0.9953160881996155
7,16,-0.0690162256360054,0.06843889504671097,0.08124443888664246,0.3710680902004242,0,-5.0,0.9952479004859924
7,17,-0.07034186273813248,0.06893529742956161,-0.2958037555217743,-0.1990712583065033,4,5.0,0.9950240850448608
7,18,-0.07101547718048096,0.0705401673913002,0.10450328886508942,0.4277085065841675,0,-5.0,0.9948745369911194
7,19,-0.07211729139089584,0.07159241288900375,-0.27411624789237976,-0.14442777633666992,1,-2.5,0.9952647686004639
7,20,-0.0757782831788063,0.06881313771009445,-0.4371109902858734,-0.38457411527633667,4,5.0,0.9952864646911621
7,21,-0.07780490815639496,0.06865524500608444,-0.02623423933982849,0.2584425210952759,0,-5.0,0.9953628778457642
7,22,-0.08015936613082886,0.06809631735086441,-0.39522191882133484,-0.29928144812583923,4,5.0,0.995271623134613
7,23,-0.08178504556417465,0.0687631368637085,0.012509070336818695,0.3388252556324005,0,-5.0,0.9952413439750671
7,24,-0.08376853168010712,0.06898292154073715,-0.35936588048934937,-0.22329697012901306,4,5.0,0.9950456023216248
7,25,-0.08505068719387054,0.07038726657629013,0.04570269212126732,0.4108162522315979,0,-5.0,0.9949150681495667
7,26,-0.08671552687883377,0.07130881398916245,-0.3285253345966339,-0.15459395945072174,1,-2.5,0.9953128099441528
7,27,-0.0908975750207901,0.06846299022436142,-0.4874648451805115,-0.3885475993156433,4,5.0,0.9953354001045227
7,28,-0.09340638667345047,0.06829796731472015,-0.07282385975122452,0.2602270841598511,0,-5.0,0.9954049587249756
7,29,-0.09620708972215652,0.06778667122125626,-0.43834933638572693,-0.2922327220439911,4,5.0,0.9953006505966187
7,30,-0.09824573248624802,0.0685519129037857,-0.027393639087677002,0.3508068919181824,0,-5.0,0.995250403881073
7,31,-0.1006113812327385,0.06891723722219467,-0.396295428276062,-0.2067733108997345,4,5.0,0.9950281977653503
7,32,-0.10224711149930954,0.07051098346710205,0.011538535356521606,0.431593120098114,0,-5.0,0.9948644042015076
7,33,-0.10423897951841354,0.07166299223899841,-0.36012017726898193,-0.12983036041259766,1,-2.5,0.9952270984649658
7,34,-0.10872330516576767,0.06908629089593887,-0.5166651010513306,-0.3600306510925293,0,-5.0,0.9960732460021973
7,35,-0.11577344685792923,0.06266377866268158,-0.8490214347839355,-0.8614683747291565,1,-2.5,0.9971834421157837
7,36,-0.12494400888681412,0.05307134985923767,-0.9697335958480835,-1.0381685495376587,2,0.0,0.9981149435043335
7,37,-0.13420802354812622,0.04341695085167885,-0.8944834470748901,-0.914387583732605,3,2.5,0.9986618161201477
7,38,-0.1416875571012497,0.03658122941851616,-0.6376705169677734,-0.5119922757148743,4,5.0,0.9987583160400391
7,39,-0.1456427425146103,0.03523745760321617,-0.21268324553966522,0.14895926415920258,3,2.5,0.9985119104385376
7,40,-0.14659711718559265,0.038575686514377594,-0.007229283452033997,0.47123974561691284,0,-5.0,0.9983944892883301
7,41,-0.14878539741039276,0.04006881266832352,-0.3798482418060303,-0.09749172627925873,3,2.5,0.9983140826225281
7,42,-0.1513383835554123,0.04106013849377632,-0.16164717078208923,0.2450685352087021,3,2.5,0.997944712638855
7,43,-0.1518021821975708,0.04533524066209793,0.04022936522960663,0.5626616477966309,1,-2.5,0.9975625872612
7,44,-0.15246590971946716,0.049370177090168,-0.14794084429740906,0.279537558555603,3,2.5,0.9970846176147461
7,45,-0.152795672416687,0.053994063287973404,0.05325351655483246,0.5972238779067993,1,-2.5,0.9965915083885193
7,46,-0.15333083271980286,0.058382607996463776,-0.1353604942560196,0.31486275792121887,1,-2.5,0.9963904023170471
7,47,-0.1556694507598877,0.060080066323280334,-0.3095470666885376,0.055388547480106354,3,2.5,0.9960830807685852
7,48,-0.15754273533821106,0.06258514523506165,-0.09580336511135101,0.3937996029853821,0,-5.0,0.9959788918495178
7,49,-0.16056658327579498,0.06341229379177094,-0.4600432813167572,-0.1577107310295105,1,-2.5,0.9963268637657166
7,50,-0.16601139307022095,0.06060635298490524,-0.6096273064613342,-0.3785759210586548,4,5.0,0.9963262677192688
7,51,-0.1696915179491043,0.06061147525906563,-0.18600966036319733,0.2831648886203766,3,2.5,0.9957340955734253
7,52,-0.1703820526599884,0.06531394273042679,0.018481820821762085,0.6074357032775879,1,-2.5,0.9951210618019104
7,53,-0.17124488949775696,0.06984943151473999,-0.16680799424648285,0.3321087658405304,0,-5.0,0.9950829148292542
7,54,-0.17494451999664307,0.0701221153140068,-0.5251645445823669,-0.20899373292922974,0,-5.0,0.9957465529441833
7,55,-0.18207521736621857,0.06521838903427124,-0.8567540645599365,-0.7090088725090027,3,2.5,0.9963464736938477
7,56,-0.18918649852275848,0.060444679111242294,-0.6019253134727478,-0.3067883551120758,3,2.5,0.9964573383331299
7,57,-0.19385892152786255,0.059520140290260315,-0.36627519130706787,0.06535182148218155,3,2.5,0.9961360096931458
7,58,-0.1962754875421524,0.06216127425432205,-0.1483009159564972,0.4102092981338501,1,-2.5,0.995797336101532
7,59,-0.19873632490634918,0.06482801586389542,-0.3212793171405792,0.1532561033964157,0,-5.0,0.9959801435470581
7,60,-0.20391757786273956,0.06340239942073822,-0.6684710383415222,-0.3716548681259155,0,-5.0,0.9967565536499023
7,61,-0.21242409944534302,0.05695115402340889,-0.9898766875267029,-0.8572747111320496,3,2.5,0.9974223971366882
7,62,-0.2208126187324524,0.05076969414949417,-0.7253956198692322,-0.4412628710269928,4,5.0,0.9974788427352905
7,63,-0.22560356557369232,0.050211042165756226,-0.2933640778064728,0.23230597376823425,3,2.5,0.9970341324806213
7,64,-0.2273252159357071,0.0544595792889595,-0.08122653514146805,0.5669650435447693,1,-2.5,0.9965619444847107
7,65,-0.2291475534439087,0.05863485857844353,-0.2597261965274811,0.30026063323020935,3,2.5,0.9959608912467957
7,66,-0.23054447770118713,0.06355370581150055,-0.04978683590888977,0.6326673626899719,1,-2.5,0.9953237771987915
7,67,-0.23206177353858948,0.0683828592300415,-0.2300778478384018,0.3647479712963104,0,-5.0,0.9952362179756165
7,68,-0.23636797070503235,0.06902024149894714,-0.5838084816932678,-0.16949820518493652,1,-2.5,0.9956191182136536
7,69,-0.24299509823322296,0.06618841737508774,-0.7237716317176819,-0.37461933493614197,0,-5.0,0.996429979801178
7,70,-0.25202956795692444,0.05974971875548363,-1.0408294200897217,-0.8530346155166626,3,2.5,0.9971218705177307
7,71,-0.26090508699417114,0.0536482036113739,-0.7724313139915466,-0.4306280016899109,4,5.0,0.9971665143966675
7,72,-0.26614558696746826,0.053230687975883484,-0.3367915153503418,0.24884000420570374,3,2.5,0.9966732859611511
7,73,-0.2682819962501526,0.05767776817083359,-0.12127876281738281,0.589108943939209,1,-2.5,0.9961426854133606
7,74,-0.27048635482788086,0.06210697442293167,-0.2965772747993469,0.32788047194480896,1,-2.5,0.9958978891372681
7,75,-0.27436670660972595,0.06404771655797958,-0.45844534039497375,0.08800990879535675,0,-5.0,0.9961488246917725
7,76,-0.28086158633232117,0.062057919800281525,-0.7954268455505371,-0.4213394522666931,4,5.0,0.9961857795715332
7,77,-0.28632017970085144,0.06175919622182846,-0.3578537702560425,0.26205524802207947,3,2.5,0.9955956339836121
7,78,-0.28865551948547363,0.06636517494916916,-0.14043882489204407,0.6063805222511292,1,-2.5,0.9949594736099243
7,79,-0.2910393178462982,0.0709964707493782,-0.3137553334236145,0.34967073798179626,0,-5.0,0.9948815107345581
7,80,-0.2961452007293701,0.07154370844364166,-0.661013662815094,-0.17412106692790985,1,-2.5,0.9952774047851562
7,81,-0.3035103380680084,0.06872113794088364,-0.7950372695922852,-0.369679719209671,0,-5.0,0.9961082339286804
7,82,-0.31322574615478516,0.06238401681184769,-1.106566071510315,-0.8391140699386597,3,2.5,0.9968112707138062
7,83,-0.3227297365665436,0.056468721479177475,-0.8331485390663147,-0.40863844752311707,4,5.0,0.9968286752700806
7,84,-0.3285508155822754,0.05631473287940025,-0.3928799331188202,0.2782887816429138,3,2.5,0.9962670803070068
7,85,-0.3312232494354248,0.06109785661101341,-0.17304550111293793,0.6256319880485535,1,-2.5,0.9956528544425964
7,86,-0.3339216709136963,0.06593285501003265,-0.3442542850971222,0.3712869882583618,0,-5.0,0.9955503940582275
7,87,-0.3393222987651825,0.06670523434877396,-0.689620316028595,-0.15053518116474152,1,-2.5,0.9958875775337219
7,88,-0.3469635248184204,0.06412810832262039,-0.8217947483062744,-0.3440389335155487,0,-5.0,0.9966295957565308
7,89,-0.3569374978542328,0.058055367320775986,-1.131645679473877,-0.8117183446884155,2,0.0,0.9974212646484375
7,90,-0.3677492141723633,0.0507812537252903,-1.043939232826233,-0.6679678559303284,4,5.0,0.9976801872253418
7,91,-0.3755899965763092,0.048164498060941696,-0.5880510807037354,0.04234173148870468,2,0.0,0.9975931644439697
7,92,-0.3812001645565033,0.04905938357114792,-0.5414082407951355,0.1215507760643959,2,0.0,0.997427761554718
7,93,-0.38636350631713867,0.05071727931499481,-0.4982157349586487,0.19559147953987122,3,2.5,0.9970041513442993
7,94,-0.3900461196899414,0.05473417416214943,-0.2706936299800873,0.5540252923965454,0,-5.0,0.996721088886261
7,95,-0.3947485685348511,0.057261765003204346,-0.6224097609519958,0.020418278872966766,2,0.0,0.996638834476471
7,96,-0.4006842374801636,0.05797548219561577,-0.5727412104606628,0.10562587529420853,2,0.0,0.9964585900306702
7,97,-0.40614408254623413,0.059509921818971634,-0.5267572999000549,0.1852802187204361,2,0.0,0.9961791038513184
7,98,-0.4111631214618683,0.06181333586573601,-0.484144002199173,0.25998538732528687,3,2.5,0.9955801963806152
7,99,-0.4147074818611145,0.06648162752389908,-0.2572628855705261,0.6188991665840149,1,-2.5,0.994914174079895
7,100,-0.4182097613811493,0.07131499797105789,-0.4218222498893738,0.3756982088088989,0,-5.0,0.9947879910469055
7,101,-0.4243501126766205,0.07219411432743073,-0.7609606981277466,-0.13552360236644745,1,-2.5,0.9951245188713074
7,102,-0.43267181515693665,0.06982442736625671,-0.8874495029449463,-0.3193638324737549,0,-5.0,0.995897114276886
7,103,-0.443271279335022,0.06405367702245712,-1.191954493522644,-0.7777635455131531,3,2.5,0.9965413212776184
7,104,-0.4535921514034271,0.058810602873563766,-0.9120625257492065,-0.3370945453643799,4,5.0,0.9964684247970581
7,105,-0.4601680338382721,0.05942704528570175,-0.46581390500068665,0.35932016372680664,1,-2.5,0.9961822032928467
7,106,-0.46566981077194214,0.06178821250796318,-0.6151648163795471,0.13829739391803741,2,0.0,0.9959443807601929
7,107,-0.4715343415737152,0.06368371844291687,-0.5658136010169983,0.22370651364326477,1,-2.5,0.9958057999610901
7,108,-0.4779914617538452,0.06476252526044846,-0.7074082493782043,0.0152979027479887,0,-5.0,0.9961298704147339
7,109,-0.48686954379081726,0.062210481613874435,-1.0256909132003784,-0.4651411175727844,4,5.0,0.9962023496627808
7,110,-0.49453261494636536,0.06162507086992264,-0.5708616375923157,0.2448471486568451,0,-5.0,0.9962456822395325
7,111,-0.5021049976348877,0.06127254664897919,-0.8995789885520935,-0.25216585397720337,3,2.5,0.9962678551673889
7,112,-0.5096266865730286,0.061091098934412,-0.6415815949440002,0.1545192450284958,2,0.0,0.9960101842880249
7,113,-0.5157443881034851,0.06316500902175903,-0.5902844071388245,0.242827907204628,0,-5.0,0.9960551261901855
7,114,-0.5235018730163574,0.0628083273768425,-0.9174317717552185,-0.2514857053756714,1,-2.5,0.9964759349822998
7,115,-0.5333259105682373,0.05936364084482193,-1.032791018486023,-0.41975268721580505,4,5.0,0.9964913725852966
7,116,-0.5410576462745667,0.05923336371779442,-0.5774869918823242,0.29066333174705505,0,-5.0,0.9964789748191833
7,117,-0.5486946702003479,0.05933835357427597,-0.905880331993103,-0.2062709927558899,3,2.5,0.9964457750320435
7,118,-0.556277334690094,0.05961725115776062,-0.6474745869636536,0.20080557465553284,0,-5.0,0.9965342879295349
7,119,-0.5645841956138611,0.058870360255241394,-0.9706013798713684,-0.2879730463027954,3,2.5,0.9965924620628357
7,120,-0.5727866888046265,0.05837392807006836,-0.7073688507080078,0.12646596133708954,2,0.0,0.9963752627372742
7,121,-0.579535186290741,0.06020592153072357,-0.6512728333473206,0.221764475107193,0,-5.0,0.9964392185211182
7,122,-0.5878781080245972,0.05967237055301666,-0.9740696549415588,-0.26639264822006226,3,2.5,0.996472179889679
7,123,-0.5961135029792786,0.059395235031843185,-0.7105463147163391,0.1486002653837204,2,0.0,0.9962236285209656
7,124,-0.6028922200202942,0.061452388763427734,-0.6541622877120972,0.24449656903743744,0,-5.0,0.9962605834007263
7,125,-0.6112621426582336,0.06115071475505829,-0.9766488671302795,-0.24294903874397278,3,2.5,0.9962653517723083
7,126,-0.6195217967033386,0.061111900955438614,-0.7128782272338867,0.17261651158332825,2,0.0,0.9959787130355835
7,127,-0.6263220310211182,0.06341365724802017,-0.6562365889549255,0.26916566491127014,0,-5.0,0.9959849715232849
7,128,-0.6347108483314514,0.06336422264575958,-0.9784205555915833,-0.217448428273201,1,-2.5,0.9963637590408325
7,129,-0.6451185345649719,0.06030111014842987,-1.089167833328247,-0.3785116672515869,4,5.0,0.9963250160217285
7,130,-0.6533896327018738,0.06062152981758118,-0.6296126246452332,0.3385623097419739,1,-2.5,0.9960454702377319
7,131,-0.6604589223861694,0.06288500130176544,-0.7666127681732178,0.1367586851119995,2,0.0,0.9957923293113708
7,132,-0.6677730083465576,0.06486643105745316,-0.7058586478233337,0.23989267647266388,0,-5.0,0.9958320260047913
7,133,-0.6766360402107239,0.06455988436937332,-1.0242184400558472,-0.24057450890541077,1,-2.5,0.9962425827980042
7,134,-0.6874816417694092,0.06129775568842888,-1.131467342376709,-0.3960617184638977,4,5.0,0.9962212443351746
7,135,-0.6961575746536255,0.06147165596485138,-0.6687215566635132,0.3260330557823181,1,-2.5,0.9959503412246704
7,136,-0.7036009430885315,0.0636371374130249,-0.8027385473251343,0.12896110117435455,2,0.0,0.9957011342048645
7,137,-0.7112606167793274,0.0655655637383461,-0.7392414808273315,0.2364276647567749,0,-5.0,0.9957427382469177
7,138,-0.7204428911209106,0.0652477815747261,-1.0550479888916016,-0.2399800419807434,1,-2.5,0.9961543679237366
7,139,-0.7315833568572998,0.062013134360313416,-1.1599456071853638,-0.39173415303230286,4,5.0,0.9961249232292175
7,140,-0.7405316829681396,0.062249891459941864,-0.6950499415397644,0.3337500989437103,1,-2.5,0.9958382844924927
7,141,-0.7482267618179321,0.06451132148504257,-0.8270465731620789,0.13992027938365936,2,0.0,0.9955688714981079
7,142,-0.7561187744140625,0.06656676530838013,-0.7616864442825317,0.2503853440284729,0,-5.0,0.995590329170227
7,143,-0.7655155062675476,0.06640543043613434,-1.075735330581665,-0.22312729060649872,1,-2.5,0.9959861040115356
7,144,-0.7768535614013672,0.06335511058568954,-1.1790105104446411,-0.3721906840801239,4,5.0,0.9959293603897095
7,145,-0.7859841585159302,0.06380148977041245,-0.7126569151878357,0.3556848168373108,0,-5.0,0.9958197474479675
7,146,-0.7949128746986389,0.06465516984462738,-1.0305789709091187,-0.12426598370075226,1,-2.5,0.9960861206054688
7,147,-0.8058191537857056,0.0625607892870903,-1.1373223066329956,-0.2789277136325836,1,-2.5,0.9965206980705261
7,148,-0.817748486995697,0.058985572308301926,-1.2362207174301147,-0.4218835234642029,4,5.0,0.9965229034423828
7,149,-0.8274277448654175,0.05896717682480812,-0.7656757831573486,0.3119738698005676,0,-5.0,0.9964706301689148
7,150,-0.836866557598114,0.05940837785601616,-1.0799798965454102,-0.16329354047775269,2,0.0,0.9965673089027405
7,151,-0.8471819758415222,0.05858898535370827,-0.9959225654602051,-0.024827860295772552,3,2.5,0.9963105916976929
7,152,-0.8556268811225891,0.06074059382081032,-0.730785071849823,0.392558217048645,1,-2.5,0.9959536790847778
7,153,-0.8636648058891296,0.06361069530248642,-0.8601967692375183,0.2024795264005661,0,-5.0,0.996027410030365
7,154,-0.8740060925483704,0.06302867829799652,-1.1670869588851929,-0.26056161522865295,1,-2.5,0.9964409470558167
7,155,-0.8862201571464539,0.05965759977698326,-1.2637226581573486,-0.3999519944190979,4,5.0,0.9964147210121155
7,156,-0.8961626291275024,0.059877462685108185,-0.7910990715026855,0.33718353509902954,1,-2.5,0.996127188205719
7,157,-0.9047783613204956,0.06223183125257492,-0.9160405397415161,0.15383575856685638,2,0.0,0.9958422183990479
7,158,-0.913523256778717,0.06448107957839966,-0.8441192507743835,0.2740810513496399,0,-5.0,0.995826005935669
7,159,-0.923710286617279,0.06460642069578171,-1.1521443128585815,-0.19052720069885254,1,-2.5,0.9961647987365723
7,160,-0.9357805252075195,0.06192900240421295,-1.2497925758361816,-0.3312053382396698,4,5.0,0.9960523843765259
7,161,-0.945589005947113,0.06283007562160492,-0.778160035610199,0.4046561121940613,0,-5.0,0.9958764910697937
7,162,-0.9551452994346619,0.06421444565057755,-1.0912436246871948,-0.0680030807852745,1,-2.5,0.9960659742355347
7,163,-0.966632604598999,0.06272181123495102,-1.1934576034545898,-0.21574442088603973,1,-2.5,0.9964220523834229
7,164,-0.9790991544723511,0.059815775603055954,-1.288124918937683,-0.3521398603916168,4,5.0,0.9963361024856567
7,165,-0.9892750978469849,0.060530081391334534,-0.8136646747589111,0.38784894347190857,1,-2.5,0.9959795475006104
7,166,-0.9981065988540649,0.06340714544057846,-0.9368770718574524,0.2072850465774536,0,-5.0,0.9960406422615051
7,167,-1.0091822147369385,0.06292311102151871,-1.238034963607788,-0.24696147441864014,1,-2.5,0.9964317679405212
7,168,-1.0220755338668823,0.05973447859287262,-1.3293561935424805,-0.37817806005477905,4,5.0,0.9963741302490234
7,169,-1.0326461791992188,0.060215339064598083,-0.8518093228340149,0.36655449867248535,1,-2.5,0.9960430860519409
7,170,-1.0418429374694824,0.06290392577648163,-0.9721808433532715,0.1903102993965149,0,-5.0,0.9961221814155579
7,171,-1.0532567501068115,0.06227226182818413,-1.2707313299179077,-0.2600155770778656,3,2.5,0.9961240291595459
7,172,-1.0643315315246582,0.06225752830505371,-0.9848828911781311,0.18969877064228058,0,-5.0,0.9962021708488464
7,173,-1.0758672952651978,0.06162673979997635,-1.2825279235839844,-0.25934919714927673,3,2.5,0.996202290058136
7,174,-1.0870553255081177,0.06162550672888756,-0.9958165884017944,0.19161483645439148,0,-5.0,0.9962766170501709
7,175,-1.0986958742141724,0.06101974472403526,-1.2926877737045288,-0.256353497505188,3,2.5,0.9962723851203918
7,176,-1.1099810600280762,0.0610542856156826,-1.0052345991134644,0.19567835330963135,0,-5.0,0.9963404536247253
7,177,-1.121712327003479,0.060494162142276764,-1.3014404773712158,-0.2513662576675415,3,2.5,0.9963296055793762
7,178,-1.1330815553665161,0.060583584010601044,-1.0133483409881592,0.20158584415912628,0,-5.0,0.9963895678520203
7,179,-1.144890546798706,0.06008689105510712,-1.3089792728424072,-0.24465537071228027,3,2.5,0.9963701963424683
7,180,-1.156332015991211,0.06024780496954918,-1.0203348398208618,0.20909780263900757,0,-5.0,0.9964203238487244
7,181,-1.168208360671997,0.059830136597156525,-1.3154652118682861,-0.2364301085472107,3,2.5,0.9963907599449158
7,182,-1.1797120571136475,0.06007721275091171,-1.026342511177063,0.2180294543504715,0,-5.0,0.9964296221733093
7,183,-1.191645860671997,0.05975247174501419,-1.3210339546203613,-0.22684969007968903,3,2.5,0.9963881373405457
7,184,-1.2032026052474976,0.06009891256690025,-1.0314955711364746,0.22824227809906006,0,-5.0,0.9964144229888916
7,185,-1.2151856422424316,0.059879738837480545,-1.3257982730865479,-0.21603111922740936,3,2.5,0.9963593482971191
7,186,-1.22678804397583,0.060337696224451065,-1.0358974933624268,0.23963674902915955,0,-5.0,0.9963716268539429
7,187,-1.2388134002685547,0.06023585796356201,-1.3298522233963013,-0.20405437052249908,3,2.5,0.9963012933731079
7,188,-1.2504546642303467,0.060816772282123566,-1.0396349430084229,0.25214776396751404,0,-5.0,0.99629807472229
7,189,-1.2625151872634888,0.060843512415885925,-1.333274483680725,-0.1909678876399994,3,2.5,0.9962105751037598
7,190,-1.2741891145706177,0.061558421701192856,-1.0427796840667725,0.26573947072029114,0,-5.0,0.996190071105957
7,191,-1.286279320716858,0.061724692583084106,-1.3361293077468872,-0.17679277062416077,2,0.0,0.9962860345840454
7,192,-1.2990461587905884,0.06094237416982651,-1.2327666282653809,-0.008257055655121803,3,2.5,0.995978057384491
7,193,-1.3097577095031738,0.06341869384050369,-0.9497960805892944,0.43690264225006104,0,-5.0,0.9957438111305237
7,194,-1.3209569454193115,0.06523948162794113,-1.2499738931655884,-0.01576049253344536,3,2.5,0.99542236328125
7,195,-1.3318320512771606,0.06765814870595932,-0.9655740857124329,0.432129830121994,0,-5.0,0.9951766729354858
7,196,-1.3431801795959473,0.0694504901766777,-1.2642594575881958,-0.017465706914663315,3,2.5,0.9948350787162781
7,197,-1.3541908264160156,0.07186734676361084,-0.9786584377288818,0.4327850043773651,0,-5.0,0.9945707321166992
7,198,-1.3656620979309082,0.07368374615907669,-1.2760509252548218,-0.014047220349311829,3,2.5,0.9942014217376709
7,199,-1.3767845630645752,0.07614830881357193,-0.9894413948059082,0.4382614493370056,0,-5.0,0.9939104318618774
7,200,-1.3883568048477173,0.07803571224212646,-1.285703182220459,-0.006035741418600082,3,2.5,0.9935048222541809
7,201,-1.3995704650878906,0.0805925503373146,-0.9982487559318542,0.4480847716331482,0,-5.0,0.9931783080101013
7,202,-1.4112244844436646,0.08259357511997223,-1.2935106754302979,0.006160639226436615,3,2.5,0.992726743221283
7,203,-1.4225118160247803,0.08528348058462143,-1.0053513050079346,0.46189233660697937,0,-5.0,0.992354691028595
7,204,-1.4342315196990967,0.0874374657869339,-1.299716591835022,0.02223794162273407,3,2.5,0.9918462038040161
7,205,-1.4455770254135132,0.09029844403266907,-1.0109728574752808,0.4794173538684845,0,-5.0,0.991417407989502
7,206,-1.4573476314544678,0.0926423892378807,-1.3045214414596558,0.04198252782225609,3,2.5,0.9908394813537598
7,207,-1.4687379598617554,0.09571049362421036,-1.0152992010116577,0.5004756450653076,0,-5.0,0.990341067314148
7,208,-1.4805469512939453,0.09827989339828491,-1.3080898523330688,0.06525857001543045,2,0.0,0.9900083541870117
7,209,-1.4930328130722046,0.09995809197425842,-1.2052428722381592,0.2381039708852768,0,-5.0,0.9899925589561462
7,210,-1.5066580772399902,0.10003738850355148,-1.4834924936294556,-0.17404428124427795,0,-5.0,0.9907501339912415
7,211,-1.5229476690292358,0.09617605060338974,-1.741032361984253,-0.5545099377632141,0,-5.0,0.9921380281448364
7,212,-1.5417062044143677,0.08866787701845169,-1.9797916412353516,-0.9069740176200867,3,2.5,0.9931640028953552
7,213,-1.5595643520355225,0.08268017321825027,-1.6403400897979736,-0.3718227744102478,2,0.0,0.9935711622238159
7,214,-1.5752366781234741,0.08017987757921219,-1.513330101966858,-0.1640266478061676,0,-5.0,0.9941637516021729
7,215,-1.591822624206543,0.07639545202255249,-1.770147442817688,-0.5470775961875916,0,-5.0,0.9952473640441895
7,216,-1.610870122909546,0.06893923878669739,-2.008150100708008,-0.9019762873649597,3,2.5,0.9960315227508545
7,217,-1.6290042400360107,0.06299588084220886,-1.6669968366622925,-0.3663872480392456,2,0.0,0.9963353276252747
7,218,-1.6449384689331055,0.060536544770002365,-1.5388095378875732,-0.15947148203849792,0,-5.0,0.9967767596244812
7,219,-1.661778211593628,0.05677369609475136,-1.7951143980026245,-0.5452404022216797,0,-5.0,0.9975682497024536
7,220,-1.6810742616653442,0.049312662333250046,-2.0325684547424316,-0.9027258157730103,4,5.0,0.9979753494262695
7,221,-1.6983801126480103,0.04499597102403641,-1.5026111602783203,-0.07843519002199173,0,-5.0,0.9982369542121887
7,222,-1.7148808240890503,0.041988831013441086,-1.7626514434814453,-0.4726116359233856,0,-5.0,0.9987606406211853
7,223,-1.7338727712631226,0.03520415723323822,-2.0034570693969727,-0.8377410173416138,4,5.0,0.9990077614784241
7,224,-1.7509034872055054,0.031499650329351425,-1.4760565757751465,-0.019047945737838745,0,-5.0,0.9991565346717834
7,225,-1.7671562433242798,0.029042869806289673,-1.738932490348816,-0.41982999444007874,0,-5.0,0.9994826316833496
7,226,-1.7859269380569458,0.022745952010154724,-1.9822888374328613,-0.791004478931427,0,-5.0,0.9998340010643005
7,227,-1.807030439376831,0.012885038740932941,-2.20780873298645,-1.1357625722885132,2,0.0,0.9999909996986389
7,228,-1.8281606435775757,0.0030037856195122004,-2.04146146774292,-0.8773462772369385,4,5.0,0.9999987483024597
7,229,-1.8455657958984375,-0.001121928682550788,-1.5125298500061035,-0.06071097403764725,0,-5.0,0.9999837279319763
7,230,-1.862181544303894,-0.004031024407595396,-1.7745227813720703,-0.4652751088142395,0,-5.0,0.9998829364776611
7,231,-1.8813066482543945,-0.010818527080118656,-2.017016649246216,-0.8402751684188843,4,5.0,0.9997864365577698
7,232,-1.898483395576477,-0.014614229090511799,-1.4906667470932007,-0.029768608510494232,0,-5.0,0.9997023940086365
7,233,-1.9148951768875122,-0.017251459881663322,-1.7549763917922974,-0.43989861011505127,0,-5.0,0.9994325637817383
7,234,-1.9338382482528687,-0.023820482194423676,-1.9995763301849365,-0.8200858235359192,4,5.0,0.9992464780807495
7,235,-1.950853705406189,-0.02745063416659832,-1.4753397703170776,-0.015000686049461365,0,-5.0,0.9991016983985901
7,236,-1.9671236276626587,-0.02997148223221302,-1.7413941621780396,-0.4296504855155945,0,-5.0,0.9986701011657715
7,237,-1.9859411716461182,-0.0364677794277668,-1.9875850677490234,-0.8140951991081238,4,5.0,0.998394250869751
7,238,-2.0028481483459473,-0.04007163643836975,-1.4651222229003906,-0.013980500400066376,0,-5.0,0.9981845021247864
7,239,-2.01902437210083,-0.04260905086994171,-1.7324798107147217,-0.43237370252609253,0,-5.0,0.9975834488868713
7,240,-2.0377604961395264,-0.04915834963321686,-1.979862093925476,-0.8203874230384827,4,5.0,0.9972060918807983
7,241,-2.054600238800049,-0.05285751074552536,-1.458943247795105,-0.025027111172676086,0,-5.0,0.9969165325164795
7,242,-2.0707216262817383,-0.0555289089679718,-1.7272586822509766,-0.44658541679382324,0,-5.0,0.9961257576942444
7,243,-2.089411973953247,-0.062243297696113586,-1.9755172729492188,-0.8376575112342834,4,5.0,0.9956244826316833
7,244,-2.106217384338379,-0.06614769250154495,-1.4560086727142334,-0.047055140137672424,0,-5.0,0.9952306151390076
7,245,-2.122314453125,-0.06906060129404068,-1.725003719329834,-0.47134315967559814,0,-5.0,0.9942173957824707
7,246,-2.1409876346588135,-0.07604358345270157,-1.973883867263794,-0.8650909066200256,0,-5.0,0.9924641847610474
7,247,-2.162044048309326,-0.0868091881275177,-2.2041990756988525,-1.2311939001083374,0,-5.0,0.9897793531417847
7,248,-2.1853065490722656,-0.10109711438417435,-2.4173402786254883,-1.5722607374191284,4,5.0,0.987421989440918
7,249,-2.206364154815674,-0.11215195804834366,-1.8682482242584229,-0.7450200915336609,0,-5.0,0.9851567149162292
7,250,-2.2264180183410645,-0.1218332052230835,-2.1073975563049316,-1.1288580894470215,0,-5.0,0.9817194938659668
7,251,-2.2487614154815674,-0.13520540297031403,-2.3285717964172363,-1.486246943473816,0,-5.0,0.9768904447555542
7,252,-2.273221731185913,-0.15201842784881592,-2.533022165298462,-1.819524884223938,0,-5.0,0.9704009294509888
7,253,-2.299638032913208,-0.17204377055168152,-2.7218565940856934,-2.1307718753814697,2,0.0,0.9631814956665039
7,254,-2.3257601261138916,-0.1918814480304718,-2.5271782875061035,-1.8614168167114258,0,-5.0,0.9549006223678589
7,255,-2.3521230220794678,-0.2123659998178482,-2.716386318206787,-2.177133560180664,0,-5.0,0.9443536996841431
7,256,-2.3802926540374756,-0.23589470982551575,-2.890639305114746,-2.4721436500549316,0,-5.0,0.931214451789856
7,257,-2.410123586654663,-0.26226988434791565,-3.050776720046997,-2.748053550720215,0,-5.0,0.9151391386985779
7,258,-2.4414784908294678,-0.29130882024765015,-3.197542905807495,-3.0063040256500244,0,-5.0,0.8957729339599609
7,259,-2.4742271900177,-0.3228420317173004,-3.331598997116089,-3.2482030391693115,4,5.0,0.8769272565841675
7,260,-2.50421142578125,-0.35081714391708374,-2.745088577270508,-2.440617561340332,3,2.5,0.8611100316047668
7,261,-2.529634952545166,-0.37267959117889404,-2.3856239318847656,-1.973248839378357,4,5.0,0.8488772511482239
7,262,-2.550649404525757,-0.38874509930610657,-1.8819303512573242,-1.3059828281402588,4,5.0,0.8411842584609985
7,263,-2.5668630599975586,-0.39851683378219604,-1.4185935258865356,-0.7026252746582031,3,2.5,0.8368080258369446
7,264,-2.579632520675659,-0.40397027134895325,-1.163704752922058,-0.3991856873035431,2,0.0,0.8335790038108826
7,265,-2.590944290161133,-0.4079474210739136,-1.100516438484192,-0.3691512644290924,2,0.0,0.83053058385849
7,266,-2.6016507148742676,-0.4116666615009308,-1.0419447422027588,-0.34635254740715027,2,0.0,0.8276113271713257
7,267,-2.6117961406707764,-0.41519710421562195,-0.9876362681388855,-0.330226331949234,2,0.0,0.8247720003128052
7,268,-2.6214210987091064,-0.41860249638557434,-0.9372701048851013,-0.3202696144580841,2,0.0,-2.178035020828247
8,1,0.19105669856071472,-0.09288281202316284,0.19652059674263,-0.004580795764923096,4,5.0,0.9919087290763855
8,2,0.1950276643037796,-0.08995144069194794,0.5507903695106506,0.5258431434631348,2,0.0,0.9927394390106201
8,3,0.20026610791683197,-0.08520884066820145,0.5050286054611206,0.4420118033885956,2,0.0,0.9933956265449524
8,4,0.2050679326057434,-0.08126712590456009,0.4628830850124359,0.3644099831581116,2,0.0,0.9939054846763611
8,5,0.20946753025054932,-0.07806755602359772,0.4240567684173584,0.2924707531929016,3,2.5,0.9945361018180847
8,6,0.21456122398376465,-0.07391835749149323,0.5754445791244507,0.5136992335319519,2,0.0,0.9951993227005005
8,7,0.22004152834415436,-0.0692867636680603,0.5285856127738953,0.4305047392845154,4,5.0,0.9961352348327637
8,8,0.22720582783222198,-0.06216743588447571,0.86006098985672,0.9305714964866638,1,-2.5,0.9969557523727417
8,9,0.2343502640724182,-0.05517485365271568,0.6051629185676575,0.5286714434623718,0,-5.0,0.997119665145874
8,10,0.2379891723394394,-0.05366870388388634,0.18203862011432648,-0.1316688358783722,3,2.5,0.9971317648887634
8,11,0.24077677726745605,-0.0535556860268116,0.35303032398223877,0.1237163096666336,3,2.5,0.9973989129066467
8,12,0.24520154297351837,-0.05100059136748314,0.5112395882606506,0.3594885468482971,1,-2.5,0.997552216053009
8,13,0.24900884926319122,-0.049475058913230896,0.28275683522224426,-0.0003545396029949188,3,2.5,0.9976857304573059
8,14,0.25276264548301697,-0.048106931149959564,0.44646766781806946,0.244533509016037,3,2.5,0.9980291128158569
8,15,0.2580844759941101,-0.04439450800418854,0.5980215072631836,0.4709681570529938,0,-5.0,0.9981124401092529
8,16,0.26165780425071716,-0.043446172028779984,0.17574097216129303,-0.18679530918598175,3,2.5,0.9980762004852295
8,17,0.2643897831439972,-0.043860867619514465,0.34782838821411133,0.07194210588932037,3,2.5,0.9982525706291199
8,18,0.26876911520957947,-0.041801851242780685,0.5070069432258606,0.31077584624290466,2,0.0,0.9984711408615112
8,19,0.2736061215400696,-0.03910069540143013,0.46680447459220886,0.24252325296401978,3,2.5,0.9987465143203735
8,20,0.2791265547275543,-0.03540492802858353,0.6173646450042725,0.4688776135444641,0,-5.0,0.9988113045692444
8,21,0.28288766741752625,-0.03447730094194412,0.19393818080425262,-0.18952356278896332,3,2.5,0.9987809658050537
8,22,0.28579774498939514,-0.03491442650556564,0.36519551277160645,0.06938326358795166,3,2.5,0.9989191889762878
8,23,0.29034721851348877,-0.032875724136829376,0.5235995054244995,0.30846107006073,2,0.0,0.9990883469581604
8,24,0.29534655809402466,-0.03019327111542225,0.48260295391082764,0.2403133660554886,3,2.5,0.999297022819519
8,25,0.30102217197418213,-0.026513567194342613,0.6324911117553711,0.4670485854148865,0,-5.0,0.9993445873260498
8,26,0.3049308955669403,-0.025600764900445938,0.20826825499534607,-0.19141216576099396,3,2.5,0.9993214011192322
8,27,0.30798205733299255,-0.026049800217151642,0.37896567583084106,0.06804491579532623,3,2.5,0.9994231462478638
8,28,0.31266719102859497,-0.024017218500375748,0.5368470549583435,0.3077228367328644,2,0.0,0.9995447993278503
8,29,0.3177967965602875,-0.02133553847670555,0.4953078329563141,0.24006307125091553,3,2.5,0.999688446521759
8,30,0.3235977292060852,-0.017650563269853592,0.6447411775588989,0.46748846769332886,0,-5.0,0.9997202157974243
8,31,0.3276267647743225,-0.016727427020668983,0.21997353434562683,-0.19059595465660095,3,2.5,0.9997055530548096
8,32,0.33079373836517334,-0.01715984009206295,0.3902936577796936,0.06967252492904663,3,2.5,0.9997718930244446
8,33,0.33559104800224304,-0.015102273784577847,0.5478240847587585,0.3102014362812042,2,0.0,0.9998465776443481
8,34,0.3408293128013611,-0.012387538328766823,0.5059198141098022,0.24331779778003693,2,0.0,0.9998937249183655
8,35,0.34566742181777954,-0.010309381410479546,0.4672960638999939,0.18188989162445068,3,2.5,0.9999486207962036
8,36,0.3512048125267029,-0.007167942821979523,0.6194308996200562,0.4151782989501953,1,-2.5,0.9999741315841675
8,37,0.356063574552536,-0.005085287615656853,0.3848099410533905,0.05206836387515068,3,2.5,0.9999898672103882
8,38,0.3608134090900421,-0.0031785694882273674,0.5434079766273499,0.29610055685043335,2,0.0,0.9999996423721313
8,39,0.36601415276527405,-0.0005811110022477806,0.5024539232254028,0.23247922956943512,2,0.0,0.9999980330467224
8,40,0.37082380056381226,0.0014116126112639904,0.4647062420845032,0.1741846352815628,3,2.5,0.9999797344207764
8,41,0.3763411343097687,0.004498415160924196,0.6176571846008301,0.4105161726474762,1,-2.5,0.9999570250511169
8,42,0.3811875581741333,0.006556016393005848,0.38377732038497925,0.05031292885541916,3,2.5,0.9999282956123352
8,43,0.38593217730522156,0.00846629124134779,0.5430630445480347,0.29716601967811584,2,0.0,0.9998769164085388
8,44,0.3911342918872833,0.011095096357166767,0.5027467608451843,0.2362952083349228,2,0.0,0.9998271465301514
8,45,0.3959515392780304,0.013146343640983105,0.4655931293964386,0.1806904375553131,3,2.5,0.9997337460517883
8,46,0.4014819264411926,0.016317984089255333,0.6190779805183411,0.41960257291793823,1,-2.5,0.9996582269668579
8,47,0.40634685754776,0.018486788496375084,0.3857433497905731,0.062080420553684235,3,2.5,0.9995783567428589
8,48,0.4111149311065674,0.020533975213766098,0.5454829931259155,0.3114054203033447,2,0.0,0.9994559288024902
8,49,0.4163450002670288,0.023324893787503242,0.5056256055831909,0.25308477878570557,2,0.0,0.9993464946746826
8,50,0.4211947023868561,0.025563765317201614,0.4689069986343384,0.20001932978630066,3,2.5,0.9991620182991028
8,51,0.42676159739494324,0.028947623446583748,0.6227525472640991,0.44131359457969666,0,-5.0,0.9991174936294556
8,52,0.43059948086738586,0.029707275331020355,0.2022029608488083,-0.20302309095859528,3,2.5,0.9991448521614075
8,53,0.43361473083496094,0.029242917895317078,0.37624287605285645,0.06993631273508072,3,2.5,0.9990144968032837
8,54,0.43829596042633057,0.031393058598041534,0.5372155904769897,0.3227296769618988,1,-2.5,0.9989323616027832
8,55,0.4423838257789612,0.03267495706677437,0.3109023869037628,-0.021570928394794464,3,2.5,0.9988468289375305
8,56,0.44644081592559814,0.03395867347717285,0.4769361913204193,0.23950226604938507,3,2.5,0.9985752105712891
8,57,0.4520877003669739,0.037746086716651917,0.6305753588676453,0.48169684410095215,0,-5.0,0.9984850883483887
8,58,0.4560047388076782,0.03892214223742485,0.2100362330675125,-0.161085844039917,3,2.5,0.9984877705574036
8,59,0.45909836888313293,0.03888721391558647,0.3839161992073059,0.11294630914926529,3,2.5,0.9982795715332031
8,60,0.46385657787323,0.041478369385004044,0.544761598110199,0.3669295907020569,1,-2.5,0.9981323480606079
8,61,0.4680211842060089,0.04321654140949249,0.31850263476371765,0.024381443858146667,3,2.5,0.9979774951934814
8,62,0.47215473651885986,0.04497209191322327,0.4844486117362976,0.28682130575180054,3,2.5,0.9975748658180237
8,63,0.47787749767303467,0.04924578592181206,0.6380221843719482,0.5304862260818481,0,-5.0,0.9974062442779541
8,64,0.48187166452407837,0.05092883110046387,0.21775561571121216,-0.10979153215885162,3,2.5,0.9973558783531189
8,65,0.48504340648651123,0.051421158015728,0.391588032245636,0.16585007309913635,3,2.5,0.9970235824584961
8,66,0.4898794889450073,0.05455658212304115,0.5524124503135681,0.4215661585330963,1,-2.5,0.9967667460441589
8,67,0.4941234290599823,0.05686158314347267,0.3264169991016388,0.08163996785879135,3,2.5,0.9964945912361145
8,68,0.4983375370502472,0.05920634791254997,0.4923597574234009,0.34597456455230713,1,-2.5,0.9963028430938721
8,69,0.502008855342865,0.0608040988445282,0.27117252349853516,0.0142308808863163,1,-2.5,0.9964914917945862
8,70,0.5035633444786072,0.059232551604509354,0.06664420664310455,-0.29166898131370544,2,0.0,0.9968218207359314
8,71,0.5042248368263245,0.056375373154878616,0.06471322476863861,-0.28575000166893005,2,0.0,0.9971298575401306
8,72,0.5048668384552002,0.05357367917895317,0.06277938932180405,-0.28026649355888367,2,0.0,0.9974169731140137
8,73,0.5054892301559448,0.05082320794463158,0.060845550149679184,-0.2752057611942291,2,0.0,0.9976844787597656
8,74,0.5060920119285583,0.04811980947852135,0.0589141808450222,-0.27055639028549194,2,0.0,0.9979334473609924
8,75,0.5066751837730408,0.04545946046710014,0.05698738619685173,-0.266308069229126,2,0.0,0.9981648921966553
8,76,0.5072388648986816,0.042838212102651596,0.05506686493754387,-0.2624518573284149,2,0.0,0.9983797669410706
8,77,0.5077831745147705,0.0402521975338459,0.05315404012799263,-0.258979856967926,2,0.0,0.9985789060592651
8,78,0.5083080530166626,0.03769764304161072,0.05125004053115845,-0.25588494539260864,2,0.0,0.9987630248069763
8,79,0.5088136792182922,0.03517082333564758,0.04935572296380997,-0.25316113233566284,2,0.0,0.9989327788352966
8,80,0.5093001127243042,0.032668065279722214,0.047471679747104645,-0.25080353021621704,2,0.0,0.9990888237953186
8,81,0.5097675919532776,0.03018573671579361,0.045598309487104416,-0.2488079071044922,2,0.0,0.9992315769195557
8,82,0.5102161169052124,0.027720246464014053,0.04373577609658241,-0.24717102944850922,2,0.0,0.999361515045166
8,83,0.5106458067893982,0.025268033146858215,0.041884057223796844,-0.24589049816131592,2,0.0,0.9994789958000183
8,84,0.5110568404197693,0.022825544700026512,0.040042974054813385,-0.244964599609375,2,0.0,0.9995842576026917
8,85,0.5114492774009705,0.020389243960380554,0.038212161511182785,-0.2443925440311432,2,0.0,0.9996775984764099
8,86,0.5118231773376465,0.017955593764781952,0.03639109060168266,-0.24417434632778168,2,0.0,0.9997590780258179
8,87,0.5121785998344421,0.015521055087447166,0.03457913175225258,-0.24431061744689941,2,0.0,0.9998288750648499
8,88,0.5125157237052917,0.013082070276141167,0.03277549892663956,-0.2448028326034546,2,0.0,0.9998868703842163
8,89,0.5128346085548401,0.010635069571435452,0.03097928687930107,-0.24565307796001434,2,0.0,0.999933123588562
8,90,0.5131353139877319,0.008176452480256557,0.029189487919211388,-0.24686424434185028,2,0.0,0.9999674558639526
8,91,0.5134178996086121,0.00570258591324091,0.02740498259663582,-0.24843989312648773,2,0.0,0.9999896883964539
8,92,0.5136824250221252,0.0032097925432026386,0.025624537840485573,-0.2503843307495117,2,0.0,0.9999995231628418
8,93,0.5139289498329163,0.0006943494081497192,0.023846855387091637,-0.2527024447917938,2,0.0,0.9999966025352478
8,94,0.5141574144363403,-0.0018475221004337072,0.022070540115237236,-0.2553999722003937,2,0.0,0.9999804496765137
8,95,0.5143678784370422,-0.004419662989675999,0.020294100046157837,-0.2584831714630127,2,0.0,0.999950647354126
8,96,0.5145602822303772,-0.007025985047221184,0.018515966832637787,-0.2619592249393463,2,0.0,0.9999064803123474
8,97,0.5147346258163452,-0.009670473635196686,0.016734499484300613,-0.2658359408378601,2,0.0,0.9998472929000854
8,98,0.5148908495903015,-0.012357201427221298,0.014947975985705853,-0.2701217830181122,2,0.0,0.999772310256958
8,99,0.5150289535522461,-0.015090328641235828,0.013154619373381138,-0.2748258709907532,2,0.0,0.9996805191040039
8,100,0.5151487588882446,-0.017874114215373993,0.011352568864822388,-0.27995824813842773,2,0.0,0.9995709657669067
8,101,0.5152501463890076,-0.020712923258543015,0.009539882652461529,-0.2855296730995178,2,0.0,0.9994425177574158
8,102,0.5153331160545349,-0.02361123263835907,0.0077145881950855255,-0.29155150055885315,2,0.0,0.999293863773346
8,103,0.5153974294662476,-0.02657364122569561,0.005874629132449627,-0.29803603887557983,2,0.0,0.9991235733032227
8,104,0.515442967414856,-0.029604878276586533,0.004017896018922329,-0.30499622225761414,2,0.0,0.998930037021637
8,105,0.515469491481781,-0.03270981088280678,0.0021421981509774923,-0.31244587898254395,2,0.0,0.9987116456031799
8,106,0.5154767632484436,-0.03589343652129173,0.000245308387093246,-0.3203997015953064,3,2.5,0.9985926747322083
8,107,0.5165320634841919,-0.037514518946409225,0.18594849109649658,-0.03947295993566513,1,-2.5,0.9984204173088074
8,108,0.5172296166419983,-0.039743877947330475,-0.017597587779164314,-0.35910552740097046,3,2.5,0.9982571601867676
8,109,0.5181124806404114,-0.04174753651022911,0.1692122370004654,-0.07710754126310349,1,-2.5,0.9980331659317017
8,110,0.5186483263969421,-0.04434904456138611,-0.033263109624385834,-0.3956841826438904,3,2.5,0.9978175163269043
8,111,0.5193791389465332,-0.04671692103147507,0.1544414907693863,-0.11306992173194885,1,-2.5,0.9975322484970093
8,112,0.519771933555603,-0.049676232039928436,-0.047136902809143066,-0.4309535622596741,3,2.5,0.9972544312477112
8,113,0.5203673839569092,-0.052397869527339935,0.1412796676158905,-0.14813104271888733,1,-2.5,0.9968966245651245
8,114,0.520632266998291,-0.055708035826683044,-0.059545040130615234,-0.46563059091567993,1,-2.5,0.9961478114128113
8,115,0.5189737677574158,-0.062066130340099335,-0.24541565775871277,-0.7605937123298645,3,2.5,0.9953790307044983
8,116,0.5176658630371094,-0.06797757744789124,-0.042889147996902466,-0.4582086205482483,4,5.0,0.9951878786087036
8,117,0.5193589925765991,-0.06936956197023392,0.33131998777389526,0.10761742293834686,1,-2.5,0.9950617551803589
8,118,0.5214378237724304,-0.07027257978916168,0.11560484766960144,-0.23500341176986694,0,-5.0,0.994208574295044
8,119,0.5203860998153687,-0.07610159367322922,-0.27120068669319153,-0.8411995768547058,4,5.0,0.9934079051017761
8,120,0.5198894739151001,-0.08119148015975952,0.1194809079170227,-0.2517266273498535,0,-5.0,0.9923955798149109
8,121,0.5188726186752319,-0.08720327168703079,-0.26781952381134033,-0.8598344326019287,4,5.0,0.9914423823356628
8,122,0.5184019804000854,-0.0925072729587555,0.12166877090930939,-0.2744353413581848,0,-5.0,0.9902464151382446
8,123,0.5174040794372559,-0.09876009076833725,-0.2659492492675781,-0.8841461539268494,4,5.0,0.9891140460968018
8,124,0.5169443488121033,-0.10433580726385117,0.12237446010112762,-0.3029438853263855,0,-5.0,0.9877042770385742
8,125,0.5159515142440796,-0.11088616400957108,-0.2653932571411133,-0.9139654040336609,4,5.0,0.9863600730895996
8,126,0.5154896974563599,-0.11679001152515411,0.12176508456468582,-0.3371618390083313,4,5.0,0.9862656593322754
8,127,0.5187299251556396,-0.1171937957406044,0.4793832004070282,0.1933000385761261,3,2.5,0.9869695901870728
8,128,0.5243343710899353,-0.11415072530508041,0.6240019798278809,0.39734071493148804,2,0.0,0.9877275824546814
8,129,0.5302647948265076,-0.1107809990644455,0.5716265439987183,0.2998650372028351,2,0.0,0.9882609248161316
8,130,0.5356947779655457,-0.10834690928459167,0.5232781767845154,0.20902295410633087,2,0.0,0.9885967373847961
8,131,0.5406624674797058,-0.10678606480360031,0.47862666845321655,0.12418027967214584,1,-2.5,0.9884068965911865
8,132,0.5441415309906006,-0.1076713427901268,0.25075554847717285,-0.2416405975818634,0,-5.0,0.9870733022689819
8,133,0.544377326965332,-0.11369569599628448,-0.14663150906562805,-0.8677045106887817,4,5.0,0.9857862591743469
8,134,0.5450506806373596,-0.11922141164541245,0.2313840389251709,-0.3055143356323242,0,-5.0,0.9841537475585938
8,135,0.5451000332832336,-0.12588196992874146,-0.16455064713954926,-0.9302842020988464,4,5.0,0.982562243938446
8,136,0.5455942153930664,-0.1320522427558899,0.2136337161064148,-0.37055569887161255,4,5.0,0.9823408126831055
8,137,0.5497042536735535,-0.13288788497447968,0.5629198551177979,0.14380168914794922,3,2.5,0.9829890131950378
8,138,0.5561009049415588,-0.13042612373828888,0.7002140283584595,0.3338273763656616,2,0.0,0.9836755990982056
8,139,0.5627555847167969,-0.1277671605348587,0.6414359211921692,0.2242516577243805,2,0.0,0.9840831160545349
8,140,0.5688478946685791,-0.1261620819568634,0.5871152877807617,0.12184593826532364,3,2.5,0.9846433401107788
8,141,0.5754795670509338,-0.1239219456911087,0.7230675220489502,0.3110033869743347,2,0.0,0.9852387309074402
8,142,0.5823552012443542,-0.12149592489004135,0.6628552079200745,0.20012860000133514,2,0.0,0.9855673313140869
8,143,0.5886547565460205,-0.1201360896229744,0.6072050929069519,0.0965576097369194,3,2.5,0.9860406517982483
8,144,0.5954816341400146,-0.1181497871875763,0.7420660853385925,0.28509581089019775,2,0.0,0.9865472316741943
8,145,0.6025410890579224,-0.11598614603281021,0.6806768178939819,0.17321498692035675,3,2.5,0.9871693849563599
8,146,0.6100736856460571,-0.11327247321605682,0.810360848903656,0.3545638918876648,2,0.0,0.987800657749176
8,147,0.6177888512611389,-0.11045056581497192,0.7441073656082153,0.23591820895671844,2,0.0,0.9881695508956909
8,148,0.6248704195022583,-0.10876793414354324,0.6828872561454773,0.12536193430423737,3,2.5,0.9886534810066223
8,149,0.6324275135993958,-0.10652004182338715,0.812873125076294,0.3084076941013336,2,0.0,0.9891526103019714
8,150,0.6401690244674683,-0.10415078699588776,0.7467094659805298,0.19083119928836823,2,0.0,0.9894093871116638
8,151,0.6472775936126709,-0.10291072726249695,0.6855633854866028,0.0812639370560646,3,2.5,0.9897800087928772
8,152,0.6548631191253662,-0.10109410434961319,0.8157253265380859,0.26557275652885437,2,0.0,0.9901699423789978
8,153,0.6626337766647339,-0.0991465300321579,0.7495751976966858,0.14876803755760193,3,2.5,0.9906512498855591
8,154,0.6708340048789978,-0.09668903797864914,0.8752159476280212,0.3267950713634491,2,0.0,0.9911337494850159
8,155,0.6791757941246033,-0.0941607877612114,0.804829478263855,0.20411455631256104,2,0.0,0.991386353969574
8,156,0.6868443489074707,-0.09280966222286224,0.7397890090942383,0.08997812867164612,3,2.5,0.9917333126068115
8,157,0.6949537992477417,-0.09092146903276443,0.8665558695793152,0.27079159021377563,2,0.0,0.9920899271965027
8,158,0.703214704990387,-0.08893848210573196,0.797058641910553,0.15027745068073273,3,2.5,0.9925217032432556
8,159,0.7118743062019348,-0.08647706359624863,0.9198024868965149,0.3255751132965088,2,0.0,0.9929484128952026
8,160,0.7206466197967529,-0.0839737057685852,0.8465335965156555,0.19990134239196777,2,0.0,0.9931647777557373
8,161,0.7287182211875916,-0.08267542719841003,0.77883380651474,0.08311975002288818,3,2.5,0.9934613704681396
8,162,0.737206220626831,-0.08086173236370087,0.9033218622207642,0.26212775707244873,2,0.0,0.993763267993927
8,163,0.7458226680755615,-0.07897313684225082,0.8315252065658569,0.13949981331825256,3,2.5,0.994128942489624
8,164,0.7548168301582336,-0.07662290334701538,0.9523115754127502,0.313443660736084,2,0.0,0.9944875240325928
8,165,0.7639039158821106,-0.07424616813659668,0.8770507574081421,0.1860988438129425,3,2.5,0.994894802570343
8,166,0.7733362317085266,-0.07145064324140549,0.9947295784950256,0.35605287551879883,2,0.0,0.9952848553657532
8,167,0.7828313708305359,-0.06866704672574997,0.9165371060371399,0.2249409705400467,2,0.0,0.9954923391342163
8,168,0.7915786504745483,-0.06713903695344925,0.844305157661438,0.10337577760219574,3,2.5,0.9957572817802429
8,169,0.8007004857063293,-0.06513598561286926,0.9648537635803223,0.27889081835746765,2,0.0,0.9960191249847412
8,170,0.8099117279052734,-0.06309422850608826,0.8891754746437073,0.15253670513629913,3,2.5,0.9963250756263733
8,171,0.8194649815559387,-0.06062127649784088,1.0066145658493042,0.32393497228622437,1,-2.5,0.9964249730110168
8,172,0.8280117511749268,-0.059791360050439835,0.7406255006790161,-0.09496670961380005,0,-5.0,0.9958245754241943
8,173,0.832946240901947,-0.06461731344461441,0.30720847845077515,-0.7717811465263367,4,5.0,0.9951881766319275
8,174,0.837993323802948,-0.06936721503734589,0.6554712057113647,-0.24538378417491913,4,5.0,0.995226263999939
8,175,0.8463716506958008,-0.06909215450286865,0.9772667288780212,0.23954284191131592,2,0.0,0.9954493045806885
8,176,0.8557002544403076,-0.06745864450931549,0.9004678130149841,0.11088753491640091,3,2.5,0.9957205057144165
8,177,0.8653596043586731,-0.06541792303323746,1.0167903900146484,0.2798440158367157,2,0.0,0.9959802627563477
8,178,0.8750680088996887,-0.06340119987726212,0.9372071623802185,0.14743520319461823,3,2.5,0.9962776303291321
8,179,0.8850809931755066,-0.06101139262318611,1.0510271787643433,0.31320691108703613,1,-2.5,0.9963616728782654
8,180,0.8940527439117432,-0.06031851842999458,0.7816941142082214,-0.11089764535427094,0,-5.0,0.995731770992279
8,181,0.8993801474571228,-0.06533141434192657,0.345188707113266,-0.7925304174423218,4,5.0,0.9950557947158813
8,182,0.9047905206680298,-0.07031524181365967,0.6905550360679626,-0.27073392271995544,4,5.0,0.9950552582740784
8,183,0.9135041832923889,-0.07031877338886261,1.0096479654312134,0.20984745025634766,2,0.0,0.9952382445335388
8,184,0.9231423735618591,-0.0690055564045906,0.9303619861602783,0.07718106359243393,3,2.5,0.9954674243927002
8,185,0.9330872297286987,-0.06732451915740967,1.044345498085022,0.24227415025234222,2,0.0,0.9956828951835632
8,186,0.9430586695671082,-0.0657048225402832,0.9626028537750244,0.10625898838043213,3,2.5,0.9959362149238586
8,187,0.9533137083053589,-0.06374789774417877,1.0743741989135742,0.2684904932975769,2,0.0,0.9961708784103394
8,188,0.9635739922523499,-0.06187979876995087,0.9905509352684021,0.12978699803352356,3,2.5,0.9964360594749451
8,189,0.9740983247756958,-0.05969870835542679,1.1004600524902344,0.2897757887840271,4,5.0,0.9970468878746033
8,190,0.9867422580718994,-0.05434265360236168,1.389719843864441,0.7265084981918335,3,2.5,0.9978432655334473
8,191,1.0010923147201538,-0.046440720558166504,1.4702973365783691,0.8426560163497925,2,0.0,0.9984742403030396
8,192,1.0151501893997192,-0.03906088322401047,1.3577194213867188,0.6622399091720581,0,-5.0,0.9986537098884583
8,193,1.0259978771209717,-0.036692000925540924,0.8786311149597168,-0.08244132250547409,0,-5.0,0.998281717300415
8,194,1.0322595834732056,-0.04145214706659317,0.435525506734848,-0.7714604735374451,3,2.5,0.9977074265480042
8,195,1.0374798774719238,-0.04788073152303696,0.5882529616355896,-0.5424100756645203,0,-5.0,0.9967436194419861
8,196,1.040959119796753,-0.05706479400396347,0.16664159297943115,-1.199730634689331,1,-2.5,0.9949714541435242
8,197,1.041467547416687,-0.07091215252876282,-0.03598901629447937,-1.52084219455719,0,-5.0,0.9919908046722412
8,198,1.0389692783355713,-0.0894940122961998,-0.41076576709747314,-2.108759880065918,4,5.0,0.9885105490684509
8,199,1.037136197090149,-0.10718903690576553,-0.009946148842573166,-1.5068919658660889,0,-5.0,0.9842033386230469
8,200,1.0348830223083496,-0.12568482756614685,-0.38683009147644043,-2.101555824279785,4,5.0,0.9794338345527649
8,201,1.0332590341567993,-0.14340899884700775,0.009092770516872406,-1.5151340961456299,0,-5.0,0.9737476110458374
8,202,1.031187653541565,-0.16202600300312042,-0.3687847852706909,-2.1140329837799072,4,5.0,0.9676072001457214
8,203,1.029713749885559,-0.1799800843000412,0.022241782397031784,-1.543799877166748,0,-5.0,0.9604353904724121
8,204,1.0277714729309082,-0.19890853762626648,-0.35557448863983154,-2.1445436477661133,3,2.5,0.9521018266677856
8,205,1.0253554582595825,-0.21885669231414795,-0.15298044681549072,-1.8687525987625122,2,0.0,0.9434548616409302
8,206,1.0238255262374878,-0.23779234290122986,-0.15015657246112823,-1.8978126049041748,2,0.0,0.933926522731781
8,207,1.0223182439804077,-0.25704771280288696,-0.1481061726808548,-1.93084716796875,2,0.0,0.9234582185745239
8,208,1.020826816558838,-0.27666178345680237,-0.14673222601413727,-1.9677364826202393,4,5.0,0.9137793779373169
8,209,1.0213932991027832,-0.29363352060317993,0.21397729218006134,-1.4746581315994263,4,5.0,0.9063873291015625
8,210,1.0253942012786865,-0.3059617877006531,0.5451759696006775,-1.0299938917160034,1,-2.5,0.8985097408294678
8,211,1.0295062065124512,-0.3185754120349884,0.31424713134765625,-1.4154045581817627,2,0.0,0.8888339400291443
8,212,1.0324236154556274,-0.33341580629348755,0.27908870577812195,-1.5146214962005615,3,2.5,0.8790525794029236
8,213,1.0360102653503418,-0.34777504205703735,0.42339688539505005,-1.3543096780776978,2,0.0,0.8688795566558838
8,214,1.039968729019165,-0.36210548877716064,0.37973976135253906,-1.469482183456421,3,2.5,0.8585216403007507
8,215,1.044506311416626,-0.3761361539363861,0.5145986080169678,-1.3290516138076782,2,0.0,0.8476672172546387
8,216,1.0493361949920654,-0.39029833674430847,0.4640417993068695,-1.4574394226074219,3,2.5,0.8365272283554077
8,217,1.054669737815857,-0.4043175280094147,0.5908671021461487,-1.3345955610275269,2,0.0,0.8247689604759216
8,218,1.0602294206619263,-0.41860613226890564,0.534756600856781,-1.4739502668380737,4,5.0,-2.18620228767395
9,1,-0.18757428228855133,-0.19200216233730316,0.19103103876113892,-0.1472490280866623,2,0.0,0.9623931050300598
9,2,-0.18581798672676086,-0.19392482936382294,0.16729332506656647,-0.2121424674987793,2,0.0,0.9613938927650452
9,3,-0.18428969383239746,-0.1964842826128006,0.14523270726203918,-0.2747824192047119,2,0.0,0.9601358771324158
9,4,-0.1829734444618225,-0.1996600180864334,0.12470228970050812,-0.33548304438591003,3,2.5,0.9592552781105042
9,5,-0.18080951273441315,-0.20185337960720062,0.28933659195899963,-0.11656878888607025,2,0.0,0.9585686922073364
9,6,-0.17811457812786102,-0.20354686677455902,0.2579503655433655,-0.1944122612476349,2,0.0,0.9575634002685547
9,7,-0.17572081089019775,-0.2060014307498932,0.22881494462490082,-0.2691047191619873,2,0.0,0.9562402963638306
9,8,-0.17360684275627136,-0.20918810367584229,0.20173974335193634,-0.34104210138320923,3,2.5,0.9552648663520813
9,9,-0.1707099825143814,-0.2115069031715393,0.35994333028793335,-0.13374385237693787,2,0.0,0.9544470310211182
9,10,-0.1673414409160614,-0.21343131363391876,0.3229926526546478,-0.22132174670696259,2,0.0,0.9532527923583984
9,11,-0.16432742774486542,-0.2162109613418579,0.2886964678764343,-0.30517545342445374,2,0.0,0.9516829252243042
9,12,-0.16164271533489227,-0.21981146931648254,0.25683438777923584,-0.38575711846351624,3,2.5,0.9504334330558777
9,13,-0.15822352468967438,-0.22263547778129578,0.41015395522117615,-0.18795673549175262,2,0.0,0.9493075609207153
9,14,-0.1543770730495453,-0.22514991462230682,0.3691175580024719,-0.28320369124412537,2,0.0,0.9477445483207703
9,15,-0.15092438459396362,-0.22859446704387665,0.3310215175151825,-0.3743821382522583,3,2.5,0.9464675784111023
9,16,-0.1467990279197693,-0.23137061297893524,0.4782061278820038,-0.18755939602851868,2,0.0,0.9452738165855408
9,17,-0.14230284094810486,-0.23393620550632477,0.4318849444389343,-0.29190850257873535,2,0.0,0.9435843825340271
9,18,-0.13825106620788574,-0.23751971125602722,0.3888929784297943,-0.3916154205799103,3,2.5,0.9421482682228088
9,19,-0.13357575237751007,-0.2405238300561905,0.5311488509178162,-0.21397626399993896,2,0.0,0.9407567381858826
9,20,-0.12857455015182495,-0.24339938163757324,0.4806673228740692,-0.32576003670692444,3,2.5,0.9395749568939209
9,21,-0.1230228841304779,-0.24581505358219147,0.6157518625259399,-0.16001150012016296,4,5.0,0.9399191737174988
9,22,-0.11514344811439514,-0.24511389434337616,0.9226891994476318,0.2625997066497803,3,2.5,0.9414734244346619
9,23,-0.10535518825054169,-0.24192261695861816,1.025559902191162,0.37997251749038696,1,-2.5,0.9420546889305115
9,24,-0.09665016829967499,-0.24071839451789856,0.7569670677185059,-0.058766841888427734,2,0.0,0.9413475394248962
9,25,-0.08948464691638947,-0.2421826422214508,0.6899954676628113,-0.1952628791332245,2,0.0,0.9399887323379517
9,26,-0.08296123892068863,-0.24497193098068237,0.6278892755508423,-0.3246718645095825,4,5.0,0.9395222067832947
9,27,-0.07496459037065506,-0.24592240154743195,0.9340384006500244,0.09689585864543915,3,2.5,0.9402696490287781
9,28,-0.06506840884685516,-0.24439775943756104,1.0359472036361694,0.21262487769126892,3,2.5,0.9415447115898132
9,29,-0.054194286465644836,-0.24177534878253937,1.1305936574935913,0.3177952766418457,1,-2.5,0.9417943954467773
9,30,-0.04448263719677925,-0.24125830829143524,0.8543296456336975,-0.13243232667446136,4,5.0,0.9422000050544739
9,31,-0.03431273624300957,-0.24041619896888733,1.1444438695907593,0.2661672830581665,3,2.5,0.9436804056167603
9,32,-0.02239653654396534,-0.23731745779514313,1.2314846515655518,0.3606756329536438,1,-2.5,0.9440997838973999
9,33,-0.01171790435910225,-0.23643219470977783,0.9477769136428833,-0.10051459819078445,4,5.0,0.9446266889572144
9,34,-0.0006486749043688178,-0.23531541228294373,1.2316423654556274,0.28994500637054443,3,2.5,0.9461653232574463
9,35,0.012105772271752357,-0.23202300071716309,1.3126723766326904,0.3763490915298462,1,-2.5,0.9466254711151123
9,36,0.023562368005514145,-0.2310292273759842,1.0229237079620361,-0.09367457032203674,4,5.0,0.9471571445465088
9,37,0.0353558287024498,-0.22987590730190277,1.301916241645813,0.290810227394104,3,2.5,0.9486488103866577
9,38,0.048786286264657974,-0.22660814225673676,1.378164529800415,0.37098458409309387,1,-2.5,0.9490565657615662
9,39,0.06087030842900276,-0.2257065325975418,1.0835070610046387,-0.10617290437221527,4,5.0,0.9495091438293457
9,40,0.0732482448220253,-0.22470152378082275,1.3586591482162476,0.27383241057395935,3,2.5,0.9508805274963379
9,41,0.08722478151321411,-0.22162923216819763,1.4310756921768188,0.34913551807403564,1,-2.5,0.9511691331863403
9,42,0.09981562197208405,-0.2209770828485489,1.1324326992034912,-0.13378939032554626,4,5.0,0.9514828324317932
9,43,0.1126658171415329,-0.220266193151474,1.4045155048370361,0.24272432923316956,3,2.5,0.9526826739311218
9,44,0.1270836740732193,-0.21752548217773438,1.473835825920105,0.31411853432655334,1,-2.5,0.9528031349182129
9,45,0.14008404314517975,-0.21724854409694672,1.1719673871994019,-0.17347180843353271,4,5.0,0.9529330134391785
9,46,0.1533157229423523,-0.21694931387901306,1.441550612449646,0.20014794170856476,3,2.5,0.9539247155189514
9,47,0.1680898219347,-0.21465158462524414,1.5083431005477905,0.26828616857528687,1,-2.5,0.953838050365448
9,48,0.1814206838607788,-0.21485339105129242,1.2038800716400146,-0.22307828068733215,2,0.0,0.9523860812187195
9,49,0.19287602603435516,-0.21820621192455292,1.1049894094467163,-0.40451812744140625,4,5.0,0.9515218138694763
9,50,0.20546558499336243,-0.22017771005630493,1.379387617111206,-0.02397589385509491,2,0.0,0.9508683681488037
9,51,0.21860142052173615,-0.22165663540363312,1.2674753665924072,-0.22560864686965942,2,0.0,0.9493376016616821
9,52,0.23066474497318268,-0.2250830978155136,1.1637701988220215,-0.41507652401924133,4,5.0,0.9483730792999268
9,53,0.24381287395954132,-0.22721542418003082,1.4331271648406982,-0.04378146678209305,2,0.0,0.947589099407196
9,54,0.25746238231658936,-0.22893430292606354,1.3171460628509521,-0.25230422616004944,2,0.0,0.9458658695220947
9,55,0.2700003683567047,-0.23266740143299103,1.20966637134552,-0.44826191663742065,3,2.5,0.9439548850059509
9,56,0.28254568576812744,-0.23673854768276215,1.2924489974975586,-0.358982652425766,4,5.0,0.9431551098823547
9,57,0.2969187796115875,-0.23842166364192963,1.5511400699615479,-0.006493877619504929,0,-5.0,0.9409697651863098
9,58,0.30962517857551575,-0.2429613173007965,1.0620237588882446,-0.7757247090339661,4,5.0,0.93815678358078
9,59,0.32178735733032227,-0.2486828863620758,1.337034821510315,-0.40049630403518677,4,5.0,0.9370789527893066
9,60,0.33657965064048767,-0.2508406937122345,1.5911976099014282,-0.05770525336265564,0,-5.0,0.9345096349716187
9,61,0.3496747314929962,-0.25591084361076355,1.1001560688018799,-0.8293493986129761,4,5.0,0.9312368631362915
9,62,0.36219367384910583,-0.2622273564338684,1.3709946870803833,-0.4636412560939789,3,2.5,0.9289199113845825
9,63,0.376272588968277,-0.2666085958480835,1.4401891231536865,-0.39988505840301514,4,5.0,0.927707850933075
9,64,0.39204129576683044,-0.26887208223342896,1.6849220991134644,-0.07555434107780457,2,0.0,0.9265003800392151
9,65,0.4080981910228729,-0.2711082398891449,1.5500911474227905,-0.3164064884185791,2,0.0,0.9240052103996277
9,66,0.422862708568573,-0.2756715714931488,1.4251022338867188,-0.5428504347801208,3,2.5,0.9210937023162842
9,67,0.4374552369117737,-0.2809025049209595,1.4896292686462402,-0.4883922040462494,3,2.5,0.9184107184410095
9,68,0.4526640772819519,-0.2856382429599762,1.549149751663208,-0.4422454535961151,0,-5.0,0.9132696986198425
9,69,0.46537330746650696,-0.29450011253356934,1.0646355152130127,-1.202183485031128,4,5.0,0.9072034358978271
9,70,0.47752824425697327,-0.3046253025531769,1.3341535329818726,-0.8486523628234863,4,5.0,0.9030225276947021
9,71,0.4922563433647156,-0.31141212582588196,1.5826412439346313,-0.5286007523536682,0,-5.0,0.8968742489814758
9,72,0.5053010582923889,-0.32113200426101685,1.0985043048858643,-1.2859830856323242,0,-5.0,0.8856827616691589
9,73,0.5137189626693726,-0.33810827136039734,0.6518397927284241,-1.9874128103256226,1,-2.5,0.8701640963554382
9,74,0.5188851356506348,-0.3603273928165436,0.4180755317211151,-2.377825975418091,3,2.5,0.8529911041259766
9,75,0.5238217711448669,-0.3834172785282135,0.5542323589324951,-2.2355027198791504,4,5.0,0.8369430303573608
9,76,0.5310397148132324,-0.4038030803203583,0.8524360060691833,-1.8666868209838867,4,5.0,-2.177030086517334
