episode,step,cart_pos,pole_angle,cart_vel,pole_vel,action_idx,action_val,reward
0,1,0.13198232650756836,0.1813667118549347,0.0,-0.0,4,5.0,0.9658252596855164
0,2,0.1341511458158493,0.18486396968364716,0.37810948491096497,0.601292610168457,0,-5.0,0.9647420048713684
0,3,0.13574697077274323,0.18777108192443848,-0.009187288582324982,0.04178757965564728,3,2.5,0.9638597369194031
0,4,0.1367795318365097,0.19010590016841888,0.1852138638496399,0.36482295393943787,0,-5.0,0.9636002779006958
0,5,0.13653208315372467,0.1907869577407837,-0.1871853619813919,-0.17085662484169006,2,0.0,0.9640806913375854
0,6,0.1348121613264084,0.1895238757133484,-0.16380175948143005,-0.10674116760492325,2,0.0,0.9643223881721497
0,7,0.13331596553325653,0.18888527154922485,-0.14218172430992126,-0.04546433687210083,3,2.5,0.9637351632118225
0,8,0.13307449221611023,0.19043321907520294,0.062040261924266815,0.2925531566143036,0,-5.0,0.9637207984924316
0,9,0.1316472887992859,0.19047081470489502,-0.3012462854385376,-0.2292669713497162,1,-2.5,0.9649908542633057
0,10,0.12778662145137787,0.18710735440254211,-0.4537077844142914,-0.43174758553504944,0,-5.0,0.9675219058990479
0,11,0.12141402810811996,0.1802167445421219,-0.7797170281410217,-0.8982154726982117,1,-2.5,0.9709502458572388
0,12,0.11296013742685318,0.1704399585723877,-0.8982210755348206,-1.0513042211532593,0,-5.0,0.975166916847229
0,13,0.10231272876262665,0.1575850397348404,-1.1938748359680176,-1.4758095741271973,4,5.0,0.9783709049224854
0,14,0.09303950518369675,0.14706814289093018,-0.7275570631027222,-0.741227388381958,3,2.5,0.9798393249511719
0,15,0.08718287944793701,0.1419883519411087,-0.48061293363571167,-0.3420928120613098,0,-5.0,0.9815330505371094
0,16,0.08052169531583786,0.13589318096637726,-0.8092820644378662,-0.8230181336402893,1,-2.5,0.9839218258857727
0,17,0.07176440209150314,0.12679988145828247,-0.9284541606903076,-0.984994649887085,0,-5.0,0.9868846535682678
0,18,0.060801196843385696,0.11452209949493408,-1.225766897201538,-1.4214462041854858,1,-2.5,0.9900665879249573
0,19,0.04804175719618797,0.09966663271188736,-1.3158174753189087,-1.5426170825958252,4,5.0,0.992162823677063
0,20,0.03760203719139099,0.0885278731584549,-0.8394115567207336,-0.7960209250450134,3,2.5,0.9931269288063049
0,21,0.030662668868899345,0.08290413022041321,-0.5852214097976685,-0.3919677138328552,2,0.0,0.9936779141426086
0,22,0.025092318654060364,0.07951172441244125,-0.5371686220169067,-0.30560290813446045,2,0.0,0.9940792918205261
0,23,0.019980929791927338,0.07694613933563232,-0.4928513467311859,-0.225458025932312,3,2.5,0.9941036701202393
0,24,0.016357744112610817,0.07678744941949844,-0.26478859782218933,0.13710348308086395,2,0.0,0.9938429594039917
0,25,0.013853387907147408,0.07846659421920776,-0.24094396829605103,0.1854471117258072,2,0.0,0.9935010075569153
0,26,0.011577950790524483,0.08061642944812775,-0.21880123019218445,0.2314319759607315,1,-2.5,0.9933450818061829
0,27,0.008450981229543686,0.08157788217067719,-0.3852996528148651,-0.012461807578802109,4,5.0,0.9927541613578796
0,28,0.006923131179064512,0.08512255549430847,0.021939747035503387,0.6263245344161987,0,-5.0,0.9922122955322266
0,29,0.005038960371166468,0.08824802935123444,-0.3492957353591919,0.06848509609699249,2,0.0,0.992022693157196
0,30,0.0017298886086791754,0.0893157497048378,-0.31856411695480347,0.1290956735610962,2,0.0,0.9917242527008057
0,31,-0.0012845518067479134,0.09097129851579666,-0.2900782525539398,0.18642444908618927,2,0.0,0.9913166761398315
0,32,-0.004025653470307589,0.09318431466817856,-0.26364317536354065,0.2408572882413864,1,-2.5,0.9911085367202759
0,33,-0.007575900759547949,0.094294473528862,-0.425944983959198,0.005592918023467064,4,5.0,0.9903842806816101
0,34,-0.009490763768553734,0.09805993735790253,-0.01551024615764618,0.6505028605461121,0,-5.0,0.9897014498710632
0,35,-0.011725837364792824,0.10148197412490845,-0.38281717896461487,0.10134368389844894,2,0.0,0.989406943321228
0,36,-0.015350930392742157,0.10292237997055054,-0.34894317388534546,0.16872216761112213,2,0.0,0.9889714121818542
0,37,-0.018651174381375313,0.10501687228679657,-0.31753242015838623,0.232543483376503,1,-2.5,0.9887421727180481
0,38,-0.0227116160094738,0.10610296577215195,-0.4749995768070221,0.006774993613362312,4,5.0,0.9879168272018433
0,39,-0.025094596669077873,0.10992372035980225,-0.06082546338438988,0.658450186252594,0,-5.0,0.9871215224266052
0,40,-0.027756256982684135,0.11348337680101395,-0.423665314912796,0.1186397448182106,2,0.0,0.9867420196533203
0,41,-0.03176809474825859,0.11514321714639664,-0.38617977499961853,0.19329966604709625,1,-2.5,0.9865666627883911
0,42,-0.036480847746133804,0.11590216308832169,-0.5378239154815674,-0.02175716497004032,1,-2.5,0.986864447593689
0,43,-0.042645376175642014,0.11461043357849121,-0.6781299710273743,-0.21936143934726715,2,0.0,0.9872180819511414
0,44,-0.049093663692474365,0.11305712908506393,-0.621645987033844,-0.11548196524381638,0,-5.0,0.9880645275115967
0,45,-0.05712321773171425,0.10924963653087616,-0.9424197673797607,-0.5904073715209961,3,2.5,0.9888113737106323
0,46,-0.06504353880882263,0.1057763621211052,-0.679970383644104,-0.17131972312927246,0,-5.0,0.9897117018699646
0,47,-0.07363606244325638,0.10143110156059265,-0.9970530271530151,-0.642086923122406,3,2.5,0.9905002117156982
0,48,-0.08208132535219193,0.09746692329645157,-0.7307054400444031,-0.2178681194782257,2,0.0,0.9907964468002319
0,49,-0.08903907239437103,0.0959351658821106,-0.6710588932037354,-0.11155412346124649,0,-5.0,0.9915066957473755
0,50,-0.09755196422338486,0.0921592265367508,-0.989626407623291,-0.5865459442138672,3,2.5,0.9921262264251709
0,51,-0.10592805594205856,0.08873426169157028,-0.7240294814109802,-0.1645062267780304,0,-5.0,0.9928687214851379
0,52,-0.11495233327150345,0.08444690704345703,-1.0392482280731201,-0.6357775330543518,3,2.5,0.9935113787651062
0,53,-0.12380552291870117,0.080551877617836,-0.7701530456542969,-0.20925311744213104,2,0.0,0.9937424659729004
0,54,-0.13114704191684723,0.07910441607236862,-0.7083280682563782,-0.1019991859793663,0,-5.0,0.9943132400512695
0,55,-0.1400262713432312,0.07541068643331528,-1.025472640991211,-0.5780554413795471,3,2.5,0.994805634021759
0,56,-0.14874975383281708,0.07207199186086655,-0.7576453685760498,-0.15454202890396118,0,-5.0,0.995393693447113
0,57,-0.1581050306558609,0.06786970794200897,-1.0716545581817627,-0.6271081566810608,3,2.5,0.9958962798118591
0,58,-0.16727279126644135,0.06406018137931824,-0.8006119132041931,-0.19957101345062256,2,0.0,0.9960684180259705
0,59,-0.1749120056629181,0.06270217150449753,-0.7372794151306152,-0.0923706442117691,0,-5.0,0.9965085387229919
0,60,-0.1840772032737732,0.05908843129873276,-1.0534979104995728,-0.570038914680481,2,0.0,0.9970642328262329
0,61,-0.19413979351520538,0.054182495921850204,-0.9715245366096497,-0.4349207282066345,3,2.5,0.9972741603851318
0,62,-0.2023526430130005,0.05220995098352432,-0.7084127068519592,-0.021297410130500793,0,-5.0,0.9975728392601013
0,63,-0.2112467885017395,0.049266304820775986,-1.0275335311889648,-0.5052952766418457,1,-2.5,0.99812251329422
0,64,-0.2221311628818512,0.04332992061972618,-1.135491967201233,-0.6643993258476257,2,0.0,0.9985931515693665
0,65,-0.23298461735248566,0.037507832050323486,-1.0481284856796265,-0.5232742428779602,1,-2.5,0.9990150332450867
0,66,-0.24407115578651428,0.031383685767650604,-1.155207872390747,-0.6828881502151489,2,0.0,0.9993563890457153
0,67,-0.255117803812027,0.025369584560394287,-1.0669381618499756,-0.5421199202537537,1,-2.5,0.9996371865272522
0,68,-0.2663894295692444,0.019047435373067856,-1.1732754707336426,-0.7024914622306824,0,-5.0,0.9999091625213623
0,69,-0.2797498106956482,0.009531811811029911,-1.45973539352417,-1.14185631275177,4,5.0,0.9999942779541016
0,70,-0.29158395528793335,0.0023878689389675856,-0.974210262298584,-0.39131301641464233,3,2.5,0.9999994039535522
0,71,-0.2998407781124115,0.0007695825770497322,-0.7131862044334412,0.011838365346193314,0,-5.0,0.9999962449073792
0,72,-0.3088040053844452,-0.0019377582939341664,-1.0351091623306274,-0.48492300510406494,1,-2.5,0.9999397993087769
0,73,-0.31978192925453186,-0.007757083047181368,-1.1452709436416626,-0.6553642749786377,2,0.0,0.9998158812522888
0,74,-0.330748587846756,-0.013569876551628113,-1.0597115755081177,-0.5246437788009644,1,-2.5,0.9996083378791809
0,75,-0.34196653962135315,-0.01979033462703228,-1.1686149835586548,-0.6948958039283752,0,-5.0,0.9991415143013
0,76,-0.3552972078323364,-0.02930004708468914,-1.4573478698730469,-1.1436052322387695,4,5.0,0.9986653327941895
0,77,-0.3671243488788605,-0.03653346747159958,-0.9741680026054382,-0.4029117226600647,3,2.5,0.9985300898551941
0,78,-0.3753974437713623,-0.03833923488855362,-0.7153778672218323,-0.00937950611114502,0,-5.0,0.9982925057411194
0,79,-0.38439586758613586,-0.04132157936692238,-1.0389264822006226,-0.5142008662223816,1,-2.5,0.9977439641952515
0,80,-0.39542528986930847,-0.04749809205532074,-1.1507214307785034,-0.6929754018783569,0,-5.0,0.9967460632324219
0,81,-0.40859362483024597,-0.0570431612432003,-1.4418745040893555,-1.149167776107788,4,5.0,0.995852530002594
0,82,-0.4202866554260254,-0.06440071016550064,-0.9618754982948303,-0.4185139536857605,2,0.0,0.9953668117523193
0,83,-0.4295210838317871,-0.06806734204292297,-0.8931763768196106,-0.32255104184150696,2,0.0,0.9949836730957031
0,84,-0.4380994141101837,-0.07082616537809372,-0.8298372626304626,-0.23539690673351288,3,2.5,0.9949419498443604
0,85,-0.44500732421875,-0.07112004607915878,-0.5841546654701233,0.13207706809043884,4,5.0,0.9956095814704895
0,86,-0.4484977722167969,-0.06626006960868835,-0.16956187784671783,0.7596813440322876,4,5.0,0.9969328045845032
0,87,-0.4480147361755371,-0.05538225173950195,0.21461918950080872,1.3415985107421875,3,2.5,0.9983553290367126
0,88,-0.44491276144981384,-0.04055485501885414,0.3835749328136444,1.593965768814087,0,-5.0,0.9992033243179321
0,89,-0.4433889091014862,-0.028225518763065338,-0.02218082919716835,0.9623711109161377,2,0.0,0.9996527433395386
0,90,-0.4436117112636566,-0.018634486943483353,-0.02183511294424534,0.9588629007339478,2,0.0,0.9999178647994995
0,91,-0.4438275098800659,-0.009062286466360092,-0.021042047068476677,0.9574963450431824,2,0.0,0.9999997615814209
0,92,-0.44403210282325745,0.0005121911526657641,-0.019835136830806732,0.9582177996635437,2,0.0,0.9998977780342102
0,93,-0.44422149658203125,0.010109561495482922,-0.018245071172714233,0.9609805941581726,2,0.0,0.9996099472045898
0,94,-0.44439205527305603,0.019750021398067474,-0.016299869865179062,0.9657452702522278,2,0.0,0.999132513999939
0,95,-0.4445403814315796,0.029453415423631668,-0.014025183394551277,0.9724786877632141,2,0.0,0.9984602928161621
0,96,-0.44466325640678406,0.039239298552274704,-0.011444414034485817,0.9811538457870483,2,0.0,0.9975865483283997
0,97,-0.44475775957107544,0.04912698641419411,-0.008578930981457233,0.9917495250701904,2,0.0,0.9965029954910278
0,98,-0.44482114911079407,0.05913562700152397,-0.005448285490274429,1.004250168800354,2,0.0,0.9951996803283691
0,99,-0.444850891828537,0.06928423792123795,-0.002070376882329583,1.018645167350769,2,0.0,0.9936651587486267
0,100,-0.4448445737361908,0.0795917734503746,0.0015383276622742414,1.0349286794662476,2,0.0,0.9918860793113708
0,101,-0.4447999894618988,0.09007716178894043,0.005362617317587137,1.0530993938446045,2,0.0,0.9898475408554077
0,102,-0.44471511244773865,0.10075931996107101,0.009388378821313381,1.0731606483459473,1,-2.5,0.9878941178321838
0,103,-0.44564974308013916,0.11002691835165024,-0.17302550375461578,0.8085964918136597,0,-5.0,0.9867380261421204
0,104,-0.44938623905181885,0.11516081541776657,-0.5275260806083679,0.2816590666770935,0,-5.0,0.9867129325866699
0,105,-0.456512987613678,0.11526941508054733,-0.8550451397895813,-0.2030240297317505,2,0.0,0.9870049953460693
0,106,-0.4646551311016083,0.11399566382169724,-0.7853354215621948,-0.07876952737569809,0,-5.0,0.9877534508705139
0,107,-0.47425147891044617,0.11066419631242752,-1.093801736831665,-0.5346124768257141,2,0.0,0.9887170195579529
0,108,-0.4846821129322052,0.10622139275074005,-1.006574273109436,-0.3841891586780548,2,0.0,0.9893456697463989
0,109,-0.49427857995033264,0.10321979969739914,-0.9259836673736572,-0.24452686309814453,2,0.0,0.9896859526634216
0,110,-0.5031041502952576,0.10155806690454483,-0.8515013456344604,-0.11462672799825668,1,-2.5,0.9900971055030823
0,111,-0.512279212474823,0.09951332211494446,-0.9693642258644104,-0.28029024600982666,2,0.0,0.9904905557632446
0,112,-0.5215215086936951,0.097516268491745,-0.8918085098266602,-0.1461927443742752,1,-2.5,0.9909418225288391
0,113,-0.5310844779014587,0.09517422318458557,-1.0069247484207153,-0.30832749605178833,2,0.0,0.9913669228553772
0,114,-0.5406879186630249,0.09291432797908783,-0.9267552495002747,-0.1708236187696457,1,-2.5,0.9918386936187744
0,115,-0.55058753490448,0.09033986181020737,-1.039555311203003,-0.3301764726638794,0,-5.0,0.9928420186042786
0,116,-0.5626322031021118,0.08460506796836853,-1.3311070203781128,-0.7648078799247742,0,-5.0,0.9944199919700623
0,117,-0.5774728655815125,0.07469964027404785,-1.6015112400054932,-1.168139934539795,4,5.0,0.9954473972320557
0,118,-0.5906482338905334,0.06747318804264069,-1.10354745388031,-0.39054200053215027,0,-5.0,0.9962634444236755
0,119,-0.6033179759979248,0.06112724915146828,-1.3920570611953735,-0.8247585892677307,2,0.0,0.9970949292182922
0,120,-0.616621732711792,0.05389877408742905,-1.2846949100494385,-0.6502863764762878,2,0.0,0.9976638555526733
0,121,-0.6288996338844299,0.04833351448178291,-1.1856451034545898,-0.4896141588687897,1,-2.5,0.9981804490089417
0,122,-0.6412979960441589,0.042656317353248596,-1.2817903757095337,-0.6306494474411011,2,0.0,0.9986111521720886
0,123,-0.6535521149635315,0.03726702183485031,-1.1834720373153687,-0.4727206230163574,1,-2.5,0.9989927411079407
0,124,-0.6659343242645264,0.03173726424574852,-1.280394434928894,-0.6166933178901672,2,0.0,0.9992994070053101
0,125,-0.6781792044639587,0.026468373835086823,-1.1826965808868408,-0.46131157875061035,1,-2.5,0.999557614326477
0,126,-0.6905584335327148,0.021032772958278656,-1.2802678346633911,-0.6079662442207336,2,0.0,0.9997493028640747
0,127,-0.7028060555458069,0.01583293080329895,-1.1831001043319702,-0.45498108863830566,1,-2.5,0.9998909831047058
0,128,-0.715193510055542,0.010441934689879417,-1.2812132835388184,-0.604112446308136,2,0.0,0.9999722838401794
0,129,-0.7274543046951294,0.005263078957796097,-1.1845036745071411,-0.4534142017364502,1,-2.5,1.0
0,130,-0.7398595809936523,-0.00012999208411201835,-1.283069372177124,-0.6048590540885925,2,0.0,0.9999715685844421
0,131,-0.7521423101425171,-0.005333451088517904,-1.1867611408233643,-0.4563756585121155,1,-2.5,0.9998839497566223
0,132,-0.7645732164382935,-0.010773169808089733,-1.2857049703598022,-0.6100077629089355,2,0.0,0.9997425675392151
0,133,-0.776885449886322,-0.016045065596699715,-1.1897555589675903,-0.4637012779712677,1,-2.5,0.999534547328949
0,134,-0.7893492579460144,-0.02157457359135151,-1.2890156507492065,-0.6194254159927368,2,0.0,0.9992733001708984
0,135,-0.8016974329948425,-0.026957619935274124,-1.193393349647522,-0.475289911031723,1,-2.5,0.9989359974861145
0,136,-0.814200222492218,-0.03261923789978027,-1.2929176092147827,-0.6330379247665405,2,0.0,0.9985441565513611
0,137,-0.826590359210968,-0.03815561532974243,-1.1976020336151123,-0.491097092628479,1,-2.5,0.9980647563934326
0,138,-0.839137613773346,-0.04399137571454048,-1.297345757484436,-0.6508235335350037,2,0.0,0.9975275993347168
0,139,-0.8515748977661133,-0.04972323030233383,-1.202325463294983,-0.5111296772956848,1,-2.5,0.9968891143798828
0,140,-0.86417156457901,-0.055775389075279236,-1.3022499084472656,-0.6728087663650513,2,0.0,0.9961875081062317
0,141,-0.8766605854034424,-0.061745330691337585,-1.207521677017212,-0.5354419946670532,1,-2.5,0.995368242263794
0,142,-0.8893113732337952,-0.06805679202079773,-1.3075923919677734,-0.6990638375282288,4,5.0,0.9949550628662109
0,143,-0.8997259736061096,-0.07102742791175842,-0.8386414647102356,0.012551471590995789,0,-5.0,0.9945600628852844
0,144,-0.9099140167236328,-0.07375606149435043,-1.1540298461914062,-0.48374703526496887,3,2.5,0.9941742420196533
0,145,-0.9199270009994507,-0.07632694393396378,-0.8842809796333313,-0.07983008027076721,3,2.5,0.9943689107894897
0,146,-0.9273590445518494,-0.07504068315029144,-0.6348992586135864,0.2924004793167114,0,-5.0,0.9943585395812988
0,147,-0.9355972409248352,-0.07510937750339508,-0.9656414985656738,-0.22795015573501587,4,5.0,0.9945816397666931
0,148,-0.9427427053451538,-0.0736096054315567,-0.5228994488716125,0.4420653283596039,4,5.0,0.9956842660903931
0,149,-0.9456475377082825,-0.06569426506757736,-0.11298403143882751,1.0620877742767334,0,-5.0,0.9965901970863342
0,150,-0.9488850831985474,-0.05839350074529648,-0.48238539695739746,0.48339179158210754,2,0.0,0.9971544146537781
0,151,-0.9535261392593384,-0.053343791514635086,-0.44919353723526,0.5258175730705261,2,0.0,0.9977072477340698
0,152,-0.9578472971916199,-0.04788254201412201,-0.4182097315788269,0.565628170967102,4,5.0,0.9984989166259766
0,153,-0.9597355723381042,-0.038743678480386734,-0.014119938015937805,1.18155837059021,1,-2.5,0.9991803765296936
0,154,-0.9609521627426147,-0.02862960286438465,-0.20247207581996918,0.8854506015777588,4,5.0,0.999731183052063
0,155,-0.9607654809951782,-0.016394875943660736,0.18678522109985352,1.481933832168579,0,-5.0,0.99997478723526
0,156,-0.9611189961433411,-0.0050210063345730305,-0.20338287949562073,0.877648651599884,4,5.0,0.9999484419822693
0,157,-0.9609312415122986,0.007179428357630968,0.1872357279062271,1.4800074100494385,0,-5.0,0.9996550679206848
0,158,-0.9612722396850586,0.018572838976979256,-0.20188456773757935,0.8808882236480713,4,5.0,0.99904865026474
0,159,-0.9610617160797119,0.03084379807114601,0.18967850506305695,1.4881435632705688,0,-5.0,0.9982056021690369
0,160,-0.9613698124885559,0.042360179126262665,-0.19830618798732758,0.8946759700775146,4,5.0,0.9969967603683472
0,161,-0.9611179828643799,0.05480191484093666,0.19380562007427216,1.5059040784835815,0,-5.0,0.9955723285675049
0,162,-0.9613756537437439,0.06654080748558044,-0.192926824092865,0.918656051158905,0,-5.0,0.9947164058685303
0,163,-0.9653279781341553,0.0726882666349411,-0.5496312975883484,0.3796676695346832,0,-5.0,0.9945691823959351
0,164,-0.9726911783218384,0.0736938863992691,-0.8790907859802246,-0.11639349162578583,1,-2.5,0.9948740005493164
0,165,-0.9821431636810303,0.07159587740898132,-0.9966363906860352,-0.28621384501457214,2,0.0,0.9951680302619934
0,166,-0.9916563034057617,0.06951236724853516,-0.9182798266410828,-0.15481317043304443,1,-2.5,0.99550461769104
0,167,-1.0014852285385132,0.0670478567481041,-1.0331518650054932,-0.3212127983570099,0,-5.0,0.9962363839149475
0,168,-1.0134810209274292,0.06134837120771408,-1.326943039894104,-0.7636195421218872,0,-5.0,0.9973576068878174
0,169,-1.028293490409851,0.051403895020484924,-1.5992907285690308,-1.1741448640823364,2,0.0,0.9983353614807129
0,170,-1.0435853004455566,0.04080038517713547,-1.476945161819458,-0.9780338406562805,2,0.0,0.9989720582962036
0,171,-1.057708978652954,0.03206135332584381,-1.364163875579834,-0.7981470227241516,0,-5.0,0.9995274543762207
0,172,-1.0728912353515625,0.021738814190030098,-1.6355700492858887,-1.2122079133987427,2,0.0,0.999884843826294
0,173,-1.0885406732559204,0.010730335488915443,-1.5118035078048706,-1.0182126760482788,4,5.0,0.999976396560669
0,174,-1.1008727550506592,0.004859371576458216,-1.022297739982605,-0.26132285594940186,2,0.0,0.9999914169311523
0,175,-1.1106570959091187,0.0029284993652254343,-0.9452857375144958,-0.14178460836410522,1,-2.5,0.9999997615814209
0,176,-1.1207730770111084,0.0004903028602711856,-1.0619118213653564,-0.32138440012931824,2,0.0,0.9999958872795105
0,177,-1.1309385299682617,-0.0020227974746376276,-0.9821581244468689,-0.1982896327972412,2,0.0,0.9999886751174927
0,178,-1.1403412818908691,-0.0033617992885410786,-0.9085161089897156,-0.08497929573059082,1,-2.5,0.9999722838401794
0,179,-1.150107741355896,-0.00526716373860836,-1.028228998184204,-0.2702818512916565,2,0.0,0.9999467134475708
0,180,-1.1599528789520264,-0.007301514036953449,-0.9513041377067566,-0.15241499245166779,1,-2.5,0.9999027848243713
0,181,-1.170130729675293,-0.009859979152679443,-1.0680128335952759,-0.33368927240371704,2,0.0,0.9998434782028198
0,182,-1.180358648300171,-0.012510355561971664,-0.9883486032485962,-0.21230988204479218,2,0.0,0.999803900718689
0,183,-1.1898248195648193,-0.014004027470946312,-0.9148003458976746,-0.10074499249458313,1,-2.5,0.9997413754463196
0,184,-1.1996558904647827,-0.016081416979432106,-1.034589409828186,-0.28776267170906067,2,0.0,0.9996649026870728
0,185,-1.209566354751587,-0.018305551260709763,-0.9577653408050537,-0.1717076301574707,1,-2.5,0.9995560050010681
0,186,-1.2198102474212646,-0.021071719005703926,-1.0745488405227661,-0.3547417223453522,2,0.0,0.9994264841079712
0,187,-1.2301052808761597,-0.023948252201080322,-0.9949972033500671,-0.23526088893413544,2,0.0,0.9993401765823364
0,188,-1.2396398782730103,-0.025687439367175102,-0.9215686917304993,-0.12564243376255035,1,-2.5,0.9992143511772156
0,189,-1.2495399713516235,-0.028029367327690125,-1.0414338111877441,-0.3145079016685486,2,0.0,0.9990674257278442
0,190,-1.2595206499099731,-0.030537797138094902,-0.9647452235221863,-0.2005094736814499,2,0.0,0.9989784955978394
0,191,-1.268768548965454,-0.03196117654442787,-0.8939458131790161,-0.09595652669668198,1,-2.5,0.9988416433334351
0,192,-1.2784067392349243,-0.03403502330183983,-1.016188144683838,-0.2893981337547302,2,0.0,0.9986808896064758
0,193,-1.2881484031677246,-0.036319755017757416,-0.9417235255241394,-0.17975521087646484,1,-2.5,0.9984627962112427
0,194,-1.2982456684112549,-0.039207492023706436,-1.0605909824371338,-0.368641197681427,2,0.0,0.9982137084007263
0,195,-1.308414340019226,-0.042264774441719055,-0.9830809235572815,-0.2551265358924866,2,0.0,0.9980425238609314
0,196,-1.3178424835205078,-0.04424341022968292,-0.9115551114082336,-0.1512889415025711,1,-2.5,0.9978023171424866
0,197,-1.3276540040969849,-0.046879492700099945,-1.033057689666748,-0.3453716039657593,2,0.0,0.9975263476371765
0,198,-1.3375625610351562,-0.04973607882857323,-0.958040714263916,-0.23689541220664978,2,0.0,0.9973413348197937
0,199,-1.3467541933059692,-0.05156239494681358,-0.8888096809387207,-0.13775905966758728,1,-2.5,0.9970742464065552
0,200,-1.3563505411148071,-0.05409015715122223,-1.0123533010482788,-0.3360252380371094,2,0.0,0.9967646598815918
0,201,-1.3660640716552734,-0.05687998980283737,-0.9392937421798706,-0.23169659078121185,2,0.0,0.9965566992759705
0,202,-1.3750792741775513,-0.05867961421608925,-0.8718691468238831,-0.13646410405635834,1,-2.5,0.9962524771690369
0,203,-1.3845157623291016,-0.06121710315346718,-0.9970004558563232,-0.338176965713501,2,0.0,0.9958974123001099
0,204,-1.3940850496292114,-0.06405153125524521,-0.9254939556121826,-0.23736602067947388,4,5.0,0.9960753917694092
0,205,-1.4008395671844482,-0.06264673918485641,-0.4848182499408722,0.43165966868400574,4,5.0,0.9969930052757263
0,206,-1.4033735990524292,-0.0548359639942646,-0.07688093185424805,1.0507490634918213,0,-5.0,0.997728705406189
0,207,-1.4062631130218506,-0.047658152878284454,-0.4487116038799286,0.46958884596824646,2,0.0,0.9981724619865417
0,208,-1.410577416419983,-0.042749639600515366,-0.417476624250412,0.5106462240219116,2,0.0,0.9985980987548828
0,209,-1.4145907163619995,-0.03744230419397354,-0.38831523060798645,0.5492687821388245,2,0.0,0.9989913702011108
0,210,-1.4183225631713867,-0.03175846487283707,-0.3610538840293884,0.5857822895050049,4,5.0,0.9994972348213196
0,211,-1.4196557998657227,-0.022423017770051956,0.03983469307422638,1.1996009349822998,3,2.5,0.9999217987060547
0,212,-1.418214201927185,-0.008841825649142265,0.22359833121299744,1.4800760746002197,0,-5.0,0.9999937415122986
0,213,-1.4182127714157104,0.002501278417184949,-0.16901400685310364,0.8731186389923096,4,5.0,0.9997854828834534
0,214,-1.4176932573318481,0.014646654017269611,0.21938636898994446,1.4731851816177368,0,-5.0,0.9993258714675903
0,215,-1.417723536491394,0.025963865220546722,-0.17175604403018951,0.872137188911438,4,5.0,0.9985454082489014
0,216,-1.417222261428833,0.03813888505101204,0.21782860159873962,1.4773459434509277,0,-5.0,0.9975454807281494
0,217,-1.4172577857971191,0.04954289644956589,-0.17181214690208435,0.8825896978378296,4,5.0,0.9961737990379333
0,218,-1.4167505502700806,0.061856210231781006,0.21851642429828644,1.4919424057006836,0,-5.0,0.9946044683456421
0,219,-1.416768193244934,0.07345409691333771,-0.16955626010894775,0.9039507508277893,0,-5.0,0.9936870336532593
0,220,-1.4204931259155273,0.07945429533720016,-0.5274707674980164,0.364412397146225,0,-5.0,0.9935506582260132
0,221,-1.4276403188705444,0.0803077295422554,-0.8580552935600281,-0.1320999562740326,1,-2.5,0.9939079284667969
0,222,-1.4368879795074463,0.07805145531892776,-0.9767714142799377,-0.3026354908943176,2,0.0,0.9942541718482971
0,223,-1.4462087154388428,0.07580120116472244,-0.8996121287345886,-0.17216400802135468,1,-2.5,0.994647204875946
0,224,-1.4558560848236084,0.07316280156373978,-1.0155032873153687,-0.3391067683696747,0,-5.0,0.9954726099967957
0,225,-1.4676799774169922,0.06728565692901611,-1.3101749420166016,-0.7817594408988953,0,-5.0,0.9967326521873474
0,226,-1.4823287725448608,0.05716073885560036,-1.583385944366455,-1.1925673484802246,2,0.0,0.997849702835083
0,227,-1.4974666833877563,0.046371523290872574,-1.462005853652954,-0.9971331357955933,2,0.0,0.9985982179641724
0,228,-1.5114457607269287,0.03744065389037132,-1.3501050472259521,-0.8178055286407471,0,-5.0,0.9992752075195312
0,229,-1.5264912843704224,0.02692236378788948,-1.622254490852356,-1.2321304082870483,3,2.5,0.9996985793113708
0,230,-1.5409436225891113,0.017362017184495926,-1.311545729637146,-0.7489221096038818,0,-5.0,0.9999442100524902
0,231,-1.5556282997131348,0.007470069453120232,-1.587722897529602,-1.172696828842163,0,-5.0,0.999957799911499
0,232,-1.5729612112045288,-0.006495904643088579,-1.8437294960021973,-1.5669831037521362,3,2.5,0.9996269941329956
0,233,-1.5895453691482544,-0.019314125180244446,-1.5179194211959839,-1.0654919147491455,0,-5.0,0.9989567995071411
0,234,-1.6062195301055908,-0.03229857608675957,-1.7803704738616943,-1.473658800125122,3,2.5,0.9980400204658508
0,235,-1.622207522392273,-0.0442718043923378,-1.4607163667678833,-0.9858390688896179,2,0.0,0.9971648454666138
0,236,-1.6362082958221436,-0.053246308118104935,-1.3534047603607178,-0.827325165271759,0,-5.0,0.9959027767181396
0,237,-1.6513184309005737,-0.06400959193706512,-1.6295137405395508,-1.261091709136963,0,-5.0,0.9937680959701538
0,238,-1.6690731048583984,-0.0789421945810318,-1.8850483894348145,-1.6645946502685547,4,5.0,0.9916805028915405
0,239,-1.6850193738937378,-0.0912112221121788,-1.3735008239746094,-0.890058696269989,2,0.0,0.9901252388954163
0,240,-1.6982051134109497,-0.09937184303998947,-1.2754237651824951,-0.7533441185951233,4,5.0,0.9893945455551147
0,241,-1.7083312273025513,-0.10298273712396622,-0.8117950558662415,-0.05657193809747696,0,-5.0,0.9886664152145386
0,242,-1.7182692289352417,-0.10645945370197296,-1.1298757791519165,-0.560474157333374,2,0.0,0.9875648021697998
0,243,-1.7291299104690552,-0.11151311546564102,-1.0510190725326538,-0.4556916654109955,2,0.0,0.9866412281990051
0,244,-1.7392381429672241,-0.11558003723621368,-0.9783722758293152,-0.3612329661846161,2,0.0,0.985896646976471
0,245,-1.7486525774002075,-0.11875739693641663,-0.9114013910293579,-0.27611419558525085,3,2.5,0.9857176542282104
0,246,-1.7563673257827759,-0.11950872093439102,-0.6632989048957825,0.08610346913337708,1,-2.5,0.9855883121490479
0,247,-1.7638263702392578,-0.12004886567592621,-0.8063656687736511,-0.15117555856704712,4,5.0,0.9860765337944031
0,248,-1.7694761753082275,-0.11799773573875427,-0.3798646628856659,0.4842183589935303,3,2.5,0.9875706434249878
0,249,-1.772099256515503,-0.11148691177368164,-0.17109665274620056,0.7865475416183472,0,-5.0,0.9885603189468384
0,250,-1.775902271270752,-0.10695650428533554,-0.536968469619751,0.20858852565288544,2,0.0,0.989036500453949
0,251,-1.7810863256454468,-0.1047067791223526,-0.502407968044281,0.24551424384117126,2,0.0,0.9895743727684021
0,252,-1.7859383821487427,-0.10210616886615753,-0.470294713973999,0.27904370427131653,2,0.0,0.9901620745658875
0,253,-1.7904819250106812,-0.09918644279241562,-0.4404287040233612,0.309535950422287,2,0.0,0.9907886385917664
0,254,-1.7947382926940918,-0.09597596526145935,-0.41262662410736084,0.33731886744499207,1,-2.5,0.9911389350891113
0,255,-1.7997899055480957,-0.09413309395313263,-0.5735767483711243,0.07559426128864288,1,-2.5,0.9910129308700562
0,256,-1.8063825368881226,-0.09480021148920059,-0.7224674224853516,-0.16741296648979187,4,5.0,0.9913693070411682
0,257,-1.8112119436264038,-0.09290158003568649,-0.2997063398361206,0.4678097069263458,3,2.5,0.9925083518028259
0,258,-1.8130546808242798,-0.08655421435832977,-0.09509308636188507,0.7683674693107605,0,-5.0,0.9932383894920349
0,259,-1.8161263465881348,-0.0822291225194931,-0.46636998653411865,0.18447980284690857,4,5.0,0.9940789937973022
0,260,-1.818495512008667,-0.07694782316684723,-0.06152491271495819,0.7948905825614929,0,-5.0,0.9947628378868103
0,261,-1.8212437629699707,-0.07236813753843307,-0.43513137102127075,0.20842960476875305,2,0.0,0.9950824975967407
0,262,-1.8254384994506836,-0.07012481242418289,-0.40630069375038147,0.24191507697105408,2,0.0,0.9954354763031006
0,263,-1.8293561935424805,-0.06756146252155304,-0.37950173020362854,0.27262645959854126,2,0.0,0.9958134293556213
0,264,-1.833016276359558,-0.06470394879579544,-0.3545662760734558,0.3008701205253601,2,0.0,0.9962084889411926
0,265,-1.8364365100860596,-0.06157522648572922,-0.33134013414382935,0.3269267976284027,0,-5.0,0.9962202310562134
0,266,-1.84176504611969,-0.0614800862967968,-0.684459924697876,-0.22632452845573425,2,0.0,0.9959802031517029
0,267,-1.8483424186706543,-0.0634017363190651,-0.6363938450813293,-0.16163669526576996,4,5.0,0.9962266087532043
0,268,-1.852328896522522,-0.061427921056747437,-0.2173204869031906,0.4742644131183624,3,2.5,0.9969742894172668
0,269,-1.853367567062378,-0.05500655621290207,-0.016749907284975052,0.7741003036499023,0,-5.0,0.997435986995697
0,270,-1.855682134628296,-0.050636231899261475,-0.3931814134120941,0.185781791806221,0,-5.0,0.9973067045211792
0,271,-1.8615999221801758,-0.05189695209264755,-0.7413378357887268,-0.3585217297077179,0,-5.0,0.9965925216674805
0,272,-1.870850682258606,-0.05837363004684448,-1.0634032487869263,-0.8628610372543335,0,-5.0,0.9951432943344116
0,273,-1.883185625076294,-0.06968993693590164,-1.3613933324813843,-1.3309910297393799,2,0.0,0.9932389259338379
0,274,-1.8962445259094238,-0.08222570270299911,-1.262778878211975,-1.190050721168518,0,-5.0,0.9906466603279114
0,275,-1.9104924201965332,-0.09671247750520706,-1.546234130859375,-1.6386795043945312,4,5.0,0.9881216287612915
0,276,-1.9232057332992554,-0.10898776352405548,-1.0616838932037354,-0.9095548391342163,2,0.0,0.986175000667572
0,277,-1.9334132671356201,-0.1175796315073967,-0.9879104495048523,-0.8130788207054138,2,0.0,0.9843071699142456
0,278,-1.9429184198379517,-0.12527114152908325,-0.9201829433441162,-0.7272469401359558,4,5.0,0.9833795428276062
0,279,-1.9496610164642334,-0.12892040610313416,-0.4857570230960846,-0.08117744326591492,3,2.5,0.9836105704307556
0,280,-1.9533052444458008,-0.12802119553089142,-0.2701699435710907,0.2293281853199005,2,0.0,0.984180748462677
0,281,-1.955942988395691,-0.12577469646930695,-0.2566264867782593,0.23078374564647675,2,0.0,0.9847431778907776
0,282,-1.9584500789642334,-0.12351851910352707,-0.24397394061088562,0.23121868073940277,2,0.0,0.9852954745292664
0,283,-1.9608350992202759,-0.12126226723194122,-0.23214620351791382,0.23073473572731018,2,0.0,0.9858355522155762
0,284,-1.9631060361862183,-0.11901462078094482,-0.22108249366283417,0.22942417860031128,2,0.0,0.9863616228103638
0,285,-1.9652701616287231,-0.11678335815668106,-0.21072687208652496,0.22737053036689758,2,0.0,0.9868724942207336
0,286,-1.9673341512680054,-0.11457549035549164,-0.20102792978286743,0.22464939951896667,2,0.0,0.9873668551445007
0,287,-1.9693045616149902,-0.11239730566740036,-0.19193832576274872,0.22132912278175354,2,0.0,0.987843930721283
0,288,-1.971186876296997,-0.11025445908308029,-0.18341460824012756,0.21747130155563354,2,0.0,0.9883031845092773
0,289,-1.9729866981506348,-0.10815201699733734,-0.17541663348674774,0.2131315916776657,2,0.0,0.9887439608573914
0,290,-1.9747092723846436,-0.10609454661607742,-0.16790755093097687,0.20835982263088226,2,0.0,0.9891660809516907
0,291,-1.9763591289520264,-0.10408612340688705,-0.16085344552993774,0.20320093631744385,2,0.0,0.989569365978241
0,292,-1.977940559387207,-0.10213040560483932,-0.15422305464744568,0.1976950317621231,2,0.0,0.9899538159370422
0,293,-1.9794578552246094,-0.10023067891597748,-0.14798761904239655,0.19187800586223602,2,0.0,0.9903194308280945
0,294,-1.9809144735336304,-0.09838991612195969,-0.14212073385715485,0.18578170239925385,4,5.0,0.9912865161895752
0,295,-1.9801889657974243,-0.09334605187177658,0.2370361089706421,0.7533911466598511,0,-5.0,0.9920084476470947
0,296,-1.9800816774368286,-0.0893954485654831,-0.15917931497097015,0.1304939091205597,4,5.0,0.9927967190742493
0,297,-1.979514241218567,-0.08487212657928467,0.2220354825258255,0.7030924558639526,0,-5.0,0.9933730959892273
0,298,-1.9795494079589844,-0.08140578866004944,-0.17296487092971802,0.08288215100765228,4,5.0,0.9940199255943298
0,299,-1.9791089296340942,-0.07733109593391418,0.20995649695396423,0.6596921682357788,2,0.0,0.9949582815170288
0,300,-1.9771287441253662,-0.07100500166416168,0.1903582662343979,0.6179892420768738,2,0.0,0.9957655668258667
0,301,-1.9753336906433105,-0.06507253646850586,0.1725224256515503,0.5799316763877869,2,0.0,0.9964598417282104
0,302,-1.9737073183059692,-0.05949894338846207,0.15630432963371277,0.5452425479888916,3,2.5,0.9972322583198547
0,303,-1.971168041229248,-0.05260925740003586,0.3290095627307892,0.8024875521659851,0,-5.0,0.9976787567138672
0,304,-1.9701716899871826,-0.04817906767129898,-0.07327648997306824,0.17461061477661133,0,-5.0,0.997524082660675
0,305,-1.973026156425476,-0.049758441746234894,-0.4453464150428772,-0.40625473856925964,4,5.0,0.9974671602249146
0,306,-1.975176215171814,-0.05032695084810257,-0.039564743638038635,0.21163910627365112,0,-5.0,0.9973414540290833
0,307,-1.9777086973190308,-0.051561202853918076,-0.41423070430755615,-0.3734856843948364,4,5.0,0.9973140358924866
0,308,-1.9795615673065186,-0.051826294511556625,-0.0109151192009449,0.24028702080249786,0,-5.0,0.9972127079963684
0,309,-1.981819987297058,-0.05279496684670448,-0.38777509331703186,-0.3483973443508148,4,5.0,0.9972090721130371
0,310,-1.983420491218567,-0.052829187363386154,0.01346566155552864,0.2619584798812866,0,-5.0,0.9971271753311157
0,311,-1.9854457378387451,-0.05359853059053421,-0.3652521073818207,-0.32970696687698364,4,5.0,0.9971417784690857
0,312,-1.9868309497833252,-0.05346236005425453,0.0342404767870903,0.27781230211257935,0,-5.0,0.997074544429779
0,313,-1.9886575937271118,-0.05408767610788345,-0.34605321288108826,-0.31635552644729614,4,5.0,0.9971021413803101
0,314,-1.9898593425750732,-0.05383165180683136,0.051963839679956436,0.2888036370277405,0,-5.0,0.99704509973526
0,315,-1.9915162324905396,-0.05435919761657715,-0.32966914772987366,-0.3074708580970764,0,-5.0,0.9963276982307434
0,316,-1.9968267679214478,-0.06059952452778816,-0.6826848983764648,-0.8598035573959351,0,-5.0,0.9947960376739502
0,317,-2.0055174827575684,-0.07213836163282394,-1.009265422821045,-1.3722460269927979,2,0.0,0.9927201867103577
0,318,-2.0152058601379395,-0.08532165735960007,-0.9371160864830017,-1.2724461555480957,0,-5.0,0.9898295998573303
0,319,-2.026336193084717,-0.10084843635559082,-1.2449053525924683,-1.758845329284668,0,-5.0,0.9853469729423523
0,320,-2.0404114723205566,-0.12104960530996323,-1.529329538345337,-2.2110671997070312,4,5.0,0.9806472063064575
0,321,-2.0529720783233643,-0.13911443948745728,-1.0477911233901978,-1.4925284385681152,0,-5.0,0.9754071831703186
0,322,-2.0651659965515137,-0.15682107210159302,-1.347341775894165,-1.9714964628219604,0,-5.0,0.9679132103919983
0,323,-2.0802228450775146,-0.17912793159484863,-1.623576045036316,-2.416383981704712,0,-5.0,0.9576842188835144
0,324,-2.0979163646698,-0.2057080715894699,-1.877767562866211,-2.8295395374298096,2,0.0,0.9456595182418823
0,325,-2.1159472465515137,-0.2331104278564453,-1.7450138330459595,-2.6608402729034424,4,5.0,0.9345357418060303
0,326,-2.1306495666503906,-0.255859911441803,-1.2602119445800781,-1.9694538116455078,0,-5.0,0.9225790500640869
0,327,-2.144861936569214,-0.27824604511260986,-1.5400292873382568,-2.4254767894744873,3,2.5,0.9097280502319336
0,328,-2.1586694717407227,-0.3004530072212219,-1.2574870586395264,-2.0489859580993652,0,-5.0,0.8952601552009583
0,329,-2.1728432178497314,-0.3236352205276489,-1.5349432229995728,-2.502624988555908,0,-5.0,0.8766854405403137
0,330,-2.18965482711792,-0.3511617183685303,-1.7889559268951416,-2.922217845916748,4,5.0,0.8579327464103699
0,331,-2.204878091812134,-0.3769181966781616,-1.3184353113174438,-2.2947239875793457,3,2.5,0.8414133787155151
0,332,-2.216628074645996,-0.3982293903827667,-1.062833547592163,-1.9849238395690918,4,5.0,0.8275558948516846
0,333,-2.2249648571014404,-0.41526398062705994,-0.6558082103729248,-1.4660980701446533,4,5.0,-2.182690143585205
1,1,0.131460040807724,-0.056829869747161865,-0.13739484548568726,0.005512744188308716,4,5.0,0.9971379637718201
1,2,0.13225454092025757,-0.05349769443273544,0.24481496214866638,0.5859081149101257,2,0.0,0.9977063536643982
1,3,0.13457736372947693,-0.04789196699857712,0.22375662624835968,0.5454928874969482,0,-5.0,0.9978879690170288
1,4,0.13456687331199646,-0.04595682770013809,-0.17054623365402222,-0.06954952329397202,3,2.5,0.9979771971702576
1,5,0.13398262858390808,-0.04497580602765083,0.027377812191843987,0.22864650189876556,1,-2.5,0.9980258941650391
1,6,0.13315969705581665,-0.04443119838833809,-0.16457641124725342,-0.07408855855464935,3,2.5,0.9981080293655396
1,7,0.13263331353664398,-0.04349657520651817,0.03299397602677345,0.2238127589225769,1,-2.5,0.9981508851051331
1,8,0.13186468183994293,-0.04300164431333542,-0.15931828320026398,-0.07927082479000092,3,2.5,0.9982259273529053
1,9,0.1313892900943756,-0.042119577527046204,0.03794533759355545,0.21839134395122528,1,-2.5,0.9982627630233765
1,10,0.1306685358285904,-0.04167993366718292,-0.15467917919158936,-0.0849839299917221,3,2.5,0.99833083152771
1,11,0.1302381306886673,-0.040855541825294495,0.04231702536344528,0.21248124539852142,1,-2.5,0.9983617067337036
1,12,0.12955965101718903,-0.040475860238075256,-0.15058083832263947,-0.09114110469818115,3,2.5,0.9984228610992432
1,13,0.1291690319776535,-0.039713457226753235,0.04618088901042938,0.20615793764591217,1,-2.5,0.998447835445404
1,14,0.1285279393196106,-0.039397720247507095,-0.14695733785629272,-0.09767717868089676,3,2.5,0.998502254486084
1,15,0.12817248702049255,-0.038701023906469345,0.049597546458244324,0.19947734475135803,1,-2.5,0.9985213875770569
1,16,0.1275644749403,-0.03845272213220596,-0.14375297725200653,-0.10454519093036652,3,2.5,0.9985692501068115
1,17,0.1272401213645935,-0.03782503306865692,0.052618205547332764,0.19247831404209137,1,-2.5,0.998582661151886
1,18,0.12666134536266327,-0.0376472994685173,-0.14092078804969788,-0.11171385645866394,3,2.5,0.9986242055892944
1,19,0.12636446952819824,-0.03709165006875992,0.05528593063354492,0.1851852387189865,0,-5.0,0.9985074400901794
1,20,0.12474409490823746,-0.03863373026251793,-0.32604241371154785,-0.4085520803928375,4,5.0,0.9984570145606995
1,21,0.12374191731214523,-0.039280615746974945,0.07158540189266205,0.19875970482826233,1,-2.5,0.9984747171401978
1,22,0.12334419786930084,-0.03905490040779114,-0.12344085425138474,-0.10792846977710724,3,2.5,0.9985196590423584
1,23,0.12321403622627258,-0.03847556561231613,0.07136909663677216,0.18658795952796936,0,-5.0,0.9983987212181091
1,24,0.12174719572067261,-0.04001627117395401,-0.31121689081192017,-0.4092676341533661,4,5.0,0.998344898223877
1,25,0.12088624387979507,-0.04068289324641228,0.08520244061946869,0.1959371268749237,1,-2.5,0.9983600378036499
1,26,0.12061838060617447,-0.04049662873148918,-0.11090756952762604,-0.11261842399835587,3,2.5,0.9984019994735718
1,27,0.12060755491256714,-0.03997518867254257,0.08287366479635239,0.18007485568523407,0,-5.0,0.9982702136039734
1,28,0.11925040185451508,-0.04159082844853401,-0.30063003301620483,-0.4173893630504608,4,5.0,0.9982065558433533
1,29,0.11849001049995422,-0.042348865419626236,0.09488430619239807,0.18613913655281067,0,-5.0,0.9980714321136475
1,30,0.11724711954593658,-0.04391523078083992,-0.2896037697792053,-0.4131430983543396,4,5.0,0.9980069994926453
1,31,0.11659111082553864,-0.0446428582072258,0.10491915047168732,0.1884448230266571,1,-2.5,0.9980152249336243
1,32,0.11651062220335007,-0.04455083608627319,-0.09284238517284393,-0.12320712208747864,3,2.5,0.998050332069397
1,33,0.1166708841919899,-0.044154904782772064,0.09933365136384964,0.1663431078195572,0,-5.0,0.9978908896446228
1,34,0.1154700368642807,-0.04592478647828102,-0.2855510413646698,-0.433781236410141,4,5.0,0.9978036284446716
1,35,0.11485180258750916,-0.04686564952135086,0.1085229367017746,0.1667485535144806,0,-5.0,0.9976339936256409
1,36,0.11373813450336456,-0.0486413910984993,-0.27714115381240845,-0.4349140524864197,4,5.0,0.9975393414497375
1,37,0.11319901049137115,-0.04960479587316513,0.11610496044158936,0.1638491153717041,0,-5.0,0.9973561763763428
1,38,0.11215714365243912,-0.051418378949165344,-0.2702156603336334,-0.43916159868240356,0,-5.0,0.9965177774429321
1,39,0.10741671174764633,-0.059010446071624756,-0.6275776624679565,-0.9978570342063904,4,5.0,0.9957235455513
1,40,0.10351797193288803,-0.06539461761713028,-0.2087986022233963,-0.3618537485599518,3,2.5,0.995464026927948
1,41,0.10255846381187439,-0.06734969466924667,-0.00927199050784111,-0.06454337388277054,4,5.0,0.9957976937294006
1,42,0.10457377880811691,-0.06482528150081635,0.36250752210617065,0.49779295921325684,3,2.5,0.9965711832046509
1,43,0.10908472537994385,-0.05855599045753479,0.5194087028503418,0.7297890782356262,1,-2.5,0.9971545338630676
1,44,0.11296843737363815,-0.053343068808317184,0.2901071608066559,0.36775708198547363,4,5.0,0.9978227615356445
1,45,0.11785785853862762,-0.046661049127578735,0.6406071186065674,0.900027871131897,3,2.5,0.9986665844917297
1,46,0.12504005432128906,-0.03651628643274307,0.7778738737106323,1.104840874671936,1,-2.5,0.9992333650588989
1,47,0.13140584528446198,-0.027687864378094673,0.5301394462585449,0.7174297571182251,1,-2.5,0.9994911551475525
1,48,0.13540242612361908,-0.022557592019438744,0.3012852370738983,0.36030086874961853,4,5.0,0.9997473359107971
1,49,0.1404135376214981,-0.015896376222372055,0.6529618501663208,0.899653971195221,3,2.5,0.9999673962593079
1,50,0.14772644639015198,-0.005708247888833284,0.7909534573554993,1.1104305982589722,1,-2.5,0.9999896287918091
1,51,0.15422803163528442,0.003217436606064439,0.543594479560852,0.7280444502830505,1,-2.5,0.999927818775177
1,52,0.15836502611637115,0.008497277274727821,0.3152322471141815,0.37623947858810425,4,5.0,0.9997639656066895
1,53,0.16352242231369019,0.015364278107881546,0.6675358414649963,0.9213627576828003,3,2.5,0.9993336796760559
1,54,0.17098669707775116,0.025813627988100052,0.8059682846069336,1.1375441551208496,1,-2.5,0.998771071434021
1,55,0.17764431238174438,0.035056136548519135,0.5591312646865845,0.7608932256698608,1,-2.5,0.9983425140380859
1,56,0.18194334208965302,0.040712229907512665,0.33139288425445557,0.4151114225387573,4,5.0,0.9976952075958252
1,57,0.18726636469364166,0.04800822585821152,0.6838188171386719,0.9648522138595581,0,-5.0,0.9970837831497192
1,58,0.1916978359222412,0.054001882672309875,0.26000118255615234,0.3190128207206726,4,5.0,0.9963514804840088
1,59,0.1963413506746292,0.06040291488170624,0.6182276606559753,0.8793342113494873,3,2.5,0.9950245022773743
1,60,0.20334912836551666,0.0705372542142868,0.7623050212860107,1.1106289625167847,0,-5.0,0.9939181804656982
1,61,0.20854374766349792,0.07798595726490021,0.334325909614563,0.4627414345741272,0,-5.0,0.993718683719635
1,62,0.20964652299880981,0.07925473153591156,-0.060884248465299606,-0.13346163928508759,0,-5.0,0.9944016337394714
1,63,0.20696605741977692,0.07482235133647919,-0.42649585008621216,-0.684079647064209,3,2.5,0.9950958490371704
1,64,0.20397676527500153,0.07002939283847809,-0.20357581973075867,-0.3297797739505768,0,-5.0,0.9959415197372437
1,65,0.19992464780807495,0.06370609253644943,-0.559307336807251,-0.867026686668396,1,-2.5,0.9970980286598206
1,66,0.19352810084819794,0.053869664669036865,-0.7016807198524475,-1.0769295692443848,4,5.0,0.9977965950965881
1,67,0.18896375596523285,0.04694060981273651,-0.2714930474758148,-0.4059411287307739,4,5.0,0.9978441596031189
1,68,0.18851713836193085,0.04643138498067856,0.12637996673583984,0.2145129144191742,1,-2.5,0.9977975487709045
1,69,0.1886788159608841,0.04693014174699783,-0.06818825006484985,-0.07839059829711914,3,2.5,0.9977038502693176
1,70,0.18911178410053253,0.04791828617453575,0.1269238144159317,0.22951340675354004,1,-2.5,0.9976409673690796
1,71,0.18927931785583496,0.048569563776254654,-0.067591592669487,-0.06305845081806183,3,2.5,0.997528612613678
1,72,0.18971854448318481,0.049713242799043655,0.1275458037853241,0.24511213600635529,1,-2.5,0.9974473714828491
1,73,0.18989287316799164,0.050523560494184494,-0.06690296530723572,-0.04705477133393288,4,5.0,0.9971405267715454
1,74,0.19140605628490448,0.05347410961985588,0.3157580494880676,0.5504457354545593,0,-5.0,0.9969111084938049
1,75,0.19231732189655304,0.05557768791913986,-0.08002400398254395,-0.05130625516176224,4,5.0,0.9965776205062866
1,76,0.1937062293291092,0.05850129574537277,0.30377230048179626,0.5485479831695557,0,-5.0,0.9963271021842957
1,77,0.19450543820858002,0.06060459464788437,-0.09072897583246231,-0.05029655992984772,4,5.0,0.9959611296653748
1,78,0.19579316675662994,0.06355204433202744,0.29400914907455444,0.5515946745872498,0,-5.0,0.9956830739974976
1,79,0.19650165736675262,0.06570325791835785,-0.09936648607254028,-0.04456130415201187,4,5.0,0.9952775239944458
1,80,0.19770796597003937,0.06872034817934036,0.28614869713783264,0.5591058731079102,0,-5.0,0.9949641823768616
1,81,0.19834406673908234,0.0709633007645607,-0.10622488707304001,-0.0345134511590004,4,5.0,0.9945104122161865
1,82,0.1994859278202057,0.07409200072288513,0.2799255847930908,0.5707128047943115,0,-5.0,0.9941527843475342
1,83,0.200065478682518,0.07646718621253967,-0.11154192686080933,-0.02046143263578415,4,5.0,0.9936404824256897
1,84,0.2011576145887375,0.07974658906459808,0.27512025833129883,0.5861422419548035,0,-5.0,0.993228018283844
1,85,0.20169439911842346,0.08229213953018188,-0.1155128926038742,-0.0026232898235321045,4,5.0,0.9926453232765198
1,86,0.20274971425533295,0.08575935661792755,0.27155154943466187,0.60520339012146,0,-5.0,0.9921656847000122
1,87,0.20325586199760437,0.08851180970668793,-0.11829733848571777,0.01886146515607834,4,5.0,0.9914986491203308
1,88,0.20428566634655,0.09220272302627563,0.2690700888633728,0.6277759075164795,0,-5.0,0.9909374117851257
1,89,0.20477190613746643,0.09519770741462708,-0.12002477049827576,0.043921828269958496,4,5.0,0.9901697635650635
1,90,0.2057863026857376,0.09914755821228027,0.2675533890724182,0.6538017392158508,0,-5.0,0.9895100593566895
1,91,0.2062622457742691,0.10242044180631638,-0.12079943716526031,0.07254717499017715,2,0.0,0.989307701587677
1,92,0.2051464021205902,0.10340353846549988,-0.10644731670618057,0.11008264124393463,2,0.0,0.9890265464782715
1,93,0.20416833460330963,0.10475430637598038,-0.09311776608228683,0.14620289206504822,2,0.0,0.988666296005249
1,94,0.20331837236881256,0.10645989328622818,-0.08071693778038025,0.1811065971851349,2,0.0,0.9882257580757141
1,95,0.2025877982378006,0.10850933194160461,-0.06915861368179321,0.21497884392738342,1,-2.5,0.9880611300468445
1,96,0.2009073793888092,0.10926508903503418,-0.24491938948631287,-0.03824745863676071,4,5.0,0.9873462915420532
1,97,0.2007279396057129,0.11248870939016342,0.15210482478141785,0.5873724222183228,0,-5.0,0.9867277145385742
1,98,0.20010703802108765,0.11520551145076752,-0.22636209428310394,0.024114958941936493,4,5.0,0.9858280420303345
1,99,0.2001059204339981,0.11904603242874146,0.16928544640541077,0.6481128931045532,0,-5.0,0.9850242137908936
1,100,0.19965365529060364,0.12237537652254105,-0.20983396470546722,0.0853131040930748,2,0.0,0.9847285747528076
1,101,0.19769273698329926,0.12357769906520844,-0.18786776065826416,0.1374683380126953,2,0.0,0.9843026399612427
1,102,0.19594258069992065,0.12528932094573975,-0.16748186945915222,0.18739067018032074,2,0.0,0.983746349811554
1,103,0.1943882554769516,0.12748980522155762,-0.14853592216968536,0.23536987602710724,1,-2.5,0.9834772944450378
1,104,0.19195744395256042,0.12854069471359253,-0.3170032799243927,-0.0032221004366874695,4,5.0,0.9825290441513062
1,105,0.1910894811153412,0.13217779994010925,0.08537791669368744,0.6320903897285461,0,-5.0,0.9816573262214661
1,106,0.18984252214431763,0.13543502986431122,-0.2861715257167816,0.0838090181350708,2,0.0,0.9813148975372314
1,107,0.18715530633926392,0.13669337332248688,-0.25790998339653015,0.14749523997306824,2,0.0,0.9807976484298706
1,108,0.1847391575574875,0.13857236504554749,-0.23169495165348053,0.20824797451496124,1,-2.5,0.9805594682693481
1,109,0.18151769042015076,0.1394292265176773,-0.39315924048423767,-0.017600955441594124,4,5.0,0.9795567989349365
1,110,0.17992094159126282,0.1429796665906906,0.014801699668169022,0.6269657611846924,0,-5.0,0.9786081314086914
1,111,0.17800548672676086,0.14625954627990723,-0.3503812253475189,0.09088443219661713,2,0.0,0.9782001972198486
1,112,0.17470714449882507,0.1476476937532425,-0.31685784459114075,0.1641632467508316,2,0.0,0.9775751829147339
1,113,0.17173029482364655,0.14974923431873322,-0.2857666611671448,0.233942449092865,1,-2.5,0.9772226810455322
1,114,0.16799674928188324,0.1509215533733368,-0.4423859417438507,0.017572414129972458,4,5.0,0.9760175347328186
1,115,0.1659286618232727,0.15486255288124084,-0.03093639388680458,0.6681331396102905,0,-5.0,0.9748412370681763
1,116,0.16358330845832825,0.1586150974035263,-0.39147236943244934,0.14193683862686157,2,0.0,0.9742205142974854
1,117,0.15989556908607483,0.16055992245674133,-0.3543637692928314,0.22244243323802948,1,-2.5,0.9738581776618958
1,118,0.15551060438156128,0.1616843044757843,-0.505089521408081,0.017069969326257706,1,-2.5,0.9741260409355164
1,119,0.14968253672122955,0.16085390746593475,-0.6445817351341248,-0.1710464060306549,0,-5.0,0.9754688143730164
1,120,0.14146409928798676,0.15662437677383423,-0.9590846300125122,-0.6260531544685364,3,2.5,0.9766351580619812
1,121,0.13339173793792725,0.15285570919513702,-0.6948192715644836,-0.19961117208003998,2,0.0,0.9770262837409973
1,122,0.12679648399353027,0.15157070755958557,-0.63548344373703,-0.08608043193817139,0,-5.0,0.9780482053756714
1,123,0.11865914613008499,0.14816150069236755,-0.9515604376792908,-0.5455408692359924,2,0.0,0.979386568069458
1,124,0.10960236191749573,0.14357371628284454,-0.8734892010688782,-0.40411376953125,2,0.0,0.9803035855293274
1,125,0.10129240900278091,0.14034388959407806,-0.8013208508491516,-0.27228498458862305,2,0.0,0.9808505773544312
1,126,0.09367293119430542,0.13838142156600952,-0.734596312046051,-0.1491837054491043,0,-5.0,0.9819443225860596
1,127,0.08457755297422409,0.13437162339687347,-1.0446276664733887,-0.6023287773132324,3,2.5,0.9828721284866333
1,128,0.07568297535181046,0.13087354600429535,-0.7741772532463074,-0.16845223307609558,0,-5.0,0.9839526414871216
1,129,0.06620371341705322,0.12667812407016754,-1.0819791555404663,-0.6197993755340576,3,2.5,0.9848657250404358
1,130,0.05695013329386711,0.12302131205797195,-0.8088488578796387,-0.18256190419197083,0,-5.0,0.985913097858429
1,131,0.047133926302194595,0.11868824064731598,-1.1147944927215576,-0.6327196359634399,3,2.5,0.986794650554657
1,132,0.03756468743085861,0.11491469293832779,-0.8393372297286987,-0.1927097737789154,2,0.0,0.9870647192001343
1,133,0.029572859406471252,0.11373334378004074,-0.7708118557929993,-0.0703182965517044,0,-5.0,0.9877949953079224
1,134,0.020115429535508156,0.11047634482383728,-1.0803817510604858,-0.5279046297073364,2,0.0,0.9887446165084839
1,135,0.009813230484724045,0.10609161108732224,-0.9941607117652893,-0.3790492117404938,2,0.0,0.9893635511398315
1,136,0.00033557842834852636,0.10313316434621811,-0.914500892162323,-0.2408321499824524,2,0.0,0.9896975755691528
1,137,-0.008380066603422165,0.10150075703859329,-0.8408790826797485,-0.1122644916176796,0,-5.0,0.9904270768165588
1,138,-0.01851574145257473,0.09784134477376938,-1.146288514137268,-0.5659430623054504,3,2.5,0.9910258650779724
1,139,-0.02839049883186817,0.09473199397325516,-0.8688420057296753,-0.12505918741226196,0,-5.0,0.9917285442352295
1,140,-0.03879783675074577,0.09094743430614471,-1.1727290153503418,-0.5777334570884705,3,2.5,0.9923036694526672
1,141,-0.04892733693122864,0.08772881329059601,-0.8934666514396667,-0.13482394814491272,0,-5.0,0.9929696917533875
1,142,-0.05957441031932831,0.08384701609611511,-1.1960822343826294,-0.5868999361991882,3,2.5,0.9935128688812256
1,143,-0.06992920488119125,0.08054286986589432,-0.9152517318725586,-0.14238721132278442,0,-5.0,0.9941349029541016
1,144,-0.08078882098197937,0.0765838623046875,-1.216805100440979,-0.5941956043243408,3,2.5,0.9946401715278625
1,145,-0.09134385734796524,0.07321072369813919,-0.9346212148666382,-0.14844876527786255,0,-5.0,0.9952130317687988
1,146,-0.10239288210868835,0.06918792426586151,-1.2352865934371948,-0.6002588272094727,3,2.5,0.9956761002540588
1,147,-0.11312680691480637,0.06575622409582138,-0.9519361257553101,-0.1536022275686264,0,-5.0,0.996195912361145
1,148,-0.12434552609920502,0.06167741119861603,-1.2518583536148071,-0.6056330800056458,2,0.0,0.9968020915985107
1,149,-0.1363062709569931,0.05654996633529663,-1.1549067497253418,-0.4470747113227844,1,-2.5,0.9973689913749695
1,150,-0.14840683341026306,0.051293160766363144,-1.2528785467147827,-0.5896094441413879,2,0.0,0.9978554248809814
1,151,-0.1603810340166092,0.046309683471918106,-1.1563174724578857,-0.43313392996788025,3,2.5,0.9980228543281555
1,152,-0.17036543786525726,0.04446476697921753,-0.8796396255493164,0.00037433579564094543,0,-5.0,0.9982498288154602
1,153,-0.1809026002883911,0.04183482378721237,-1.1864429712295532,-0.46597808599472046,1,-2.5,0.9986763000488281
1,154,-0.19331133365631104,0.03638274595141411,-1.2828871011734009,-0.6084935069084167,2,0.0,0.9990262389183044
1,155,-0.2055782824754715,0.031205324456095695,-1.1847777366638184,-0.45179516077041626,1,-2.5,0.9993305206298828
1,156,-0.21797548234462738,0.025874795392155647,-1.2819321155548096,-0.5970675945281982,2,0.0,0.9995676279067993
1,157,-0.23023724555969238,0.020793309435248375,-1.184399962425232,-0.44279998540878296,1,-2.5,0.9997587203979492
1,158,-0.24263513088226318,0.015533833764493465,-1.282147765159607,-0.5906006097793579,2,0.0,0.9998897314071655
1,159,-0.2549029290676117,0.010499509051442146,-1.185110092163086,-0.4386304020881653,1,-2.5,0.9999722838401794
1,160,-0.26731178164482117,0.005263926461338997,-1.283353328704834,-0.5887759923934937,2,0.0,0.9999999403953552
1,161,-0.27959510684013367,0.00023090309696272016,-1.1867449283599854,-0.43900930881500244,1,-2.5,0.9999747276306152
1,162,-0.29202374815940857,-0.005025441292673349,-1.2854028940200806,-0.5913560390472412,2,0.0,0.9998979568481445
1,163,-0.3043307662010193,-0.010100885294377804,-1.1891732215881348,-0.4437343180179596,1,-2.5,0.9997621774673462
1,164,-0.3167867064476013,-0.015420851297676563,-1.288177728652954,-0.5981723070144653,2,0.0,0.9995764493942261
1,165,-0.32912445068359375,-0.020580977201461792,-1.1922887563705444,-0.4526699185371399,1,-2.5,0.9993236660957336
1,166,-0.3416142761707306,-0.026006264612078667,-1.291583776473999,-0.6091184020042419,2,0.0,0.9990207552909851
1,167,-0.353988915681839,-0.03129245713353157,-1.1960082054138184,-0.46573972702026367,1,-2.5,0.9986410140991211
1,168,-0.36651837825775146,-0.03686417639255524,-1.2955459356307983,-0.6241425275802612,2,0.0,0.9982092380523682
1,169,-0.37893539667129517,-0.04231752082705498,-1.2002670764923096,-0.48292118310928345,1,-2.5,0.9976886510848999
1,170,-0.3915097117424011,-0.04807671532034874,-1.3000067472457886,-0.6432430744171143,2,0.0,0.9971122145652771
1,171,-0.40397408604621887,-0.05373844876885414,-1.2050162553787231,-0.5042397975921631,1,-2.5,0.9964327216148376
1,172,-0.41659799218177795,-0.0597265362739563,-1.3049225807189941,-0.6664635539054871,2,0.0,0.9956915974617004
1,173,-0.42911428213119507,-0.06563851237297058,-1.2102198600769043,-0.529765784740448,1,-2.5,0.9948307275772095
1,174,-0.44179216027259827,-0.07189773768186569,-1.310260534286499,-0.6938889622688293,3,2.5,0.9941533207893372
1,175,-0.45329973101615906,-0.07646342366933823,-1.0286552906036377,-0.27144885063171387,3,2.5,0.9940711259841919
1,176,-0.4621140658855438,-0.0769992247223854,-0.7684928178787231,0.11728838086128235,4,5.0,0.9947900772094727
1,177,-0.4673728346824646,-0.0721798688173294,-0.3405979573726654,0.7641965746879578,4,5.0,0.9962597489356995
1,178,-0.46853047609329224,-0.061157647520303726,0.05594472214579582,1.3640201091766357,3,2.5,0.9978829026222229
1,179,-0.46694982051849365,-0.046012233942747116,0.23649345338344574,1.6333016157150269,0,-5.0,0.9988977909088135
1,180,-0.4668351709842682,-0.033199865370988846,-0.15835849940776825,1.017838716506958,2,0.0,0.9994722604751587
1,181,-0.46836331486701965,-0.022972773760557175,-0.14801914989948273,1.0290085077285767,2,0.0,0.9998406767845154
1,182,-0.46978864073753357,-0.012623189017176628,-0.1379498839378357,1.0413163900375366,2,0.0,0.9999954104423523
1,183,-0.4711137115955353,-0.0021393666975200176,-0.12812678515911102,1.0548169612884521,2,0.0,0.9999278783798218
1,184,-0.47234073281288147,0.008490976877510548,-0.11852753162384033,1.069563627243042,2,0.0,0.9996282458305359
1,185,-0.47347187995910645,0.019280657172203064,-0.10913154482841492,1.085608959197998,2,0.0,0.9990853667259216
1,186,-0.4745091199874878,0.030243009328842163,-0.09991979598999023,1.103004813194275,2,0.0,0.9982867240905762
1,187,-0.475454181432724,0.04139189422130585,-0.09087474644184113,1.1218029260635376,2,0.0,0.9972183108329773
1,188,-0.4763086140155792,0.052741680294275284,-0.08198035508394241,1.1420539617538452,2,0.0,0.9958645701408386
1,189,-0.4770737886428833,0.06430725008249283,-0.07322203367948532,1.163809061050415,1,-2.5,0.9944552183151245
1,190,-0.4788164496421814,0.07446309179067612,-0.2518517076969147,0.8987278938293457,3,2.5,0.992709755897522
1,191,-0.48013463616371155,0.08538296818733215,-0.04212707281112671,1.2329556941986084,0,-5.0,0.9910479784011841
1,192,-0.4826340675354004,0.09461499750614166,-0.4087335467338562,0.682506799697876,0,-5.0,0.9902769327163696
1,193,-0.4886363744735718,0.0986056849360466,-0.7469680309295654,0.17731864750385284,0,-5.0,0.9904400706291199
1,194,-0.49787434935569763,0.09777487069368362,-1.059572696685791,-0.2878815531730652,2,0.0,0.9908304214477539
1,195,-0.5079809427261353,0.09575802087783813,-0.97535240650177,-0.14378952980041504,1,-2.5,0.9912593960762024
1,196,-0.5183445811271667,0.09349119663238525,-1.084335207939148,-0.2967943847179413,2,0.0,0.9916470050811768
1,197,-0.5286898016929626,0.0913945809006691,-0.9984487891197205,-0.15073618292808533,1,-2.5,0.9920673966407776
1,198,-0.539276659488678,0.08906499296426773,-1.10597825050354,-0.3022352457046509,2,0.0,0.9924447536468506
1,199,-0.5498306155204773,0.0869210734963417,-1.0186643600463867,-0.1545981764793396,1,-2.5,0.9928500056266785
1,200,-0.5606129169464111,0.08455754071474075,-1.1249589920043945,-0.30493995547294617,2,0.0,0.9932116270065308
1,201,-0.5713501572608948,0.08239179104566574,-1.0364209413528442,-0.1560482531785965,1,-2.5,0.9935973286628723
1,202,-0.5823044776916504,0.08001676201820374,-1.1416646242141724,-0.30551958084106445,2,0.0,0.9939395189285278
1,203,-0.5932032465934753,0.0778488740324974,-1.052074909210205,-0.15564453601837158,1,-2.5,0.9943028688430786
1,204,-0.604309618473053,0.07547954469919205,-1.1564223766326904,-0.30448153614997864,2,0.0,0.9946235418319702
1,205,-0.6153512597084045,0.07332441210746765,-1.0659277439117432,-0.15385028719902039,1,-2.5,0.994962751865387
1,206,-0.626592218875885,0.07097358256578445,-1.1695103645324707,-0.30224692821502686,2,0.0,0.9952607750892639
1,207,-0.6377606987953186,0.0688420832157135,-1.0782358646392822,-0.15104959905147552,1,-2.5,0.9955752491950989
1,208,-0.6491214036941528,0.06651892513036728,-1.1811637878417969,-0.29916518926620483,2,0.0,0.9958502650260925
1,209,-0.6604031920433044,0.06441865861415863,-1.0892165899276733,-0.14756105840206146,1,-2.5,0.9961399435997009
1,210,-0.6718710064888,0.062129341065883636,-1.1915836334228516,-0.2955264151096344,2,0.0,0.9963921904563904
1,211,-0.6832540035247803,0.0600651353597641,-1.0990546941757202,-0.14364910125732422,1,-2.5,0.9966576099395752
1,212,-0.6948180198669434,0.05781329423189163,-1.2009400129318237,-0.2915717661380768,2,0.0,0.996887743473053
1,213,-0.7062923312187195,0.055787697434425354,-1.1079076528549194,-0.13953356444835663,1,-2.5,0.9971297383308411
1,214,-0.7179429531097412,0.05357489362359047,-1.2093786001205444,-0.28750181198120117,2,0.0,0.9973386526107788
1,215,-0.7294994592666626,0.05158855393528938,-1.1159098148345947,-0.13539740443229675,1,-2.5,0.9975581765174866
1,216,-0.7412284016609192,0.04941461607813835,-1.2170238494873047,-0.28348425030708313,2,0.0,0.9977469444274902
1,217,-0.7528595924377441,0.04746658354997635,-1.1231763362884521,-0.1313936561346054,1,-2.5,0.9979451894760132
1,218,-0.7646599411964417,0.045329879969358444,-1.2239822149276733,-0.27965933084487915,2,0.0,0.9981148838996887
1,219,-0.7763593196868896,0.04341785982251167,-1.1298056840896606,-0.12765085697174072,1,-2.5,0.9982930421829224
1,220,-0.7882247567176819,0.04131552204489708,-1.2303452491760254,-0.2761459946632385,2,0.0,0.9984447956085205
1,221,-0.7999864816665649,0.03943610191345215,-1.13588285446167,-0.12427828460931778,1,-2.5,0.9986039400100708
1,222,-0.8119118213653564,0.03736421465873718,-1.2361921072006226,-0.27304530143737793,2,0.0,0.9987388253211975
1,223,-0.8237310647964478,0.0355130136013031,-1.1414811611175537,-0.12136930227279663,1,-2.5,0.9988799691200256
1,224,-0.835711658000946,0.03346676379442215,-1.241591453552246,-0.2704445421695709,2,0.0,0.9989989995956421
1,225,-0.8475840091705322,0.03163854032754898,-1.146665096282959,-0.11900521069765091,1,-2.5,0.9991230964660645
1,226,-0.8596158623695374,0.029612313956022263,-1.2466031312942505,-0.26842036843299866,2,0.0,0.9992271065711975
1,227,-0.8715376257896423,0.027801092714071274,-1.151489496231079,-0.11725791543722153,1,-2.5,0.9993349313735962
1,228,-0.8836173415184021,0.025788577273488045,-1.2512786388397217,-0.26704123616218567,2,0.0,0.9994245767593384
1,229,-0.8955853581428528,0.023987704887986183,-1.156003475189209,-0.11619261652231216,1,-2.5,0.9995167851448059
1,230,-0.9077097773551941,0.021981945261359215,-1.255664348602295,-0.26636990904808044,2,0.0,0.9995926022529602
1,231,-0.9197213649749756,0.02018415741622448,-1.160249948501587,-0.11586980521678925,1,-2.5,0.9996695518493652
1,232,-0.9318880438804626,0.018177593126893044,-1.2598007917404175,-0.26646554470062256,2,0.0,0.9997318387031555
1,233,-0.9439406394958496,0.01637503318488598,-1.164267659187317,-0.11634712666273117,1,-2.5,0.9997938275337219
1,234,-0.956147313117981,0.014359524473547935,-1.2637240886688232,-0.26738491654396057,2,0.0,0.999842643737793
1,235,-0.9682389497756958,0.012543760240077972,-1.1680904626846313,-0.11768084019422531,1,-2.5,0.9998895525932312
1,236,-0.980483889579773,0.010510601103305817,-1.2674673795700073,-0.2691842317581177,2,0.0,0.9999247789382935
1,237,-0.9926128387451172,0.008672635070979595,-1.1717500686645508,-0.11992736160755157,1,-2.5,0.9999562501907349
1,238,-1.004894495010376,0.006612543947994709,-1.2710599899291992,-0.271920382976532,2,0.0,0.9999775290489197
1,239,-1.017059564590454,0.004742796067148447,-1.1752744913101196,-0.12314444780349731,1,-2.5,0.9999930262565613
1,240,-1.0293763875961304,0.00264590117149055,-1.274529218673706,-0.27565211057662964,2,0.0,0.999999463558197
1,241,-1.0415761470794678,0.0007341835298575461,-1.178689956665039,-0.1273924708366394,1,-2.5,0.9999980330467224
1,242,-1.0539274215698242,-0.001410007942467928,-1.277900218963623,-0.280441015958786,2,0.0,0.9999886155128479
1,243,-1.066161036491394,-0.0033745167311280966,-1.182021141052246,-0.13273492455482483,1,-2.5,0.9999688863754272
1,244,-1.0785456895828247,-0.005577152129262686,-1.2811968326568604,-0.28635257482528687,2,0.0,0.9999421238899231
1,245,-1.0908125638961792,-0.007605953607708216,-1.1852906942367554,-0.13924019038677216,1,-2.5,0.9999024271965027
1,246,-1.103230357170105,-0.009878884069621563,-1.2844412326812744,-0.29345715045928955,2,0.0,0.9998563528060913
1,247,-1.115530014038086,-0.011984212324023247,-1.1885215044021606,-0.14698195457458496,1,-2.5,0.9997943639755249
1,248,-1.1279804706573486,-0.014340049587190151,-1.2876551151275635,-0.3018306791782379,2,0.0,0.9997265934944153
1,249,-1.140312671661377,-0.01653493195772171,-1.1917344331741333,-0.15603981912136078,1,-2.5,0.9996395111083984
1,250,-1.152795672416687,-0.018987111747264862,-1.2908589839935303,-0.3115555942058563,2,0.0,0.9995469450950623
1,251,-1.1651605367660522,-0.02128543145954609,-1.194949984550476,-0.1665007770061493,1,-2.5,0.9994312524795532
1,252,-1.1776760816574097,-0.023848287761211395,-1.2940729856491089,-0.32272154092788696,2,0.0,0.9993101358413696
1,253,-1.1900737285614014,-0.026264870539307594,-1.1981887817382812,-0.17845970392227173,1,-2.5,0.9991616606712341
1,254,-1.2026222944259644,-0.028953710570931435,-1.2973170280456543,-0.3354267179965973,2,0.0,0.9990074634552002
1,255,-1.2150532007217407,-0.03150440752506256,-1.2014710903167725,-0.19202037155628204,2,0.0,0.9989314675331116
1,256,-1.2265676259994507,-0.0326886810362339,-1.11295485496521,-0.06028304249048233,0,-5.0,0.9987105131149292
1,257,-1.2393702268600464,-0.035909511148929596,-1.4064387083053589,-0.5179827809333801,1,-2.5,0.9982466697692871
1,258,-1.2539159059524536,-0.041872840374708176,-1.490402102470398,-0.653049886226654,2,0.0,0.9977441430091858
1,259,-1.2682005167007446,-0.047496043145656586,-1.380779504776001,-0.49050548672676086,1,-2.5,0.9971675276756287
1,260,-1.282504916191101,-0.05322091653943062,-1.4672198295593262,-0.631072998046875,2,0.0,0.9965589642524719
1,261,-1.296572208404541,-0.05866042152047157,-1.3599839210510254,-0.47401100397109985,1,-2.5,0.9958716034889221
1,262,-1.3106815814971924,-0.06425249576568604,-1.4485009908676147,-0.6193814873695374,2,0.0,0.9951547384262085
1,263,-1.3245744705200195,-0.06960780918598175,-1.343308687210083,-0.4672413766384125,3,2.5,0.9948331713676453
1,264,-1.3363975286483765,-0.0718807727098465,-1.0590819120407104,-0.04027611017227173,0,-5.0,0.9943758249282837
1,265,-1.348695993423462,-0.07499424368143082,-1.3579833507537842,-0.5113014578819275,3,2.5,0.9939612150192261
1,266,-1.3606624603271484,-0.07770955562591553,-1.0730540752410889,-0.08425505459308624,3,2.5,0.9941712021827698
1,267,-1.3699023723602295,-0.0763467475771904,-0.8096410632133484,0.30931684374809265,0,-5.0,0.9942036867141724
1,268,-1.3798139095306396,-0.0761333778500557,-1.1273311376571655,-0.191091388463974,4,5.0,0.9945001006126404
1,269,-1.3885080814361572,-0.07416136562824249,-0.6725667119026184,0.49723345041275024,4,5.0,0.995697021484375
1,270,-1.3928459882736206,-0.06559713929891586,-0.2514597773551941,1.1343958377838135,3,2.5,0.9972378611564636
1,271,-1.3942112922668457,-0.052556250244379044,-0.048272084444761276,1.4377425909042358,0,-5.0,0.9982759356498718
1,272,-1.3968249559402466,-0.041522059589624405,-0.4220243990421295,0.8539645671844482,4,5.0,0.9991307258605957
1,273,-1.3987458944320679,-0.02948298491537571,-0.01710577681660652,1.47239089012146,0,-5.0,0.9996727705001831
1,274,-1.4010549783706665,-0.01809019222855568,-0.3924664258956909,0.8891247510910034,4,5.0,0.9999678134918213
1,275,-1.4026826620101929,-0.005673699546605349,0.011666454374790192,1.5102934837341309,0,-5.0,0.999962568283081
1,276,-1.4047088623046875,0.006116585806012154,-0.3648839294910431,0.9286062121391296,4,5.0,0.9996408224105835
1,277,-1.4060629606246948,0.018952084705233574,0.038391560316085815,1.5521762371063232,0,-5.0,0.9990274310112
1,278,-1.4078242778778076,0.031186241656541824,-0.3389335870742798,0.973175585269928,0,-5.0,0.9985634088516235
1,279,-1.413191795349121,0.037902526557445526,-0.6871524453163147,0.4409601390361786,0,-5.0,0.998436689376831
1,280,-1.4218894243240356,0.039539188146591187,-1.008793592453003,-0.049271393567323685,0,-5.0,0.9986686110496521
1,281,-1.43366539478302,0.03648792952299118,-1.3062382936477661,-0.5020464658737183,1,-2.5,0.9990547895431519
1,282,-1.44722318649292,0.030744275078177452,-1.3939956426620483,-0.6320109963417053,2,0.0,0.9993550777435303
1,283,-1.460555911064148,0.025395343080163002,-1.2878199815750122,-0.4636995792388916,1,-2.5,0.9995998740196228
1,284,-1.4739419221878052,0.020003218203783035,-1.3775569200515747,-0.5984326601028442,2,0.0,0.9997761845588684
1,285,-1.487121343612671,0.014961115084588528,-1.2731329202651978,-0.4344003200531006,2,0.0,0.9998681545257568
1,286,-1.4993027448654175,0.011482157744467258,-1.1767812967300415,-0.2835371792316437,2,0.0,0.999910831451416
1,287,-1.5105633735656738,0.009442529641091824,-1.0878263711929321,-0.14457467198371887,4,5.0,0.9998553395271301
1,288,-1.5188366174697876,0.01202763058245182,-0.6301349401473999,0.5632238388061523,0,-5.0,0.9997809529304504
1,289,-1.5269999504089355,0.014800268225371838,-0.9576333165168762,0.059737518429756165,3,2.5,0.999686598777771
1,290,-1.5350931882858276,0.01770344376564026,-0.6971956491470337,0.46392592787742615,0,-5.0,0.9996182918548584
1,291,-1.543896198272705,0.019537674263119698,-1.0193368196487427,-0.03041454404592514,3,2.5,0.9995339512825012
1,292,-1.552578330039978,0.021587831899523735,-0.754045844078064,0.3819270730018616,2,0.0,0.9993270039558411
1,293,-1.5597881078720093,0.025942446663975716,-0.6962721347808838,0.4744375944137573,0,-5.0,0.9992218017578125
1,294,-1.5685784816741943,0.027896704152226448,-1.0179872512817383,-0.017902802675962448,3,2.5,0.9990949034690857
1,295,-1.577244758605957,0.03008480742573738,-0.752415657043457,0.39605769515037537,2,0.0,0.9988032579421997
1,296,-1.5844355821609497,0.03459428623318672,-0.6943371295928955,0.49030765891075134,0,-5.0,0.9986514449119568
1,297,-1.5932035446166992,0.036722686141729355,-1.0156525373458862,3.141164779663086e-05,3,2.5,0.9984709620475769
1,298,-1.601844310760498,0.0391026996076107,-0.7498757839202881,0.41552990674972534,2,0.0,0.998079776763916
1,299,-1.6090071201324463,0.043820641934871674,-0.6915411949157715,0.5115152597427368,0,-5.0,0.9978676438331604
1,300,-1.617743730545044,0.046177566051483154,-1.0124578475952148,0.023439213633537292,3,2.5,0.9976181387901306
1,301,-1.6263506412506104,0.04880421608686447,-0.7465396523475647,0.4404289722442627,0,-5.0,0.9974501132965088
1,302,-1.6356115341186523,0.05049651488661766,-1.0629916191101074,-0.03991538658738136,3,2.5,0.9972406625747681
1,303,-1.6447010040283203,0.052529335021972656,-0.7931195497512817,0.3837240934371948,2,0.0,0.9967532157897949
1,304,-1.6522728204727173,0.05698041990399361,-0.7308857440948486,0.48768603801727295,0,-5.0,0.9965010285377502
1,305,-1.6613796949386597,0.059151794761419296,-1.0479365587234497,0.00788397341966629,3,2.5,0.9961973428726196
1,306,-1.670322299003601,0.06166553124785423,-0.7788804173469543,0.4313848316669464,2,0.0,0.9955645799636841
1,307,-1.6777544021606445,0.06659914553165436,-0.7172835469245911,0.535706639289856,2,0.0,0.994737446308136
1,308,-1.6845953464508057,0.07254360616207123,-0.6600866913795471,0.6339912414550781,0,-5.0,0.9941989779472351
1,309,-1.6930166482925415,0.07616444677114487,-0.9812968373298645,0.15068577229976654,0,-5.0,0.9943493604660034
1,310,-1.7045108079910278,0.07517064362764359,-1.278182029724121,-0.29466167092323303,0,-5.0,0.9951119422912598
1,311,-1.7188482284545898,0.06991466879844666,-1.5530154705047607,-0.706393837928772,0,-5.0,0.9963144659996033
1,312,-1.7358205318450928,0.0607086680829525,-1.8078089952468872,-1.0883461236953735,0,-5.0,0.9977123141288757
1,313,-1.7552379369735718,0.04782957211136818,-2.044313430786133,-1.443848967552185,3,2.5,0.9986706972122192
1,314,-1.773725152015686,0.036459825932979584,-1.7012627124786377,-0.9079976081848145,0,-5.0,0.999361515045166
1,315,-1.7921326160430908,0.025268688797950745,-1.947139859199524,-1.2819828987121582,3,2.5,0.9997621774673462
1,316,-1.8096956014633179,0.015421202406287193,-1.6121150255203247,-0.7614955902099609,0,-5.0,0.9999686479568481
1,317,-1.8272584676742554,0.005598168820142746,-1.8658268451690674,-1.150907278060913,0,-5.0,0.9999364614486694
1,318,-1.8472541570663452,-0.007969691418111324,-2.10103440284729,-1.5133717060089111,3,2.5,0.9995965957641602
1,319,-1.8663018941879272,-0.020084667950868607,-1.7559757232666016,-0.9823896288871765,3,2.5,0.9992634654045105
1,320,-1.882051706314087,-0.02713906578719616,-1.4374996423721313,-0.49422794580459595,4,5.0,0.9992222785949707
1,321,-1.8936882019042969,-0.02788745053112507,-0.9556683897972107,0.24495261907577515,4,5.0,0.999535083770752
1,322,-1.900712251663208,-0.021561823785305023,-0.5099653005599976,0.9284752607345581,0,-5.0,0.9997667670249939
1,323,-1.9077377319335938,-0.015272905118763447,-0.8481308817863464,0.4035855233669281,2,0.0,0.9998854398727417
1,324,-1.9158625602722168,-0.010704049840569496,-0.7851989269256592,0.49849438667297363,0,-5.0,0.9999274611473083
1,325,-1.9255194664001465,-0.008516470901668072,-1.1022533178329468,0.007651444524526596,3,2.5,0.9999630451202393
1,326,-1.9350062608718872,-0.006079452577978373,-0.8321604132652283,0.4232320785522461,2,0.0,0.9999982714653015
1,327,-1.9429746866226196,-0.0013084296369925141,-0.7699415683746338,0.5184457302093506,0,-5.0,0.9999988079071045
1,328,-1.9524818658828735,0.0010847733356058598,-1.0876667499542236,0.02797091007232666,3,2.5,0.9999860525131226
1,329,-1.9618251323699951,0.003732437966391444,-0.8181533813476562,0.4441295266151428,0,-5.0,0.9999706149101257
1,330,-1.9717918634414673,0.005423052702099085,-1.1319974660873413,-0.03960459306836128,3,2.5,0.9999447464942932
1,331,-1.9815577268600464,0.007431660778820515,-0.8589364290237427,0.3826639652252197,2,0.0,0.9998598694801331
1,332,-1.9897770881652832,0.011838246136903763,-0.7940084338188171,0.4840928912162781,0,-5.0,0.9998060464859009
1,333,-1.999509334564209,0.013927203603088856,-1.1092159748077393,-0.00047430768609046936,3,2.5,0.9997334480285645
1,334,-2.009053945541382,0.016326667740941048,-0.8374410271644592,0.4210706055164337,2,0.0,0.9995539784431458
1,335,-2.017063856124878,0.02111862041056156,-0.7736711502075195,0.5220568776130676,0,-5.0,0.9994434714317322
1,336,-2.026597499847412,0.023591000586748123,-1.08986496925354,0.03746091574430466,3,2.5,0.999304473400116
1,337,-2.0359530448913574,0.026373157277703285,-0.8190881013870239,0.45885977149009705,0,-5.0,0.999201774597168
1,338,-2.0459189414978027,0.028253380209207535,-1.1315571069717407,-0.019147630780935287,3,2.5,0.9990694522857666
1,339,-2.0556721687316895,0.030504442751407623,-0.8574442267417908,0.4080404043197632,2,0.0,0.9987607002258301
1,340,-2.063868284225464,0.035203658044338226,-0.7914612889289856,0.5145497918128967,0,-5.0,0.9985832571983337
1,341,-2.073566198348999,0.037639643996953964,-1.10544753074646,0.035688646137714386,3,2.5,0.9983648657798767
1,342,-2.083065986633301,0.040436822921037674,-0.8328932523727417,0.4617721736431122,0,-5.0,0.9982037544250488
1,343,-2.0931577682495117,0.04238258674740791,-1.1434307098388672,-0.010895617306232452,3,2.5,0.9979977607727051
1,344,-2.1030197143554688,0.04474624618887901,-0.867836058139801,0.42050424218177795,2,0.0,0.997539758682251
1,345,-2.111309766769409,0.049601148813962936,-0.800376296043396,0.5313920974731445,0,-5.0,0.997270941734314
1,346,-2.1210854053497314,0.05224011093378067,-1.1127351522445679,0.05752472206950188,3,2.5,0.9969438314437866
1,347,-2.130650758743286,0.05528270825743675,-0.8390678763389587,0.4872581362724304,0,-5.0,0.9966917634010315
1,348,-2.140794277191162,0.0575173944234848,-1.1481287479400635,0.019465137273073196,3,2.5,0.9963747262954712
1,349,-2.1506969928741455,0.06021040678024292,-0.8716191649436951,0.4542457163333893,0,-5.0,0.996137797832489
1,350,-2.161149501800537,0.06214657053351402,-1.17788827419281,-0.008373968303203583,3,2.5,0.9958284497261047
1,351,-2.1713356971740723,0.06458739936351776,-0.8989905714988708,0.4306613802909851,2,0.0,0.9951561689376831
1,352,-2.1799163818359375,0.06959749013185501,-0.828257143497467,0.54947829246521,2,0.0,0.9942607879638672
1,353,-2.1878185272216797,0.07575740665197372,-0.7626124620437622,0.6612064242362976,0,-5.0,0.9936439990997314
1,354,-2.1972198486328125,0.07972452044487,-1.075903058052063,0.1907029151916504,0,-5.0,0.9937272667884827
1,355,-2.209618330001831,0.0792006328701973,-1.3654286861419678,-0.24264346063137054,0,-5.0,0.9944451451301575
1,356,-2.2247891426086426,0.07453077286481857,-1.633414626121521,-0.6430833339691162,0,-5.0,0.99564129114151
1,357,-2.2425284385681152,0.06602045893669128,-1.8818342685699463,-1.0143791437149048,3,2.5,0.9965348243713379
1,358,-2.2594540119171143,0.05886572599411011,-1.5502668619155884,-0.4939132332801819,0,-5.0,0.9973207712173462
1,359,-2.276404857635498,0.05176141858100891,-1.8059245347976685,-0.8790755867958069,0,-5.0,0.9983224868774414
1,360,-2.295807123184204,0.04095768928527832,-2.0430192947387695,-1.2369565963745117,3,2.5,0.9989984631538391
1,361,-2.3142833709716797,0.03164736181497574,-1.700204610824585,-0.7023180723190308,0,-5.0,0.9994935393333435
1,362,-2.3326826095581055,0.022504083812236786,-1.946380615234375,-1.0774954557418823,0,-5.0,0.9999048709869385
1,363,-2.353442907333374,0.009753279387950897,-2.174675703048706,-1.4266468286514282,3,2.5,0.9999979734420776
1,364,-2.3731889724731445,-0.001415920676663518,-1.8232425451278687,-0.8830994367599487,0,-5.0,0.9998475909233093
1,365,-2.39277982711792,-0.012345463037490845,-2.0619683265686035,-1.2519912719726562,3,2.5,0.9995212554931641
1,366,-2.4114551544189453,-0.021880069747567177,-1.720076322555542,-0.7265216112136841,0,-5.0,0.9990174174308777
1,367,-2.430065155029297,-0.031345952302217484,-1.967495083808899,-1.1117846965789795,0,-5.0,0.9980183243751526
1,368,-2.451046943664551,-0.04451603442430496,-2.1966731548309326,-1.4703198671340942,3,2.5,0.9968409538269043
1,369,-2.471024990081787,-0.05620533227920532,-1.8465368747711182,-0.9376028180122375,3,2.5,0.9960532784461975
1,370,-2.4876582622528076,-0.0628228709101677,-1.5235822200775146,-0.448704332113266,1,-2.5,0.9953676462173462
1,371,-2.5033352375030518,-0.06806129962205887,-1.600033164024353,-0.5760777592658997,4,5.0,0.9951543807983398
1,372,-2.516549825668335,-0.06961026042699814,-1.1091803312301636,0.169307678937912,0,-5.0,0.9950167536735535
1,373,-2.529327392578125,-0.07059181481599808,-1.4042633771896362,-0.2955368161201477,0,-5.0,0.9942194819450378
1,374,-2.5449304580688477,-0.07602958381175995,-1.6772481203079224,-0.726552426815033,1,-2.5,0.9929496049880981
1,375,-2.5620827674865723,-0.08396665006875992,-1.742721438407898,-0.8389788269996643,0,-5.0,0.9910445213317871
1,376,-2.580928087234497,-0.0946333184838295,-1.9905592203140259,-1.2329858541488647,0,-5.0,0.9880996346473694
1,377,-2.602146863937378,-0.10908882319927216,-2.2198407649993896,-1.5997823476791382,0,-5.0,0.9838516712188721
1,378,-2.625560998916626,-0.12707608938217163,-2.4318714141845703,-1.9418145418167114,0,-5.0,0.977989137172699
1,379,-2.6510040760040283,-0.1483604907989502,-2.62778902053833,-2.2612228393554688,2,0.0,0.9712661504745483
1,380,-2.6762123107910156,-0.16951057314872742,-2.4381794929504395,-1.9949382543563843,0,-5.0,0.9633800983428955
1,381,-2.701718807220459,-0.19136328995227814,-2.633657932281494,-2.318075656890869,0,-5.0,0.9532006978988647
1,382,-2.7290918827056885,-0.21633152663707733,-2.8136935234069824,-2.619903326034546,4,5.0,0.9433807730674744
1,383,-2.754023551940918,-0.23794786632061005,-2.248586416244507,-1.802228569984436,4,5.0,0.9365739226341248
1,384,-2.773578405380249,-0.2518453299999237,-1.730393409729004,-1.0617929697036743,0,-5.0,0.9298316836357117
1,385,-2.79231858253479,-0.2648929953575134,-1.9789395332336426,-1.471008539199829,0,-5.0,0.9205465316772461
1,386,-2.8134336471557617,-0.2818748950958252,-2.2081522941589355,-1.8520625829696655,0,-5.0,0.9084810614585876
1,387,-2.836735486984253,-0.3025209307670593,-2.4191081523895264,-2.2069106101989746,4,5.0,0.8972174525260925
1,388,-2.857983350753784,-0.32059723138809204,-1.8986742496490479,-1.4869029521942139,2,0.0,0.8878803849220276
1,389,-2.876298666000366,-0.33484265208244324,-1.776352882385254,-1.3559874296188354,4,5.0,0.881009042263031
1,390,-2.8914363384246826,-0.34495073556900024,-1.3100758790969849,-0.7270156145095825,4,5.0,0.8781335949897766
1,391,-2.902118682861328,-0.3490937352180481,-0.8795739412307739,-0.15336468815803528,0,-5.0,0.874974250793457
1,392,-2.912689447402954,-0.35358983278274536,-1.1862512826919556,-0.6498592495918274,0,-5.0,0.8683290481567383
1,393,-2.9261982440948486,-0.3628649115562439,-1.4703537225723267,-1.1135063171386719,3,2.5,0.8614050149917603
1,394,-2.939431667327881,-0.37228354811668396,-1.2067279815673828,-0.7874593734741211,4,5.0,0.8577224016189575
1,395,-2.949150800704956,-0.37719714641571045,-0.788317084312439,-0.24150732159614563,4,5.0,0.8579367399215698
1,396,-2.9548611640930176,-0.376912921667099,-0.4003162980079651,0.2593809962272644,1,-2.5,0.858534574508667
1,397,-2.959827184677124,-0.376118928194046,-0.5639445781707764,-0.031157759949564934,1,-2.5,0.8570125102996826
1,398,-2.966365098953247,-0.3781369626522064,-0.7161455154418945,-0.3052530884742737,4,5.0,0.8567113876342773
1,399,-2.9713833332061768,-0.37853485345840454,-0.33335384726524353,0.18777498602867126,1,-2.5,0.8567406535148621
1,400,-2.9757065773010254,-0.37849608063697815,-0.50164794921875,-0.10953181982040405,0,-5.0,0.8534961938858032
1,401,-2.9826388359069824,-0.38275814056396484,-0.8327893018722534,-0.6403045058250427,0,-5.0,0.846234142780304
1,402,-2.9927444458007812,-0.3921298384666443,-1.139722228050232,-1.1361008882522583,3,2.5,-2.161641836166382
2,1,0.1855548918247223,0.08639690279960632,-0.10479061305522919,-0.0003836005926132202,4,5.0,0.9919208288192749
2,2,0.18671365082263947,0.08988416939973831,0.2815377116203308,0.6067230701446533,0,-5.0,0.9914150834083557
2,3,0.1873178780078888,0.0926550030708313,-0.10869407653808594,0.020635679364204407,4,5.0,0.9907143712043762
2,4,0.18844035267829895,0.09636189043521881,0.2780104875564575,0.628930926322937,0,-5.0,0.9901250600814819
2,5,0.189014732837677,0.09937256574630737,-0.11137579381465912,0.04549439996480942,4,5.0,0.9893215298652649
2,6,0.1901126205921173,0.10333682596683502,0.27559930086135864,0.6548332571983337,0,-5.0,0.9886310696601868
2,7,0.1906682401895523,0.10662500560283661,-0.11296436190605164,0.07414328306913376,2,0.0,0.9884166121482849
2,8,0.1896289885044098,0.10762609541416168,-0.0989885926246643,0.11172501742839813,2,0.0,0.9881199598312378
2,9,0.18872393667697906,0.10899561643600464,-0.08600618690252304,0.14793966710567474,2,0.0,0.9877408146858215
2,10,0.1879437118768692,0.110721156001091,-0.07392558455467224,0.18298235535621643,2,0.0,0.9872779250144958
2,11,0.18727977573871613,0.11279217898845673,-0.06266260892152786,0.2170352339744568,1,-2.5,0.987101137638092
2,12,0.18566374480724335,0.11357318609952927,-0.23860004544258118,-0.035688020288944244,4,5.0,0.9863525629043579
2,13,0.18554529547691345,0.11682223528623581,0.15796661376953125,0.5895841121673584,0,-5.0,0.9857034683227539
2,14,0.18498334288597107,0.11956817656755447,-0.2205168902873993,0.027246110141277313,4,5.0,0.9847625494003296
2,15,0.18503862619400024,0.12344001233577728,0.17469735443592072,0.6509227752685547,0,-5.0,0.9839204549789429
2,16,0.18464110791683197,0.12680509686470032,-0.20438902080059052,0.08914908766746521,2,0.0,0.983603298664093
2,17,0.182733952999115,0.12804962694644928,-0.18261712789535522,0.14165446162223816,2,0.0,0.983150064945221
2,18,0.18103572726249695,0.12980715930461884,-0.16240884363651276,0.191959947347641,1,-2.5,0.9829859733581543
2,19,0.17847327888011932,0.13043782114982605,-0.3296733796596527,-0.04437956213951111,4,5.0,0.9821315407752991
2,20,0.17748413980007172,0.1336730271577835,0.07364773750305176,0.5925016403198242,0,-5.0,0.9813551902770996
2,21,0.17612597346305847,0.13654595613479614,-0.29686734080314636,0.04612461477518082,4,5.0,0.9802121520042419
2,22,0.17545123398303986,0.1406693011522293,0.10394982993602753,0.6795892119407654,0,-5.0,0.9791452884674072
2,23,0.17438781261444092,0.1444115787744522,-0.2681123912334442,0.1324867606163025,2,0.0,0.9786373376846313
2,24,0.1718767285346985,0.14615967869758606,-0.2407832145690918,0.19605101644992828,1,-2.5,0.9784155488014221
2,25,0.16857217252254486,0.1469164937734604,-0.4010084271430969,-0.026503389701247215,4,5.0,0.9773834943771362
2,26,0.1669003963470459,0.15038776397705078,0.007443901151418686,0.6192603707313538,0,-5.0,0.9764024019241333
2,27,0.1649196743965149,0.1536150574684143,-0.35640478134155273,0.08693607151508331,2,0.0,0.9759813547134399
2,28,0.16156618297100067,0.1549793928861618,-0.32210853695869446,0.16243715584278107,2,0.0,0.9753262400627136
2,29,0.15854160487651825,0.1570788472890854,-0.29030147194862366,0.2343519628047943,1,-2.5,0.9749494194984436
2,30,0.1547684520483017,0.15827374160289764,-0.44603535532951355,0.0207001231610775,4,5.0,0.9736741781234741
2,31,0.15266528725624084,0.16225233674049377,-0.03445029631257057,0.6718457341194153,0,-5.0,0.9724226593971252
2,32,0.1502915471792221,0.16606424748897552,-0.39392128586769104,0.14903241395950317,2,0.0,0.9717445969581604
2,33,0.14658287167549133,0.16809333860874176,-0.356314092874527,0.23134244978427887,1,-2.5,0.971329391002655
2,34,0.14218315482139587,0.16932401061058044,-0.5063298344612122,0.02846619486808777,1,-2.5,0.9715657830238342
2,35,0.13634710013866425,0.16862443089485168,-0.6451676487922668,-0.15723879635334015,0,-5.0,0.9729220867156982
2,36,0.12812840938568115,0.164553701877594,-0.9588175415992737,-0.609164834022522,3,2.5,0.9740915298461914
2,37,0.12005956470966339,0.16096113622188568,-0.6945317387580872,-0.18201854825019836,0,-5.0,0.9754594564437866
2,38,0.11136273294687271,0.15665416419506073,-1.0053282976150513,-0.6313579678535461,3,2.5,0.9766331315040588
2,39,0.10284741222858429,0.15286220610141754,-0.7376367449760437,-0.19968971610069275,2,0.0,0.977016270160675
2,40,0.09584202617406845,0.15160399675369263,-0.6751246452331543,-0.08131247758865356,0,-5.0,0.9780166149139404
2,41,0.08732502907514572,0.14826808869838715,-0.9882548451423645,-0.5362667441368103,2,0.0,0.9793224334716797
2,42,0.07791686058044434,0.14379696547985077,-0.9074499011039734,-0.39065003395080566,2,0.0,0.9801967144012451
2,43,0.06928174942731857,0.14072410762310028,-0.8327444195747375,-0.2549126446247101,2,0.0,0.980691134929657
2,44,0.06136148422956467,0.13895632326602936,-0.7636643648147583,-0.1281563937664032,0,-5.0,0.981727123260498
2,45,0.05198812484741211,0.1351771056652069,-1.0714704990386963,-0.577767014503479,3,2.5,0.9825910329818726
2,46,0.042836688458919525,0.131943017244339,-0.799004077911377,-0.14072825014591217,0,-5.0,0.9836048483848572
2,47,0.033120401203632355,0.12804368138313293,-1.1048468351364136,-0.588839590549469,3,2.5,0.9844467043876648
2,48,0.02364817075431347,0.12471292912960052,-0.8299830555915833,-0.14881226420402527,0,-5.0,0.9854230284690857
2,49,0.013630691915750504,0.1207352727651596,-1.1341867446899414,-0.5959367156028748,3,2.5,0.9862302541732788
2,50,0.0038762353360652924,0.11734463274478912,-0.8572388291358948,-0.1534331738948822,0,-5.0,0.9871584177017212
2,51,-0.00640675937756896,0.11332090944051743,-1.1600732803344727,-0.5999829173088074,3,2.5,0.9879223704338074
2,52,-0.016410456970334053,0.10989829897880554,-0.88131183385849,-0.15544722974300385,0,-5.0,0.9887952208518982
2,53,-0.026928428560495377,0.1058526337146759,-1.1830013990402222,-0.601753830909729,3,2.5,0.9895104169845581
2,54,-0.037153132259845734,0.10241859406232834,-0.9026620984077454,-0.1555720716714859,0,-5.0,0.9903236627578735
2,55,-0.04787992313504219,0.09836834669113159,-1.2033936977386475,-0.601901113986969,3,2.5,0.9909869432449341
2,56,-0.05830144137144089,0.09493717551231384,-0.921680212020874,-0.15441001951694489,0,-5.0,0.9917382597923279
2,57,-0.06921461969614029,0.09089399874210358,-1.2216099500656128,-0.60097336769104,3,2.5,0.9923481345176697
2,58,-0.07981220632791519,0.0874747708439827,-0.9387006163597107,-0.15246695280075073,0,-5.0,0.9930368661880493
2,59,-0.09089253842830658,0.08344552665948868,-1.2379581928253174,-0.5994336009025574,3,2.5,0.993593156337738
2,60,-0.10164840519428253,0.08004289120435715,-0.9540082812309265,-0.1501702517271042,0,-5.0,0.9942194223403931
2,61,-0.11287937313318253,0.07603033632040024,-1.2527014017105103,-0.5976743102073669,3,2.5,0.9947226643562317
2,62,-0.12377822399139404,0.07264519482851028,-0.9678460359573364,-0.14788192510604858,0,-5.0,0.9952873587608337
2,63,-0.1351456344127655,0.06864865124225616,-1.266065001487732,-0.5960301160812378,3,2.5,0.995738685131073
2,64,-0.1461743712425232,0.06527870148420334,-0.9804238677024841,-0.14591079950332642,0,-5.0,0.9962430000305176
2,65,-0.15766607224941254,0.06129450723528862,-1.2782437801361084,-0.5947877764701843,2,0.0,0.9968311786651611
2,66,-0.16987952589988708,0.056292276829481125,-1.1793280839920044,-0.43325528502464294,3,2.5,0.9970323443412781
2,67,-0.18008112907409668,0.05447610095143318,-0.9005581140518188,0.004771050065755844,0,-5.0,0.9973039031028748
2,68,-0.19081361591815948,0.0519241988658905,-1.2051053047180176,-0.4563555419445038,1,-2.5,0.9978285431861877
2,69,-0.203396737575531,0.04659906402230263,-1.2995789051055908,-0.594236433506012,2,0.0,0.9982700943946838
2,70,-0.21581974625587463,0.041592277586460114,-1.1997328996658325,-0.43337348103523254,3,2.5,0.9984186291694641
2,71,-0.22622129321098328,0.0397663451731205,-0.9199813604354858,0.004247989505529404,0,-5.0,0.9986167550086975
2,72,-0.23714691400527954,0.03719235956668854,-1.2240681648254395,-0.4587171971797943,1,-2.5,0.9989868998527527
2,73,-0.24991773068904877,0.03182927891612053,-1.317944884300232,-0.5979995727539062,2,0.0,0.9992832541465759
2,74,-0.26252198219299316,0.02677227184176445,-1.2174198627471924,-0.4382386803627014,1,-2.5,0.9995338320732117
2,75,-0.2752334773540497,0.021590881049633026,-1.3123635053634644,-0.5807859897613525,2,0.0,0.9997215867042542
2,76,-0.28778815269470215,0.016685012727975845,-1.2127538919448853,-0.42394334077835083,3,2.5,0.9997773170471191
2,77,-0.29832300543785095,0.014922075904905796,-0.9331074953079224,0.010053187608718872,0,-5.0,0.9998470544815063
2,78,-0.3093855082988739,0.012367398478090763,-1.2377337217330933,-0.4578189551830292,1,-2.5,0.9999513030052185
2,79,-0.3222973942756653,0.006977901794016361,-1.3319282531738281,-0.6014347672462463,2,0.0,0.999996542930603
2,80,-0.3350450098514557,0.0018532791873440146,-1.2315853834152222,-0.44564878940582275,1,-2.5,0.9999881982803345
2,81,-0.3479022681713104,-0.0034370592329651117,-1.3267918825149536,-0.5924245715141296,2,0.0,0.9999278783798218
2,82,-0.36060482263565063,-0.008493108674883842,-1.2273708581924438,-0.43963557481765747,1,-2.5,0.9998111128807068
2,83,-0.37342578172683716,-0.01374411303550005,-1.32342529296875,-0.5892782211303711,2,0.0,0.9996469616889954
2,84,-0.38610023260116577,-0.018789077177643776,-1.2247998714447021,-0.43929269909858704,1,-2.5,0.9994212985038757
2,85,-0.3989005386829376,-0.024056093767285347,-1.3215646743774414,-0.5915682315826416,2,0.0,0.9991506338119507
2,86,-0.41156139969825745,-0.02914353646337986,-1.2236328125,-0.4442465305328369,1,-2.5,0.9988112449645996
2,87,-0.4243544936180115,-0.03447849303483963,-1.3209936618804932,-0.598971426486969,2,0.0,0.998427152633667
2,88,-0.4370141625404358,-0.03965906798839569,-1.2236745357513428,-0.45422276854515076,1,-2.5,0.9979649782180786
2,89,-0.4498116374015808,-0.04511145129799843,-1.321535587310791,-0.6112557649612427,2,0.0,0.997456431388855
2,90,-0.46248093247413635,-0.05043378099799156,-1.2247668504714966,-0.46903344988822937,1,-2.5,0.9968582391738892
2,91,-0.47529277205467224,-0.056051433086395264,-1.323046088218689,-0.6282691359519958,2,0.0,0.9962100386619568
2,92,-0.4879811108112335,-0.061562877148389816,-1.2267813682556152,-0.48856672644615173,1,-2.5,0.99545818567276
2,93,-0.5008162260055542,-0.06739271432161331,-1.3254094123840332,-0.6499298810958862,2,0.0,0.9946505427360535
2,94,-0.5135320425033569,-0.07314007729291916,-1.2296152114868164,-0.512778639793396,3,2.5,0.9942315220832825
2,95,-0.5242683291435242,-0.07595039159059525,-0.9541599750518799,-0.09997479617595673,3,2.5,0.9944021105766296
2,96,-0.5323691964149475,-0.07481901347637177,-0.6995216012001038,0.2804076671600342,0,-5.0,0.9943802356719971
2,97,-0.5412260890007019,-0.07496500760316849,-1.0254206657409668,-0.23246541619300842,4,5.0,0.9946020245552063
2,98,-0.5489437580108643,-0.07347084581851959,-0.5781903266906738,0.44448626041412354,4,5.0,0.9957104325294495
2,99,-0.5523778200149536,-0.06549469381570816,-0.1641206294298172,1.070932388305664,3,2.5,0.9971755146980286
2,100,-0.5529071092605591,-0.05314609035849571,0.032487206161022186,1.3641420602798462,0,-5.0,0.9981594085693359
2,101,-0.5547481179237366,-0.04290227219462395,-0.34737271070480347,0.7708641886711121,2,0.0,0.9987723231315613
2,102,-0.5580899715423584,-0.035038240253925323,-0.3234095573425293,0.8015106320381165,2,0.0,0.9992780089378357
2,103,-0.5611991882324219,-0.02686969004571438,-0.30083319544792175,0.8312260508537292,4,5.0,0.9997717142105103
2,104,-0.5619534254074097,-0.015109212137758732,0.09589985013008118,1.4395227432250977,0,-5.0,0.9999831914901733
2,105,-0.5631765127182007,-0.004097609780728817,-0.2873973250389099,0.8460171818733215,4,5.0,0.9999384880065918
2,106,-0.5637927055358887,0.00784347765147686,0.10957447439432144,1.4583152532577515,0,-5.0,0.9996362328529358
2,107,-0.564876914024353,0.01907232590019703,-0.2736796736717224,0.8683487176895142,4,5.0,0.9990224242210388
2,108,-0.5653534531593323,0.031266000121831894,0.12329486757516861,1.4840209484100342,0,-5.0,0.9981693625450134
2,109,-0.5662968158721924,0.04278569296002388,-0.25968137383461,0.898350715637207,4,5.0,0.996941328048706
2,110,-0.5666324496269226,0.05530514195561409,0.13704520463943481,1.516747236251831,0,-5.0,0.9954854249954224
2,111,-0.5674333572387695,0.0671907514333725,-0.24540215730667114,0.9361991286277771,0,-5.0,0.9945904612541199
2,112,-0.571887731552124,0.07354942709207535,-0.5981303453445435,0.40346235036849976,0,-5.0,0.9944009780883789
2,113,-0.579714834690094,0.074826680123806,-0.9238905310630798,-0.08673448860645294,1,-2.5,0.9946627020835876
2,114,-0.5895952582359314,0.07305686175823212,-1.0380064249038696,-0.251081645488739,2,0.0,0.9949085712432861
2,115,-0.5995039939880371,0.07135428488254547,-0.9564782977104187,-0.11458279937505722,1,-2.5,0.995194673538208
2,116,-0.6096979379653931,0.06932071596384048,-1.068369746208191,-0.2760814428329468,2,0.0,0.9954596757888794
2,117,-0.6198986768722534,0.06738188862800598,-0.984741747379303,-0.1368858963251114,1,-2.5,0.9957572817802429
2,118,-0.6303648948669434,0.06513629853725433,-1.0947589874267578,-0.2961519956588745,2,0.0,0.9960300922393799
2,119,-0.6408199071884155,0.0630071833729744,-1.009348750114441,-0.15481235086917877,1,-2.5,0.9963288307189941
2,120,-0.6515237092971802,0.0605902373790741,-1.1177866458892822,-0.31235891580581665,2,0.0,0.996600329875946
2,121,-0.6622008085250854,0.058306653052568436,-1.0308630466461182,-0.169341042637825,1,-2.5,0.996891975402832
2,122,-0.673112690448761,0.055749740451574326,-1.1379685401916504,-0.32559633255004883,2,0.0,0.997154951095581
2,123,-0.6839848160743713,0.05333901569247246,-1.0497596263885498,-0.18129466474056244,1,-2.5,0.9974329471588135
2,124,-0.6950798034667969,0.05066573992371559,-1.1557410955429077,-0.33661699295043945,2,0.0,0.9976817965507507
2,125,-0.706123948097229,0.0481480173766613,-1.0664399862289429,-0.19136661291122437,2,0.0,0.9977890849113464
2,126,-0.7163140773773193,0.047020163387060165,-0.9839351773262024,-0.05692536383867264,0,-5.0,0.9980735778808594
2,127,-0.7278485298156738,0.04389086365699768,-1.2827515602111816,-0.5105386972427368,1,-2.5,0.9985514283180237
2,128,-0.7411783933639526,0.03806017339229584,-1.3718650341033936,-0.6414372324943542,2,0.0,0.9989362955093384
2,129,-0.7542964816093445,0.03261462226510048,-1.2670050859451294,-0.47408929467201233,1,-2.5,0.999264657497406
2,130,-0.7674803137779236,0.02711780183017254,-1.357913851737976,-0.6095120906829834,2,0.0,0.999517560005188
2,131,-0.7804690003395081,0.021964019164443016,-1.2546180486679077,-0.4461713433265686,1,-2.5,0.9997204542160034
2,132,-0.793538510799408,0.01671919971704483,-1.347030520439148,-0.5855587720870972,2,0.0,0.9998612403869629
2,133,-0.8064268827438354,0.011780116707086563,-1.2450602054595947,-0.4257981479167938,2,0.0,0.9999300837516785
2,134,-0.8183408975601196,0.00836318638175726,-1.1509772539138794,-0.27891063690185547,2,0.0,0.9999597072601318
2,135,-0.8293555378913879,0.006347388960421085,-1.0641204118728638,-0.14365385472774506,1,-2.5,0.9999842047691345
2,136,-0.8406077027320862,0.003974903374910355,-1.171640157699585,-0.30867868661880493,2,0.0,0.9999971985816956
2,137,-0.8518220782279968,0.0016673463396728039,-1.083461880683899,-0.17205104231834412,1,-2.5,0.9999990463256836
2,138,-0.8632612824440002,-0.0009846518514677882,-1.189779281616211,-0.33593839406967163,2,0.0,0.9999873042106628
2,139,-0.874651312828064,-0.0035615742672234774,-1.1005005836486816,-0.1983690857887268,2,0.0,0.9999766945838928
2,140,-0.885187566280365,-0.004826036747545004,-1.0180517435073853,-0.07169929891824722,1,-2.5,0.9999573826789856
2,141,-0.8960033059120178,-0.00652890931814909,-1.1296132802963257,-0.24463772773742676,2,0.0,0.999932050704956
2,142,-0.9068194031715393,-0.00824215542525053,-1.0451390743255615,-0.11530457437038422,1,-2.5,0.9998924732208252
2,143,-0.9178957939147949,-0.010369230061769485,-1.1548460721969604,-0.2859049141407013,2,0.0,0.9998441338539124
2,144,-0.9289551973342896,-0.012485352344810963,-1.068684697151184,-0.1545637547969818,1,-2.5,0.9997751116752625
2,145,-0.9402586221694946,-0.014996903017163277,-1.1768440008163452,-0.32341885566711426,2,0.0,0.9996944069862366
2,146,-0.9515304565429688,-0.01748191937804222,-1.0892812013626099,-0.19063325226306915,2,0.0,0.999650239944458
2,147,-0.9619649648666382,-0.018701089546084404,-1.008419394493103,-0.0685381144285202,1,-2.5,0.9995837211608887
2,148,-0.972693920135498,-0.02040274068713188,-1.121413230895996,-0.24575842916965485,2,0.0,0.9995090365409851
2,149,-0.9834372997283936,-0.022157255560159683,-1.0383007526397705,-0.12065286189317703,1,-2.5,0.9994062781333923
2,150,-0.9944536089897156,-0.024366335943341255,-1.1492266654968262,-0.2952052056789398,2,0.0,0.9992921948432922
2,151,-1.005464792251587,-0.026604123413562775,-1.0642446279525757,-0.16783878207206726,1,-2.5,0.9991429448127747
2,152,-1.0167310237884521,-0.02927558869123459,-1.1734448671340942,-0.34039363265037537,2,0.0,0.9989786744117737
2,153,-1.0279762744903564,-0.03195815160870552,-1.0869156122207642,-0.21141234040260315,2,0.0,0.9988836050033569
2,154,-1.0383940935134888,-0.0334126353263855,-1.0070244073867798,-0.09305623173713684,1,-2.5,0.9987478852272034
2,155,-1.0491153001785278,-0.035385437309741974,-1.1208488941192627,-0.27372270822525024,2,0.0,0.9985977411270142
2,156,-1.0598595142364502,-0.03744690865278244,-1.0386033058166504,-0.15228372812271118,1,-2.5,0.9984001517295837
2,157,-1.0708845853805542,-0.039997998625040054,-1.150253415107727,-0.33019477128982544,2,0.0,0.998184084892273
2,158,-1.0819122791290283,-0.042613204568624496,-1.0660593509674072,-0.20648546516895294,2,0.0,0.9980594515800476
2,159,-1.092134952545166,-0.044051412492990494,-0.9883254170417786,-0.09311680495738983,1,-2.5,0.9978789687156677
2,160,-1.1026813983917236,-0.046054907143116,-1.1040586233139038,-0.278263121843338,2,0.0,0.9976775050163269
2,161,-1.1132692098617554,-0.04819217696785927,-1.0236692428588867,-0.16135740280151367,1,-2.5,0.9974130988121033
2,162,-1.1241554021835327,-0.05086170881986618,-1.1369445323944092,-0.3433213531970978,2,0.0,0.997123122215271
2,163,-1.13506019115448,-0.05363669618964195,-1.054359793663025,-0.22380460798740387,2,0.0,0.9969445466995239
2,164,-1.145175576210022,-0.05527585744857788,-0.9781246781349182,-0.11448179185390472,1,-2.5,0.9966916441917419
2,165,-1.1556282043457031,-0.05751816928386688,-1.095138669013977,-0.303203821182251,2,0.0,0.996408224105835
2,166,-1.166135549545288,-0.05993163213133812,-1.0160669088363647,-0.19014319777488708,2,0.0,0.9962459206581116
2,167,-1.1758869886398315,-0.0612708181142807,-0.943058967590332,-0.0867779552936554,1,-2.5,0.9959970712661743
2,168,-1.1860061883926392,-0.06326883286237717,-1.0629687309265137,-0.2807978093624115,4,5.0,0.9961304068565369
2,169,-1.1940765380859375,-0.06220635771751404,-0.611930787563324,0.40432724356651306,0,-5.0,0.9962602257728577
2,170,-1.2020915746688843,-0.0611535906791687,-0.9440286159515381,-0.11660171300172806,1,-2.5,0.9959741830825806
2,171,-1.2122198343276978,-0.06344904005527496,-1.063860535621643,-0.31049156188964844,4,5.0,0.9960708022117615
2,172,-1.2202986478805542,-0.0626833438873291,-0.612774133682251,0.374662846326828,1,-2.5,0.9963656663894653
2,173,-1.227255940437317,-0.060285378247499466,-0.7574528455734253,0.14238695800304413,0,-5.0,0.9961864352226257
2,174,-1.2366636991500854,-0.06175423413515091,-1.0786088705062866,-0.3614974915981293,2,0.0,0.9958049654960632
2,175,-1.2470146417617798,-0.06476924568414688,-1.0010159015655518,-0.2514013350009918,4,5.0,0.9959732294082642
2,176,-1.2544925212860107,-0.06345685571432114,-0.5547418594360352,0.4261023700237274,1,-2.5,0.9963296055793762
2,177,-1.2608942985534668,-0.06058366969227791,-0.7037919759750366,0.18699736893177032,0,-5.0,0.9962002635002136
2,178,-1.2697885036468506,-0.06164203956723213,-1.0289772748947144,-0.32312333583831787,2,0.0,0.995864748954773
2,179,-1.2796642780303955,-0.06430569291114807,-0.9550988078117371,-0.2187218815088272,4,5.0,0.9960692524909973
2,180,-1.2867023944854736,-0.06269556283950806,-0.5122228264808655,0.45364975929260254,4,5.0,0.9970136880874634
2,181,-1.2894988059997559,-0.054646894335746765,-0.10222605615854263,1.075909972190857,1,-2.5,0.9979246258735657
2,182,-1.2915641069412231,-0.04555651172995567,-0.2846384048461914,0.7867333292961121,2,0.0,0.9985877871513367
2,183,-1.2943063974380493,-0.037579651921987534,-0.26551395654678345,0.8095166087150574,2,0.0,0.9991371631622314
2,184,-1.2968623638153076,-0.029373571276664734,-0.24741069972515106,0.8319465517997742,4,5.0,0.9996886253356934
2,185,-1.2971065044403076,-0.017645888030529022,0.14516083896160126,1.433404564857483,0,-5.0,0.9999547004699707
2,186,-1.2978590726852417,-0.006731971632689238,-0.2419416904449463,0.8336606025695801,4,5.0,0.9999744892120361
2,187,-1.2980412244796753,0.005050945095717907,0.1514824777841568,1.440076470375061,0,-5.0,0.9997419118881226
2,188,-1.2987252473831177,0.016064904630184174,-0.2350606620311737,0.8445904850959778,4,5.0,0.9992164969444275
2,189,-1.2988332509994507,0.027990806847810745,0.15889553725719452,1.4551818370819092,0,-5.0,0.9984639286994934
2,190,-1.299437165260315,0.03919249400496483,-0.22694425284862518,0.8645264506340027,4,5.0,0.9973634481430054
2,191,-1.2994601726531982,0.05134720355272293,0.16722960770130157,1.4785327911376953,0,-5.0,0.9960532784461975
2,192,-1.2999738454818726,0.0628228485584259,-0.21774020791053772,0.893354058265686,0,-5.0,0.9952768087387085
2,193,-1.3041656017303467,0.06872564554214478,-0.5728617310523987,0.35609784722328186,0,-5.0,0.995169460773468
2,194,-1.311753273010254,0.06950221955776215,-0.9008875489234924,-0.13850539922714233,1,-2.5,0.9954856038093567
2,195,-1.321415901184082,0.06718938797712326,-1.0170599222183228,-0.3069045841693878,2,0.0,0.9957873225212097
2,196,-1.3311262130737305,0.06490508466959,-0.937379777431488,-0.17409905791282654,1,-2.5,0.9961247444152832
2,197,-1.3411402702331543,0.062251508235931396,-1.0511019229888916,-0.3394832909107208,2,0.0,0.9964412450790405
2,198,-1.3511784076690674,0.05965554341673851,-0.9691053628921509,-0.20382383465766907,2,0.0,0.9965943098068237
2,199,-1.3604322671890259,0.0583583265542984,-0.893353283405304,-0.07812828570604324,1,-2.5,0.996793806552887
2,200,-1.3700275421142578,0.05662347376346588,-1.0107495784759521,-0.25020837783813477,2,0.0,0.9969877004623413
2,201,-1.3796813488006592,0.05488462746143341,-0.9320258498191833,-0.12038149684667587,1,-2.5,0.9972178339958191
2,202,-1.389648675918579,0.052746083587408066,-1.046735167503357,-0.28889206051826477,2,0.0,0.9974358677864075
2,203,-1.3996483087539673,0.05063750222325325,-0.9655029773712158,-0.1557682752609253,1,-2.5,0.9976807236671448
2,204,-1.4099377393722534,0.048159126192331314,-1.0779565572738647,-0.32149258255958557,2,0.0,0.9979081153869629
2,205,-1.4202382564544678,0.045737333595752716,-0.9946063756942749,-0.18577615916728973,1,-2.5,0.9981536865234375
2,206,-1.4308085441589355,0.042968906462192535,-1.105165958404541,-0.3493695855140686,2,0.0,0.9983777403831482
2,207,-1.4413713216781616,0.04027746990323067,-1.0200283527374268,-0.21165809035301208,2,0.0,0.9984865784645081
2,208,-1.4511200189590454,0.038902848958969116,-0.941389799118042,-0.08433115482330322,1,-2.5,0.9986234903335571
2,209,-1.4611835479736328,0.037101469933986664,-1.0563199520111084,-0.2557222247123718,2,0.0,0.9987536072731018
2,210,-1.471280813217163,0.035304635763168335,-0.9751192927360535,-0.12491932511329651,1,-2.5,0.9989035129547119
2,211,-1.4816691875457764,0.03311292454600334,-1.0877286195755005,-0.29330843687057495,2,0.0,0.9990418553352356
2,212,-1.4920687675476074,0.03095405548810959,-1.004372000694275,-0.1597745269536972,1,-2.5,0.9991919994354248
2,213,-1.5027389526367188,0.028425071388483047,-1.1150354146957397,-0.3258538246154785,0,-5.0,0.9994866847991943
2,214,-1.5155373811721802,0.022655852138996124,-1.4052520990371704,-0.7694045305252075,0,-5.0,0.999840497970581
2,215,-1.5311168432235718,0.012630453333258629,-1.6741039752960205,-1.1810386180877686,0,-5.0,0.999998152256012
2,216,-1.5492746829986572,-0.0013530496507883072,-1.9233721494674683,-1.5641313791275024,3,2.5,0.9998016953468323
2,217,-1.5666191577911377,-0.014081474393606186,-1.5913336277008057,-1.0522280931472778,3,2.5,0.9995189905166626
2,218,-1.5807902812957764,-0.021931832656264305,-1.2848803997039795,-0.5816744565963745,0,-5.0,0.9990857839584351
2,219,-1.595234751701355,-0.030236192047595978,-1.5649840831756592,-1.0173472166061401,3,2.5,0.9985722899436951
2,220,-1.6091604232788086,-0.03778500854969025,-1.2614433765411377,-0.5539084672927856,4,5.0,0.9984580278396606
2,221,-1.6191167831420898,-0.0392678827047348,-0.7935664653778076,0.16185754537582397,0,-5.0,0.9983607530593872
2,222,-1.628864049911499,-0.0404876247048378,-1.1112773418426514,-0.3340500593185425,0,-5.0,0.9978415369987488
2,223,-1.6416528224945068,-0.0464593730866909,-1.40519118309021,-0.793515682220459,0,-5.0,0.99676913022995
2,224,-1.657256841659546,-0.0568406917154789,-1.6771985292434692,-1.2200770378112793,3,2.5,0.9955917596817017
2,225,-1.6722685098648071,-0.06639470160007477,-1.3669078350067139,-0.7508950233459473,4,5.0,0.9951222538948059
2,226,-1.683250069618225,-0.06984079629182816,-0.8933665752410889,-0.03189574182033539,0,-5.0,0.9946744441986084
2,227,-1.693961501121521,-0.07297642529010773,-1.2046213150024414,-0.5216984152793884,2,0.0,0.9939888715744019
2,228,-1.7055234909057617,-0.07753124833106995,-1.1182188987731934,-0.3998713195323944,2,0.0,0.9934498071670532
2,229,-1.7162604331970215,-0.08093302696943283,-1.038564920425415,-0.28912994265556335,3,2.5,0.9933335185050964
2,230,-1.7251719236373901,-0.08164861053228378,-0.7779921293258667,0.09941646456718445,1,-2.5,0.9932882785797119
2,231,-1.733717679977417,-0.0819249227643013,-0.9111156463623047,-0.11769959330558777,4,5.0,0.9936997294425964
2,232,-1.7403451204299927,-0.07937433570623398,-0.473043292760849,0.5437792539596558,3,2.5,0.9947978854179382
2,233,-1.7438404560089111,-0.07212556898593903,-0.2544791102409363,0.8682308197021484,3,2.5,0.996185839176178
2,234,-1.7452385425567627,-0.06175903603434563,-0.051633670926094055,1.1698514223098755,3,2.5,0.9976490139961243
2,235,-1.744688868522644,-0.04848726466298103,0.13682419061660767,1.4511650800704956,0,-5.0,0.9985986351966858
2,236,-1.7455296516418457,-0.03743511438369751,-0.2506987452507019,0.8466613292694092,3,2.5,0.9992590546607971
2,237,-1.7468762397766113,-0.027220388874411583,-0.04603595286607742,1.1568946838378906,3,2.5,0.9998034834861755
2,238,-1.7462587356567383,-0.014018326997756958,0.14391708374023438,1.4461534023284912,0,-5.0,0.9999911785125732
2,239,-1.7470216751098633,-0.002970325294882059,-0.24293926358222961,0.8473140001296997,3,2.5,0.9999465942382812
2,240,-1.7482799291610718,0.007307684049010277,-0.03701213747262955,1.1649115085601807,3,2.5,0.999573826789856
2,241,-1.7475632429122925,0.020643586292862892,0.153946653008461,1.461022138595581,0,-5.0,0.998982846736908
2,242,-1.7482175827026367,0.03189321979880333,-0.23194937407970428,0.8690493702888489,3,2.5,0.998198926448822
2,243,-1.7493581771850586,0.042439304292201996,-0.025254497304558754,1.1929280757904053,0,-5.0,0.9973818063735962
2,244,-1.7517179250717163,0.051168378442525864,-0.39631330966949463,0.6274986267089844,1,-2.5,0.9968472123146057
2,245,-1.7565582990646362,0.056149840354919434,-0.5513938665390015,0.39636164903640747,2,0.0,0.996330738067627
2,246,-1.7618144750595093,0.06057450920343399,-0.5071090459823608,0.47319620847702026,0,-5.0,0.9960985779762268
2,247,-1.7687770128250122,0.0624614842236042,-0.8406725525856018,-0.03140193969011307,3,2.5,0.9958460927009583
2,248,-1.7757344245910645,0.06445100158452988,-0.5870356559753418,0.36875638365745544,2,0.0,0.9952889680862427
2,249,-1.7813289165496826,0.06863708049058914,-0.5396738648414612,0.4515435993671417,2,0.0,0.9945790767669678
2,250,-1.7864683866500854,0.07362689822912216,-0.4956693947315216,0.5297921299934387,2,0.0,0.9936990141868591
2,251,-1.7911847829818726,0.07937857508659363,-0.4547363221645355,0.6040602326393127,2,0.0,0.992628812789917
2,252,-1.7955074310302734,0.08585554361343384,-0.4166128635406494,0.674862802028656,2,0.0,0.9913461208343506
2,253,-1.7994630336761475,0.09302615374326706,-0.3810597360134125,0.7426748275756836,0,-5.0,0.9904748797416687
2,254,-1.8052014112472534,0.09759663045406342,-0.7215100526809692,0.2337850034236908,0,-5.0,0.9905304908752441
2,255,-1.8141961097717285,0.0973116010427475,-1.0360959768295288,-0.234638512134552,0,-5.0,0.9914352297782898
2,256,-1.82620370388031,0.09254590421915054,-1.3273087739944458,-0.6673747897148132,0,-5.0,0.9930059909820557
2,257,-1.8410032987594604,0.08363007754087448,-1.5973438024520874,-1.0686231851577759,0,-5.0,0.9949793815612793
2,258,-1.858394980430603,0.07085628062486649,-1.8481013774871826,-1.4420068264007568,0,-5.0,0.9970315098762512
2,259,-1.8781954050064087,0.05448385700583458,-2.0812039375305176,-1.7906098365783691,2,0.0,0.9985535144805908
2,260,-1.8981024026870728,0.03803305700421333,-1.922924518585205,-1.5388048887252808,3,2.5,0.9993436336517334
2,261,-1.9154305458068848,0.025619421154260635,-1.5893316268920898,-1.0188367366790771,3,2.5,0.9996699094772339
2,262,-1.929567813873291,0.018168965354561806,-1.2810994386672974,-0.539586067199707,4,5.0,0.9997128844261169
2,263,-1.9396882057189941,0.016945095732808113,-0.8085305094718933,0.1923241764307022,4,5.0,0.9994834661483765
2,264,-1.9452852010726929,0.02272770181298256,-0.37145522236824036,0.8694432973861694,3,2.5,0.9988874197006226
2,265,-1.94776451587677,0.03335489332675934,-0.15467853844165802,1.2075774669647217,0,-5.0,0.9982109069824219
2,266,-1.9513676166534424,0.042297765612602234,-0.51661616563797,0.654637336730957,0,-5.0,0.9978869557380676
2,267,-1.9584306478500366,0.0459677092730999,-0.8507608771324158,0.145941823720932,0,-5.0,0.9979949593544006
2,268,-1.9686906337738037,0.04477769881486893,-1.1596094369888306,-0.3232620358467102,0,-5.0,0.9984715580940247
2,269,-1.9819082021713257,0.039095472544431686,-1.445451259613037,-0.7573312520980835,0,-5.0,0.9991445541381836
2,270,-1.9978654384613037,0.029248123988509178,-1.710324764251709,-1.1601414680480957,0,-5.0,0.9997588992118835
2,271,-2.0163631439208984,0.01552713941782713,-1.9560078382492065,-1.5350679159164429,3,2.5,0.9999901652336121
2,272,-2.0340142250061035,0.003138570114970207,-1.6207672357559204,-1.0156915187835693,3,2.5,0.9999815225601196
2,273,-2.048460006713867,-0.004296706058084965,-1.3112014532089233,-0.5376547574996948,4,5.0,0.9999695420265198
2,274,-2.0588772296905518,-0.005519445985555649,-0.837471067905426,0.19274799525737762,4,5.0,0.9999999403953552
2,275,-2.064760208129883,0.0002482369018252939,-0.3993203938007355,0.8682274222373962,3,2.5,0.9998824000358582
2,276,-2.067514419555664,0.010844082571566105,-0.1814883053302765,1.2046911716461182,0,-5.0,0.9996105432510376
2,277,-2.071383476257324,0.019733844324946404,-0.5427253246307373,0.6491140723228455,0,-5.0,0.9994561076164246
2,278,-2.078706979751587,0.023322051391005516,-0.8763372898101807,0.13744904100894928,0,-5.0,0.9995151162147522
2,279,-2.0892221927642822,0.022019758820533752,-1.1847186088562012,-0.3348368704319,0,-5.0,0.9997377395629883
2,280,-2.1026904582977295,0.016194578260183334,-1.4700849056243896,-0.7719440460205078,0,-5.0,0.9999618530273438
2,281,-2.1188933849334717,0.00617477810010314,-1.7344233989715576,-1.1776374578475952,0,-5.0,0.9999399781227112
2,282,-2.1376309394836426,-0.007746092975139618,-1.9794745445251465,-1.5552140474319458,3,2.5,0.9995855093002319
2,283,-2.15551495552063,-0.02035926654934883,-1.6435322761535645,-1.0382781028747559,3,2.5,0.9992133378982544
2,284,-2.1701881885528564,-0.028047163039445877,-1.333512544631958,-0.5632251501083374,0,-5.0,0.998693585395813
2,285,-2.185100555419922,-0.036144811660051346,-1.610228419303894,-0.9945223331451416,3,2.5,0.9981123805046082
2,286,-2.1994621753692627,-0.04344690591096878,-1.3036577701568604,-0.5273956060409546,4,5.0,0.9980065226554871
2,287,-2.2098255157470703,-0.04464874044060707,-0.8330254554748535,0.19160160422325134,4,5.0,0.9984812140464783
2,288,-2.2156834602355957,-0.03897171467542648,-0.39769136905670166,0.8561763763427734,3,2.5,0.9991838932037354
2,289,-2.218437671661377,-0.028567850589752197,-0.18208062648773193,1.183048963546753,3,2.5,0.9997745156288147
2,290,-2.219122886657715,-0.015016896650195122,0.018024515360593796,1.4877650737762451,0,-5.0,0.9999879598617554
2,291,-2.2210915088653564,-0.0034712478518486023,-0.3594117760658264,0.9033292531967163,3,2.5,0.9999446272850037
2,292,-2.2234647274017334,0.007442933972924948,-0.1447574496269226,1.2343342304229736,0,-5.0,0.9997244477272034
2,293,-2.2269835472106934,0.016598878428339958,-0.5089336037635803,0.6736913919448853,0,-5.0,0.9995836615562439
2,294,-2.2339847087860107,0.020404769107699394,-0.8452661633491516,0.1573285460472107,0,-5.0,0.999628484249115
2,295,-2.244204044342041,0.019275331869721413,-1.1561532020568848,-0.3192909061908722,0,-5.0,0.9998155236244202
2,296,-2.257399797439575,0.013581722043454647,-1.4438215494155884,-0.7603853344917297,0,-5.0,0.9999866485595703
2,297,-2.27335262298584,0.003655525855720043,-1.7102707624435425,-1.1697427034378052,0,-5.0,0.9998958110809326
2,298,-2.2918598651885986,-0.010206618346273899,-1.9572548866271973,-1.5506837368011475,3,2.5,0.9994804263114929
2,299,-2.3095321655273438,-0.02279341220855713,-1.6231046915054321,-1.0369008779525757,3,2.5,0.9990706443786621
2,300,-2.3240108489990234,-0.030485503375530243,-1.3147588968276978,-0.5648266077041626,0,-5.0,0.998508870601654
2,301,-2.3387444019317627,-0.03861537575721741,-1.592983603477478,-0.9987884759902954,3,2.5,0.9978861808776855
2,302,-2.3529417514801025,-0.04597625881433487,-1.2878618240356445,-0.5343172550201416,4,5.0,0.9977661967277527
2,303,-2.3631553649902344,-0.04726310074329376,-0.8186048865318298,0.18209119141101837,0,-5.0,0.9976694583892822
2,304,-2.3731446266174316,-0.04827599227428436,-1.1347357034683228,-0.3124164938926697,2,0.0,0.9974256157875061
2,305,-2.3840270042419434,-0.05073866993188858,-1.0521706342697144,-0.1925145536661148,2,0.0,0.9972896575927734
2,306,-2.394120216369629,-0.052061066031455994,-0.9759348630905151,-0.08272648602724075,4,5.0,0.9975941181182861
2,307,-2.401350259780884,-0.049049828201532364,-0.530493974685669,0.5959815382957458,0,-5.0,0.9978733658790588
2,308,-2.4085817337036133,-0.04611508548259735,-0.8682461380958557,0.06798825412988663,0,-5.0,0.9976733922958374
2,309,-2.419046401977539,-0.04823477193713188,-1.1806161403656006,-0.42059534788131714,0,-5.0,0.9969708323478699
2,310,-2.432501792907715,-0.055037908256053925,-1.4696060419082642,-0.8734977841377258,0,-5.0,0.995618999004364
2,311,-2.4487247467041016,-0.06618895381689072,-1.737046718597412,-1.2941428422927856,0,-5.0,0.993376612663269
2,312,-2.4675095081329346,-0.08138424158096313,-1.9845654964447021,-1.685579538345337,4,5.0,0.991200864315033
2,313,-2.484410047531128,-0.09380370378494263,-1.465781569480896,-0.9004522562026978,2,0.0,0.9895933866500854
2,314,-2.4984803199768066,-0.10201279073953629,-1.3609576225280762,-0.7538024187088013,4,5.0,0.9888529777526855
2,315,-2.509427070617676,-0.10557927191257477,-0.8912087082862854,-0.04822416603565216,2,0.0,0.9888349175453186
2,316,-2.518002510070801,-0.10566484928131104,-0.8301677703857422,0.02949589490890503,2,0.0,0.9889722466468811
2,317,-2.525993824005127,-0.10501305758953094,-0.7736804485321045,0.10023332387208939,0,-5.0,0.9885619282722473
2,318,-2.535567283630371,-0.1069488525390625,-1.094651222229004,-0.40828895568847656,2,0.0,0.9877886772155762
2,319,-2.546091079711914,-0.11050491780042648,-1.0184881687164307,-0.307678759098053,0,-5.0,0.986458957195282
2,320,-2.558009147644043,-0.1163659542798996,-1.3211959600448608,-0.7887651920318604,0,-5.0,0.9839103817939758
2,321,-2.5728254318237305,-0.12684480845928192,-1.6011521816253662,-1.2356009483337402,0,-5.0,0.9799447059631348
2,322,-2.590320587158203,-0.1416168361902237,-1.8599334955215454,-1.6510906219482422,0,-5.0,0.9742768406867981
2,323,-2.6102912425994873,-0.1603844314813614,-2.0989418029785156,-2.037832260131836,0,-5.0,0.9665572047233582
2,324,-2.6325466632843018,-0.18287383019924164,-2.319401979446411,-2.398106575012207,3,2.5,0.9583567380905151
2,325,-2.6537652015686035,-0.20406672358512878,-1.9703724384307861,-1.8970249891281128,0,-5.0,0.9492546916007996
2,326,-2.6747915744781494,-0.22526724636554718,-2.2002267837524414,-2.2752017974853516,4,5.0,0.9405300617218018
2,327,-2.6938605308532715,-0.243864506483078,-1.6823441982269287,-1.5313218832015991,0,-5.0,0.9315543174743652
2,328,-2.712132215499878,-0.2616211473941803,-1.9334239959716797,-1.943915605545044,0,-5.0,0.9197174906730652
2,329,-2.732799768447876,-0.28334152698516846,-2.1644461154937744,-2.3274896144866943,0,-5.0,0.9046755433082581
2,330,-2.7556676864624023,-0.30874666571617126,-2.376465320587158,-2.683985471725464,0,-5.0,0.8860424757003784
2,331,-2.780550479888916,-0.33757588267326355,-2.570432186126709,-3.0151851177215576,4,5.0,0.8676885366439819
2,332,-2.803257465362549,-0.36374631524086,-2.0419301986694336,-2.2981913089752197,3,2.5,0.8520522713661194
2,333,-2.821945905685425,-0.3846396505832672,-1.734222650527954,-1.9096155166625977,4,5.0,0.8396058082580566
2,334,-2.8367202281951904,-0.40049251914024353,-1.2784931659698486,-1.3159648180007935,3,2.5,0.8301330804824829
2,335,-2.848134756088257,-0.4121493101119995,-1.0322778224945068,-1.025779128074646,3,2.5,-2.1773107051849365
3,1,-0.19957730174064636,0.08797335624694824,0.18460330367088318,-0.1436513364315033,0,-5.0,0.993061363697052
3,2,-0.19990229606628418,0.08329842984676361,-0.19864241778850555,-0.7196654677391052,1,-2.5,0.9944142699241638
3,3,-0.2028365582227707,0.07473765313625336,-0.36675047874450684,-0.9658510684967041,4,5.0,0.9952768087387085
3,4,-0.20418962836265564,0.06872563064098358,0.03882221877574921,-0.3304465413093567,0,-5.0,0.9961269497871399
3,5,-0.20592178404331207,0.06223370134830475,-0.335173636674881,-0.8960668444633484,2,0.0,0.997127115726471
3,6,-0.2091071605682373,0.05359918996691704,-0.3070249557495117,-0.8434959650039673,2,0.0,0.9979336261749268
3,7,-0.21202610433101654,0.04545756056904793,-0.2813809812068939,-0.7960581183433533,2,0.0,0.9985741972923279
3,8,-0.21470250189304352,0.03775978833436966,-0.25804224610328674,-0.7533799409866333,2,0.0,0.9990721940994263
3,9,-0.21715830266475677,0.030460406094789505,-0.23682352900505066,-0.715115487575531,2,0.0,0.9994469285011292
3,10,-0.21941374242305756,0.023517247289419174,-0.21755339205265045,-0.6809452176094055,3,2.5,0.9996563196182251
3,11,-0.22041942179203033,0.018539052456617355,-0.012352995574474335,-0.36090391874313354,4,5.0,0.9996663331985474
3,12,-0.21839435398578644,0.01826646737754345,0.3649771511554718,0.2241213321685791,1,-2.5,0.9996521472930908
3,13,-0.2159610539674759,0.018651330843567848,0.15082065761089325,-0.10354745388031006,3,2.5,0.9996314644813538
3,14,-0.21344178915023804,0.019197186455130577,0.32819706201553345,0.17298084497451782,0,-5.0,0.9996955394744873
3,15,-0.2124282270669937,0.017448440194129944,-0.07087741047143936,-0.4399202764034271,0,-5.0,0.9999033808708191
3,16,-0.21523600816726685,0.009829380549490452,-0.4401700496673584,-1.0073062181472778,4,5.0,0.9999887347221375
3,17,-0.2173098921775818,0.003359350608661771,-0.031187579035758972,-0.37482601404190063,4,5.0,0.9999914169311523
3,18,-0.2154708355665207,0.0029344449285417795,0.34682565927505493,0.2090449333190918,1,-2.5,0.9999900460243225
3,19,-0.21321772038936615,0.003152909455820918,0.1331862062215805,-0.1202063113451004,3,2.5,0.9999876022338867
3,20,-0.21087335050106049,0.003517092438414693,0.3111022710800171,0.15485036373138428,0,-5.0,0.9999975562095642
3,21,-0.210030198097229,0.0015694318572059274,-0.08759129047393799,-0.4599507451057434,0,-5.0,0.999960720539093
3,22,-0.21300457417964935,-0.006267589516937733,-0.45649704337120056,-1.0292211771011353,4,5.0,0.9998316764831543
3,23,-0.21524089574813843,-0.012973693199455738,-0.04709755629301071,-0.39854252338409424,4,5.0,0.9998135566711426
3,24,-0.21356090903282166,-0.013654534704983234,0.33121705055236816,0.18326368927955627,0,-5.0,0.9997640252113342
3,25,-0.21253184974193573,-0.015360814519226551,-0.06984932720661163,-0.4377385973930359,0,-5.0,0.9994702935218811
3,26,-0.21534277498722076,-0.02301604114472866,-0.44089818000793457,-1.0127933025360107,4,5.0,0.9991239309310913
3,27,-0.2174367904663086,-0.02959897741675377,-0.03363129124045372,-0.3881129026412964,4,5.0,0.9990869760513306
3,28,-0.21563537418842316,-0.030216021463274956,0.34265410900115967,0.18783685564994812,1,-2.5,0.9990841150283813
3,29,-0.21343491971492767,-0.030263375490903854,0.1276872307062149,-0.1483398675918579,3,2.5,0.9990857243537903
3,30,-0.2111571580171585,-0.030237141996622086,0.3041679263114929,0.11931023746728897,0,-5.0,0.9989377856254578
3,31,-0.21039283275604248,-0.032591626048088074,-0.09558267146348953,-0.5019596219062805,0,-5.0,0.9983272552490234
3,32,-0.21345585584640503,-0.040899187326431274,-0.4653995633125305,-1.07748281955719,4,5.0,0.9976817965507507
3,33,-0.21579261124134064,-0.04814799875020981,-0.057447399944067,-0.45485395193099976,0,-5.0,0.9968603849411011
3,34,-0.2184951901435852,-0.05603231489658356,-0.43066129088401794,-1.0375863313674927,4,5.0,0.9960389733314514
3,35,-0.22050707042217255,-0.06293663382530212,-0.026407144963741302,-0.4234134256839752,3,2.5,0.9956937432289124
3,36,-0.21971920132637024,-0.06562220305204391,0.15961457788944244,-0.14650274813175201,4,5.0,0.9959008693695068
3,37,-0.21608610451221466,-0.06402462720870972,0.5188606977462769,0.39682888984680176,4,5.0,0.9967253804206848
3,38,-0.2090121954679489,-0.0572245828807354,0.8514441251754761,0.8995624780654907,3,2.5,0.9977681040763855
3,39,-0.19981598854064941,-0.04724254831671715,0.9723015427589417,1.077377438545227,1,-2.5,0.9984920024871826
3,40,-0.19159230589866638,-0.03883318603038788,0.7095584869384766,0.6653580069541931,4,5.0,0.9991344213485718
3,41,-0.18267980217933655,-0.029420800507068634,1.029653549194336,1.15336275100708,1,-2.5,0.9995894432067871
3,42,-0.17390137910842896,-0.02026178129017353,0.7633175253868103,0.7382527589797974,1,-2.5,0.9997730255126953
3,43,-0.16766995191574097,-0.015064761973917484,0.5172953605651855,0.35570037364959717,3,2.5,0.9998953938484192
3,44,-0.16165584325790405,-0.010226394981145859,0.6654377579689026,0.582136869430542,4,5.0,0.9999975562095642
3,45,-0.15315333008766174,-0.0015637432225048542,0.9905010461807251,1.0824382305145264,1,-2.5,0.9999516010284424
3,46,-0.14473998546600342,0.006957440171390772,0.7283551692962646,0.6778475046157837,4,5.0,0.9997255802154541
3,47,-0.13562844693660736,0.016565727069973946,1.049567699432373,1.1748278141021729,1,-2.5,0.9993237853050232
3,48,-0.12664267420768738,0.026003723964095116,0.7839276790618896,0.7676861882209778,1,-2.5,0.9990037679672241
3,49,-0.12019560486078262,0.03156271204352379,0.5387799739837646,0.3935730457305908,3,2.5,0.9986423850059509
3,50,-0.11395762115716934,0.036846160888671875,0.6876631379127502,0.6281214356422424,4,5.0,0.9978810548782349
3,51,-0.10522539168596268,0.04603172838687897,1.013188362121582,1.1359128952026367,1,-2.5,0.9969574213027954
3,52,-0.09657531976699829,0.055159542709589005,0.7520024180412292,0.7404951453208923,1,-2.5,0.9963368773460388
3,53,-0.09042070060968399,0.06052359938621521,0.5110601186752319,0.3777309060096741,3,2.5,0.9956817030906677
3,54,-0.08443787693977356,0.06571364402770996,0.6632959246635437,0.6215074062347412,1,-2.5,0.9951045513153076
3,55,-0.0791272446513176,0.0699673518538475,0.4297221601009369,0.27189338207244873,1,-2.5,0.9949750304222107
3,56,-0.07605038583278656,0.07088695466518402,0.21395117044448853,-0.04966763034462929,4,5.0,0.9945750832557678
3,57,-0.07184319198131561,0.07365399599075317,0.5761218070983887,0.518631100654602,3,2.5,0.9935630559921265
3,58,-0.06523339450359344,0.08023044466972351,0.7239826321601868,0.7574750781059265,0,-5.0,0.9929110407829285
3,59,-0.06039911136031151,0.08419617265462875,0.29978147149086,0.11722714453935623,2,0.0,0.9927205443382263
3,60,-0.057495202869176865,0.0853196382522583,0.28175660967826843,0.10226830840110779,2,0.0,0.9925510287284851
3,61,-0.054763417690992355,0.08630727976560593,0.2651396691799164,0.08964310586452484,2,0.0,0.9923993945121765
3,62,-0.052190326154232025,0.08718127012252808,0.24981774389743805,0.07915741950273514,2,0.0,0.9922627210617065
3,63,-0.04976358264684677,0.08796195685863495,0.23568782210350037,0.07063563168048859,2,0.0,0.9921379685401917
3,64,-0.04747181385755539,0.08866803348064423,0.22265565395355225,0.06391876935958862,2,0.0,0.9920225143432617
3,65,-0.045304540544748306,0.0893167033791542,0.21063509583473206,0.05886328965425491,4,5.0,0.9913149476051331
3,66,-0.04112520441412926,0.093193419277668,0.5734151601791382,0.6300653219223022,1,-2.5,0.9904648065567017
3,67,-0.03666135296225548,0.0976482704281807,0.34851011633872986,0.29872116446495056,1,-2.5,0.9902096390724182
3,68,-0.03434811532497406,0.09894639998674393,0.14077547192573547,-0.005534309893846512,4,5.0,0.9895479679107666
3,69,-0.030835911631584167,0.10223539918661118,0.5089194774627686,0.5748404264450073,1,-2.5,0.9887216687202454
3,70,-0.02698477916419506,0.10619939863681793,0.28951388597488403,0.25359421968460083,1,-2.5,0.9885289669036865
3,71,-0.02523195929825306,0.10710278153419495,0.08681552857160568,-0.04137764498591423,4,5.0,0.9878830909729004
3,72,-0.022235162556171417,0.11007694900035858,0.45907342433929443,0.54605633020401,0,-5.0,0.9874168038368225
3,73,-0.019918126985430717,0.11217480897903442,0.05747878924012184,-0.053217813372612,4,5.0,0.9867624640464783
3,74,-0.01720155030488968,0.11505461484193802,0.4319615364074707,0.538070797920227,0,-5.0,0.9862869381904602
3,75,-0.015140814706683159,0.11710289865732193,0.03288308158516884,-0.05625070631504059,4,5.0,0.9856064915657043
3,76,-0.012659160420298576,0.11997299641370773,0.40922242403030396,0.5382978916168213,0,-5.0,0.9851035475730896
3,77,-0.010812869295477867,0.12205096334218979,0.012334126979112625,-0.051569864153862,4,5.0,0.9843785762786865
3,78,-0.008527458645403385,0.12498565018177032,0.39021527767181396,0.5457407236099243,0,-5.0,0.9838294386863708
3,79,-0.006859790999442339,0.1271633803844452,-0.004745163023471832,-0.04004061222076416,4,5.0,0.983040452003479
3,80,-0.0047374595887959,0.13022881746292114,0.3744058310985565,0.5596112012863159,0,-5.0,0.9824254512786865
3,81,-0.003217610064893961,0.13256917893886566,-0.018834520131349564,-0.02233465015888214,4,5.0,0.9815515279769897
3,82,-0.0012297851499170065,0.13582517206668854,0.3613485097885132,0.5792973041534424,0,-5.0,0.9808493852615356
3,83,0.00016887606761883944,0.13838566839694977,-0.030332330614328384,0.00103846937417984,4,5.0,0.9798680543899536
3,84,0.0020469471346586943,0.14188727736473083,0.3506718873977661,0.6043367981910706,0,-5.0,0.9790557622909546
3,85,0.003347579622641206,0.14472125470638275,-0.0395684540271759,0.029710151255130768,4,5.0,0.9779417514801025
3,86,0.0051374733448028564,0.1485201120376587,0.34206607937812805,0.6343939900398254,0,-5.0,0.97699373960495
3,87,0.006360354833304882,0.15167808532714844,-0.046815935522317886,0.06343037635087967,2,0.0,0.9767116904258728
3,88,0.005971467588096857,0.15260498225688934,-0.03556870296597481,0.10348618030548096,2,0.0,0.9763064980506897
3,89,0.005690629594027996,0.15392674505710602,-0.025112226605415344,0.1424812227487564,2,0.0,0.9757781028747559
3,90,0.005510400515049696,0.15563391149044037,-0.01537036057561636,0.18058991432189941,2,0.0,0.9751248359680176
3,91,0.005424066912382841,0.1577187329530716,-0.006273007486015558,0.21797619760036469,1,-2.5,0.974855899810791
3,92,0.004371818155050278,0.15856879949569702,-0.1830058991909027,-0.027569498866796494,4,5.0,0.9737896919250488
3,93,0.0047881691716611385,0.1618960201740265,0.2091018706560135,0.5939099788665771,0,-5.0,0.9728502631187439
3,94,0.004747407045215368,0.1647716909646988,-0.1684158444404602,0.04348783195018768,4,5.0,0.9715054035186768
3,95,0.0053033530712127686,0.1688033640384674,0.22248074412345886,0.6634437441825867,0,-5.0,0.9702835083007812
3,96,0.005395627114921808,0.1723848283290863,-0.15525788068771362,0.11441711336374283,2,0.0,0.9697500467300415
3,97,0.003975387196987867,0.17392513155937195,-0.1350201517343521,0.17119097709655762,2,0.0,0.9690159559249878
3,98,0.0027494903188198805,0.17602264881134033,-0.11621511727571487,0.22602103650569916,1,-2.5,0.9686484336853027
3,99,0.0006540663307532668,0.17706377804279327,-0.28336402773857117,-0.0013938173651695251,4,5.0,0.9673380851745605
3,100,0.00010844586358871311,0.18072597682476044,0.11576579511165619,0.63163822889328,0,-5.0,0.9661102890968323
3,101,-0.0008124388987198472,0.1840914636850357,-0.25268885493278503,0.09968511015176773,2,0.0,0.96556556224823
3,102,-0.0031620566733181477,0.1855652630329132,-0.22474165260791779,0.1698327660560608,2,0.0,0.9647592902183533
3,103,-0.0052435132674872875,0.1877250075340271,-0.1988009214401245,0.23715978860855103,0,-5.0,0.9648936986923218
3,104,-0.009171819314360619,0.18736664950847626,-0.5431897640228271,-0.25671955943107605,2,0.0,0.9656025171279907
3,105,-0.014303847216069698,0.18546555936336517,-0.4937343895435333,-0.15356776118278503,0,-5.0,0.9671012759208679
3,106,-0.021059919148683548,0.1813799887895584,-0.8167638182640076,-0.6157827377319336,3,2.5,0.9684422612190247
3,107,-0.027766436338424683,0.17764496803283691,-0.5629645586013794,-0.20322272181510925,2,0.0,0.9689264297485352
3,108,-0.03309081122279167,0.1762770116329193,-0.5124101042747498,-0.09970393031835556,0,-5.0,0.9701687097549438
3,109,-0.040032245218753815,0.1727173775434494,-0.8350356817245483,-0.5634707808494568,3,2.5,0.9712663292884827
3,110,-0.046914346516132355,0.16951006650924683,-0.5798658728599548,-0.14952051639556885,0,-5.0,0.9726173281669617
3,111,-0.054506853222846985,0.16547708213329315,-0.8982508778572083,-0.6084439158439636,3,2.5,0.9738033413887024
3,112,-0.06199545040726662,0.16185373067855835,-0.6384463310241699,-0.18804413080215454,2,0.0,0.9741877317428589
3,113,-0.06804786622524261,0.160661980509758,-0.5829277038574219,-0.07910902798175812,0,-5.0,0.9752528667449951
3,114,-0.07567565143108368,0.15731218457221985,-0.9019747376441956,-0.5410447716712952,2,0.0,0.9766671657562256
3,115,-0.08425476402044296,0.15275098383426666,-0.8272454738616943,-0.40350890159606934,2,0.0,0.9776464104652405
3,116,-0.09211895614862442,0.1495112031698227,-0.7581580877304077,-0.27515602111816406,2,0.0,0.9782419204711914
3,117,-0.09932210296392441,0.14750619232654572,-0.6942757368087769,-0.15515577793121338,0,-5.0,0.9794268608093262
3,118,-0.10802539438009262,0.14343343675136566,-1.0064224004745483,-0.609546422958374,3,2.5,0.9804425835609436
3,119,-0.11655279248952866,0.13984769582748413,-0.7387263178825378,-0.1790388971567154,0,-5.0,0.9816274046897888
3,120,-0.1256868541240692,0.1355455219745636,-1.0483242273330688,-0.6312165260314941,3,2.5,0.9826387763023376
3,121,-0.13461676239967346,0.13176201283931732,-0.7775991559028625,-0.19681178033351898,2,0.0,0.9829630255699158
3,122,-0.14201174676418304,0.13052594661712646,-0.7129688858985901,-0.07806792855262756,0,-5.0,0.9838216304779053
3,123,-0.15090486407279968,0.12719425559043884,-1.0253231525421143,-0.5364208817481995,2,0.0,0.9849412441253662
3,124,-0.16067452728748322,0.1227140724658966,-0.9425522089004517,-0.39059752225875854,2,0.0,0.9856880903244019
3,125,-0.1696525365114212,0.11963237076997757,-0.866063117980957,-0.2549712061882019,2,0.0,0.9861106872558594
3,126,-0.17789879441261292,0.11785299330949783,-0.7953602075576782,-0.12860418856143951,0,-5.0,0.9869951605796814
3,127,-0.1875889152288437,0.11403865367174149,-1.1027538776397705,-0.5820297002792358,3,2.5,0.9877324104309082
3,128,-0.1970435529947281,0.1107591986656189,-0.8282498717308044,-0.1439473181962967,0,-5.0,0.9885945916175842
3,129,-0.20705290138721466,0.10679604113101959,-1.133820652961731,-0.5960310101509094,3,2.5,0.9893108606338501
3,130,-0.21680648624897003,0.10338832437992096,-0.857133150100708,-0.15535475313663483,0,-5.0,0.990136981010437
3,131,-0.22709675133228302,0.09931277483701706,-1.1611837148666382,-0.6065876483917236,3,2.5,0.9908207654953003
3,132,-0.23711389303207397,0.09580831229686737,-0.8826062083244324,-0.16381150484085083,0,-5.0,0.9916006922721863
3,133,-0.24765247106552124,0.09164752066135406,-1.1853885650634766,-0.6145919561386108,3,2.5,0.9922438263893127
3,134,-0.2579030990600586,0.08806930482387543,-0.9051746726036072,-0.17014679312705994,0,-5.0,0.9929704070091248
3,135,-0.26866215467453003,0.08384256064891815,-1.2068983316421509,-0.6207981705665588,3,2.5,0.9935669302940369
3,136,-0.27912062406539917,0.08020636439323425,-0.9252687096595764,-0.17506198585033417,0,-5.0,0.9942352175712585
3,137,-0.29007643461227417,0.07592631131410599,-1.2261080741882324,-0.6258458495140076,3,2.5,0.9947811365127563
3,138,-0.30072078108787537,0.07224176079034805,-0.9432551860809326,-0.1791519671678543,0,-5.0,0.9953874945640564
3,139,-0.31185296177864075,0.0679154098033905,-1.2433550357818604,-0.6302801370620728,3,2.5,0.9958800673484802
3,140,-0.3226645290851593,0.06418690830469131,-0.9594468474388123,-0.18292458355426788,0,-5.0,0.9964219927787781
3,141,-0.3339559733867645,0.059816405177116394,-1.258927822113037,-0.6345687508583069,2,0.0,0.9970405101776123
3,142,-0.34598508477211,0.054401103407144547,-1.1615387201309204,-0.4756070375442505,1,-2.5,0.9976127743721008
3,143,-0.35815006494522095,0.04885927960276604,-1.2591443061828613,-0.6179270148277283,2,0.0,0.998099684715271
3,144,-0.37018516659736633,0.043592631816864014,-1.1622331142425537,-0.4612683057785034,1,-2.5,0.9985426664352417
3,145,-0.38236141204833984,0.038174934685230255,-1.2603944540023804,-0.6061538457870483,2,0.0,0.9989104270935059
3,146,-0.3944123387336731,0.033009111881256104,-1.1638875007629395,-0.45166507363319397,1,-2.5,0.9992343783378601
3,147,-0.40660881996154785,0.027669372037053108,-1.262510895729065,-0.5989223718643188,2,0.0,0.9994910359382629
3,148,-0.4186839759349823,0.022559577599167824,-1.1663492918014526,-0.44650548696517944,1,-2.5,0.9997022747993469
3,149,-0.43090835213661194,0.01725429855287075,-1.2653577327728271,-0.5959794521331787,2,0.0,0.999852180480957
3,150,-0.4430146813392639,0.012158060446381569,-1.169495701789856,-0.44556817412376404,1,-2.5,0.9999531507492065
3,151,-0.45527341961860657,0.006845725234597921,-1.268824815750122,-0.5971373915672302,2,0.0,0.9999970197677612
3,152,-0.46741703152656555,0.0017222395399585366,-1.1732275485992432,-0.44869494438171387,1,-2.5,0.9999867677688599
3,153,-0.4797156751155853,-0.0036372793838381767,-1.2728239297866821,-0.6022671461105347,2,0.0,0.9999220967292786
3,154,-0.4919017255306244,-0.008827706798911095,-1.1774674654006958,-0.4557841718196869,1,-2.5,0.9997962713241577
3,155,-0.5042451024055481,-0.014273697510361671,-1.2772871255874634,-0.6112925410270691,2,0.0,0.9996170401573181
3,156,-0.5164781212806702,-0.01957017555832863,-1.1821553707122803,-0.4667852222919464,1,-2.5,0.999367892742157
3,157,-0.5288705229759216,-0.025141574442386627,-1.2821613550186157,-0.624184250831604,2,0.0,0.9990646839141846
3,158,-0.5411545634269714,-0.03058309108018875,-1.1872460842132568,-0.481693834066391,1,-2.5,0.9986809492111206
3,159,-0.5535998940467834,-0.03631892800331116,-1.2874066829681396,-0.6409571766853333,2,0.0,0.9982406497001648
3,160,-0.5659387111663818,-0.04194478318095207,-1.1927074193954468,-0.5005485415458679,1,-2.5,0.9977070689201355
3,161,-0.5784404873847961,-0.04788459464907646,-1.2929952144622803,-0.6616657376289368,2,0.0,0.9971125721931458
3,162,-0.5908376574516296,-0.05373479798436165,-1.1985176801681519,-0.5234274864196777,1,-2.5,0.9964097142219543
3,163,-0.603399395942688,-0.05991900712251663,-1.2989081144332886,-0.6864012479782104,2,0.0,0.995639443397522
3,164,-0.6158580780029297,-0.06603462994098663,-1.2046637535095215,-0.5504454970359802,3,2.5,0.9952081441879272
3,165,-0.6263518929481506,-0.06922310590744019,-0.9305605292320251,-0.1384495496749878,3,2.5,0.9953107237815857
3,166,-0.6342233419418335,-0.06847801059484482,-0.6772105693817139,0.2411447912454605,0,-5.0,0.9952358603477478
3,167,-0.6428651213645935,-0.0690230056643486,-1.0046151876449585,-0.2733224034309387,4,5.0,0.9953845739364624
3,168,-0.6503799557685852,-0.06793724745512009,-0.5584332942962646,0.4031929075717926,1,-2.5,0.9957361817359924
3,169,-0.656818687915802,-0.06529779732227325,-0.7073962688446045,0.16360709071159363,2,0.0,0.9959916472434998
3,170,-0.6636171936988831,-0.06331144273281097,-0.6577886343002319,0.23017248511314392,0,-5.0,0.9959076046943665
3,171,-0.6720715761184692,-0.06397196650505066,-0.9865013957023621,-0.2857021987438202,4,5.0,0.9960296750068665
3,172,-0.6794101595878601,-0.06301034986972809,-0.5412530899047852,0.3903656005859375,1,-2.5,0.9963394403457642
3,173,-0.6856827735900879,-0.0605028010904789,-0.6913029551506042,0.1497739851474762,0,-5.0,0.9961632490158081
3,174,-0.6944573521614075,-0.06194154545664787,-1.0174236297607422,-0.3617841899394989,2,0.0,0.9957749843597412
3,175,-0.704222559928894,-0.06499994546175003,-0.9444267153739929,-0.25879770517349243,4,5.0,0.9959296584129333
3,176,-0.711158812046051,-0.06379920989274979,-0.5024136900901794,0.4120955467224121,1,-2.5,0.9962666630744934
3,177,-0.717059850692749,-0.0611010417342186,-0.6554027795791626,0.16687314212322235,0,-5.0,0.9961071014404297
3,178,-0.7254908680915833,-0.0623931810259819,-0.9842316508293152,-0.3489265441894531,2,0.0,0.9957299828529358
3,179,-0.7349385023117065,-0.0653456375002861,-0.9137482643127441,-0.2498801350593567,4,5.0,0.995894193649292
3,180,-0.741581380367279,-0.06407665461301804,-0.47406166791915894,0.4173651337623596,4,5.0,0.996816873550415
3,181,-0.7440131902694702,-0.05641911178827286,-0.06704817712306976,1.034754753112793,0,-5.0,0.9975586533546448
3,182,-0.7468089461326599,-0.04940992221236229,-0.43966612219810486,0.4521874487400055,2,0.0,0.9980033040046692
3,183,-0.7510375380516052,-0.044684525579214096,-0.4092071056365967,0.49177518486976624,2,0.0,0.9984338283538818
3,184,-0.7549724578857422,-0.03957481309771538,-0.38077297806739807,0.5289751887321472,2,0.0,0.9988369941711426
3,185,-0.7586331963539124,-0.03410268947482109,-0.35419437289237976,0.5641048550605774,4,5.0,0.9993753433227539
3,186,-0.7599019408226013,-0.024993231520056725,0.04602312296628952,1.1764822006225586,1,-2.5,0.9997765421867371
3,187,-0.7605381011962891,-0.01494760811328888,-0.14626413583755493,0.8762655258178711,4,5.0,0.9999920725822449
3,188,-0.7598074674606323,-0.002816331572830677,0.23954856395721436,1.469659447669983,0,-5.0,0.9999290704727173
3,189,-0.7596513032913208,0.008422015234827995,-0.15398898720741272,0.8621739149093628,4,5.0,0.9995814561843872
3,190,-0.7589857578277588,0.020457914099097252,0.23355244100093842,1.4617804288864136,0,-5.0,0.9989975094795227
3,191,-0.7588781714439392,0.03166231885552406,-0.15833064913749695,0.8605386018753052,4,5.0,0.9980884790420532
3,192,-0.7582465410232544,0.043721068650484085,0.23045074939727783,1.4652611017227173,0,-5.0,0.9969742298126221
3,193,-0.7581585645675659,0.05500702187418938,-0.1597706824541092,0.8705983757972717,4,5.0,0.9954841732978821
3,194,-0.7575346231460571,0.06719978898763657,0.22979751229286194,1.479422926902771,0,-5.0,0.9938099980354309
3,195,-0.757441520690918,0.07867658883333206,-0.15871712565422058,0.8917703032493591,0,-5.0,0.9928497076034546
3,196,-0.7610596418380737,0.08455953001976013,-0.5170223712921143,0.35263949632644653,0,-5.0,0.9927239418029785
3,197,-0.7681039571762085,0.08529980480670929,-0.8479754328727722,-0.14345860481262207,1,-2.5,0.9931221008300781
3,198,-0.777252733707428,0.08293288946151733,-0.9671376943588257,-0.3138545751571655,0,-5.0,0.9940250515937805
3,199,-0.788608193397522,0.07729773223400116,-1.2646805047988892,-0.7590991854667664,0,-5.0,0.9954585433006287
3,200,-0.80281662940979,0.06739048659801483,-1.5405844449996948,-1.1722373962402344,4,5.0,0.9963909387588501
3,201,-0.8154098391532898,0.06007527932524681,-1.0472729206085205,-0.4025232791900635,2,0.0,0.9967689514160156
3,202,-0.8254122138023376,0.056842610239982605,-0.9656777381896973,-0.26780885457992554,2,0.0,0.9969861507415771
3,203,-0.8346344232559204,0.0548984557390213,-0.8903258442878723,-0.14315049350261688,1,-2.5,0.9972432255744934
3,204,-0.8442023396492004,0.05250478535890579,-1.0081651210784912,-0.31648892164230347,2,0.0,0.9974905252456665
3,205,-0.8538329601287842,0.05009441077709198,-0.9298417568206787,-0.1878899484872818,2,0.0,0.9976073503494263
3,206,-0.8627145886421204,0.048914745450019836,-0.8574888110160828,-0.06881558150053024,1,-2.5,0.9977691173553467
3,207,-0.8719707727432251,0.047231826931238174,-0.9781317114830017,-0.2474175989627838,2,0.0,0.9979312419891357
3,208,-0.8813158273696899,0.04548371583223343,-0.902303159236908,-0.12341555953025818,1,-2.5,0.9981270432472229
3,209,-0.8910024166107178,0.04327782243490219,-1.0197924375534058,-0.2977181673049927,2,0.0,0.9983150959014893
3,210,-0.9007478356361389,0.04104733467102051,-0.9410374164581299,-0.16979236900806427,1,-2.5,0.998525857925415
3,211,-0.9108072519302368,0.03839488327503204,-1.055883526802063,-0.3407362699508667,2,0.0,0.9987219572067261
3,212,-0.9209000468254089,0.035749636590480804,-0.9746649265289307,-0.20973514020442963,2,0.0,0.9988196492195129
3,213,-0.9302162528038025,0.03435668349266052,-0.8996537327766418,-0.08866719156503677,1,-2.5,0.9989452958106995
3,214,-0.9398823976516724,0.032476119697093964,-1.01797616481781,-0.2660095691680908,2,0.0,0.9990671277046204
3,215,-0.949614405632019,0.030543256551027298,-0.939883291721344,-0.14068351686000824,1,-2.5,0.9992069005966187
3,216,-0.9596673250198364,0.02816198393702507,-1.0554083585739136,-0.31432273983955383,2,0.0,0.9993362426757812
3,217,-0.969759464263916,0.025763189420104027,-0.9747265577316284,-0.18565091490745544,1,-2.5,0.9994734525680542
3,218,-0.9801479578018188,0.022946448996663094,-1.0879087448120117,-0.3564334511756897,2,0.0,0.9995944499969482
3,219,-0.9905532598495483,0.020138941705226898,-1.0050535202026367,-0.22519095242023468,2,0.0,0.9996545910835266
3,220,-1.000166416168213,0.018584636971354485,-0.9285460114479065,-0.10413095355033875,1,-2.5,0.999726414680481
3,221,-1.0101158618927002,0.016539860516786575,-1.0455821752548218,-0.2819545269012451,2,0.0,0.9997915625572205
3,222,-1.0201184749603271,0.014438324607908726,-0.9662207365036011,-0.15704096853733063,1,-2.5,0.9998587965965271
3,223,-1.0304301977157593,0.011881772428750992,-1.0806596279144287,-0.33150920271873474,2,0.0,0.9999135136604309
3,224,-1.0407702922821045,0.009299658238887787,-0.998907744884491,-0.20361581444740295,2,0.0,0.9999369978904724
3,225,-1.0503289699554443,0.007938273251056671,-0.923416018486023,-0.08574150502681732,1,-2.5,0.9999633431434631
3,226,-1.0602335929870605,0.006055025849491358,-1.0414127111434937,-0.26668012142181396,2,0.0,0.9999833106994629
3,227,-1.0702004432678223,0.0040852706879377365,-0.9629032015800476,-0.1446515917778015,1,-2.5,0.9999973177909851
3,228,-1.0804846286773682,0.0016320598078891635,-1.078145146369934,-0.3219398856163025,2,0.0,0.9999992251396179
3,229,-1.0908048152923584,-0.000873888551723212,-0.9971126914024353,-0.19669842720031738,2,0.0,0.999995231628418
3,230,-1.100350260734558,-0.0021850925404578447,-0.922286868095398,-0.08138617873191833,1,-2.5,0.9999836683273315
3,231,-1.1102482080459595,-0.00404337840154767,-1.0409038066864014,-0.2648186981678009,2,0.0,0.9999638199806213
3,232,-1.1202141046524048,-0.0060125733725726604,-0.9629620313644409,-0.14519447088241577,1,-2.5,0.9999279379844666
3,233,-1.1305030584335327,-0.008488890714943409,-1.078728199005127,-0.32481861114501953,2,0.0,0.9998781085014343
3,234,-1.1408330202102661,-0.011041059158742428,-0.9981855750083923,-0.20187214016914368,2,0.0,0.9998457431793213
3,235,-1.150393009185791,-0.01242124941200018,-0.9238191843032837,-0.08881749212741852,1,-2.5,0.9997934699058533
3,236,-1.1603095531463623,-0.014370669610798359,-1.0428497791290283,-0.2744259834289551,2,0.0,0.9997292757034302
3,237,-1.170298457145691,-0.016452936455607414,-0.9653126001358032,-0.1570049524307251,1,-2.5,0.9996365904808044
3,238,-1.1806141138076782,-0.019063904881477356,-1.0814356803894043,-0.3387417495250702,2,0.0,0.9995259642601013
3,239,-1.1909743547439575,-0.02177230454981327,-1.0012575387954712,-0.21798112988471985,2,0.0,0.9994556903839111
3,240,-1.2005679607391357,-0.02333066798746586,-0.9272398352622986,-0.10711386054754257,1,-2.5,0.9993507862091064
3,241,-1.2105216979980469,-0.025479547679424286,-1.0465621948242188,-0.2947917580604553,2,0.0,0.9992281198501587
3,242,-1.2205506563186646,-0.027782855555415154,-0.9693488478660583,-0.17958402633666992,1,-2.5,0.9990614056587219
3,243,-1.230908989906311,-0.030636316165328026,-1.0857316255569458,-0.3633955717086792,2,0.0,0.9988704323768616
3,244,-1.2413150072097778,-0.03360914811491966,-1.0058618783950806,-0.24490556120872498,2,0.0,0.998742938041687
3,245,-1.2509576082229614,-0.03545496240258217,-0.9321472644805908,-0.13634228706359863,1,-2.5,0.9985625743865967
3,246,-1.2609628438949585,-0.037913404405117035,-1.0516911745071411,-0.32613706588745117,2,0.0,0.9983557462692261
3,247,-1.2710460424423218,-0.04054915904998779,-0.9747770428657532,-0.21332888305187225,2,0.0,0.9982265830039978
3,248,-1.2803940773010254,-0.042112164199352264,-0.9037775993347168,-0.11002500355243683,1,-2.5,0.9980341792106628
3,249,-1.2901301383972168,-0.044337183237075806,-1.025763988494873,-0.3045394718647003,2,0.0,0.9978110790252686
3,250,-1.299967885017395,-0.0467856302857399,-0.9511520266532898,-0.19627948105335236,2,0.0,0.9976763129234314
3,251,-1.3090921640396118,-0.048204947263002396,-0.8822715282440186,-0.09721176326274872,1,-2.5,0.9974672794342041
3,252,-1.31862473487854,-0.05032603070139885,-1.0061525106430054,-0.295513778924942,2,0.0,0.9972218871116638
3,253,-1.3282771110534668,-0.0527079775929451,-0.9333467483520508,-0.19097445905208588,2,0.0,0.9970735311508179
3,254,-1.337233543395996,-0.05409669131040573,-0.8661328554153442,-0.09540124237537384,1,-2.5,0.9968393445014954
3,255,-1.3466136455535889,-0.05621989443898201,-0.9914907217025757,-0.2968119978904724,2,0.0,0.9965618848800659
3,256,-1.3561283349990845,-0.058635178953409195,-0.9201158285140991,-0.1954050362110138,2,0.0,0.9963894486427307
3,257,-1.3649606704711914,-0.0600876659154892,-0.8542272448539734,-0.10280565172433853,1,-2.5,0.996118426322937
3,258,-1.3742289543151855,-0.06230241805315018,-0.9807431697845459,-0.3068408966064453,2,0.0,0.995796263217926
3,259,-1.3836430311203003,-0.06483614444732666,-0.9105176329612732,-0.2081664502620697,4,5.0,0.9960119724273682
3,260,-1.3902546167373657,-0.06315092742443085,-0.4710250198841095,0.4588939845561981,0,-5.0,0.9961997270584106
3,261,-1.3969208002090454,-0.06164618209004402,-0.8137026429176331,-0.07843602448701859,1,-2.5,0.9959491491317749
3,262,-1.40580153465271,-0.0636463463306427,-0.9433234930038452,-0.2874666452407837,4,5.0,0.9960649609565735
3,263,-1.412726640701294,-0.06272999197244644,-0.5012842416763306,0.38372090458869934,1,-2.5,0.9963621497154236
3,264,-1.4186162948608398,-0.06031472608447075,-0.6543194651603699,0.1385672688484192,0,-5.0,0.9961696863174438
3,265,-1.4270366430282593,-0.06188957765698433,-0.9832067489624023,-0.3772323429584503,2,0.0,0.9957587718963623
3,266,-1.4364742040634155,-0.06512483954429626,-0.9127702116966248,-0.2781859338283539,4,5.0,0.9958861470222473
3,267,-1.4431076049804688,-0.06413908302783966,-0.47314193844795227,0.3890027105808258,4,5.0,0.9967775940895081
3,268,-1.4455307722091675,-0.05676603317260742,-0.06621336936950684,1.0062402486801147,0,-5.0,0.997495710849762
3,269,-1.448318600654602,-0.05004313588142395,-0.4389137327671051,0.4234996438026428,2,0.0,0.997920036315918
3,270,-1.4525401592254639,-0.04560632258653641,-0.40855178236961365,0.4628334641456604,2,0.0,0.9983363151550293
3,271,-1.456469178199768,-0.040788181126117706,-0.38022249937057495,0.49972352385520935,2,0.0,0.9987318515777588
3,272,-1.460125207901001,-0.035611167550086975,-0.35375577211380005,0.5344878435134888,2,0.0,0.9990943074226379
3,273,-1.4635257720947266,-0.030094724148511887,-0.32899564504623413,0.5674192309379578,4,5.0,0.9995606541633606
3,274,-1.4645514488220215,-0.020960837602615356,0.0695866197347641,1.1779561042785645,1,-2.5,0.9998809695243835
3,275,-1.4649605751037598,-0.010909437201917171,-0.12429174780845642,0.8758705258369446,4,5.0,0.9999985098838806
3,276,-1.4640178680419922,0.001210664864629507,0.2600855529308319,1.4676849842071533,0,-5.0,0.9998456835746765
3,277,-1.4636636972427368,0.012422517873346806,-0.1348027139902115,0.8587296605110168,4,5.0,0.9994037747383118
3,278,-1.462812900543213,0.02441786229610443,0.25147199630737305,1.4569551944732666,0,-5.0,0.9987347722053528
3,279,-1.4625320434570312,0.035569559782743454,-0.14152801036834717,0.8546494245529175,4,5.0,0.9977376461029053
3,280,-1.4617384672164917,0.04756409674882889,0.24612483382225037,1.4581369161605835,0,-5.0,0.9965453147888184
3,281,-1.4614986181259155,0.05877627059817314,-0.1450122445821762,0.8627543449401855,4,5.0,0.994975209236145
3,282,-1.4607324600219727,0.0708857923746109,0.2435411512851715,1.470449447631836,0,-5.0,0.9932313561439514
3,283,-1.460505723953247,0.08227189630270004,-0.14571702480316162,0.8823654651641846,0,-5.0,0.9922453761100769
3,284,-1.4639973640441895,0.0880603939294815,-0.5046989917755127,0.34289634227752686,0,-5.0,0.992131769657135
3,285,-1.4709218740463257,0.08870308846235275,-0.8362852931022644,-0.1534956693649292,1,-2.5,0.9925636053085327
3,286,-1.4799572229385376,0.0862346738576889,-0.9561108946800232,-0.3243468105792999,0,-5.0,0.9935206174850464
3,287,-1.4912052154541016,0.08049456030130386,-1.2542258501052856,-0.7698501348495483,0,-5.0,0.9950326085090637
3,288,-1.5053119659423828,0.07047960162162781,-1.5306882858276367,-1.1832643747329712,0,-5.0,0.9968091249465942
3,289,-1.5220723152160645,0.056487902998924255,-1.7874058485031128,-1.5682239532470703,3,2.5,0.9980888962745667
3,290,-1.5380983352661133,0.04371635988354683,-1.4634463787078857,-1.0607340335845947,2,0.0,0.9988340735435486
3,291,-1.5520919561386108,0.03414582461118698,-1.3515766859054565,-0.8818507194519043,0,-5.0,0.9994718432426453
3,292,-1.5671530961990356,0.022981561720371246,-1.623831033706665,-1.2969002723693848,3,2.5,0.9998369812965393
3,293,-1.5816218852996826,0.012768169865012169,-1.3131791353225708,-0.8143483996391296,0,-5.0,0.9999951124191284
3,294,-1.59632408618927,0.0022146273404359818,-1.5894911289215088,-1.2390682697296143,3,2.5,0.9999440908432007
3,295,-1.6104711294174194,-0.00747693469747901,-1.2823385000228882,-0.7649503350257874,0,-5.0,0.9996905326843262
3,296,-1.6248860359191895,-0.017591875046491623,-1.5619730949401855,-1.1978553533554077,3,2.5,0.9992750883102417
3,297,-1.6387773752212524,-0.02692420594394207,-1.2579138278961182,-0.7315963506698608,0,-5.0,0.9986491799354553
3,298,-1.6529653072357178,-0.03675347566604614,-1.5402406454086304,-1.1714292764663696,0,-5.0,0.9974184036254883
3,299,-1.669858455657959,-0.050809480249881744,-1.8016624450683594,-1.5804500579833984,3,2.5,0.9959203600883484
3,300,-1.686057686805725,-0.0638718232512474,-1.481508731842041,-1.0951024293899536,0,-5.0,0.9940336346626282
3,301,-1.702396035194397,-0.07724248617887497,-1.7482218742370605,-1.5157744884490967,4,5.0,0.9922366142272949
3,302,-1.7170320749282837,-0.08810992538928986,-1.2468475103378296,-0.7564650177955627,4,5.0,0.9915833473205566
3,303,-1.7268774509429932,-0.09174234420061111,-0.7842541933059692,-0.05882275849580765,0,-5.0,0.9909281134605408
3,304,-1.7365496158599854,-0.09524648636579514,-1.1041944026947021,-0.5644286274909973,3,2.5,0.990257740020752
3,305,-1.7460968494415283,-0.0987027958035469,-0.8397917151451111,-0.17275816202163696,4,5.0,0.9906315207481384
3,306,-1.7520523071289062,-0.09679070860147476,-0.408637672662735,0.47452035546302795,3,2.5,0.9918435215950012
3,307,-1.7549400329589844,-0.09031310677528381,-0.19615499675273895,0.7864704132080078,0,-5.0,0.9926477670669556
3,308,-1.7589799165725708,-0.08574502170085907,-0.5599245429039001,0.21374642848968506,2,0.0,0.9930459856987
3,309,-1.76437509059906,-0.08339065313339233,-0.5224801898002625,0.2584139108657837,2,0.0,0.9935020804405212
3,310,-1.7694107294082642,-0.0806097760796547,-0.4876980781555176,0.2993643879890442,2,0.0,0.9940034747123718
3,311,-1.7741121053695679,-0.07743705809116364,-0.45535728335380554,0.33700084686279297,1,-2.5,0.9942933917045593
3,312,-1.7795671224594116,-0.07554194331169128,-0.612431526184082,0.08364156633615494,1,-2.5,0.9942125678062439
3,313,-1.7865256071090698,-0.07607509195804596,-0.7577043175697327,-0.15135300159454346,4,5.0,0.9945316910743713
3,314,-1.791680932044983,-0.07394779473543167,-0.3306042551994324,0.4944203794002533,3,2.5,0.9954740405082703
3,315,-1.7938100099563599,-0.0672752633690834,-0.1223592460155487,0.8039278984069824,0,-5.0,0.9960870742797852
3,316,-1.7971384525299072,-0.062553271651268,-0.4911918640136719,0.22588784992694855,2,0.0,0.9963902831077576
3,317,-1.801866054534912,-0.06008101999759674,-0.45762577652931213,0.2681848406791687,0,-5.0,0.9963411688804626
3,318,-1.8084033727645874,-0.060488417744636536,-0.8012417554855347,-0.2702571451663971,2,0.0,0.9960598349571228
3,319,-1.8160985708236694,-0.06277091056108475,-0.7443677186965942,-0.1918565183877945,3,2.5,0.9960725903511047
3,320,-1.8221843242645264,-0.06266899406909943,-0.5045246481895447,0.16805684566497803,1,-2.5,0.9961051344871521
3,321,-1.8281054496765137,-0.06240863353013992,-0.6573470830917358,-0.07680481672286987,4,5.0,0.9964513778686523
3,322,-1.832291841506958,-0.05957036092877388,-0.2366083413362503,0.5618810653686523,3,2.5,0.9972692728042603
3,323,-1.833513855934143,-0.05225614458322525,-0.03444188833236694,0.8645156025886536,3,2.5,0.9982332587242126
3,324,-1.8327964544296265,-0.04203294590115547,0.15313348174095154,1.1459710597991943,3,2.5,0.9991533160209656
3,325,-1.8302782773971558,-0.029098138213157654,0.3273372948169708,1.408557653427124,0,-5.0,0.9996551275253296
3,326,-1.8292902708053589,-0.018570346757769585,-0.07388919591903687,0.7854216694831848,0,-5.0,0.9998041391372681
3,327,-1.8321406841278076,-0.01399497501552105,-0.4446931779384613,0.21055561304092407,0,-5.0,0.9997774958610535
3,328,-1.8385392427444458,-0.014917271211743355,-0.7875048518180847,-0.32058387994766235,0,-5.0,0.9995620846748352
3,329,-1.8482201099395752,-0.02092701941728592,-1.1046433448791504,-0.8123523592948914,0,-5.0,0.9989979267120361
3,330,-1.8609386682510376,-0.031655244529247284,-1.3982179164886475,-1.268718957901001,0,-5.0,0.9978126287460327
3,331,-1.8764704465866089,-0.046769678592681885,-1.6700851917266846,-1.693177580833435,2,0.0,0.9960709810256958
3,332,-1.8924744129180908,-0.06268163025379181,-1.5469542741775513,-1.5108613967895508,4,5.0,0.9945833086967468
3,333,-1.9051753282546997,-0.07359825074672699,-1.0594146251678467,-0.7698365449905396,4,5.0,0.9940011501312256
3,334,-1.9132170677185059,-0.07745222002267838,-0.609523355960846,-0.08870995789766312,4,5.0,0.9944051504135132
3,335,-1.9169543981552124,-0.07479869574308395,-0.19362536072731018,0.5395696759223938,3,2.5,0.99540776014328
3,336,-1.9177724123001099,-0.06776599586009979,0.004321932792663574,0.8330903649330139,3,2.5,0.9966461658477783
3,337,-1.9166910648345947,-0.057912427932024,0.18803125619888306,1.1059786081314087,3,2.5,0.9979360699653625
3,338,-1.9138457775115967,-0.045430105179548264,0.35870468616485596,1.3605109453201294,0,-5.0,0.9987449645996094
3,339,-1.9125618934631348,-0.035426896065473557,-0.04541853815317154,0.7307747006416321,0,-5.0,0.9990113377571106
3,340,-1.9151453971862793,-0.03144314885139465,-0.4190581142902374,0.14921875298023224,0,-5.0,0.9989094138145447
3,341,-1.9213048219680786,-0.033023908734321594,-0.764566957950592,-0.3885264992713928,0,-5.0,0.9984193444252014
3,342,-1.9307721853256226,-0.03975723311305046,-1.0842034816741943,-0.8866796493530273,0,-5.0,0.997371256351471
3,343,-1.9433010816574097,-0.0512712188065052,-1.3800272941589355,-1.3490996360778809,0,-5.0,0.9954801797866821
3,344,-1.958663821220398,-0.06722965836524963,-1.6538524627685547,-1.779187798500061,0,-5.0,0.9923739433288574
3,345,-1.9766494035720825,-0.08732721954584122,-1.9072352647781372,-2.1798629760742188,3,2.5,0.9886825680732727
3,346,-1.9938721656799316,-0.10638342052698135,-1.5811536312103271,-1.6924406290054321,0,-5.0,0.9841974377632141
3,347,-2.0111687183380127,-0.1257084608078003,-1.8406370878219604,-2.1069679260253906,3,2.5,0.9792165756225586
3,348,-2.027772903442383,-0.14416448771953583,-1.5225143432617188,-1.6396211385726929,4,5.0,0.9754788279533386
3,349,-2.0402915477752686,-0.15659238398075104,-1.0448024272918701,-0.9324538707733154,2,0.0,0.9726057648658752
3,350,-2.0503573417663574,-0.16551204025745392,-0.9750175476074219,-0.8499348163604736,2,0.0,0.9698392152786255
3,351,-2.0597586631774902,-0.17366857826709747,-0.9109874963760376,-0.7776399850845337,4,5.0,0.9683282971382141
3,352,-2.0664498805999756,-0.17796529829502106,-0.48290202021598816,-0.15335464477539062,3,2.5,0.9683509469032288
3,353,-2.0700948238372803,-0.1779017597436905,-0.2716660797595978,0.14068040251731873,4,5.0,0.9699199795722961
3,354,-2.0706658363342285,-0.1734360307455063,0.10872916132211685,0.6918579339981079,0,-5.0,0.9710732698440552
3,355,-2.071791887283325,-0.17007847130298615,-0.2775042951107025,0.07856839895248413,4,5.0,0.9723749160766602
3,356,-2.0724127292633057,-0.16620810329914093,0.10421127080917358,0.633683979511261,2,0.0,0.9743291139602661
3,357,-2.0714776515960693,-0.16022132337093353,0.08829166740179062,0.5845411419868469,2,0.0,0.9760659337043762
3,358,-2.070693254470825,-0.1547064334154129,0.07378792762756348,0.5384160876274109,3,2.5,0.9780883193016052
3,359,-2.068991184234619,-0.14802607893943787,0.2460411936044693,0.7779635190963745,0,-5.0,0.9792982339859009
3,360,-2.0688018798828125,-0.14388111233711243,-0.15077045559883118,0.1499176323413849,4,5.0,0.9805938005447388
3,361,-2.068189859390259,-0.13930609822273254,0.22451433539390564,0.701562762260437,0,-5.0,0.9815295934677124
3,362,-2.068207263946533,-0.13590599596500397,-0.1708327680826187,0.07630287110805511,4,5.0,0.9825671911239624
3,363,-2.067781448364258,-0.1320333480834961,0.2067520022392273,0.6332710385322571,2,0.0,0.9841086268424988
3,364,-2.065852165222168,-0.12606102228164673,0.18477720022201538,0.5798569917678833,2,0.0,0.9854558706283569
3,365,-2.064131259918213,-0.12059911340475082,0.16468477249145508,0.5301846265792847,3,2.5,0.9870067834854126
3,366,-2.0615413188934326,-0.1139877587556839,0.33268678188323975,0.7695621848106384,0,-5.0,0.9879093766212463
3,367,-2.060520648956299,-0.10995753109455109,-0.07078948616981506,0.133711040019989,4,5.0,0.9888678193092346
3,368,-2.059119462966919,-0.10550931841135025,0.3019469082355499,0.6890081167221069,0,-5.0,0.9895434379577637
3,369,-2.0583925247192383,-0.10225736349821091,-0.09924034774303436,0.05736915022134781,0,-5.0,0.9889626502990723
3,370,-2.0615079402923584,-0.10505860298871994,-0.47052809596061707,-0.5281361937522888,0,-5.0,0.9871235489845276
3,371,-2.0681777000427246,-0.1134742945432663,-0.81395423412323,-1.0711922645568848,0,-5.0,0.9838452339172363
3,372,-2.078134059906006,-0.12710143625736237,-1.131430983543396,-1.575287938117981,0,-5.0,0.9788094758987427
3,373,-2.091127395629883,-0.1455696076154709,-1.4246649742126465,-2.04355525970459,0,-5.0,0.971595287322998
3,374,-2.106923818588257,-0.16853691637516022,-1.69512939453125,-2.478708505630493,2,0.0,0.9629467129707336
3,375,-2.123201847076416,-0.19249233603477478,-1.5751081705093384,-2.3222594261169434,3,2.5,0.9544494152069092
3,376,-2.137296199798584,-0.21342584490776062,-1.2819427251815796,-1.90811288356781,4,5.0,0.947605550289154
3,377,-2.147561550140381,-0.2288983017206192,-0.8303738236427307,-1.2600882053375244,0,-5.0,0.940232515335083
3,378,-2.1576731204986572,-0.24447396397590637,-1.1446174383163452,-1.7667232751846313,3,2.5,0.9322588443756104
3,379,-2.1676852703094482,-0.260271281003952,-0.8893976807594299,-1.4219648838043213,4,5.0,0.9263996481895447
3,380,-2.1742382049560547,-0.2712938189506531,-0.4741281569004059,-0.8423980474472046,0,-5.0,0.9199524521827698
3,381,-2.1809329986572266,-0.2829267084598541,-0.8132686614990234,-1.3871207237243652,4,5.0,0.9137251973152161
3,382,-2.186777114868164,-0.2937258183956146,-0.4069623053073883,-0.8280466198921204,0,-5.0,0.9068204164505005
3,383,-2.192822217941284,-0.30525317788124084,-0.7496950030326843,-1.378031611442566,4,5.0,0.900094747543335
3,384,-2.19807767868042,-0.31607791781425476,-0.35139861702919006,-0.8380659222602844,2,0.0,0.894530177116394
3,385,-2.201556921005249,-0.32476118206977844,-0.34043779969215393,-0.8692538738250732,2,0.0,0.8885939121246338
3,386,-2.2049331665039062,-0.33377549052238464,-0.33055704832077026,-0.9033214449882507,2,0.0,0.8822486400604248
3,387,-2.208216667175293,-0.34314921498298645,-0.3216721713542938,-0.9401835799217224,4,5.0,0.8775062561035156
3,388,-2.2094078063964844,-0.3499911427497864,0.039536990225315094,-0.46669742465019226,4,5.0,0.8758580684661865
3,389,-2.2071428298950195,-0.3523377776145935,0.37374910712242126,-0.034298814833164215,2,0.0,0.8750607371330261
3,390,-2.2036781311035156,-0.3534674346446991,0.3313588798046112,-0.14796701073646545,4,5.0,0.8755260109901428
3,391,-2.1986160278320312,-0.3528086245059967,0.6444430351257324,0.2529297471046448,4,5.0,0.8786745071411133
3,392,-2.190547227859497,-0.34831804037094116,0.9357913732528687,0.6227852702140808,0,-5.0,0.880208432674408
3,393,-2.183692455291748,-0.3461091220378876,0.5008255839347839,-0.060021981596946716,2,0.0,0.879200279712677
3,394,-2.179006576538086,-0.3475624918937683,0.4496097266674042,-0.18576055765151978,4,5.0,0.8793609738349915
3,395,-2.172804594039917,-0.34733131527900696,0.7551684379577637,0.2060113549232483,4,5.0,0.8821054100990295
3,396,-2.163668394088745,-0.3433578908443451,1.0393742322921753,0.5670913457870483,0,-5.0,0.8831918239593506
3,397,-2.1558220386505127,-0.34177201986312866,0.5965266823768616,-0.12757296860218048,4,5.0,0.8837010860443115
3,398,-2.148205041885376,-0.3410263955593109,0.8924964666366577,0.25203725695610046,4,5.0,0.886664628982544
3,399,-2.1377453804016113,-0.33665332198143005,1.1678439378738403,0.6020838618278503,0,-5.0,0.8879092931747437
3,400,-2.128669500350952,-0.33479955792427063,0.715204656124115,-0.10742629319429398,4,5.0,0.8885106444358826
3,401,-2.119907855987549,-0.3339002728462219,1.0036957263946533,0.26334598660469055,4,5.0,0.8914574384689331
3,402,-2.1083757877349854,-0.3294578790664673,1.2720648050308228,0.6052377820014954,0,-5.0,0.8926510810852051
3,403,-2.09830379486084,-0.32764148712158203,0.8112633228302002,-0.11680490523576736,4,5.0,0.893155574798584
3,404,-2.0886144638061523,-0.32687076926231384,1.0938588380813599,0.24740734696388245,4,5.0,0.8959159255027771
3,405,-2.07621169090271,-0.3226205110549927,1.3566675186157227,0.5831092596054077,0,-5.0,0.8969058394432068
3,406,-2.0653319358825684,-0.32108274102211,0.8891107439994812,-0.14938795566558838,4,5.0,0.8971744775772095
3,407,-2.0548903942108154,-0.3206641972064972,1.1669937372207642,0.20975717902183533,4,5.0,0.8996275663375854
3,408,-2.041780948638916,-0.31681615114212036,1.4253079891204834,0.5405434370040894,0,-5.0,0.9003012776374817
3,409,-2.030245780944824,-0.3157510459423065,0.9522284269332886,-0.20051895081996918,4,5.0,0.9002289772033691
3,410,-2.0191943645477295,-0.31586548686027527,1.2262730598449707,0.1544494330883026,3,2.5,0.9013531804084778
3,411,-2.00652813911438,-0.314081072807312,1.3024219274520874,0.21917733550071716,4,5.0,0.903775691986084
3,412,-1.992114782333374,-0.3102005124092102,1.5518558025360107,0.5386928915977478,0,-5.0,0.904373049736023
3,413,-1.9793691635131836,-0.309236079454422,1.069044589996338,-0.21720606088638306,0,-5.0,0.9004332423210144
3,414,-1.9712556600570679,-0.3155420124530792,0.6209030151367188,-0.9219863414764404,4,5.0,0.8958857655525208
3,415,-1.9633779525756836,-0.32266727089881897,0.919094443321228,-0.5319434404373169,4,5.0,0.8936616778373718
3,416,-1.952648401260376,-0.32609549164772034,1.1947369575500488,-0.17673243582248688,4,5.0,0.893628716468811
3,417,-1.93927800655365,-0.3261461555957794,1.4502432346343994,0.14827501773834229,3,2.5,0.8946506381034851
3,418,-1.9244667291641235,-0.32457560300827026,1.5098011493682861,0.1868811994791031,1,-2.5,0.8939775824546814
3,419,-1.9111063480377197,-0.32561081647872925,1.2093784809112549,-0.30085718631744385,4,5.0,0.8931300044059753
3,420,-1.8975948095321655,-0.3269098401069641,1.46390962600708,0.022789277136325836,2,0.0,0.8923625946044922
3,421,-1.8836636543273926,-0.3280813694000244,1.3446412086486816,-0.2001606822013855,4,5.0,0.8921137452125549
3,422,-1.8688563108444214,-0.32846057415008545,1.5892530679702759,0.10837911069393158,1,-2.5,0.8908839225769043
3,423,-1.854732632637024,-0.33032718300819397,1.2834066152572632,-0.38724976778030396,3,2.5,0.8884303569793701
3,424,-1.8415234088897705,-0.3340204656124115,1.3546353578567505,-0.33248981833457947,3,2.5,0.8862859010696411
3,425,-1.827632188796997,-0.3372153043746948,1.4205511808395386,-0.2861191928386688,4,5.0,0.8854012489318848
3,426,-1.8121027946472168,-0.33852434158325195,1.6587257385253906,0.010565288364887238,3,2.5,0.8854340314865112
3,427,-1.7952957153320312,-0.3384760320186615,1.7027525901794434,0.024376247078180313,3,2.5,0.8855428099632263
3,428,-1.7780661582946777,-0.33831527829170227,1.7436643838882446,0.033663708716630936,3,2.5,0.8856982588768005
3,429,-1.760443925857544,-0.3380853533744812,1.7816870212554932,0.03877337649464607,3,2.5,0.8858734369277954
3,430,-1.7424566745758057,-0.3378262519836426,1.8170280456542969,0.04001651331782341,3,2.5,0.886043131351471
3,431,-1.7241302728652954,-0.3375750184059143,1.8498774766921997,0.03767358139157295,3,2.5,0.8861840963363647
3,432,-1.7054884433746338,-0.3373660743236542,1.8804110288619995,0.031996823847293854,3,2.5,0.8862749934196472
3,433,-1.6865535974502563,-0.33723148703575134,1.9087895154953003,0.023213107138872147,3,2.5,0.8862954378128052
3,434,-1.6673461198806763,-0.33720120787620544,1.9351619482040405,0.011526156216859818,3,2.5,0.8862265944480896
3,435,-1.647885799407959,-0.3373032212257385,1.959665060043335,-0.0028814892284572124,3,2.5,0.8860507011413574
3,436,-1.628190279006958,-0.3375638723373413,1.9824254512786865,-0.019846688956022263,3,2.5,0.8857506513595581
3,437,-1.6082763671875,-0.33800798654556274,2.0035600662231445,-0.03922392427921295,3,2.5,0.8853100538253784
3,438,-1.5881596803665161,-0.33865898847579956,2.023176908493042,-0.06088417395949364,3,2.5,0.8847132325172424
3,439,-1.5678550004959106,-0.3395390808582306,2.0413761138916016,-0.08471335470676422,2,0.0,0.8829441666603088
3,440,-1.5483824014663696,-0.34213411808013916,1.881232500076294,-0.3681916296482086,4,5.0,0.8812875151634216
3,441,-1.5284346342086792,-0.34454676508903503,2.0862746238708496,-0.12102241069078445,2,0.0,0.8792203068733215
3,442,-1.508530855178833,-0.3475337326526642,1.9230427742004395,-0.40928545594215393,4,5.0,0.8772228956222534
3,443,-1.488185167312622,-0.3503955900669098,2.124586820602417,-0.16855931282043457,3,2.5,0.8757933378219604
3,444,-1.4669106006622314,-0.3524295389652252,2.135134220123291,-0.20528924465179443,4,5.0,0.8751168847084045
3,445,-1.444533109664917,-0.3533881902694702,2.3211445808410645,0.011814270168542862,4,5.0,0.8758944869041443
3,446,-1.4203708171844482,-0.35228610038757324,2.493967056274414,0.20968712866306305,0,-5.0,0.8738964200019836
3,447,-1.3985581398010254,-0.35511070489883423,1.9494643211364746,-0.6312724947929382,4,5.0,0.8702376484870911
3,448,-1.3779621124267578,-0.3602253794670105,2.148543119430542,-0.39611032605171204,4,5.0,0.868144690990448
3,449,-1.3554601669311523,-0.36311888694763184,2.3329036235809326,-0.18336625397205353,3,2.5,0.8664535284042358
3,450,-1.3321892023086548,-0.3654400706291199,2.328303575515747,-0.24382765591144562,4,5.0,0.8653637766838074
3,451,-1.3079653978347778,-0.3669281005859375,2.4994659423828125,-0.05130251497030258,4,5.0,0.8656094670295715
3,452,-1.2820991277694702,-0.36659306287765503,2.6584668159484863,0.12343548238277435,1,-2.5,0.8639034032821655
3,453,-1.2576987743377686,-0.36891278624534607,2.279947280883789,-0.4761843979358673,4,5.0,0.8610920906066895
3,454,-1.23393976688385,-0.3727036416530609,2.4542930126190186,-0.2800027132034302,4,5.0,0.8596425652503967
3,455,-1.2085105180740356,-0.37464314699172974,2.615955352783203,-0.10286746174097061,4,5.0,0.8594434857368469
3,456,-1.1815303564071655,-0.3749087154865265,2.7660951614379883,0.05734517425298691,3,2.5,0.859309732913971
3,457,-1.15410315990448,-0.37508702278137207,2.7307307720184326,-0.048886146396398544,3,2.5,0.8583924770355225
3,458,-1.1270157098770142,-0.3763076961040497,2.697840690612793,-0.15160371363162994,4,5.0,0.8577871322631836
3,459,-1.0992499589920044,-0.3771112263202667,2.8421072959899902,-0.0002182144671678543,3,2.5,0.857183039188385
3,460,-1.0710934400558472,-0.377911239862442,2.8013737201690674,-0.11442935466766357,4,5.0,0.8568090200424194
3,461,-1.0423346757888794,-0.37840574979782104,2.9382622241973877,0.026029955595731735,3,2.5,0.8563594222068787
3,462,-1.0132551193237305,-0.3789995610713959,2.8907790184020996,-0.09801051765680313,4,5.0,0.8560683131217957
3,463,-0.9836384057998657,-0.37938329577445984,3.0213277339935303,0.033127058297395706,3,2.5,0.8556345105171204
3,464,-0.9537613391876221,-0.3799545466899872,2.9680206775665283,-0.09937195479869843,4,5.0,0.855297327041626
3,465,-0.9234033226966858,-0.3803979158401489,3.093095064163208,0.02371281385421753,3,2.5,0.8547588586807251
3,466,-0.8928372859954834,-0.3811052441596985,3.034757375717163,-0.11610791832208633,4,5.0,0.854262113571167
3,467,-0.8618389964103699,-0.38175639510154724,3.1550803184509277,-8.142925798892975e-05,3,2.5,0.8535113334655762
3,468,-0.83067786693573,-0.382738322019577,3.0923960208892822,-0.14627636969089508,4,5.0,0.8527533411979675
3,469,-0.7991266846656799,-0.38372743129730225,3.2085726261138916,-0.03654084727168083,3,2.5,0.8516931533813477
3,470,-0.7674520015716553,-0.38510632514953613,3.1421358585357666,-0.1883167028427124,4,5.0,0.8505798578262329
3,471,-0.7354243397712708,-0.3865489363670349,3.254671573638916,-0.08429577201604843,4,5.0,0.8502169251441956
3,472,-0.7023168206214905,-0.38701826333999634,3.3592429161071777,0.008081451058387756,3,2.5,0.8494252562522888
3,473,-0.6691955327987671,-0.3880395293235779,3.2822611331939697,-0.15909425914287567,4,5.0,0.8484647274017334
3,474,-0.6358234882354736,-0.3892754018306732,3.384810447692871,-0.06993244588375092,4,5.0,0.8481494188308716
3,475,-0.6014673113822937,-0.38968023657798767,3.4801225662231445,0.008679792284965515,3,2.5,0.8473018407821655
3,476,-0.5671853423118591,-0.3907662332057953,3.394704580307007,-0.17079269886016846,4,5.0,0.8461885452270508
3,477,-0.5327345728874207,-0.39218810200691223,3.4892373085021973,-0.0936201885342598,4,5.0,0.8456339240074158
3,478,-0.4973766803741455,-0.3928945064544678,3.5770859718322754,-0.0262322835624218,4,5.0,0.8455682992935181
3,479,-0.46117541193962097,-0.39297792315483093,3.6587791442871094,0.032266341149806976,4,5.0,0.8459262251853943
3,480,-0.4241894483566284,-0.3925223648548126,3.7347946166992188,0.08267217874526978,3,2.5,0.8455396890640259
3,481,-0.38746169209480286,-0.3930143713951111,3.6316471099853516,-0.1223309189081192,4,5.0,0.8446933031082153
3,482,-0.3507363200187683,-0.3940896987915039,3.709541082382202,-0.06930314004421234,4,5.0,0.844227135181427
3,483,-0.31326329708099365,-0.3946806490421295,3.7819485664367676,-0.024277083575725555,4,5.0,0.8440831303596497
3,484,-0.27509504556655884,-0.39486318826675415,3.8492887020111084,0.013435055501759052,4,5.0,0.8442065715789795
3,485,-0.23628005385398865,-0.3947067856788635,3.9119420051574707,0.04444848746061325,4,5.0,0.8445470929145813
3,486,-0.19686318933963776,-0.39427515864372253,3.970254421234131,0.06931445747613907,3,2.5,0.84394770860672
3,487,-0.1578739434480667,-0.39503464102745056,3.8507437705993652,-0.15914441645145416,4,5.0,0.8427044749259949
3,488,-0.11904487013816833,-0.39660507440567017,3.9132962226867676,-0.12835748493671417,4,5.0,0.8416711091995239
3,489,-0.07961563766002655,-0.3979056477546692,3.971407890319824,-0.10415982455015182,4,5.0,0.8407996296882629
3,490,-0.03962874412536621,-0.3989991843700409,4.025410175323486,-0.08602890372276306,4,5.0,0.8400450944900513
3,491,0.0008764565573073924,-0.39994361996650696,4.075604438781738,-0.07349632680416107,4,5.0,0.8393654823303223
3,492,0.04186346009373665,-0.4007924497127533,4.122265815734863,-0.06614190340042114,4,5.0,0.8387211561203003
3,493,0.08329838514328003,-0.4015953242778778,4.165647983551025,-0.06358813494443893,4,5.0,0.838075578212738
3,494,0.12514975666999817,-0.4023982882499695,4.205982208251953,-0.06549588590860367,4,5.0,0.8373940587043762
3,495,0.16738833487033844,-0.4032441973686218,4.24348258972168,-0.0715603232383728,4,5.0,0.8366440534591675
3,496,0.2099868804216385,-0.4041730761528015,4.278346061706543,-0.08150779455900192,4,5.0,0.8357948064804077
3,497,0.2529200613498688,-0.4052223265171051,4.310752868652344,-0.0950925275683403,4,5.0,0.8348169922828674
3,498,0.29616421461105347,-0.4064272344112396,4.340869903564453,-0.112093985080719,4,5.0,0.8336822986602783
3,499,0.33969739079475403,-0.40782076120376587,4.3688530921936035,-0.13231486082077026,4,5.0,0.8323637247085571
3,500,0.38349899649620056,-0.4094341993331909,4.394845485687256,-0.1555788367986679,4,5.0,0.8308347463607788
3,501,0.42754989862442017,-0.411297082901001,4.418979167938232,-0.18172886967658997,4,5.0,0.8290693759918213
3,502,0.4718322157859802,-0.4134376049041748,4.441378116607666,-0.21062542498111725,1,-2.5,-2.1764323711395264
4,1,0.08441603183746338,0.028361037373542786,-0.13838087022304535,-0.14196214079856873,3,2.5,0.9991745948791504
4,2,0.08417043089866638,0.02872956171631813,0.06116987764835358,0.17017687857151031,0,-5.0,0.9992630481719971
4,3,0.08263220638036728,0.027147140353918076,-0.31725868582725525,-0.40928778052330017,4,5.0,0.9992921352386475
4,4,0.08174139261245728,0.02660529501736164,0.08332929015159607,0.2128031998872757,1,-2.5,0.9992668032646179
4,5,0.08148209750652313,0.027077950537204742,-0.10920089483261108,-0.08017571270465851,3,2.5,0.9992135763168335
4,6,0.0815153643488884,0.028043068945407867,0.0881042554974556,0.2283289134502411,1,-2.5,0.9991779923439026
4,7,0.08130239695310593,0.02867051586508751,-0.10469948500394821,-0.0648384764790535,3,2.5,0.999112606048584
4,8,0.08137936145067215,0.02978869341313839,0.09234290570020676,0.24349163472652435,1,-2.5,0.9990655779838562
4,9,0.08120772987604141,0.030568234622478485,-0.10067567229270935,-0.04972381889820099,4,5.0,0.9988787174224854
4,10,0.08239153027534485,0.03348509594798088,0.2838154435157776,0.548062264919281,0,-5.0,0.998736560344696
4,11,0.08298693597316742,0.035544611513614655,-0.11098646372556686,-0.05574394762516022,4,5.0,0.9985242486000061
4,12,0.08407361805438995,0.038415614515542984,0.2744695246219635,0.5441837906837463,0,-5.0,0.9983636140823364
4,13,0.08458194881677628,0.04045241326093674,-0.11929741501808167,-0.05717063695192337,4,5.0,0.9981232285499573
4,14,0.08559060096740723,0.0433218888938427,0.2669602632522583,0.5446237921714783,0,-5.0,0.9979408383369446
4,15,0.08602948486804962,0.04537805914878845,-0.12590128183364868,-0.05446767061948776,4,5.0,0.997668445110321
4,16,0.08697636425495148,0.048286035656929016,0.2610200345516205,0.5489687323570251,0,-5.0,0.997459888458252
4,17,0.08736089617013931,0.05039988085627556,-0.1310400366783142,-0.047994568943977356,4,5.0,0.9971502423286438
4,18,0.08826000988483429,0.05338304489850998,0.256427139043808,0.5568992495536804,0,-5.0,0.9969097375869751
4,19,0.08860322833061218,0.05558997392654419,-0.13491284847259521,-0.038021259009838104,4,5.0,0.9965563416481018
4,20,0.08946666866540909,0.05868253484368324,0.2529987394809723,0.5681782364845276,2,0.0,0.9958654046058655
4,21,0.09191201627254486,0.06430099159479141,0.23709461092948914,0.5526926517486572,0,-5.0,0.9955774545669556
4,22,0.09207603335380554,0.06650221347808838,-0.15195710957050323,-0.036660388112068176,4,5.0,0.9951511025428772
4,23,0.09277902543544769,0.0696338564157486,0.23751698434352875,0.5731936693191528,0,-5.0,0.994808554649353
4,24,0.09295003116130829,0.07205162197351456,-0.15114043653011322,-0.014522381126880646,4,5.0,0.9943131804466248
4,25,0.09366211295127869,0.07541102170944214,0.2383960485458374,0.5960366725921631,0,-5.0,0.9939051270484924
4,26,0.09384477883577347,0.07806964963674545,-0.14985400438308716,0.010082662105560303,4,5.0,0.9933281540870667
4,27,0.09457045048475266,0.0816814973950386,0.23970405757427216,0.6213136911392212,0,-5.0,0.9928417801856995
4,28,0.09476922452449799,0.08460638672113419,-0.1481165885925293,0.03727453202009201,4,5.0,0.9921683669090271
4,29,0.09551279991865158,0.08849655836820602,0.2414204180240631,0.6491414904594421,0,-5.0,0.9915884733200073
4,30,0.09573200345039368,0.09171445667743683,-0.14593970775604248,0.06719999015331268,2,0.0,0.991417407989502
4,31,0.09437131881713867,0.09264223277568817,-0.13024276494979858,0.10521061718463898,2,0.0,0.9911749958992004
4,32,0.09316127747297287,0.09394146502017975,-0.11567213386297226,0.14163702726364136,2,0.0,0.9908610582351685
4,33,0.09209122508764267,0.09559766948223114,-0.10212581604719162,0.1766911745071411,2,0.0,0.9904745817184448
4,34,0.09115149080753326,0.09759840369224548,-0.08951009809970856,0.21057020127773285,1,-2.5,0.9903369545936584
4,35,0.08927071839570999,0.09830088168382645,-0.264522522687912,-0.04345690831542015,4,5.0,0.9897029399871826
4,36,0.08890208601951599,0.10147453099489212,0.1338939517736435,0.5833483934402466,0,-5.0,0.9891557097434998
4,37,0.08809982240200043,0.10413588583469391,-0.24425183236598969,0.018230602145195007,4,5.0,0.9883534908294678
4,38,0.08792608231306076,0.10791894793510437,0.15268728137016296,0.643288254737854,0,-5.0,0.9876382946968079
4,39,0.08730769157409668,0.11118307709693909,-0.22626833617687225,0.0783190131187439,2,0.0,0.9873870611190796
4,40,0.0851852297782898,0.11230742186307907,-0.20361463725566864,0.12988820672035217,2,0.0,0.9870189428329468
4,41,0.08328009396791458,0.11393462121486664,-0.18259714543819427,0.17912457883358002,2,0.0,0.9865339398384094
4,42,0.08157677948474884,0.11604321748018265,-0.16307108104228973,0.22632423043251038,1,-2.5,0.98631352186203
4,43,0.07900091260671616,0.11698918044567108,-0.33128657937049866,-0.013967722654342651,4,5.0,0.9854752421379089
4,44,0.07799525558948517,0.12051868438720703,0.07219059765338898,0.6221702694892883,0,-5.0,0.9847093224525452
4,45,0.07661424577236176,0.12365546077489853,-0.29954391717910767,0.0709998831152916,2,0.0,0.9844312071800232
4,46,0.07379470020532608,0.1247750073671341,-0.27083465456962585,0.13366684317588806,2,0.0,0.9839966297149658
4,47,0.07125046849250793,0.12650445103645325,-0.2442127764225006,0.19331324100494385,1,-2.5,0.9838215112686157
4,48,0.06790293008089066,0.12719476222991943,-0.40562885999679565,-0.03467637673020363,4,5.0,0.9829505085945129
4,49,0.06618618220090866,0.13057374954223633,0.003361620008945465,0.6106572151184082,0,-5.0,0.9821335077285767
4,50,0.06415274739265442,0.13366566598415375,-0.3622444272041321,0.07109901309013367,2,0.0,0.9818172454833984
4,51,0.06073635071516037,0.13484324514865875,-0.3284062147140503,0.14305776357650757,2,0.0,0.9813075065612793
4,52,0.057644400745630264,0.1367204487323761,-0.2970341742038727,0.2114289551973343,1,-2.5,0.9810531735420227
4,53,0.05379622429609299,0.13764744997024536,-0.4537773132324219,-0.007541440427303314,4,5.0,0.980023980140686
4,54,0.051618847995996475,0.14133641123771667,-0.04129469394683838,0.6438258290290833,0,-5.0,0.9790281653404236
4,55,0.04916493594646454,0.14481675624847412,-0.402487188577652,0.11347030103206635,2,0.0,0.9785488843917847
4,56,0.04536702111363411,0.14646205306053162,-0.36516034603118896,0.19235748052597046,1,-2.5,0.978313684463501
4,57,0.04087138921022415,0.1472627818584442,-0.5161291360855103,-0.016008198261260986,1,-2.5,0.978661060333252
4,58,0.03493021801114082,0.14607863128185272,-0.655852735042572,-0.20712368190288544,2,0.0,0.9790668487548828
4,59,0.028705939650535583,0.14468294382095337,-0.5996856093406677,-0.09935589879751205,0,-5.0,0.9800906777381897
4,60,0.020906848832964897,0.14110031723976135,-0.9191108345985413,-0.5654621720314026,3,2.5,0.9809843897819519
4,61,0.013215509243309498,0.13789694011211395,-0.6579057574272156,-0.14508475363254547,0,-5.0,0.98207688331604
4,62,0.004854293540120125,0.13387733697891235,-0.9736844301223755,-0.6071205139160156,3,2.5,0.983025848865509
4,63,-0.003360970411449671,0.1302848905324936,-0.7085199952125549,-0.18137773871421814,0,-5.0,0.9841451048851013
4,64,-0.012211861088871956,0.12591616809368134,-1.0212701559066772,-0.640428364276886,3,2.5,0.9851129055023193
4,65,-0.02088426984846592,0.12201272696256638,-0.752680778503418,-0.21022164821624756,2,0.0,0.9854529500007629
4,66,-0.028043897822499275,0.12061108648777008,-0.6903173327445984,-0.09629526734352112,0,-5.0,0.9862973690032959
4,67,-0.03672635182738304,0.11705827713012695,-1.0052812099456787,-0.5607401728630066,2,0.0,0.9873872995376587
4,68,-0.04630739614367485,0.11230627447366714,-0.9244139194488525,-0.41920751333236694,2,0.0,0.9881385564804077
4,69,-0.05511520802974701,0.10891036689281464,-0.849713921546936,-0.2877536118030548,2,0.0,0.9885990023612976
4,70,-0.06320859491825104,0.10677553713321686,-0.7806917428970337,-0.1654527187347412,0,-5.0,0.989482045173645
4,71,-0.07276496291160583,0.10255695879459381,-1.0901654958724976,-0.6243367195129395,3,2.5,0.9902321100234985
4,72,-0.0821015015244484,0.09883250296115875,-0.8168322443962097,-0.18926571309566498,2,0.0,0.9904654026031494
4,73,-0.08988338708877563,0.09764527529478073,-0.7506839632987976,-0.07276526838541031,0,-5.0,0.9911049604415894
4,74,-0.09915763139724731,0.09431329369544983,-1.0631446838378906,-0.5380232334136963,2,0.0,0.9919376373291016
4,75,-0.1093001738190651,0.08979085832834244,-0.9788811206817627,-0.3943961560726166,2,0.0,0.9924929738044739
4,76,-0.11863713711500168,0.0866430327296257,-0.901064932346344,-0.26127898693084717,2,0.0,0.9928138852119446
4,77,-0.12722991406917572,0.08477085083723068,-0.829176127910614,-0.1376899629831314,0,-5.0,0.9934694766998291
4,78,-0.13726308941841125,0.0808117464184761,-1.1368381977081299,-0.5980931520462036,3,2.5,0.9940165281295776
4,79,-0.14705145359039307,0.0773528441786766,-0.860525369644165,-0.16088411211967468,0,-5.0,0.9946467280387878
4,80,-0.1573888659477234,0.07316599786281586,-1.1664278507232666,-0.6199893355369568,3,2.5,0.9951701760292053
4,81,-0.1674625277519226,0.06949717551469803,-0.8881220817565918,-0.1806231141090393,0,-5.0,0.9957601428031921
4,82,-0.1780683696269989,0.0651140883564949,-1.1925575733184814,-0.6389315724372864,3,2.5,0.9962469935417175
4,83,-0.18839441239833832,0.061261795461177826,-0.9125455617904663,-0.19792185723781586,2,0.0,0.996401309967041
4,84,-0.197106271982193,0.05998912826180458,-0.840956449508667,-0.07840684801340103,1,-2.5,0.9966104030609131
4,85,-0.2061992585659027,0.05822012573480606,-0.96218341588974,-0.2561250329017639,2,0.0,0.9968198537826538
4,86,-0.2153875231742859,0.0563928447663784,-0.887026309967041,-0.1315649449825287,1,-2.5,0.9970715045928955
4,87,-0.22492317855358124,0.05411567538976669,-1.0050225257873535,-0.304901123046875,2,0.0,0.9973145127296448
4,88,-0.23452311754226685,0.05182182788848877,-0.9268562197685242,-0.17630816996097565,1,-2.5,0.9975877404212952
4,89,-0.2444421350955963,0.04911479353904724,-1.0421428680419922,-0.34621527791023254,3,2.5,0.997689425945282
4,90,-0.2533324956893921,0.04806837439537048,-0.7739104628562927,0.07465772330760956,0,-5.0,0.997873067855835
4,91,-0.2628556787967682,0.0461190901696682,-1.0883902311325073,-0.40288421511650085,3,2.5,0.998016893863678
4,92,-0.27218982577323914,0.04453175142407417,-0.816811203956604,0.022743090987205505,0,-5.0,0.998228907585144
4,93,-0.28212544322013855,0.04208432510495186,-1.1283206939697266,-0.4508478045463562,1,-2.5,0.9986497759819031
4,94,-0.29397761821746826,0.036745790392160416,-1.2291089296340942,-0.6000196933746338,2,0.0,0.9990002512931824
4,95,-0.30572959780693054,0.03161831945180893,-1.135016918182373,-0.44946327805519104,1,-2.5,0.9993094205856323
4,96,-0.3176502585411072,0.02627907507121563,-1.2358839511871338,-0.6003983020782471,2,0.0,0.9995533227920532
4,97,-0.32947102189064026,0.02113461121916771,-1.1417895555496216,-0.4513768255710602,1,-2.5,0.9997515678405762
4,98,-0.34146085381507874,0.01576186716556549,-1.2427198886871338,-0.6040381789207458,2,0.0,0.9998883008956909
4,99,-0.3533511161804199,0.01056753657758236,-1.1486334800720215,-0.45659196376800537,1,-2.5,0.999973714351654
4,100,-0.36541077494621277,0.005128375720232725,-1.249614953994751,-0.6109573245048523,2,0.0,1.0
4,101,-0.3773711621761322,-0.00014897958317305893,-1.1555497646331787,-0.46514156460762024,1,-2.5,0.999967634677887
4,102,-0.38950133323669434,-0.005687917582690716,-1.2565723657608032,-0.6212018132209778,2,0.0,0.9998772144317627
4,103,-0.4015325605869293,-0.011082026176154613,-1.1625441312789917,-0.47708645462989807,1,-2.5,0.9997192621231079
4,104,-0.41373398900032043,-0.016754796728491783,-1.2635992765426636,-0.6348440647125244,2,0.0,0.9995027184486389
4,105,-0.4258369505405426,-0.022300224751234055,-1.1696276664733887,-0.49251502752304077,1,-2.5,0.9992080330848694
4,106,-0.43811047077178955,-0.028141845017671585,-1.270708441734314,-0.6519825458526611,2,0.0,0.998852550983429
4,107,-0.4502861201763153,-0.033874258399009705,-1.1768150329589844,-0.5115417838096619,1,-2.5,0.9984062910079956
4,108,-0.46263280510902405,-0.039920978248119354,-1.2779144048690796,-0.6727409362792969,2,0.0,0.9978952407836914
4,109,-0.4748822748661041,-0.04587740823626518,-1.1841237545013428,-0.5343074202537537,1,-2.5,0.99727863073349
4,110,-0.48730334639549255,-0.052166953682899475,-1.2852340936660767,-0.6972675919532776,0,-5.0,0.996196448802948
4,111,-0.5017607808113098,-0.061673279851675034,-1.5664578676223755,-1.1387548446655273,2,0.0,0.9947960376739502
4,112,-0.5167804956436157,-0.07213855534791946,-1.4521358013153076,-0.9722738265991211,3,2.5,0.9936964511871338
4,113,-0.5296458005905151,-0.07939480990171432,-1.159861445426941,-0.533544659614563,3,2.5,0.9931984543800354
4,114,-0.5397176742553711,-0.08247172087430954,-0.8900890350341797,-0.13064038753509521,3,2.5,0.9933246374130249
4,115,-0.5472084283828735,-0.08170276135206223,-0.6407292485237122,0.24042543768882751,0,-5.0,0.9932273626327515
4,116,-0.5555041432380676,-0.08229589462280273,-0.9711982011795044,-0.28025245666503906,4,5.0,0.9933850169181824
4,117,-0.5627071857452393,-0.08133265376091003,-0.5286901593208313,0.3879121243953705,1,-2.5,0.9937769770622253
4,118,-0.5688655376434326,-0.07888609915971756,-0.6804136633872986,0.14228080213069916,2,0.0,0.9940470457077026
4,119,-0.5754114389419556,-0.07715530693531036,-0.6335869431495667,0.20243507623672485,0,-5.0,0.9938961267471313
4,120,-0.5836377143859863,-0.07812736183404922,-0.9644864797592163,-0.31840795278549194,4,5.0,0.993987500667572
4,121,-0.59077388048172,-0.07754015177488327,-0.5221092700958252,0.3503990173339844,1,-2.5,0.9943046569824219
4,122,-0.5968680381774902,-0.07546742260456085,-0.6741872429847717,0.1047174483537674,2,0.0,0.9945076704025269
4,123,-0.6033528447151184,-0.0741102546453476,-0.6276425123214722,0.16496321558952332,2,0.0,0.994790256023407
4,124,-0.6093915700912476,-0.07217856496572495,-0.5844976305961609,0.22020304203033447,0,-5.0,0.9946711659431458
4,125,-0.6171467304229736,-0.07299869507551193,-0.9189471006393433,-0.30554041266441345,4,5.0,0.9947726130485535
4,126,-0.623843789100647,-0.07230059802532196,-0.4795275330543518,0.35975807905197144,4,5.0,0.995744526386261
4,127,-0.6263327598571777,-0.0652342140674591,-0.07278898358345032,0.9751173257827759,0,-5.0,0.9965390563011169
4,128,-0.6291856169700623,-0.05882943421602249,-0.44522690773010254,0.3917834758758545,2,0.0,0.9970055818557739
4,129,-0.6334711909294128,-0.054721321910619736,-0.41486889123916626,0.4297527074813843,2,0.0,0.9974753260612488
4,130,-0.6374645233154297,-0.05024605989456177,-0.3865582048892975,0.4652077257633209,2,0.0,0.9979364275932312
4,131,-0.6411848664283752,-0.04542683809995651,-0.36012423038482666,0.4984651505947113,2,0.0,0.9983772039413452
4,132,-0.6446502208709717,-0.040283817797899246,-0.335410475730896,0.5298164486885071,2,0.0,0.9987865686416626
4,133,-0.6478769183158875,-0.034834399819374084,-0.3122733533382416,0.5595299601554871,2,0.0,0.9991535544395447
4,134,-0.6508799195289612,-0.029093420132994652,-0.2905809283256531,0.5878538489341736,4,5.0,0.9996088147163391
4,135,-0.6515374183654785,-0.01977849192917347,0.10518479347229004,1.1942191123962402,3,2.5,0.9999604225158691
4,136,-0.649469256401062,-0.006289569195359945,0.2841733396053314,1.4677373170852661,0,-5.0,0.9999760389328003
4,137,-0.6488871574401855,0.0048943571746349335,-0.11287577450275421,0.8543084859848022,4,5.0,0.999717116355896
4,138,-0.6478292346000671,0.01681862398982048,0.27141904830932617,1.4483873844146729,0,-5.0,0.9992239475250244
4,139,-0.6473606824874878,0.027857495471835136,-0.12350966036319733,0.8418433666229248,4,5.0,0.9984238743782043
4,140,-0.646396815776825,0.0397007055580616,0.2625277638435364,1.4418272972106934,0,-5.0,0.9974271655082703
4,141,-0.6460034251213074,0.05072328448295593,-0.13035684823989868,0.8423334956169128,4,5.0,0.9960801601409912
4,142,-0.6450988054275513,0.062608502805233,0.25690919160842896,1.4471007585525513,0,-5.0,0.9945632219314575
4,143,-0.6447482109069824,0.07373460382223129,-0.13396424055099487,0.85492342710495,0,-5.0,0.9937238693237305
4,144,-0.6481320261955261,0.07922196388244629,-0.49451005458831787,0.3113722503185272,0,-5.0,0.9936761260032654
4,145,-0.6549639105796814,0.07952286303043365,-0.8275824785232544,-0.1890307068824768,2,0.0,0.9938669800758362
4,146,-0.6628556847572327,0.07831360399723053,-0.7615031003952026,-0.07537392526865005,1,-2.5,0.9941389560699463
4,147,-0.6711797118186951,0.07655763626098633,-0.8875600695610046,-0.25751960277557373,2,0.0,0.9944202303886414
4,148,-0.6796467304229736,0.07469774782657623,-0.8171390295028687,-0.137620210647583,1,-2.5,0.9947656393051147
4,149,-0.6885051727294922,0.0723487138748169,-0.939266562461853,-0.31433406472206116,0,-5.0,0.9955554604530334
4,150,-0.6995993256568909,0.06666765362024307,-1.2397005558013916,-0.7660000324249268,0,-5.0,0.9967904686927795
4,151,-0.7135739922523499,0.05665288493037224,-1.5182278156280518,-1.1851022243499756,2,0.0,0.9978936910629272
4,152,-0.7280882000923157,0.04589473083615303,-1.401751160621643,-0.9972955584526062,2,0.0,0.998636782169342
4,153,-0.7414903044700623,0.03692181408405304,-1.2943925857543945,-0.8250405788421631,2,0.0,0.9991246461868286
4,154,-0.753867506980896,0.029586704447865486,-1.1954456567764282,-0.6670213937759399,2,0.0,0.9994357228279114
4,155,-0.7653000354766846,0.023754792287945747,-1.1042388677597046,-0.5219825506210327,1,-2.5,0.9996882677078247
4,156,-0.7769294381141663,0.017655763775110245,-1.2078590393066406,-0.6784070134162903,2,0.0,0.9998631477355957
4,157,-0.7884852886199951,0.011697853915393353,-1.116307020187378,-0.53460693359375,1,-2.5,0.9999701976776123
4,158,-0.8002351522445679,0.005459082778543234,-1.2196658849716187,-0.6924881935119629,0,-5.0,0.9999843835830688
4,159,-0.8140451312065125,-0.003950240556150675,-1.5033669471740723,-1.129711627960205,2,0.0,0.9997965097427368
4,160,-0.8284382224082947,-0.014264136552810669,-1.390737771987915,-0.9567461013793945,2,0.0,0.9994737505912781
4,161,-0.8417571187019348,-0.02294047176837921,-1.2870872020721436,-0.7991763949394226,0,-5.0,0.9988831281661987
4,162,-0.8562228083610535,-0.033419933170080185,-1.5670510530471802,-1.2348215579986572,2,0.0,0.9979934692382812
4,163,-0.8712366819381714,-0.04479430988430977,-1.4511276483535767,-1.0613722801208496,2,0.0,0.9970263242721558
4,164,-0.8851456642150879,-0.05453122407197952,-1.3445466756820679,-0.9040875434875488,2,0.0,0.9960582256317139
4,165,-0.8980387449264526,-0.0627833902835846,-1.246531367301941,-0.7615171670913696,4,5.0,0.9955901503562927
4,166,-0.9078657627105713,-0.06640644371509552,-0.7817039489746094,-0.0552247017621994,0,-5.0,0.9951218366622925
4,167,-0.9175074100494385,-0.06984399259090424,-1.1012241840362549,-0.5573538541793823,3,2.5,0.9946450591087341
4,168,-0.9270128607749939,-0.07317731529474258,-0.8351412415504456,-0.15839476883411407,3,2.5,0.9947143793106079
4,169,-0.9339727759361267,-0.07270247489213943,-0.589222252368927,0.20904722809791565,0,-5.0,0.9945783615112305
4,170,-0.9417731761932373,-0.07363177090883255,-0.9233320951461792,-0.3162345290184021,4,5.0,0.994665265083313
4,171,-0.9485126733779907,-0.07303920388221741,-0.4836401343345642,0.34935200214385986,4,5.0,0.9956339597702026
4,172,-0.951041579246521,-0.06607590615749359,-0.07665868103504181,0.9649370908737183,0,-5.0,0.9964273571968079
4,173,-0.9539318084716797,-0.059771519154310226,-0.44883066415786743,0.38191497325897217,2,0.0,0.996890664100647
4,174,-0.9582523107528687,-0.055761419236660004,-0.41825541853904724,0.420071542263031,2,0.0,0.9973598122596741
4,175,-0.962278425693512,-0.05138261988759041,-0.3897486627101898,0.45566675066947937,2,0.0,0.9978229403495789
4,176,-0.9660298228263855,-0.04665874317288399,-0.36313796043395996,0.4890200197696686,2,0.0,0.9982685446739197
4,177,-0.9695244431495667,-0.041610393673181534,-0.3382653594017029,0.5204253792762756,2,0.0,0.9986855387687683
4,178,-0.9727790355682373,-0.0362553671002388,-0.31498581171035767,0.5501536130905151,2,0.0,0.9990630745887756
4,179,-0.9758085012435913,-0.0306088887155056,-0.2931661307811737,0.5784547924995422,4,5.0,0.9995424747467041
4,180,-0.9764913320541382,-0.021389223635196686,0.10269646346569061,1.1847116947174072,1,-2.5,0.9998724460601807
4,181,-0.9765837788581848,-0.011292778886854649,-0.09368588030338287,0.8787009716033936,4,5.0,0.9999992847442627
4,182,-0.9753483533859253,0.0008347668335773051,0.28837311267852783,1.4668782949447632,0,-5.0,0.9998555183410645
4,183,-0.9747235774993896,0.012019257992506027,-0.10865786671638489,0.8545576930046082,4,5.0,0.9994261264801025
4,184,-0.9736227989196777,0.02395499125123024,0.27563658356666565,1.4496686458587646,0,-5.0,0.9987738132476807
4,185,-0.9731108546257019,0.03501703590154648,-0.11920344829559326,0.8444437980651855,4,5.0,0.9978009462356567
4,186,-0.9721037149429321,0.046894025057554245,0.2667584717273712,1.445250153541565,0,-5.0,0.9966403841972351
4,187,-0.9716665744781494,0.057962458580732346,-0.12596723437309265,0.8472927808761597,4,5.0,0.9951134324073792
4,188,-0.9707182049751282,0.06990387290716171,0.2611469626426697,1.452675223350525,0,-5.0,0.9934230446815491
4,189,-0.970323383808136,0.08109866082668304,-0.12949582934379578,0.8622615337371826,0,-5.0,0.9924877882003784
4,190,-0.9736602902412415,0.08667290210723877,-0.4897826910018921,0.32054680585861206,1,-2.5,0.9921296834945679
4,191,-0.979378879070282,0.08871487528085709,-0.6356098055839539,0.10950866341590881,1,-2.5,0.9921241998672485
4,192,-0.9864927530288696,0.08874578773975372,-0.7704020738601685,-0.08427684009075165,1,-2.5,0.9924437403678894
4,193,-0.994897186756134,0.08692673593759537,-0.8951379060745239,-0.2626507878303528,2,0.0,0.9927686452865601
4,194,-1.0034329891204834,0.08503741025924683,-0.8236799836158752,-0.13968460261821747,1,-2.5,0.9931620359420776
4,195,-1.0123491287231445,0.08269184082746506,-0.9446755647659302,-0.3129429221153259,0,-5.0,0.9940631985664368
4,196,-1.0234895944595337,0.0770505741238594,-1.2439178228378296,-0.7608473300933838,0,-5.0,0.9954960346221924
4,197,-1.0374993085861206,0.06711168587207794,-1.5213956832885742,-1.1764535903930664,4,5.0,0.9964309334754944
4,198,-1.0499088764190674,0.05974138155579567,-1.0295281410217285,-0.4089919328689575,2,0.0,0.9968154430389404
4,199,-1.059741497039795,0.05643179640173912,-0.949280321598053,-0.27640271186828613,2,0.0,0.9970417022705078
4,200,-1.0688068866729736,0.054390229284763336,-0.8751789331436157,-0.15373268723487854,1,-2.5,0.9973084926605225
4,201,-1.0782299041748047,0.051879800856113434,-0.9941861033439636,-0.3289555609226227,2,0.0,0.9975661039352417
4,202,-1.0877270698547363,0.04933448135852814,-0.9169431328773499,-0.20211546123027802,2,0.0,0.9976957440376282
4,203,-1.0964854955673218,0.04800276458263397,-0.845596432685852,-0.08470615744590759,1,-2.5,0.9978700280189514
4,204,-1.105628252029419,0.04615138843655586,-0.9671873450279236,-0.2649197578430176,2,0.0,0.9980446696281433
4,205,-1.1148688793182373,0.044219184666872025,-0.892234742641449,-0.142429918050766,1,-2.5,0.9982515573501587
4,206,-1.1244596242904663,0.04181414097547531,-1.0105557441711426,-0.31822139024734497,2,0.0,0.998449981212616
4,207,-1.1341171264648438,0.039370033890008926,-0.9325682520866394,-0.19169782102108002,2,0.0,0.9985456466674805
4,208,-1.143028974533081,0.03813593089580536,-0.860535204410553,-0.07468676567077637,1,-2.5,0.9986767768859863
4,209,-1.1523189544677734,0.036376360803842545,-0.981576144695282,-0.2556215524673462,2,0.0,0.9988076686859131
4,210,-1.1617008447647095,0.034530073404312134,-0.906020998954773,-0.1336330771446228,1,-2.5,0.9989628791809082
4,211,-1.1714277267456055,0.0322042740881443,-1.0238617658615112,-0.31021648645401,2,0.0,0.9991100430488586
4,212,-1.1812162399291992,0.029832670465111732,-0.9453465938568115,-0.18428918719291687,1,-2.5,0.9992700219154358
4,213,-1.191321611404419,0.027017561718821526,-1.0605072975158691,-0.357488751411438,2,0.0,0.9994149208068848
4,214,-1.2014631032943726,0.024188419803977013,-0.9795054197311401,-0.22850301861763,2,0.0,0.9994896650314331
4,215,-1.2108302116394043,0.022591136395931244,-0.9047112464904785,-0.10948501527309418,1,-2.5,0.9995803833007812
4,216,-1.220549464225769,0.020484313368797302,-1.0233168601989746,-0.2891107201576233,2,0.0,0.9996649622917175
4,217,-1.2303375005722046,0.018303336575627327,-0.9454275965690613,-0.16588200628757477,1,-2.5,0.9997550249099731
4,218,-1.2404485940933228,0.01565157063305378,-1.0612183809280396,-0.3418427109718323,2,0.0,0.999832034111023
4,219,-1.2506011724472046,0.012959822081029415,-0.9807347059249878,-0.21534442901611328,2,0.0,0.9998683333396912
4,220,-1.2599843740463257,0.011475524865090847,-0.9064198136329651,-0.09873948246240616,1,-2.5,0.9999105334281921
4,221,-1.269724726676941,0.00945736002177,-1.0255039930343628,-0.28081798553466797,2,0.0,0.999946117401123
4,222,-1.2795380353927612,0.007341649848967791,-0.9480141997337341,-0.15985454618930817,1,-2.5,0.9999775886535645
4,223,-1.2896784543991089,0.0047323270700871944,-1.0642026662826538,-0.3381112515926361,2,0.0,0.999995768070221
4,224,-1.2998640537261963,0.0020608738996088505,-0.9840569496154785,-0.21377408504486084,2,0.0,0.9999996423721313
4,225,-1.3092833757400513,0.0005754344165325165,-0.9100589156150818,-0.09929940849542618,1,-2.5,0.9999978542327881
4,226,-1.3190630674362183,-0.0014652261743322015,-1.0294510126113892,-0.28351515531539917,2,0.0,0.9999868869781494
4,227,-1.32891845703125,-0.003624425735324621,-0.9522347450256348,-0.1646241694688797,1,-2.5,0.9999603629112244
4,228,-1.3391036987304688,-0.006297968793660402,-1.0686842203140259,-0.34494826197624207,2,0.0,0.9999180436134338
4,229,-1.3493365049362183,-0.009054213762283325,-0.9887811541557312,-0.22265976667404175,2,0.0,0.999886691570282
4,230,-1.3588056564331055,-0.010644989088177681,-0.9150165319442749,-0.11023573577404022,1,-2.5,0.9998358488082886
4,231,-1.3686373233795166,-0.012811345979571342,-1.0346192121505737,-0.2964669466018677,2,0.0,0.9997714757919312
4,232,-1.3785467147827148,-0.015116706490516663,-0.9576181769371033,-0.17963963747024536,1,-2.5,0.9996775388717651
4,233,-1.3887879848480225,-0.017956817522644997,-1.0742530822753906,-0.3619730770587921,2,0.0,0.9995631575584412
4,234,-1.3990788459777832,-0.020900312811136246,-0.9945557713508606,-0.241789773106575,2,0.0,0.9994847178459167
4,235,-1.4086079597473145,-0.022699646651744843,-0.9209954738616943,-0.1315000057220459,1,-2.5,0.9993702173233032
4,236,-1.418501615524292,-0.02509545348584652,-1.0407565832138062,-0.31976795196533203,2,0.0,0.9992353916168213
4,237,-1.4284746646881104,-0.027651680633425713,-0.9639590978622437,-0.20514896512031555,2,0.0,0.9991521835327148
4,238,-1.4377137422561646,-0.029116801917552948,-0.8930610418319702,-0.09999874234199524,1,-2.5,0.9990248680114746
4,239,-1.4473422765731812,-0.031226860359311104,-1.0152324438095093,-0.29291805624961853,2,0.0,0.9988749027252197
4,240,-1.45707368850708,-0.03354237601161003,-0.9406852722167969,-0.18271300196647644,1,-2.5,0.9986709952354431
4,241,-1.4671599864959717,-0.036455731838941574,-1.0594978332519531,-0.37111324071884155,2,0.0,0.9984371066093445
4,242,-1.477317214012146,-0.03953349217772484,-0.9819175004959106,-0.2570618689060211,2,0.0,0.9982754588127136
4,243,-1.486733078956604,-0.04152731969952583,-0.9103274941444397,-0.1527000516653061,1,-2.5,0.9980486631393433
4,244,-1.49653160572052,-0.044173840433359146,-1.031795859336853,-0.3463413119316101,2,0.0,0.997787594795227
4,245,-1.5064270496368408,-0.047036051750183105,-0.9567224383354187,-0.23735471069812775,2,0.0,0.9976124167442322
4,246,-1.5156049728393555,-0.048862941563129425,-0.8874393105506897,-0.13771584630012512,4,5.0,0.9978421330451965
4,247,-1.521986722946167,-0.04645301029086113,-0.44840121269226074,0.5316970348358154,3,2.5,0.9984573721885681
4,248,-1.5252304077148438,-0.03927605226635933,-0.22953711450099945,0.8622642755508423,3,2.5,0.9991635084152222
4,249,-1.5263751745224,-0.02892259508371353,-0.026563327759504318,1.1695970296859741,3,2.5,0.9997563362121582
4,250,-1.5255718231201172,-0.015609335154294968,0.16184218227863312,1.4562010765075684,0,-5.0,0.9999799728393555
4,251,-1.5261638164520264,-0.004475175868719816,-0.22642512619495392,0.8549567461013794,3,2.5,0.9999656081199646
4,252,-1.5272645950317383,0.005865772720426321,-0.021812744438648224,1.1702983379364014,3,2.5,0.9996297359466553
4,253,-1.5264028310775757,0.019243117421865463,0.16793927550315857,1.464333176612854,0,-5.0,0.9990689158439636
4,254,-1.5269238948822021,0.0305140670388937,-0.21908648312091827,0.8703867793083191,3,2.5,0.998313844203949
4,255,-1.5279417037963867,0.0410628505051136,-0.013414798304438591,1.1924933195114136,0,-5.0,0.997522234916687
4,256,-1.5301889181137085,0.049777038395404816,-0.38545313477516174,0.6253101825714111,1,-2.5,0.9970049858093262
4,257,-1.5349258184432983,0.05472685769200325,-0.541431188583374,0.3925614655017853,2,0.0,0.9965066313743591
4,258,-1.540087342262268,0.059104565531015396,-0.4979625940322876,0.46792763471603394,3,2.5,0.9956628084182739
4,259,-1.5437650680541992,0.06585709005594254,-0.27017566561698914,0.8279248476028442,2,0.0,0.99446040391922
4,260,-1.5463262796401978,0.07442829757928848,-0.24658043682575226,0.8744240403175354,2,0.0,0.9930338859558105
4,261,-1.5486584901809692,0.08346326649188995,-0.22436080873012543,0.920089066028595,2,0.0,0.991359293460846
4,262,-1.5507749319076538,0.09295526146888733,-0.20339888334274292,0.9651690721511841,0,-5.0,0.9900731444358826
4,263,-1.554813027381897,0.0996336117386818,-0.5571988821029663,0.43583279848098755,2,0.0,0.989073634147644
4,264,-1.5601087808609009,0.1045292317867279,-0.5104312300682068,0.5228180885314941,2,0.0,0.9878401160240173
4,265,-1.564955234527588,0.11027195304632187,-0.46695852279663086,0.6054664254188538,2,0.0,0.9863526225090027
4,266,-1.5693838596343994,0.11682188510894775,-0.42650166153907776,0.6843299269676208,2,0.0,0.9845882058143616
4,267,-1.573423147201538,0.12414438277482986,-0.3888055384159088,0.7599178552627563,0,-5.0,0.9833676815032959
4,268,-1.5792169570922852,0.12896640598773956,-0.7258924245834351,0.26266518235206604,0,-5.0,0.9833467602729797
4,269,-1.588234543800354,0.12904733419418335,-1.0373579263687134,-0.19452586770057678,0,-5.0,0.9844356179237366
4,270,-1.6002352237701416,0.12475720047950745,-1.3257452249526978,-0.6165475249290466,0,-5.0,0.9864461421966553
4,271,-1.6150017976760864,0.11642099171876907,-1.5932817459106445,-1.0076699256896973,3,2.5,0.988074541091919
4,272,-1.6291550397872925,0.10920384526252747,-1.2823772430419922,-0.5135818123817444,0,-5.0,0.9896297454833984
4,273,-1.64351487159729,0.10183451324701309,-1.5543644428253174,-0.9145762920379639,0,-5.0,0.9917892813682556
4,274,-1.6604849100112915,0.0906129702925682,-1.8069030046463013,-1.287266731262207,0,-5.0,0.9942540526390076
4,275,-1.679880976676941,0.0758020430803299,-2.0416882038116455,-1.6348795890808105,0,-5.0,0.9966781735420227
4,276,-1.7015337944030762,0.05763542652130127,-2.2601583003997803,-1.9601420164108276,3,2.5,0.9982981085777283
4,277,-1.7220875024795532,0.041253771632909775,-1.9009579420089722,-1.3982653617858887,3,2.5,0.9990857839584351
4,278,-1.739203929901123,0.03023645095527172,-1.5688531398773193,-0.8801379203796387,0,-5.0,0.9996303915977478
4,279,-1.756346583366394,0.01922517456114292,-1.8250203132629395,-1.2710063457489014,3,2.5,0.9999116659164429
4,280,-1.7727423906326294,0.00939748715609312,-1.49941086769104,-0.7659014463424683,0,-5.0,0.9999997019767761
4,281,-1.7892287969589233,-0.0005546718020923436,-1.7619061470031738,-1.1698075532913208,0,-5.0,0.9997929334640503
4,282,-1.8082318305969238,-0.014390549622476101,-2.0052084922790527,-1.545701265335083,3,2.5,0.9992762207984924
4,283,-1.8263646364212036,-0.02690325491130352,-1.6676729917526245,-1.0273596048355103,3,2.5,0.9988112449645996
4,284,-1.8412718772888184,-0.034478239715099335,-1.356223702430725,-0.5511695146560669,4,5.0,0.9987137317657471
4,285,-1.852133870124817,-0.03586447983980179,-0.8809992074966431,0.17652036249637604,0,-5.0,0.998640239238739
4,286,-1.862716794013977,-0.03687477484345436,-1.192012906074524,-0.30860185623168945,2,0.0,0.9984601736068726
4,287,-1.8741427659988403,-0.03924088925123215,-1.1045103073120117,-0.17929568886756897,4,5.0,0.9986248016357422
4,288,-1.88259756565094,-0.03708361089229584,-0.6484826803207397,0.5180498361587524,0,-5.0,0.9987866878509521
4,289,-1.8909549713134766,-0.03483298793435097,-0.976958155632019,0.00589839369058609,3,2.5,0.9989408254623413
4,290,-1.8992539644241333,-0.0325450599193573,-0.7178167104721069,0.40036681294441223,2,0.0,0.9992089867591858
4,291,-1.9061384201049805,-0.028124934062361717,-0.6655920147895813,0.4761032462120056,0,-5.0,0.9993099570274353
4,292,-1.914656400680542,-0.026268674060702324,-0.992424488067627,-0.032310131937265396,3,2.5,0.9994077682495117
4,293,-1.9230995178222656,-0.024336421862244606,-0.7316039800643921,0.366138756275177,2,0.0,0.9995905160903931
4,294,-1.930112600326538,-0.020234981551766396,-0.6779100298881531,0.4453948438167572,0,-5.0,0.9996516108512878
4,295,-1.9387458562850952,-0.018665065988898277,-1.0034754276275635,-0.05996861681342125,3,2.5,0.9997113943099976
4,296,-1.947291612625122,-0.016987983137369156,-0.7413803935050964,0.341659277677536,2,0.0,0.9998281002044678
4,297,-1.9543954133987427,-0.013111921027302742,-0.6865640878677368,0.4237661063671112,2,0.0,0.9999287128448486
4,298,-1.960972785949707,-0.008443942293524742,-0.6356489658355713,0.5004632472991943,0,-5.0,0.9999598860740662
4,299,-1.9691970348358154,-0.0063314540311694145,-0.9638237357139587,-0.007210247218608856,3,2.5,0.9999829530715942
4,300,-1.9773578643798828,-0.00413044448941946,-0.7040095329284668,0.3928394317626953,2,0.0,0.9999999403953552
4,301,-1.9840987920761108,0.00025551673024892807,-0.6513165235519409,0.47363871335983276,0,-5.0,0.9999954700469971
4,302,-1.9924696683883667,0.00212509511038661,-0.9778734445571899,-0.030241146683692932,3,2.5,0.999983012676239
4,303,-2.0007615089416504,0.004119975958019495,-0.7165566086769104,0.37340885400772095,2,0.0,0.9999305605888367
4,304,-2.0076191425323486,0.008334329351782799,-0.6624935269355774,0.4575669467449188,0,-5.0,0.9998986721038818
4,305,-2.0160939693450928,0.010064922273159027,-0.9877758026123047,-0.04310598969459534,3,2.5,0.9998571872711182
4,306,-2.02447772026062,0.01195138692855835,-0.7253130674362183,0.363491952419281,2,0.0,0.99974125623703
4,307,-2.031416177749634,0.016085989773273468,-0.6701889038085938,0.45046520233154297,0,-5.0,0.9996843934059143
4,308,-2.039961099624634,0.017764799296855927,-0.9944534301757812,-0.04741474241018295,3,2.5,0.9996148347854614
4,309,-2.048405408859253,0.019625579938292503,-0.7311156392097473,0.36165425181388855,2,0.0,0.999435544013977
4,310,-2.055396556854248,0.023758942261338234,-0.6751635670661926,0.45105549693107605,0,-5.0,0.9993517398834229
4,311,-2.06398606300354,0.02546129934489727,-0.9985981583595276,-0.04430271312594414,3,2.5,0.9992509484291077
4,312,-2.072467565536499,0.027368642389774323,-0.7345927357673645,0.3668941259384155,2,0.0,0.9990033507347107
4,313,-2.079488754272461,0.031570062041282654,-0.6779880523681641,0.45845937728881836,0,-5.0,0.9988868832588196
4,314,-2.088101625442505,0.03336329758167267,-1.0007249116897583,-0.034527357667684555,3,2.5,0.9987480640411377
4,315,-2.0966007709503174,0.03538253903388977,-0.7362118363380432,0.37855514883995056,2,0.0,0.9984226822853088
4,316,-2.1036338806152344,0.03971539065241814,-0.6790852546691895,0.47211840748786926,0,-5.0,0.9982642531394958
4,317,-2.112253189086914,0.041661929339170456,-1.001211404800415,-0.01854211464524269,3,2.5,0.9980767965316772
4,318,-2.1207540035247803,0.04385438561439514,-0.7363165020942688,0.3962603509426117,2,0.0,0.9976595044136047
4,319,-2.1277856826782227,0.04837879538536072,-0.6787648797035217,0.4917345643043518,0,-5.0,0.997445821762085
4,320,-2.1363978385925293,0.05053870379924774,-1.0003290176391602,0.0034498609602451324,3,2.5,0.9971948266029358
4,321,-2.1448869705200195,0.052964065223932266,-0.7351540327072144,0.41986244916915894,2,0.0,0.9966661930084229
4,322,-2.1519038677215576,0.05773913487792015,-0.6772487163543701,0.517224907875061,0,-5.0,0.9963793158531189
4,323,-2.160496711730957,0.060172222554683685,-0.9982664585113525,0.03145591914653778,3,2.5,0.9960447549819946
4,324,-2.1689631938934326,0.06289054453372955,-0.7328982949256897,0.44940829277038574,2,0.0,0.9953792095184326
4,325,-2.175954580307007,0.067976213991642,-0.6746916174888611,0.5486898422241211,2,0.0,0.9945203065872192
4,326,-2.182387351989746,0.07402481883764267,-0.6206231117248535,0.6423600912094116,0,-5.0,0.9939616918563843
4,327,-2.1904296875,0.07770666480064392,-0.944675087928772,0.1549617201089859,0,-5.0,0.9941117167472839
4,328,-2.2015719413757324,0.07673496007919312,-1.2441834211349487,-0.2941335141658783,0,-5.0,0.9948927164077759
4,329,-2.215583324432373,0.07146529108285904,-1.5214474201202393,-0.7093203067779541,0,-5.0,0.9961296319961548
4,330,-2.232252359390259,0.06221245229244232,-1.7785009145736694,-1.0944774150848389,0,-5.0,0.9975739121437073
4,331,-2.2513885498046875,0.049255672842264175,-2.0171124935150146,-1.4529695510864258,3,2.5,0.9985727667808533
4,332,-2.2696146965026855,0.03777873516082764,-1.6760644912719727,-0.9200263023376465,0,-5.0,0.9993002414703369
4,333,-2.287780523300171,0.026453139260411263,-1.9237604141235352,-1.2966033220291138,3,2.5,0.9997295141220093
4,334,-2.305119514465332,0.016445821151137352,-1.5904476642608643,-0.7785959839820862,0,-5.0,0.9999585151672363
4,335,-2.322474718093872,0.006439299322664738,-1.8457344770431519,-1.1702821254730225,0,-5.0,0.9999462366104126
4,336,-2.342277765274048,-0.007334146182984114,-2.0824122428894043,-1.5348925590515137,3,2.5,0.9996128678321838
4,337,-2.361146926879883,-0.019675515592098236,-1.7387198209762573,-1.005924940109253,3,2.5,0.9992722868919373
4,338,-2.3767311573028564,-0.026975883170962334,-1.4215149879455566,-0.5196653604507446,4,5.0,0.999216616153717
4,339,-2.3882148265838623,-0.027988869696855545,-0.9408745169639587,0.21769854426383972,4,5.0,0.9995183944702148
4,340,-2.395097494125366,-0.02194579876959324,-0.49629390239715576,0.8994641900062561,3,2.5,0.9998787045478821
4,341,-2.3987886905670166,-0.011012645438313484,-0.27231478691101074,1.2419979572296143,0,-5.0,0.9999970197677612
4,342,-2.4035356044769287,-0.001727343536913395,-0.6278108358383179,0.6919510364532471,2,0.0,0.9999685883522034
4,343,-2.409545660018921,0.005604101810604334,-0.5806901454925537,0.7645857334136963,2,0.0,0.9998138546943665
4,344,-2.415102005004883,0.013643606565892696,-0.5367335677146912,0.833462655544281,0,-5.0,0.999636709690094
4,345,-2.422370433807373,0.019060205668210983,-0.8711428642272949,0.3196372091770172,2,0.0,0.999477207660675
4,346,-2.430701732635498,0.022864695638418198,-0.8047065138816833,0.4251229465007782,2,0.0,0.9992334246635437
4,347,-2.4383957386016846,0.02768688090145588,-0.743064284324646,0.5238035321235657,0,-5.0,0.9990898370742798
4,348,-2.4476335048675537,0.03016899712383747,-1.061156988143921,0.03735373914241791,3,2.5,0.9989148378372192
4,349,-2.456712484359741,0.032941821962594986,-0.7922428250312805,0.45679929852485657,0,-5.0,0.9987891912460327
4,350,-2.4664180278778076,0.03479638695716858,-1.1063166856765747,-0.022593744099140167,3,2.5,0.9986304640769958
4,351,-2.4759275913238525,0.03700679540634155,-0.8338170051574707,0.4030071794986725,2,0.0,0.9982651472091675
4,352,-2.4838948249816895,0.04165121167898178,-0.7692860960960388,0.5082367062568665,0,-5.0,0.9980620741844177
4,353,-2.493377208709717,0.04402218386530876,-1.084514856338501,0.028555747121572495,3,2.5,0.9978150129318237
4,354,-2.5026745796203613,0.04674411937594414,-0.8132752180099487,0.45346611738204956,2,0.0,0.9973068237304688
4,355,-2.510441780090332,0.051896099001169205,-0.7498142719268799,0.5584892630577087,2,0.0,0.99662846326828
4,356,-2.517599582672119,0.05806514620780945,-0.6908773183822632,0.6573171019554138,0,-5.0,0.9961673021316528
4,357,-2.526323080062866,0.06190871074795723,-1.010857105255127,0.17324993014335632,0,-5.0,0.9962631464004517
4,358,-2.538107395172119,0.061129748821258545,-1.3065826892852783,-0.2729082703590393,0,-5.0,0.9968549609184265
4,359,-2.5527241230010986,0.056080810725688934,-1.5802847146987915,-0.6854116320610046,0,-5.0,0.9977839589118958
4,360,-2.5699644088745117,0.04707479849457741,-1.8339483737945557,-1.068039059638977,0,-5.0,0.9988173246383667
4,361,-2.5896382331848145,0.03438985347747803,-2.069308042526245,-1.4240862131118774,0,-5.0,0.9996660351753235
4,362,-2.6115715503692627,0.01827405020594597,-2.2878589630126953,-1.7563906908035278,0,-5.0,0.9999988675117493
4,363,-2.635603189468384,-0.0010502132354304194,-2.490877628326416,-2.067368984222412,0,-5.0,0.9994532465934753
4,364,-2.6615846157073975,-0.023382272571325302,-2.679442882537842,-2.3590636253356934,0,-5.0,0.9976438879966736
4,365,-2.68937611579895,-0.04853973165154457,-2.8544623851776123,-2.6331894397735596,0,-5.0,0.9941698312759399
4,366,-2.718846082687378,-0.07635548710823059,-3.0166947841644287,-2.891184091567993,3,2.5,0.9896437525749207
4,367,-2.7466790676116943,-0.1017656996846199,-2.606020212173462,-2.271754503250122,2,0.0,0.9848848581314087
4,368,-2.7716598510742188,-0.12294375151395798,-2.4152016639709473,-1.994849681854248,0,-5.0,0.9790434837341309
4,369,-2.7969419956207275,-0.14476369321346283,-2.6122236251831055,-2.315497875213623,1,-2.5,0.9717531800270081
4,370,-2.8230533599853516,-0.16806796193122864,-2.6087355613708496,-2.3325679302215576,1,-2.5,0.9632973670959473
4,371,-2.8491363525390625,-0.19157931208610535,-2.6061904430389404,-2.354578733444214,0,-5.0,0.9529419541358948
4,372,-2.8762454986572266,-0.21692880988121033,-2.788120746612549,-2.6592979431152344,4,5.0,0.9429001808166504
4,373,-2.9009315967559814,-0.23895572125911713,-2.2248470783233643,-1.8446141481399536,0,-5.0,0.9326615929603577
4,374,-2.9243974685668945,-0.25949639081954956,-2.435669183731079,-2.1966538429260254,4,5.0,0.923109769821167
4,375,-2.945758819580078,-0.27729088068008423,-1.906457781791687,-1.4475611448287964,0,-5.0,0.9135121703147888
4,376,-2.9661779403686523,-0.29408809542655945,-2.1406190395355225,-1.8365683555603027,0,-5.0,0.9010111093521118
4,377,-2.9888312816619873,-0.3146250247955322,-2.356096029281616,-2.1987075805664062,3,2.5,-2.1116838455200195
5,1,0.18534645438194275,0.1350950002670288,-0.1081254780292511,-0.06852065026760101,0,-5.0,0.9827134013175964
5,2,0.18224875628948212,0.13147860765457153,-0.4650396406650543,-0.5940525531768799,3,2.5,0.9836965799331665
5,3,0.17890428006649017,0.1276848465204239,-0.23775678873062134,-0.22651079297065735,3,2.5,0.9837651252746582
5,4,0.17773649096488953,0.1274162381887436,-0.02736223116517067,0.11482493579387665,2,0.0,0.983409583568573
5,5,0.1775248646736145,0.1288037896156311,-0.0187405776232481,0.14729373157024384,2,0.0,0.982966423034668
5,6,0.1773962825536728,0.1305127739906311,-0.010693724267184734,0.17909635603427887,2,0.0,0.9824338555335999
5,7,0.1773453950881958,0.13253743946552277,-0.0031638783402740955,0.21036912500858307,1,-2.5,0.9822431802749634
5,8,0.17630940675735474,0.13325487077236176,-0.1820736527442932,-0.04327837750315666,4,5.0,0.9813929796218872
5,9,0.17673395574092865,0.13640764355659485,0.210251122713089,0.5769743323326111,0,-5.0,0.9806667566299438
5,10,0.17668595910072327,0.1390441507101059,-0.17013412714004517,0.016121208667755127,4,5.0,0.9796117544174194
5,11,0.17722515761852264,0.1427873969078064,0.22125083208084106,0.6353306770324707,0,-5.0,0.9786790013313293
5,12,0.1772867888212204,0.1460171490907669,-0.1592870056629181,0.07575222849845886,2,0.0,0.9783526659011841
5,13,0.17581860721111298,0.1471303552389145,-0.13996128737926483,0.1273135393857956,2,0.0,0.9778738617897034
5,14,0.17453588545322418,0.14874854683876038,-0.1220201849937439,0.17693449556827545,2,0.0,0.9772430658340454
5,15,0.17342552542686462,0.15085405111312866,-0.10533930361270905,0.22487886250019073,1,-2.5,0.9769501090049744
5,16,0.17142067849636078,0.15182192623615265,-0.2752612233161926,-0.01158718392252922,4,5.0,0.9758619666099548
5,17,0.17095334827899933,0.15536431968212128,0.12378716468811035,0.6201037168502808,0,-5.0,0.9748654961585999
5,18,0.17009052634239197,0.15853862464427948,-0.24814751744270325,0.07662442326545715,2,0.0,0.9744836688041687
5,19,0.16777567565441132,0.1597381830215454,-0.22165633738040924,0.14092378318309784,2,0.0,0.9738965630531311
5,20,0.16571494936943054,0.1615656167268753,-0.19707810878753662,0.2024940848350525,1,-2.5,0.9736289381980896
5,21,0.16283713281154633,0.16239172220230103,-0.35937604308128357,-0.020325232297182083,4,5.0,0.972474992275238
5,22,0.16156402230262756,0.165906623005867,0.04571981728076935,0.6211346983909607,0,-5.0,0.9713813662528992
5,23,0.15996107459068298,0.1691702902317047,-0.3192605972290039,0.09079161286354065,2,0.0,0.9709044694900513
5,24,0.15696871280670166,0.1705741137266159,-0.2870377004146576,0.16533134877681732,2,0.0,0.9701730012893677
5,25,0.15428541600704193,0.17270487546920776,-0.25714465975761414,0.2365412563085556,1,-2.5,0.9697469472885132
5,26,0.15083812177181244,0.1739339679479599,-0.4141412079334259,0.02392258308827877,4,5.0,0.9683403372764587
5,27,0.14903981983661652,0.17793148756027222,-0.005279455333948135,0.6716165542602539,0,-5.0,0.9669612050056458
5,28,0.14695701003074646,0.18176580965518951,-0.3651411533355713,0.15203285217285156,2,0.0,0.9662061929702759
5,29,0.1435292363166809,0.18383099138736725,-0.329003244638443,0.23429661989212036,1,-2.5,0.9657351970672607
5,30,0.1393994688987732,0.1851075291633606,-0.4798346757888794,0.03316941112279892,4,5.0,0.96418696641922
5,31,0.13697092235088348,0.18924324214458466,-0.0664559006690979,0.6881157159805298,0,-5.0,0.9626299142837524
5,32,0.13431042432785034,0.1933133900165558,-0.42049989104270935,0.18019676208496094,2,0.0,0.9616963863372803
5,33,0.13035589456558228,0.195713073015213,-0.3798205852508545,0.27094200253486633,0,-5.0,0.9616506695747375
5,34,0.1246991753578186,0.19582988321781158,-0.7099535465240479,-0.1993391364812851,0,-5.0,0.9633462429046631
5,35,0.11587885767221451,0.19145189225673676,-1.0159356594085693,-0.6332429647445679,0,-5.0,0.9665428400039673
5,36,0.10412143170833588,0.18291309475898743,-1.3002324104309082,-1.035516619682312,0,-5.0,0.9709281921386719
5,37,0.08963102102279663,0.17050451040267944,-1.5649420022964478,-1.410178780555725,2,0.0,0.9751358032226562
5,38,0.07469777017831802,0.15768395364284515,-1.4416338205337524,-1.1971499919891357,4,5.0,0.9774649143218994
5,39,0.06305409222841263,0.15011700987815857,-0.9566394686698914,-0.43409520387649536,2,0.0,0.9784936308860779
5,40,0.05394966900348663,0.14665058255195618,-0.8780626654624939,-0.29161664843559265,2,0.0,0.9791041612625122
5,41,0.04559716582298279,0.14455385506153107,-0.8053953051567078,-0.15859182178974152,0,-5.0,0.9802566766738892
5,42,0.03582768142223358,0.14051099121570587,-1.1095775365829468,-0.6014652848243713,3,2.5,0.9812118411064148
5,43,0.026311976835131645,0.13706982135772705,-0.8342368006706238,-0.15954121947288513,0,-5.0,0.9823063611984253
5,44,0.016261473298072815,0.13301759958267212,-1.1369870901107788,-0.6018385887145996,3,2.5,0.9832082986831665
5,45,0.006482183467596769,0.12958283722400665,-0.8596791625022888,-0.15759843587875366,0,-5.0,0.9842376112937927
5,46,-0.0038166758604347706,0.12554827332496643,-1.161230444908142,-0.5996461510658264,3,2.5,0.9850810170173645
5,47,-0.013829302042722702,0.12214329838752747,-0.8822034001350403,-0.15348626673221588,0,-5.0,0.9860413670539856
5,48,-0.024348441511392593,0.11814665794372559,-1.182749629020691,-0.5955423712730408,3,2.5,0.986823558807373
5,49,-0.034568388015031815,0.11478866636753082,-0.902219295501709,-0.14780637621879578,0,-5.0,0.9877135157585144
5,50,-0.04528362676501274,0.11084447056055069,-1.2019213438034058,-0.5900729298591614,3,2.5,0.9884340167045593
5,51,-0.055688485503196716,0.10754542797803879,-0.9200758337974548,-0.141059011220932,0,-5.0,0.9892538785934448
5,52,-0.06657899916172028,0.10366349667310715,-1.2190682888031006,-0.5836935639381409,3,2.5,0.9899136424064636
5,53,-0.07714945077896118,0.10043107718229294,-0.9360711574554443,-0.1336607187986374,0,-5.0,0.9906651377677917
5,54,-0.0881972536444664,0.09661730378866196,-1.2344657182693481,-0.576784610748291,3,2.5,0.9912660717964172
5,55,-0.09891659766435623,0.09345558285713196,-0.9504592418670654,-0.1259576976299286,0,-5.0,0.9919517040252686
5,56,-0.11010612547397614,0.08971250057220459,-1.2483489513397217,-0.5696632862091064,3,2.5,0.9924965500831604
5,57,-0.12095991522073746,0.08662251383066177,-0.9634580612182617,-0.11823835968971252,0,-5.0,0.9931192994117737
5,58,-0.1322776973247528,0.08294996619224548,-1.2609206438064575,-0.562595784664154,3,2.5,0.9936111569404602
5,59,-0.14325344562530518,0.07993023842573166,-0.975254237651825,-0.11074404418468475,0,-5.0,0.9941744208335876
5,60,-0.15468783676624298,0.07632573693990707,-1.2723544836044312,-0.5558053851127625,2,0.0,0.9948542714118958
5,61,-0.166839599609375,0.07173381000757217,-1.1732088327407837,-0.3917943835258484,2,0.0,0.9952788949012756
5,62,-0.178043395280838,0.06871022284030914,-1.0816432237625122,-0.24006035923957825,2,0.0,0.9954922795295715
5,63,-0.1883714348077774,0.0671394020318985,-0.9970423579216003,-0.09944572299718857,0,-5.0,0.9959505796432495
5,64,-0.20002120733261108,0.06363483518362045,-1.2934696674346924,-0.5458263158798218,2,0.0,0.9965029358863831
5,65,-0.21237951517105103,0.05913620814681053,-1.1932940483093262,-0.3820103704929352,3,2.5,0.9966538548469543
5,66,-0.22271393239498138,0.057845909148454666,-0.9133704304695129,0.05816294997930527,0,-5.0,0.9968815445899963
5,67,-0.23356734216213226,0.055843401700258255,-1.216709852218628,-0.4004886746406555,3,2.5,0.9970429539680481
5,68,-0.24412691593170166,0.05437888950109482,-0.9351474046707153,0.041789889335632324,0,-5.0,0.9972730875015259
5,69,-0.25519055128097534,0.05221978947520256,-1.2371011972427368,-0.4153459072113037,3,2.5,0.9974381327629089
5,70,-0.2659464478492737,0.05061476677656174,-0.9541410803794861,0.02862062305212021,0,-5.0,0.9976643323898315
5,71,-0.2771937847137451,0.04832875728607178,-1.254933476448059,-0.4273897707462311,3,2.5,0.9978275895118713
5,72,-0.2881215810775757,0.046609215438365936,-0.9707804322242737,0.01790928840637207,0,-5.0,0.9980446696281433
5,73,-0.2995302081108093,0.04421893134713173,-1.2705990076065063,-0.4372982680797577,3,2.5,0.998201847076416
5,74,-0.3106093406677246,0.04240439832210541,-0.985427975654602,0.009028751403093338,0,-5.0,0.9984058737754822
5,75,-0.32216018438339233,0.039926543831825256,-1.2844294309616089,-0.44564318656921387,1,-2.5,0.9987931847572327
5,76,-0.33550769090652466,0.0347389355301857,-1.3736213445663452,-0.5772685408592224,2,0.0,0.9991041421890259
5,77,-0.34864377975463867,0.02993086911737919,-1.2687731981277466,-0.41040828824043274,3,2.5,0.9991956353187561
5,78,-0.35971012711524963,0.02836184948682785,-0.9843195676803589,0.03288444131612778,0,-5.0,0.9993190765380859
5,79,-0.3712569773197174,0.02609448879957199,-1.2842974662780762,-0.4256402850151062,3,2.5,0.9994057416915894
5,80,-0.38247331976890564,0.024377193301916122,-0.9988477230072021,0.018651049584150314,0,-5.0,0.9995173215866089
5,81,-0.39416101574897766,0.021969478577375412,-1.2979800701141357,-0.43922343850135803,1,-2.5,0.9997169971466064
5,82,-0.40764567255973816,0.016822747886180878,-1.3871350288391113,-0.5735815167427063,2,0.0,0.9998552799224854
5,83,-0.42091795802116394,0.012030081823468208,-1.2821463346481323,-0.40914416313171387,3,2.5,0.9998907446861267
5,84,-0.43211886286735535,0.01045309565961361,-0.9975111484527588,0.0318782776594162,0,-5.0,0.9999335408210754
5,85,-0.44379979372024536,0.008151001296937466,-1.2975517511367798,-0.4296132028102875,3,2.5,0.999959409236908
5,86,-0.45514965057373047,0.006372849456965923,-1.0119532346725464,0.012320052832365036,0,-5.0,0.9999849796295166
5,87,-0.4669705629348755,0.003877313109114766,-1.3111366033554077,-0.4484860897064209,1,-2.5,0.9999980926513672
5,88,-0.48058846592903137,-0.0013853908749297261,-1.4002633094787598,-0.5855715274810791,2,0.0,0.9999600648880005
5,89,-0.49399352073669434,-0.006320856045931578,-1.2952170372009277,-0.42378655076026917,3,2.5,0.9999349117279053
5,90,-0.5053268074989319,-0.008067597635090351,-1.0105490684509277,0.01452171802520752,0,-5.0,0.9998883008956909
5,91,-0.5171399712562561,-0.010567340068519115,-1.3105913400650024,-0.44978857040405273,1,-2.5,0.999748170375824
5,92,-0.5307584404945374,-0.015868598595261574,-1.4005016088485718,-0.5902618169784546,2,0.0,0.9995641708374023
5,93,-0.5441716313362122,-0.020876353606581688,-1.2962018251419067,-0.43184617161750793,2,0.0,0.9994057416915894
5,94,-0.5565884709358215,-0.02437753416597843,-1.199999451637268,-0.2866606116294861,2,0.0,0.9992979168891907
5,95,-0.568085789680481,-0.02649642527103424,-1.1112056970596313,-0.15341228246688843,1,-2.5,0.9991594552993774
5,96,-0.5798017978668213,-0.028992481529712677,-1.216874599456787,-0.32049936056137085,2,0.0,0.9990110993385315
5,97,-0.5914624929428101,-0.03144696354866028,-1.1270688772201538,-0.18641434609889984,1,-2.5,0.9988254904747009
5,98,-0.6033322215080261,-0.03427101671695709,-1.2317906618118286,-0.3527733087539673,2,0.0,0.9986274838447571
5,99,-0.6151379346847534,-0.03704795613884926,-1.1411585807800293,-0.21824418008327484,2,0.0,0.9985143542289734
5,100,-0.6260772943496704,-0.03854423388838768,-1.0574790239334106,-0.09483880549669266,1,-2.5,0.9983589053153992
5,101,-0.6372835040092468,-0.04051024466753006,-1.167763590812683,-0.27078941464424133,2,0.0,0.9981920123100281
5,102,-0.6484789848327637,-0.04252076894044876,-1.0822832584381104,-0.14516153931617737,1,-2.5,0.9979767799377441
5,103,-0.6599240303039551,-0.044980358332395554,-1.1908963918685913,-0.3191204071044922,2,0.0,0.9977468848228455
5,104,-0.6713427901268005,-0.047467123717069626,-1.1039326190948486,-0.19191962480545044,2,0.0,0.9976240992546082
5,105,-0.6819301247596741,-0.04874355345964432,-1.0236297845840454,-0.07534725964069366,1,-2.5,0.9974443316459656
5,106,-0.6928160190582275,-0.05055386573076248,-1.136932373046875,-0.25741302967071533,2,0.0,0.9972469806671143
5,107,-0.7037206292152405,-0.052469201385974884,-1.0543309450149536,-0.13780006766319275,1,-2.5,0.9969871044158936
5,108,-0.7149017453193665,-0.054890017956495285,-1.1655036211013794,-0.317126601934433,2,0.0,0.9967061877250671
5,109,-0.7260816693305969,-0.05739165097475052,-1.0810067653656006,-0.19529294967651367,2,0.0,0.9965502023696899
5,110,-0.7364538311958313,-0.05873502045869827,-1.0029865503311157,-0.08380430936813354,1,-2.5,0.996320366859436
5,111,-0.7471456527709961,-0.060659829527139664,-1.118291974067688,-0.270374059677124,2,0.0,0.9960642457008362
5,112,-0.7578760385513306,-0.06273553520441055,-1.0376644134521484,-0.15540599822998047,3,2.5,0.9961465001106262
5,113,-0.7667695879936218,-0.06207635998725891,-0.7758338451385498,0.23839518427848816,1,-2.5,0.9962871074676514
5,114,-0.7752879858016968,-0.060933344066143036,-0.9082881808280945,0.02500656247138977,0,-5.0,0.9959705471992493
5,115,-0.7861400246620178,-0.06347793340682983,-1.2181609869003296,-0.46159330010414124,3,2.5,0.9956751465797424
5,116,-0.7967618107795715,-0.06576377898454666,-0.942868709564209,-0.047281309962272644,0,-5.0,0.995236873626709
5,117,-0.8079463243484497,-0.0690152496099472,-1.2502961158752441,-0.5307099223136902,3,2.5,0.9948185086250305
5,118,-0.8188785314559937,-0.07198262959718704,-0.9729899168014526,-0.11431269347667694,3,2.5,0.9949626922607422
5,119,-0.8271575570106506,-0.07097402960062027,-0.7166562080383301,0.2693897485733032,0,-5.0,0.9949285984039307
5,120,-0.8361774682998657,-0.07121394574642181,-1.0411720275878906,-0.2409149706363678,4,5.0,0.9951300621032715
5,121,-0.8440436720848083,-0.06978518515825272,-0.5924354791641235,0.4391080141067505,4,5.0,0.9961751699447632
5,122,-0.8476119637489319,-0.06184513494372368,-0.176998108625412,1.0683802366256714,1,-2.5,0.9972130060195923
5,123,-0.8503953814506531,-0.05279187858104706,-0.35407984256744385,0.7864398956298828,2,0.0,0.9979943037033081
5,124,-0.8538052439689636,-0.044784899801015854,-0.3301171064376831,0.8155765533447266,4,5.0,0.9988979697227478
5,125,-0.8548481464385986,-0.03319700434803963,0.06767144054174423,1.4224196672439575,0,-5.0,0.9994997978210449
5,126,-0.8563469648361206,-0.022365471348166466,-0.31419944763183594,0.8285985589027405,4,5.0,0.9998873472213745
5,127,-0.857227087020874,-0.01061395276337862,0.08380097150802612,1.4395933151245117,0,-5.0,0.9999998211860657
5,128,-0.8585644960403442,0.0004135483468417078,-0.29839518666267395,0.8484416604042053,4,5.0,0.9998463988304138
5,129,-0.8592842221260071,0.012393910437822342,0.09962259232997894,1.4630358219146729,0,-5.0,0.9994390606880188
5,130,-0.8604620099067688,0.023684559389948845,-0.2826469838619232,0.8753147125244141,4,5.0,0.9987068176269531
5,131,-0.8610230088233948,0.03596094623208046,0.11517690122127533,1.492929458618164,0,-5.0,0.9977357387542725
5,132,-0.8620421290397644,0.047584082931280136,-0.26690325140953064,0.9094566106796265,4,5.0,0.9963728189468384
5,133,-0.8624456524848938,0.060225874185562134,0.13049384951591492,1.5294737815856934,0,-5.0,0.9947794675827026
5,134,-0.8633068203926086,0.07225324213504791,-0.2511194944381714,0.9511358141899109,3,2.5,0.9929954409599304
5,135,-0.864618718624115,0.08369331806898117,-0.04154478758573532,1.2848628759384155,1,-2.5,0.9909605979919434
5,136,-0.8660500645637512,0.09507574141025543,-0.22140207886695862,1.0212665796279907,3,2.5,0.988502025604248
5,137,-0.8670719265937805,0.10722844302654266,-0.01344987191259861,1.3553194999694824,1,-2.5,0.9857571721076965
5,138,-0.8682239055633545,0.11934323608875275,-0.19392640888690948,1.0949842929840088,0,-5.0,0.9837754368782043
5,139,-0.8721559643745422,0.12737563252449036,-0.5461390614509583,0.5736603736877441,1,-2.5,0.9825584888458252
5,140,-0.878395140171051,0.1320662498474121,-0.6850770115852356,0.3803580105304718,0,-5.0,0.9822297096252441
5,141,-0.8870200514793396,0.13330525159835815,-0.9992876052856445,-0.0803266167640686,1,-2.5,0.9826388359069824
5,142,-0.8975954651832581,0.13176178932189941,-1.1040698289871216,-0.22051902115345,2,0.0,0.9829697012901306
5,143,-0.9081169962882996,0.13050001859664917,-1.015150785446167,-0.06461440771818161,1,-2.5,0.9833284020423889
5,144,-0.918845534324646,0.12911847233772278,-1.1189314126968384,-0.20375031232833862,2,0.0,0.9836083054542542
5,145,-0.9295101761817932,0.12803010642528534,-1.0290030241012573,-0.04664747416973114,1,-2.5,0.9839135408401489
5,146,-0.9403725862503052,0.12683244049549103,-1.1319087743759155,-0.18486060202121735,1,-2.5,0.9845453500747681
5,147,-0.9522212147712708,0.12431660294532776,-1.2272627353668213,-0.311754047870636,2,0.0,0.9850645065307617
5,148,-0.9639249444007874,0.12221089750528336,-1.129474401473999,-0.14327089488506317,1,-2.5,0.985575795173645
5,149,-0.9757522940635681,0.12010063230991364,-1.225290060043335,-0.2716386616230011,2,0.0,0.9859841465950012
5,150,-0.987438440322876,0.11838863790035248,-1.1277979612350464,-0.10415787994861603,1,-2.5,0.9863901734352112
5,151,-0.9992513656616211,0.11666116863489151,-1.2239701747894287,-0.233703151345253,2,0.0,0.986700713634491
5,152,-1.0109256505966187,0.11532260477542877,-1.1266999244689941,-0.0670117661356926,1,-2.5,0.9870131015777588
5,153,-1.022729516029358,0.11396005749702454,-1.223138689994812,-0.19747000932693481,2,0.0,0.9872357249259949
5,154,-1.0343966484069824,0.11297929286956787,-1.1260287761688232,-0.03137682378292084,1,-2.5,0.987463116645813
5,155,-1.0461950302124023,0.11196823418140411,-1.2226587533950806,-0.16250978410243988,1,-2.5,0.9879645109176636
5,156,-1.0589194297790527,0.10970646888017654,-1.312170147895813,-0.2829296886920929,2,0.0,0.9883527755737305
5,157,-1.0714406967163086,0.10792236030101776,-1.2086007595062256,-0.10751225799322128,1,-2.5,0.9887228608131409
5,158,-1.0840322971343994,0.10619386285543442,-1.2993977069854736,-0.23055967688560486,2,0.0,0.9889917969703674
5,159,-1.0964322090148926,0.10491993278265,-1.1969081163406372,-0.057257603853940964,1,-2.5,0.9892503023147583
5,160,-1.1089130640029907,0.10368077456951141,-1.2887531518936157,-0.18239665031433105,1,-2.5,0.9897489547729492
5,161,-1.1222740411758423,0.10124742984771729,-1.3738425970077515,-0.29740309715270996,2,0.0,0.9901303648948669
5,162,-1.1353884935379028,0.0993458554148674,-1.2660025358200073,-0.1165628433227539,1,-2.5,0.990484356880188
5,163,-1.1485334634780884,0.0975480005145073,-1.3530386686325073,-0.23525212705135345,2,0.0,0.9907361268997192
5,164,-1.1614500284194946,0.09624887257814407,-1.2468876838684082,-0.05749049782752991,1,-2.5,0.9909704923629761
5,165,-1.1744133234024048,0.09502355754375458,-1.3355287313461304,-0.17913685739040375,1,-2.5,0.9914183616638184
5,166,-1.1882259845733643,0.09263705462217331,-1.4176430702209473,-0.2909877896308899,2,0.0,0.9917526245117188
5,167,-1.2017627954483032,0.09081504493951797,-1.3068721294403076,-0.10680107772350311,1,-2.5,0.992056667804718
5,168,-1.2153027057647705,0.08912547677755356,-1.3913646936416626,-0.22297251224517822,2,0.0,0.9922628402709961
5,169,-1.2285889387130737,0.08796115964651108,-1.2826887369155884,-0.04246877133846283,1,-2.5,0.9924494624137878
5,170,-1.241898775100708,0.08689390122890472,-1.3691495656967163,-0.1621130406856537,1,-2.5,0.9928285479545593
5,171,-1.2560367584228516,0.08468448370695114,-1.4492286443710327,-0.2721489667892456,2,0.0,0.993101179599762
5,172,-1.2698785066604614,0.08305921405553818,-1.3364161252975464,-0.08589871227741241,1,-2.5,0.9933441281318665
5,173,-1.2837047576904297,0.08158355206251144,-1.4191559553146362,-0.20062626898288727,2,0.0,0.9934957027435303
5,174,-1.2972596883773804,0.08064912259578705,-1.308711051940918,-0.018426870927214622,1,-2.5,0.9936278462409973
5,175,-1.310821771621704,0.07982568442821503,-1.3936570882797241,-0.1369190365076065,1,-2.5,0.9939361214637756
5,176,-1.3251975774765015,0.077871173620224,-1.472312569618225,-0.24589689075946808,2,0.0,0.9941458106040955
5,177,-1.3392627239227295,0.076512910425663,-1.358052134513855,-0.05834576487541199,1,-2.5,0.9943276643753052
5,178,-1.3532990217208862,0.07531482726335526,-1.4395536184310913,-0.1722145676612854,1,-2.5,0.9946667551994324
5,179,-1.368116021156311,0.07302901893854141,-1.5150424242019653,-0.2770509719848633,0,-5.0,0.995362401008606
5,180,-1.384722352027893,0.06810005009174347,-1.772284984588623,-0.6620861291885376,3,2.5,0.995852530002594
5,181,-1.4005976915359497,0.0644007995724678,-1.4487485885620117,-0.15368656814098358,1,-2.5,0.9961203932762146
5,182,-1.415507435798645,0.062286265194416046,-1.5241732597351074,-0.26015666127204895,0,-5.0,0.9966925978660583
5,183,-1.432206392288208,0.057510197162628174,-1.7814806699752808,-0.6471939086914062,0,-5.0,0.9975968599319458
5,184,-1.4513719081878662,0.0490216501057148,-2.0199480056762695,-1.0061436891555786,4,5.0,0.9980936646461487
5,185,-1.4685572385787964,0.043661706149578094,-1.490971326828003,-0.18341287970542908,1,-2.5,0.9982993006706238
5,186,-1.4838802814483643,0.041239798069000244,-1.5644067525863647,-0.29008749127388,0,-5.0,0.9986932277679443
5,187,-1.5009745359420776,0.036148954182863235,-1.8200920820236206,-0.6782393455505371,0,-5.0,0.9992528557777405
5,188,-1.5205193758010864,0.027333978563547134,-2.056997060775757,-1.0383731126785278,3,2.5,0.9996000528335571
5,189,-1.539132833480835,0.019999004900455475,-1.7135846614837646,-0.5046045184135437,0,-5.0,0.9998356103897095
5,190,-1.5576649904251099,0.012820676900446415,-1.9593812227249146,-0.8810144662857056,0,-5.0,0.9999958872795105
5,191,-1.5785531997680664,0.0020265334751456976,-2.187168598175049,-1.2308504581451416,3,2.5,0.9999483227729797
5,192,-1.5984218120574951,-0.007189005147665739,-1.8351365327835083,-0.6874881982803345,0,-5.0,0.9997386932373047
5,193,-1.6181285381317139,-0.016164269298315048,-2.073241710662842,-1.0562365055084229,3,2.5,0.9994363784790039
5,194,-1.636913776397705,-0.02374078892171383,-1.7307182550430298,-0.5303514003753662,0,-5.0,0.999023973941803
5,195,-1.6556267738342285,-0.031241033226251602,-1.9774327278137207,-0.9147493243217468,0,-5.0,0.9981993436813354
5,196,-1.676703929901123,-0.042434435337781906,-2.2059030532836914,-1.2721368074417114,3,2.5,0.9972822070121765
5,197,-1.696770191192627,-0.05213232710957527,-1.8549939393997192,-0.7378004789352417,0,-5.0,0.9961968660354614
5,198,-1.7166820764541626,-0.06166926026344299,-2.093488931655884,-1.1134382486343384,0,-5.0,0.9944022297859192
5,199,-1.7388789653778076,-0.07481835037469864,-2.3142852783203125,-1.463118314743042,4,5.0,0.9928118586540222
5,200,-1.7589335441589355,-0.08478282392024994,-1.7703559398651123,-0.6377870440483093,0,-5.0,0.9912724494934082
5,201,-1.778044581413269,-0.093421570956707,-2.0162463188171387,-1.0288647413253784,3,2.5,0.9898149967193604
5,202,-1.796322226524353,-0.10092078894376755,-1.6834098100662231,-0.5318573117256165,1,-2.5,0.9885622262954712
5,203,-1.8135427236557007,-0.10694768279790878,-1.749576449394226,-0.6488335132598877,0,-5.0,0.9866045713424683
5,204,-1.8324596881866455,-0.1157386377453804,-1.9975333213806152,-1.0456019639968872,3,2.5,0.9847553372383118
5,205,-1.8505709171295166,-0.12346930056810379,-1.6680091619491577,-0.5582598447799683,1,-2.5,0.9831505417823792
5,206,-1.8676514625549316,-0.1298055648803711,-1.7362518310546875,-0.6815524101257324,0,-5.0,0.9806905388832092
5,207,-1.8864450454711914,-0.13895855844020844,-1.9855605363845825,-1.0827796459197998,2,0.0,0.9778764843940735
5,208,-1.9055123329162598,-0.1487397700548172,-1.8447519540786743,-0.8888486623764038,4,5.0,0.9764458537101746
5,209,-1.9211268424987793,-0.1534736305475235,-1.3443137407302856,-0.14780071377754211,4,5.0,0.9771583080291748
5,210,-1.9319539070129395,-0.15113471448421478,-0.881650984287262,0.534747302532196,4,5.0,0.9797629714012146
5,211,-1.9383454322814941,-0.1422569751739502,-0.4526103734970093,1.1669161319732666,1,-2.5,0.9825368523597717
5,212,-1.9437880516052246,-0.13214831054210663,-0.6114178895950317,0.9029942750930786,2,0.0,0.9848842024803162
5,213,-1.9496924877166748,-0.12294630706310272,-0.572285532951355,0.9431468844413757,0,-5.0,0.9864047169685364
5,214,-1.9573379755020142,-0.11659876257181168,-0.9082173705101013,0.4100940227508545,1,-2.5,0.9870644211769104
5,215,-1.967141032218933,-0.11373471468687057,-1.0328644514083862,0.20147305727005005,2,0.0,0.9876244068145752
5,216,-1.9770762920379639,-0.11124562472105026,-0.9616878628730774,0.2934916913509369,2,0.0,0.9883623719215393
5,217,-1.9863288402557373,-0.1078776940703392,-0.8956461548805237,0.3780629634857178,1,-2.5,0.988905668258667
5,218,-1.9960087537765503,-0.1053294986486435,-1.0209298133850098,0.1695852279663086,1,-2.5,0.9890208840370178
5,219,-2.006887912750244,-0.10478127002716064,-1.1368098258972168,-0.02416646108031273,0,-5.0,0.9883955121040344
5,220,-2.0199382305145264,-0.10772410035133362,-1.430660605430603,-0.49105408787727356,2,0.0,0.9874805808067322
5,221,-2.033679962158203,-0.11189021170139313,-1.3294541835784912,-0.35216692090034485,2,0.0,0.9868343472480774
5,222,-2.046454668045044,-0.11474159359931946,-1.2360820770263672,-0.22595542669296265,3,2.5,0.9868276119232178
5,223,-2.0572762489318848,-0.11477111279964447,-0.9634366631507874,0.17469607293605804,1,-2.5,0.98695307970047
5,224,-2.067607879638672,-0.11422324925661087,-1.083956241607666,-0.027404794469475746,0,-5.0,0.9862539768218994
5,225,-2.0801539421081543,-0.11724356561899185,-1.3819013833999634,-0.5015213489532471,2,0.0,0.9852221012115479
5,226,-2.093432903289795,-0.12156430631875992,-1.284921407699585,-0.37071606516838074,2,0.0,0.9844627380371094
5,227,-2.105785369873047,-0.12464859336614609,-1.1954654455184937,-0.2521275281906128,3,2.5,0.9843777418136597
5,228,-2.1162240505218506,-0.1249890998005867,-0.9266949892044067,0.1405911147594452,1,-2.5,0.9844197034835815
5,229,-2.126207113265991,-0.12482105195522308,-1.0503158569335938,-0.0675748735666275,4,5.0,0.9851676821708679
5,230,-2.1341962814331055,-0.12178809195756912,-0.6061276793479919,0.5938452482223511,0,-5.0,0.9858596920967102
5,231,-2.142167329788208,-0.11891292035579681,-0.939704954624176,0.06447108834981918,1,-2.5,0.9857223629951477
5,232,-2.152273178100586,-0.11948898434638977,-1.0621522665023804,-0.14113785326480865,4,5.0,0.9862712025642395
5,233,-2.160372018814087,-0.11716976016759872,-0.6165236830711365,0.5237035751342773,4,5.0,0.9882316589355469
5,234,-2.1642003059387207,-0.10848215967416763,-0.203549325466156,1.1393004655838013,1,-2.5,0.9902448654174805
5,235,-2.167250633239746,-0.09876805543899536,-0.3801061809062958,0.8521943092346191,3,2.5,0.9921618103981018
5,236,-2.1698646545410156,-0.0885336846113205,-0.16966189444065094,1.1607717275619507,1,-2.5,0.9938220977783203
5,237,-2.1725847721099854,-0.07859950512647629,-0.3481543958187103,0.8731790781021118,3,2.5,0.9953576326370239
5,238,-2.174882650375366,-0.06813489645719528,-0.13871097564697266,1.1838300228118896,1,-2.5,0.9966405034065247
5,239,-2.1773011684417725,-0.057960908859968185,-0.3188322186470032,0.8963883519172668,3,2.5,0.9977681040763855
5,240,-2.1793086528778076,-0.047242701053619385,-0.11025705933570862,1.2092658281326294,0,-5.0,0.9985218644142151
5,241,-2.1825149059295654,-0.038446590304374695,-0.47930312156677246,0.6333631277084351,1,-2.5,0.9988771080970764
5,242,-2.188185453414917,-0.03350973129272461,-0.6328801512718201,0.3908159136772156,2,0.0,0.9991448521614075
5,243,-2.1942572593688965,-0.029242807999253273,-0.587084949016571,0.4564831852912903,0,-5.0,0.9992362260818481
5,244,-2.202023983001709,-0.02763628400862217,-0.91986083984375,-0.061257462948560715,3,2.5,0.999321699142456
5,245,-2.209773063659668,-0.02604394406080246,-0.6645736694335938,0.3284245431423187,2,0.0,0.9994997382164001
5,246,-2.2161455154418945,-0.022366931661963463,-0.616009533405304,0.3994942009449005,2,0.0,0.9996758103370667
5,247,-2.2220511436462402,-0.01800457388162613,-0.5708853602409363,0.4658360183238983,0,-5.0,0.9997344017028809
5,248,-2.229659080505371,-0.01629711128771305,-0.9043834209442139,-0.05144800618290901,3,2.5,0.9997869729995728
5,249,-2.237255334854126,-0.014595781452953815,-0.6495926976203918,0.3392844498157501,2,0.0,0.9998833537101746
5,250,-2.2434797286987305,-0.010799763724207878,-0.6015428900718689,0.41131293773651123,2,0.0,0.99996018409729
5,251,-2.249242067337036,-0.006308330688625574,-0.5568929314613342,0.4786894619464874,0,-5.0,0.999980092048645
5,252,-2.256711721420288,-0.0044619012624025345,-0.8908783197402954,-0.03764139115810394,3,2.5,0.9999932050704956
5,253,-2.2641735076904297,-0.0026100168470293283,-0.6364443898200989,0.35438352823257446,2,0.0,0.999998152256012
5,254,-2.2702670097351074,0.0013494410086423159,-0.5887500643730164,0.4276888966560364,2,0.0,0.9999638199806213
5,255,-2.275902271270752,0.0060175321996212006,-0.5444255471229553,0.4964101016521454,0,-5.0,0.9999351501464844
5,256,-2.283247709274292,0.008054576814174652,-0.8786997199058533,-0.018491599708795547,3,2.5,0.9998977780342102
5,257,-2.290587902069092,0.010111844167113304,-0.6245273351669312,0.37501955032348633,2,0.0,0.9997957348823547
5,258,-2.2965619564056396,0.014292075298726559,-0.5770660638809204,0.4498920738697052,0,-5.0,0.9997471570968628
5,259,-2.3042166233062744,0.015900442376732826,-0.9084276556968689,-0.05922681838274002,3,2.5,0.99969083070755
5,260,-2.311837911605835,0.017583247274160385,-0.6516395211219788,0.3394620716571808,2,0.0,0.999540388584137
5,261,-2.318068742752075,0.02143874019384384,-0.6017600893974304,0.41918107867240906,2,0.0,0.9993206262588501
5,262,-2.3238205909729004,0.02606528252363205,-0.5554273128509521,0.4940236806869507,0,-5.0,0.9992091059684753
5,263,-2.3312628269195557,0.028122832998633385,-0.8877080082893372,-0.014593072235584259,3,2.5,0.9990844130516052
5,264,-2.338681936264038,0.03025856241583824,-0.6319064497947693,0.38432615995407104,2,0.0,0.9988048076629639
5,265,-2.344719171524048,0.03457162529230118,-0.5828648209571838,0.46465781331062317,0,-5.0,0.9986771941184998
5,266,-2.35241961479187,0.03637005016207695,-0.9125489592552185,-0.03853876516222954,3,2.5,0.9985334277153015
5,267,-2.3600735664367676,0.03829587250947952,-0.6545259952545166,0.36494410037994385,2,0.0,0.9981985092163086
5,268,-2.366323709487915,0.04244380444288254,-0.6033841967582703,0.4497050642967224,0,-5.0,0.998053252696991
5,269,-2.3742170333862305,0.044121816754341125,-0.9310088753700256,-0.048971619457006454,3,2.5,0.9978869557380676
5,270,-2.382044792175293,0.045967552810907364,-0.6712833642959595,0.35818254947662354,2,0.0,0.997492790222168
5,271,-2.388453245162964,0.050071995705366135,-0.6185044646263123,0.4466005563735962,0,-5.0,0.9973224997520447
5,272,-2.3964877128601074,0.05174437165260315,-0.9444712400436401,-0.04818649962544441,3,2.5,0.9971250891685486
5,273,-2.404442071914673,0.053618405014276505,-0.6834410429000854,0.36198484897613525,2,0.0,0.9966612458229065
5,274,-2.410963535308838,0.05778184160590172,-0.6293767690658569,0.45351022481918335,0,-5.0,0.9964542388916016
5,275,-2.419098377227783,0.059546422213315964,-0.9539796113967896,-0.03779527544975281,3,2.5,0.9962125420570374
5,276,-2.4271414279937744,0.06154218316078186,-0.6919525265693665,0.37491780519485474,2,0.0,0.9956632852554321
5,277,-2.433741569519043,0.06585386395454407,-0.6368693709373474,0.4691747725009918,2,0.0,0.9949477910995483
5,278,-2.439812421798706,0.0710790827870369,-0.585719883441925,0.5580230951309204,2,0.0,0.9940451383590698
5,279,-2.44539213180542,0.077167809009552,-0.5381708741188049,0.6421093940734863,0,-5.0,0.9934713244438171
5,280,-2.452643632888794,0.08079997450113297,-0.8681498765945435,0.1461854875087738,0,-5.0,0.9936483502388
5,281,-2.463052272796631,0.07969708740711212,-1.1731470823287964,-0.31077712774276733,0,-5.0,0.9944912791252136
5,282,-2.476381540298462,0.07422066479921341,-1.4555145502090454,-0.7332776188850403,0,-5.0,0.995815098285675
5,283,-2.4924182891845703,0.06469052284955978,-1.7173285484313965,-1.1252772808074951,0,-5.0,0.997359037399292
5,284,-2.5109682083129883,0.05139020085334778,-1.9603891372680664,-1.4902026653289795,0,-5.0,0.9988047480583191
5,285,-2.5318520069122314,0.034572161734104156,-2.186236619949341,-1.8309779167175293,0,-5.0,0.9997908473014832
5,286,-2.554905414581299,0.014462519437074661,-2.3961739540100098,-2.150070905685425,0,-5.0,0.9999237060546875
5,287,-2.5799760818481445,-0.008734628558158875,-2.5912930965423584,-2.44954514503479,0,-5.0,0.9987866282463074
5,288,-2.6069202423095703,-0.03483352065086365,-2.7725014686584473,-2.731112480163574,1,-2.5,0.9961537718772888
5,289,-2.634535789489746,-0.062018055468797684,-2.753045082092285,-2.7070395946502686,1,-2.5,0.9920763969421387
5,290,-2.6619713306427,-0.08901475369930267,-2.735825777053833,-2.6905605792999268,0,-5.0,0.9861865639686584
5,291,-2.69031023979187,-0.11753050982952118,-2.907349109649658,-2.968187093734741,0,-5.0,0.9778780341148376
5,292,-2.7202885150909424,-0.1487344652414322,-3.065532684326172,-3.228890895843506,4,5.0,0.9690113067626953
5,293,-2.7475626468658447,-0.17603600025177002,-2.470731735229492,-2.345198154449463,3,2.5,0.9613535404205322
5,294,-2.770228147506714,-0.19658717513084412,-2.110008716583252,-1.8246426582336426,0,-5.0,0.9529228210449219
5,295,-2.7925944328308105,-0.21697276830673218,-2.329923152923584,-2.1872165203094482,0,-5.0,0.941992461681366
5,296,-2.8170597553253174,-0.24084752798080444,-2.53232741355896,-2.5250139236450195,0,-5.0,0.9281898736953735
5,297,-2.8434536457061768,-0.26797404885292053,-2.7181689739227295,-2.83982253074646,0,-5.0,0.9111176133155823
5,298,-2.871614933013916,-0.29813152551651,-2.8882830142974854,-3.133242607116699,0,-5.0,0.8903634548187256
5,299,-2.9013898372650146,-0.3311139643192291,-3.0434112548828125,-3.4067270755767822,3,2.5,0.8687140941619873
5,300,-2.929615020751953,-0.36233407258987427,-2.654539108276367,-2.890678644180298,4,5.0,0.8499798774719238
5,301,-2.953162431716919,-0.38732439279556274,-2.1255476474761963,-2.1834306716918945,3,2.5,0.8342670798301697
5,302,-2.9726762771606445,-0.4071030616760254,-1.8156100511550903,-1.7990765571594238,3,2.5,-2.1791768074035645
6,1,0.018744125962257385,-0.09402811527252197,0.023650437593460083,-0.05365312099456787,0,-5.0,0.9903938174247742
6,2,0.016807153820991516,-0.0980110689997673,-0.3567107021808624,-0.6523352265357971,2,0.0,0.9890856146812439
6,3,0.013353470712900162,-0.10447189211845398,-0.33507615327835083,-0.634082555770874,2,0.0,0.9877287149429321
6,4,0.010104341432452202,-0.11077569425106049,-0.31540054082870483,-0.6198272705078125,2,0.0,0.9863201975822449
6,5,0.0070410966873168945,-0.11696083098649979,-0.2975257933139801,-0.609300434589386,2,0.0,0.9848554730415344
6,6,0.00414656475186348,-0.12306313961744308,-0.28130781650543213,-0.6022602915763855,2,0.0,0.9833289980888367
6,7,0.0014049408491700888,-0.1291162222623825,-0.26661500334739685,-0.5984899997711182,2,0.0,0.981734037399292
6,8,-0.0011983320582658052,-0.13515162467956543,-0.253327339887619,-0.5977956652641296,2,0.0,0.9800627827644348
6,9,-0.003676673397421837,-0.14119909703731537,-0.24133531749248505,-0.6000047326087952,2,0.0,0.9783065915107727
6,10,-0.006042465567588806,-0.1472867876291275,-0.23053905367851257,-0.6049636006355286,2,0.0,0.9764557480812073
6,11,-0.008307141251862049,-0.1534414291381836,-0.22084732353687286,-0.6125364303588867,2,0.0,0.9744995832443237
6,12,-0.010481273755431175,-0.15968850255012512,-0.21217694878578186,-0.6226040124893188,2,0.0,0.9724265933036804
6,13,-0.012574642896652222,-0.16605237126350403,-0.20445190370082855,-0.6350613236427307,2,0.0,0.9702242612838745
6,14,-0.014596306718885899,-0.17255644500255585,-0.19760273396968842,-0.6498178243637085,2,0.0,0.9678789973258972
6,15,-0.016554666683077812,-0.17922331392765045,-0.19156593084335327,-0.6667949557304382,2,0.0,0.9653761982917786
6,16,-0.01845751889050007,-0.18607482314109802,-0.18628337979316711,-0.6859259605407715,2,0.0,0.9626999497413635
6,17,-0.020312106236815453,-0.193132221698761,-0.18170174956321716,-0.7071545124053955,4,5.0,0.9610939025878906
6,18,-0.020032167434692383,-0.19724638760089874,0.19015741348266602,-0.17324845492839813,4,5.0,0.9614778757095337
6,19,-0.016193930059671402,-0.19627037644386292,0.5340790748596191,0.3175702691078186,2,0.0,0.9624539613723755
6,20,-0.011151734739542007,-0.19376792013645172,0.4849807322025299,0.21377679705619812,0,-5.0,0.9618031978607178
6,21,-0.008673095144331455,-0.19543994963169098,0.07145969569683075,-0.4416455924510956,2,0.0,0.9599058628082275
6,22,-0.008062783628702164,-0.20023518800735474,0.05647335574030876,-0.49384188652038574,2,0.0,0.9577491283416748
6,23,-0.007597438525408506,-0.2055502086877823,0.04240930452942848,-0.545344889163971,2,0.0,0.9553186893463135
6,24,-0.007268360350281,-0.21137942373752594,0.029181644320487976,-0.5963606238365173,4,5.0,0.9539583921432495
6,25,-0.004982661921530962,-0.2145731896162033,0.3832573890686035,-0.09405357390642166,4,5.0,0.9546409249305725
6,26,0.0006926240166649222,-0.2129766345024109,0.7109581232070923,0.367890328168869,2,0.0,0.9558553099632263
6,27,0.007425083313137293,-0.21010644733905792,0.6482995748519897,0.2414252758026123,4,5.0,0.957848846912384
6,28,0.015644406899809837,-0.20530754327774048,0.9572506546974182,0.6763600707054138,4,5.0,0.961452066898346
6,29,0.026830406859517097,-0.1963363140821457,1.2444757223129272,1.0798349380493164,1,-2.5,0.9645662903785706
6,30,0.037637464702129364,-0.18823838233947754,0.9596441388130188,0.6191707849502563,4,5.0,0.9676733016967773
6,31,0.04885764792561531,-0.17979630827903748,1.2484052181243896,1.0289521217346191,3,2.5,0.9714361429214478
6,32,0.061802927404642105,-0.16900843381881714,1.3324779272079468,1.1298458576202393,1,-2.5,0.9742568135261536
6,33,0.07345423847436905,-0.16044677793979645,1.0409533977508545,0.6609135866165161,2,0.0,0.9760432243347168
6,34,0.08336421847343445,-0.15477977693080902,0.9558900594711304,0.5072397589683533,3,2.5,0.9778051972389221
6,35,0.09351504594087601,-0.14897924661636353,1.062677025794983,0.6469009518623352,2,0.0,0.9794220924377441
6,36,0.10363630950450897,-0.14344994723796844,0.9763878583908081,0.49283918738365173,3,2.5,0.9810154438018799
6,37,0.11398869752883911,-0.13778439164161682,1.0823861360549927,0.6332635283470154,2,0.0,0.9824734330177307
6,38,0.1243019625544548,-0.1323878914117813,0.9950239658355713,0.4790254533290863,3,2.5,0.9839088916778564
6,39,0.13483789563179016,-0.1268509328365326,1.1003435850143433,0.6203134655952454,2,0.0,0.9852184653282166
6,40,0.1453264057636261,-0.12157941609621048,1.012041687965393,0.46608325839042664,3,2.5,0.9865064024925232
6,41,0.15603025257587433,-0.11616197973489761,1.1167768239974976,0.6083158850669861,2,0.0,0.9876778721809387
6,42,0.16667941212654114,-0.11100506037473679,1.0276527404785156,0.4542549252510071,3,2.5,0.9888284206390381
6,43,0.17753751575946808,-0.1056957095861435,1.1318836212158203,0.5974976420402527,2,0.0,0.9898714423179626
6,44,0.1883346438407898,-0.10064084082841873,1.0420403480529785,0.4437483251094818,3,2.5,0.9908938407897949
6,45,0.19933520257472992,-0.09542611241340637,1.1458361148834229,0.5880547165870667,2,0.0,0.9918171763420105
6,46,0.2102692425251007,-0.09045888483524323,1.0553642511367798,0.4347439706325531,4,5.0,0.9929962158203125
6,47,0.22246553003787994,-0.08368847519159317,1.3457717895507812,0.8676284551620483,3,2.5,0.9944648146629333
6,48,0.2363830953836441,-0.07439905405044556,1.4280774593353271,0.9817933440208435,3,2.5,0.995903491973877
6,49,0.25109294056892395,-0.06400419771671295,1.5048023462295532,1.0888900756835938,4,5.0,0.9974064230918884
6,50,0.26760801672935486,-0.0509270615875721,1.7638171911239624,1.4785034656524658,0,-5.0,0.9983455538749695
6,51,0.28234243392944336,-0.040674950927495956,1.2541840076446533,0.685450553894043,4,5.0,0.9990125298500061
6,52,0.2964678108692169,-0.031423792243003845,1.53329336643219,1.109933853149414,2,0.0,0.9995425939559937
6,53,0.3111345171928406,-0.021386975422501564,1.4167428016662598,0.925625741481781,3,2.5,0.9998688697814941
6,54,0.3257567882537842,-0.011452256701886654,1.4970993995666504,1.0466161966323853,0,-5.0,0.9999720454216003
6,55,0.33794787526130676,-0.005288681481033564,1.008669137954712,0.2912881672382355,3,2.5,0.9999980330467224
6,56,0.34866976737976074,-0.001401198678649962,1.1204235553741455,0.4630466401576996,2,0.0,0.9999938011169434
6,57,0.3593948483467102,0.002488533267751336,1.0362401008605957,0.33301064372062683,3,2.5,0.9999539256095886
6,58,0.3703837990760803,0.006788766011595726,1.1463342905044556,0.5033945441246033,2,0.0,0.9998772740364075
6,59,0.3813602328300476,0.01107930950820446,1.0606361627578735,0.3722749650478363,3,2.5,0.9997512698173523
6,60,0.3925860822200775,0.015771064907312393,1.1693400144577026,0.5418121814727783,2,0.0,0.9995819330215454
6,61,0.4037863314151764,0.020446516573429108,1.0823918581008911,0.41014790534973145,3,2.5,0.9993488192558289
6,62,0.4152241051197052,0.02551877312362194,1.1899312734603882,0.579288899898529,4,5.0,0.9988529682159424
6,63,0.4287608861923218,0.03386762738227844,1.4773176908493042,1.0267006158828735,0,-5.0,0.9984057545661926
6,64,0.44078150391578674,0.03992811590433121,0.9929555058479309,0.28495389223098755,3,2.5,0.9980780482292175
6,65,0.4513704776763916,0.04384016618132591,1.108148455619812,0.4687170684337616,2,0.0,0.9977079629898071
6,66,0.46199655532836914,0.047875285148620605,1.0273256301879883,0.35084405541419983,3,2.5,0.9972503781318665
6,67,0.47291743755340576,0.052436765283346176,1.1403056383132935,0.5323492288589478,2,0.0,0.9967392683029175
6,68,0.48385491967201233,0.05710262432694435,1.057547926902771,0.41286319494247437,3,2.5,0.9961212873458862
6,69,0.49506837129592896,0.062279459089040756,1.1686723232269287,0.5928318500518799,4,5.0,0.9949827194213867
6,70,0.5084128975868225,0.07083265483379364,1.458983063697815,1.0495665073394775,2,0.0,0.9935207366943359
6,71,0.5224077701568604,0.08049378544092178,1.3532629013061523,0.8977976441383362,3,2.5,0.9918347597122192
6,72,0.5364591479301453,0.09036193788051605,1.4430983066558838,1.0483721494674683,2,0.0,0.9899884462356567
6,73,0.5503101944923401,0.10005773603916168,1.339691400527954,0.9033695459365845,3,2.5,0.9878954887390137
6,74,0.5642378926277161,0.1100207045674324,1.431308388710022,1.0593799352645874,2,0.0,0.9856309294700623
6,75,0.5779843926429749,0.11987108737230301,1.3299343585968018,0.9207813143730164,3,2.5,0.983088493347168
6,76,0.5918245911598206,0.1300441175699234,1.4229944944381714,1.0816726684570312,0,-5.0,0.9812520742416382
6,77,0.6033841967582703,0.13692297041416168,0.9515331387519836,0.38022488355636597,2,0.0,0.980302631855011
6,78,0.612550675868988,0.14034730195999146,0.8878153562545776,0.3035702705383301,3,2.5,0.979071319103241
6,79,0.6221652626991272,0.14466746151447296,1.0147852897644043,0.5188482999801636,1,-2.5,0.9781437516212463
6,80,0.6308847665786743,0.14783857762813568,0.7611790299415588,0.15351273119449615,2,0.0,0.9777575135231018
6,81,0.6382332444190979,0.1491391360759735,0.7122689485549927,0.10119092464447021,2,0.0,0.977514922618866
6,82,0.6451138257980347,0.14995034039020538,0.6670640110969543,0.054719772189855576,0,-5.0,0.9783597588539124
6,83,0.6494511961936951,0.14710627496242523,0.2541998326778412,-0.5527710914611816,2,0.0,0.9799305200576782
6,84,0.6519423723220825,0.14166688919067383,0.24268046021461487,-0.5482974052429199,2,0.0,0.9814304113388062
6,85,0.6543210744857788,0.13627035915851593,0.23174385726451874,-0.5437609553337097,2,0.0,0.9828607439994812
6,86,0.6565930843353271,0.130917027592659,0.22134916484355927,-0.5392165184020996,2,0.0,0.984222948551178
6,87,0.6587635278701782,0.1256066858768463,0.21145839989185333,-0.5347146391868591,2,0.0,0.9855185747146606
6,88,0.6608371734619141,0.12033864110708237,0.2020362913608551,-0.5303018689155579,2,0.0,0.9867492914199829
6,89,0.6628186702728271,0.11511176079511642,0.19305004179477692,-0.5260212421417236,2,0.0,0.9879165887832642
6,90,0.6647120118141174,0.10992453247308731,0.18446920812129974,-0.5219123959541321,2,0.0,0.9890221953392029
6,91,0.6665212512016296,0.10477503389120102,0.1762654036283493,-0.5180124044418335,2,0.0,0.990067720413208
6,92,0.6682498455047607,0.0996609777212143,0.16841217875480652,-0.5143554210662842,2,0.0,0.9910546541213989
6,93,0.6699013113975525,0.0945797711610794,0.1608850359916687,-0.5109733939170837,2,0.0,0.9919846653938293
6,94,0.6714787483215332,0.08952851593494415,0.15366105735301971,-0.507896363735199,2,0.0,0.9928590655326843
6,95,0.6729850172996521,0.08450399339199066,0.1467188596725464,-0.50515216588974,2,0.0,0.9936792850494385
6,96,0.6744228601455688,0.07950273156166077,0.14003849029541016,-0.5027672648429871,2,0.0,0.9944466352462769
6,97,0.6757948398590088,0.074521005153656,0.1336013376712799,-0.5007665753364563,2,0.0,0.9951621294021606
6,98,0.6771032214164734,0.06955484300851822,0.12738992273807526,-0.4991738200187683,2,0.0,0.9958268404006958
6,99,0.6783501505851746,0.06460002809762955,0.12138792872428894,-0.4980117976665497,2,0.0,0.9964416027069092
6,100,0.6795377135276794,0.05965214967727661,0.11558002233505249,-0.4973021447658539,2,0.0,0.9970071911811829
6,101,0.6806676387786865,0.054706551134586334,0.10995180904865265,-0.49706611037254333,2,0.0,0.997524082660675
6,102,0.6817416548728943,0.04975838586688042,0.10448974370956421,-0.49732404947280884,2,0.0,0.9979926943778992
6,103,0.6827614903450012,0.04480259492993355,0.09918106347322464,-0.49809613823890686,2,0.0,0.9984132647514343
6,104,0.6837285161018372,0.0398339107632637,0.0940137505531311,-0.49940192699432373,2,0.0,0.998785674571991
6,105,0.6846440434455872,0.03484688699245453,0.0889764204621315,-0.5012609362602234,2,0.0,0.9991098046302795
6,106,0.6855095028877258,0.029835868626832962,0.08405827730894089,-0.503692626953125,2,0.0,0.9993851780891418
6,107,0.6863258481025696,0.024795005097985268,0.07924912869930267,-0.5067164301872253,2,0.0,0.9996111989021301
6,108,0.6870941519737244,0.01971825584769249,0.07453922927379608,-0.510351836681366,2,0.0,0.9997868537902832
6,109,0.6878153681755066,0.014599370770156384,0.06991932541131973,-0.5146186351776123,2,0.0,0.9999110698699951
6,110,0.6884903311729431,0.009431908838450909,0.06538057327270508,-0.5195367336273193,2,0.0,0.9999822974205017
6,111,0.6891196966171265,0.00420921528711915,0.06091451644897461,-0.5251267552375793,2,0.0,0.9999988675117493
6,112,0.6897042989730835,-0.0010755688417702913,0.056513071060180664,-0.5314095616340637,2,0.0,0.9999586343765259
6,113,0.690244734287262,-0.006429519038647413,0.05216846242547035,-0.5384063720703125,2,0.0,0.9998593330383301
6,114,0.6907414793968201,-0.011859928257763386,0.04787319526076317,-0.5461392402648926,2,0.0,0.9996981620788574
6,115,0.6911949515342712,-0.017374316230416298,0.04362007975578308,-0.5546308159828186,2,0.0,0.99947190284729
6,116,0.6916054487228394,-0.02298044227063656,0.03940216451883316,-0.5639045238494873,4,5.0,0.9993553161621094
6,117,0.6941092014312744,-0.02539086900651455,0.4106127619743347,0.005271106958389282,2,0.0,0.9993419051170349
6,118,0.698029637336731,-0.025653384625911713,0.3784483075141907,-0.048201240599155426,2,0.0,0.9993014335632324
6,119,0.7016420960426331,-0.026429953053593636,0.3486810028553009,-0.09802709519863129,3,2.5,0.9993219375610352
6,120,0.7060371041297913,-0.02603907696902752,0.5087968707084656,0.14499598741531372,1,-2.5,0.9992914795875549
6,121,0.709829568862915,-0.026617523282766342,0.2815447449684143,-0.2095520794391632,4,5.0,0.9993420243263245
6,122,0.714649498462677,-0.025650640949606895,0.6343736052513123,0.3307564854621887,4,5.0,0.9996193647384644
6,123,0.7228478193283081,-0.01951034553349018,0.9608480930328369,0.8307072520256042,2,0.0,0.999859094619751
6,124,0.7320385575294495,-0.011869395151734352,0.8877788782119751,0.7151902318000793,3,2.5,0.9999865293502808
6,125,0.7416008114814758,-0.003674053819850087,1.0083155632019043,0.8996016383171082,2,0.0,0.9999783635139465
6,126,0.7512519359588623,0.004651827272027731,0.9324741363525391,0.7822030782699585,3,2.5,0.9998173117637634
6,127,0.7612484097480774,0.013516642153263092,1.0504969358444214,0.9652572870254517,4,5.0,0.999334454536438
6,128,0.7734460830688477,0.025797560811042786,1.3478083610534668,1.4263677597045898,0,-5.0,0.998709499835968
6,129,0.7842227220535278,0.03592362254858017,0.8725969791412354,0.6974454522132874,3,2.5,0.9980610609054565
6,130,0.7936576008796692,0.04403300583362579,0.9966036677360535,0.8943167924880981,2,0.0,0.997254490852356
6,131,0.8032153248786926,0.05239742249250412,0.9241101741790771,0.7894250154495239,3,2.5,0.9962276816368103
6,132,0.8131490349769592,0.06141931936144829,1.044960618019104,0.9837985634803772,4,5.0,0.9945297837257385
6,133,0.8253079056739807,0.07396075874567032,1.344365119934082,1.4545001983642578,0,-5.0,0.9928643703460693
6,134,0.8360757231712341,0.08447273820638657,0.8729599118232727,0.740593433380127,3,2.5,0.9913342595100403
6,135,0.8455303311347961,0.09309009462594986,0.9989480376243591,0.9472805261611938,2,0.0,0.9895815253257751
6,136,0.8551303744316101,0.10207080096006393,0.9289405345916748,0.8540200591087341,3,2.5,0.9874982237815857
6,137,0.8651259541511536,0.11181148141622543,1.0513237714767456,1.057522177696228,2,0.0,0.9851418733596802
6,138,0.8752346634864807,0.12189386785030365,0.9783869385719299,0.9628301858901978,2,0.0,0.9828138947486877
6,139,0.8846495747566223,0.13109593093395233,0.9115201830863953,0.8790600895881653,3,2.5,0.980079710483551
6,140,0.894486129283905,0.14113938808441162,1.0361158847808838,1.0896649360656738,0,-5.0,0.9779835939407349
6,141,0.9023486375808716,0.14837929606437683,0.594671368598938,0.4368528127670288,2,0.0,0.9767068028450012
6,142,0.9081020355224609,0.15262094140052795,0.5580933690071106,0.40351518988609314,2,0.0,0.9754888415336609
6,143,0.9135068655014038,0.15656045079231262,0.5244717001914978,0.37534940242767334,2,0.0,0.9743208885192871
6,144,0.918591320514679,0.1602470427751541,0.49356523156166077,0.35193634033203125,1,-2.5,0.973716676235199
6,145,0.922327995300293,0.1621212214231491,0.2799991965293884,0.0508054681122303,2,0.0,0.9735190868377686
6,146,0.9250734448432922,0.16272950172424316,0.26754194498062134,0.056285347789525986,2,0.0,0.9732999205589294
6,147,0.9276998043060303,0.16340163350105286,0.25603845715522766,0.06331197172403336,1,-2.5,0.9735777378082275
6,148,0.9291633367538452,0.16254916787147522,0.06032247096300125,-0.210099995136261,3,2.5,0.9736608266830444
6,149,0.9308575391769409,0.1622934639453888,0.24925392866134644,0.10213607549667358,1,-2.5,0.9738106727600098
6,150,0.9322555065155029,0.16183115541934967,0.05395437031984329,-0.1708475649356842,2,0.0,0.974282443523407
6,151,0.9328353404998779,0.16036702692508698,0.05819200724363327,-0.14003290235996246,2,0.0,0.9746534824371338
6,152,0.9334553480148315,0.15920595824718475,0.06205200403928757,-0.11000373214483261,2,0.0,0.9749281406402588
6,153,0.9341118931770325,0.15834082663059235,0.06557563692331314,-0.08065265417098999,2,0.0,0.9751099944114685
6,154,0.9348019361495972,0.15776558220386505,0.06880101561546326,-0.051877960562705994,2,0.0,0.9752016067504883
6,155,0.935522735118866,0.157475084066391,0.0717632994055748,-0.02358313463628292,2,0.0,0.9752047061920166
6,156,0.9362717270851135,0.15746521949768066,0.07449496537446976,0.004323589149862528,2,0.0,0.9751203656196594
6,157,0.9370469450950623,0.15773266553878784,0.07702594250440598,0.03192945197224617,2,0.0,0.974949061870575
6,158,0.9378464818000793,0.15827500820159912,0.07938389480113983,0.05931791663169861,2,0.0,0.9746901392936707
6,159,0.9386687874794006,0.15909065306186676,0.08159429579973221,0.08656872808933258,1,-2.5,0.9748545289039612
6,160,0.9384589791297913,0.15857312083244324,-0.10154847800731659,-0.16852639615535736,2,0.0,0.9752798080444336
6,161,0.9375482201576233,0.15722665190696716,-0.08594442158937454,-0.12087016552686691,2,0.0,0.9755563735961914
6,162,0.9367865324020386,0.15634462237358093,-0.07154970616102219,-0.07524304836988449,2,0.0,0.9756925702095032
6,163,0.9361623525619507,0.1559082716703415,-0.05825602635741234,-0.03141311928629875,2,0.0,0.9756948947906494
6,164,0.9356654286384583,0.15590102970600128,-0.045963265001773834,0.010836801491677761,2,0.0,0.9755676984786987
6,165,0.9352863430976868,0.15630842745304108,-0.034578993916511536,0.05171016976237297,2,0.0,0.9753139615058899
6,166,0.9350164532661438,0.15711793303489685,-0.024017931893467903,0.09139765799045563,1,-2.5,0.9754412770271301
6,167,0.9337939620018005,0.15671218931674957,-0.19948992133140564,-0.15238451957702637,2,0.0,0.975792646408081
6,168,0.9319444298744202,0.1555871069431305,-0.17670880258083344,-0.09405358880758286,2,0.0,0.9759659767150879
6,169,0.9303128123283386,0.15502896904945374,-0.1556573212146759,-0.03850922733545303,2,0.0,0.9759713411331177
6,170,0.9288825392723083,0.15501192212104797,-0.13618537783622742,0.014558129012584686,2,0.0,0.9758157134056091
6,171,0.9276389479637146,0.15551307797431946,-0.11815418303012848,0.0654379203915596,1,-2.5,0.9760044813156128
6,172,0.9255139231681824,0.15490475296974182,-0.2867763340473175,-0.1682155430316925,2,0.0,0.9763841032981873
6,173,0.9228277206420898,0.15367449820041656,-0.25760892033576965,-0.10040915012359619,2,0.0,0.9765598773956299
6,174,0.9204204678535461,0.15310171246528625,-0.23064681887626648,-0.03612725809216499,2,0.0,0.9765439629554749
6,175,0.9182713627815247,0.15315359830856323,-0.20570240914821625,0.025008954107761383,2,0.0,0.9763452410697937
6,176,0.9163612127304077,0.15380094945430756,-0.1826019287109375,0.08335352689027786,1,-2.5,0.9764655232429504
6,177,0.9136179685592651,0.15340955555438995,-0.3465743362903595,-0.14352646470069885,2,0.0,0.9767552614212036
6,178,0.9103585481643677,0.15246231853961945,-0.31303343176841736,-0.06925681233406067,2,0.0,0.9768245816230774
6,179,0.9074200987815857,0.15223483741283417,-0.28201067447662354,0.001053115352988243,2,0.0,0.9766857028007507
6,180,0.9047787189483643,0.15269023180007935,-0.2532932162284851,0.06782900542020798,1,-2.5,0.9768392443656921
6,181,0.9013577103614807,0.15218669176101685,-0.41210874915122986,-0.15139824151992798,2,0.0,0.9771382808685303
6,182,0.8974701166152954,0.15120096504688263,-0.373761922121048,-0.06997129321098328,2,0.0,0.9771980047225952
6,183,0.893949568271637,0.15100343525409698,-0.33829012513160706,0.006947498768568039,2,0.0,0.9770320057868958
6,184,0.8907686471939087,0.15155203640460968,-0.3054526150226593,0.07983535528182983,1,-2.5,0.9771386384963989
6,185,0.8868474960327148,0.15119971334934235,-0.46048274636268616,-0.13382473587989807,2,0.0,0.9773740768432617
6,186,0.8824963569641113,0.15041933953762054,-0.41858646273612976,-0.04711674898862839,2,0.0,0.9773563146591187
6,187,0.8785462379455566,0.15047800540924072,-0.37982073426246643,0.03472302109003067,2,0.0,0.9770991802215576
6,188,0.8749674558639526,0.15133029222488403,-0.3439245820045471,0.11220970749855042,1,-2.5,0.9771003723144531
6,189,0.8706778287887573,0.15132607519626617,-0.4961138963699341,-0.09714634716510773,2,0.0,0.9772184491157532
6,190,0.8659853935241699,0.15093570947647095,-0.4515628516674042,-0.006362036801874638,2,0.0,0.9770708084106445
6,191,0.86171954870224,0.15142403542995453,-0.410325288772583,0.07933096587657928,1,-2.5,0.9771584868431091
6,192,0.8567939400672913,0.1511339247226715,-0.5575846433639526,-0.1224961131811142,1,-2.5,0.97782301902771
6,193,0.850457489490509,0.14891928434371948,-0.6939815878868103,-0.307864785194397,2,0.0,0.9785246253013611
6,194,0.8438687324523926,0.14654476940631866,-0.6348968744277954,-0.19527491927146912,2,0.0,0.9789010286331177
6,195,0.8378453254699707,0.14525483548641205,-0.580263614654541,-0.08978334069252014,1,-2.5,0.9794450402259827
6,196,0.831288754940033,0.14336992800235748,-0.7153850793838501,-0.2742566764354706,2,0.0,0.9800238609313965
6,197,0.8244933485984802,0.14133688807487488,-0.6549248695373535,-0.16031624376773834,1,-2.5,0.9807382822036743
6,198,0.8172197937965393,0.13878659904003143,-0.7847949862480164,-0.3374898135662079,3,2.5,0.9810181260108948
6,199,0.8108150959014893,0.1377747803926468,-0.5335288047790527,0.0674997940659523,1,-2.5,0.9811164140701294
6,200,0.8047025203704834,0.1374175250530243,-0.6726214289665222,-0.12433778494596481,1,-2.5,0.9817126989364624
6,201,0.7972575426101685,0.1352306306362152,-0.8014359474182129,-0.3005831241607666,2,0.0,0.9823170304298401
6,202,0.7896353006362915,0.13297729194164276,-0.734917163848877,-0.178497314453125,1,-2.5,0.9830271005630493
6,203,0.7815914750099182,0.13027995824813843,-0.8594181537628174,-0.3489443063735962,3,2.5,0.983309268951416
6,204,0.7744706869125366,0.12919260561466217,-0.6027213335037231,0.063519686460495,1,-2.5,0.9834046959877014
6,205,0.7676912546157837,0.12882281839847565,-0.737266480922699,-0.12289167940616608,1,-2.5,0.9839534759521484
6,206,0.7596229910850525,0.12667495012283325,-0.8618571162223816,-0.2941867411136627,2,0.0,0.9844968914985657
6,207,0.7514192461967468,0.12451150268316269,-0.7911874651908875,-0.16691425442695618,1,-2.5,0.9851282835006714
6,208,0.7428324222564697,0.12194962799549103,-0.9120641350746155,-0.33328595757484436,3,2.5,0.9853484034538269
6,209,0.7352059483528137,0.12104371935129166,-0.6515741944313049,0.08415304124355316,1,-2.5,0.9853842258453369
6,210,0.7279546856880188,0.12089554965496063,-0.7830362915992737,-0.0989638939499855,1,-2.5,0.985838770866394
6,211,0.7194443941116333,0.11900091916322708,-0.9047423601150513,-0.2672122120857239,2,0.0,0.9862821698188782
6,212,0.7108275890350342,0.11712323874235153,-0.8311856389045715,-0.13656045496463776,1,-2.5,0.986803412437439
6,213,0.7018543481826782,0.11487634479999542,-0.9495609402656555,-0.3003646433353424,2,0.0,0.9873010516166687
6,214,0.6928068995475769,0.11268973350524902,-0.8728412389755249,-0.16543592512607574,1,-2.5,0.9878619909286499
6,215,0.6834326386451721,0.11017239093780518,-0.9884064197540283,-0.32569801807403564,3,2.5,0.9880363941192627
6,216,0.6750727295875549,0.10937833786010742,-0.7224360704421997,0.09892455488443375,1,-2.5,0.9880314469337463
6,217,0.6671372652053833,0.10940071940422058,-0.8493931889533997,-0.07930323481559753,1,-2.5,0.9883956909179688
6,218,0.6579861044883728,0.10772324353456497,-0.9669004678726196,-0.24307991564273834,2,0.0,0.9887406826019287
6,219,0.6487703323364258,0.10610976070165634,-0.8891715407371521,-0.10757338255643845,1,-2.5,0.9891488552093506
6,220,0.6392366886138916,0.10416898876428604,-1.0039278268814087,-0.26769545674324036,2,0.0,0.989529013633728
6,221,0.6296650171279907,0.10232782363891602,-0.9235895276069641,-0.12867854535579681,1,-2.5,0.9899617433547974
6,222,0.6198000311851501,0.10019104182720184,-1.0360219478607178,-0.2858775556087494,2,0.0,0.9903601408004761
6,223,0.6099198460578918,0.09818266332149506,-0.9534586668014526,-0.14399656653404236,1,-2.5,0.9908024072647095
6,224,0.5997669696807861,0.095904141664505,-1.0639253854751587,-0.29887649416923523,2,0.0,0.9912058115005493
6,225,0.5896179676055908,0.09377718716859818,-0.9794619679450989,-0.15467165410518646,1,-2.5,0.9916459918022156
6,226,0.5792140364646912,0.0914003923535347,-1.0882636308670044,-0.3077315390110016,2,0.0,0.9920445084571838
6,227,0.5688304901123047,0.08919361978769302,-1.0021753311157227,-0.16165536642074585,1,-2.5,0.9924739003181458
6,228,0.5582069754600525,0.08675304055213928,-1.1095649003982544,-0.3133069574832916,3,2.5,0.9925811290740967
6,229,0.5486816763877869,0.08613289147615433,-0.83507239818573,0.12183339893817902,1,-2.5,0.9925329089164734
6,230,0.5396568775177002,0.08641254156827927,-0.9551094770431519,-0.04969516396522522,0,-5.0,0.9930411577224731
6,231,0.5284189581871033,0.08341972529888153,-1.253194808959961,-0.495027095079422,1,-2.5,0.9939475655555725
6,232,0.5153889060020447,0.07779750227928162,-1.3422584533691406,-0.6195322275161743,4,5.0,0.9942402243614197
6,233,0.5046977400779724,0.07589320093393326,-0.8634852170944214,0.1288807988166809,1,-2.5,0.9941871166229248
6,234,0.49539628624916077,0.07624230533838272,-0.9820326566696167,-0.04205285757780075,1,-2.5,0.9943809509277344
6,235,0.4849599599838257,0.07496019452810287,-1.0917012691497803,-0.1993110030889511,2,0.0,0.9945515394210815
6,236,0.47453784942626953,0.07381376624107361,-1.0060575008392334,-0.056196507066488266,1,-2.5,0.9947580695152283
6,237,0.46387040615081787,0.07240135967731476,-1.1140769720077515,-0.21131694316864014,2,0.0,0.9949383735656738
6,238,0.45323318243026733,0.07114535570144653,-1.0268745422363281,-0.06616713106632233,0,-5.0,0.9953757524490356
6,239,0.4412999153137207,0.06800171732902527,-1.3207634687423706,-0.5078979730606079,2,0.0,0.9959158301353455
6,240,0.4286819100379944,0.06390750408172607,-1.2183386087417603,-0.33999374508857727,2,0.0,0.9962276816368103
6,241,0.4170432686805725,0.06141898036003113,-1.1237318515777588,-0.18467259407043457,1,-2.5,0.9965454339981079
6,242,0.4052436351776123,0.05877552926540375,-1.2236955165863037,-0.3294280767440796,3,2.5,0.99663245677948
6,243,0.3946181535720825,0.0580306313931942,-0.9414980411529541,0.11421319842338562,0,-5.0,0.9967955946922302
6,244,0.38349562883377075,0.05660759657621384,-1.242707371711731,-0.34110593795776367,3,2.5,0.9968913793563843
6,245,0.3726874589920044,0.05575525388121605,-0.9591604471206665,0.10433852672576904,0,-5.0,0.9970579743385315
6,246,0.36139464378356934,0.05424036458134651,-1.259207844734192,-0.3495969772338867,3,2.5,0.9971579909324646
6,247,0.3504277765750885,0.053310491144657135,-0.9745080471038818,0.09732188284397125,0,-5.0,0.9973239898681641
6,248,0.3389868438243866,0.051730502396821976,-1.2735767364501953,-0.35553818941116333,3,2.5,0.9974247217178345
6,249,0.32788169384002686,0.05074695497751236,-0.9878901243209839,0.09257902204990387,0,-5.0,0.9975869059562683
6,250,0.3163113594055176,0.04912310838699341,-1.2861329317092896,-0.35945868492126465,3,2.5,0.9976859092712402
6,251,0.305085152387619,0.04810473695397377,-0.9996004104614258,0.0896248072385788,0,-5.0,0.9978420734405518
6,252,0.29340142011642456,0.04645370692014694,-1.2971458435058594,-0.36179760098457336,3,2.5,0.9979374408721924
6,253,0.28206896781921387,0.04541519656777382,-1.009887456893921,0.08805671334266663,0,-5.0,0.9980859756469727
6,254,0.27028539776802063,0.0437498539686203,-1.3068420886993408,-0.36292049288749695,3,2.5,0.9981765151023865
6,255,0.2588592767715454,0.04270240291953087,-1.0189597606658936,0.0875401645898819,0,-5.0,0.9983163475990295
6,256,0.24698755145072937,0.04103245213627815,-1.315414309501648,-0.3631310760974884,3,2.5,0.9984012246131897
6,257,0.2354784607887268,0.03998439013957977,-1.0269949436187744,0.08779701590538025,0,-5.0,0.9985318183898926
6,258,0.22352856397628784,0.03831692412495613,-1.3230252265930176,-0.36268186569213867,3,2.5,0.9986106157302856
6,259,0.21194572746753693,0.037274181842803955,-1.0341429710388184,0.08859650790691376,0,-5.0,0.9987316131591797
6,260,0.19992610812187195,0.035614099353551865,-1.3298124074935913,-0.3617834150791168,3,2.5,0.9988041520118713
6,261,0.18827739357948303,0.03458060696721077,-1.0405309200286865,0.08974575996398926,0,-5.0,0.9989155530929565
6,262,0.17619532346725464,0.03293097764253616,-1.3358930349349976,-0.3606113791465759,3,2.5,0.9989818334579468
6,263,0.16448752582073212,0.03190900385379791,-1.046267032623291,0.09108436107635498,0,-5.0,0.9990836381912231
6,264,0.1523493379354477,0.030271366238594055,-1.3413671255111694,-0.35931265354156494,3,2.5,0.9991437196731567
6,265,0.1405882090330124,0.029261771589517593,-1.0514428615570068,0.09247756004333496,0,-5.0,0.9992362260818481
6,266,0.12839926779270172,0.027636390179395676,-1.3463190793991089,-0.3580111861228943,3,2.5,0.999290406703949
6,267,0.11658980697393417,0.02663886360824108,-1.056137204170227,0.09381162375211716,0,-5.0,0.999373733997345
6,268,0.10435473173856735,0.02502491883933544,-1.3508223295211792,-0.3568117022514343,3,2.5,0.9994221925735474
6,269,0.09250123053789139,0.024038145318627357,-1.0604175329208374,0.09499005973339081,0,-5.0,0.9994966983795166
6,270,0.08022399991750717,0.022433878853917122,-1.3549383878707886,-0.3558037579059601,3,2.5,0.9995396733283997
6,271,0.06833017617464066,0.021455680951476097,-1.0643411874771118,0.09592987596988678,0,-5.0,0.999605655670166
6,272,0.05601424723863602,0.019858550280332565,-1.3587218523025513,-0.3550647497177124,3,2.5,0.9996433258056641
6,273,0.04408327862620354,0.018886011093854904,-1.0679584741592407,0.09655927121639252,0,-5.0,0.9997009634971619
6,274,0.03173159062862396,0.01729276217520237,-1.362218976020813,-0.35466235876083374,3,2.5,0.999733567237854
6,275,0.019766196608543396,0.01632230170071125,-1.0713127851486206,0.09681469202041626,0,-5.0,0.9997830390930176
6,276,0.00738128088414669,0.014729071408510208,-1.3654707670211792,-0.3546568751335144,3,2.5,0.9998107552528381
6,277,-0.004616194404661655,0.013756532222032547,-1.0744421482086182,0.09663885831832886,0,-5.0,0.999852180480957
6,278,-0.017032170668244362,0.012158887460827827,-1.3685121536254883,-0.3551032543182373,3,2.5,0.999875009059906
6,279,-0.02905973047018051,0.011179562658071518,-1.0773794651031494,0.0959790050983429,0,-5.0,0.9999083876609802
6,280,-0.04150491952896118,0.009572555311024189,-1.3713748455047607,-0.356052428483963,3,2.5,0.9999263882637024
6,281,-0.05356087163090706,0.008581233210861683,-1.0801540613174438,0.09478544443845749,0,-5.0,0.9999515414237976
6,282,-0.06603371351957321,0.006959411781281233,-1.374085783958435,-0.3575533628463745,3,2.5,0.9999645948410034
6,283,-0.07811662554740906,0.005950393620878458,-1.0827922821044922,0.09301011264324188,0,-5.0,0.9999814629554749
6,284,-0.09061583131551743,0.004307828843593597,-1.3766707181930542,-0.359653502702713,3,2.5,0.9999892711639404
6,285,-0.10272452980279922,0.0032749343663454056,-1.0853180885314941,0.09060540795326233,0,-5.0,0.9999974370002747
6,286,-0.11524900794029236,0.0016052157152444124,-1.3791515827178955,-0.3624001145362854,3,2.5,0.9999997019767761
6,287,-0.12738251686096191,0.0005417841603048146,-1.0877522230148315,0.08752356469631195,0,-5.0,0.9999986290931702
6,288,-0.13993141055107117,-0.0011619835859164596,-1.3815486431121826,-0.36584141850471497,3,2.5,0.9999948740005493
6,289,-0.1520889699459076,-0.0022631080355495214,-1.090114951133728,0.08371513336896896,0,-5.0,0.9999839067459106
6,290,-0.16466160118579865,-0.004008322022855282,-1.3838809728622437,-0.3700271248817444,3,2.5,0.9999734163284302
6,291,-0.17684264481067657,-0.005154808517545462,-1.0924246311187744,0.07912863045930862,0,-5.0,0.9999517202377319
6,292,-0.18943855166435242,-0.006949394475668669,-1.386165976524353,-0.37500980496406555,3,2.5,0.9999336004257202
6,293,-0.20164267718791962,-0.008149459026753902,-1.0946979522705078,0.0737089067697525,0,-5.0,0.9998999834060669
6,294,-0.2142615020275116,-0.010001905262470245,-1.3884201049804688,-0.3808452785015106,3,2.5,0.9998731017112732
6,295,-0.22648851573467255,-0.011264344677329063,-1.096952199935913,0.06739750504493713,0,-5.0,0.999826192855835
6,296,-0.23913012444972992,-0.013183735311031342,-1.3906594514846802,-0.38759303092956543,3,2.5,0.9997892379760742
6,297,-0.25137990713119507,-0.014517965726554394,-1.0992023944854736,0.06013151630759239,0,-5.0,0.9997273087501526
6,298,-0.26404431462287903,-0.01651402935385704,-1.3928987979888916,-0.3953169584274292,3,2.5,0.9996784925460815
6,299,-0.27631694078445435,-0.01793014258146286,-1.101464867591858,0.051842641085386276,0,-5.0,0.9995994567871094
6,300,-0.28900420665740967,-0.02001330628991127,-1.395153284072876,-0.4040865898132324,3,2.5,0.9995368123054504
6,301,-0.30129992961883545,-0.021522123366594315,-1.1037547588348389,0.04245664179325104,0,-5.0,0.9994381666183472
6,302,-0.3140104413032532,-0.023703573271632195,-1.3974378108978271,-0.41397741436958313,3,2.5,0.9993590712547302
6,303,-0.32632967829704285,-0.025316700339317322,-1.106087565422058,0.031892772763967514,0,-5.0,0.9992377758026123
6,304,-0.3390639126300812,-0.027608441188931465,-1.3997665643692017,-0.42507097125053406,3,2.5,0.9991392493247986
6,305,-0.3514072000980377,-0.02933836542069912,-1.1084785461425781,0.020062707364559174,0,-5.0,0.9989917278289795
6,306,-0.3641657531261444,-0.0317533053457737,-1.4021540880203247,-0.4374569058418274,3,2.5,0.9988701343536377
6,307,-0.37653374671936035,-0.033613450825214386,-1.1109434366226196,0.006869960576295853,0,-5.0,0.9986920356750488
6,308,-0.3893173933029175,-0.036165475845336914,-1.404615044593811,-0.4512318968772888,1,-2.5,0.9982808232307434
6,309,-0.40384572744369507,-0.04146294668316841,-1.4887319803237915,-0.5865575671195984,2,0.0,0.9978450536727905
6,310,-0.4181140661239624,-0.04642162099480629,-1.3792170286178589,-0.42409637570381165,3,2.5,0.9976775050163269
6,311,-0.43026939034461975,-0.04819199815392494,-1.090674877166748,0.013637945055961609,0,-5.0,0.997428297996521
6,312,-0.44286373257637024,-0.0507119819521904,-1.3864378929138184,-0.449619859457016,1,-2.5,0.996860682964325
6,313,-0.45722347497940063,-0.05602965131402016,-1.4726084470748901,-0.5902271270751953,2,0.0,0.9962713718414307
6,314,-0.47134366631507874,-0.061062395572662354,-1.3651351928710938,-0.43323978781700134,3,2.5,0.996035635471344
6,315,-0.483371376991272,-0.06296319514513016,-1.078657627105713,-0.0012574642896652222,3,2.5,0.9963111877441406
6,316,-0.4926573932170868,-0.06073581799864769,-0.8137490749359131,0.39729195833206177,0,-5.0,0.9964455962181091
6,317,-0.502604067325592,-0.05961882323026657,-1.130676031112671,-0.10008871555328369,1,-2.5,0.9962024688720703
6,318,-0.5145187973976135,-0.06162402778863907,-1.236449956893921,-0.2721012532711029,2,0.0,0.9959498047828674
6,319,-0.5263808369636536,-0.06364116072654724,-1.1470224857330322,-0.14373013377189636,3,2.5,0.9960567951202393
6,320,-0.536321759223938,-0.0627952441573143,-0.8770585060119629,0.2624431550502777,0,-5.0,0.9960324764251709
6,321,-0.5468752384185791,-0.0629882961511612,-1.1893205642700195,-0.2280234396457672,4,5.0,0.9962405562400818
6,322,-0.5561549067497253,-0.061314377933740616,-0.7287825345993042,0.4718092083930969,0,-5.0,0.9964587092399597
6,323,-0.565288245677948,-0.05950864031910896,-1.05208420753479,-0.035450294613838196,0,-5.0,0.996086061000824
6,324,-0.5775165557861328,-0.06256134808063507,-1.3511325120925903,-0.5052093267440796,3,2.5,0.9957497119903564
6,325,-0.5894109606742859,-0.06519412994384766,-1.0658096075057983,-0.07529556751251221,3,2.5,0.9959397315979004
6,326,-0.5985751748085022,-0.06372030824422836,-0.8020327687263489,0.3210929334163666,1,-2.5,0.9961887001991272
6,327,-0.6073448061943054,-0.06173552945256233,-0.9325811266899109,0.11043016612529755,0,-5.0,0.9959790706634521
6,328,-0.6184296011924744,-0.06341098248958588,-1.2406578063964844,-0.37348607182502747,4,5.0,0.9960108995437622
6,329,-0.6282010078430176,-0.06315910816192627,-0.7763243913650513,0.3320593535900116,1,-2.5,0.996269166469574
6,330,-0.6367242336273193,-0.061080630868673325,-0.9087733626365662,0.11854873597621918,0,-5.0,0.9960700273513794
6,331,-0.6475809216499329,-0.06268960982561111,-1.2186133861541748,-0.36800310015678406,4,5.0,0.996106743812561
6,332,-0.6571409106254578,-0.06239572912454605,-0.7558709383010864,0.3352349102497101,0,-5.0,0.9961634874343872
6,333,-0.6665339469909668,-0.06193976104259491,-1.0771952867507935,-0.1691318154335022,1,-2.5,0.995817244052887
6,334,-0.6779373288154602,-0.06467433273792267,-1.1870808601379395,-0.3478209972381592,4,5.0,0.9958778619766235
6,335,-0.6871965527534485,-0.06420387327671051,-0.7268662452697754,0.35113972425460815,1,-2.5,0.9961599111557007
6,336,-0.695246696472168,-0.06196868047118187,-0.8630629181861877,0.1317157745361328,0,-5.0,0.995970606803894
6,337,-0.7056660652160645,-0.06347723305225372,-1.1763561964035034,-0.3602615296840668,4,5.0,0.9960139393806458
6,338,-0.7148219347000122,-0.06313548237085342,-0.7168459296226501,0.33784565329551697,1,-2.5,0.9962743520736694
6,339,-0.7227757573127747,-0.06103815138339996,-0.8537506461143494,0.11747563630342484,0,-5.0,0.9960694909095764
6,340,-0.7331057190895081,-0.06269393861293793,-1.1677132844924927,-0.37542232871055603,4,5.0,0.9960927963256836
6,341,-0.7421783804893494,-0.06250769644975662,-0.7087867856025696,0.32193422317504883,1,-2.5,0.9963307976722717
6,342,-0.7500547766685486,-0.06057381629943848,-0.8462716341018677,0.10075381398200989,0,-5.0,0.9961060881614685
6,343,-0.7603129744529724,-0.06240110844373703,-1.160780668258667,-0.3929322063922882,2,0.0,0.9956864714622498
6,344,-0.7714508771896362,-0.06567765772342682,-1.0770649909973145,-0.27351558208465576,4,5.0,0.9958347678184509
6,345,-0.7796574831008911,-0.06453859061002731,-0.6251711249351501,0.41245797276496887,1,-2.5,0.9961860179901123
6,346,-0.7867341041564941,-0.06175734102725983,-0.7689908146858215,0.18125885725021362,0,-5.0,0.9960521459579468
6,347,-0.7962527871131897,-0.06283190101385117,-1.0893257856369019,-0.3215321898460388,4,5.0,0.9961363077163696
6,348,-0.8045749664306641,-0.06215851381421089,-0.6362805366516113,0.36675602197647095,0,-5.0,0.9962220191955566
6,349,-0.8128229975700378,-0.061465490609407425,-0.9665570259094238,-0.1513676643371582,1,-2.5,0.9958919286727905
6,350,-0.8231670260429382,-0.06409430503845215,-1.0847134590148926,-0.3427278399467468,4,5.0,0.9959501028060913
6,351,-0.8314458727836609,-0.06363879144191742,-0.6321211457252502,0.34460824728012085,1,-2.5,0.9962140321731567
6,352,-0.8385886549949646,-0.061530254781246185,-0.775395929813385,0.11435791850090027,0,-5.0,0.9959970116615295
6,353,-0.8481684923171997,-0.06326937675476074,-1.095246434211731,-0.3876705467700958,4,5.0,0.9959988594055176
6,354,-0.8565476536750793,-0.06325452029705048,-0.6417994499206543,0.30112767219543457,0,-5.0,0.9960037469863892
6,355,-0.8648489117622375,-0.06321579217910767,-0.9717025756835938,-0.21656237542629242,4,5.0,0.9962090849876404
6,356,-0.8720453381538391,-0.06157069653272629,-0.5274918675422668,0.4580783545970917,0,-5.0,0.9963958263397217
6,357,-0.8792517185211182,-0.06003487855195999,-0.8658915162086487,-0.07247396558523178,1,-2.5,0.9961636066436768
6,358,-0.8886315822601318,-0.06193854659795761,-0.9915305376052856,-0.27514466643333435,2,0.0,0.9958850741386414
6,359,-0.8981490135192871,-0.06414755433797836,-0.9204763770103455,-0.17512835562229156,3,2.5,0.9959339499473572
6,360,-0.9059213995933533,-0.06376548111438751,-0.6675288677215576,0.20473448932170868,0,-5.0,0.9958171844482422
6,361,-0.9144691824913025,-0.06467465311288834,-0.9955266714096069,-0.3100970983505249,4,5.0,0.9959100484848022
6,362,-0.9218946099281311,-0.06395268440246582,-0.5496630072593689,0.3667725920677185,1,-2.5,0.996195912361145
6,363,-0.9282480478286743,-0.06167709827423096,-0.6991265416145325,0.12695077061653137,0,-5.0,0.9959879517555237
6,364,-0.9370978474617004,-0.06334058195352554,-1.0246973037719727,-0.38390544056892395,4,5.0,0.9959887266159058
6,365,-0.9448016285896301,-0.06333457678556442,-0.5765432119369507,0.29672732949256897,0,-5.0,0.9959825873374939
6,366,-0.9524781107902527,-0.06338281184434891,-0.911339521408081,-0.22851033508777618,4,5.0,0.9961687326431274
6,367,-0.9590967297554016,-0.06189722940325737,-0.47166818380355835,0.43910109996795654,2,0.0,0.9967162609100342
6,368,-0.9636367559432983,-0.05730384960770607,-0.43947988748550415,0.47942957282066345,2,0.0,0.9972625970840454
6,369,-0.9678665995597839,-0.05232004076242447,-0.4094480872154236,0.5171524882316589,2,0.0,0.9977938532829285
6,370,-0.9718069434165955,-0.04696979746222496,-0.3813934326171875,0.552603006362915,2,0.0,0.9982964992523193
6,371,-0.9754765033721924,-0.04127394035458565,-0.3551514744758606,0.5860877633094788,4,5.0,0.9989786744117737
6,372,-0.9767578840255737,-0.03195832297205925,0.04467020928859711,1.1966171264648438,3,2.5,0.9996604323387146
6,373,-0.9752739071846008,-0.018427127972245216,0.227576345205307,1.474259853363037,0,-5.0,0.9999487400054932
6,374,-0.9752376079559326,-0.007160094566643238,-0.1657387912273407,0.8648262619972229,4,5.0,0.9999761581420898
6,375,-0.974690318107605,0.004883523099124432,0.22194352746009827,1.4623212814331055,0,-5.0,0.9997416734695435
6,376,-0.9746999740600586,0.01607319340109825,-0.16989928483963013,0.8586354851722717,4,5.0,0.9992105960845947
6,377,-0.9741840958595276,0.028096597641706467,0.21916347742080688,1.4616793394088745,0,-5.0,0.9984536170959473
6,378,-0.9742110371589661,0.03932373970746994,-0.17119470238685608,0.8640730977058411,4,5.0,0.9973542094230652
6,379,-0.9737004041671753,0.051437415182590485,0.21880102157592773,1.4716531038284302,0,-5.0,0.9960548281669617
6,380,-0.9737202525138855,0.06281057745218277,-0.17002645134925842,0.8805434107780457,0,-5.0,0.9953003525733948
6,381,-0.9774552583694458,0.06855393946170807,-0.5287216901779175,0.3377760946750641,0,-5.0,0.9952226877212524
6,382,-0.9846205115318298,0.0691179558634758,-0.8600679039955139,-0.16197818517684937,1,-2.5,0.995572030544281
6,383,-0.9938924312591553,0.06654281914234161,-0.9793263673782349,-0.33519864082336426,0,-5.0,0.9963195323944092
6,384,-1.005373239517212,0.06066703423857689,-1.2771927118301392,-0.7839774489402771,0,-5.0,0.9974512457847595
6,385,-1.019709825515747,0.0504847876727581,-1.5533256530761719,-1.2004616260528564,2,0.0,0.9984329342842102
6,386,-1.034562110900879,0.03958626464009285,-1.4344781637191772,-1.0098801851272583,2,0.0,0.9990698099136353
6,387,-1.048279881477356,0.030498690903186798,-1.3249485492706299,-0.8351919054985046,2,0.0,0.9994677305221558
6,388,-1.0609521865844727,0.023071439936757088,-1.2240118980407715,-0.6750457882881165,2,0.0,0.9997053146362305
6,389,-1.0726604461669922,0.017167041078209877,-1.1309794187545776,-0.5281547904014587,1,-2.5,0.9998787045478821
6,390,-1.0845485925674438,0.011012165807187557,-1.2329459190368652,-0.6830461025238037,2,0.0,0.9999748468399048
6,391,-1.0963470935821533,0.005012986250221729,-1.13984215259552,-0.5378462672233582,1,-2.5,0.9999984502792358
6,392,-1.1083248853683472,-0.001254424685612321,-1.2417833805084229,-0.6945596933364868,0,-5.0,0.9998859167098999
6,393,-1.1223492622375488,-0.01068155374377966,-1.5241619348526,-1.1307588815689087,2,0.0,0.9995588660240173
6,394,-1.1369439363479614,-0.021003833040595055,-1.4103063344955444,-0.9569315314292908,2,0.0,0.9991190433502197
6,395,-1.1504528522491455,-0.029680971056222916,-1.3055365085601807,-0.7986767292022705,0,-5.0,0.9983876347541809
6,396,-1.165097713470459,-0.04015394300222397,-1.5843911170959473,-1.2335479259490967,2,0.0,0.9973461031913757
6,397,-1.180280327796936,-0.05151613801717758,-1.4675207138061523,-1.0597050189971924,2,0.0,0.9962499141693115
6,398,-1.1943488121032715,-0.06123773753643036,-1.3600775003433228,-0.9021639823913574,2,0.0,0.9951735138893127
6,399,-1.2073932886123657,-0.06947270035743713,-1.2612742185592651,-0.7594537138938904,4,5.0,0.9946591854095459
6,400,-1.2173653841018677,-0.07308083772659302,-0.795909583568573,-0.05366775393486023,0,-5.0,0.9941474199295044
6,401,-1.227144718170166,-0.07650240510702133,-1.1145497560501099,-0.5552192330360413,3,2.5,0.9936287999153137
6,402,-1.2367810010910034,-0.07981960475444794,-0.8479524850845337,-0.1566765308380127,3,2.5,0.9937062859535217
6,403,-1.243867039680481,-0.07933304458856583,-0.6015541553497314,0.21030767261981964,0,-5.0,0.9935599565505981
6,404,-1.2517870664596558,-0.0802500993013382,-0.934902548789978,-0.314544141292572,4,5.0,0.9936560988426208
6,405,-1.258641242980957,-0.07964867353439331,-0.49492961168289185,0.3501298427581787,4,5.0,0.9947168231010437
6,406,-1.2612820863723755,-0.07268539071083069,-0.08765764534473419,0.9648529291152954,0,-5.0,0.9955933094024658
6,407,-1.2642792463302612,-0.06638286262750626,-0.4591546356678009,0.3821273148059845,4,5.0,0.9965080618858337
6,408,-1.266569972038269,-0.059092748910188675,-0.053454700857400894,0.9970410466194153,0,-5.0,0.9972465634346008
6,409,-1.2692362070083618,-0.05247335880994797,-0.4271779954433441,0.4124457538127899,2,0.0,0.9976807236671448
6,410,-1.2733465433120728,-0.048159144818782806,-0.39782851934432983,0.4498428404331207,2,0.0,0.9981092810630798
6,411,-1.2771739959716797,-0.04348251223564148,-0.37044215202331543,0.4848845899105072,2,0.0,0.9985204339027405
6,412,-1.280737280845642,-0.03846512734889984,-0.34485483169555664,0.5178769826889038,2,0.0,0.9989026784896851
6,413,-1.2840535640716553,-0.03312572091817856,-0.32091614603996277,0.5491016507148743,2,0.0,0.9992448091506958
6,414,-1.2871387004852295,-0.027480358257889748,-0.29848799109458923,0.5788185000419617,4,5.0,0.9996670484542847
6,415,-1.28787100315094,-0.01824747771024704,0.09796921163797379,1.1865185499191284,1,-2.5,0.9999340176582336
6,416,-1.2880074977874756,-0.008124691434204578,-0.09791728109121323,0.8817330598831177,4,5.0,0.9999836683273315
6,417,-1.286811351776123,0.004041597712785006,0.28462401032447815,1.4711482524871826,0,-5.0,0.9997666478157043
6,418,-1.2862211465835571,0.015276751480996609,-0.11196798086166382,0.8600026369094849,4,5.0,0.9992561340332031
6,419,-1.2851508855819702,0.02727436274290085,0.2727120518684387,1.4561716318130493,0,-5.0,0.9985246658325195
6,420,-1.2846657037734985,0.038409601897001266,-0.12171368300914764,0.8521485328674316,4,5.0,0.9974628686904907
6,421,-1.2836817502975464,0.05037017911672592,0.2645445168018341,1.453847050666809,0,-5.0,0.9962136745452881
6,422,-1.283264398574829,0.061533089727163315,-0.127780020236969,0.8571454286575317,4,5.0,0.994586169719696
6,423,-1.2823325395584106,0.07357874512672424,0.2595455050468445,1.463261365890503,0,-5.0,0.9927939772605896
6,424,-1.2819511890411377,0.08488844335079193,-0.1306978315114975,0.8741869330406189,0,-5.0,0.9917932152748108
6,425,-1.2852973937988281,0.09059128165245056,-0.49058419466018677,0.3338426649570465,1,-2.5,0.9913929104804993
6,426,-1.2910218238830566,0.09277444332838058,-0.6360958814620972,0.12396284192800522,1,-2.5,0.991358757019043
6,427,-1.2981383800506592,0.09295817464590073,-0.7705878615379333,-0.06866800040006638,1,-2.5,0.9916636347770691
6,428,-1.3065427541732788,0.09130354970693588,-0.895038366317749,-0.24589049816131592,2,0.0,0.9919738173484802
6,429,-1.3150761127471924,0.08958888798952103,-0.8233891725540161,-0.12200917303562164,1,-2.5,0.9923561811447144
6,430,-1.323987603187561,0.08742869645357132,-0.9441163539886475,-0.2940894663333893,2,0.0,0.9927310943603516
6,431,-1.3329923152923584,0.08525773882865906,-0.8689789772033691,-0.165401428937912,1,-2.5,0.9931631684303284
6,432,-1.3423421382904053,0.08268499374389648,-0.9865774512290955,-0.33340534567832947,0,-5.0,0.9940915703773499
6,433,-1.3538837432861328,0.07686642557382584,-1.2826920747756958,-0.7765063047409058,0,-5.0,0.9955382943153381
6,434,-1.36826491355896,0.06679587811231613,-1.5572880506515503,-1.187715768814087,1,-2.5,0.9970393776893616
6,435,-1.3842155933380127,0.054411448538303375,-1.6248596906661987,-1.281976580619812,2,0.0,0.998172402381897
6,436,-1.3997516632080078,0.0427505224943161,-1.5005236864089966,-1.0823945999145508,2,0.0,0.9989119172096252
6,437,-1.4141007661819458,0.032986123114824295,-1.385921597480774,-0.8994415998458862,2,0.0,0.9993769526481628
6,438,-1.4273557662963867,0.024960488080978394,-1.2803065776824951,-0.7317279577255249,0,-5.0,0.9997679591178894
6,439,-1.441738247871399,0.015233853831887245,-1.5584025382995605,-1.1572468280792236,2,0.0,0.9999777674674988
6,440,-1.4566510915756226,0.004713432397693396,-1.4407198429107666,-0.9735940098762512,2,0.0,0.9999834895133972
6,441,-1.4704413414001465,-0.004065537825226784,-1.33235764503479,-0.8058616518974304,0,-5.0,0.9997882843017578
6,442,-1.4853336811065674,-0.01455086749047041,-1.6080751419067383,-1.2322252988815308,2,0.0,0.9993323683738708
6,443,-1.5007330179214478,-0.02583918906748295,-1.4881082773208618,-1.0495883226394653,2,0.0,0.9987468123435974
6,444,-1.5149884223937988,-0.03540010750293732,-1.377743124961853,-0.8834760189056396,0,-5.0,0.9978207945823669
6,445,-1.5303261280059814,-0.04668223112821579,-1.6513851881027222,-1.3111038208007812,3,2.5,0.9967346787452698
6,446,-1.5450855493545532,-0.05714289844036102,-1.3423316478729248,-0.84205561876297,0,-5.0,0.9953669905662537
6,447,-1.5600907802581787,-0.06806626915931702,-1.619389533996582,-1.2777798175811768,0,-5.0,0.9930814504623413
6,448,-1.5777496099472046,-0.08317776769399643,-1.8757777214050293,-1.6831011772155762,4,5.0,0.9908514618873596
6,449,-1.5936095714569092,-0.09564802050590515,-1.3652955293655396,-0.9111328125,2,0.0,0.9891771078109741
6,450,-1.6067185401916504,-0.10403294116258621,-1.268083095550537,-0.776485025882721,4,5.0,0.9883593320846558
6,451,-1.6167776584625244,-0.1078919917345047,-0.8054702281951904,-0.08232691138982773,4,5.0,0.9889495372772217
6,452,-1.6224102973937988,-0.10512108355760574,-0.37776654958724976,0.5576795935630798,3,2.5,0.9904255270957947
6,453,-1.6250063180923462,-0.09784902632236481,-0.16815131902694702,0.8637275099754333,3,2.5,0.9923200011253357
6,454,-1.625590443611145,-0.08763577789068222,0.026521114632487297,1.1482423543930054,1,-2.5,0.9939231872558594
6,455,-1.626432180404663,-0.07795414328575134,-0.1666315495967865,0.8382166028022766,3,2.5,0.9953818321228027
6,456,-1.6269919872283936,-0.06795711070299149,0.029239216819405556,1.12808096408844,1,-2.5,0.9965834617614746
6,457,-1.6278027296066284,-0.05845099315047264,-0.1634923219680786,0.8212300539016724,3,2.5,0.9976392388343811
6,458,-1.6283236742019653,-0.0485878512263298,0.03336852788925171,1.1159509420394897,3,2.5,0.9987121820449829
6,459,-1.6269549131393433,-0.03588663414120674,0.21618187427520752,1.3907380104064941,0,-5.0,0.9993510842323303
6,460,-1.6270328760147095,-0.02547379396855831,-0.17693868279457092,0.7791993618011475,0,-5.0,0.9995630383491516
6,461,-1.630872130393982,-0.020903728902339935,-0.5403022766113281,0.21484887599945068,4,5.0,0.9997708201408386
6,462,-1.6339167356491089,-0.01513943076133728,-0.12535375356674194,0.8520723581314087,3,2.5,0.999975860118866
6,463,-1.6340543031692505,-0.004912703298032284,0.07112109661102295,1.1532142162322998,3,2.5,0.9999325275421143
6,464,-1.6323069334030151,0.008214284665882587,0.2533908486366272,1.4340757131576538,0,-5.0,0.9996349215507507
6,465,-1.632014274597168,0.019106552004814148,-0.1406441479921341,0.8275226354598999,3,2.5,0.9991499185562134
6,466,-1.6322851181030273,0.029156506061553955,0.058647505939006805,1.1381462812423706,3,2.5,0.99821937084198
6,467,-1.6306450366973877,0.042197320610284805,0.24336692690849304,1.4277966022491455,0,-5.0,0.997180700302124
6,468,-1.6304340362548828,0.053097210824489594,-0.14791332185268402,0.8312166929244995,3,2.5,0.996000349521637
6,469,-1.630763292312622,0.06324271857738495,0.053322579711675644,1.149579405784607,1,-2.5,0.9946460127830505
6,470,-1.631294846534729,0.0731712058186531,-0.13484632968902588,0.8696221113204956,2,0.0,0.9932624101638794
6,471,-1.63255774974823,0.0820828229188919,-0.12104871869087219,0.9021373391151428,2,0.0,0.9916596412658691
6,472,-1.6336853504180908,0.09132544696331024,-0.10787060856819153,0.9350373148918152,2,0.0,0.9898184537887573
6,473,-1.634683609008789,0.10090382397174835,-0.09525612741708755,0.9684562683105469,0,-5.0,0.9884302020072937
6,474,-1.6376817226409912,0.10756304115056992,-0.45644378662109375,0.4294051229953766,4,5.0,0.9866370558738708
6,475,-1.6398875713348389,0.11559818685054779,-0.0437903068959713,1.0788954496383667,1,-2.5,0.9843779802322388
6,476,-1.6413242816925049,0.12498801201581955,-0.22121937572956085,0.8246684074401855,2,0.0,0.9821528792381287
6,477,-1.6433954238891602,0.13359302282333374,-0.19852931797504425,0.8784817457199097,2,0.0,0.9796267151832581
6,478,-1.6452465057373047,0.1427350789308548,-0.1771807074546814,0.9315080046653748,2,0.0,0.9767718315124512
6,479,-1.64689040184021,0.1524079144001007,-0.15705852210521698,0.9840017557144165,0,-5.0,0.9745942950248718
6,480,-1.650447130203247,0.1593916416168213,-0.5086668133735657,0.47098538279533386,2,0.0,0.9728730916976929
6,481,-1.655258059501648,0.1647024303674698,-0.462943434715271,0.5647958517074585,2,0.0,0.9707830548286438
6,482,-1.6596295833587646,0.1709296703338623,-0.42044031620025635,0.6544563174247742,2,0.0,0.9683034420013428
6,483,-1.6635924577713013,0.17803522944450378,-0.3808895945549011,0.7405067682266235,0,-5.0,0.9665849208831787
6,484,-1.6692739725112915,0.1827978938817978,-0.7130457758903503,0.26306068897247314,0,-5.0,0.9665065407752991
6,485,-1.6781326532363892,0.18301226198673248,-1.0200586318969727,-0.17529430985450745,4,5.0,0.9656242728233337
6,486,-1.6857362985610962,0.18540692329406738,-0.56671541929245,0.5402428507804871,2,0.0,0.9633329510688782
6,487,-1.6910953521728516,0.1914863884449005,-0.5157303214073181,0.6456099152565002,1,-2.5,0.9611873030662537
6,488,-1.6970117092132568,0.1970093846321106,-0.6523691415786743,0.4675963222980499,0,-5.0,0.9602920413017273
6,489,-1.7052791118621826,0.1992686241865158,-0.962322473526001,0.028272543102502823,0,-5.0,0.9610581398010254
6,490,-1.7165144681930542,0.19733701646327972,-1.2492507696151733,-0.37586745619773865,2,0.0,0.9620895981788635
6,491,-1.7284090518951416,0.19470587372779846,-1.147512435913086,-0.19225992262363434,3,2.5,0.9618076682090759
6,492,-1.738282322883606,0.19542860984802246,-0.8692566156387329,0.2583671808242798,1,-2.5,0.9610674381256104
6,493,-1.7475824356079102,0.1973133385181427,-0.9794365167617798,0.12102876603603363,3,2.5,0.9595732092857361
6,494,-1.7558454275131226,0.2010640949010849,-0.7136194109916687,0.5530107617378235,0,-5.0,0.9582913517951965
6,495,-1.7646973133087158,0.20422698557376862,-1.0186461210250854,0.12216383963823318,3,2.5,0.9567282795906067
6,496,-1.7733356952667236,0.20801866054534912,-0.7500078082084656,0.5588675737380981,0,-5.0,0.955359935760498
6,497,-1.782531499862671,0.21128207445144653,-1.0515923500061035,0.13492083549499512,3,2.5,0.9536774754524231
6,498,-1.7914854288101196,0.21522660553455353,-0.7806214094161987,0.5755839943885803,1,-2.5,0.9514826536178589
6,499,-1.7999277114868164,0.2202666699886322,-0.896034300327301,0.4340822994709015,3,2.5,0.9484216570854187
6,500,-1.8073922395706177,0.22710876166820526,-0.6367697715759277,0.8576433062553406,1,-2.5,0.9448214173316956
6,501,-1.814452052116394,0.23490114510059357,-0.7620921730995178,0.7035611867904663,0,-5.0,0.9425473213195801
6,502,-1.823744535446167,0.23969297111034393,-1.0598106384277344,0.2922208607196808,1,-2.5,0.9413754940032959
6,503,-1.8348495960235596,0.24212504923343658,-1.152985692024231,0.18855924904346466,1,-2.5,0.9406670928001404
6,504,-1.846846580505371,0.24358342587947845,-1.2391884326934814,0.09575313329696655,3,2.5,0.9388574957847595
6,505,-1.8575993776321411,0.24727004766464233,-0.9551094770431519,0.557755708694458,0,-5.0,0.9371196031570435
6,506,-1.8687320947647095,0.2507595717906952,-1.2372572422027588,0.17282256484031677,3,2.5,0.9348637461662292
6,507,-1.879467248916626,0.2552179992198944,-0.9535501599311829,0.6345481872558594,1,-2.5,0.9318599700927734
6,508,-1.8895480632781982,0.2610364258289337,-1.0535898208618164,0.5235744118690491,0,-5.0,0.9301541447639465
6,509,-1.9016145467758179,0.2642837166786194,-1.3269872665405273,0.1552010476589203,3,2.5,0.9278404712677002
6,510,-1.9132111072540283,0.26862531900405884,-1.037176489830017,0.6264853477478027,1,-2.5,0.9246819019317627
6,511,-1.924087405204773,0.2744413912296295,-1.1302392482757568,0.5283868908882141,0,-5.0,0.9228153228759766
6,512,-1.9368789196014404,0.27782130241394043,-1.3965487480163574,0.17400383949279785,3,2.5,0.9202524423599243
6,513,-1.9491444826126099,0.2823960483074188,-1.1022127866744995,0.6523494720458984,1,-2.5,0.9167462587356567
6,514,-1.960638403892517,0.28853732347488403,-1.1896916627883911,0.5650796294212341,1,-2.5,0.9136394262313843
6,515,-1.9729678630828857,0.29387176036834717,-1.2703914642333984,0.4889356195926666,0,-5.0,0.9117927551269531
6,516,-1.9870890378952026,0.2969970107078552,-1.5243507623672485,0.15784461796283722,0,-5.0,0.9118064641952515
6,517,-2.003643035888672,0.2969740629196167,-1.7596545219421387,-0.1450691819190979,0,-5.0,0.9135271906852722
6,518,-2.0224545001983643,0.29406261444091797,-1.9781813621520996,-0.42336809635162354,2,0.0,0.9150232672691345
6,519,-2.0413224697113037,0.2915077805519104,-1.8222426176071167,-0.1491621732711792,0,-5.0,0.916722297668457
6,520,-2.0607376098632812,0.2885788083076477,-2.036846160888672,-0.42298784852027893,2,0.0,0.918170154094696
6,521,-2.0801682472229004,0.28605911135673523,-1.8766703605651855,-0.14292888343334198,0,-5.0,0.9197914004325867
6,522,-2.100109338760376,0.2832113206386566,-2.087913751602173,-0.4130792021751404,2,0.0,0.9211413860321045
6,523,-2.120029926300049,0.2808177173137665,-1.924035668373108,-0.12793895602226257,0,-5.0,0.9226407408714294
6,524,-2.1404287815093994,0.2781352400779724,-2.1323883533477783,-0.39503389596939087,2,0.0,0.9238541126251221
6,525,-2.1607766151428223,0.2759454548358917,-1.9652758836746216,-0.10547515749931335,0,-5.0,0.9251974821090698
6,526,-2.1815736293792725,0.2735005021095276,-2.1711277961730957,-0.36998555064201355,2,0.0,0.9262435436248779
6,527,-2.2022929191589355,0.27158141136169434,-2.001190185546875,-0.07657710462808609,0,-5.0,0.9274039268493652
6,528,-2.2234373092651367,0.26943647861480713,-2.2048654556274414,-0.3388482928276062,2,0.0,0.9282583594322205
6,529,-2.2444801330566406,0.2678464353084564,-2.0324625968933105,-0.04207777976989746,2,0.0,0.9275753498077393
6,530,-2.2638697624206543,0.26911821961402893,-1.8724806308746338,0.23610332608222961,0,-5.0,0.9270914793014526
6,531,-2.2837815284729004,0.2700156271457672,-2.08564829826355,-0.04072226211428642,2,0.0,0.9263771176338196
6,532,-2.303680658340454,0.27133527398109436,-1.9218204021453857,0.24335379898548126,0,-5.0,0.9258303642272949
6,533,-2.324064016342163,0.2723410129547119,-2.131199359893799,-0.027316205203533173,2,0.0,0.925020158290863
6,534,-2.3443992137908936,0.27382442355155945,-1.9640837907791138,0.26182854175567627,0,-5.0,0.9243491291999817
6,535,-2.3651859760284424,0.2750469446182251,-2.17016339302063,-0.0033510401844978333,2,0.0,0.9233840703964233
6,536,-2.385895252227783,0.2767958343029022,-2.0002450942993164,0.2901635766029358,0,-5.0,0.9225317239761353
6,537,-2.407027006149292,0.27833127975463867,-2.2034246921539307,0.029992468655109406,2,0.0,0.9213554859161377
6,538,-2.4280550479888916,0.28043627738952637,-2.0311269760131836,0.3272823989391327,4,5.0,0.9167983531951904
6,539,-2.445383071899414,0.28844699263572693,-1.5112500190734863,1.1400089263916016,0,-5.0,0.9110739827156067
6,540,-2.461825370788574,0.29820454120635986,-1.7492738962173462,0.8314085602760315,0,-5.0,0.9069439768791199
6,541,-2.4805397987365723,0.30505093932151794,-1.9687175750732422,0.5525144338607788,0,-5.0,0.9043575525283813
6,542,-2.501352310180664,0.30926111340522766,-2.1714630126953125,0.29974639415740967,0,-5.0,0.9032310247421265
6,543,-2.524106025695801,0.3110771179199219,-2.3591604232788086,0.06999199837446213,1,-2.5,0.9025281667709351
6,544,-2.5476434230804443,0.31220489740371704,-2.354614019393921,0.12303774058818817,1,-2.5,0.9014905691146851
6,545,-2.571136713027954,0.31386202573776245,-2.3503565788269043,0.1758304238319397,0,-5.0,0.9010536670684814
6,546,-2.5956037044525146,0.3145572245121002,-2.5248141288757324,-0.03347015753388405,0,-5.0,0.9018651247024536
6,547,-2.621743679046631,0.31326475739479065,-2.686783790588379,-0.22437025606632233,0,-5.0,0.9038034677505493
6,548,-2.6494388580322266,0.3101556897163391,-2.8374016284942627,-0.39896172285079956,2,0.0,0.9049077033996582
6,549,-2.676548957824707,0.3083702325820923,-2.620088577270508,-0.03335414454340935,0,-5.0,0.905676543712616
6,550,-2.7036068439483643,0.30712127685546875,-2.7757983207702637,-0.21641308069229126,0,-5.0,0.9075043201446533
6,551,-2.732159376144409,0.30413106083869934,-2.9205682277679443,-0.3837168216705322,2,0.0,0.9084660410881042
6,552,-2.7600669860839844,0.3025456666946411,-2.697145938873291,-0.009371649473905563,0,-5.0,0.9090560078620911
6,553,-2.7878670692443848,0.3015693128108978,-2.8478376865386963,-0.18628834187984467,2,0.0,0.9088476896286011
6,554,-2.8150761127471924,0.3019144535064697,-2.6295106410980225,0.18043510615825653,0,-5.0,0.9083156585693359
6,555,-2.8422279357910156,0.3027942478656769,-2.7850842475891113,-0.0037358496338129044,0,-5.0,0.908839762210846
6,556,-2.8708715438842773,0.3019276559352875,-2.929452657699585,-0.17128022015094757,2,0.0,0.9085106253623962
6,557,-2.8988635540008545,0.3024720549583435,-2.70528507232666,0.2040652632713318,0,-5.0,0.907805860042572
6,558,-2.9267418384552,0.30363497138023376,-2.8553848266601562,0.028089135885238647,0,-5.0,0.9081116914749146
6,559,-2.956058979034424,0.3031308054924011,-2.9946393966674805,-0.13173368573188782,2,0.0,0.9075169563293457
6,560,-2.9846763610839844,0.30411025881767273,-2.7658329010009766,0.2504936158657074,0,-5.0,-2.0934996604919434
7,1,-0.198300302028656,0.10842868685722351,0.05809938907623291,0.03125046193599701,4,5.0,0.9874225854873657
7,2,-0.19557832181453705,0.11214910447597504,0.4325001835823059,0.6220957636833191,0,-5.0,0.9867681264877319
7,3,-0.19351454079151154,0.11502973735332489,0.03308214992284775,0.02664649486541748,4,5.0,0.9859039783477783
7,4,-0.19103127717971802,0.1187267079949379,0.40938663482666016,0.6209757924079895,0,-5.0,0.9852066040039062
7,5,-0.18918445706367493,0.12162795662879944,0.01234837993979454,0.030633851885795593,4,5.0,0.9842787981033325
7,6,-0.18689899146556854,0.12538422644138336,0.39021438360214233,0.6278931498527527,0,-5.0,0.9835174679756165
7,7,-0.1852312833070755,0.1283843219280243,-0.0047180503606796265,0.04228036105632782,4,5.0,0.9825035929679871
7,8,-0.1831086277961731,0.132273867726326,0.37441349029541016,0.6419987082481384,0,-5.0,0.9816551208496094
7,9,-0.18158750236034393,0.1354432851076126,-0.018627993762493134,0.06086381524801254,4,5.0,0.9805304408073425
7,10,-0.17959758639335632,0.13953328132629395,0.36150890588760376,0.6626340746879578,0,-5.0,0.9795690774917603
7,11,-0.1781950294971466,0.14293669164180756,-0.029805079102516174,0.08583922684192657,2,0.0,0.9792461395263672
7,12,-0.17842422425746918,0.1440621018409729,-0.02024189755320549,0.12204048037528992,2,0.0,0.978816568851471
7,13,-0.17856144905090332,0.14554524421691895,-0.011335642077028751,0.1574130356311798,2,0.0,0.9782794713973999
7,14,-0.1786128282546997,0.1473788619041443,-0.003021280048415065,0.19210925698280334,1,-2.5,0.9781121015548706
7,15,-0.17963950335979462,0.1479455828666687,-0.18080458045005798,-0.05702599883079529,4,5.0,0.9772078990936279
7,16,-0.179202139377594,0.15097038447856903,0.21129819750785828,0.5638397932052612,0,-5.0,0.9764334559440613
7,17,-0.1792297512292862,0.15351396799087524,-0.16759556531906128,0.008671917021274567,4,5.0,0.9752911329269409
7,18,-0.1786658614873886,0.15719066560268402,0.22343960404396057,0.6282365322113037,0,-5.0,0.9742759466171265
7,19,-0.178572878241539,0.16038724780082703,-0.1556796282529831,0.07424719631671906,2,0.0,0.9739155769348145
7,20,-0.1800013780593872,0.16150665283203125,-0.13595454394817352,0.12850159406661987,2,0.0,0.9733795523643494
7,21,-0.18124054372310638,0.16315776109695435,-0.11764190346002579,0.18077847361564636,2,0.0,0.972668468952179
7,22,-0.182303786277771,0.16532252728939056,-0.10061505436897278,0.2313482165336609,1,-2.5,0.9723165035247803
7,23,-0.18425559997558594,0.16638346016407013,-0.26976311206817627,-0.001174982637166977,4,5.0,0.9710882902145386
7,24,-0.18467043340206146,0.17003436386585236,0.12861277163028717,0.6302440762519836,0,-5.0,0.9699506759643555
7,25,-0.18547630310058594,0.17334750294685364,-0.24203245341777802,0.09229649603366852,2,0.0,0.9694716334342957
7,26,-0.1877274513244629,0.17472361028194427,-0.21533720195293427,0.15902096033096313,2,0.0,0.9687587022781372
7,27,-0.1897224485874176,0.17675206065177917,-0.19056084752082825,0.22303889691829681,1,-2.5,0.9683827757835388
7,28,-0.19252967834472656,0.177812397480011,-0.35216081142425537,0.004195723682641983,4,5.0,0.9670306444168091
7,29,-0.19373443722724915,0.18157462775707245,0.052026472985744476,0.6449390053749084,0,-5.0,0.9657320380210876
7,30,-0.19526536762714386,0.18511608242988586,-0.31163105368614197,0.12048782408237457,2,0.0,0.9650919437408447
7,31,-0.19817936420440674,0.18683701753616333,-0.2792961001396179,0.19744060933589935,1,-2.5,0.9647612571716309
7,32,-0.20183125138282776,0.18771992623806,-0.43355700373649597,-0.008323561400175095,3,2.5,0.9639670848846436
7,33,-0.204864501953125,0.18982332944869995,-0.20787560939788818,0.36212974786758423,0,-5.0,0.9636234641075134
7,34,-0.20887833833694458,0.19072631001472473,-0.5513494610786438,-0.12978094816207886,0,-5.0,0.9650573134422302
7,35,-0.21618250012397766,0.18692976236343384,-0.8695352673530579,-0.5833712816238403,3,2.5,0.966306746006012
7,36,-0.2233939915895462,0.18355724215507507,-0.6118320226669312,-0.16445709764957428,0,-5.0,0.967803955078125
7,37,-0.23128288984298706,0.1794327199459076,-0.9263626933097839,-0.614234983921051,3,2.5,0.9691008925437927
7,38,-0.23903951048851013,0.1757814586162567,-0.6644684076309204,-0.18953341245651245,2,0.0,0.9695104956626892
7,39,-0.2453368455171585,0.17461246252059937,-0.6064839363098145,-0.07497233897447586,0,-5.0,0.9706371426582336
7,40,-0.2531806230545044,0.17135591804981232,-0.9223239421844482,-0.5288046598434448,2,0.0,0.9721274375915527
7,41,-0.2619504928588867,0.16695067286491394,-0.8455838561058044,-0.38637232780456543,2,0.0,0.9731318354606628
7,42,-0.26998600363731384,0.16391518712043762,-0.774601936340332,-0.25324881076812744,2,0.0,0.9737036228179932
7,43,-0.2773420810699463,0.16216160356998444,-0.7089377641677856,-0.1285967081785202,0,-5.0,0.9749089479446411
7,44,-0.2861759662628174,0.1584014743566513,-1.0185177326202393,-0.5757884383201599,3,2.5,0.9759204983711243
7,45,-0.294817179441452,0.15517567098140717,-0.749813437461853,-0.14242307841777802,0,-5.0,0.9771126508712769
7,46,-0.30404728651046753,0.1512855440378189,-1.057073950767517,-0.5876530408859253,3,2.5,0.9781080484390259
7,47,-0.31305867433547974,0.14795918762683868,-0.7855501174926758,-0.15059874951839447,0,-5.0,0.979266345500946
7,48,-0.3226358890533447,0.14399203658103943,-1.090872883796692,-0.5944684743881226,3,2.5,0.9802281856536865
7,49,-0.3319719731807709,0.14061225950717926,-0.8168910145759583,-0.15430594980716705,0,-5.0,0.9813377261161804
7,50,-0.3418540954589844,0.13660994172096252,-1.1205939054489136,-0.5972979664802551,3,2.5,0.9822540879249573
7,51,-0.35147586464881897,0.13321368396282196,-0.8444676399230957,-0.154529869556427,0,-5.0,0.9833050966262817
7,52,-0.3616268038749695,0.1292087882757187,-1.1468147039413452,-0.5970286726951599,3,2.5,0.9841682314872742
7,53,-0.37150076031684875,0.12582455575466156,-0.868815541267395,-0.15209048986434937,0,-5.0,0.9851545691490173
7,54,-0.3818894326686859,0.12184198945760727,-1.1700268983840942,-0.5944015979766846,3,2.5,0.9859598278999329
7,55,-0.3919869065284729,0.11849120259284973,-0.8903917670249939,-0.1476706564426422,0,-5.0,0.9868784546852112
7,56,-0.4025866985321045,0.11454939842224121,-1.190650463104248,-0.590035080909729,3,2.5,0.9876239895820618
7,57,-0.412882924079895,0.11124761402606964,-0.9095844626426697,-0.14183872938156128,0,-5.0,0.9884738922119141
7,58,-0.4236707389354706,0.10735964775085449,-1.2090425491333008,-0.5844451785087585,3,2.5,0.9891595244407654
7,59,-0.4341444671154022,0.1041175127029419,-0.9267248511314392,-0.1350671499967575,0,-5.0,0.9899415373802185
7,60,-0.44510066509246826,0.10029198974370956,-1.2255091667175293,-0.5780625939369202,3,2.5,0.9905684590339661
7,61,-0.45573341846466064,0.09711608290672302,-0.9420956373214722,-0.12774920463562012,0,-5.0,0.9912843108177185
7,62,-0.4668407738208771,0.0933578610420227,-1.240312099456787,-0.5712467432022095,3,2.5,0.9918546676635742
7,63,-0.4776168167591095,0.09025134146213531,-0.955938458442688,-0.12021224200725555,0,-5.0,0.9925069808959961
7,64,-0.4888606071472168,0.08656218647956848,-1.2536749839782715,-0.5642980337142944,3,2.5,0.9930235147476196
7,65,-0.49976611137390137,0.08352535963058472,-0.9684602618217468,-0.11272905021905899,0,-5.0,0.9936153292655945
7,66,-0.5111334919929504,0.07990439981222153,-1.2657904624938965,-0.5574684143066406,1,-2.5,0.9945743083953857
7,67,-0.5242857933044434,0.07365914434194565,-1.354142189025879,-0.6814644932746887,0,-5.0,0.9958294630050659
7,68,-0.5393523573875427,0.0645798072218895,-1.623562216758728,-1.0852587223052979,4,5.0,0.9966143369674683
7,69,-0.5527401566505432,0.05818624794483185,-1.1240376234054565,-0.3062511682510376,2,0.0,0.9968680143356323
7,70,-0.5634779334068298,0.05596389248967171,-1.0367560386657715,-0.16302458941936493,1,-2.5,0.9971410036087036
7,71,-0.5744471549987793,0.05346968024969101,-1.143555998802185,-0.31918349862098694,2,0.0,0.9973864555358887
7,72,-0.58537358045578,0.051122989505529404,-1.0550336837768555,-0.17472544312477112,1,-2.5,0.9976463317871094
7,73,-0.5965200066566467,0.04851479455828667,-1.1607471704483032,-0.3299867808818817,2,0.0,0.9978781938552856
7,74,-0.6076129078865051,0.046063099056482315,-1.0711712837219238,-0.1846219003200531,1,-2.5,0.9981201887130737
7,75,-0.6189159750938416,0.04335720092058182,-1.1759676933288574,-0.3392770290374756,2,0.0,0.9983342289924622
7,76,-0.6301565170288086,0.04081397131085396,-1.0854970216751099,-0.19328296184539795,2,0.0,0.9984264969825745
7,77,-0.6405317187309265,0.039667148143053055,-1.0019171237945557,-0.05825270339846611,0,-5.0,0.9986661672592163
7,78,-0.6522417664527893,0.0365217849612236,-1.2998712062835693,-0.5117940902709961,1,-2.5,0.9990589618682861
7,79,-0.665738582611084,0.030676495283842087,-1.3881067037582397,-0.6424934267997742,2,0.0,0.9993640184402466
7,80,-0.6790149807929993,0.025218715891242027,-1.2823785543441772,-0.47488459944725037,1,-2.5,0.999611496925354
7,81,-0.6923489570617676,0.019710812717676163,-1.3725353479385376,-0.6102959513664246,2,0.0,0.9997884035110474
7,82,-0.7054803967475891,0.014546242542564869,-1.2685048580169678,-0.4469166696071625,1,-2.5,0.9999136924743652
7,83,-0.7186859846115112,0.009289935231208801,-1.3602715730667114,-0.5864489674568176,2,0.0,0.999981164932251
7,84,-0.7317038774490356,0.004337888676673174,-1.2576806545257568,-0.42684227228164673,2,0.0,0.9999991655349731
7,85,-0.7437417507171631,0.0009059015428647399,-1.1630325317382812,-0.2802020013332367,2,0.0,0.9999987483024597
7,86,-0.7548747658729553,-0.0011279027676209807,-1.0756587982177734,-0.14527300000190735,1,-2.5,0.9999876022338867
7,87,-0.7662404179573059,-0.0035221416037529707,-1.1827067136764526,-0.3107045888900757,2,0.0,0.9999657273292542
7,88,-0.7775636315345764,-0.00585582060739398,-1.0940910577774048,-0.17453746497631073,1,-2.5,0.9999271035194397
7,89,-0.7891077399253845,-0.00853885617107153,-1.200002908706665,-0.33893561363220215,2,0.0,0.9998756051063538
7,90,-0.8005985617637634,-0.011152328923344612,-1.1103562116622925,-0.20194853842258453,2,0.0,0.9998447895050049
7,91,-0.8112322688102722,-0.01245951373130083,-1.027571678161621,-0.07591867446899414,1,-2.5,0.9997979998588562
7,92,-0.8221422433853149,-0.01421158667653799,-1.1388118267059326,-0.24950625002384186,2,0.0,0.9997445940971375
7,93,-0.8330496549606323,-0.015981076285243034,-1.0540581941604614,-0.12091732025146484,1,-2.5,0.9996697902679443
7,94,-0.8442144393920898,-0.018171805888414383,-1.163491129875183,-0.29225099086761475,2,0.0,0.9995855093002319
7,95,-0.855359673500061,-0.020359572023153305,-1.0771007537841797,-0.16175496578216553,1,-2.5,0.9994732737541199
7,96,-0.8667467832565308,-0.02295105904340744,-1.1850261688232422,-0.33142051100730896,2,0.0,0.9993484616279602
7,97,-0.8781001567840576,-0.02552489936351776,-1.0972806215286255,-0.19958007335662842,2,0.0,0.9992794990539551
7,98,-0.8886145353317261,-0.02684265933930874,-1.0162568092346191,-0.07847648113965988,1,-2.5,0.9991790652275085
7,99,-0.8994215726852417,-0.02865244634449482,-1.1290674209594727,-0.25661611557006836,2,0.0,0.9990682005882263
7,100,-0.9102416634559631,-0.030525289475917816,-1.0458321571350098,-0.13259898126125336,1,-2.5,0.9989200234413147
7,101,-0.9213333129882812,-0.032863106578588486,-1.1566053628921509,-0.3081464171409607,2,0.0,0.99875807762146
7,102,-0.9324187636375427,-0.03524073213338852,-1.0715371370315552,-0.1819693148136139,1,-2.5,0.9985511898994446
7,103,-0.9437582492828369,-0.03806331008672714,-1.1806102991104126,-0.3555927276611328,2,0.0,0.9983264207839966
7,104,-0.9550756216049194,-0.04090901091694832,-1.094030499458313,-0.22790765762329102,2,0.0,0.9981903433799744
7,105,-0.9655654430389404,-0.04253995418548584,-1.0141035318374634,-0.11089572310447693,1,-2.5,0.998001754283905
7,106,-0.9763578176498413,-0.04470177739858627,-1.1278321743011475,-0.2927381694316864,2,0.0,0.9977942109107971
7,107,-0.9871727228164673,-0.04696570336818695,-1.0455834865570068,-0.1727568507194519,1,-2.5,0.9975266456604004
7,108,-0.9982681274414062,-0.049732793122529984,-1.1571581363677979,-0.35192644596099854,2,0.0,0.9972355365753174
7,109,-1.0093660354614258,-0.052578482776880264,-1.0729933977127075,-0.2297983169555664,2,0.0,0.9970554709434509
7,110,-1.019659399986267,-0.0542633980512619,-0.9953010678291321,-0.1180645078420639,1,-2.5,0.9968045353889465
7,111,-1.0302760601043701,-0.05652859807014465,-1.1109813451766968,-0.30458906292915344,2,0.0,0.9965256452560425
7,112,-1.0409348011016846,-0.05894369259476662,-1.030665636062622,-0.18945521116256714,2,0.0,0.9963681697845459
7,113,-1.0508257150650024,-0.060264602303504944,-0.95650714635849,-0.08416116237640381,1,-2.5,0.9961279034614563
7,114,-1.0610731840133667,-0.06222599372267723,-1.075364589691162,-0.2764183282852173,2,0.0,0.9958534836769104
7,115,-1.071393370628357,-0.06439321488142014,-0.9980441331863403,-0.16679473221302032,3,2.5,0.9959197044372559
7,116,-1.0799083709716797,-0.06387736648321152,-0.7393002510070801,0.22195568680763245,0,-5.0,0.9958310723304749
7,117,-1.0891432762145996,-0.06456731259822845,-1.0619217157363892,-0.284605473279953,4,5.0,0.9959618449211121
7,118,-1.0972042083740234,-0.0635465532541275,-0.6110708117485046,0.39997586607933044,1,-2.5,0.99629145860672
7,119,-1.1041455268859863,-0.060897864401340485,-0.7559083104133606,0.16734211146831512,0,-5.0,0.996141254901886
7,120,-1.1135387420654297,-0.0621190071105957,-1.0771980285644531,-0.3368183672428131,2,0.0,0.9957894682884216
7,121,-1.1238763332366943,-0.06488882005214691,-0.9997324347496033,-0.22697019577026367,4,5.0,0.9959889054298401
7,122,-1.1313420534133911,-0.06333321332931519,-0.553561270236969,0.4503602385520935,4,5.0,0.9969428181648254
7,123,-1.1345345973968506,-0.05529169738292694,-0.14051689207553864,1.0771933794021606,1,-2.5,0.9978688359260559
7,124,-1.136966586112976,-0.04616427794098854,-0.3200817108154297,0.7923181056976318,2,0.0,0.9985476732254028
7,125,-1.1400483846664429,-0.03810928016901016,-0.2983270585536957,0.8190656304359436,4,5.0,0.999298095703125
7,126,-1.140783667564392,-0.026493985205888748,0.09751680493354797,1.4240798950195312,0,-5.0,0.9997549057006836
7,127,-1.1419949531555176,-0.015655556693673134,-0.2863547205924988,0.8280807137489319,4,5.0,0.9999846816062927
7,128,-1.1426057815551758,-0.0039151618257164955,0.10993219166994095,1.4375149011611938,0,-5.0,0.9999498128890991
7,129,-1.143690824508667,0.007085335440933704,-0.2739245593547821,0.8447974324226379,4,5.0,0.9996380805969238
7,130,-1.1441739797592163,0.019024336710572243,0.12256433814764023,1.4580153226852417,0,-5.0,0.9990842342376709
7,131,-1.1451294422149658,0.03026162087917328,-0.26106634736061096,0.8692700862884521,4,5.0,0.998196005821228
7,132,-1.145481824874878,0.04247326776385307,0.13537512719631195,1.4856271743774414,0,-5.0,0.9970815181732178
7,133,-1.1463046073913574,0.0540228895843029,-0.24780291318893433,0.9016072750091553,4,5.0,0.9955667853355408
7,134,-1.1465237140655518,0.06658218801021576,0.14832738041877747,1.5204335451126099,0,-5.0,0.9938344359397888
7,135,-1.1472110748291016,0.07852097600698471,-0.23415298759937286,0.941967248916626,3,2.5,0.9919239282608032
7,136,-1.148358941078186,0.08986710011959076,-0.025652023032307625,1.2748290300369263,1,-2.5,0.9897685050964355
7,137,-1.1496353149414062,0.1011510044336319,-0.20629630982875824,1.011104941368103,3,2.5,0.9871857166290283
7,138,-1.1505110263824463,0.11320023983716965,0.0006849654018878937,1.3443845510482788,1,-2.5,0.9843227863311768
7,139,-1.151524543762207,0.12520869076251984,-0.18043425679206848,1.0841472148895264,0,-5.0,0.9822741746902466
7,140,-1.15532386302948,0.133138507604599,-0.5330913066864014,0.5634158849716187,1,-2.5,0.9810304641723633
7,141,-1.1614352464675903,0.1377299726009369,-0.6725988984107971,0.370266318321228,0,-5.0,0.9807140231132507
7,142,-1.1699368953704834,0.13887402415275574,-0.9871968626976013,-0.0897936224937439,1,-2.5,0.9811654686927795
7,143,-1.180393934249878,0.1372389942407608,-1.0925160646438599,-0.22985228896141052,2,0.0,0.9815353751182556
7,144,-1.1908031702041626,0.13588456809520721,-1.0042527914047241,-0.07423080503940582,1,-2.5,0.9819338321685791
7,145,-1.2014248371124268,0.13441035151481628,-1.1084959506988525,-0.21315424144268036,2,0.0,0.9822500348091125
7,146,-1.2119879722595215,0.1332290768623352,-1.01914644241333,-0.05624016001820564,1,-2.5,0.9825920462608337
7,147,-1.2227535247802734,0.13193924725055695,-1.122450828552246,-0.1941780000925064,2,0.0,0.9828512668609619
7,148,-1.2334508895874023,0.1309531331062317,-1.0321519374847412,-0.03613368421792984,1,-2.5,0.9831342101097107
7,149,-1.2443419694900513,0.12986838817596436,-1.1346325874328613,-0.17319415509700775,1,-2.5,0.9837496280670166
7,150,-1.256215214729309,0.12747693061828613,-1.2295877933502197,-0.2989611029624939,2,0.0,0.9842483997344971
7,151,-1.2679401636123657,0.1255054473876953,-1.131505012512207,-0.12960948050022125,1,-2.5,0.9847379922866821
7,152,-1.279785394668579,0.1235395148396492,-1.2269576787948608,-0.2568623721599579,2,0.0,0.9851204752922058
7,153,-1.291486382484436,0.12198156863451004,-1.1292076110839844,-0.08852910995483398,1,-2.5,0.9854994416236877
7,154,-1.3033113479614258,0.12041826546192169,-1.225044846534729,-0.21695269644260406,2,0.0,0.9857785701751709
7,155,-1.3149948120117188,0.11925361305475235,-1.1275471448898315,-0.04941050708293915,1,-2.5,0.986058235168457
7,156,-1.3268049955368042,0.11807523667812347,-1.2236720323562622,-0.1787232756614685,1,-2.5,0.9866219758987427
7,157,-1.3395363092422485,0.11566358059644699,-1.3127349615097046,-0.2974449396133423,2,0.0,0.987062394618988
7,158,-1.352061152458191,0.1137436181306839,-1.2088987827301025,-0.12083102017641068,1,-2.5,0.9874799251556396
7,159,-1.3646527528762817,0.11189320683479309,-1.2993167638778687,-0.24233514070510864,2,0.0,0.9877875447273254
7,160,-1.3770502805709839,0.11051010340452194,-1.196613073348999,-0.0679468959569931,1,-2.5,0.9880809187889099
7,161,-1.3895256519317627,0.10917448997497559,-1.2881369590759277,-0.19166965782642365,2,0.0,0.9882739782333374
7,162,-1.4018168449401855,0.1082867756485939,-1.186363935470581,-0.019061118364334106,1,-2.5,0.9884589314460754
7,163,-1.4141950607299805,0.10742921382188797,-1.2787821292877197,-0.14451150596141815,1,-2.5,0.9888960123062134
7,164,-1.4274588823318481,0.10537543147802353,-1.3643789291381836,-0.259670227766037,2,0.0,0.9892148971557617
7,165,-1.4404815435409546,0.10385142266750336,-1.2570757865905762,-0.07909496128559113,1,-2.5,0.9895078539848328
7,166,-1.4535388946533203,0.1024310439825058,-1.3444973230361938,-0.19762587547302246,2,0.0,0.98969566822052
7,167,-1.466372013092041,0.1015101969242096,-1.2387830018997192,-0.019871102645993233,1,-2.5,0.9898663759231567
7,168,-1.479255199432373,0.10066580772399902,-1.3277039527893066,-0.14107292890548706,1,-2.5,0.9902651309967041
7,169,-1.492990493774414,0.09866554290056229,-1.4100561141967773,-0.2523588240146637,2,0.0,0.9905455112457275
7,170,-1.5064524412155151,0.09723424166440964,-1.2996034622192383,-0.067842498421669,4,5.0,0.9898315668106079
7,171,-1.516732096672058,0.10083872824907303,-0.8238645792007446,0.6776355504989624,0,-5.0,0.9889611005783081
7,172,-1.5267057418823242,0.10506600886583328,-1.1305603981018066,0.22213223576545715,0,-5.0,0.9889858365058899
7,173,-1.5396130084991455,0.10494837909936905,-1.4139686822891235,-0.1969449520111084,0,-5.0,0.9898346662521362
7,174,-1.5552340745925903,0.10082344710826874,-1.6763192415237427,-0.5838655829429626,0,-5.0,0.9913530349731445
7,175,-1.5733708143234253,0.09298922121524811,-1.9195833206176758,-0.9423922896385193,3,2.5,0.9924982190132141
7,176,-1.5906521081924438,0.08661270886659622,-1.5845783948898315,-0.41362953186035156,0,-5.0,0.9935372471809387
7,177,-1.6079171895980835,0.08039148151874542,-1.8356785774230957,-0.7867863774299622,0,-5.0,0.9950173497200012
7,178,-1.6275907754898071,0.07058785110712051,-2.0686233043670654,-1.1332595348358154,0,-5.0,0.9966995120048523
7,179,-1.649500846862793,0.057449907064437866,-2.284986734390259,-1.4560401439666748,3,2.5,0.9978720545768738
7,180,-1.6702898740768433,0.04612940177321434,-1.9236239194869995,-0.890766441822052,0,-5.0,0.9987556338310242
7,181,-1.6908221244812012,0.03527534008026123,-2.152235507965088,-1.2365174293518066,3,2.5,0.9993222951889038
7,182,-1.7103452682495117,0.026033006608486176,-1.8014212846755981,-0.6902915239334106,0,-5.0,0.9997087717056274
7,183,-1.7297158241271973,0.017066312953829765,-2.0403177738189697,-1.0551398992538452,3,2.5,0.9999090433120728
7,184,-1.7481731176376343,0.00953634176403284,-1.6985942125320435,-0.5254272818565369,0,-5.0,0.9999955296516418
7,185,-1.7665659189224243,0.002120953518897295,-1.9460936784744263,-0.9061071872711182,0,-5.0,0.9999198913574219
7,186,-1.787330985069275,-0.008951608091592789,-2.175422430038452,-1.2599670886993408,3,2.5,0.9996582865715027
7,187,-1.8070911169052124,-0.018485132604837418,-1.8248298168182373,-0.7205334901809692,0,-5.0,0.9992262125015259
7,188,-1.8267030715942383,-0.0278165340423584,-2.0642340183258057,-1.0929419994354248,0,-5.0,0.9983411431312561
7,189,-1.8486098051071167,-0.040728967636823654,-2.2860169410705566,-1.4395701885223389,3,2.5,0.9972913861274719
7,190,-1.8694417476654053,-0.05204463750123978,-1.9289462566375732,-0.8954840302467346,0,-5.0,0.9960172176361084
7,191,-1.8900612592697144,-0.06310919672250748,-2.1618454456329346,-1.2625162601470947,0,-5.0,0.9939618706703186
7,192,-1.9129122495651245,-0.07770539075136185,-2.3774826526641846,-1.6044641733169556,4,5.0,0.9920704364776611
7,193,-1.933572769165039,-0.08904805034399033,-1.8290166854858398,-0.7728394865989685,2,0.0,0.9908347725868225
7,194,-1.9511194229125977,-0.09573515504598618,-1.6968058347702026,-0.5832679271697998,0,-5.0,0.9892065525054932
7,195,-1.9695289134979248,-0.10389126092195511,-1.9484918117523193,-0.9845089316368103,3,2.5,0.9876756072044373
7,196,-1.9871639013290405,-0.1110154241323471,-1.6216182708740234,-0.49875539541244507,1,-2.5,0.9863653182983398
7,197,-2.003796100616455,-0.11676763743162155,-1.692833423614502,-0.6248767971992493,0,-5.0,0.9842829704284668
7,198,-2.022172212600708,-0.12536774575710297,-1.945216417312622,-1.029476523399353,3,2.5,0.9823125004768372
7,199,-2.0397887229919434,-0.1329944133758545,-1.6204718351364136,-0.5514921545982361,1,-2.5,0.9805931448936462
7,200,-2.056417226791382,-0.13930846750736237,-1.6926316022872925,-0.6820750832557678,0,-5.0,0.9779462814331055
7,201,-2.0747950077056885,-0.14850503206253052,-1.9452918767929077,-1.0893512964248657,2,0.0,0.974910318851471
7,202,-2.0934810638427734,-0.15839716792106628,-1.8081128597259521,-0.902692973613739,4,5.0,0.973325788974762
7,203,-2.108752489089966,-0.16332247853279114,-1.3116354942321777,-0.1702866554260254,4,5.0,0.973995566368103
7,204,-2.119274139404297,-0.16125905513763428,-0.85264652967453,0.5040724277496338,4,5.0,0.9766716361045837
7,205,-2.1253960132598877,-0.1527361273765564,-0.4269803464412689,1.1285372972488403,1,-2.5,0.9795392155647278
7,206,-2.1305956840515137,-0.1430412232875824,-0.5879575610160828,0.8600993752479553,2,0.0,0.9819626808166504
7,207,-2.1362802982330322,-0.13430315256118774,-0.551188051700592,0.8949069380760193,2,0.0,0.9843186736106873
7,208,-2.141608715057373,-0.12522496283054352,-0.5166602730751038,0.9276717901229858,2,0.0,0.9865845441818237
7,209,-2.1466028690338135,-0.11582518368959427,-0.4842001795768738,0.958702564239502,0,-5.0,0.9880377054214478
7,210,-2.1534039974212646,-0.10937238484621048,-0.8266480565071106,0.4162974953651428,1,-2.5,0.9886600971221924
7,211,-2.162423849105835,-0.10648884624242783,-0.9571238160133362,0.19966624677181244,2,0.0,0.9891728162765503
7,212,-2.171630859375,-0.10405368357896805,-0.8911725282669067,0.28484228253364563,2,0.0,0.9898383617401123
7,213,-2.1802051067352295,-0.10080494731664658,-0.8299793004989624,0.36312857270240784,1,-2.5,0.9903098344802856
7,214,-2.1892542839050293,-0.09843849390745163,-0.959911048412323,0.14843350648880005,1,-2.5,0.9903702735900879
7,215,-2.199547290802002,-0.09813123941421509,-1.0800867080688477,-0.05100749060511589,0,-5.0,0.989723801612854
7,216,-2.2120532989501953,-0.1013716459274292,-1.378045916557312,-0.5235137343406677,2,0.0,0.9887884855270386
7,217,-2.225288152694702,-0.10588443279266357,-1.280367136001587,-0.38899073004722595,2,0.0,0.9880918860435486
7,218,-2.2375903129577637,-0.10912452638149261,-1.1902825832366943,-0.2668364644050598,3,2.5,0.9879922866821289
7,219,-2.2479701042175293,-0.1095798909664154,-0.9205864071846008,0.13038542866706848,1,-2.5,0.9880107641220093
7,220,-2.257889986038208,-0.10949546098709106,-1.0441194772720337,-0.07567379623651505,4,5.0,0.9886563420295715
7,221,-2.265808582305908,-0.10650668293237686,-0.5987645387649536,0.5910629630088806,0,-5.0,0.9892569780349731
7,222,-2.2737069129943848,-0.10364850610494614,-0.9327432513237,0.0624835342168808,0,-5.0,0.9887943863868713
7,223,-2.2848033905029297,-0.10585657507181168,-1.2418159246444702,-0.427643358707428,2,0.0,0.9880079627037048
7,224,-2.2967357635498047,-0.10950819402933121,-1.154600739479065,-0.3098982572555542,3,2.5,0.9878078103065491
7,225,-2.306774139404297,-0.11041828244924545,-0.8875995874404907,0.08309830725193024,1,-2.5,0.987716794013977
7,226,-2.316377878189087,-0.11082950979471207,-1.0136284828186035,-0.12690722942352295,4,5.0,0.9882545471191406
7,227,-2.3240060806274414,-0.10837654024362564,-0.5707005858421326,0.5357832312583923,4,5.0,0.990084707736969
7,228,-2.3273894786834717,-0.09957549721002579,-0.16027168929576874,1.1494228839874268,1,-2.5,0.9919402003288269
7,229,-2.3300228118896484,-0.08977629989385605,-0.3398047685623169,0.8588426113128662,3,2.5,0.9936823844909668
7,230,-2.3322463035583496,-0.07948323339223862,-0.13174636662006378,1.1653774976730347,1,-2.5,0.9951676726341248
7,231,-2.3346011638641357,-0.06951495260000229,-0.3127850294113159,0.8750306963920593,3,2.5,0.996514618396759
7,232,-2.3365561962127686,-0.059036966413259506,-0.105399489402771,1.1840956211090088,3,2.5,0.9979223012924194
7,233,-2.336519956588745,-0.04558215290307999,0.0872582271695137,1.4723421335220337,0,-5.0,0.9988247752189636
7,234,-2.337834358215332,-0.034281548112630844,-0.29645493626594543,0.8740804195404053,3,2.5,0.9994356036186218
7,235,-2.3396174907684326,-0.023756539449095726,-0.08816924691200256,1.1904208660125732,0,-5.0,0.9997711181640625
7,236,-2.3426055908203125,-0.015128920786082745,-0.45804789662361145,0.6163424253463745,1,-2.5,0.9998931288719177
7,237,-2.3480641841888428,-0.010337411426007748,-0.612122654914856,0.3764120638370514,2,0.0,0.9999617338180542
7,238,-2.3539278507232666,-0.0061872550286352634,-0.5666579008102417,0.4451082646846771,0,-5.0,0.9999781847000122
7,239,-2.3614907264709473,-0.004670039284974337,-0.8999071717262268,-0.07007619738578796,4,5.0,0.9999977946281433
7,240,-2.3679707050323486,-0.00148827547673136,-0.4570460319519043,0.6127399206161499,1,-2.5,0.9999891519546509
7,241,-2.373415231704712,0.003290046937763691,-0.6105085611343384,0.3757965564727783,2,0.0,0.9999443888664246
7,242,-2.379257917404175,0.007456894498318434,-0.5644530057907104,0.4474705457687378,0,-5.0,0.9999186396598816
7,243,-2.3867948055267334,0.009020277298986912,-0.8971477150917053,-0.06478208303451538,4,5.0,0.999849259853363
7,244,-2.3932433128356934,0.012276955880224705,-0.4537912607192993,0.6208490133285522,1,-2.5,0.9997056126594543
7,245,-2.3986504077911377,0.01715848222374916,-0.6067723035812378,0.3867572247982025,2,0.0,0.9995396137237549
7,246,-2.404451608657837,0.021456651389598846,-0.5602820515632629,0.46119335293769836,0,-5.0,0.9994626641273499
7,247,-2.4119420051574707,0.023180322721600533,-0.8924810290336609,-0.048061810433864594,3,2.5,0.9993761777877808
7,248,-2.4194083213806152,0.024976395070552826,-0.6365469694137573,0.3503571152687073,2,0.0,0.9991622567176819
7,249,-2.4254915714263916,0.028943704441189766,-0.5874238610267639,0.4300183951854706,2,0.0,0.99886554479599
7,250,-2.431103229522705,0.03368213027715683,-0.54178786277771,0.5049105286598206,0,-5.0,0.9987144470214844
7,251,-2.438410997390747,0.03585430607199669,-0.8746111989021301,-0.003267209976911545,3,2.5,0.9985478520393372
7,252,-2.445702075958252,0.03810707479715347,-0.6194559931755066,0.39572909474372864,2,0.0,0.9981904029846191
7,253,-2.4516167640686035,0.04253944382071495,-0.5709561705589294,0.4763945937156677,0,-5.0,0.9980230331420898
7,254,-2.459199905395508,0.04446320980787277,-0.9010067582130432,-0.025998644530773163,3,2.5,0.9978359341621399
7,255,-2.466740369796753,0.04651947319507599,-0.6435177326202393,0.3777572214603424,2,0.0,0.9974191188812256
7,256,-2.472882032394409,0.0508023239672184,-0.5927956104278564,0.46309036016464233,0,-5.0,0.9972307085990906
7,257,-2.4806699752807617,0.05262419208884239,-0.9206392765045166,-0.034455303102731705,3,2.5,0.9970165491104126
7,258,-2.488395929336548,0.054621197283267975,-0.6613627672195435,0.3731299042701721,2,0.0,0.9965327978134155
7,259,-2.4947054386138916,0.05888325721025467,-0.6089059710502625,0.4623275399208069,0,-5.0,0.9963124990463257
7,260,-2.502643346786499,0.06072486937046051,-0.9349633455276489,-0.031017083674669266,0,-5.0,0.9966533184051514
7,261,-2.513702392578125,0.05785054340958595,-1.2364940643310547,-0.486394464969635,0,-5.0,0.9974383115768433
7,262,-2.5276498794555664,0.050613176077604294,-1.5157451629638672,-0.9080896973609924,0,-5.0,0.9984534978866577
7,263,-2.5442752838134766,0.039326027035713196,-1.7746931314468384,-1.299864411354065,0,-5.0,0.9994110465049744
7,264,-2.563385486602783,0.024268019944429398,-2.015045166015625,-1.6649614572525024,0,-5.0,0.999967634677887
7,265,-2.584803581237793,0.0056887464597821236,-2.238255739212036,-2.006136655807495,0,-5.0,0.9997379779815674
7,266,-2.6083648204803467,-0.016186906024813652,-2.4455482959747314,-2.3257055282592773,0,-5.0,0.9983062744140625
7,267,-2.633915662765503,-0.041154660284519196,-2.6379425525665283,-2.6255955696105957,0,-5.0,0.9952352643013
7,268,-2.661311388015747,-0.06902728229761124,-2.8162827491760254,-2.9074008464813232,3,2.5,0.9910288453102112
7,269,-2.6872222423553467,-0.0947161316871643,-2.4201345443725586,-2.308861494064331,0,-5.0,0.9856874346733093
7,270,-2.7125437259674072,-0.11963499337434769,-2.6159558296203613,-2.6244468688964844,0,-5.0,0.9782135486602783
7,271,-2.7397384643554688,-0.14760233461856842,-2.796685218811035,-2.919867992401123,3,2.5,0.9698625802993774
7,272,-2.7654974460601807,-0.1736014485359192,-2.40769100189209,-2.3495726585388184,3,2.5,0.9622746706008911
7,273,-2.7875571250915527,-0.19423004984855652,-2.051363468170166,-1.8350902795791626,0,-5.0,0.9538801908493042
7,274,-2.809361696243286,-0.21475519239902496,-2.2755818367004395,-2.203986883163452,4,5.0,0.9459164142608643
7,275,-2.8291449546813965,-0.23255862295627594,-1.7507895231246948,-1.446222186088562,0,-5.0,0.9377901554107666
7,276,-2.8480756282806396,-0.2494189441204071,-1.9973951578140259,-1.8514914512634277,0,-5.0,0.9270058870315552
7,277,-2.8693599700927734,-0.2701742649078369,-2.22446870803833,-2.2285029888153076,4,5.0,0.916793167591095
7,278,-2.8887059688568115,-0.288455992937088,-1.7122244834899902,-1.5085259675979614,0,-5.0,0.9063752293586731
7,279,-2.907259225845337,-0.30598172545433044,-1.95977783203125,-1.917802333831787,0,-5.0,0.8927838206291199
7,280,-2.9281728267669678,-0.3274388313293457,-2.187408208847046,-2.298326253890991,3,2.5,0.8788012266159058
7,281,-2.948230028152466,-0.34813618659973145,-1.8648574352264404,-1.8770034313201904,4,5.0,0.867911696434021
7,282,-2.964219093322754,-0.3634396493434906,-1.3933241367340088,-1.2459725141525269,3,2.5,0.8599551916122437
7,283,-2.9767110347747803,-0.37422558665275574,-1.1348696947097778,-0.9276200532913208,0,-5.0,0.850775957107544
7,284,-2.989715576171875,-0.38629525899887085,-1.420635461807251,-1.3932830095291138,3,2.5,-2.1588830947875977
8,1,0.04560670256614685,0.0860932469367981,-0.19654580950737,-0.014730989933013916,4,5.0,0.991990327835083
8,2,0.04588690027594566,0.08949673175811768,0.19664183259010315,0.6028909683227539,0,-5.0,0.9914836883544922
8,3,0.04567806050181389,0.09228384494781494,-0.18727637827396393,0.026427827775478363,4,5.0,0.990764856338501
8,4,0.04604807123541832,0.0960996076464653,0.20529639720916748,0.6437063813209534,0,-5.0,0.9901385307312012
8,5,0.04592603072524071,0.09930485486984253,-0.17868280410766602,0.06852734833955765,2,0.0,0.9899438619613647
8,6,0.04425473511219025,0.10028021037578583,-0.16016177833080292,0.1120021790266037,2,0.0,0.9896612167358398
8,7,0.04276113957166672,0.10167991369962692,-0.14297568798065186,0.15358130633831024,2,0.0,0.9892905354499817
8,8,0.041432615369558334,0.1034865751862526,-0.12700487673282623,0.19351129233837128,1,-2.5,0.9891725778579712
8,9,0.03919579088687897,0.10405498743057251,-0.2988046705722809,-0.054541654884815216,4,5.0,0.9885197877883911
8,10,0.03849971666932106,0.10714585334062576,0.10221625119447708,0.576768696308136,0,-5.0,0.9879492521286011
8,11,0.037397705018520355,0.10977590084075928,-0.2730356454849243,0.017291121184825897,4,5.0,0.9871010780334473
8,12,0.03694905340671539,0.11357364803552628,0.1260797679424286,0.6461655497550964,0,-5.0,0.9863349199295044
8,13,0.03607949987053871,0.11689785867929459,-0.2503519058227539,0.08628799766302109,2,0.0,0.9860459566116333
8,14,0.03372853621840477,0.11812712252140045,-0.22562777996063232,0.1418697088956833,2,0.0,0.9856244325637817
8,15,0.0316147617995739,0.11989818513393402,-0.2026894986629486,0.19490638375282288,1,-2.5,0.9854643940925598
8,16,0.028661489486694336,0.12056371569633484,-0.3676753044128418,-0.039748415350914,4,5.0,0.9846581816673279
8,17,0.02730770967900753,0.12386206537485123,0.038514021784067154,0.6008159518241882,0,-5.0,0.9839178323745728
8,18,0.025606462731957436,0.12681567668914795,-0.3303780257701874,0.05472848564386368,4,5.0,0.9828286170959473
8,19,0.024610241875052452,0.13103951513767242,0.0729939192533493,0.6914381980895996,0,-5.0,0.981803297996521
8,20,0.02324371412396431,0.13489510118961334,-0.29776573181152344,0.1441332995891571,2,0.0,0.9812957644462585
8,21,0.020445222035050392,0.1367633044719696,-0.2686699330806732,0.20903098583221436,1,-2.5,0.9810529947280884
8,22,0.01686870865523815,0.1376481056213379,-0.4275188446044922,-0.013151925057172775,4,5.0,0.9800444841384888
8,23,0.014942820183932781,0.14126399159431458,-0.016986612230539322,0.6352338790893555,0,-5.0,0.9790785312652588
8,24,0.012721694074571133,0.14464254677295685,-0.37998998165130615,0.10209103673696518,2,0.0,0.9786375164985657
8,25,0.009139190427958965,0.14615926146507263,-0.3443406820297241,0.1783890277147293,2,0.0,0.9779719710350037
8,26,0.005898581817746162,0.1484183669090271,-0.31127774715423584,0.2509695291519165,1,-2.5,0.9775675535202026
8,27,0.0019199749222025275,0.14977459609508514,-0.46610361337661743,0.03709527105093002,4,5.0,0.9763069748878479
8,28,-0.000375320523744449,0.15392540395259857,-0.05288157984614372,0.6902984380722046,0,-5.0,0.9750640988349915
8,29,-0.002931628841906786,0.15791107714176178,-0.41189950704574585,0.16620606184005737,2,0.0,0.9743646383285522
8,30,-0.0068152728490531445,0.16011057794094086,-0.37331074476242065,0.24887393414974213,1,-2.5,0.973914384841919
8,31,-0.011381980031728745,0.16151048243045807,-0.5226683020591736,0.04551113396883011,1,-2.5,0.9740868806838989
8,32,-0.017378514632582664,0.16097548604011536,-0.6608667969703674,-0.14065705239772797,0,-5.0,0.9753319025039673
8,33,-0.025752775371074677,0.15706075727939606,-0.9741350412368774,-0.5937421321868896,3,2.5,0.9763991832733154
8,34,-0.033969104290008545,0.1536255180835724,-0.7087353467941284,-0.1655304878950119,0,-5.0,0.9776575565338135
8,35,-0.042806871235370636,0.14947381615638733,-1.0192084312438965,-0.6160156726837158,3,2.5,0.9787313938140869
8,36,-0.05145593732595444,0.14583751559257507,-0.7505195736885071,-0.1834496557712555,0,-5.0,0.9799738526344299
8,37,-0.06069908291101456,0.14151374995708466,-1.0586658716201782,-0.6321088075637817,3,2.5,0.9810292720794678
8,38,-0.06972718238830566,0.1377340704202652,-0.7871147394180298,-0.1958882063627243,2,0.0,0.9813616275787354
8,39,-0.07721132040023804,0.13652263581752777,-0.7215322256088257,-0.07487190514802933,0,-5.0,0.9822462201118469
8,40,-0.08618263155221939,0.13324321806430817,-1.032681941986084,-0.5300978422164917,2,0.0,0.9834002256393433
8,41,-0.09602084010839462,0.12884020805358887,-0.9491289854049683,-0.3822677433490753,2,0.0,0.9841604232788086
8,42,-0.10505981743335724,0.12585552036762238,-0.8719022870063782,-0.24468031525611877,2,0.0,0.9845762252807617
8,43,-0.11335990577936172,0.12419257313013077,-0.8005049824714661,-0.11639545857906342,0,-5.0,0.9854751825332642
8,44,-0.12309536337852478,0.12051885575056076,-1.1069393157958984,-0.5670326352119446,3,2.5,0.9862173795700073
8,45,-0.13258884847164154,0.11739946156740189,-0.8320145010948181,-0.12764745950698853,0,-5.0,0.987091064453125
8,46,-0.1426302194595337,0.1136174350976944,-1.136715054512024,-0.5770373940467834,3,2.5,0.9878097176551819
8,47,-0.1524101048707962,0.11040955781936646,-0.859683096408844,-0.13512049615383148,0,-5.0,0.9886462092399597
8,48,-0.16272063553333282,0.10655435919761658,-1.1629350185394287,-0.5837141275405884,3,2.5,0.9893314838409424
8,49,-0.1727530062198639,0.10328854620456696,-0.8840741515159607,-0.13972602784633636,0,-5.0,0.9901222586631775
8,50,-0.18330128490924835,0.09938669204711914,-1.1861156225204468,-0.5878879427909851,3,2.5,0.9907675385475159
8,51,-0.19355712831020355,0.09608567506074905,-0.9056671261787415,-0.1422276794910431,0,-5.0,0.9915071725845337
8,52,-0.20431630313396454,0.09215649217367172,-1.206695556640625,-0.5902518033981323,3,2.5,0.9921081066131592
8,53,-0.21477077901363373,0.08883637189865112,-0.9248687624931335,-0.1432672142982483,0,-5.0,0.9927931427955627
8,54,-0.2257179319858551,0.0848931223154068,-1.2250494956970215,-0.591390073299408,3,2.5,0.9933472275733948
8,55,-0.23634985089302063,0.08156438916921616,-0.9420260787010193,-0.1433849036693573,0,-5.0,0.9939758777618408
8,56,-0.24746526777744293,0.0776151642203331,-1.2414965629577637,-0.5917964577674866,3,2.5,0.9944819211959839
8,57,-0.2582564353942871,0.07428359985351562,-0.9574348330497742,-0.14303728938102722,0,-5.0,0.9950533509254456
8,58,-0.2695232927799225,0.07033219188451767,-1.2563092708587646,-0.591890275478363,3,2.5,0.9955110549926758
8,59,-0.28045815229415894,0.06699957698583603,-0.9713473916053772,-0.14261242747306824,0,-5.0,0.9960252046585083
8,60,-0.2918620705604553,0.06304605305194855,-1.2697210311889648,-0.5920293927192688,3,2.5,0.9964346289634705
8,61,-0.30292731523513794,0.059710729867219925,-0.9839799404144287,-0.1424422562122345,1,-2.5,0.9967058300971985
8,62,-0.31338968873023987,0.057394687086343765,-1.0945123434066772,-0.30374500155448914,2,0.0,0.9969555139541626
8,63,-0.32384514808654785,0.055176690220832825,-1.0094809532165527,-0.16409887373447418,1,-2.5,0.9972277283668518
8,64,-0.33455371856689453,0.05265234038233757,-1.1183724403381348,-0.3236076831817627,3,2.5,0.9973076581954956
8,65,-0.34417277574539185,0.051887474954128265,-0.8442880511283875,0.10675104707479477,0,-5.0,0.9974685907363892
8,66,-0.35436779260635376,0.05031324923038483,-1.1532204151153564,-0.3615603446960449,3,2.5,0.9975805282592773
8,67,-0.364321231842041,0.04918820038437843,-0.8766135573387146,0.07237626612186432,0,-5.0,0.9977640509605408
8,68,-0.3748270571231842,0.047285936772823334,-1.1833126544952393,-0.3929755687713623,3,2.5,0.997896671295166
8,69,-0.38506951928138733,0.045861925929784775,-0.9045665860176086,0.043857697397470474,0,-5.0,0.9980915188789368
8,70,-0.39584463834762573,0.04368609935045242,-1.2093991041183472,-0.4192022383213043,3,2.5,0.9982350468635559
8,71,-0.40633800625801086,0.042011477053165436,-0.9288381338119507,0.01994936168193817,0,-5.0,0.9984314441680908
8,72,-0.4173473119735718,0.03960480913519859,-1.2321103811264038,-0.4413725435733795,1,-2.5,0.9988149404525757
8,73,-0.43019410967826843,0.03442488610744476,-1.3252458572387695,-0.5791293978691101,2,0.0,0.9991258382797241
8,74,-0.442867249250412,0.029565803706645966,-1.2240442037582397,-0.41794076561927795,3,2.5,0.9992220401763916
8,75,-0.45350557565689087,0.027891388162970543,-0.9429647922515869,0.020093336701393127,0,-5.0,0.9993513822555542
8,76,-0.46465668082237244,0.025467948988080025,-1.246078372001648,-0.4433498680591583,1,-2.5,0.9995898604393005
8,77,-0.47764304280281067,0.020251985639333725,-1.3389418125152588,-0.5828911662101746,2,0.0,0.9997646808624268
8,78,-0.4904526174068451,0.015340300276875496,-1.2374027967453003,-0.42327040433883667,3,2.5,0.9998151063919067
8,79,-0.5012238621711731,0.013598097488284111,-0.9559693932533264,0.013289682567119598,0,-5.0,0.9998770356178284
8,80,-0.512505829334259,0.011088433675467968,-1.2589545249938965,-0.45225730538368225,1,-2.5,0.9999667406082153
8,81,-0.5256213545799255,0.005766294896602631,-1.351622462272644,-0.5937110185623169,2,0.0,0.999999463558197
8,82,-0.5385579466819763,0.0007298077107407153,-1.2498613595962524,-0.4359169602394104,2,0.0,0.9999921321868896
8,83,-0.5505223870277405,-0.002804403193295002,-1.1559889316558838,-0.29102152585983276,2,0.0,0.9999754428863525
8,84,-0.5615896582603455,-0.004957582335919142,-1.0693402290344238,-0.15777677297592163,1,-2.5,0.9999439120292664
8,85,-0.572896420955658,-0.007487745024263859,-1.1770634651184082,-0.32483112812042236,2,0.0,0.9999005198478699
8,86,-0.5841673016548157,-0.009973425418138504,-1.0890825986862183,-0.19025133550167084,2,0.0,0.9998751282691956
8,87,-0.5945969223976135,-0.011175563558936119,-1.0078316926956177,-0.06640543788671494,1,-2.5,0.9998350739479065
8,88,-0.6053172945976257,-0.012843282893300056,-1.120487928390503,-0.241984561085701,2,0.0,0.9997884035110474
8,89,-0.6160486340522766,-0.01454719714820385,-1.0370360612869263,-0.11519341915845871,1,-2.5,0.9997214674949646
8,90,-0.6270499229431152,-0.01668943092226982,-1.1476742029190063,-0.28817251324653625,2,0.0,0.9996448755264282
8,91,-0.6380431056022644,-0.01884419098496437,-1.0623911619186401,-0.15915635228157043,1,-2.5,0.9995413422584534
8,92,-0.6492887735366821,-0.021416785195469856,-1.1713447570800781,-0.33018410205841064,2,0.0,0.9994247555732727
8,93,-0.6605105400085449,-0.023984532803297043,-1.0845426321029663,-0.19956248998641968,2,0.0,0.9993595480918884
8,94,-0.6709024310112,-0.025307748466730118,-1.004390835762024,-0.07956652343273163,1,-2.5,0.9992637634277344
8,95,-0.6815953850746155,-0.027133649215102196,-1.1180169582366943,-0.258739173412323,2,0.0,0.9991571307182312
8,96,-0.6923089623451233,-0.029032273218035698,-1.0355277061462402,-0.13563844561576843,1,-2.5,0.9990137219429016
8,97,-0.7033013105392456,-0.031404752284288406,-1.1470016241073608,-0.3120495676994324,2,0.0,0.9988558292388916
8,98,-0.7142941355705261,-0.0338251031935215,-1.0625739097595215,-0.18663424253463745,1,-2.5,0.9986532926559448
8,99,-0.7255472540855408,-0.03669785335659981,-1.17225182056427,-0.3609856367111206,2,0.0,0.9984318017959595
8,100,-0.7367841005325317,-0.03960052505135536,-1.0862231254577637,-0.23393858969211578,2,0.0,0.9982947707176208
8,101,-0.7471984624862671,-0.04129455238580704,-1.0068092346191406,-0.11751478910446167,1,-2.5,0.998105525970459
8,102,-0.7579205632209778,-0.043525297194719315,-1.121026635169983,-0.2999333143234253,2,0.0,0.9978965520858765
8,103,-0.768669843673706,-0.04586351290345192,-1.0392224788665771,-0.18045483529567719,1,-2.5,0.9976273775100708
8,104,-0.7797040343284607,-0.04870995134115219,-1.151222825050354,-0.36012494564056396,2,0.0,0.9973333477973938
8,105,-0.7907445430755615,-0.05163966491818428,-1.0674452781677246,-0.2384345531463623,2,0.0,0.9971470832824707
8,106,-0.8009843230247498,-0.05341288074851036,-0.9901164770126343,-0.12711481750011444,1,-2.5,0.9968896508216858
8,107,-0.8115510940551758,-0.05577060952782631,-1.106147050857544,-0.3140607178211212,2,0.0,0.9966031908988953
8,108,-0.8221632242202759,-0.05828221142292023,-1.0261502265930176,-0.19930118322372437,2,0.0,0.9964355230331421
8,109,-0.8320105075836182,-0.05970334634184837,-0.9522929787635803,-0.09436921030282974,1,-2.5,0.9961846470832825
8,110,-0.8422174453735352,-0.06176869198679924,-1.071441411972046,-0.2869984209537506,2,0.0,0.995898425579071
8,111,-0.852499783039093,-0.06404343992471695,-0.9943888187408447,-0.17771747708320618,3,2.5,0.9959501624107361
8,112,-0.8609796762466431,-0.06363850831985474,-0.7358953356742859,0.21070557832717896,0,-5.0,0.9958471059799194
8,113,-0.8701819777488708,-0.06444287300109863,-1.0587658882141113,-0.2962120771408081,4,5.0,0.9959626793861389
8,114,-0.878212571144104,-0.0635400041937828,-0.6081423759460449,0.38803941011428833,1,-2.5,0.9962774515151978
8,115,-0.8851258158683777,-0.0610126256942749,-0.7532016038894653,0.15506267547607422,0,-5.0,0.9961113929748535
8,116,-0.8944931626319885,-0.062358517199754715,-1.0746983289718628,-0.34943249821662903,2,0.0,0.995741605758667
8,117,-0.9048069715499878,-0.06525655090808868,-0.9974334239959717,-0.23993448913097382,4,5.0,0.9959253668785095
8,118,-0.9122509360313416,-0.06383294612169266,-0.5514671206474304,0.4370039403438568,1,-2.5,0.9962968826293945
8,119,-0.9186215400695801,-0.06085345521569252,-0.7007757425308228,0.1974513679742813,1,-2.5,0.9963799118995667
8,120,-0.9264208078384399,-0.06016732007265091,-0.8388085961341858,-0.024370791390538216,0,-5.0,0.9959993958473206
8,121,-0.9366074800491333,-0.06325026601552963,-1.153863549232483,-0.5188695192337036,3,2.5,0.9956240653991699
8,122,-0.9466136693954468,-0.06615059822797775,-0.8833715319633484,-0.11192798614501953,3,2.5,0.9957535266876221
8,123,-0.954031765460968,-0.06516488641500473,-0.6333374977111816,0.2631132900714874,0,-5.0,0.9957078695297241
8,124,-0.9622525572776794,-0.06551451236009598,-0.9639338850975037,-0.25587716698646545,4,5.0,0.995868980884552
8,125,-0.9693760275840759,-0.0642729327082634,-0.5205015540122986,0.417102187871933,1,-2.5,0.9962160587310791
8,126,-0.9754503965377808,-0.061513546854257584,-0.6721535325050354,0.17387588322162628,0,-5.0,0.9960655570030212
8,127,-0.9840418696403503,-0.06272521615028381,-0.9997392296791077,-0.340056836605072,4,5.0,0.9961192607879639
8,128,-0.9915065169334412,-0.06229567900300026,-0.5534012317657471,0.3379136323928833,0,-5.0,0.9961627125740051
8,129,-0.9989612102508545,-0.06194576248526573,-0.8898971080780029,-0.18981201946735382,2,0.0,0.9959844946861267
8,130,-1.0075056552886963,-0.06336818635463715,-0.8264597654342651,-0.10150836408138275,3,2.5,0.9961174726486206
8,131,-1.0143773555755615,-0.06230996549129486,-0.5804960131645203,0.26775625348091125,1,-2.5,0.9962787628173828
8,132,-1.021025538444519,-0.06100195273756981,-0.7275968194007874,0.03177838400006294,0,-5.0,0.9959553480148315
8,133,-1.030147671699524,-0.06359759718179703,-1.0510140657424927,-0.4756946861743927,3,2.5,0.9956262111663818
8,134,-1.039169192314148,-0.06613446027040482,-0.7882552742958069,-0.08071328699588776,3,2.5,0.9957880973815918
8,135,-1.045676589012146,-0.06489896774291992,-0.545343279838562,0.2833714187145233,0,-5.0,0.9957615733146667
8,136,-1.0530550479888916,-0.06510340422391891,-0.8825239539146423,-0.24572566151618958,4,5.0,0.9959279298782349
8,137,-1.0593987703323364,-0.06381282210350037,-0.4451565742492676,0.4179961681365967,4,5.0,0.9968452453613281
8,138,-1.0615538358688354,-0.0561673603951931,-0.040288764983415604,1.0321305990219116,0,-5.0,0.9975792169570923
8,139,-1.0640932321548462,-0.04920167848467827,-0.4149075150489807,0.4465096890926361,2,0.0,0.9980154037475586
8,140,-1.068084716796875,-0.04454899579286575,-0.3862961232662201,0.48327958583831787,2,0.0,0.998436689376831
8,141,-1.0718001127243042,-0.03953910991549492,-0.35957592725753784,0.5178554058074951,2,0.0,0.9988309144973755
8,142,-1.0752578973770142,-0.03419211506843567,-0.33458882570266724,0.5505330562591553,2,0.0,0.9991862773895264
8,143,-1.0784741640090942,-0.028525298461318016,-0.3111897110939026,0.5815855264663696,4,5.0,0.9996291399002075
8,144,-1.0793287754058838,-0.019258389249444008,0.08615720272064209,1.1904841661453247,3,2.5,0.9999664425849915
8,145,-1.0774426460266113,-0.005793371703475714,0.26660001277923584,1.4663269519805908,0,-5.0,0.9999709725379944
8,146,-1.0770286321640015,0.005388855468481779,-0.12910687923431396,0.8550436496734619,4,5.0,0.999699592590332
8,147,-1.076125979423523,0.017332006245851517,0.2564295828342438,1.4511120319366455,0,-5.0,0.9991929531097412
8,148,-1.0758005380630493,0.02840893715620041,-0.13734546303749084,0.8464330434799194,4,5.0,0.9983752369880676
8,149,-1.074968934059143,0.04030798375606537,0.24974949657917023,1.4481223821640015,0,-5.0,0.9973577260971069
8,150,-1.0746978521347046,0.05140311270952225,-0.14213870465755463,0.8502748608589172,4,5.0,0.9959834218025208
8,151,-1.0739059448242188,0.06337636709213257,0.24602550268173218,1.4565086364746094,0,-5.0,0.9944340586662292
8,152,-1.0736594200134277,0.074605293571949,-0.14397978782653809,0.8658181428909302,0,-5.0,0.9935663342475891
8,153,-1.077138900756836,0.08021006733179092,-0.5037088990211487,0.3236958086490631,0,-5.0,0.9934967756271362
8,154,-1.0840582847595215,0.08064243942499161,-0.8360126614570618,-0.17533046007156372,1,-2.5,0.9939253330230713
8,155,-1.0930945873260498,0.0779399424791336,-0.9563674330711365,-0.3483435809612274,0,-5.0,0.9948243498802185
8,156,-1.1043496131896973,0.07194185256958008,-1.255112886428833,-0.796385645866394,0,-5.0,0.9962000250816345
8,157,-1.1184693574905396,0.06164402887225151,-1.5321345329284668,-1.2122308015823364,2,0.0,0.9974364638328552
8,158,-1.133115291595459,0.05063138157129288,-1.414426565170288,-1.0218288898468018,2,0.0,0.9982836246490479
8,159,-1.1466373205184937,0.04142901673913002,-1.3059186935424805,-0.8471271395683289,2,0.0,0.9988515973091125
8,160,-1.159123420715332,0.033888015896081924,-1.205904483795166,-0.6868100166320801,2,0.0,0.9992231130599976
8,161,-1.170654535293579,0.027872303500771523,-1.1137099266052246,-0.539618968963623,1,-2.5,0.9995329976081848
8,162,-1.1823729276657104,0.021610485389828682,-1.2163989543914795,-0.6939719319343567,0,-5.0,0.9998508095741272
8,163,-1.196144938468933,0.0122132059186697,-1.4994754791259766,-1.1277047395706177,0,-5.0,0.999998152256012
8,164,-1.2126312255859375,-0.0013527225237339735,-1.761871337890625,-1.5311108827590942,2,0.0,0.9997595548629761
8,165,-1.2294977903366089,-0.015506040304899216,-1.6297144889831543,-1.327707290649414,1,-2.5,0.9991365671157837
8,166,-1.2461726665496826,-0.029384583234786987,-1.6958739757537842,-1.4324723482131958,1,-2.5,0.9980384111404419
8,167,-1.2634851932525635,-0.04428986459970474,-1.7576556205749512,-1.532572865486145,2,0.0,0.9965736865997314
8,168,-1.2803272008895874,-0.05853458493947983,-1.627905011177063,-1.3396103382110596,1,-2.5,0.9947287440299988
8,169,-1.2969989776611328,-0.07260345667600632,-1.6960469484329224,-1.453764796257019,3,2.5,0.9928575158119202
8,170,-1.3121976852416992,-0.08451326191425323,-1.3853398561477661,-0.986909031867981,3,2.5,0.9915385842323303
8,171,-1.324429988861084,-0.09198588877916336,-1.0989784002304077,-0.5595934391021729,3,2.5,0.9909007549285889
8,172,-1.3339256048202515,-0.09539014846086502,-0.8347128629684448,-0.16751474142074585,3,2.5,0.9909647703170776
8,173,-1.3408931493759155,-0.09505382180213928,-0.5904712080955505,0.19328458607196808,0,-5.0,0.9907518625259399
8,174,-1.348710536956787,-0.09616730362176895,-0.9249667525291443,-0.334999680519104,4,5.0,0.9908193349838257
8,175,-1.3554795980453491,-0.09581585228443146,-0.48722517490386963,0.3228817582130432,4,5.0,0.992048978805542
8,176,-1.358056664466858,-0.08916864544153214,-0.08197619020938873,0.9311695694923401,0,-5.0,0.9930734038352966
8,177,-1.3610025644302368,-0.08322610706090927,-0.4542069435119629,0.3455698490142822,4,5.0,0.994171679019928
8,178,-1.363255500793457,-0.07634346187114716,-0.05029303580522537,0.9544054865837097,0,-5.0,0.995075523853302
8,179,-1.3658955097198486,-0.07017440348863602,-0.4246673285961151,0.3668496608734131,4,5.0,0.9960224032402039
8,180,-1.3678579330444336,-0.06306827813386917,-0.02186238393187523,0.9765684604644775,0,-5.0,0.996787428855896
8,181,-1.370222806930542,-0.056679654866456985,-0.3980637788772583,0.3876868486404419,2,0.0,0.9972290396690369
8,182,-1.3740562200546265,-0.05263970047235489,-0.37112805247306824,0.42071178555488586,2,0.0,0.9976690411567688
8,183,-1.3776298761367798,-0.048279955983161926,-0.3459893465042114,0.45159491896629333,2,0.0,0.99809730052948
8,184,-1.380961298942566,-0.043620120733976364,-0.3224979341030121,0.48061344027519226,2,0.0,0.998504102230072
8,185,-1.3840656280517578,-0.03867725655436516,-0.3005164861679077,0.508023202419281,2,0.0,0.9988800287246704
8,186,-1.3869575262069702,-0.03346598520874977,-0.2799188196659088,0.5340598821640015,2,0.0,0.9992160797119141
8,187,-1.3896501064300537,-0.027998683974146843,-0.2605890929698944,0.5589413642883301,2,0.0,0.9995033740997314
8,188,-1.392155647277832,-0.02228565141558647,-0.2424207180738449,0.5828693509101868,4,5.0,0.9998299479484558
8,189,-1.3923490047454834,-0.013039280660450459,0.150141641497612,1.1854196786880493,1,-2.5,0.9999912977218628
8,190,-1.391984224319458,-0.002953276503831148,-0.04942575469613075,0.8757208585739136,4,5.0,0.999916672706604
8,191,-1.390321969985962,0.009129936806857586,0.3297320604324341,1.4607045650482178,0,-5.0,0.9995903372764587
8,192,-1.3892980813980103,0.02023977041244507,-0.06998871266841888,0.8455283045768738,4,5.0,0.9989713430404663
8,193,-1.387824296951294,0.03207283467054367,0.31174182891845703,1.4378345012664795,0,-5.0,0.9981502890586853
8,194,-1.3869634866714478,0.043008189648389816,-0.08531825244426727,0.8305643200874329,4,5.0,0.9970040321350098
8,195,-1.3856295347213745,0.054735541343688965,0.29835712909698486,1.428853988647461,0,-5.0,0.9956920146942139
8,196,-1.3848860263824463,0.06563542783260345,-0.09618686884641647,0.8295309543609619,0,-5.0,0.9949836134910583
8,197,-1.387912392616272,0.07082638889551163,-0.46019047498703003,0.27910152077674866,0,-5.0,0.9949924945831299
8,198,-1.3944202661514282,0.07076358050107956,-0.7964985370635986,-0.2278868407011032,2,0.0,0.9952208995819092
8,199,-1.4020178318023682,0.06913082301616669,-0.733161211013794,-0.11971651762723923,1,-2.5,0.9955250024795532
8,200,-1.4100747108459473,0.06689516454935074,-0.8619181513786316,-0.30754974484443665,2,0.0,0.9958394765853882
8,201,-1.418299913406372,0.06450208276510239,-0.7938763499259949,-0.19271063804626465,2,0.0,0.9960046410560608
8,202,-1.4258743524551392,0.06320900470018387,-0.7310265898704529,-0.08618824183940887,1,-2.5,0.9962428212165833
8,203,-1.4339134693145752,0.06129603832960129,-0.8603000044822693,-0.27578020095825195,2,0.0,0.9964941143989563
8,204,-1.4421252012252808,0.059210341423749924,-0.7926380038261414,-0.1623278111219406,1,-2.5,0.9968000054359436
8,205,-1.4507560729980469,0.056568726897239685,-0.9175484776496887,-0.3458704948425293,2,0.0,0.997104287147522
8,206,-1.4595177173614502,0.05381166934967041,-0.8458325862884521,-0.22687239944934845,2,0.0,0.9972758889198303
8,207,-1.467593789100647,0.052193112671375275,-0.77960604429245,-0.11670838296413422,1,-2.5,0.9975013732910156
8,208,-1.4761029481887817,0.049986060708761215,-0.9059045314788818,-0.3035140335559845,2,0.0,0.9977310299873352
8,209,-1.4847553968429565,0.047633979469537735,-0.8353696465492249,-0.18728433549404144,1,-2.5,0.997997522354126
8,210,-1.4938005208969116,0.044749192893505096,-0.9577656388282776,-0.3688254654407501,2,0.0,0.9982553720474243
8,211,-1.5029516220092773,0.0417691245675087,-0.8836052417755127,-0.2477855235338211,2,0.0,0.998404324054718
8,212,-1.511393666267395,0.039945874363183975,-0.8151354193687439,-0.1359303891658783,4,5.0,0.9981950521469116
8,213,-1.5170464515686035,0.04248503968119621,-0.3766843378543854,0.546278178691864,3,2.5,0.9975084066390991
8,214,-1.519568681716919,0.049915872514247894,-0.1586417555809021,0.8890575766563416,3,2.5,0.9963225722312927
8,215,-1.5200016498565674,0.060641832649707794,0.04326175898313522,1.2080328464508057,0,-5.0,0.9951677322387695
8,216,-1.52169668674469,0.06951441615819931,-0.3316594064235687,0.639974057674408,2,0.0,0.9941854476928711
8,217,-1.5248448848724365,0.07625318318605423,-0.30322960019111633,0.6944156885147095,0,-5.0,0.9935595393180847
8,218,-1.529847502708435,0.08025234937667847,-0.6508744955062866,0.17114949226379395,0,-5.0,0.9937185645103455
8,219,-1.5381757020950317,0.0792556181550026,-0.9721738696098328,-0.3109898865222931,0,-5.0,0.9945765137672424
8,220,-1.5495814085006714,0.07364442944526672,-1.26962149143219,-0.7567769289016724,0,-5.0,0.9959352016448975
8,221,-1.563839077949524,0.06375601887702942,-1.5454144477844238,-1.170409083366394,0,-5.0,0.9975110292434692
8,222,-1.5807435512542725,0.049889251589775085,-1.8014512062072754,-1.5555025339126587,3,2.5,0.9986127614974976
8,223,-1.5969057083129883,0.03724529966711998,-1.476614236831665,-1.047491192817688,2,0.0,0.9992268681526184
8,224,-1.611027717590332,0.027805371209979057,-1.3640388250350952,-0.8684530258178711,0,-5.0,0.9997187256813049
8,225,-1.6262108087539673,0.016771504655480385,-1.635718822479248,-1.2836484909057617,3,2.5,0.9999552369117737
8,226,-1.640795350074768,0.006688621826469898,-1.3244327306747437,-0.8010044693946838,0,-5.0,0.9999860525131226
8,227,-1.65560781955719,-0.0037347900215536356,-1.6002134084701538,-1.2258410453796387,3,2.5,0.9998231530189514
8,228,-1.669859766960144,-0.013297204859554768,-1.2925493717193604,-0.7518408298492432,0,-5.0,0.999457836151123
8,229,-1.6843743324279785,-0.023284027352929115,-1.5716859102249146,-1.1848236322402954,0,-5.0,0.9985988140106201
8,230,-1.7015643119812012,-0.037432510405778885,-1.8302415609359741,-1.5875674486160278,3,2.5,0.9974476099014282
8,231,-1.7180311679840088,-0.05052134022116661,-1.5071179866790771,-1.0953037738800049,0,-5.0,0.9959220886230469
8,232,-1.7346112728118896,-0.06385843455791473,-1.771514892578125,-1.5107187032699585,4,5.0,0.9944305419921875
8,233,-1.7494627237319946,-0.07462885975837708,-1.2672492265701294,-0.7441709041595459,4,5.0,0.9939016103744507
8,234,-1.7594949007034302,-0.07809238880872726,-0.801891028881073,-0.03943927586078644,0,-5.0,0.993378221988678
8,235,-1.769332766532898,-0.08137425780296326,-1.1202123165130615,-0.5410674214363098,2,0.0,0.992570698261261
8,236,-1.780090093612671,-0.08619357645511627,-1.0406116247177124,-0.4310634732246399,2,0.0,0.9919046759605408
8,237,-1.7900875806808472,-0.0899740532040596,-0.9672635197639465,-0.331421822309494,2,0.0,0.9913856983184814
8,238,-1.7993844747543335,-0.09281318634748459,-0.899631142616272,-0.241147980093956,3,2.5,0.9913202524185181
8,239,-1.8069721460342407,-0.09316527098417282,-0.6503454446792603,0.12785926461219788,1,-2.5,0.9913029074668884
8,240,-1.81429922580719,-0.09325806051492691,-0.7934584617614746,-0.10613401979207993,4,5.0,0.9917742013931274
8,241,-1.8198074102401733,-0.090696319937706,-0.36523187160491943,0.5378392338752747,3,2.5,0.993010938167572
8,242,-1.8222761154174805,-0.08360084146261215,-0.15552790462970734,0.8466404676437378,3,2.5,0.9945921301841736
8,243,-1.8227324485778809,-0.07353804260492325,0.03914661705493927,1.1336807012557983,1,-2.5,0.9959052205085754
8,244,-1.823449730873108,-0.06399049609899521,-0.15451377630233765,0.8246710300445557,3,2.5,0.997072160243988
8,245,-1.8238872289657593,-0.054109539836645126,0.041332222521305084,1.1168928146362305,3,2.5,0.9982848167419434
8,246,-1.8224444389343262,-0.041414424777030945,0.22323353588581085,1.3893637657165527,0,-5.0,0.9990372657775879
8,247,-1.8224564790725708,-0.031027812510728836,-0.17059311270713806,0.7760191559791565,0,-5.0,0.9992976188659668
8,248,-1.8262367248535156,-0.02650236152112484,-0.5346587896347046,0.2098274827003479,4,5.0,0.9995672702789307
8,249,-1.8292299509048462,-0.020802808925509453,-0.12048342078924179,0.8449276089668274,3,2.5,0.9998863339424133
8,250,-1.8293229341506958,-0.010660864412784576,0.07532434165477753,1.1441535949707031,3,2.5,0.9999943971633911
8,251,-1.8275374174118042,0.0023628452327102423,0.25699925422668457,1.4232169389724731,0,-5.0,0.99982750415802
8,252,-1.8272122144699097,0.01313397940248251,-0.13760270178318024,0.8148702383041382,3,2.5,0.9994689226150513
8,253,-1.8274561166763306,0.023045478388667107,0.061187803745269775,1.1238473653793335,3,2.5,0.9987089037895203
8,254,-1.825793743133545,0.035931847989559174,0.24546495079994202,1.4119378328323364,0,-5.0,0.9978228807449341
8,255,-1.8255653381347656,0.0466594323515892,-0.14637431502342224,0.8133835792541504,3,2.5,0.9967946410179138
8,256,-1.8258817195892334,0.05661579594016075,0.0545063354074955,1.1303257942199707,3,2.5,0.9951525926589966
8,257,-1.8242727518081665,0.06962350755929947,0.24058252573013306,1.4258590936660767,0,-5.0,0.9935095906257629
8,258,-1.8240748643875122,0.08056317269802094,-0.14852887392044067,0.8377389311790466,2,0.0,0.9920473694801331
8,259,-1.8254660367965698,0.08917755633592606,-0.13333973288536072,0.8734904527664185,2,0.0,0.9903658032417297
8,260,-1.8267086744308472,0.09815385937690735,-0.11889177560806274,0.9093930125236511,2,0.0,0.9884449243545532
8,261,-1.8278099298477173,0.10749458521604538,-0.10511864721775055,0.9456016421318054,0,-5.0,0.987015962600708
8,262,-1.830898404121399,0.1139475628733635,-0.46496811509132385,0.4099764823913574,4,5.0,0.9851648211479187
8,263,-1.8331853151321411,0.12179961055517197,-0.05166934058070183,1.0609599351882935,0,-5.0,0.9832541346549988
8,264,-1.835753321647644,0.12940573692321777,-0.4142247438430786,0.5243128538131714,2,0.0,0.9817368984222412
8,265,-1.839669942855835,0.1351412534713745,-0.37681078910827637,0.6012334227561951,2,0.0,0.9799407720565796
8,266,-1.843226671218872,0.14163057506084442,-0.3419630527496338,0.6750634908676147,2,0.0,0.9778449535369873
8,267,-1.846447467803955,0.14884565770626068,-0.3094634413719177,0.7462471723556519,0,-5.0,0.9764247536659241
8,268,-1.8514649868011475,0.15354228019714355,-0.6500082612037659,0.24918422102928162,0,-5.0,0.976437509059906
8,269,-1.859739899635315,0.15350091457366943,-0.9647273421287537,-0.20762363076210022,0,-5.0,0.9777714610099792
8,270,-1.8710298538208008,0.14909249544143677,-1.256243109703064,-0.6292322874069214,0,-5.0,0.9802199602127075
8,271,-1.8851163387298584,0.14064155519008636,-1.526837706565857,-1.0200228691101074,3,2.5,0.9822361469268799
8,272,-1.8986302614212036,0.13328103721141815,-1.220740795135498,-0.5311123132705688,0,-5.0,0.9841865301132202
8,273,-1.9123858213424683,0.12575164437294006,-1.4953010082244873,-0.9312233328819275,0,-5.0,0.9869177341461182
8,274,-1.9287773370742798,0.11437772959470749,-1.7504023313522339,-1.3032103776931763,0,-5.0,0.9901157021522522
8,275,-1.9476207494735718,0.09941995143890381,-1.987764596939087,-1.6503485441207886,0,-5.0,0.9934212565422058
8,276,-1.9687471389770508,0.08110953867435455,-2.20884108543396,-1.975393533706665,0,-5.0,0.9964415431022644
8,277,-1.9920005798339844,0.05965308099985123,-2.414846897125244,-2.2806413173675537,0,-5.0,0.9987583756446838
8,278,-2.0172364711761475,0.03523680567741394,-2.60679030418396,-2.567988395690918,2,0.0,0.9998717308044434
8,279,-2.0421831607818604,0.011324463412165642,-2.4100987911224365,-2.2598185539245605,0,-5.0,0.9998318552970886
8,280,-2.067387580871582,-0.012966237962245941,-2.6043014526367188,-2.55838680267334,0,-5.0,0.9983879327774048
8,281,-2.0944571495056152,-0.040150802582502365,-2.7846105098724365,-2.8392117023468018,0,-5.0,0.9950916171073914
8,282,-2.123255491256714,-0.07005970180034637,-2.951735734939575,-3.103632926940918,0,-5.0,0.9894865155220032
8,283,-2.1536548137664795,-0.10253515094518661,-3.106259346008301,-3.3527514934539795,0,-5.0,0.9811132550239563
8,284,-2.185530424118042,-0.13742908835411072,-3.2486608028411865,-3.5874853134155273,4,5.0,0.9717244505882263
8,285,-2.2145419120788574,-0.1681533306837082,-2.637953281402588,-2.6764588356018066,0,-5.0,0.9613208770751953
8,286,-2.2419474124908447,-0.19667014479637146,-2.8166911602020264,-2.9740920066833496,2,0.0,0.9494190216064453
8,287,-2.268968343734741,-0.2249022275209427,-2.6140661239624023,-2.6981048583984375,4,5.0,0.9387670159339905
8,288,-2.2919921875,-0.247452974319458,-2.0645992755889893,-1.9069327116012573,0,-5.0,0.9277905225753784
8,289,-2.3139195442199707,-0.2687181532382965,-2.286659002304077,-2.276336193084717,3,2.5,0.916502833366394
8,290,-2.334885597229004,-0.2889587879180908,-1.9498555660247803,-1.8166016340255737,0,-5.0,0.9042654037475586
8,291,-2.35571026802063,-0.3094101548194885,-2.1792566776275635,-2.1990649700164795,3,2.5,0.8917136788368225
8,292,-2.375678777694702,-0.32906901836395264,-1.8554368019104004,-1.7703750133514404,1,-2.5,0.8791374564170837
8,293,-2.3945841789245605,-0.3476529121398926,-1.9129966497421265,-1.9036455154418945,3,2.5,0.867034375667572
8,294,-2.4120359420776367,-0.3646446168422699,-1.6140106916427612,-1.522480845451355,4,5.0,0.8581517934799194
8,295,-2.425644636154175,-0.37662750482559204,-1.1642489433288574,-0.9290850162506104,3,2.5,0.8522200584411621
8,296,-2.4359524250030518,-0.3844214677810669,-0.9240673780441284,-0.640534520149231,4,5.0,0.8493971824645996
8,297,-2.442972183227539,-0.3880757689476013,-0.5276904702186584,-0.1305955946445465,0,-5.0,0.8459222912788391
8,298,-2.450150489807129,-0.3925274610519409,-0.8562231659889221,-0.6571482419967651,4,5.0,0.8428534269332886
8,299,-2.456526756286621,-0.39641714096069336,-0.46596139669418335,-0.1589602679014206,4,5.0,0.8435309529304504
8,300,-2.459160804748535,-0.3955616354942322,-0.1036376804113388,0.2983875274658203,0,-5.0,0.8432173132896423
8,301,-2.462263345718384,-0.39595794677734375,-0.46117904782295227,-0.26918938755989075,1,-2.5,0.8396625518798828
8,302,-2.4678118228912354,-0.400421679019928,-0.6199934482574463,-0.5537218451499939,4,5.0,0.8372355699539185
8,303,-2.4719278812408447,-0.40344077348709106,-0.24756070971488953,-0.08373233675956726,4,5.0,0.8384113907814026
8,304,-2.472470998764038,-0.40198078751564026,0.09849660098552704,0.3480660021305084,0,-5.0,0.8384060263633728
8,305,-2.473628282546997,-0.4019875228404999,-0.27244287729263306,-0.23807865381240845,1,-2.5,0.8349624872207642
8,306,-2.4773638248443604,-0.40624818205833435,-0.4442181885242462,-0.5412793159484863,4,5.0,0.8325039148330688
8,307,-2.479797124862671,-0.40926283597946167,-0.08493460714817047,-0.09204809367656708,4,5.0,0.8335381746292114
8,308,-2.478783369064331,-0.4079974293708801,0.2489430159330368,0.3204554319381714,0,-5.0,0.8332436680793762
8,309,-2.478492021560669,-0.40835803747177124,-0.13179872930049896,-0.2790479362010956,1,-2.5,0.8293418884277344
8,310,-2.48087477684021,-0.4131079316139221,-0.31306684017181396,-0.5959057807922363,4,5.0,0.8263059854507446
8,311,-2.4820547103881836,-0.4167662560939789,0.03608467057347298,-0.16350561380386353,4,5.0,0.8266867399215698
8,312,-2.4798853397369385,-0.41630902886390686,0.3604274392127991,0.2328951507806778,0,-5.0,0.8256118893623352
8,313,-2.47851824760437,-0.4175978899002075,-0.02711378037929535,-0.37537020444869995,4,5.0,-2.175751209259033
9,1,0.13588768243789673,0.08241066336631775,-0.19251930713653564,-0.1494913399219513,0,-5.0,0.9939298033714294
9,2,0.13194870948791504,0.07791133224964142,-0.5480214357376099,-0.6839438080787659,3,2.5,0.9946411848068237
9,3,0.12779678404331207,0.07320377230644226,-0.31590163707733154,-0.31509914994239807,0,-5.0,0.9954965114593506
9,4,0.12267104536294937,0.06710800528526306,-0.6629649996757507,-0.8383944630622864,1,-2.5,0.9966784715652466
9,5,0.11528369039297104,0.057632554322481155,-0.7973544001579285,-1.035431146621704,4,5.0,0.9973799586296082
9,6,0.10980439186096191,0.05118639022111893,-0.35988619923591614,-0.35278135538101196,4,5.0,0.9973710775375366
9,7,0.1085127741098404,0.05127289891242981,0.04475390911102295,0.27862805128097534,1,-2.5,0.997246265411377
9,8,0.10789521038532257,0.05247586593031883,-0.14338606595993042,-0.0035452358424663544,4,5.0,0.9968735575675964
9,9,0.10867670178413391,0.05591452494263649,0.24506905674934387,0.6031282544136047,2,0.0,0.9961705207824707
9,10,0.1110449805855751,0.06188279762864113,0.22960998117923737,0.587914764881134,2,0.0,0.9954140782356262
9,11,0.11326764523983002,0.06771956384181976,0.2156219482421875,0.5758742094039917,0,-5.0,0.9950755834579468
9,12,0.1132279485464096,0.07017423212528229,-0.1715497523546219,-0.0099220871925354,4,5.0,0.9945843815803528
9,13,0.11374419927597046,0.0735907182097435,0.21947433054447174,0.6027250289916992,0,-5.0,0.994174599647522
9,14,0.11374465376138687,0.07632450014352798,-0.16751021146774292,0.018364079296588898,4,5.0,0.9935954213142395
9,15,0.1143009141087532,0.08002866804599762,0.22333568334579468,0.6313958764076233,0,-5.0,0.9931008219718933
9,16,0.11434199661016464,0.08306127041578293,-0.16340194642543793,0.048696160316467285,4,5.0,0.9924181699752808
9,17,0.11493893712759018,0.0870739072561264,0.22725242376327515,0.6621280908584595,0,-5.0,0.9918228387832642
9,18,0.11502163112163544,0.09042757749557495,-0.159174844622612,0.08133558183908463,2,0.0,0.9916271567344666
9,19,0.11353372037410736,0.09150316566228867,-0.14255227148532867,0.12058111280202866,2,0.0,0.9913580417633057
9,20,0.1122053787112236,0.09296219795942307,-0.12711837887763977,0.15816859900951385,2,0.0,0.9910149574279785
9,21,0.11102534085512161,0.094789519906044,-0.11276588588953018,0.19431979954242706,1,-2.5,0.9909104704856873
9,22,0.10892052203416824,0.09533894807100296,-0.2862361967563629,-0.057839300483465195,4,5.0,0.9903213977813721
9,23,0.10834353417158127,0.09837992489337921,0.11377580463886261,0.5711464881896973,0,-5.0,0.9898141622543335
9,24,0.10734673589468002,0.10092492401599884,-0.2631494700908661,0.00725024938583374,4,5.0,0.9890573024749756
9,25,0.10699159651994705,0.10460735857486725,0.135179802775383,0.6341602802276611,0,-5.0,0.9883826971054077
9,26,0.10620350390672684,0.10778350383043289,-0.24277855455875397,0.07001180946826935,2,0.0,0.9881560802459717
9,27,0.10392167419195175,0.10882982611656189,-0.21905732154846191,0.12271858006715775,2,0.0,0.98781418800354
9,28,0.10186735540628433,0.11038953810930252,-0.19705598056316376,0.17295199632644653,2,0.0,0.9873572587966919
9,29,0.1000242754817009,0.11243986338376999,-0.17662285268306732,0.22102023661136627,1,-2.5,0.9871553778648376
9,30,0.09731682389974594,0.11333413422107697,-0.34408530592918396,-0.01876753196120262,4,5.0,0.9863529205322266
9,31,0.09618823975324631,0.11682078242301941,0.060344330966472626,0.6185436248779297,0,-5.0,0.9856192469596863
9,32,0.09469138830900192,0.11991970986127853,-0.3108675181865692,0.06736341863870621,2,0.0,0.9853579998016357
9,33,0.09176204353570938,0.12100405991077423,-0.2814898192882538,0.13051244616508484,2,0.0,0.9849440455436707
9,34,0.08911440521478653,0.12270263582468033,-0.2542515695095062,0.19055485725402832,1,-2.5,0.9847813248634338
9,35,0.08566880226135254,0.12336395680904388,-0.4151940643787384,-0.037399474531412125,4,5.0,0.9839422702789307
9,36,0.08386018872261047,0.1267189085483551,-0.005473516881465912,0.6087798476219177,0,-5.0,0.9831550717353821
9,37,0.08173956722021103,0.12978795170783997,-0.37080812454223633,0.06877633184194565,2,0.0,0.9828543066978455
9,38,0.07823977619409561,0.13094154000282288,-0.3365093767642975,0.14088380336761475,2,0.0,0.9823652505874634
9,39,0.07506883889436722,0.13279587030410767,-0.30471310019493103,0.20934337377548218,1,-2.5,0.9821246862411499
9,40,0.07114510238170624,0.13369877636432648,-0.46117067337036133,-0.009907538071274757,4,5.0,0.9811305403709412
9,41,0.06889677047729492,0.1373661458492279,-0.04809919372200966,0.6421092748641968,0,-5.0,0.9801687598228455
9,42,0.06637497246265411,0.1408233493566513,-0.40919506549835205,0.11099520325660706,2,0.0,0.9797103404998779
9,43,0.06251142174005508,0.14244180917739868,-0.3715464770793915,0.18980781733989716,1,-2.5,0.9794901013374329
9,44,0.05795256420969963,0.14321273565292358,-0.5223348140716553,-0.01902060955762863,1,-2.5,0.9798377156257629
9,45,0.051949918270111084,0.14199405908584595,-0.6618874073028564,-0.21060895919799805,2,0.0,0.9802425503730774
9,46,0.045666489750146866,0.1405610591173172,-0.6054414510726929,-0.10297740250825882,0,-5.0,0.981248676776886
9,47,0.03780955821275711,0.13693548738956451,-0.9248447418212891,-0.5699574947357178,3,2.5,0.9821279048919678
9,48,0.03006264939904213,0.13368651270866394,-0.6632612943649292,-0.14939557015895844,0,-5.0,0.9831994771957397
9,49,0.021647421643137932,0.12961681187152863,-0.9790455102920532,-0.6123497486114502,3,2.5,0.9841312766075134
9,50,0.01338010374456644,0.1259709596633911,-0.7135379910469055,-0.18649506568908691,0,-5.0,0.985227108001709
9,51,0.004478435032069683,0.1215437799692154,-1.0263170003890991,-0.6465042233467102,3,2.5,0.9861754179000854
9,52,-0.004243086092174053,0.11757799983024597,-0.7574175596237183,-0.21625876426696777,2,0.0,0.9865180253982544
9,53,-0.011449591256678104,0.11611203849315643,-0.6948916912078857,-0.10270068049430847,0,-5.0,0.9873465895652771
9,54,-0.02017863467335701,0.11248734593391418,-1.0099235773086548,-0.5681858062744141,3,2.5,0.9880569577217102
9,55,-0.028744619339704514,0.1092841848731041,-0.7423670887947083,-0.1409182846546173,0,-5.0,0.9889136552810669
9,56,-0.03793247044086456,0.1052919253706932,-1.054474949836731,-0.603329598903656,3,2.5,0.9896453619003296
9,57,-0.046926625072956085,0.10175766050815582,-0.7837439179420471,-0.17195679247379303,0,-5.0,0.9905006885528564
9,58,-0.056515175849199295,0.09746439009904861,-1.0934205055236816,-0.632158637046814,3,2.5,0.9912282824516296
9,59,-0.06588400155305862,0.09365757554769516,-0.8199555277824402,-0.19744174182415009,2,0.0,0.9914655089378357
9,60,-0.07369763404130936,0.09238225221633911,-0.7538057565689087,-0.08167022466659546,0,-5.0,0.9920876622200012
9,61,-0.08300481736660004,0.0889512374997139,-1.066473364830017,-0.5482823252677917,2,0.0,0.9928901791572571
9,62,-0.0931810811161995,0.0843198299407959,-0.9821928143501282,-0.4053767919540405,2,0.0,0.993429958820343
9,63,-0.10255169123411179,0.08105552941560745,-0.9043726325035095,-0.27302488684654236,2,0.0,0.9937496781349182
9,64,-0.11117815971374512,0.0790589228272438,-0.8324906826019287,-0.15024061501026154,0,-5.0,0.9943804144859314
9,65,-0.12124622613191605,0.07496389001607895,-1.1403570175170898,-0.6120444536209106,3,2.5,0.994907796382904
9,66,-0.13106979429721832,0.07135991007089615,-0.8639490604400635,-0.17538276314735413,0,-5.0,0.9955086708068848
9,67,-0.14144323766231537,0.06701735407114029,-1.1700549125671387,-0.6359189748764038,3,2.5,0.9960079193115234
9,68,-0.15155331790447235,0.06318309158086777,-0.8916682600975037,-0.19717806577682495,2,0.0,0.9961674809455872
9,69,-0.16006459295749664,0.06190735101699829,-0.8215529322624207,-0.07965581864118576,1,-2.5,0.9963859915733337
9,70,-0.1689709573984146,0.0601167231798172,-0.9441192150115967,-0.2591259181499481,2,0.0,0.9966068863868713
9,71,-0.1779855489730835,0.05825071781873703,-0.870227038860321,-0.13624171912670135,1,-2.5,0.9968730211257935
9,72,-0.18735957145690918,0.05591921508312225,-0.9893732666969299,-0.3110509514808655,2,0.0,0.9971317052841187
9,73,-0.1968090534210205,0.053556572645902634,-0.912295937538147,-0.18387682735919952,1,-2.5,0.9974226951599121
9,74,-0.20658791065216064,0.050767481327056885,-1.0285742282867432,-0.35503581166267395,3,2.5,0.9975371956825256
9,75,-0.21534790098667145,0.049626391381025314,-0.7612982988357544,0.06457721441984177,0,-5.0,0.9977369904518127
9,76,-0.22474956512451172,0.04757115617394447,-1.0766181945800781,-0.4139905273914337,3,2.5,0.9978961944580078
9,77,-0.2339705526828766,0.045867182314395905,-0.8058680891990662,0.010548152029514313,0,-5.0,0.9981256723403931
9,78,-0.2438007891178131,0.04329326003789902,-1.118110179901123,-0.4639454185962677,1,-2.5,0.9985697269439697
9,79,-0.255554735660553,0.03781919181346893,-1.2195998430252075,-0.6140116453170776,2,0.0,0.9989407062530518
9,80,-0.2672152817249298,0.03254730626940727,-1.1261732578277588,-0.46432802081108093,1,-2.5,0.9992679953575134
9,81,-0.27905094623565674,0.027055226266384125,-1.2276558876037598,-0.6160714030265808,2,0.0,0.9995269179344177
9,82,-0.29079270362854004,0.021749885752797127,-1.1341443061828613,-0.46783795952796936,1,-2.5,0.9997372627258301
9,83,-0.3027091324329376,0.016208557412028313,-1.2356181144714355,-0.6212469339370728,2,0.0,0.9998825192451477
9,84,-0.31453123688697815,0.010838189162313938,-1.142045259475708,-0.47453057765960693,1,-2.5,0.9999728202819824
9,85,-0.32652774453163147,0.0052157435566186905,-1.243509292602539,-0.629603922367096,2,0.0,0.9999999403953552
9,86,-0.33842960000038147,-0.00025198288494721055,-1.149899959564209,-0.4844833016395569,1,-2.5,0.9999641180038452
9,87,-0.3505057394504547,-0.005988267250359058,-1.2513535022735596,-0.6412291526794434,2,0.0,0.9998657703399658
9,88,-0.36248716711997986,-0.011586638167500496,-1.1577342748641968,-0.4977952837944031,1,-2.5,0.9996947646141052
9,89,-0.3746427297592163,-0.017470553517341614,-1.2591769695281982,-0.6562309265136719,2,0.0,0.9994601607322693
9,90,-0.3867036700248718,-0.023234043270349503,-1.1655757427215576,-0.5145890712738037,1,-2.5,0.9991414546966553
9,91,-0.39893874526023865,-0.029300672933459282,-1.2670060396194458,-0.6747388243675232,2,0.0,0.9987563490867615
9,92,-0.41107940673828125,-0.03526516258716583,-1.173452377319336,-0.5350085496902466,1,-2.5,0.998273491859436
9,93,-0.4233943819999695,-0.04155108705163002,-1.2748682498931885,-0.6969041228294373,0,-5.0,0.9973944425582886
9,94,-0.43774935603141785,-0.05104490742087364,-1.55649733543396,-1.1376361846923828,1,-2.5,0.9960145950317383
9,95,-0.4537357985973358,-0.06312986463308334,-1.6297674179077148,-1.2585617303848267,3,2.5,0.9946545362472534
9,96,-0.4682962894439697,-0.07311256229877472,-1.3234494924545288,-0.7966497540473938,3,2.5,0.9938063621520996
9,97,-0.4799305498600006,-0.0786995217204094,-1.040926218032837,-0.3730523884296417,2,0.0,0.9932947158813477
9,98,-0.4899279475212097,-0.081885926425457,-0.9671274423599243,-0.271500825881958,3,2.5,0.993198037147522
9,99,-0.49815598130226135,-0.08247401565313339,-0.7119708061218262,0.1085444763302803,4,5.0,0.9939484000205994
9,100,-0.5028768181800842,-0.07779207825660706,-0.2887912094593048,0.7470840811729431,2,0.0,0.9950627684593201
9,101,-0.5056715607643127,-0.07026541978120804,-0.2710261344909668,0.7628360986709595,2,0.0,0.9960837960243225
9,102,-0.5082932114601135,-0.0625796839594841,-0.2541978359222412,0.7783011198043823,2,0.0,0.9970038533210754
9,103,-0.5107506513595581,-0.054736871272325516,-0.23823052644729614,0.7936176657676697,2,0.0,0.9978156089782715
9,104,-0.513052225112915,-0.046737655997276306,-0.22305403649806976,0.8089158535003662,2,0.0,0.9985114932060242
9,105,-0.5152053833007812,-0.03858146816492081,-0.2086033672094345,0.8243175745010376,4,5.0,0.9992724061012268
9,106,-0.515082061290741,-0.0269736647605896,0.18047712743282318,1.4188191890716553,0,-5.0,0.9997361302375793
9,107,-0.5154992938041687,-0.016243260353803635,-0.2096426635980606,0.8131119608879089,4,5.0,0.9999778866767883
9,108,-0.5153759717941284,-0.004704243503510952,0.18084818124771118,1.4135031700134277,0,-5.0,0.9999638795852661
9,109,-0.515782356262207,0.006008016411215067,-0.2083735316991806,0.8123803734779358,2,0.0,0.9997960329055786
9,110,-0.5177746415138245,0.01428068894892931,-0.1923563927412033,0.8382073044776917,4,5.0,0.9993181824684143
9,111,-0.5174742341041565,0.026111753657460213,0.19831974804401398,1.4434845447540283,0,-5.0,0.9986186027526855
9,112,-0.5177015066146851,0.037166956812143326,-0.19058892130851746,0.8477725982666016,4,5.0,0.9975864887237549
9,113,-0.5173771977424622,0.04912734031677246,0.20079833269119263,1.45722234249115,0,-5.0,0.9963562488555908
9,114,-0.5175704956054688,0.060363367199897766,-0.18683315813541412,0.8675280213356018,4,5.0,0.9947364926338196
9,115,-0.5172043442726135,0.07255009561777115,0.204886794090271,1.4802823066711426,0,-5.0,0.9929333329200745
9,116,-0.5173469185829163,0.08406345546245575,-0.18135446310043335,0.897171139717102,0,-5.0,0.9918950796127319
9,117,-0.5211788415908813,0.0900273323059082,-0.5375268459320068,0.36238259077072144,0,-5.0,0.9917388558387756
9,118,-0.5284164547920227,0.09089082479476929,-0.8664939403533936,-0.12958963215351105,1,-2.5,0.9921348690986633
9,119,-0.5377399921417236,0.0886855199933052,-0.9839173555374146,-0.2963751256465912,2,0.0,0.9925143122673035
9,120,-0.5471253991127014,0.0865197703242302,-0.9057480096817017,-0.16284891963005066,1,-2.5,0.9929441213607788
9,121,-0.5568268895149231,0.08399904519319534,-1.0205163955688477,-0.32629016041755676,0,-5.0,0.9938727021217346
9,122,-0.5686927437782288,0.07827676087617874,-1.3139865398406982,-0.7650732398033142,0,-5.0,0.9953290820121765
9,123,-0.5833727717399597,0.0683441013097763,-1.5861313343048096,-1.1722484827041626,4,5.0,0.9962717294692993
9,124,-0.5964018106460571,0.06105973199009895,-1.089393973350525,-0.3971615731716156,2,0.0,0.9966464638710022
9,125,-0.6068070530891418,0.0579100027680397,-1.0045944452285767,-0.2573675215244293,2,0.0,0.9968530535697937
9,126,-0.6164013147354126,0.05609765276312828,-0.9262725114822388,-0.12797588109970093,1,-2.5,0.9970967769622803
9,127,-0.6263128519058228,0.05388163402676582,-1.041342854499817,-0.29684966802597046,2,0.0,0.997327983379364
9,128,-0.6362606287002563,0.05169180780649185,-0.9604625105857849,-0.16410580277442932,1,-2.5,0.9975863695144653
9,129,-0.6465014219284058,0.04912868142127991,-1.0732340812683105,-0.33015358448028564,2,0.0,0.9978266954421997
9,130,-0.6567562818527222,0.04661877453327179,-0.9901934862136841,-0.19477546215057373,2,0.0,0.9979384541511536
9,131,-0.6662169694900513,0.045404087752103806,-0.9134825468063354,-0.06949032843112946,1,-2.5,0.9980863928794861
9,132,-0.6760106682777405,0.043744754046201706,-1.03013014793396,-0.24249349534511566,2,0.0,0.9982297420501709
9,133,-0.6858547925949097,0.042074233293533325,-0.9505688548088074,-0.11324334144592285,1,-2.5,0.9984003901481628
9,134,-0.6960050463676453,0.039995551109313965,-1.0646322965621948,-0.2828027307987213,2,0.0,0.9985607266426086
9,135,-0.7061809301376343,0.037938229739665985,-0.9826698899269104,-0.15040728449821472,1,-2.5,0.9987396597862244
9,136,-0.716640293598175,0.035501375794410706,-1.0945663452148438,-0.3172886073589325,2,0.0,0.9989036321640015
9,137,-0.7271044850349426,0.033111222088336945,-1.0105823278427124,-0.18244139850139618,1,-2.5,0.9990780353546143
9,138,-0.7378330230712891,0.0303635373711586,-1.1206614971160889,-0.347287118434906,2,0.0,0.9992337226867676
9,139,-0.7485490441322327,0.02768179029226303,-1.0349761247634888,-0.21057797968387604,2,0.0,0.9993079900741577
9,140,-0.758445680141449,0.02630634605884552,-0.9558394551277161,-0.0843370333313942,1,-2.5,0.9994001388549805
9,141,-0.7686530351638794,0.024491457268595695,-1.0703967809677124,-0.2571312189102173,2,0.0,0.9994861483573914
9,142,-0.778890073299408,0.022668268531560898,-0.9887662529945374,-0.1275261640548706,1,-2.5,0.9995823502540588
9,143,-0.78941410779953,0.020436543971300125,-1.101058006286621,-0.29740193486213684,2,0.0,0.9996678829193115
9,144,-0.7999461889266968,0.01822381094098091,-1.0173344612121582,-0.16517910361289978,1,-2.5,0.9997557997703552
9,145,-0.8107455968856812,0.015626341104507446,-1.1277297735214233,-0.3328254222869873,2,0.0,0.9998292326927185
9,146,-0.8215349316596985,0.013068591244518757,-1.0422515869140625,-0.19862055778503418,2,0.0,0.999860942363739
9,147,-0.8315069079399109,0.011792308650910854,-0.9633094668388367,-0.07485409080982208,1,-2.5,0.9998989701271057
9,148,-0.8417918086051941,0.010051111690700054,-1.0781018733978271,-0.25025397539138794,2,0.0,0.9999315142631531
9,149,-0.8521082997322083,0.008276807144284248,-0.9966280460357666,-0.12304508686065674,1,-2.5,0.9999631643295288
9,150,-0.862713634967804,0.006069350056350231,-1.1091116666793823,-0.29543209075927734,2,0.0,0.9999850988388062
9,151,-0.8733286261558533,0.0038567029405385256,-1.0255194902420044,-0.16556361317634583,1,-2.5,0.9999984502792358
9,152,-0.88421231508255,0.0012352331541478634,-1.1360727548599243,-0.3356546461582184,2,0.0,0.9999980926513672
9,153,-0.8950872421264648,-0.0013703744625672698,-1.0507112741470337,-0.2037951797246933,2,0.0,0.9999926090240479
9,154,-0.905146062374115,-0.002718081697821617,-0.9718865752220154,-0.08238794654607773,1,-2.5,0.9999792575836182
9,155,-0.9155189394950867,-0.004554610699415207,-1.0868061780929565,-0.2601945400238037,2,0.0,0.9999583959579468
9,156,-0.92592453956604,-0.006448188330978155,-1.0054433345794678,-0.13536706566810608,1,-2.5,0.9999225735664368
9,157,-0.9366202354431152,-0.008798965252935886,-1.1180408000946045,-0.31016361713409424,2,0.0,0.999875009059906
9,158,-0.9473265409469604,-0.011179191991686821,-1.0345613956451416,-0.18272797763347626,1,-2.5,0.9998041987419128
9,159,-0.9583027958869934,-0.013992654159665108,-1.1452183723449707,-0.3552496135234833,2,0.0,0.9997172355651855
9,160,-0.9692714214324951,-0.016815073788166046,-1.0599784851074219,-0.2259024679660797,2,0.0,0.9996612668037415
9,161,-0.9794251918792725,-0.018405109643936157,-0.9812836050987244,-0.10705747455358505,1,-2.5,0.9995793700218201
9,162,-0.9898942112922668,-0.020509373396635056,-1.0963023900985718,-0.28736814856529236,2,0.0,0.9994848370552063
9,163,-1.0003972053527832,-0.02269677072763443,-1.0150835514068604,-0.16521145403385162,1,-2.5,0.9993564486503601
9,164,-1.011191487312317,-0.025367701426148415,-1.127781867980957,-0.3425882160663605,2,0.0,0.9992106556892395
9,165,-1.0219978094100952,-0.02809528447687626,-1.044466495513916,-0.2179601639509201,2,0.0,0.9991216659545898
9,166,-1.0320076942443848,-0.02963627688586712,-0.9675495624542236,-0.10359543561935425,1,-2.5,0.998992919921875
9,167,-1.0423495769500732,-0.03173410892486572,-1.0841548442840576,-0.28800368309020996,2,0.0,0.9988470077514648
9,168,-1.0527410507202148,-0.03395598754286766,-1.0044617652893066,-0.1699378341436386,1,-2.5,0.9986531138420105
9,169,-1.063437819480896,-0.036700259894132614,-1.1185072660446167,-0.35104161500930786,2,0.0,0.998436689376831
9,170,-1.074160099029541,-0.03953888267278671,-1.036512017250061,-0.23021352291107178,2,0.0,0.9983002543449402
9,171,-1.0840985774993896,-0.0412282720208168,-0.9608249068260193,-0.11952663958072662,1,-2.5,0.9981069564819336
9,172,-1.0943803787231445,-0.04350929707288742,-1.0784897804260254,-0.3072521984577179,2,0.0,0.9978886842727661
9,173,-1.1047223806381226,-0.04594867303967476,-0.9998761415481567,-0.19269268214702606,2,0.0,0.9977628588676453
9,174,-1.1143128871917725,-0.04729854315519333,-0.9272936582565308,-0.08778554201126099,1,-2.5,0.9975700974464417
9,175,-1.124276041984558,-0.04929424077272415,-1.0477557182312012,-0.28068581223487854,2,0.0,0.997347891330719
9,176,-1.1343263387680054,-0.051498670130968094,-0.9717717170715332,-0.1710812896490097,1,-2.5,0.997050940990448
9,177,-1.1447168588638306,-0.05430500581860542,-1.0890909433364868,-0.3597513735294342,2,0.0,0.9967187643051147
9,178,-1.1551649570465088,-0.057282041758298874,-1.0102890729904175,-0.24661299586296082,2,0.0,0.9964971542358398
9,179,-1.1648600101470947,-0.059184908866882324,-0.93756502866745,-0.1432814747095108,1,-2.5,0.996187150478363
9,180,-1.1749258041381836,-0.06174822896718979,-1.0577940940856934,-0.3375135362148285,2,0.0,0.9958349466323853
9,181,-1.1850775480270386,-0.06453705579042435,-0.981761634349823,-0.22981424629688263,4,5.0,0.9960283637046814
9,182,-1.1923710107803345,-0.06302088499069214,-0.5369083285331726,0.44555410742759705,4,5.0,0.9969708323478699
9,183,-1.195404052734375,-0.055037714540958405,-0.12508974969387054,1.070556640625,1,-2.5,0.9978852272033691
9,184,-1.1976884603500366,-0.04598646238446236,-0.30580464005470276,0.783941924571991,2,0.0,0.9985541701316833
9,185,-1.2006336450576782,-0.038024354726076126,-0.2851148843765259,0.8090725541114807,2,0.0,0.9991112947463989
9,186,-1.2033774852752686,-0.029810581356287003,-0.2655632197856903,0.8336687684059143,4,5.0,0.9996740221977234
9,187,-1.203795313835144,-0.018054548650979996,0.12834522128105164,1.437116265296936,0,-5.0,0.9999496936798096
9,188,-1.2047086954116821,-0.007093056570738554,-0.25751036405563354,0.8392397165298462,4,5.0,0.9999774098396301
9,189,-1.2050400972366333,0.004755291622132063,0.13706517219543457,1.4473786354064941,0,-5.0,0.9997487664222717
9,190,-1.205862283706665,0.015851270407438278,-0.24840998649597168,0.8534966111183167,4,5.0,0.999222993850708
9,191,-1.2060978412628174,0.027874689549207687,0.1465390920639038,1.4655921459197998,0,-5.0,0.9984642863273621
9,192,-1.2068201303482056,0.03918837383389473,-0.23838192224502563,0.8763371706008911,4,5.0,0.9973509907722473
9,193,-1.206952691078186,0.051468685269355774,0.15664663910865784,1.4916632175445557,0,-5.0,0.9960205554962158
9,194,-1.2075676918029785,0.06308279186487198,-0.22752630710601807,0.907739520072937,0,-5.0,0.9952201843261719
9,195,-1.2118531465530396,0.06913640350103378,-0.5818979740142822,0.3716917335987091,0,-5.0,0.9950894117355347
9,196,-1.2195271253585815,0.07007574290037155,-0.9092148542404175,-0.12173854559659958,1,-2.5,0.9953845739364624
9,197,-1.2292691469192505,0.06793717294931412,-1.0247254371643066,-0.28902047872543335,2,0.0,0.9956653714179993
9,198,-1.2390527725219727,0.06583800166845322,-0.9444329738616943,-0.15516142547130585,1,-2.5,0.9959829449653625
9,199,-1.249133825302124,0.06338024139404297,-1.05756676197052,-0.3194830119609833,0,-5.0,0.9966699481010437
9,200,-1.261365532875061,0.05770644545555115,-1.349791169166565,-0.7601358890533447,0,-5.0,0.9977146983146667
9,201,-1.2763984203338623,0.047804512083530426,-1.6206659078598022,-1.1690289974212646,2,0.0,0.9986116290092468
9,202,-1.2918963432312012,0.03726052865386009,-1.496864914894104,-0.9711853861808777,2,0.0,0.9991821646690369
9,203,-1.3062119483947754,0.028597328811883926,-1.3827455043792725,-0.789746105670929,0,-5.0,0.9996627569198608
9,204,-1.3215734958648682,0.018364597111940384,-1.652955412864685,-1.2025237083435059,2,0.0,0.9999443888664246
9,205,-1.337390422821045,0.007458855397999287,-1.528035283088684,-1.007245659828186,4,5.0,0.999997079372406
9,206,-1.3498789072036743,0.0017028794391080737,-1.0374610424041748,-0.2491816133260727,2,0.0,1.0
9,207,-1.3598096370697021,-0.00010209297761321068,-0.9594738483428955,-0.12861260771751404,1,-2.5,0.9999942183494568
9,208,-1.3700627088546753,-0.0024045268073678017,-1.0751926898956299,-0.3072684407234192,2,0.0,0.9999772310256958
9,209,-1.3803563117980957,-0.004772776272147894,-0.9945926070213318,-0.18330253660678864,1,-2.5,0.9999421238899231
9,210,-1.3909474611282349,-0.007607199251651764,-1.1079217195510864,-0.3589881360530853,2,0.0,0.999890148639679
9,211,-1.4015564918518066,-0.010480293072760105,-1.0251424312591553,-0.23246291279792786,2,0.0,0.9998524188995361
9,212,-1.4113743305206299,-0.012147657573223114,-0.9487239122390747,-0.11616279184818268,1,-2.5,0.9997939467430115
9,213,-1.4215292930603027,-0.014353668317198753,-1.065872073173523,-0.2988317608833313,2,0.0,0.9997223019599915
9,214,-1.4317384958267212,-0.016664808616042137,-0.9866067171096802,-0.17874681949615479,1,-2.5,0.9996205568313599
9,215,-1.4422577619552612,-0.01947954297065735,-1.1011426448822021,-0.3580707013607025,2,0.0,0.9994996190071106
9,216,-1.452806830406189,-0.02236899547278881,-1.0195080041885376,-0.2351313978433609,2,0.0,0.9994197487831116
9,217,-1.4625753164291382,-0.02408791519701481,-0.9441533088684082,-0.12229733169078827,1,-2.5,0.9993041753768921
9,218,-1.4726910591125488,-0.02637878619134426,-1.0622438192367554,-0.3081893026828766,2,0.0,0.9991701245307922
9,219,-1.4828704595565796,-0.02880735509097576,-0.9839026927947998,-0.19138400256633759,2,0.0,0.9990925788879395
9,220,-1.4923009872436523,-0.030123746022582054,-0.9115698337554932,-0.08419529348611832,1,-2.5,0.9989718198776245
9,221,-1.5021071434020996,-0.032065264880657196,-1.0323998928070068,-0.2751884162425995,2,0.0,0.9988307952880859
9,222,-1.5120031833648682,-0.03419366851449013,-0.9566093683242798,-0.1631910651922226,4,5.0,0.9989783763885498
9,223,-1.519039511680603,-0.03196233510971069,-0.5113250017166138,0.5184802412986755,0,-5.0,0.9991125464439392
9,224,-1.5260822772979736,-0.02978987619280815,-0.8498919606208801,-0.008551530539989471,3,2.5,0.9992315769195557
9,225,-1.5331625938415527,-0.02772057056427002,-0.5999814867973328,0.3724992275238037,2,0.0,0.9994407892227173
9,226,-1.5389171838760376,-0.023648258298635483,-0.5563496351242065,0.43571236729621887,2,0.0,0.9996403455734253
9,227,-1.5442522764205933,-0.0189652256667614,-0.5157675743103027,0.4948582649230957,0,-5.0,0.9997107982635498
9,228,-1.5513328313827515,-0.017005402594804764,-0.8534451127052307,-0.029005959630012512,3,2.5,0.9997715353965759
9,229,-1.5584415197372437,-0.015114500187337399,-0.6025177240371704,0.3556583523750305,2,0.0,0.9998748302459717
9,230,-1.5642151832580566,-0.011186669580638409,-0.5580284595489502,0.4221164882183075,2,0.0,0.9999562501907349
9,231,-1.5695616006851196,-0.00661655655130744,-0.5166656374931335,0.48436349630355835,0,-5.0,0.9999775290489197
9,232,-1.576646327972412,-0.004740435164421797,-0.8536872863769531,-0.0366981104016304,3,2.5,0.9999915361404419
9,233,-1.5837520360946655,-0.0029041385278105736,-0.60206139087677,0.35095012187957764,2,0.0,0.9999989867210388
9,234,-1.5895164012908936,0.0009977895533666015,-0.5569649934768677,0.4202001392841339,2,0.0,0.9999690055847168
9,235,-1.594847559928894,0.0055694072507321835,-0.5150464177131653,0.4851527512073517,0,-5.0,0.9999441504478455
9,236,-1.601912021636963,0.007473689503967762,-0.8515524864196777,-0.03326583653688431,3,2.5,0.9999123215675354
9,237,-1.608992576599121,0.009364292025566101,-0.5994493365287781,0.35696202516555786,2,0.0,0.9998219013214111
9,238,-1.614727258682251,0.013346090912818909,-0.5539109706878662,0.4287498891353607,2,0.0,0.9996751546859741
9,239,-1.6200242042541504,0.01802274025976658,-0.5115841031074524,0.4961979389190674,0,-5.0,0.9995976686477661
9,240,-1.6270500421524048,0.020057950168848038,-0.8476424813270569,-0.019559837877750397,3,2.5,0.9995114207267761
9,241,-1.634088397026062,0.022104352712631226,-0.5952185392379761,0.3730027973651886,2,0.0,0.9993100762367249
9,242,-1.6397773027420044,0.02626592293381691,-0.5493439435958862,0.4472273886203766,0,-5.0,0.9992243051528931
9,243,-1.6471611261367798,0.027851849794387817,-0.8820712566375732,-0.06205805763602257,3,2.5,0.9991292357444763
9,244,-1.6545261144638062,0.029508721083402634,-0.6267075538635254,0.3361375629901886,2,0.0,0.9988887906074524
9,245,-1.6605136394500732,0.03333516791462898,-0.5780937671661377,0.41568589210510254,2,0.0,0.9985612034797668
9,246,-1.66603422164917,0.03793168067932129,-0.5329371690750122,0.49049001932144165,0,-5.0,0.998403012752533
9,247,-1.6732555627822876,0.03996218368411064,-0.8661478757858276,-0.01756645366549492,3,2.5,0.9982298612594604
9,248,-1.6804639101028442,0.0420728400349617,-0.6114564538002014,0.38127148151397705,2,0.0,0.9978505373001099
9,249,-1.6863006353378296,0.04636215418577194,-0.563359260559082,0.46190065145492554,0,-5.0,0.9976822137832642
9,250,-1.693808913230896,0.048143696039915085,-0.893719494342804,-0.04030787944793701,3,2.5,0.9974942207336426
9,251,-1.701278567314148,0.05005769431591034,-0.6366326808929443,0.36331361532211304,2,0.0,0.997062623500824
9,252,-1.7073532342910767,0.05419760197401047,-0.5862522721290588,0.4486379325389862,0,-5.0,0.9968776702880859
9,253,-1.7150768041610718,0.055877652019262314,-0.9143461585044861,-0.048693109303712845,3,2.5,0.9966669082641602
9,254,-1.7227416038513184,0.05773299187421799,-0.6554219722747803,0.35876792669296265,2,0.0,0.9961742162704468
9,255,-1.7289934158325195,0.06185279041528702,-0.6032586693763733,0.44796615839004517,0,-5.0,0.9959609508514404
9,256,-1.7368760108947754,0.0635533258318901,-0.9295216202735901,-0.04515937343239784,0,-5.0,0.9963349103927612
9,257,-1.7478811740875244,0.06053988263010979,-1.2312586307525635,-0.5003505349159241,4,5.0,0.9964317083358765
9,258,-1.7575125694274902,0.059735290706157684,-0.7610615491867065,0.23312827944755554,4,5.0,0.9956498146057129
9,259,-1.762642741203308,0.06595611572265625,-0.32613271474838257,0.9122849106788635,2,0.0,0.9943137168884277
9,260,-1.7657397985458374,0.07540751248598099,-0.29837048053741455,0.9652351140975952,0,-5.0,0.9932580590248108
9,261,-1.7706972360610962,0.08210910111665726,-0.6465043425559998,0.4411468505859375,2,0.0,0.9924157857894897
9,262,-1.776854395866394,0.08708742260932922,-0.5938662886619568,0.5346365571022034,2,0.0,0.9913557767868042
9,263,-1.782505989074707,0.09297420084476471,-0.5449578762054443,0.6231293678283691,0,-5.0,0.990696132183075
9,264,-1.7898133993148804,0.09645648300647736,-0.8731401562690735,0.13303811848163605,0,-5.0,0.9909254312515259
9,265,-1.8002606630325317,0.09526029229164124,-1.1765028238296509,-0.31840384006500244,0,-5.0,0.9919461011886597
9,266,-1.813614010810852,0.0897437036037445,-1.4574192762374878,-0.7357434630393982,0,-5.0,0.9935643076896667
9,267,-1.829661250114441,0.08022276312112808,-1.7179752588272095,-1.122965693473816,0,-5.0,0.9955140948295593
9,268,-1.8482097387313843,0.0669771060347557,-1.9599742889404297,-1.4835060834884644,0,-5.0,0.9974744319915771
9,269,-1.8690831661224365,0.05025523900985718,-2.1849567890167236,-1.8202908039093018,3,2.5,0.998759925365448
9,270,-1.8889175653457642,0.035214345902204514,-1.8314765691757202,-1.2681208848953247,3,2.5,0.9993525743484497
9,271,-1.9053702354431152,0.02544446289539337,-1.5047523975372314,-0.7590720057487488,0,-5.0,0.9997568726539612
9,272,-1.921900987625122,0.01559313852339983,-1.765973687171936,-1.1584813594818115,0,-5.0,0.9999963641166687
9,273,-1.9409369230270386,0.0019010284449905157,-2.008190631866455,-1.5302246809005737,3,2.5,0.9998912811279297
9,274,-1.9590922594070435,-0.010426891036331654,-1.6696279048919678,-1.007745385169983,3,2.5,0.9996840953826904
9,275,-1.9740113019943237,-0.017774216830730438,-1.3570955991744995,-0.5272193551063538,4,5.0,0.9996432662010193
9,276,-1.984873652458191,-0.018887268379330635,-0.8807024955749512,0.20513850450515747,4,5.0,0.9998311996459961
9,277,-1.9911760091781616,-0.012991849333047867,-0.4400709867477417,0.8823239207267761,3,2.5,0.9999949336051941
9,278,-1.9943252801895142,-0.002251213416457176,-0.21984358131885529,1.2204655408859253,0,-5.0,0.9999538064002991
9,279,-1.9985666275024414,0.006798757705837488,-0.5788716077804565,0.6662692427635193,0,-5.0,0.99988853931427
9,280,-2.0062413215637207,0.010558701120316982,-0.9105040431022644,0.1556088626384735,0,-5.0,0.9999109506607056
9,281,-2.017089366912842,0.009436904452741146,-1.217061161994934,-0.3158925771713257,0,-5.0,0.9999855756759644
9,282,-2.0308725833892822,0.0037995008751749992,-1.500706434249878,-0.752324640750885,0,-5.0,0.9999637007713318
9,283,-2.0473737716674805,-0.0060258423909544945,-1.763390302658081,-1.1573759317398071,0,-5.0,0.9996101260185242
9,284,-2.0663931369781494,-0.01974557153880596,-2.0068295001983643,-1.5342929363250732,3,2.5,0.9989662170410156
9,285,-2.084543228149414,-0.03215271234512329,-1.669458270072937,-1.017069697380066,3,2.5,0.9984291791915894
9,286,-2.0994699001312256,-0.03963358700275421,-1.358192801475525,-0.5420349836349487,4,5.0,0.9983240962028503
9,287,-2.110353469848633,-0.0409378707408905,-0.8831883668899536,0.18439450860023499,0,-5.0,0.998246431350708
9,288,-2.1209590435028076,-0.04187575355172157,-1.194237470626831,-0.301455020904541,2,0.0,0.9980483055114746
9,289,-2.132408380508423,-0.04417800158262253,-1.1068477630615234,-0.17310509085655212,4,5.0,0.998238742351532
9,290,-2.140887975692749,-0.04196764901280403,-0.6510040163993835,0.5230671763420105,0,-5.0,0.998426079750061
9,291,-2.14927077293396,-0.03967255353927612,-0.9794755578041077,0.010279461741447449,3,2.5,0.9986050724983215
9,292,-2.1575961112976074,-0.037348490208387375,-0.7204487323760986,0.4037686288356781,2,0.0,0.9989175200462341
9,293,-2.164508104324341,-0.032901156693696976,-0.6682844161987305,0.47867274284362793,0,-5.0,0.9990374445915222
9,294,-2.173053503036499,-0.031024912372231483,-0.9951127171516418,-0.030384913086891174,3,2.5,0.9991543292999268
9,295,-2.1815242767333984,-0.02908063866198063,-0.7343783378601074,0.3671573996543884,2,0.0,0.9993762373924255
9,296,-2.188565731048584,-0.02497560903429985,-0.6807300448417664,0.44561493396759033,0,-5.0,0.9994519948959351
9,297,-2.197227716445923,-0.023409301415085793,-1.0062943696975708,-0.06041249632835388,3,2.5,0.9995272159576416
9,298,-2.2058024406433105,-0.021743616089224815,-0.7442653775215149,0.3403549790382385,2,0.0,0.9996800422668457
9,299,-2.21293568611145,-0.017887121066451073,-0.6894858479499817,0.4216770827770233,2,0.0,0.9998245239257812
9,300,-2.219542980194092,-0.013246530666947365,-0.6386036276817322,0.4975947141647339,0,-5.0,0.9998752474784851
9,301,-2.227797508239746,-0.011168889701366425,-0.9667900204658508,-0.010800343006849289,3,2.5,0.9999188184738159
9,302,-2.2359888553619385,-0.009010531939566135,-0.7070193886756897,0.3884322941303253,2,0.0,0.9999781250953674
9,303,-2.242760419845581,-0.0046752397902309895,-0.6543564796447754,0.4684428870677948,0,-5.0,0.999991774559021
9,304,-2.2511627674102783,-0.0028642078395932913,-0.9809404015541077,-0.03622331842780113,3,2.5,0.9999991059303284
9,305,-2.259486436843872,-0.0009359115501865745,-0.7196565270423889,0.3666185736656189,2,0.0,0.9999897480010986
9,306,-2.266375780105591,0.0032037263736128807,-0.6656239032745361,0.4499633312225342,0,-5.0,0.9999764561653137
9,307,-2.2748823165893555,0.00485115684568882,-0.9909515976905823,-0.05157523602247238,3,2.5,0.9999558329582214
9,308,-2.2832984924316406,0.006646038964390755,-0.7285137176513672,0.3542087972164154,2,0.0,0.9998859167098999
9,309,-2.290269613265991,0.010680667124688625,-0.6734231114387512,0.4403294026851654,0,-5.0,0.9998499155044556
9,310,-2.2988481521606445,0.012250320985913277,-0.9977548122406006,-0.058513343334198,3,2.5,0.9998041987419128
9,311,-2.307326316833496,0.013992993161082268,-0.7344357967376709,0.3497231602668762,2,0.0,0.9996760487556458
9,312,-2.3143510818481445,0.01799946092069149,-0.6785224080085754,0.4382178783416748,0,-5.0,0.9996172189712524
9,313,-2.3229753971099854,0.019564827904105186,-1.0020500421524048,-0.05822122469544411,3,2.5,0.9995452165603638
9,314,-2.3314921855926514,0.02132553793489933,-0.738057553768158,0.3521142601966858,2,0.0,0.9993563294410706
9,315,-2.3385488986968994,0.025371011346578598,-0.6814981698989868,0.4427047073841095,0,-5.0,0.9992711544036865
9,316,-2.347198247909546,0.026997089385986328,-1.0043591260910034,-0.05150623619556427,3,2.5,0.999168336391449
9,317,-2.35573410987854,0.028838688507676125,-0.7398524880409241,0.36067813634872437,2,0.0,0.9989120364189148
9,318,-2.362805128097534,0.0329839363694191,-0.6827791929244995,0.4531838297843933,0,-5.0,0.9987938404083252
9,319,-2.3714630603790283,0.03473031520843506,-1.0050665140151978,-0.03887398540973663,3,2.5,0.9986522793769836
9,320,-2.3800032138824463,0.03671111911535263,-0.7401695251464844,0.37498754262924194,2,0.0,0.9983178973197937
9,321,-2.3870742321014404,0.041013170033693314,-0.6826799511909485,0.4693066477775574,0,-5.0,0.9981564283370972
9,322,-2.3957273960113525,0.0429365411400795,-1.0044502019882202,-0.020583145320415497,3,2.5,0.9979648590087891
9,323,-2.4042587280273438,0.045112695544958115,-0.7392610311508179,0.39484304189682007,2,0.0,0.9975371360778809
9,324,-2.411318063735962,0.04962700232863426,-0.6814268827438354,0.49093785881996155,0,-5.0,0.9973185062408447
9,325,-2.419955015182495,0.0517832413315773,-1.0027049779891968,0.003313511610031128,3,2.5,0.9970611929893494
9,326,-2.428467273712158,0.05421067029237747,-0.737305223941803,0.42023441195487976,2,0.0,0.9965198636054993
9,327,-2.4355039596557617,0.05899297446012497,-0.6791787147521973,0.5181203484535217,0,-5.0,0.9962252974510193
9,328,-2.4441146850585938,0.0614389069378376,-0.9999611973762512,0.03294038400053978,3,2.5,0.9958815574645996
9,329,-2.452597141265869,0.06417501717805862,-0.7344223856925964,0.45131543278694153,2,0.0,0.9951998591423035
9,330,-2.4596025943756104,0.0692829042673111,-0.6760409474372864,0.551052987575531,2,0.0,0.9943211674690247
9,331,-2.466047525405884,0.07535818219184875,-0.6218107342720032,0.6451622247695923,0,-5.0,0.9937476515769958
9,332,-2.4741008281707764,0.07907172292470932,-0.9456708431243896,0.15831200778484344,0,-5.0,0.9938945770263672
9,333,-2.4852521419525146,0.07813713699579239,-1.244998812675476,-0.29024913907051086,0,-5.0,0.9946841597557068
9,334,-2.499270439147949,0.07290984690189362,-1.5220965147018433,-0.7049211263656616,0,-5.0,0.9959417581558228
9,335,-2.5159451961517334,0.06370443105697632,-1.7789992094039917,-1.0895860195159912,0,-5.0,0.9974193572998047
9,336,-2.535085439682007,0.050799861550331116,-2.017476797103882,-1.4476115703582764,0,-5.0,0.9988135695457458
9,337,-2.55651593208313,0.03444450721144676,-2.239048719406128,-1.7818818092346191,0,-5.0,0.9997791647911072
9,338,-2.5800750255584717,0.01486069057136774,-2.44500470161438,-2.0948402881622314,0,-5.0,0.9999399185180664
9,339,-2.6056125164031982,-0.007751153316348791,-2.636431932449341,-2.3885414600372314,0,-5.0,0.9988971948623657
9,340,-2.632988214492798,-0.03320891037583351,-2.8142380714416504,-2.6646993160247803,0,-5.0,0.9962367415428162
9,341,-2.6620702743530273,-0.06134568154811859,-2.979177474975586,-2.9247395992279053,0,-5.0,0.9915347099304199
9,342,-2.6927335262298584,-0.09200716763734818,-3.131875514984131,-3.169848680496216,1,-2.5,0.9847679138183594
9,343,-2.7237956523895264,-0.1234184205532074,-3.086296319961548,-3.114520311355591,1,-2.5,0.9761754274368286
9,344,-2.754427194595337,-0.1543520838022232,-3.044957160949707,-3.070645809173584,1,-2.5,0.9658048152923584
9,345,-2.7846691608428955,-0.18491937220096588,-3.007544755935669,-3.0376617908477783,0,-5.0,0.9529927968978882
9,346,-2.8156049251556396,-0.21681152284145355,-3.15750789642334,-3.2933948040008545,0,-5.0,0.9369103312492371
9,347,-2.847966432571411,-0.251176655292511,-3.294701337814331,-3.5331389904022217,0,-5.0,0.9171363711357117
9,348,-2.8816282749176025,-0.28786030411720276,-3.4196362495422363,-3.757927179336548,0,-5.0,0.8932554721832275
9,349,-2.9164695739746094,-0.3267177641391754,-3.5327773094177246,-3.9687271118164062,0,-5.0,0.8648601174354553
9,350,-2.95237398147583,-0.36761385202407837,-3.6345608234405518,-4.166476249694824,3,2.5,0.835045576095581
9,351,-2.9862539768218994,-0.40614569187164307,-3.2029612064361572,-3.6025288105010986,3,2.5,-2.1931357383728027
