episode,step,cart_pos,pole_angle,cart_vel,pole_vel,action_idx,action_val,reward
0,1,-0.20223656296730042,0.2045070230960846,-0.0,-0.0,4,5.0,0.9567307829856873
0,2,-0.20006948709487915,0.20801253616809845,0.37745267152786255,0.6011425256729126,1,-2.5,0.9548167586326599
0,3,-0.19741788506507874,0.2125634104013443,0.17655077576637268,0.32923537492752075,2,0.0,0.9532980918884277
0,4,-0.19564533233642578,0.21610626578330994,0.1741570234298706,0.35764768719673157,2,0.0,0.951626181602478
0,5,-0.19389456510543823,0.2199404239654541,0.17209215462207794,0.38708925247192383,2,0.0,0.9497897028923035
0,6,-0.19216234982013702,0.22407640516757965,0.1703423261642456,0.41758155822753906,2,0.0,0.9477763772010803
0,7,-0.19044560194015503,0.22852493822574615,0.16889463365077972,0.44914886355400085,1,-2.5,0.946298360824585
0,8,-0.18977981805801392,0.23173607885837555,-0.0148369912058115,0.20740605890750885,2,0.0,0.9451448917388916
0,9,-0.1898346096277237,0.23421166837215424,-0.002328708302229643,0.2610200345516205,2,0.0,0.9437270164489746
0,10,-0.18976883590221405,0.23721930384635925,0.009355101734399796,0.3137618601322174,2,0.0,0.9420387148857117
0,11,-0.18959029018878937,0.24075156450271606,0.020293211564421654,0.36582690477371216,2,0.0,0.9400715231895447
0,12,-0.18930596113204956,0.24480287730693817,0.03055795468389988,0.41739970445632935,2,0.0,0.9378147721290588
0,13,-0.18892216682434082,0.2493695467710495,0.04021558538079262,0.4686548411846161,1,-2.5,0.9360393285751343
0,14,-0.18947772681713104,0.2529044449329376,-0.13231101632118225,0.24814701080322266,2,0.0,0.9345190525054932
0,15,-0.19065208733081818,0.2558925449848175,-0.11040237545967102,0.3188280761241913,2,0.0,0.9326192736625671
0,16,-0.1916157603263855,0.25957801938056946,-0.09000028669834137,0.3876870274543762,2,0.0,0.9303332567214966
0,17,-0.1923830509185791,0.26394468545913696,-0.07097504287958145,0.4550168216228485,1,-2.5,0.9284727573394775
0,18,-0.1939961463212967,0.26744571328163147,-0.23415860533714294,0.25154542922973633,2,0.0,0.9268018007278442
0,19,-0.1961427927017212,0.2705516219139099,-0.20433171093463898,0.33601248264312744,2,0.0,0.924656331539154
0,20,-0.1980029046535492,0.2744879722595215,-0.17659449577331543,0.417804092168808,2,0.0,0.9220303893089294
0,21,-0.19959639012813568,0.2792303264141083,-0.15077555179595947,0.49729135632514954,1,-2.5,0.919776439666748
0,22,-0.20196625590324402,0.2832377552986145,-0.30690303444862366,0.3075689375400543,2,0.0,0.9176481366157532
0,23,-0.20480647683143616,0.2869701385498047,-0.2713203430175781,0.40267711877822876,2,0.0,0.9149481654167175
0,24,-0.2073049545288086,0.29163649678230286,-0.23824182152748108,0.4945816099643707,1,-2.5,0.9125626087188721
0,25,-0.21050675213336945,0.2956981956958771,-0.3870201110839844,0.3183665871620178,2,0.0,0.9102376103401184
0,26,-0.21411234140396118,0.2996036410331726,-0.3453020453453064,0.4241449534893036,2,0.0,0.9072516560554504
0,27,-0.2173174023628235,0.3045461177825928,-0.30653947591781616,0.5260763168334961,1,-2.5,0.9045235514640808
0,28,-0.2211674302816391,0.3089927136898041,-0.44936567544937134,0.36137691140174866,2,0.0,0.9017913341522217
0,29,-0.22536827623844147,0.3133825659751892,-0.40284377336502075,0.4758893847465515,3,2.5,0.8973545432090759
0,30,-0.2281082421541214,0.320383220911026,-0.18127493560314178,0.8478484153747559,1,-2.5,0.8924129605293274
0,31,-0.2307509183883667,0.3280046284198761,-0.3320816159248352,0.6749501824378967,2,0.0,0.8874525427818298
0,32,-0.2338249832391739,0.3354808986186981,-0.2937673330307007,0.7798328399658203,0,-5.0,0.8836805820465088
0,33,-0.23854540288448334,0.34105631709098816,-0.612343430519104,0.36582136154174805,1,-2.5,0.8815520405769348
0,34,-0.24530957639217377,0.34416279196739197,-0.7303816080093384,0.24490854144096375,1,-2.5,0.8801896572113037
0,35,-0.2532045841217041,0.3461363613605499,-0.8397819995880127,0.13713304698467255,2,0.0,0.8785070180892944
0,36,-0.26114410161972046,0.3485583961009979,-0.7646398544311523,0.2976185083389282,1,-2.5,0.8767373561859131
0,37,-0.269366055727005,0.35108792781829834,-0.8713184595108032,0.19468776881694794,1,-2.5,0.8756340146064758
0,38,-0.27861037850379944,0.3526557683944702,-0.9702510237693787,0.10344818979501724,2,0.0,0.874100387096405
0,39,-0.2878013253211975,0.35482344031333923,-0.8858129978179932,0.27806028723716736,1,-2.5,0.8723790645599365
0,40,-0.2971833646297455,0.3572406470775604,-0.9834904670715332,0.1893939971923828,1,-2.5,0.8712390065193176
0,41,-0.3075016736984253,0.3588328957557678,-1.074092149734497,0.11139803379774094,2,0.0,0.8695735931396484
0,42,-0.31768882274627686,0.3611460030078888,-0.9822949767112732,0.2972402274608612,1,-2.5,0.8676326870918274
0,43,-0.32799428701400757,0.363823264837265,-1.072758436203003,0.22022581100463867,1,-2.5,0.8661989569664001
0,44,-0.3391667604446411,0.36578813195228577,-1.156654953956604,0.15316800773143768,2,0.0,0.8641543388366699
0,45,-0.3501460552215576,0.3685723841190338,-1.0590413808822632,0.348030149936676,1,-2.5,0.8617529273033142
0,46,-0.36118534207344055,0.37181591987609863,-1.1436550617218018,0.28087422251701355,1,-2.5,0.8597924113273621
0,47,-0.37303534150123596,0.374442994594574,-1.2220927476882935,0.22318637371063232,1,-2.5,0.8582151532173157
0,48,-0.38563719391822815,0.376543253660202,-1.2948501110076904,0.1741245985031128,2,0.0,0.8558849692344666
0,49,-0.39794281125068665,0.37962475419044495,-1.1875576972961426,0.3838050365447998,1,-2.5,0.8530657291412354
0,50,-0.4102117419242859,0.3833200931549072,-1.2625057697296143,0.33259883522987366,1,-2.5,0.8505765199661255
0,51,-0.4231986403465271,0.38655322790145874,-1.3319627046585083,0.2899126410484314,1,-2.5,0.8483637571334839
0,52,-0.4368511140346527,0.3894050419330597,-1.3963619470596313,0.2550257742404938,1,-2.5,0.8463754653930664
0,53,-0.4511207640171051,0.3919496536254883,-1.4560956954956055,0.22729584574699402,1,-2.5,0.8445628881454468
0,54,-0.46596306562423706,0.39425525069236755,-1.5115197896957397,0.20614905655384064,2,0.0,0.8417618274688721
0,55,-0.48034927248954773,0.3977917432785034,-1.389245629310608,0.43855389952659607,2,0.0,0.8371203541755676
0,56,-0.4935626685619354,0.40358349680900574,-1.2757240533828735,0.6587545275688171,0,-5.0,0.8329458236694336
0,57,-0.5076553821563721,0.40872251987457275,-1.516474962234497,0.3768346309661865,0,-5.0,0.8309194445610046
0,58,-0.5240548253059387,0.4111940562725067,-1.739720344543457,0.12101314961910248,0,-5.0,0.8308823704719543
0,59,-0.5425965189933777,0.41123905777931213,-1.9472006559371948,-0.11196015775203705,2,0.0,0.8303817510604858
0,60,-0.5611680150032043,0.411847323179245,-1.7949004173278809,0.16402141749858856,0,-5.0,0.8299635648727417
0,61,-0.5802394151687622,0.41235482692718506,-1.9984970092773438,-0.06326156854629517,2,0.0,0.8290350437164307
0,62,-0.5993037819862366,0.4134790599346161,-1.84268319606781,0.21773718297481537,0,-5.0,0.8281444907188416
0,63,-0.6188333034515381,0.41455450654029846,-2.042811393737793,-0.004184156656265259,0,-5.0,0.8289976119995117
0,64,-0.6402847170829773,0.4135243892669678,-2.229033946990967,-0.20628857612609863,0,-5.0,0.831430196762085
0,65,-0.6635265946388245,0.4105726182460785,-2.402623176574707,-0.3908926844596863,0,-5.0,0.8352761268615723
0,66,-0.6884391903877258,0.4058619439601898,-2.5646910667419434,-0.5599969029426575,4,5.0,0.8358774781227112
0,67,-0.7109764814376831,0.4051204025745392,-2.0234646797180176,0.26739633083343506,0,-5.0,0.8345373868942261
0,68,-0.7322484850883484,0.4067709147930145,-2.2119810581207275,0.05978081375360489,0,-5.0,0.8347945213317871
0,69,-0.755329966545105,0.4064549207687378,-2.38726806640625,-0.12876376509666443,2,0.0,0.8342379927635193
0,70,-0.7781286239624023,0.40713876485824585,-2.204404830932617,0.1903276890516281,0,-5.0,0.8334340453147888
0,71,-0.8011372089385986,0.4081248641014099,-2.380178689956665,0.0012454427778720856,0,-5.0,0.834089994430542
0,72,-0.8258336782455444,0.40732046961784363,-2.5437116622924805,-0.17033988237380981,0,-5.0,0.836065411567688
0,73,-0.8521021604537964,0.4048885107040405,-2.696089029312134,-0.32638078927993774,4,5.0,0.8347094058990479
0,74,-0.8758997321128845,0.40655946731567383,-2.145575523376465,0.5142307281494141,0,-5.0,0.8312858939170837
0,75,-0.898345410823822,0.41074827313423157,-2.325657367706299,0.31905412673950195,0,-5.0,0.8293503522872925
0,76,-0.9225171804428101,0.4130975902080536,-2.4927449226379395,0.14321336150169373,0,-5.0,0.8287799954414368
0,77,-0.9482922554016113,0.41378745436668396,-2.648026704788208,-0.015451278537511826,2,0.0,0.8271517157554626
0,78,-0.9735972285270691,0.4157501459121704,-2.447434663772583,0.32887423038482666,0,-5.0,0.8250443339347839
0,79,-0.9989361763000488,0.41827714443206787,-2.6056604385375977,0.16676026582717896,0,-5.0,-2.175793409347534
1,1,0.00046588480472564697,0.18735754489898682,-0.042362019419670105,0.028026357293128967,2,0.0,0.9646612405776978
1,2,0.00013248522009234875,0.18798616528511047,-0.029775163158774376,0.07532594352960587,3,2.5,0.9636451005935669
1,3,0.000967770756687969,0.19066959619522095,0.16613835096359253,0.4006773829460144,2,0.0,0.9620152115821838
1,4,0.0026324656791985035,0.19489695131778717,0.16343964636325836,0.42538076639175415,2,0.0,0.9602476358413696
1,5,0.004272731486707926,0.19937992095947266,0.16112962365150452,0.45130985975265503,1,-2.5,0.9589736461639404
1,6,0.004847076255828142,0.20254968106746674,-0.02457316592335701,0.2005116492509842,2,0.0,0.9580093622207642
1,7,0.00468921335414052,0.20491626858711243,-0.012625797651708126,0.2490827441215515,2,0.0,0.9568338394165039
1,8,0.0046465350314974785,0.20776468515396118,-0.0014628213830292225,0.29682162404060364,2,0.0,0.9554418921470642
1,9,0.004711666144430637,0.21108783781528473,0.008991925045847893,0.3439137935638428,2,0.0,0.953826367855072
1,10,0.004877953790128231,0.21488042175769806,0.018808407709002495,0.39053434133529663,2,0.0,0.9519781470298767
1,11,0.005139413755387068,0.21913886070251465,0.02805078774690628,0.43684878945350647,2,0.0,0.94988614320755
1,12,0.00549066998064518,0.22386112809181213,0.03677777200937271,0.483013778924942,1,-2.5,0.9482516646385193
1,13,0.004887330811470747,0.22748248279094696,-0.13772106170654297,0.25419050455093384,2,0.0,0.9468716382980347
1,14,0.0036532410886138678,0.2304958999156952,-0.1164320632815361,0.3204079270362854,2,0.0,0.9451678991317749
1,15,0.0026239315047860146,0.23416252434253693,-0.0966019481420517,0.3848695158958435,2,0.0,0.9431335926055908
1,16,0.0017855812329798937,0.23846666514873505,-0.07810276001691818,0.44786134362220764,1,-2.5,0.9415125250816345
1,17,8.963484287960455e-05,0.2418418824672699,-0.242952361702919,0.2365514039993286,2,0.0,0.9400895833969116
1,18,-0.0021486568730324507,0.24476610124111176,-0.21341803669929504,0.31712356209754944,2,0.0,0.9382568001747131
1,19,-0.004103240557014942,0.24848167598247528,-0.18595752120018005,0.3950047791004181,2,0.0,0.9360092282295227
1,20,-0.005793824326246977,0.2529641091823578,-0.16039742529392242,0.4705663025379181,1,-2.5,0.9341306686401367
1,21,-0.008270593360066414,0.25665029883384705,-0.31804537773132324,0.273054301738739,2,0.0,0.9323961734771729
1,22,-0.011224641464650631,0.2600073218345642,-0.28253173828125,0.3645641505718231,2,0.0,0.9301656484603882
1,23,-0.013837653212249279,0.2642618417739868,-0.24952521920204163,0.45279738306999207,1,-2.5,0.9282559156417847
1,24,-0.017162565141916275,0.2678508460521698,-0.39975640177726746,0.26868578791618347,2,0.0,0.9264342784881592
1,25,-0.02089703641831875,0.27122998237609863,-0.3579479157924652,0.3710402250289917,2,0.0,0.9240384697914124
1,26,-0.024230187758803368,0.27561116218566895,-0.319111704826355,0.4694298207759857,1,-2.5,0.9219163656234741
1,27,-0.02821621298789978,0.279434472322464,-0.46338486671447754,0.2965317368507385,2,0.0,0.9198281168937683
1,28,-0.032558031380176544,0.2831464409828186,-0.4166399836540222,0.4076988697052002,2,0.0,0.9170872569084167
1,29,-0.03645123168826103,0.28794583678245544,-0.3732275366783142,0.5144139528274536,1,-2.5,0.9145729541778564
1,30,-0.040949832648038864,0.2922790050506592,-0.5126246213912964,0.3513074815273285,2,0.0,0.9120374321937561
1,31,-0.04576115682721138,0.29658496379852295,-0.46200913190841675,0.46980664134025574,1,-2.5,0.909672737121582
1,32,-0.05110643059015274,0.3005450963973999,-0.5943033695220947,0.31895479559898376,2,0.0,0.9072265625
1,33,-0.0566992461681366,0.30458736419677734,-0.537594735622406,0.4474363923072815,1,-2.5,0.9048975706100464
1,34,-0.06276525557041168,0.30838674306869507,-0.6638268232345581,0.307142436504364,2,0.0,0.9024298787117004
1,35,-0.06902337074279785,0.31236210465431213,-0.6019538044929504,0.4441412389278412,1,-2.5,0.9000278115272522
1,36,-0.07570280134677887,0.31618380546569824,-0.7229807376861572,0.31307193636894226,1,-2.5,0.8983819484710693
1,37,-0.08354079723358154,0.31877583265304565,-0.8350090384483337,0.1959245651960373,1,-2.5,0.8974278569221497
1,38,-0.09245199710130692,0.32026877999305725,-0.9388218522071838,0.09128881990909576,2,0.0,0.8961461186408997
1,39,-0.10134564340114594,0.3222637176513672,-0.8570027947425842,0.25883039832115173,1,-2.5,0.8947609663009644
1,40,-0.11046639829874039,0.3244057595729828,-0.9590160846710205,0.15752823650836945,2,0.0,0.8930191397666931
1,41,-0.11955337226390839,0.3270792067050934,-0.8757242560386658,0.32766038179397583,1,-2.5,0.891146183013916
1,42,-0.1288517713546753,0.3299300968647003,-0.9760923981666565,0.22971923649311066,1,-2.5,0.8898643255233765
1,43,-0.13911159336566925,0.331866979598999,-1.0690903663635254,0.14305619895458221,2,0.0,0.8881310820579529
1,44,-0.14925378561019897,0.3344682455062866,-0.9778818488121033,0.32549625635147095,1,-2.5,0.8861797451972961
1,45,-0.15952906012535095,0.3373725414276123,-1.0704820156097412,0.2403077483177185,1,-2.5,0.8847496509552002
1,46,-0.1706913411617279,0.33948543667793274,-1.1562854051589966,0.1655403971672058,2,0.0,0.8827829360961914
1,47,-0.18166956305503845,0.3423698842525482,-1.0588407516479492,0.35779184103012085,1,-2.5,0.8805191516876221
1,48,-0.19271844625473022,0.3456599712371826,-1.1451945304870605,0.2831973731517792,1,-2.5,0.8787140250205994
1,49,-0.20459434390068054,0.34826135635375977,-1.2251886129379272,0.21842890977859497,1,-2.5,0.8773130774497986
1,50,-0.2172367423772812,0.3502669036388397,-1.2993419170379639,0.1625920683145523,2,0.0,0.875239372253418
1,51,-0.22958706319332123,0.353214830160141,-1.1917353868484497,0.37055811285972595,1,-2.5,0.8727431893348694
1,52,-0.24190695583820343,0.35673069953918457,-1.2680171728134155,0.31258705258369446,1,-2.5,0.8706029057502747
1,53,-0.254957377910614,0.3597180247306824,-1.3386728763580322,0.26337572932243347,1,-2.5,0.8687677979469299
1,54,-0.26868459582328796,0.3622598350048065,-1.404152512550354,0.2221631407737732,1,-2.5,0.8671892285346985
1,55,-0.2830393314361572,0.364432156085968,-1.4648634195327759,0.18827058374881744,1,-2.5,0.8658208847045898
1,56,-0.29797595739364624,0.36630451679229736,-1.521174430847168,0.16109181940555573,3,2.5,0.8624963760375977
1,57,-0.3114578127861023,0.3708147406578064,-1.2225953340530396,0.6455021500587463,0,-5.0,0.8588525652885437
1,58,-0.3250645101070404,0.375696063041687,-1.4709769487380981,0.3433957099914551,1,-2.5,0.8562512993812561
1,59,-0.34005630016326904,0.3791421055793762,-1.5263164043426514,0.31960174441337585,0,-5.0,0.8548662066459656
1,60,-0.3565710484981537,0.38096436858177185,-1.7522393465042114,0.05185585469007492,4,5.0,0.8510583639144897
1,61,-0.3712841868400574,0.385929673910141,-1.263943076133728,0.8075925707817078,0,-5.0,0.8459462523460388
1,62,-0.385278582572937,0.39249691367149353,-1.5078316926956177,0.5162733197212219,0,-5.0,0.8429373502731323
1,63,-0.401607483625412,0.39631134271621704,-1.733634114265442,0.25243502855300903,2,0.0,0.8396506905555725
1,64,-0.41812747716903687,0.4004363715648651,-1.5959974527359009,0.5068434476852417,0,-5.0,0.836599588394165
1,65,-0.43529757857322693,0.40422824025154114,-1.8147704601287842,0.25516751408576965,2,0.0,0.833185076713562
1,66,-0.45259734988212585,0.4084298014640808,-1.6716474294662476,0.5178045034408569,0,-5.0,0.8299301862716675
1,67,-0.4704887866973877,0.4123953580856323,-1.8843032121658325,0.27697324752807617,2,0.0,0.8262302279472351
1,68,-0.4884572923183441,0.41685688495635986,-1.7365614175796509,0.5465552806854248,0,-5.0,-2.1773829460144043
2,1,-0.009986147284507751,-0.20320332050323486,-0.07349638640880585,0.07073169946670532,0,-5.0,0.9575825929641724
2,2,-0.012857691384851933,-0.20595486462116241,-0.44561371207237244,-0.5223113894462585,2,0.0,0.9553748369216919
2,3,-0.017205368727445602,-0.2112468034029007,-0.4230589270591736,-0.5193333029747009,2,0.0,0.9531137943267822
2,4,-0.021338913589715958,-0.21653224527835846,-0.4024291932582855,-0.5200809240341187,2,0.0,0.950783908367157
2,5,-0.02527671493589878,-0.22184710204601288,-0.3835757076740265,-0.5243234634399414,2,0.0,0.9483687877655029
2,6,-0.02903576008975506,-0.2272251695394516,-0.3663625717163086,-0.5318551659584045,2,0.0,0.9458515644073486
2,7,-0.03263173624873161,-0.23269830644130707,-0.3506656885147095,-0.5424938797950745,2,0.0,0.9432147741317749
2,8,-0.03607916086912155,-0.23829661309719086,-0.33637145161628723,-0.5560782551765442,2,0.0,0.9404401779174805
2,9,-0.03939146548509598,-0.2440488040447235,-0.3233759105205536,-0.572466254234314,3,2.5,0.9382808804512024
2,10,-0.04154668375849724,-0.24843323230743408,-0.1297225058078766,-0.31923598051071167,3,2.5,0.9372913241386414
2,11,-0.04184924066066742,-0.2504171133041382,0.049335919320583344,-0.0886995941400528,1,-2.5,0.9358387589454651
2,12,-0.04250297695398331,-0.2533007264137268,-0.14812840521335602,-0.4214816391468048,3,2.5,0.934306800365448
2,13,-0.04298451170325279,-0.25630685687065125,0.03186367452144623,-0.19064006209373474,1,-2.5,0.9322943091392517
2,14,-0.043805740773677826,-0.2602030038833618,-0.164251908659935,-0.5218251943588257,2,0.0,0.9293744564056396
2,15,-0.04547559842467308,-0.2657546401023865,-0.16478076577186584,-0.5616921186447144,2,0.0,0.926172137260437
2,16,-0.04715202748775482,-0.27171286940574646,-0.16547247767448425,-0.6026207804679871,3,2.5,0.9235132336616516
2,17,-0.04780980944633484,-0.276562362909317,0.014214551076292992,-0.37633103132247925,3,2.5,0.9220073819160461
2,18,-0.04674864187836647,-0.2792716920375824,0.18035808205604553,-0.17112666368484497,1,-2.5,0.9198667407035828
2,19,-0.04614640027284622,-0.28307828307151794,-0.026260871440172195,-0.5193987488746643,2,0.0,0.9166379570960999
2,20,-0.04650009423494339,-0.2887248396873474,-0.03768947347998619,-0.5787432789802551,3,2.5,0.9138847589492798
2,21,-0.04594264551997185,-0.2934539318084717,0.13123245537281036,-0.37215206027030945,3,2.5,0.9122467637062073
2,22,-0.04376894235610962,-0.2962317168712616,0.2874704897403717,-0.18525400757789612,1,-2.5,0.9098482131958008
2,23,-0.04213883727788925,-0.3002529442310333,0.0734587013721466,-0.5453596115112305,2,0.0,0.9062146544456482
2,24,-0.04154069349169731,-0.3062439560890198,0.05426657944917679,-0.6185534596443176,3,2.5,0.902988076210022
2,25,-0.04011101648211479,-0.3114672899246216,0.2150740623474121,-0.42779606580734253,3,2.5,0.9008423686027527
2,26,-0.03714291378855705,-0.31489297747612,0.36378735303878784,-0.25587406754493713,1,-2.5,0.8978091478347778
2,27,-0.03477909788489342,-0.3196730315685272,0.14481280744075775,-0.6240929365158081,2,0.0,0.8933848738670349
2,28,-0.03350064903497696,-0.32651984691619873,0.11997942626476288,-0.7081868052482605,2,0.0,0.8883097767829895
2,29,-0.03246122971177101,-0.3342008590698242,0.0968199223279953,-0.7907498478889465,2,0.0,0.8825548887252808
2,30,-0.03164484724402428,-0.342702716588974,0.07520470023155212,-0.8720884919166565,2,0.0,0.8760854005813599
2,31,-0.031036734580993652,-0.35201495885849,0.05501644313335419,-0.9524887204170227,4,5.0,0.8709542751312256
2,32,-0.028620272874832153,-0.35922929644584656,0.38833463191986084,-0.5223506093025208,2,0.0,0.8665904402732849
2,33,-0.025014042854309082,-0.36525270342826843,0.3450959026813507,-0.6381432414054871,2,0.0,0.8613075613975525
2,34,-0.021822800859808922,-0.3724144697189331,0.3049253821372986,-0.750243067741394,2,0.0,0.8550822734832764
2,35,-0.019017107784748077,-0.3806806206703186,0.2676045000553131,-0.8591171503067017,2,0.0,0.8478829860687256
2,36,-0.016569599509239197,-0.3900217115879059,0.23293207585811615,-0.965204119682312,4,5.0,0.8419203758239746
2,37,-0.012478353455662727,-0.3975921869277954,0.5482882857322693,-0.5731855034828186,3,2.5,0.8377088904380798
2,38,-0.00635558320209384,-0.4028538465499878,0.6666885614395142,-0.4635440707206726,4,5.0,0.8354071378707886
2,39,0.0018853546353057027,-0.40570032596588135,0.9495245218276978,-0.12156423926353455,0,-5.0,0.8311832547187805
2,40,0.008905862458050251,-0.41087308526039124,0.5202773213386536,-0.7898740768432617,4,5.0,0.8261751532554626
2,41,0.015736831352114677,-0.41692301630973816,0.8124814629554749,-0.43735823035240173,4,5.0,-2.1760919094085693
3,1,0.08231005072593689,-0.2071256786584854,0.20336559414863586,-0.16101959347724915,1,-2.5,0.9555659890174866
3,2,0.0831359252333641,-0.21079370379447937,-0.005397617816925049,-0.5074861645698547,2,0.0,0.9532477259635925
3,3,0.0830049142241478,-0.2162228375673294,-0.015373165719211102,-0.5543408393859863,2,0.0,0.9506615996360779
3,4,0.08277676999568939,-0.22212250530719757,-0.02482081763446331,-0.6011958718299866,3,2.5,0.9485034942626953
3,5,0.08349631726741791,-0.22692838311195374,0.14901795983314514,-0.37304994463920593,3,2.5,0.9472959041595459
3,6,0.08587819337844849,-0.2295738011598587,0.309634268283844,-0.1656980961561203,1,-2.5,0.9455368518829346
3,7,0.0877208337187767,-0.23337344825267792,0.0931299552321434,-0.5255429148674011,2,0.0,0.9428407549858093
3,8,0.08852691203355789,-0.23907992243766785,0.07501211762428284,-0.5878815054893494,3,2.5,0.940535306930542
3,9,0.09019363671541214,-0.2438538670539856,0.2401149421930313,-0.376372367143631,3,2.5,0.9391749501228333
3,10,0.09343928098678589,-0.2466273307800293,0.3926864564418793,-0.18454337120056152,1,-2.5,0.9371601343154907
3,11,0.09607750922441483,-0.25067874789237976,0.1702791452407837,-0.554382860660553,2,0.0,0.9340808391571045
3,12,0.09761812537908554,-0.25674718618392944,0.14589887857437134,-0.6285144090652466,3,2.5,0.9313501119613647
3,13,0.0999547466635704,-0.26201131939888,0.30438700318336487,-0.43059608340263367,3,2.5,0.9295591115951538
3,14,0.10380681604146957,-0.26540708541870117,0.45082029700279236,-0.2516716420650482,1,-2.5,0.9270048141479492
3,15,0.10700271278619766,-0.2701761722564697,0.22450074553489685,-0.6284496188163757,3,2.5,0.9240897297859192
3,16,0.11008552461862564,-0.2755182981491089,0.3761734366416931,-0.4434884786605835,2,0.0,0.9212409853935242
3,17,0.11359275132417679,-0.2806403636932373,0.3359392285346985,-0.544522762298584,2,0.0,0.9177719354629517
3,18,0.11671356111764908,-0.286754310131073,0.2985383868217468,-0.6420331001281738,3,2.5,0.9145522117614746
3,19,0.12049741297960281,-0.2923145592212677,0.44351229071617126,-0.4704756438732147,2,0.0,0.9113333225250244
3,20,0.12464657425880432,-0.2977694869041443,0.39795640110969543,-0.5815243721008301,3,2.5,0.9083061218261719
3,21,0.1293775737285614,-0.30280983448028564,0.5348367691040039,-0.424191951751709,1,-2.5,0.904290497303009
3,22,0.1333824098110199,-0.30936959385871887,0.3034761846065521,-0.8101478219032288,2,0.0,0.8987776637077332
3,23,0.13618770241737366,-0.3181546926498413,0.26791059970855713,-0.9086852073669434,2,0.0,0.8924727439880371
3,24,0.13865116238594055,-0.3279134929180145,0.2348162680864334,-1.0047348737716675,4,5.0,0.8873223066329956
3,25,0.14281515777111053,-0.33567506074905396,0.5589380264282227,-0.5804617404937744,3,2.5,0.8837985992431641
3,26,0.14907100796699524,-0.34088316559791565,0.6813452839851379,-0.4521685540676117,4,5.0,0.8820561170578003
3,27,0.1575038880109787,-0.3434295654296875,0.9714723825454712,-0.08098585158586502,0,-5.0,0.878697395324707
3,28,0.16469766199588776,-0.34828510880470276,0.533539354801178,-0.7682806253433228,4,5.0,0.8747362494468689
3,29,0.1717083752155304,-0.35392624139785767,0.8333874344825745,-0.3853667378425598,4,5.0,0.8733110427856445
3,30,0.18158967792987823,-0.3559337854385376,1.1110397577285767,-0.0360528863966465,3,2.5,0.8732183575630188
3,31,0.19313277304172516,-0.3560640811920166,1.1927318572998047,0.029354289174079895,3,2.5,0.8735573887825012
3,32,0.20546002686023712,-0.35558784008026123,1.2686699628829956,0.08643430471420288,0,-5.0,0.8711696863174438
3,33,0.2155129462480545,-0.3589293360710144,0.8109854459762573,-0.6283995509147644,3,2.5,0.8669124841690063
3,34,0.224177286028862,-0.36481162905693054,0.9139367341995239,-0.5330367684364319,4,5.0,0.8643001317977905
3,35,0.234824076294899,-0.3683745265007019,1.1846038103103638,-0.19706614315509796,0,-5.0,0.8597613573074341
3,36,0.24407893419265747,-0.37448444962501526,0.7345678210258484,-0.8993852138519287,3,2.5,0.8532652258872986
3,37,0.2520059049129486,-0.3830597400665283,0.8422077298164368,-0.8004770278930664,4,5.0,0.8484389185905457
3,38,0.26195216178894043,-0.389308363199234,1.1158310174942017,-0.4658010005950928,4,5.0,0.8460315465927124
3,39,0.27451804280281067,-0.3923881947994232,1.3692430257797241,-0.1616496443748474,0,-5.0,0.8414239883422852
3,40,0.28556156158447266,-0.3982159495353699,0.9092569351196289,-0.8753316402435303,3,2.5,0.834597110748291
3,41,0.29515540599823,-0.40669751167297363,1.0030701160430908,-0.8008885383605957,4,5.0,0.8293377161026001
3,42,0.30662819743156433,-0.4131127595901489,1.2624952793121338,-0.4934859573841095,4,5.0,0.8264265656471252
3,43,0.3205852210521698,-0.4166213274002075,1.502844214439392,-0.21477407217025757,2,0.0,-2.17661190032959
4,1,0.14587298035621643,0.15543124079704285,-0.1877317875623703,0.18322104215621948,2,0.0,0.9751455783843994
4,2,0.14413562417030334,0.1576528400182724,-0.16586817800998688,0.2400432676076889,1,-2.5,0.9747743606567383
4,3,0.14155462384223938,0.15882593393325806,-0.33078017830848694,0.012510895729064941,2,0.0,0.9745795726776123
4,4,0.13844840228557587,0.1594378650188446,-0.29815372824668884,0.08618754893541336,2,0.0,0.9741541147232056
4,5,0.13565486669540405,0.1607666015625,-0.26791808009147644,0.15632356703281403,2,0.0,0.9735028743743896
4,6,0.1331513524055481,0.16277937591075897,-0.2398691475391388,0.2233322411775589,1,-2.5,0.9731552004814148
4,7,0.12986427545547485,0.16384391486644745,-0.3989059031009674,0.005717389285564423,2,0.0,0.972959578037262
4,8,0.12610720098018646,0.16443957388401031,-0.36101698875427246,0.0881153792142868,2,0.0,0.9724984765052795
4,9,0.12271322309970856,0.16583587229251862,-0.3259083330631256,0.16638103127479553,2,0.0,0.9717778563499451
4,10,0.11965595185756683,0.16799451410770416,-0.2933456599712372,0.24098405241966248,1,-2.5,0.9713439345359802
4,11,0.11585936695337296,0.16928105056285858,-0.4480273127555847,0.030992422252893448,2,0.0,0.9710423946380615
4,12,0.1116335541009903,0.17016945779323578,-0.4062747359275818,0.12003307044506073,2,0.0,0.970442533493042
4,13,0.1078079417347908,0.17192290723323822,-0.3675774037837982,0.20456798374652863,1,-2.5,0.9701051712036133
4,14,0.10330238193273544,0.1729012131690979,-0.5164695382118225,0.0041134413331747055,2,0.0,0.9698734283447266
4,15,0.098422110080719,0.1735701709985733,-0.4695090055465698,0.10156706720590591,2,0.0,0.9693102836608887
4,16,0.09399187564849854,0.1751846820116043,-0.42599523067474365,0.1938924491405487,1,-2.5,0.9689885973930359
4,17,0.08892840892076492,0.17610052227973938,-0.5703238844871521,0.0009861718863248825,2,0.0,0.9687497019767761
4,18,0.08353323489427567,0.17677748203277588,-0.5192570090293884,0.10511568188667297,1,-2.5,0.9687175750732422
4,19,0.07757721096277237,0.17686845362186432,-0.6565795540809631,-0.07687486708164215,2,0.0,0.9687336683273315
4,20,0.07135593146085739,0.17682291567325592,-0.5991169214248657,0.037060655653476715,2,0.0,0.9683586955070496
4,21,0.06568514555692673,0.17788009345531464,-0.5458953380584717,0.14456887543201447,1,-2.5,0.9681788086891174
4,22,0.05947447568178177,0.1783849149942398,-0.6811671257019043,-0.03408798575401306,2,0.0,0.9680358171463013
4,23,0.05301813408732414,0.17878524959087372,-0.621828019618988,0.08290840685367584,1,-2.5,0.9680578112602234
4,24,0.046080511063337326,0.1787237972021103,-0.751430094242096,-0.0869884192943573,2,0.0,0.9680876135826111
4,25,0.038951124995946884,0.17864035069942474,-0.6868950724601746,0.03793491795659065,2,0.0,0.9676845669746399
4,26,0.03243999183177948,0.1797650009393692,-0.6271228194236755,0.15563726425170898,1,-2.5,0.9674426913261414
4,27,0.025452114641666412,0.18043628334999084,-0.7562593817710876,-0.013348033651709557,2,0.0,0.9672046303749084
4,28,0.01827700436115265,0.1810949444770813,-0.6913005709648132,0.11245745420455933,1,-2.5,0.9671019911766052
4,29,0.01067498791962862,0.1813780963420868,-0.815605103969574,-0.04895991459488869,2,0.0,0.9669778943061829
4,30,0.002931600669398904,0.1817198097705841,-0.7462342977523804,0.08365996927022934,1,-2.5,0.9669665098190308
4,31,-0.0051963753066957,0.18175123631954193,-0.8664418458938599,-0.07143262028694153,2,0.0,0.9669119715690613
4,32,-0.013426695950329304,0.18190112709999084,-0.7933083176612854,0.06694349646568298,1,-2.5,0.9669502973556519
4,33,-0.022005565464496613,0.18179576098918915,-0.9100309014320374,-0.08283080160617828,2,0.0,0.9669271111488342
4,34,-0.03065347485244274,0.18185944855213165,-0.8336803913116455,0.06043244153261185,2,0.0,0.9663984179496765
4,35,-0.03856990113854408,0.18330731987953186,-0.7629596590995789,0.19518433511257172,2,0.0,0.9653818011283875
4,36,-0.045808542519807816,0.1860596090555191,-0.6974260210990906,0.32227709889411926,0,-5.0,0.965081512928009
4,37,-0.05451534688472748,0.1868649125099182,-1.0052400827407837,-0.11649683117866516,2,0.0,0.965158224105835
4,38,-0.06407403200864792,0.18665960431098938,-0.9217042922973633,0.038302596658468246,2,0.0,0.9646751880645752
4,39,-0.07283239811658859,0.1879490315914154,-0.8443275690078735,0.18376319110393524,4,5.0,0.962432861328125
4,40,-0.07875381410121918,0.19382242858409882,-0.4042661190032959,0.8792328238487244,2,0.0,0.9587106704711914
4,41,-0.08255635201931,0.20319780707359314,-0.36523643136024475,0.9676924347877502,0,-5.0,0.9557781219482422
4,42,-0.08807108551263809,0.21028998494148254,-0.6958792209625244,0.4988483190536499,1,-2.5,0.9539898633956909
4,43,-0.09570322185754776,0.21449969708919525,-0.8178141713142395,0.34656164050102234,2,0.0,0.9521074295043945
4,44,-0.10345929116010666,0.21884377300739288,-0.7472730278968811,0.48523592948913574,1,-2.5,0.9502854347229004
4,45,-0.11157959699630737,0.22296753525733948,-0.8648145198822021,0.3411725163459778,2,0.0,0.9483352899551392
4,46,-0.1197839304804802,0.22729863226413727,-0.7905793190002441,0.4864554703235626,1,-2.5,0.9464173913002014
4,47,-0.12831510603427887,0.23147918283939362,-0.9043447971343994,0.349658727645874,2,0.0,0.9443365931510925
4,48,-0.1368962824344635,0.235930934548378,-0.8269898295402527,0.5006635189056396,1,-2.5,0.9422588348388672
4,49,-0.14577226340770721,0.24029400944709778,-0.9374874830245972,0.3703958988189697,2,0.0,0.9399824142456055
4,50,-0.15466919541358948,0.24498489499092102,-0.857499897480011,0.5264001488685608,1,-2.5,0.9376785755157471
4,51,-0.1638333648443222,0.24964268505573273,-0.9651473760604858,0.40210866928100586,2,0.0,0.9351385235786438
4,52,-0.17299355566501617,0.25467926263809204,-0.8829436898231506,0.5625230669975281,0,-5.0,0.9333364963531494
4,53,-0.18342888355255127,0.258192777633667,-1.1694742441177368,0.17293891310691833,4,5.0,0.9302242994308472
4,54,-0.19248393177986145,0.2641508877277374,-0.7096914649009705,0.8975968956947327,2,0.0,0.9249257445335388
4,55,-0.1991962343454361,0.27399688959121704,-0.6462401151657104,1.0318162441253662,0,-5.0,0.9204146265983582
4,56,-0.20735140144824982,0.28210875391960144,-0.9480248093605042,0.6248878240585327,0,-5.0,0.9179957509040833
4,57,-0.21839043498039246,0.2863639295101166,-1.226631760597229,0.25431379675865173,2,0.0,0.9158272743225098
4,58,-0.23005062341690063,0.29012537002563477,-1.1247520446777344,0.44795382022857666,1,-2.5,0.9134149551391602
4,59,-0.24175576865673065,0.2942534387111664,-1.2099210023880005,0.3654521703720093,2,0.0,0.9105250835418701
4,60,-0.25325506925582886,0.29912352561950684,-1.1092194318771362,0.5581530928611755,1,-2.5,0.9073644876480103
4,61,-0.26480793952941895,0.30436083674430847,-1.1949998140335083,0.4764339029788971,1,-2.5,0.9046157598495483
4,62,-0.2771807909011841,0.30884337425231934,-1.2742270231246948,0.4052991569042206,2,0.0,0.9013005495071411
4,63,-0.28929534554481506,0.3141646683216095,-1.168805480003357,0.6063747406005859,0,-5.0,0.8985832333564758
4,64,-0.30242785811424255,0.31845998764038086,-1.4277442693710327,0.27335798740386963,1,-2.5,0.8969085812568665
4,65,-0.3170265555381775,0.32107841968536377,-1.489356517791748,0.23053695261478424,1,-2.5,0.8954705595970154
4,66,-0.332215279340744,0.32331016659736633,-1.546409249305725,0.19483420252799988,2,0.0,0.8932651281356812
4,67,-0.34693875908851624,0.32670313119888306,-1.421352744102478,0.42596471309661865,1,-2.5,0.8905329704284668
4,68,-0.3614736497402191,0.33085787296295166,-1.4830281734466553,0.38452914357185364,1,-2.5,0.8880144357681274
4,69,-0.37659844756126404,0.3346424996852875,-1.5400525331497192,0.35059162974357605,0,-5.0,0.8866607546806335
4,70,-0.39327681064605713,0.3366590440273285,-1.770066261291504,0.06515566259622574,3,2.5,0.8841518759727478
4,71,-0.4091382622718811,0.34036481380462646,-1.4519565105438232,0.5785249471664429,0,-5.0,0.8812347650527954
4,72,-0.4249684512615204,0.3446232080459595,-1.6877012252807617,0.28636205196380615,2,0.0,0.878178060054779
4,73,-0.4410472810268402,0.34902992844581604,-1.5527480840682983,0.5335662364959717,0,-5.0,0.875446081161499
4,74,-0.45783838629722595,0.3529220223426819,-1.7803524732589722,0.25548654794692993,2,0.0,0.8724940419197083
4,75,-0.4748062193393707,0.3570796549320221,-1.638902187347412,0.5126846432685852,0,-5.0,0.8697978854179382
4,76,-0.4924185574054718,0.3608351945877075,-1.8595213890075684,0.24681627750396729,2,0.0,0.86680668592453
4,77,-0.51014643907547,0.36495670676231384,-1.7125815153121948,0.5124557018280029,0,-5.0,0.8640058040618896
4,78,-0.5284606218338013,0.368773877620697,-1.927156925201416,0.257364422082901,0,-5.0,0.8629703521728516
4,79,-0.5488311052322388,0.37017515301704407,-2.1261367797851562,0.02558797597885132,0,-5.0,0.8635610342025757
4,80,-0.5711108446121216,0.3693764805793762,-2.3110251426696777,-0.18566864728927612,2,0.0,0.8635156154632568
4,81,-0.5931732654571533,0.36943796277046204,-2.13240385055542,0.12608033418655396,0,-5.0,0.8633617758750916
4,82,-0.6155136227607727,0.3696460723876953,-2.3169102668762207,-0.08475951850414276,2,0.0,0.8625664114952087
4,83,-0.6376325488090515,0.3707202970981598,-2.137880325317383,0.22758589684963226,0,-5.0,0.8616534471511841
4,84,-0.660024881362915,0.3719497323036194,-2.321883201599121,0.01783130317926407,0,-5.0,0.862217903137207
4,85,-0.6841830015182495,0.3711901009082794,-2.4928793907165527,-0.17301663756370544,2,0.0,0.8620003461837769
4,86,-0.7079916000366211,0.3714829683303833,-2.3015568256378174,0.15707546472549438,0,-5.0,0.8615391850471497
4,87,-0.7319549918174744,0.37210312485694885,-2.474006414413452,-0.03591066971421242,0,-5.0,0.8624380230903625
4,88,-0.7575737833976746,0.3708934187889099,-2.6343448162078857,-0.21142099797725677,0,-5.0,0.8645638823509216
4,89,-0.784733235836029,0.3680165708065033,-2.7836530208587646,-0.3714146316051483,4,5.0,0.863571286201477
4,90,-0.809339702129364,0.36936259269714355,-2.2210841178894043,0.49321165680885315,0,-5.0,0.860653817653656
4,91,-0.8325331807136536,0.373291015625,-2.399526357650757,0.2912510335445404,0,-5.0,0.8591400980949402
4,92,-0.85743647813797,0.37531304359436035,-2.5649728775024414,0.10881874710321426,0,-5.0,0.858916699886322
4,93,-0.8839268088340759,0.3756105303764343,-2.7186214923858643,-0.05627881735563278,2,0.0,0.8577195405960083
4,94,-0.9099035263061523,0.3772009313106537,-2.5116429328918457,0.29643046855926514,0,-5.0,0.8560950756072998
4,95,-0.9358812570571899,0.37934809923171997,-2.668888568878174,0.12668274343013763,0,-5.0,0.8556814193725586
4,96,-0.9633671641349792,0.37989291548728943,-2.814915657043457,-0.026559198275208473,2,0.0,0.8542013168334961
4,97,-0.9902692437171936,0.3818359076976776,-2.6013736724853516,0.33565258979797363,0,-5.0,0.852208137512207
4,98,-1.017106056213379,0.38443708419799805,-2.751957654953003,0.17653179168701172,0,-5.0,0.851359486579895
4,99,-1.0453870296478271,0.385539174079895,-2.8917553424835205,0.033366307616233826,2,0.0,0.849358856678009
4,100,-1.0730282068252563,0.38812530040740967,-2.673102617263794,0.40297701954841614,0,-5.0,0.8467633724212646
4,101,-1.100550651550293,0.39145442843437195,-2.818180799484253,0.2531803250312805,0,-5.0,0.8452552556991577
4,102,-1.129464030265808,0.3933759927749634,-2.9528005123138428,0.1189899817109108,0,-5.0,0.8447356224060059
4,103,-1.159669041633606,0.39403611421585083,-3.077873468399048,-0.0012239813804626465,2,0.0,0.8428817987442017
4,104,-1.1890993118286133,0.3963814377784729,-2.8466358184814453,0.3864216208457947,0,-5.0,0.8402706384658813
4,105,-1.218284249305725,0.3996616005897522,-2.9789464473724365,0.2566545903682709,0,-5.0,0.8386160135269165
4,106,-1.2487375736236572,0.40172630548477173,-3.101740837097168,0.1410805732011795,0,-5.0,0.8378256559371948
4,107,-1.2803690433502197,0.40270885825157166,-3.2158305644989014,0.03826671838760376,2,0.0,0.8355491161346436
4,108,-1.3111265897750854,0.4055253863334656,-2.975480079650879,0.43885138630867004,0,-5.0,0.832374095916748
4,109,-1.3415448665618896,0.409421443939209,-3.098175525665283,0.3247425854206085,0,-5.0,0.830046534538269
4,110,-1.3731392621994019,0.4122540056705475,-3.2120048999786377,0.2239733636379242,0,-5.0,0.8284809589385986
4,111,-1.4058252573013306,0.4141484498977661,-3.3177144527435303,0.13523857295513153,0,-5.0,0.8275936841964722
4,112,-1.4395259618759155,0.4152182936668396,-3.4159698486328125,0.057388998568058014,2,0.0,0.8249964714050293
4,113,-1.4722098112106323,0.4183342754840851,-3.1625142097473145,0.4763631224632263,0,-5.0,-2.1787054538726807
5,1,-0.04667660593986511,0.17154788970947266,-0.20089571177959442,0.052555978298187256,2,0.0,0.9702445864677429
5,2,-0.04853428900241852,0.17249742150306702,-0.17731904983520508,0.11427344381809235,2,0.0,0.9697064161300659
5,3,-0.050165824592113495,0.17405053973197937,-0.15544568002223969,0.1735503375530243,2,0.0,0.968958854675293
5,4,-0.05158735439181328,0.17618493735790253,-0.13512621819972992,0.2307010143995285,1,-2.5,0.9685699343681335
5,5,-0.05386386066675186,0.17728528380393982,-0.30086562037467957,0.005461055785417557,2,0.0,0.9683740139007568
5,6,-0.05667726323008537,0.1778368204832077,-0.26965203881263733,0.0795898362994194,2,0.0,0.9679194092750549
5,7,-0.05919147655367851,0.179110586643219,-0.24072055518627167,0.15034541487693787,2,0.0,0.9672117233276367
5,8,-0.06142816320061684,0.18107543885707855,-0.21387678384780884,0.2181253880262375,1,-2.5,0.9668355584144592
5,9,-0.06445643305778503,0.1821109652519226,-0.3734154999256134,0.0032464824616909027,2,0.0,0.9666228294372559
5,10,-0.06796326488256454,0.18269412219524384,-0.3366434574127197,0.08648951351642609,2,0.0,0.9661118984222412
5,11,-0.07111764699220657,0.18408724665641785,-0.30256187915802,0.16574746370315552,2,0.0,0.9653096795082092
5,12,-0.07394514977931976,0.18625333905220032,-0.27094531059265137,0.2414761334657669,1,-2.5,0.964817464351654
5,13,-0.07751739770174026,0.1875699907541275,-0.42587006092071533,0.034607596695423126,4,5.0,0.963256299495697
5,14,-0.07942916452884674,0.1916864812374115,-0.016548659652471542,0.6834768652915955,1,-2.5,0.9610839486122131
5,15,-0.08056270331144333,0.19727161526679993,-0.18994121253490448,0.4498389959335327,1,-2.5,0.9597419500350952
5,16,-0.08335340768098831,0.2006441056728363,-0.35000523924827576,0.2374071627855301,2,0.0,0.9585542678833008
5,17,-0.08663029223680496,0.20358222723007202,-0.3142350912094116,0.3217381238937378,2,0.0,0.9570079445838928
5,18,-0.08956372737884521,0.20734521746635437,-0.28100594878196716,0.40264928340911865,2,0.0,0.9550976753234863
5,19,-0.09217788279056549,0.2119017094373703,-0.25010478496551514,0.4805799126625061,1,-2.5,0.9534943103790283
5,20,-0.09553726017475128,0.215651735663414,-0.40459170937538147,0.27947986125946045,2,0.0,0.9520094990730286
5,21,-0.09933272749185562,0.21906733512878418,-0.3642517626285553,0.3727594017982483,2,0.0,0.9500946402549744
5,22,-0.10274091362953186,0.22339501976966858,-0.32678091526031494,0.46219491958618164,1,-2.5,0.9484552145004272
5,23,-0.10682880878448486,0.227034792304039,-0.4747265875339508,0.2732253074645996,2,0.0,0.9468935132026672
5,24,-0.11129310727119446,0.2304483950138092,-0.4288409650325775,0.3763672113418579,2,0.0,0.944836437702179
5,25,-0.11531703919172287,0.23486915230751038,-0.38623738288879395,0.4750465154647827,1,-2.5,0.9430224895477295
5,26,-0.11996869742870331,0.23869965970516205,-0.5289355516433716,0.2962464988231659,2,0.0,0.9412452578544617
5,27,-0.12494944781064987,0.2423936426639557,-0.4787093698978424,0.4074280261993408,2,0.0,0.9389055967330933
5,28,-0.12944823503494263,0.24717272818088531,-0.43208274245262146,0.5137128829956055,1,-2.5,0.9367753863334656
5,29,-0.13453298807144165,0.2514449954032898,-0.5704917311668396,0.3438027501106262,2,0.0,0.9346392750740051
5,30,-0.13990896940231323,0.25565752387046814,-0.5168649554252625,0.4617066979408264,1,-2.5,0.9326696395874023
5,31,-0.14580178260803223,0.25948092341423035,-0.6484214663505554,0.30370551347732544,2,0.0,0.9306460022926331
5,32,-0.15192276239395142,0.2633514106273651,-0.5888822078704834,0.43142861127853394,2,0.0,0.9279256463050842
5,33,-0.15747259557247162,0.2684667706489563,-0.5336308479309082,0.5532593131065369,1,-2.5,0.9253382682800293
5,34,-0.16352003812789917,0.2732429802417755,-0.6630391478538513,0.4010366201400757,2,0.0,0.9226531982421875
5,35,-0.1697784811258316,0.27811285853385925,-0.6021336317062378,0.5324816703796387,1,-2.5,0.9200558662414551
5,36,-0.17647771537303925,0.28274402022361755,-0.7258380651473999,0.3906426429748535,2,0.0,0.9173091053962708
5,37,-0.1833362579345703,0.2875601053237915,-0.6601611375808716,0.530292809009552,1,-2.5,0.9146047830581665
5,38,-0.19058717787265778,0.2922247350215912,-0.778968870639801,0.397577166557312,2,0.0,0.911699652671814
5,39,-0.19795343279838562,0.2971537113189697,-0.7092641592025757,0.5442821383476257,1,-2.5,0.9087912440299988
5,40,-0.20567062497138977,0.3020079731941223,-0.8238396644592285,0.4197149872779846,2,0.0,0.9056302309036255
5,41,-0.2134656310081482,0.3071965277194977,-0.7507394552230835,0.5725314617156982,0,-5.0,0.9033513069152832
5,42,-0.22259244322776794,0.31088367104530334,-1.0403697490692139,0.1924959123134613,2,0.0,0.9014410376548767
5,43,-0.232462078332901,0.3139409124851227,-0.9514797329902649,0.36945605278015137,1,-2.5,0.8993664979934692
5,44,-0.24249373376369476,0.317227840423584,-1.0473960638046265,0.27553224563598633,1,-2.5,0.8978304862976074
5,45,-0.2534436881542206,0.3196396231651306,-1.1362003087997437,0.1926293969154358,1,-2.5,0.8967790007591248
5,46,-0.26524433493614197,0.32128018140792847,-1.218488097190857,0.11969714611768723,2,0.0,0.8952015042304993
5,47,-0.2768213450908661,0.3237260580062866,-1.1167476177215576,0.31651636958122253,1,-2.5,0.8933315873146057
5,48,-0.2884340286254883,0.32660138607025146,-1.200198769569397,0.24267350137233734,1,-2.5,0.8918948173522949
5,49,-0.3008458614349365,0.32879358530044556,-1.277496576309204,0.17833156883716583,2,0.0,0.8898639678955078
5,50,-0.31298840045928955,0.33186736702919006,-1.1715317964553833,0.3820264935493469,1,-2.5,0.88747638463974
5,51,-0.32512354850769043,0.3354454040527344,-1.2506011724472046,0.3161025941371918,1,-2.5,0.8854732513427734
5,52,-0.3380156457424164,0.33841797709465027,-1.323797345161438,0.2593706548213959,1,-2.5,0.8838062286376953
5,53,-0.35160866379737854,0.3408719599246979,-1.3915972709655762,0.21101164817810059,1,-2.5,0.8824285268783569
5,54,-0.3658512234687805,0.3428868353366852,-1.4544323682785034,0.17029516398906708,2,0.0,0.880286693572998
5,55,-0.37969067692756653,0.345996230840683,-1.3358829021453857,0.3935309052467346,1,-2.5,0.8776315450668335
5,56,-0.3933973014354706,0.34981203079223633,-1.402451753616333,0.3483472168445587,1,-2.5,0.8752341270446777
5,57,-0.40774109959602356,0.3532220721244812,-1.4640657901763916,0.3110092282295227,1,-2.5,0.8730497360229492
5,58,-0.42267486453056335,0.35630083084106445,-1.5211173295974731,0.28086230158805847,2,0.0,0.8699936270713806
5,59,-0.43715426325798035,0.3605640232563019,-1.3979686498641968,0.5118206739425659,2,0.0,0.8652622699737549
5,60,-0.4504530727863312,0.36706629395484924,-1.2837470769882202,0.7302255034446716,0,-5.0,0.8610067367553711
5,61,-0.46465054154396057,0.3728179335594177,-1.5283914804458618,0.4324977397918701,0,-5.0,0.8588104248046875
5,62,-0.4811902642250061,0.3757520318031311,-1.7549455165863037,0.16220280528068542,3,2.5,0.8552935123443604
5,63,-0.49691998958587646,0.3804031312465668,-1.440651297569275,0.6689168214797974,0,-5.0,0.8512585163116455
5,64,-0.5126137733459473,0.38567018508911133,-1.672681212425232,0.39295023679733276,0,-5.0,0.8492023944854736
5,65,-0.530529797077179,0.3883267343044281,-1.8876893520355225,0.14261716604232788,0,-5.0,0.848982572555542
5,66,-0.5505081415176392,0.3886096477508545,-2.087360382080078,-0.08523018658161163,2,0.0,0.8482467532157898
5,67,-0.5704241394996643,0.38955530524253845,-1.9248231649398804,0.20428761839866638,0,-5.0,0.8475260734558105
5,68,-0.5907583832740784,0.39047911763191223,-2.1217827796936035,-0.01934123784303665,0,-5.0,0.8484610319137573
5,69,-0.6129835844039917,0.3892800509929657,-2.304961681365967,-0.22317343950271606,0,-5.0,0.8508945107460022
5,70,-0.6369695663452148,0.3861418664455414,-2.47562575340271,-0.4095219075679779,0,-5.0,0.8546657562255859
5,71,-0.6625975966453552,0.38122719526290894,-2.6348817348480225,-0.5803874731063843,1,-2.5,0.8585460186004639
5,72,-0.6887663006782532,0.37610355019569397,-2.608917474746704,-0.4869544804096222,4,5.0,0.8584901094436646
5,73,-0.7117021083831787,0.3761780261993408,-2.0598511695861816,0.35694384574890137,0,-5.0,0.8566092252731323
5,74,-0.7333423495292664,0.37866976857185364,-2.248814344406128,0.14146605134010315,0,-5.0,0.8562668561935425
5,75,-0.756794810295105,0.37912145256996155,-2.4242630004882812,-0.05411473661661148,0,-5.0,0.8573291301727295
5,76,-0.7819318771362305,0.377718061208725,-2.5874454975128174,-0.23208487033843994,0,-5.0,0.8596571683883667
5,77,-0.8086374402046204,0.37462347745895386,-2.739454746246338,-0.3944275379180908,4,5.0,0.8588488101959229
5,78,-0.8328251838684082,0.37570104002952576,-2.1810147762298584,0.4631343185901642,0,-5.0,0.8561149835586548
5,79,-0.8556298017501831,0.3793218731880188,-2.361619710922241,0.2595858871936798,0,-5.0,0.8548235297203064
5,80,-0.8801653385162354,0.38102033734321594,-2.529142379760742,0.07557911425828934,0,-5.0,0.854855477809906
5,81,-0.9063083529472351,0.38097843527793884,-2.6847872734069824,-0.09108944237232208,0,-5.0,0.8560876846313477
5,82,-0.9339461326599121,0.37935784459114075,-2.8296127319335938,-0.24233460426330566,0,-5.0,0.8583964109420776
5,83,-0.9629761576652527,0.3763025104999542,-2.9645519256591797,-0.37982675433158875,4,5.0,0.8573795557022095
5,84,-0.9893266558647156,0.37765130400657654,-2.390632390975952,0.49965018033981323,0,-5.0,0.8542582988739014
5,85,-1.0141433477401733,0.3817612826824188,-2.5564284324645996,0.3178325593471527,0,-5.0,0.8524221777915955
5,86,-1.0405486822128296,0.3841586410999298,-2.710146427154541,0.15419821441173553,0,-5.0,0.8517649173736572
5,87,-1.0684282779693604,0.38501304388046265,-2.852881669998169,0.006759295240044594,2,0.0,0.8499900102615356
5,88,-1.095695972442627,0.3873111307621002,-2.6369059085845947,0.3725373148918152,0,-5.0,0.8476550579071045
5,89,-1.1228712797164917,0.3903137445449829,-2.7845547199249268,0.2188718020915985,0,-5.0,0.8464373350143433
5,90,-1.1514623165130615,0.3918708562850952,-2.921597480773926,0.08095891028642654,0,-5.0,0.8462343215942383
5,91,-1.1813684701919556,0.3921297788619995,-3.0489604473114014,-0.042858198285102844,2,0.0,0.8447303175926208
5,92,-1.210520625114441,0.3940427005290985,-2.819627285003662,0.3420707583427429,0,-5.0,0.8425025939941406
5,93,-1.239446997642517,0.3968592882156372,-2.9539763927459717,0.2088705152273178,0,-5.0,0.8412564992904663
5,94,-1.2696620225906372,0.3984262943267822,-3.078706979751587,0.08992429077625275,0,-5.0,0.8408968448638916
5,95,-1.3010737895965576,0.3988773822784424,-3.1946399211883545,-0.016217898577451706,2,0.0,0.8390882611274719
5,96,-1.3316267728805542,0.40113794803619385,-2.955530881881714,0.38262978196144104,0,-5.0,0.836418867111206
5,97,-1.3618552684783936,0.4044516682624817,-3.0799050331115723,0.2651765048503876,0,-5.0,0.8346209526062012
5,98,-1.393276333808899,0.4066682755947113,-3.1953389644622803,0.16107089817523956,0,-5.0,0.8336068391799927
5,99,-1.4258047342300415,0.4079131782054901,-3.3025848865509033,0.06899584829807281,0,-5.0,0.8332913517951965
5,100,-1.4593626260757446,0.4082997441291809,-3.4023139476776123,-0.012208310887217522,2,0.0,0.8313136696815491
5,101,-1.491913080215454,0.4107144773006439,-3.149348020553589,0.40620821714401245,0,-5.0,0.8282790780067444
5,102,-1.523998737335205,0.4143921434879303,-3.2596054077148438,0.31079280376434326,3,2.5,-2.177525281906128
6,1,-0.18120010197162628,-0.08698169142007828,-0.013028532266616821,0.12514695525169373,2,0.0,0.9926257133483887
6,2,-0.18135954439640045,-0.08587361127138138,-0.016579516232013702,0.10656154900789261,2,0.0,0.9927839636802673
6,3,-0.18155255913734436,-0.08494717627763748,-0.019810758531093597,0.0886300727725029,2,0.0,0.9929109811782837
6,4,-0.18177615106105804,-0.08419635891914368,-0.02275511436164379,0.07127495110034943,2,0.0,0.9930083751678467
6,5,-0.1820276528596878,-0.08361590653657913,-0.02544277533888817,0.05442344397306442,3,2.5,0.9933472275733948
6,6,-0.1812405288219452,-0.08156447112560272,0.159163236618042,0.3257368803024292,0,-5.0,0.9933041930198669
6,7,-0.18187770247459412,-0.08182799816131592,-0.23115453124046326,-0.286981463432312,3,2.5,0.9931022524833679
6,8,-0.18305930495262146,-0.08305271714925766,-0.031067321076989174,0.008356664329767227,3,2.5,0.9933647513389587
6,9,-0.18232578039169312,-0.0814572423696518,0.15398956835269928,0.28044819831848145,1,-2.5,0.9935144186019897
6,10,-0.18194817006587982,-0.08053295314311981,-0.04885208606719971,-0.04386015236377716,3,2.5,0.9936888217926025
6,11,-0.18138374388217926,-0.07944301515817642,0.1376994103193283,0.2309543937444687,1,-2.5,0.9937589764595032
6,12,-0.181161567568779,-0.07900020480155945,-0.06386084854602814,-0.09113768488168716,3,2.5,0.9938580989837646
6,13,-0.18074007332324982,-0.07837019115686417,0.12391220033168793,0.1858089417219162,2,0.0,0.994112491607666
6,14,-0.17958496510982513,-0.0767301470041275,0.11056262999773026,0.15345582365989685,2,0.0,0.9943145513534546
6,15,-0.17855708301067352,-0.0754021406173706,0.09829024225473404,0.12299780547618866,2,0.0,0.9944693446159363
6,16,-0.177646204829216,-0.0743684396147728,0.08699972927570343,0.09424241632223129,2,0.0,0.9945811033248901
6,17,-0.17684303224086761,-0.07361315935850143,0.07660350948572159,0.0670115128159523,2,0.0,0.9946531653404236
6,18,-0.17613910138607025,-0.07312212139368057,0.06702117621898651,0.041140079498291016,3,2.5,0.9949244260787964
6,19,-0.17446164786815643,-0.07124315202236176,0.24540720880031586,0.3046919107437134,1,-2.5,0.9950829744338989
6,20,-0.17320573329925537,-0.07012145966291428,0.03608044236898422,-0.028296679258346558,3,2.5,0.9952512979507446
6,21,-0.17182309925556183,-0.06891074776649475,0.21697068214416504,0.23960307240486145,1,-2.5,0.9953189492225647
6,22,-0.17083875834941864,-0.0684179812669754,0.009849587455391884,-0.08970137685537338,3,2.5,0.9954030513763428
6,23,-0.16970647871494293,-0.0678008496761322,0.1928090751171112,0.1816573143005371,2,0.0,0.995613694190979
6,24,-0.16788767278194427,-0.06622932851314545,0.1748342216014862,0.1437608301639557,2,0.0,0.995772123336792
6,25,-0.1662403643131256,-0.06502234190702438,0.1582801342010498,0.10827814787626266,2,0.0,0.9958838224411011
6,26,-0.1647510677576065,-0.06415729969739914,0.14302316308021545,0.07496531307697296,2,0.0,0.9959532618522644
6,27,-0.16340751945972443,-0.06361393630504608,0.12894971668720245,0.04359700530767441,3,2.5,0.9961891174316406
6,28,-0.16113267838954926,-0.06173233687877655,0.3033146262168884,0.3025699555873871,2,0.0,0.9965174198150635
6,29,-0.15825340151786804,-0.05901351943612099,0.2773866653442383,0.25335559248924255,2,0.0,0.9967777132987976
6,30,-0.15562137961387634,-0.05676526576280594,0.2535298466682434,0.20772551000118256,2,0.0,0.9969800710678101
6,31,-0.15321695804595947,-0.054953861981630325,0.23156777024269104,0.16533981263637543,2,0.0,0.9971325397491455
6,32,-0.1510220766067505,-0.053548842668533325,0.21133831143379211,0.12588484585285187,2,0.0,0.9972413778305054
6,33,-0.14902032911777496,-0.052522726356983185,0.1926923543214798,0.08907128870487213,2,0.0,0.9973114728927612
6,34,-0.1471967101097107,-0.05185076221823692,0.17549291253089905,0.05463220924139023,4,5.0,0.9976745843887329
6,35,-0.14340417087078094,-0.04822245612740517,0.5346157550811768,0.6003660559654236,3,2.5,0.9983183145523071
6,36,-0.13723798096179962,-0.04100876301527023,0.6796414256095886,0.816811740398407,0,-5.0,0.9986568093299866
6,37,-0.13288189470767975,-0.036649998277425766,0.2514064311981201,0.15034618973731995,2,0.0,0.9987485408782959
6,38,-0.13048987090587616,-0.035376254469156265,0.2306259572505951,0.11278066039085388,2,0.0,0.9988123774528503
6,39,-0.12829631567001343,-0.034462325274944305,0.21146661043167114,0.07789822667837143,2,0.0,0.9988519549369812
6,40,-0.12628580629825592,-0.03388306498527527,0.1937890201807022,0.045430440455675125,4,5.0,0.9990805387496948
6,41,-0.12230922281742096,-0.030322307720780373,0.5527727007865906,0.5940866470336914,3,2.5,0.9994640350341797
6,42,-0.11596161127090454,-0.023150449618697166,0.697452962398529,0.8128572106361389,0,-5.0,0.9996459484100342
6,43,-0.11142957210540771,-0.01881641149520874,0.2685367166996002,0.14768148958683014,2,0.0,0.9996920228004456
6,44,-0.10886646062135696,-0.01754949241876602,0.24739506840705872,0.11224175989627838,2,0.0,0.9997237324714661
6,45,-0.10650523751974106,-0.01662086881697178,0.2279035747051239,0.0795312374830246,2,0.0,0.9997438192367554
6,46,-0.10433024913072586,-0.01600492000579834,0.209921196103096,0.049281973391771317,4,5.0,0.9998466968536377
6,47,-0.10019104927778244,-0.012381975539028645,0.5688014626502991,0.6007277965545654,3,2.5,0.9999737739562988
6,48,-0.09368262439966202,-0.005122052971273661,0.7132520079612732,0.8219406008720398,0,-5.0,0.9999995231628418
6,49,-0.08899296820163727,-0.0006781738484278321,0.28396546840667725,0.15877404808998108,2,0.0,0.999999463558197
6,50,-0.08627486228942871,0.0007213177159428596,0.2626160681247711,0.12575732171535492,2,0.0,0.9999967217445374
6,51,-0.0837605744600296,0.0018071368103846908,0.24294090270996094,0.0955287367105484,2,0.0,0.9999932050704956
6,52,-0.0814342051744461,0.0026055146008729935,0.2247980833053589,0.06782246381044388,2,0.0,0.9999901652336121
6,53,-0.07928121089935303,0.0031401622109115124,0.20805761218070984,0.042394910007715225,4,5.0,0.9999547004699707
6,54,-0.07515188306570053,0.006729864049702883,0.5681257247924805,0.5986340045928955,3,2.5,0.999803900718689
6,55,-0.06864238530397415,0.014002670533955097,0.7136077880859375,0.8243377208709717,0,-5.0,0.9996575713157654
6,56,-0.0639415979385376,0.018504297360777855,0.2853250205516815,0.16569212079048157,2,0.0,0.9995997548103333
6,57,-0.061202727258205414,0.020005853846669197,0.26488661766052246,0.136993408203125,2,0.0,0.9995490312576294
6,58,-0.058658912777900696,0.021236514672636986,0.24606049060821533,0.11100407689809799,2,0.0,0.9995061755180359
6,59,-0.05629482492804527,0.022221829742193222,0.22871138155460358,0.08747465908527374,2,0.0,0.9994716644287109
6,60,-0.05409642681479454,0.022984998300671577,0.21271540224552155,0.06617730855941772,2,0.0,0.9994455575942993
6,61,-0.05205084756016731,0.023547055199742317,0.197959303855896,0.04690396040678024,4,5.0,0.9992589354515076
6,62,-0.04801061004400253,0.027222489938139915,0.5597447752952576,0.6087259650230408,3,2.5,0.9988003373146057
6,63,-0.0415736623108387,0.03463641554117203,0.7068418264389038,0.8399402499198914,0,-5.0,0.9984524846076965
6,64,-0.03692825511097908,0.03933840990066528,0.2803666591644287,0.18756340444087982,2,0.0,0.9983108639717102
6,65,-0.03422841802239418,0.04109874367713928,0.26140743494033813,0.16432414948940277,2,0.0,0.9981816411018372
6,66,-0.03170936182141304,0.0426422581076622,0.24396352469921112,0.1436844766139984,2,0.0,0.9980645775794983
6,67,-0.029356669634580612,0.04399356618523598,0.22790956497192383,0.12541842460632324,2,0.0,0.9979591965675354
6,68,-0.027157118543982506,0.04517515003681183,0.21313098073005676,0.10932040214538574,2,0.0,0.997864842414856
6,69,-0.025098565965890884,0.046207547187805176,0.1995229572057724,0.09520331770181656,2,0.0,0.9977806806564331
6,70,-0.023169871419668198,0.04710953310132027,0.18698973953723907,0.08289715647697449,2,0.0,0.9977057576179504
6,71,-0.02136080153286457,0.04789828136563301,0.17544373869895935,0.07224728912115097,2,0.0,0.9976390600204468
6,72,-0.01966194249689579,0.04858950152993202,0.16480492055416107,0.06311341375112534,2,0.0,0.9975795745849609
6,73,-0.018064653500914574,0.049197591841220856,0.15500007569789886,0.05536811798810959,4,5.0,0.9971883893013
6,74,-0.014427532441914082,0.05302460491657257,0.5209746956825256,0.6270021796226501,3,2.5,0.9963168501853943
6,75,-0.008352684788405895,0.06068865582346916,0.6721136569976807,0.8681083917617798,0,-5.0,0.9956769347190857
6,76,-0.0040263887494802475,0.06575004011392593,0.25015023350715637,0.22747577726840973,1,-2.5,0.9955996870994568
6,77,-0.0026707621291279793,0.06633483618497849,0.04754585772752762,-0.07455291599035263,2,0.0,0.9956868886947632
6,78,-0.0021889791823923588,0.06567426770925522,0.04745163768529892,-0.0646781474351883,2,0.0,0.9957605004310608
6,79,-0.0017083561979234219,0.06511136144399643,0.04733119532465935,-0.05494119971990585,2,0.0,0.9958209991455078
6,80,-0.0012291058665141463,0.0646449401974678,0.04719154164195061,-0.04531654343008995,2,0.0,0.9958688616752625
6,81,-0.0007513737655244768,0.06427405774593353,0.04703907296061516,-0.035779811441898346,2,0.0,0.995904266834259
6,82,-0.00027524519828148186,0.0639980137348175,0.046879664063453674,-0.026307526975870132,2,0.0,0.9959274530410767
6,83,0.00019925109518226236,0.06381633132696152,0.046718742698431015,-0.01687697507441044,2,0.0,0.9959386587142944
6,84,0.0006721377721987665,0.06372874230146408,0.046561285853385925,-0.007466333918273449,2,0.0,0.9959378242492676
6,85,0.001143485540524125,0.063735231757164,0.0464119128882885,0.0019458204042166471,2,0.0,0.9959250092506409
6,86,0.0016134086763486266,0.06383595615625381,0.04627487435936928,0.011380203068256378,2,0.0,0.9958999752998352
6,87,0.0020820624195039272,0.06403131037950516,0.04615411534905434,0.02085716277360916,2,0.0,0.9958627223968506
6,88,0.002549640601500869,0.06432186812162399,0.046053312718868256,0.030396630987524986,2,0.0,0.9958128333091736
6,89,0.003016371512785554,0.0647084042429924,0.04597591608762741,0.04001835733652115,2,0.0,0.9957500100135803
6,90,0.003482517320662737,0.06519188731908798,0.04592512175440788,0.049741774797439575,2,0.0,0.9956738352775574
6,91,0.003948370926082134,0.06577349454164505,0.045903947204351425,0.05958622321486473,2,0.0,0.9955837726593018
6,92,0.004414254333823919,0.06645458936691284,0.04591523855924606,0.06957092136144638,2,0.0,0.9954792261123657
6,93,0.004880518186837435,0.06723672151565552,0.045961689203977585,0.07971509546041489,2,0.0,0.9953594207763672
6,94,0.005347537808120251,0.06812164187431335,0.04604586958885193,0.09003795683383942,2,0.0,0.9952236413955688
6,95,0.005815715994685888,0.06911128759384155,0.04617024213075638,0.10055886209011078,2,0.0,0.9950708746910095
6,96,0.006285478826612234,0.07020780444145203,0.04633716866374016,0.11129734665155411,2,0.0,0.994900107383728
6,97,0.0067572747357189655,0.07141350209712982,0.04654892906546593,0.12227306514978409,2,0.0,0.9947102069854736
6,98,0.007231574505567551,0.07273095101118088,0.04680771380662918,0.13350588083267212,2,0.0,0.9944998621940613
6,99,0.00770887266844511,0.07416284829378128,0.04711570218205452,0.1450161188840866,2,0.0,0.9942676424980164
6,100,0.008189685642719269,0.07571215182542801,0.04747501015663147,0.1568242609500885,2,0.0,0.9940119981765747
6,101,0.00867454893887043,0.07738198339939117,0.04788773134350777,0.16895131766796112,2,0.0,0.9937312006950378
6,102,0.009164021350443363,0.07917574048042297,0.04835592955350876,0.18141870200634003,2,0.0,0.9934232831001282
6,103,0.009658679366111755,0.08109697699546814,0.048881664872169495,0.1942482739686966,1,-2.5,0.9933557510375977
6,104,0.009094818495213985,0.0815122202038765,-0.1376188099384308,-0.08034485578536987,2,0.0,0.9934484958648682
6,105,0.007809805683791637,0.08094143122434616,-0.12306854873895645,-0.04565059766173363,2,0.0,0.9934863448143005
6,106,0.006663898937404156,0.0807071402668953,-0.1096322163939476,-0.012746987864375114,2,0.0,0.9934725165367126
6,107,0.005646556615829468,0.08079272508621216,-0.09721025824546814,0.018568875268101692,2,0.0,0.993409276008606
6,108,0.004748187493532896,0.08118350803852081,-0.08571124076843262,0.04848500341176987,2,0.0,0.993297815322876
6,109,0.003960068803280592,0.08186663687229156,-0.07505114376544952,0.0771760642528534,2,0.0,0.9931390285491943
6,110,0.0032742798794060946,0.08283089846372604,-0.06515279412269592,0.10480429977178574,2,0.0,0.9929327964782715
6,111,0.002683634404093027,0.08406664431095123,-0.05594531446695328,0.13152073323726654,2,0.0,0.9926785230636597
6,112,0.0021816203370690346,0.08556566387414932,-0.04736359417438507,0.1574660986661911,2,0.0,0.9923750162124634
6,113,0.0017623471794649959,0.08732111006975174,-0.03934776410460472,0.18277187645435333,2,0.0,0.9920206069946289
6,114,0.0014204931212589145,0.08932740241289139,-0.03184286132454872,0.20756103098392487,1,-2.5,0.9919098615646362
6,115,8.77847705851309e-05,0.08994526416063309,-0.211739644408226,-0.055432070046663284,2,0.0,0.9919562935829163
6,116,-0.0019036252051591873,0.0896865725517273,-0.19121941924095154,-0.010298527777194977,2,0.0,0.9919242262840271
6,117,-0.0036986428312957287,0.08986542373895645,-0.17224234342575073,0.032435040920972824,2,0.0,0.991817057132721
6,118,-0.005311884917318821,0.09045956283807755,-0.15467259287834167,0.07304169237613678,2,0.0,0.9916370511054993
6,119,-0.006756674498319626,0.0914493277668953,-0.13838526606559753,0.11177476495504379,2,0.0,0.9913849234580994
6,120,-0.008045144379138947,0.09281747788190842,-0.1232655942440033,0.14886917173862457,2,0.0,0.9910604953765869
6,121,-0.00918833538889885,0.0945490300655365,-0.10920809209346771,0.18454329669475555,2,0.0,0.9906624555587769
6,122,-0.010196281597018242,0.09663110226392746,-0.09611590206623077,0.21900013089179993,1,-2.5,0.9905092716217041
6,123,-0.012140776962041855,0.09742022305727005,-0.2707018554210663,-0.03454040735960007,2,0.0,0.990509033203125
6,124,-0.014693884178996086,0.09742169082164764,-0.24540431797504425,0.019041558727622032,2,0.0,0.9904072284698486
6,125,-0.017004752531647682,0.09794250875711441,-0.22199304401874542,0.06973853707313538,2,0.0,0.9902077317237854
6,126,-0.019091259688138962,0.09895594418048859,-0.20030348002910614,0.11787925660610199,2,0.0,0.9899121522903442
6,127,-0.020969722419977188,0.10043837130069733,-0.1801842451095581,0.1637686938047409,2,0.0,0.9895205497741699
6,128,-0.022654999047517776,0.10236907750368118,-0.16149616241455078,0.2076897770166397,1,-2.5,0.9893704652786255
6,129,-0.025222651660442352,0.10309948772192001,-0.33079829812049866,-0.03672280162572861,2,0.0,0.9893646240234375
6,130,-0.02834905870258808,0.1031278744339943,-0.30073726177215576,0.025005513802170753,2,0.0,0.9892351031303406
6,131,-0.031187597662210464,0.10375406593084335,-0.27291539311408997,0.08331430703401566,2,0.0,0.9889862537384033
6,132,-0.03375950828194618,0.10494628548622131,-0.24713917076587677,0.1385876089334488,2,0.0,0.9886201620101929
6,133,-0.03608418256044388,0.10667645186185837,-0.22323046624660492,0.19118164479732513,1,-2.5,0.9884886741638184
6,134,-0.03924080356955528,0.1072908341884613,-0.3876226544380188,-0.044934358447790146,2,0.0,0.9884907603263855
6,135,-0.04290977492928505,0.10728111118078232,-0.3531205952167511,0.024218028411269188,2,0.0,0.9883488416671753
6,136,-0.046248357743024826,0.10794049501419067,-0.3211894929409027,0.08943929523229599,2,0.0,0.9880682826042175
6,137,-0.04928094893693924,0.10923244059085846,-0.2916088402271271,0.1511644423007965,2,0.0,0.9876513481140137
6,138,-0.05202984809875488,0.11112452298402786,-0.2641756236553192,0.20979703962802887,1,-2.5,0.9874647855758667
6,139,-0.05557633191347122,0.11196085065603256,-0.42520007491111755,-0.02035471983253956,2,0.0,0.9874046444892883
6,140,-0.059603411704301834,0.11222915351390839,-0.3876732289791107,0.05411842092871666,2,0.0,0.9871816039085388
6,141,-0.06327104568481445,0.1132182851433754,-0.35292989015579224,0.12437769025564194,2,0.0,0.986800491809845
6,142,-0.06660565733909607,0.11488904803991318,-0.3207322955131531,0.1908915638923645,1,-2.5,0.9866410493850708
6,143,-0.07069181650876999,0.11558082699775696,-0.4772745370864868,-0.03172125294804573,2,0.0,0.9865960478782654
6,144,-0.07521624118089676,0.11577527225017548,-0.4356977343559265,0.049479443579912186,2,0.0,0.9863682389259338
6,145,-0.07934244722127914,0.11675507575273514,-0.39720824360847473,0.12599270045757294,2,0.0,0.9859632849693298
6,146,-0.08309976011514664,0.11847662180662155,-0.361544132232666,0.19833242893218994,1,-2.5,0.9857730269432068
6,147,-0.08757494390010834,0.11927669495344162,-0.5147916674613953,-0.01858782023191452,2,0.0,0.9856879711151123
6,148,-0.09245730936527252,0.11963289231061935,-0.47024914622306824,0.06768868118524551,2,0.0,0.9854016304016113
6,149,-0.09691300988197327,0.12082355469465256,-0.4290074408054352,0.14897651970386505,2,0.0,0.9849196076393127
6,150,-0.10097339004278183,0.1228022575378418,-0.39078766107559204,0.22582215070724487,1,-2.5,0.9846475124359131
6,151,-0.10572647303342819,0.12390508502721786,-0.5415518879890442,0.013488130643963814,2,0.0,0.9844731092453003
6,152,-0.11086346954107285,0.12460692971944809,-0.4948067367076874,0.1038023829460144,2,0.0,0.9840779304504395
6,153,-0.11555258184671402,0.12618274986743927,-0.4515118896961212,0.1889512985944748,1,-2.5,0.983880341053009
6,154,-0.12088548392057419,0.12696321308612823,-0.5975158214569092,-0.015499396249651909,2,0.0,0.9837650656700134
6,155,-0.1265573352575302,0.12741635739803314,-0.5464696884155273,0.08182521164417267,1,-2.5,0.9838228225708008
6,156,-0.1327989399433136,0.12718956172466278,-0.6853233575820923,-0.11149102449417114,2,0.0,0.9839369654655457
6,157,-0.13931167125701904,0.12673993408679962,-0.6277390122413635,-0.0041448865085840225,2,0.0,0.9837881326675415
6,158,-0.14527304470539093,0.1273258775472641,-0.5744518637657166,0.09658214449882507,1,-2.5,0.9838036894798279
6,159,-0.15178267657756805,0.1272646188735962,-0.7112270593643188,-0.09356354922056198,2,0.0,0.9838681221008301
6,160,-0.1585434377193451,0.1270112246274948,-0.6517085433006287,0.016757987439632416,2,0.0,0.9836614727973938
6,161,-0.16473424434661865,0.12782219052314758,-0.5966242551803589,0.12027867883443832,1,-2.5,0.983612596988678
6,162,-0.1714559644460678,0.12801331281661987,-0.7317126393318176,-0.06718961894512177,2,0.0,0.983606219291687
6,163,-0.17841263115406036,0.1280381679534912,-0.6706345081329346,0.045628685504198074,2,0.0,0.9833198189735413
6,164,-0.18478433787822723,0.12915177643299103,-0.6140969395637512,0.1515233814716339,1,-2.5,0.9831858277320862
6,165,-0.19167274236679077,0.12966938316822052,-0.7477915287017822,-0.0335666686296463,2,0.0,0.9830886721611023
6,166,-0.1987828016281128,0.13004352152347565,-0.6854442954063416,0.08142958581447601,1,-2.5,0.9831238985061646
6,167,-0.2063540369272232,0.12990815937519073,-0.8137719035148621,-0.09531021863222122,2,0.0,0.9831758737564087
6,168,-0.21409592032432556,0.12970790266990662,-0.7465097308158875,0.027228564023971558,2,0.0,0.9829202890396118
6,169,-0.22119368612766266,0.13068927824497223,-0.6842541694641113,0.14210261404514313,1,-2.5,0.9827967286109924
6,170,-0.2287532091140747,0.13116124272346497,-0.8126223087310791,-0.03456719219684601,2,0.0,0.9826894402503967
6,171,-0.236483633518219,0.13156969845294952,-0.7453887462615967,0.08811123669147491,1,-2.5,0.9826964139938354
6,172,-0.2446281760931015,0.13154307007789612,-0.8691511154174805,-0.0813724622130394,2,0.0,0.9827023148536682
6,173,-0.2528998851776123,0.13152064383029938,-0.7976994514465332,0.047802817076444626,2,0.0,0.9823790788650513
6,174,-0.26048728823661804,0.13274376094341278,-0.7315595746040344,0.16887377202510834,1,-2.5,0.9821729063987732
6,175,-0.26849883794784546,0.13351823389530182,-0.8562672734260559,-0.0018259882926940918,2,0.0,0.9819672107696533
6,176,-0.2766464650630951,0.1342860758304596,-0.7856892943382263,0.12629641592502594,1,-2.5,0.9818632006645203
6,177,-0.28517571091651917,0.1346728652715683,-0.9062672257423401,-0.03782840445637703,2,0.0,0.9817440509796143
6,178,-0.29380178451538086,0.13511474430561066,-0.8319258689880371,0.0961994156241417,1,-2.5,0.9817122220993042
6,179,-0.3027733862400055,0.1352321356534958,-0.949010968208313,-0.062447354197502136,2,0.0,0.9816516041755676
6,180,-0.31180867552757263,0.13545629382133484,-0.8714703321456909,0.0765436440706253,1,-2.5,0.9816659092903137
6,181,-0.32115882635116577,0.1354033648967743,-0.985593318939209,-0.07751920074224472,2,0.0,0.981639564037323
6,182,-0.33054444193840027,0.1355007290840149,-0.9053266644477844,0.06566068530082703,1,-2.5,0.9816774129867554
6,183,-0.34021881222724915,0.1353609561920166,-1.0169299840927124,-0.0845440924167633,2,0.0,0.9816646575927734
6,184,-0.34990450739860535,0.13540826737880707,-0.9343352913856506,0.06218937784433365,2,0.0,0.9812666773796082
6,185,-0.3587992191314697,0.1368696540594101,-0.8578764796257019,0.19957411289215088,2,0.0,0.980495810508728
6,186,-0.3669613301753998,0.13965757191181183,-0.7870587110519409,0.32855740189552307,0,-5.0,0.9802700281143188
6,187,-0.3765580654144287,0.14046329259872437,-1.092963457107544,-0.11781321465969086,2,0.0,0.9803342223167419
6,188,-0.3869704306125641,0.14023460447788239,-1.0045278072357178,0.0385160893201828,2,0.0,0.9799743890762329
6,189,-0.39653584361076355,0.1415119171142578,-0.9226648807525635,0.18480075895786285,1,-2.5,0.9796690344810486
6,190,-0.4063734710216522,0.14258672297000885,-1.032575011253357,0.038262948393821716,2,0.0,0.9792976975440979
6,191,-0.4162067770957947,0.1438831090927124,-0.9485399127006531,0.18817658722400665,2,0.0,0.9785007238388062
6,192,-0.42523494362831116,0.14662624895572662,-0.8707124590873718,0.32880786061286926,0,-5.0,0.978242039680481
6,193,-0.43562838435173035,0.1475057601928711,-1.1697348356246948,-0.10553871095180511,2,0.0,0.9782556295394897
6,194,-0.44677385687828064,0.14745968580245972,-1.0753425359725952,0.060805030167102814,2,0.0,0.9777941107749939
6,195,-0.4570152759552002,0.14901629090309143,-0.9879541397094727,0.21648088097572327,2,0.0,0.9768730401992798
6,196,-0.46641942858695984,0.15207546949386597,-0.9070152640342712,0.36254483461380005,0,-5.0,0.9764900803565979
6,197,-0.4771570861339569,0.15332934260368347,-1.202817678451538,-0.06568434834480286,2,0.0,0.9763727784156799
6,198,-0.4886176884174347,0.15371152758598328,-1.1057664155960083,0.1054670512676239,1,-2.5,0.9762424230575562
6,199,-0.5002031922340393,0.154135063290596,-1.2012827396392822,-0.01700754277408123,4,5.0,0.9749664068222046
6,200,-0.5095402002334595,0.15822015702724457,-0.733622133731842,0.7194408774375916,0,-5.0,0.9734486937522888
6,201,-0.5186141729354858,0.16294583678245544,-1.0417611598968506,0.2739141285419464,0,-5.0,0.9732915163040161
6,202,-0.5306352972984314,0.16342738270759583,-1.3265140056610107,-0.1351155936717987,3,2.5,0.972836971282959
6,203,-0.542225182056427,0.16481202840805054,-1.0348893404006958,0.33360424637794495,1,-2.5,0.9719460606575012
6,204,-0.5531269311904907,0.16749307513237,-1.1349461078643799,0.20620396733283997,0,-5.0,0.9719877243041992
6,205,-0.566037654876709,0.16736865043640137,-1.4123591184616089,-0.19067491590976715,2,0.0,0.9722262620925903
6,206,-0.579501748085022,0.16665467619895935,-1.2993583679199219,0.006491858512163162,4,5.0,0.9707447290420532
6,207,-0.5897793173789978,0.17104171216487885,-0.8248310685157776,0.7538111805915833,0,-5.0,0.9689527750015259
6,208,-0.5997185707092285,0.17620228230953217,-1.1249444484710693,0.32342660427093506,1,-2.5,0.9680085182189941
6,209,-0.6114776730537415,0.1788616180419922,-1.2175906896591187,0.20928232371807098,0,-5.0,0.9680128693580627
6,210,-0.6251726150512695,0.17884951829910278,-1.487774133682251,-0.17407898604869843,3,2.5,0.9676145911216736
6,211,-0.6383063793182373,0.17995943129062653,-1.1843000650405884,0.31375443935394287,1,-2.5,0.9666691422462463
6,212,-0.6506322622299194,0.182567298412323,-1.2723172903060913,0.2072913944721222,0,-5.0,0.966664731502533
6,213,-0.664849042892456,0.18257960677146912,-1.5380942821502686,-0.1685522198677063,4,5.0,0.9656374454498291
6,214,-0.6774157285690308,0.18537147343158722,-1.0465236902236938,0.6049889922142029,2,0.0,0.9629811644554138
6,215,-0.6873721480369568,0.1924029290676117,-0.960228443145752,0.7639137506484985,1,-2.5,0.9602428674697876
6,216,-0.6975474953651428,0.19939173758029938,-1.0641752481460571,0.6356254816055298,0,-5.0,0.9585480690002441
6,217,-0.7097599506378174,0.20359745621681213,-1.3436543941497803,0.2430550456047058,0,-5.0,0.9583568572998047
6,218,-0.724646270275116,0.2040664255619049,-1.6020632982254028,-0.11685208231210709,0,-5.0,0.9595588445663452
6,219,-0.7420087456703186,0.20109988749027252,-1.8415257930755615,-0.44816526770591736,4,5.0,0.9594837427139282
6,220,-0.7574869394302368,0.2012866735458374,-1.3285760879516602,0.35781756043434143,0,-5.0,0.9588366746902466
6,221,-0.7722305655479431,0.202887624502182,-1.5883362293243408,-0.004612188786268234,2,0.0,0.958305835723877
6,222,-0.7873722910881042,0.20419155061244965,-1.4614589214324951,0.21770736575126648,0,-5.0,0.958186686038971
6,223,-0.8033869862556458,0.20448295772075653,-1.7111539840698242,-0.1289045214653015,0,-5.0,0.9594115018844604
6,224,-0.8217945098876953,0.20146577060222626,-1.9425652027130127,-0.4479602873325348,4,5.0,0.9593096971511841
6,225,-0.8382411003112793,0.20171838998794556,-1.4222108125686646,0.36921629309654236,0,-5.0,0.9585903882980347
6,226,-0.8538815975189209,0.20349356532096863,-1.6750479936599731,0.017358288168907166,2,0.0,0.9579452276229858
6,227,-0.8698540329933167,0.20507268607616425,-1.541790246963501,0.24939094483852386,0,-5.0,0.9576736092567444
6,228,-0.8866381049156189,0.20573388040065765,-1.7854968309402466,-0.08795854449272156,0,-5.0,0.9587193131446838
6,229,-0.9057570099830627,0.20317640900611877,-2.011307716369629,-0.39825841784477234,2,0.0,0.9596752524375916
6,230,-0.9249522686004639,0.2008102685213089,-1.8534184694290161,-0.12907420098781586,0,-5.0,0.9608465433120728
6,231,-0.9447252750396729,0.19787228107452393,-2.0747201442718506,-0.4336455464363098,2,0.0,0.9619022607803345
6,232,-0.9645291566848755,0.19518646597862244,-1.9122579097747803,-0.15807457268238068,0,-5.0,0.9631428718566895
6,233,-0.9848693609237671,0.1919819563627243,-2.1297643184661865,-0.45812249183654785,4,5.0,0.9630386233329773
6,234,-1.0031070709228516,0.19225335121154785,-1.5950666666030884,0.38086336851119995,0,-5.0,0.9622744917869568
6,235,-1.0204100608825684,0.19423064589500427,-1.8361194133758545,0.04473157227039337,2,0.0,0.9615155458450317
6,236,-1.0379276275634766,0.19617465138435364,-1.6911956071853638,0.29343608021736145,0,-5.0,0.9610535502433777
6,237,-1.056148886680603,0.19734850525856018,-1.9247862100601196,-0.030570290982723236,2,0.0,0.960558295249939
6,238,-1.074515461921692,0.19859923422336578,-1.773276686668396,0.22841869294643402,0,-5.0,0.9603269696235657
6,239,-1.0935215950012207,0.19918090105056763,-2.000596523284912,-0.08559401333332062,0,-5.0,0.9612827301025391
6,240,-1.1147056818008423,0.19676712155342102,-2.21120548248291,-0.37431976199150085,2,0.0,0.962068498134613
6,241,-1.135817289352417,0.19476017355918884,-2.038689136505127,-0.08363155275583267,0,-5.0,0.9629900455474854
6,242,-1.1573690176010132,0.19237959384918213,-2.2468936443328857,-0.36965274810791016,2,0.0,0.9637336134910583
6,243,-1.1788231134414673,0.19043736159801483,-2.071802854537964,-0.07548993825912476,0,-5.0,0.9645999670028687
6,244,-1.2006947994232178,0.18814903497695923,-2.27795147895813,-0.359299898147583,2,0.0,0.9652827978134155
6,245,-1.222447156906128,0.18632563948631287,-2.1006226539611816,-0.062156543135643005,4,5.0,0.9636948704719543
6,246,-1.2404041290283203,0.19053915143013,-1.5677987337112427,0.7739670276641846,0,-5.0,0.9614176750183105
6,247,-1.257448673248291,0.19642376899719238,-1.8111966848373413,0.43406611680984497,0,-5.0,0.9603670835494995
6,248,-1.2768199443817139,0.1990801841020584,-2.035961151123047,0.12353093922138214,0,-5.0,0.9604864120483398
6,249,-1.2983427047729492,0.198780357837677,-2.243924140930176,-0.16113123297691345,0,-5.0,0.9616765379905701
6,250,-1.3218587636947632,0.19576391577720642,-2.436701774597168,-0.4229877293109894,2,0.0,0.9625918865203857
6,251,-1.345131278038025,0.19341187179088593,-2.247620105743408,-0.10731872171163559,0,-5.0,0.9635481238365173
6,252,-1.3686854839324951,0.19092367589473724,-2.440568685531616,-0.3705214262008667,2,0.0,0.9642433524131775
6,253,-1.3919955492019653,0.1890941858291626,-2.2512271404266357,-0.05490368604660034,2,0.0,0.9637861251831055
6,254,-1.4134912490844727,0.19029957056045532,-2.07580828666687,0.2394707053899765,0,-5.0,0.9634565114974976
6,255,-1.435401201248169,0.19116359949111938,-2.281621217727661,-0.04373907297849655,2,0.0,0.9629429578781128
6,256,-1.4571876525878906,0.19250212609767914,-2.1039366722106934,0.2542708218097687,0,-5.0,0.9625433683395386
6,257,-1.4793658256530762,0.193537175655365,-2.3074839115142822,-0.02503904327750206,2,0.0,0.9619431495666504
6,258,-1.5013997554779053,0.19508163630962372,-2.127868175506592,0.27612629532814026,0,-5.0,0.9614441394805908
6,259,-1.523805856704712,0.19635647535324097,-2.3294265270233154,0.0003754831850528717,0,-5.0,0.9619733691215515
6,260,-1.5481423139572144,0.19500428438186646,-2.5160629749298096,-0.25262415409088135,0,-5.0,0.9634286761283875
6,261,-1.574268102645874,0.19123616814613342,-2.689180612564087,-0.4855189919471741,0,-5.0,0.9656866788864136
6,262,-1.6020557880401611,0.18523870408535004,-2.850015640258789,-0.7006322741508484,0,-5.0,0.9686083197593689
6,263,-1.6313890218734741,0.17717699706554413,-2.999659299850464,-0.9000040888786316,0,-5.0,0.9720450639724731
6,264,-1.6621614694595337,0.16719727218151093,-3.1390740871429443,-1.0854284763336182,0,-5.0,0.975841760635376
6,265,-1.6942760944366455,0.1554291695356369,-3.2691118717193604,-1.2584866285324097,0,-5.0,0.9798395037651062
6,266,-1.7276434898376465,0.1419876217842102,-3.3905272483825684,-1.4205760955810547,0,-5.0,0.9838774800300598
6,267,-1.762181282043457,0.12697464227676392,-3.5039896965026855,-1.572935700416565,0,-5.0,0.987794041633606
6,268,-1.7978136539459229,0.11048059910535812,-3.610095739364624,-1.7166680097579956,1,-2.5,0.9911235570907593
6,269,-1.833408236503601,0.09421494603157043,-3.522669553756714,-1.5662065744400024,0,-5.0,0.993956446647644
6,270,-1.869232177734375,0.077740378677845,-3.6291582584381104,-1.7160282135009766,1,-2.5,0.9962244629859924
6,271,-1.9050178527832031,0.061445388942956924,-3.5413999557495117,-1.5695956945419312,0,-5.0,0.9979848265647888
6,272,-1.9410336017608643,0.04489060863852501,-3.6481778621673584,-1.7252103090286255,0,-5.0,0.9992806911468506
6,273,-1.9780782461166382,0.02681995928287506,-3.7478396892547607,-1.8725281953811646,0,-5.0,0.9999465346336365
6,274,-2.0160834789276123,0.007310568820685148,-3.840884208679199,-2.012493848800659,3,2.5,0.9999256134033203
6,275,-2.051781415939331,-0.008623426780104637,-3.3644864559173584,-1.2765734195709229,0,-5.0,0.9994944930076599
6,276,-2.0861284732818604,-0.02248372882604599,-3.487802028656006,-1.4685075283050537,0,-5.0,0.9985404014587402
6,277,-2.1216604709625244,-0.03820459172129631,-3.602430582046509,-1.6491307020187378,0,-5.0,0.9968996644020081
6,278,-2.158294677734375,-0.055680520832538605,-3.7090160846710205,-1.8196748495101929,0,-5.0,0.9944023489952087
6,279,-2.195953130722046,-0.0748174637556076,-3.8081307411193848,-1.981241226196289,0,-5.0,0.9908736944198608
6,280,-2.2345645427703857,-0.0955316573381424,-3.900282621383667,-2.134814500808716,0,-5.0,0.9861353039741516
6,281,-2.274061441421509,-0.11774849891662598,-3.9859228134155273,-2.2812788486480713,0,-5.0,0.9800056219100952
6,282,-2.314380645751953,-0.14140161871910095,-4.065453052520752,-2.4214277267456055,0,-5.0,0.9723003506660461
6,283,-2.3554635047912598,-0.16643208265304565,-4.139228343963623,-2.555974245071411,4,5.0,0.9652571678161621
6,284,-2.3930509090423584,-0.18639430403709412,-3.46917462348938,-1.5627126693725586,0,-5.0,0.9586703777313232
6,285,-2.4284443855285645,-0.20329678058624268,-3.5897810459136963,-1.7739282846450806,0,-5.0,0.9506054520606995
6,286,-2.464992046356201,-0.22224882245063782,-3.701263666152954,-1.9732815027236938,0,-5.0,0.9408835172653198
6,287,-2.502606153488159,-0.24313871562480927,-3.8042187690734863,-2.1619369983673096,0,-5.0,0.9293153882026672
6,288,-2.5412042140960693,-0.2658657729625702,-3.899179220199585,-2.340949773788452,0,-5.0,0.9157031178474426
6,289,-2.580709218978882,-0.2903391420841217,-3.9866199493408203,-2.5112760066986084,0,-5.0,0.8998424410820007
6,290,-2.6210482120513916,-0.31647685170173645,-4.066966533660889,-2.67378306388855,0,-5.0,0.8815228343009949
6,291,-2.662151336669922,-0.34420517086982727,-4.140594959259033,-2.829261064529419,3,2.5,0.8637673854827881
6,292,-2.7009479999542236,-0.3690970242023468,-3.67986798286438,-2.2131481170654297,4,5.0,0.8503901362419128
6,293,-2.734377145767212,-0.3867943584918976,-3.083996057510376,-1.412103295326233,4,5.0,0.8424414992332458
6,294,-2.7621312141418457,-0.39693644642829895,-2.536381483078003,-0.6876834630966187,3,2.5,0.8387106657028198
6,295,-2.7856366634368896,-0.401608407497406,-2.203749895095825,-0.273160845041275,0,-5.0,0.8347272276878357
6,296,-2.8089089393615723,-0.40653759241104126,-2.4148993492126465,-0.6322559714317322,3,2.5,0.8312786221504211
6,297,-2.831256866455078,-0.41075706481933594,-2.0921969413757324,-0.23503684997558594,0,-5.0,0.8274699449539185
6,298,-2.8534555435180664,-0.41536736488342285,-2.3106870651245117,-0.6046092510223389,3,2.5,-2.1758952140808105
7,1,0.07525193691253662,0.1684029996395111,-0.0037557482719421387,0.19654196500778198,1,-2.5,0.9714184999465942
7,2,0.0742296651005745,0.169060617685318,-0.17982521653175354,-0.045931003987789154,2,0.0,0.9714363813400269
7,3,0.07257293909788132,0.16900768876075745,-0.1579226553440094,0.012861738912761211,2,0.0,0.9712600111961365
7,4,0.07112602889537811,0.16952864825725555,-0.13763834536075592,0.0691978707909584,2,0.0,0.9708953499794006
7,5,0.06987360119819641,0.17060086131095886,-0.11883019655942917,0.12337587773799896,2,0.0,0.9703456163406372
7,6,0.06880167126655579,0.17220453917980194,-0.10136701911687851,0.17567510902881622,2,0.0,0.969611644744873
7,7,0.06789754331111908,0.17432260513305664,-0.08512777090072632,0.22635692358016968,1,-2.5,0.9692546725273132
7,8,0.06609899550676346,0.17534346878528595,-0.2547086775302887,-0.005084618926048279,2,0.0,0.9691094756126404
7,9,0.06372711807489395,0.17575697600841522,-0.22698883712291718,0.06345920264720917,2,0.0,0.9687280058860779
7,10,0.061620913445949554,0.1768389493227005,-0.20129801332950592,0.12899310886859894,2,0.0,0.9681158065795898
7,11,0.05976114794611931,0.17856155335903168,-0.17746159434318542,0.1918775737285614,1,-2.5,0.9678494334220886
7,12,0.057080402970314026,0.17930589616298676,-0.33988556265830994,-0.02787819504737854,2,0.0,0.9677610397338867
7,13,0.05389385670423508,0.1795520782470703,-0.30570676922798157,0.05103060603141785,2,0.0,0.9673959016799927
7,14,0.051034826785326004,0.1805659830570221,-0.27403879165649414,0.12617748975753784,2,0.0,0.9667620658874512
7,15,0.048479463905096054,0.1823127418756485,-0.24467016756534576,0.19799168407917023,1,-2.5,0.966448962688446
7,16,0.045156870037317276,0.18316926062107086,-0.4018388092517853,-0.013057410717010498,2,0.0,0.9662877321243286
7,17,0.04137805849313736,0.18360911309719086,-0.3629269301891327,0.0735764354467392,2,0.0,0.9658152461051941
7,18,0.037972163408994675,0.1848912388086319,-0.3268676996231079,0.1559600830078125,2,0.0,0.9650399088859558
7,19,0.03491206839680672,0.18697617948055267,-0.293423593044281,0.23457157611846924,1,-2.5,0.9645658731460571
7,20,0.03112485073506832,0.18823964893817902,-0.44663432240486145,0.03043968416750431,4,5.0,0.9630100727081299
7,21,0.02901408076286316,0.1923278272151947,-0.03580343350768089,0.6816177368164062,1,-2.5,0.9608324766159058
7,22,0.027696408331394196,0.19790802896022797,-0.207725390791893,0.45033496618270874,1,-2.5,0.9594790935516357
7,23,0.02473563514649868,0.20129811763763428,-0.36643093824386597,0.24008436501026154,2,0.0,0.9582719802856445
7,24,0.021301569417119026,0.20427438616752625,-0.3294285535812378,0.32636886835098267,2,0.0,0.9566967487335205
7,25,0.018222739920020103,0.20809432864189148,-0.29505810141563416,0.40910083055496216,2,0.0,0.9547480344772339
7,26,0.015474136918783188,0.21272526681423187,-0.263099730014801,0.48873254656791687,1,-2.5,0.9530988335609436
7,27,0.011990641243755817,0.2165667861700058,-0.4165719449520111,0.2893294095993042,2,0.0,0.9515605568885803
7,28,0.008080600760877132,0.22008971869945526,-0.3753245174884796,0.38410183787345886,2,0.0,0.9495820999145508
7,29,0.004566543735563755,0.22453919053077698,-0.3370114266872406,0.47494593262672424,1,-2.5,0.9478721022605896
7,30,0.00038115528877824545,0.2283152937889099,-0.4841241240501404,0.28746116161346436,2,0.0,0.9462321400642395
7,31,-0.004172900691628456,0.23187889158725739,-0.43751341104507446,0.39186397194862366,2,0.0,0.9440857768058777
7,32,-0.00827962625771761,0.23646193742752075,-0.3942359685897827,0.4917474389076233,1,-2.5,0.9421752691268921
7,33,-0.01300718355923891,0.24046780169010162,-0.5362337827682495,0.31432077288627625,2,0.0,0.9402933120727539
7,34,-0.01805748976767063,0.244349405169487,-0.48542729020118713,0.42660269141197205,2,0.0,0.9378360509872437
7,35,-0.02262025885283947,0.24932698905467987,-0.43826088309288025,0.5339525938034058,1,-2.5,0.9355804920196533
7,36,-0.02776322513818741,0.25381001830101013,-0.5760638117790222,0.36538562178611755,2,0.0,0.9333096742630005
7,37,-0.033192139118909836,0.2582448422908783,-0.5219742655754089,0.48428216576576233,1,-2.5,0.9311973452568054
7,38,-0.039132699370384216,0.26230257749557495,-0.6529723405838013,0.3276349902153015,2,0.0,0.9290210604667664
7,39,-0.04529673978686333,0.2664186656475067,-0.5930383205413818,0.45629602670669556,1,-2.5,0.9269606471061707
7,40,-0.051914282143116,0.27025797963142395,-0.718242883682251,0.30988889932632446,2,0.0,0.9247885942459106
7,41,-0.05870227515697479,0.2742469310760498,-0.653364896774292,0.446866512298584,1,-2.5,0.9226906299591064
7,42,-0.0658942312002182,0.2780455946922302,-0.7736088633537292,0.3093721568584442,2,0.0,0.9204349517822266
7,43,-0.07321148365736008,0.28207284212112427,-0.7045432925224304,0.4534861445426941,1,-2.5,0.9182124733924866
7,44,-0.08089032024145126,0.2859853208065033,-0.8205135464668274,0.3238678574562073,2,0.0,0.915786623954773
7,45,-0.08865585178136826,0.29019543528556824,-0.7479009032249451,0.4741532504558563,1,-2.5,0.9133535027503967
7,46,-0.09674660116434097,0.2943577468395233,-0.8601633906364441,0.3516156077384949,2,0.0,0.9106714129447937
7,47,-0.10489099472761154,0.298878937959671,-0.7845503091812134,0.507280707359314,1,-2.5,0.9079408645629883
7,48,-0.11332923173904419,0.30341240763664246,-0.8935713768005371,0.3912307918071747,2,0.0,0.9049143195152283
7,49,-0.12179272621870041,0.30835971236228943,-0.8154286742210388,0.5516234636306763,1,-2.5,0.9017965793609619
7,50,-0.1305229365825653,0.31337425112724304,-0.9215914607048035,0.441639244556427,2,0.0,0.8983328342437744
7,51,-0.13925395905971527,0.31885284185409546,-0.8413298726081848,0.6062189936637878,0,-5.0,0.8956931829452515
7,52,-0.1492408961057663,0.3229655921459198,-1.1230425834655762,0.24109354615211487,1,-2.5,0.8943170309066772
7,53,-0.16091400384902954,0.3250892758369446,-1.2060633897781372,0.16771531105041504,2,0.0,0.8924086093902588
7,54,-0.17237146198749542,0.3280113637447357,-1.1051963567733765,0.3636186122894287,1,-2.5,0.8902012705802917
7,55,-0.18387159705162048,0.331358939409256,-1.189213752746582,0.28975534439086914,1,-2.5,0.8884278535842896
7,56,-0.1961761713027954,0.3340243101119995,-1.2670079469680786,0.22556902468204498,1,-2.5,0.8870375156402588
7,57,-0.20922592282295227,0.33609893918037415,-1.3390891551971436,0.1701783984899521,2,0.0,0.8849881291389465
7,58,-0.22195886075496674,0.33913394808769226,-1.2287158966064453,0.3809491991996765,1,-2.5,0.8825233578681946
7,59,-0.23463967442512512,0.34274861216545105,-1.3032721281051636,0.3229229152202606,1,-2.5,0.8803989887237549
7,60,-0.24803423881530762,0.34583383798599243,-1.3722944259643555,0.27357643842697144,1,-2.5,0.8785673379898071
7,61,-0.2620898485183716,0.34847182035446167,-1.436227560043335,0.23215392231941223,1,-2.5,0.8769829869270325
7,62,-0.2767578959465027,0.3507378101348877,-1.495474100112915,0.19798099994659424,1,-2.5,0.8756021857261658
7,63,-0.2919936180114746,0.3527006506919861,-1.5503987073898315,0.17045491933822632,3,2.5,0.8723182678222656
7,64,-0.3057519197463989,0.3573256731033325,-1.2489012479782104,0.6593714356422424,0,-5.0,0.8687230348587036
7,65,-0.31962135434150696,0.3623215854167938,-1.4970706701278687,0.3538232147693634,1,-2.5,0.866144061088562
7,66,-0.3348686993122101,0.3658633828163147,-1.5513211488723755,0.3293013870716095,0,-5.0,0.8647526502609253
7,67,-0.3516330122947693,0.3677600026130676,-1.777007818222046,0.05834067240357399,4,5.0,0.86100172996521
7,68,-0.36657461524009705,0.3728247582912445,-1.2852199077606201,0.820886492729187,0,-5.0,0.8559805154800415
7,69,-0.3807831406593323,0.37949898838996887,-1.5292037725448608,0.5257601737976074,0,-5.0,0.85301673412323
7,70,-0.3973265588283539,0.38338398933410645,-1.7550086975097656,0.2583896517753601,2,0.0,0.8497864007949829
7,71,-0.41405144333839417,0.38757386803627014,-1.615699052810669,0.514427900314331,0,-5.0,0.8467925190925598
7,72,-0.4314197897911072,0.39141714572906494,-1.8345515727996826,0.25917255878448486,2,0.0,0.8434500098228455
7,73,-0.44890886545181274,0.39566388726234436,-1.6898289918899536,0.5234019160270691,0,-5.0,0.8402714133262634
7,74,-0.46698370575904846,0.3996606767177582,-1.9026377201080322,0.2789340317249298,2,0.0,0.8366652727127075
7,75,-0.48512741923332214,0.40414685010910034,-1.7533609867095947,0.5500760078430176,0,-5.0,0.8331533074378967
7,76,-0.503807008266449,0.40846875309944153,-1.9608646631240845,0.3154178857803345,0,-5.0,0.8314298391342163
7,77,-0.5244755148887634,0.4105730950832367,-2.153385877609253,0.10300552845001221,0,-5.0,0.8313532471656799
7,78,-0.5469917058944702,0.4106663167476654,-2.3323469161987305,-0.08978091180324554,2,0.0,0.8304946422576904
7,79,-0.5692633986473083,0.411710262298584,-2.1534218788146973,0.22384850680828094,0,-5.0,0.8294188976287842
7,80,-0.5917795300483704,0.41301465034484863,-2.33227801322937,0.03155205771327019,0,-5.0,0.8298448324203491
7,81,-0.6160129904747009,0.4124986231327057,-2.4986557960510254,-0.1428695172071457,2,0.0,0.8293448686599731
7,82,-0.6398827433586121,0.4131042957305908,-2.30830454826355,0.18697060644626617,0,-5.0,0.8284967541694641
7,83,-0.6638859510421753,0.414129376411438,-2.476323366165161,0.01032225415110588,0,-5.0,0.8290312886238098
7,84,-0.6895027160644531,0.413483589887619,-2.6326582431793213,-0.14964744448661804,0,-5.0,0.8308137059211731
7,85,-0.7166222333908081,0.41132253408432007,-2.7783303260803223,-0.2947656810283661,0,-5.0,0.8337114453315735
7,86,-0.7451431751251221,0.407785028219223,-2.9142401218414307,-0.4266245365142822,4,5.0,0.8330717086791992
7,87,-0.7710394859313965,0.4085686206817627,-2.3491153717041016,0.4341793656349182,0,-5.0,0.8301934003829956
7,88,-0.7954386472702026,0.41207605600357056,-2.514861583709717,0.2597643733024597,0,-5.0,0.8286529183387756
7,89,-0.8214271664619446,0.41394099593162537,-2.668734312057495,0.10290398448705673,0,-5.0,0.8283328413963318
7,90,-0.8488926887512207,0.41432735323905945,-2.8117921352386475,-0.03830666467547417,2,0.0,0.8268173336982727
7,91,-0.8757713437080383,0.41615229845046997,-2.599916934967041,0.3219671845436096,0,-5.0,0.8246941566467285
7,92,-0.9025750756263733,0.4186955392360687,-2.7475903034210205,0.17483855783939362,0,-5.0,-2.176278829574585
8,1,0.05943998694419861,0.030368581414222717,-0.11711614578962326,-0.1633220762014389,3,2.5,0.9990689754486084
8,2,0.05939866602420807,0.030512772500514984,0.0809292122721672,0.14677566289901733,2,0.0,0.9989772439002991
8,3,0.06018572300672531,0.03198099508881569,0.07646989822387695,0.14455129206180573,2,0.0,0.9988822937011719
8,4,0.060930680483579636,0.0334324985742569,0.07242244482040405,0.14318427443504333,2,0.0,0.9987837076187134
8,5,0.06163747236132622,0.0348755419254303,0.06875506788492203,0.1426232010126114,2,0.0,0.9986810088157654
8,6,0.06230974197387695,0.03631792217493057,0.06543877720832825,0.142822265625,2,0.0,0.9985736608505249
8,7,0.06295084208250046,0.03776701167225838,0.06244721636176109,0.14374077320098877,2,0.0,0.9984610080718994
8,8,0.06356388330459595,0.039229802787303925,0.0597563236951828,0.14534278213977814,2,0.0,0.9983424544334412
8,9,0.06415175646543503,0.040712952613830566,0.057344239205121994,0.14759674668312073,2,0.0,0.9982172250747681
8,10,0.064717136323452,0.04222283512353897,0.055191103368997574,0.15047524869441986,2,0.0,0.9980846047401428
8,11,0.06526250392198563,0.04376557096838951,0.053278848528862,0.15395458042621613,2,0.0,0.997943639755249
8,12,0.06579019874334335,0.04534706473350525,0.05159107968211174,0.15801449120044708,2,0.0,0.9977935552597046
8,13,0.0663023591041565,0.04697304964065552,0.050112947821617126,0.16263806819915771,2,0.0,0.9976332783699036
8,14,0.06680101901292801,0.04864909127354622,0.04883101209998131,0.16781137883663177,2,0.0,0.9974617958068848
8,15,0.06728808581829071,0.0503806546330452,0.04773307964205742,0.17352327704429626,2,0.0,0.9972779750823975
8,16,0.06776532530784607,0.05217308923602104,0.04680819436907768,0.17976529896259308,2,0.0,0.9970805644989014
8,17,0.06823442131280899,0.054031699895858765,0.046046458184719086,0.18653146922588348,2,0.0,0.9968682527542114
8,18,0.06869696080684662,0.0559617280960083,0.045439016073942184,0.19381827116012573,2,0.0,0.9966396689414978
8,19,0.06915447115898132,0.0579683892428875,0.04497787728905678,0.20162422955036163,2,0.0,0.9963931441307068
8,20,0.06960835307836533,0.060056935995817184,0.044655941426754,0.20995000004768372,2,0.0,0.9961271286010742
8,21,0.07005997747182846,0.0622326023876667,0.04446687921881676,0.21879826486110687,2,0.0,0.9958396553993225
8,22,0.07051066309213638,0.06450066715478897,0.04440508410334587,0.22817356884479523,1,-2.5,0.9957456588745117
8,23,0.06989595293998718,0.0652250424027443,-0.14286479353904724,-0.05045014247298241,2,0.0,0.9957842826843262
8,24,0.06855437159538269,0.06492861360311508,-0.12874603271484375,-0.018846316263079643,2,0.0,0.9957829713821411
8,25,0.06734785437583923,0.064938485622406,-0.11569738388061523,0.011072351597249508,2,0.0,0.9957438707351685
8,26,0.06626628339290619,0.06523904204368591,-0.10362358391284943,0.03949814289808273,2,0.0,0.9956681728363037
8,27,0.06530041992664337,0.0658164694905281,-0.09243712574243546,0.06660903990268707,2,0.0,0.9955565929412842
8,28,0.06444186717271805,0.06665869057178497,-0.08205770701169968,0.09257005155086517,2,0.0,0.9954092502593994
8,29,0.06368302553892136,0.06775519251823425,-0.07241158932447433,0.11753431707620621,2,0.0,0.9952256083488464
8,30,0.06301697343587875,0.06909693032503128,-0.06343106925487518,0.14164413511753082,2,0.0,0.9950048923492432
8,31,0.062437426298856735,0.07067620754241943,-0.0550539568066597,0.16503199934959412,2,0.0,0.994745671749115
8,32,0.06193869188427925,0.07248662412166595,-0.04722315073013306,0.18782144784927368,1,-2.5,0.9946880340576172
8,33,0.06045055389404297,0.07288336008787155,-0.22710688412189484,-0.07807837426662445,2,0.0,0.9947612881660461
8,34,0.05830542743206024,0.07237906008958817,-0.2062918245792389,-0.035027407109737396,2,0.0,0.9947740435600281
8,35,0.05635940656065941,0.07229084521532059,-0.18705657124519348,0.005526617169380188,2,0.0,0.9947299361228943
8,36,0.05459751933813095,0.07259544730186462,-0.16926296055316925,0.04385772719979286,2,0.0,0.9946311712265015
8,37,0.053006112575531006,0.07327226549386978,-0.15278403460979462,0.08021943271160126,2,0.0,0.9944790601730347
8,38,0.05157274752855301,0.07430307567119598,-0.1375032216310501,0.1148463785648346,2,0.0,0.9942737817764282
8,39,0.050286076962947845,0.07567194104194641,-0.12331341207027435,0.14795616269111633,2,0.0,0.9940146803855896
8,40,0.049135781824588776,0.0773649737238884,-0.11011626571416855,0.17975042760372162,2,0.0,0.993700385093689
8,41,0.04811248928308487,0.07937021553516388,-0.09782151132822037,0.21041655540466309,1,-2.5,0.9935936331748962
8,42,0.04614321514964104,0.08003979176282883,-0.27345818281173706,-0.04775724187493324,2,0.0,0.9936189651489258
8,43,0.04355709254741669,0.07988138496875763,-0.24881167709827423,0.002258619526401162,2,0.0,0.9935668706893921
8,44,0.04120690003037453,0.08020678162574768,-0.22601348161697388,0.049418963491916656,2,0.0,0.9934407472610474
8,45,0.039075110107660294,0.08098945766687393,-0.2049025446176529,0.09404265880584717,2,0.0,0.9932421445846558
8,46,0.037145741283893585,0.08220592141151428,-0.18533088266849518,0.13642488420009613,2,0.0,0.9929715991020203
8,47,0.03540422394871712,0.08383549004793167,-0.16716252267360687,0.17683900892734528,2,0.0,0.9926280379295349
8,48,0.03383726254105568,0.08586009591817856,-0.15027256309986115,0.21553853154182434,1,-2.5,0.9924955368041992
8,49,0.03136894106864929,0.08662821352481842,-0.32154810428619385,-0.03480224311351776,2,0.0,0.9924931526184082
8,50,0.0283249132335186,0.08664204925298691,-0.29297685623168945,0.022224923595786095,2,0.0,0.9923948645591736
8,51,0.025554457679390907,0.08720754832029343,-0.26653796434402466,0.0759885236620903,2,0.0,0.9922040700912476
8,52,0.02303735725581646,0.08829440176486969,-0.2420465499162674,0.12685345113277435,2,0.0,0.9919223785400391
8,53,0.02075515128672123,0.08987575769424438,-0.2193327248096466,0.1751576066017151,2,0.0,0.9915492534637451
8,54,0.018691005185246468,0.09192799776792526,-0.19824030995368958,0.2212141454219818,1,-2.5,0.9913888573646545
8,55,0.01576637104153633,0.0927964374423027,-0.3655169904232025,-0.02192068099975586,2,0.0,0.9913550615310669
8,56,0.012303687632083893,0.09297826141119003,-0.333356648683548,0.04153143987059593,2,0.0,0.9912064075469971
8,57,0.009149011224508286,0.0937739759683609,-0.30358773469924927,0.10134939104318619,2,0.0,0.9909465312957764
8,58,0.006279658526182175,0.09514979273080826,-0.2760040760040283,0.1579396277666092,2,0.0,0.9905763268470764
8,59,0.003674909472465515,0.09707581251859665,-0.2504159212112427,0.21167872846126556,1,-2.5,0.9904168844223022
8,60,0.00025322643341496587,0.09789338707923889,-0.41344180703163147,-0.02402692288160324,2,0.0,0.9903775453567505
8,61,-0.0036664283834397793,0.09809397906064987,-0.37745532393455505,0.046046145260334015,2,0.0,0.9902044534683228
8,62,-0.007241428829729557,0.09897222369909286,-0.3441440463066101,0.11205492168664932,2,0.0,0.9899017214775085
8,63,-0.010497158393263817,0.10049030929803848,-0.3132786452770233,0.17445003986358643,2,0.0,0.9894702434539795
8,64,-0.013456817716360092,0.10261475294828415,-0.28464797139167786,0.2336491495370865,1,-2.5,0.9892492890357971
8,65,-0.017203565686941147,0.10368558764457703,-0.4447360634803772,0.0034346040338277817,2,0.0,0.9891442656517029
8,66,-0.02142072468996048,0.1041908785700798,-0.4061363935470581,0.07836579531431198,2,0.0,0.9888863563537598
8,67,-0.02526809461414814,0.10542119294404984,-0.37039268016815186,0.14900261163711548,2,0.0,0.9884788990020752
8,68,-0.028772788122296333,0.1073366329073906,-0.3372608423233032,0.21582476794719696,1,-2.5,0.9882769584655762
8,69,-0.033020980656147,0.10827310383319855,-0.4930955171585083,-0.007034158334136009,2,0.0,0.9881815314292908
8,70,-0.03769952803850174,0.10871277749538422,-0.45067277550697327,0.074422687292099,2,0.0,0.987913191318512
8,71,-0.04197170212864876,0.10994016379117966,-0.41139304637908936,0.1511383354663849,2,0.0,0.9874759316444397
8,72,-0.04586733877658844,0.11191116273403168,-0.37498918175697327,0.22363583743572235,1,-2.5,0.9872401356697083
8,73,-0.05047455057501793,0.1129596009850502,-0.5276921391487122,0.006392024457454681,2,0.0,0.987103283405304
8,74,-0.05548269301652908,0.11356373876333237,-0.48247259855270386,0.09281249344348907,2,0.0,0.9867741465568542
8,75,-0.0600576251745224,0.11500369757413864,-0.44059690833091736,0.17421038448810577,2,0.0,0.98625648021698
8,76,-0.06423109024763107,0.11723273992538452,-0.40178197622299194,0.25113946199417114,1,-2.5,0.9859377145767212
8,77,-0.06909225881099701,0.11858449131250381,-0.552117645740509,0.03847723454236984,2,0.0,0.9857115149497986
8,78,-0.07433228939771652,0.11953452974557877,-0.5048219561576843,0.12888729572296143,1,-2.5,0.9856634140014648
8,79,-0.08017896860837936,0.11973536014556885,-0.6473198533058167,-0.07139208912849426,2,0.0,0.985683798789978
8,80,-0.08633027970790863,0.11965028196573257,-0.5928842425346375,0.030098572373390198,2,0.0,0.9854689836502075
8,81,-0.09196032583713531,0.12054473161697388,-0.5425031185150146,0.12538614869117737,1,-2.5,0.9854225516319275
8,82,-0.09816733002662659,0.12073707580566406,-0.6821235418319702,-0.0703066736459732,2,0.0,0.9854346513748169
8,83,-0.10465158522129059,0.12068706005811691,-0.6250504851341248,0.03536590561270714,2,0.0,0.9851996302604675
8,84,-0.11058929562568665,0.12165673822164536,-0.5722265243530273,0.13454365730285645,1,-2.5,0.9851251840591431
8,85,-0.11708039790391922,0.12196221947669983,-0.7095552086830139,-0.057439208030700684,2,0.0,0.9851012229919434
8,86,-0.12382691353559494,0.12206065654754639,-0.6503840684890747,0.05162148177623749,2,0.0,0.9848188757896423
8,87,-0.13000676035881042,0.12321154028177261,-0.5956122875213623,0.15397925674915314,1,-2.5,0.9846909642219543
8,88,-0.13672104477882385,0.12372972071170807,-0.7310913801193237,-0.03489035367965698,2,0.0,0.9846065044403076
8,89,-0.14367319643497467,0.12407047301530838,-0.6702386140823364,0.07699684053659439,1,-2.5,0.9846565127372742
8,90,-0.1511017084121704,0.1238689199090004,-0.8001055121421814,-0.10314913839101791,2,0.0,0.9847300052642822
8,91,-0.15871475636959076,0.12357197701931,-0.734112560749054,0.01661594770848751,2,0.0,0.9845173358917236
8,92,-0.1656958907842636,0.12442954629659653,-0.6730390787124634,0.12883000075817108,1,-2.5,0.9844377040863037
8,93,-0.17315107583999634,0.12474892288446426,-0.802669107913971,-0.05087466537952423,2,0.0,0.9843805432319641
8,94,-0.1807883232831955,0.12497784197330475,-0.7364431619644165,0.06937918812036514,1,-2.5,0.9844387173652649
8,95,-0.18885038793087006,0.12474488466978073,-0.8613184690475464,-0.10296580195426941,2,0.0,0.9845020174980164
8,96,-0.1970493048429489,0.12449086457490921,-0.7907297015190125,0.023958364501595497,2,0.0,0.9842597246170044
8,97,-0.20457230508327484,0.12546005845069885,-0.7254003286361694,0.14281901717185974,1,-2.5,0.9841352701187134
8,98,-0.21252837777137756,0.12595535814762115,-0.8510602712631226,-0.030621590092778206,2,0.0,0.9840179681777954
8,99,-0.22062861919403076,0.12642012536525726,-0.7811791896820068,0.09539912641048431,1,-2.5,0.984002947807312
8,100,-0.22911840677261353,0.12647929787635803,-0.9026239514350891,-0.07143363356590271,2,0.0,0.9839800000190735
8,101,-0.2377123087644577,0.12657012045383453,-0.8288848996162415,0.060557395219802856,2,0.0,0.9836331009864807
8,102,-0.24559998512268066,0.1279333084821701,-0.7606280446052551,0.18419396877288818,1,-2.5,0.9833924770355225
8,103,-0.25389230251312256,0.1288701593875885,-0.8834978938102722,0.015469461679458618,2,0.0,0.9831464290618896
8,104,-0.2623022496700287,0.12982140481472015,-0.8110812902450562,0.14577843248844147,1,-2.5,0.9829931259155273
8,105,-0.2710767686367035,0.1304105520248413,-0.9300695657730103,-0.016687355935573578,2,0.0,0.9828199148178101
8,106,-0.27993226051330566,0.1310727447271347,-0.8541257381439209,0.1192217692732811,1,-2.5,0.98272705078125
8,107,-0.28911837935447693,0.13142669200897217,-0.9698283076286316,-0.038006141781806946,2,0.0,0.9826016426086426
8,108,-0.29835426807403564,0.13190297782421112,-0.8908868432044983,0.10262273252010345,1,-2.5,0.9825452566146851
8,109,-0.3078920543193817,0.13211636245250702,-1.0037997961044312,-0.05019785463809967,2,0.0,0.9824454188346863
8,110,-0.3174530267715454,0.1324937492609024,-0.9223043322563171,0.09442856907844543,1,-2.5,0.9824048280715942
8,111,-0.3272913992404938,0.13264670968055725,-1.0328413248062134,-0.05465702712535858,2,0.0,0.9823111891746521
8,112,-0.3371303379535675,0.13299910724163055,-0.9491649270057678,0.09337581694126129,1,-2.5,0.9822684526443481
8,113,-0.34722578525543213,0.13315993547439575,-1.0576704740524292,-0.05251482129096985,2,0.0,0.982164204120636
8,114,-0.35730233788490295,0.13355062901973724,-0.9721272587776184,0.0984426885843277,1,-2.5,0.9821034073829651
8,115,-0.3676173686981201,0.13377806544303894,-1.078887939453125,-0.04468254745006561,2,0.0,0.9819737672805786
8,116,-0.3778969645500183,0.13426174223423004,-0.9917424321174622,0.10880932211875916,1,-2.5,0.9818810224533081
8,117,-0.38839951157569885,0.13460694253444672,-1.0969971418380737,-0.03188662976026535,2,0.0,0.9817124605178833
8,118,-0.39885222911834717,0.13523155450820923,-1.0084729194641113,0.12382608652114868,1,-2.5,0.9815747737884521
8,119,-0.40951454639434814,0.13573966920375824,-1.1124188899993896,-0.014697933569550514,2,0.0,0.9813547134399414
8,120,-0.4201146066188812,0.13654787838459015,-1.0227046012878418,0.14298668503761292,1,-2.5,0.9811598062515259
8,121,-0.4309126138687134,0.13725939393043518,-1.1255064010620117,0.006444545462727547,2,0.0,0.9808759689331055
8,122,-0.4416375458240509,0.13828973472118378,-1.0347623825073242,0.1659069061279297,1,-2.5,0.9806117415428162
8,123,-0.4525502622127533,0.13924168050289154,-1.1365538835525513,0.03121470846235752,2,0.0,0.9802513718605042
8,124,-0.4633804261684418,0.1405297815799713,-1.0449161529541016,0.1923067271709442,2,0.0,0.979444682598114
8,125,-0.4733326733112335,0.14337143301963806,-0.9600565433502197,0.3432394862174988,0,-5.0,0.9791357517242432
8,126,-0.48458391427993774,0.14444482326507568,-1.2527554035186768,-0.08214731514453888,2,0.0,0.9790671467781067
8,127,-0.49652549624443054,0.14468185603618622,-1.1523030996322632,0.0930628776550293,1,-2.5,0.9789767861366272
8,128,-0.5085608959197998,0.14499372243881226,-1.2449501752853394,-0.026583444327116013,4,5.0,0.9777967929840088
8,129,-0.5183155536651611,0.14900732040405273,-0.7738173007965088,0.7147855758666992,0,-5.0,0.9763796925544739
8,130,-0.5277804732322693,0.15368898212909698,-1.0798832178115845,0.2703653573989868,0,-5.0,0.976241946220398
8,131,-0.5401727557182312,0.15413638949394226,-1.3627076148986816,-0.1377522200345993,3,2.5,0.9758166670799255
8,132,-0.5521102547645569,0.15551000833511353,-1.0684031248092651,0.33432698249816895,1,-2.5,0.9749723076820374
8,133,-0.5633373856544495,0.1582014411687851,-1.1665902137756348,0.208157017827034,0,-5.0,0.9750064015388489
8,134,-0.5765572190284729,0.15809366106987,-1.442559003829956,-0.18855422735214233,2,0.0,0.9752228260040283
8,135,-0.5903130173683167,0.1574077010154724,-1.3275963068008423,0.010478800162672997,4,5.0,0.9738045930862427
8,136,-0.6008601784706116,0.1618499606847763,-0.8506782650947571,0.7611570954322815,0,-5.0,0.9720853567123413
8,137,-0.6110532283782959,0.1670769453048706,-1.1498078107833862,0.33018985390663147,1,-2.5,0.9711673259735107
8,138,-0.6230546236038208,0.16980193555355072,-1.2412127256393433,0.2163514941930771,0,-5.0,0.9711500406265259
8,139,-0.636981725692749,0.16985279321670532,-1.510539174079895,-0.1677103340625763,4,5.0,0.9701975584030151
8,140,-0.6492825746536255,0.17263393104076385,-1.0204651355743408,0.6033523082733154,2,0.0,0.9677385091781616
8,141,-0.6589927077293396,0.1796148121356964,-0.9364848136901855,0.7571650147438049,0,-5.0,0.9658110737800598
8,142,-0.669995903968811,0.1849023848772049,-1.2274808883666992,0.3426018953323364,1,-2.5,0.9647177457809448
8,143,-0.6827333569526672,0.18783573806285858,-1.3120012283325195,0.24231034517288208,0,-5.0,0.9645668268203735
8,144,-0.6973269581794739,0.18823686242103577,-1.5743268728256226,-0.127102330327034,0,-5.0,0.9657340049743652
8,145,-0.7144337892532349,0.18511071801185608,-1.8173664808273315,-0.4673336446285248,4,5.0,0.9657408595085144
8,146,-0.7296769618988037,0.18509212136268616,-1.3053144216537476,0.3373373746871948,1,-2.5,0.9646474719047546
8,147,-0.7431599497795105,0.18802271783351898,-1.3840830326080322,0.24580223858356476,0,-5.0,0.9644659161567688
8,148,-0.75844407081604,0.18850503861904144,-1.6410773992538452,-0.11548365652561188,0,-5.0,0.9655755162239075
8,149,-0.7761902809143066,0.18553824722766876,-1.8791652917861938,-0.4481428563594818,4,5.0,0.9654965996742249
8,150,-0.7920254468917847,0.18575093150138855,-1.3625755310058594,0.3634107708930969,1,-2.5,0.9642866253852844
8,151,-0.806056797504425,0.1889798641204834,-1.437089204788208,0.27844923734664917,0,-5.0,0.9639665484428406
8,152,-0.8218480944633484,0.18982474505901337,-1.6900839805603027,-0.07654595375061035,0,-5.0,0.9649255275726318
8,153,-0.8400628566741943,0.18728187680244446,-1.9244182109832764,-0.4032122492790222,0,-5.0,0.9670167565345764
8,154,-0.860525369644165,0.181613028049469,-2.141904354095459,-0.705001711845398,3,2.5,0.9683765172958374
8,155,-0.879927396774292,0.17782992124557495,-1.7903343439102173,-0.14397785067558289,4,5.0,0.9672288298606873
8,156,-0.8949097990989685,0.18102802336215973,-1.2799357175827026,0.6580984592437744,2,0.0,0.9643799066543579
8,157,-0.9071038961410522,0.1887328177690506,-1.176600456237793,0.8423542976379395,1,-2.5,0.9613345861434937
8,158,-0.9193546772003174,0.19663532078266144,-1.2649284601211548,0.7371024489402771,1,-2.5,0.9585643410682678
8,159,-0.9324474334716797,0.2035575956106186,-1.3461660146713257,0.6439311504364014,0,-5.0,0.9567213654518127
8,160,-0.9473592042922974,0.20803533494472504,-1.6045033931732178,0.28429603576660156,0,-5.0,0.9562802910804749
8,161,-0.9647423028945923,0.20909258723258972,-1.84331476688385,-0.044978391379117966,2,0.0,0.9558323621749878
8,162,-0.982326090335846,0.21016085147857666,-1.6976017951965332,0.20644457638263702,0,-5.0,0.9556882381439209
8,163,-1.00059974193573,0.21050363779067993,-1.9293718338012695,-0.11175554990768433,0,-5.0,0.9568148255348206
8,164,-1.0210942029953003,0.20781050622463226,-2.144179344177246,-0.40440475940704346,2,0.0,0.9577814340591431
8,165,-1.0415619611740112,0.20547161996364594,-1.9764748811721802,-0.11993806064128876,0,-5.0,0.9589069485664368
8,166,-1.0625109672546387,0.20271410048007965,-2.188295602798462,-0.4091651439666748,2,0.0,0.9598597884178162
8,167,-1.083402156829834,0.20035018026828766,-2.017408847808838,-0.12037472426891327,0,-5.0,0.9609535336494446
8,168,-1.10474693775177,0.19760186970233917,-2.226689338684082,-0.4068560004234314,2,0.0,0.9618656635284424
8,169,-1.126006841659546,0.195280060172081,-2.053036689758301,-0.11437106132507324,0,-5.0,0.9629043340682983
8,170,-1.1476958990097046,0.19260230660438538,-2.260150909423828,-0.39864322543144226,2,0.0,0.9637559652328491
8,171,-1.1692769527435303,0.19037865102291107,-2.084092378616333,-0.10299541801214218,0,-5.0,0.9647225737571716
8,172,-1.191266417503357,0.18782281875610352,-2.289351224899292,-0.38547948002815247,2,0.0,0.9654990434646606
8,173,-1.213127851486206,0.18574437499046326,-2.1111960411071777,-0.08711749315261841,4,5.0,0.9640081524848938
8,174,-1.2311859130859375,0.18971510231494904,-1.5775513648986816,0.7502567172050476,0,-5.0,0.96183180809021
8,175,-1.2483243942260742,0.19536694884300232,-1.8202933073043823,0.4111584424972534,0,-5.0,0.9608761072158813
8,176,-1.2677834033966064,0.19779756665229797,-2.044481039047241,0.10125885903835297,0,-5.0,0.9610816836357117
8,177,-1.289388656616211,0.19727732241153717,-2.2519359588623047,-0.18291516602039337,0,-5.0,0.9623466730117798
8,178,-1.312982439994812,0.19404450058937073,-2.444265842437744,-0.4444126784801483,4,5.0,0.9621105790138245
8,179,-1.3342338800430298,0.19465205073356628,-1.8865387439727783,0.4294281303882599,0,-5.0,0.9610705375671387
8,180,-1.3543281555175781,0.1973055601119995,-2.1059231758117676,0.126654714345932,0,-5.0,0.9611606597900391
8,181,-1.3765223026275635,0.19707703590393066,-2.308898687362671,-0.1508340835571289,0,-5.0,0.9622860550880432
8,182,-1.400661587715149,0.19420082867145538,-2.4970386028289795,-0.40601763129234314,2,0.0,0.9631147980690002
8,183,-1.4245121479034424,0.19205529987812042,-2.303521156311035,-0.0837734043598175,0,-5.0,0.9639626741409302
8,184,-1.4486029148101807,0.18983501195907593,-2.492460012435913,-0.3411707580089569,2,0.0,0.9645313620567322
8,185,-1.4724102020263672,0.1883310228586197,-2.2992966175079346,-0.01985771209001541,2,0.0,0.963931679725647
8,186,-1.4943665266036987,0.18991661071777344,-2.1203479766845703,0.279797226190567,0,-5.0,0.9634382724761963
8,187,-1.516703486442566,0.19121123850345612,-2.322916269302368,0.0014405511319637299,0,-5.0,0.9639555811882019
8,188,-1.540980339050293,0.1898537427186966,-2.510472297668457,-0.25400179624557495,0,-5.0,0.9653829336166382
8,189,-1.5670554637908936,0.1860567182302475,-2.6844263076782227,-0.4891932010650635,0,-5.0,0.9675970673561096
8,190,-1.5948004722595215,0.18000809848308563,-2.8460235595703125,-0.7064731121063232,0,-5.0,0.9704592227935791
8,191,-1.6240981817245483,0.17187421023845673,-2.9963607788085938,-0.9078963994979858,0,-5.0,0.9738200306892395
8,192,-1.654841661453247,0.16180233657360077,-3.136406898498535,-1.0952699184417725,0,-5.0,0.9775230884552002
8,193,-1.6869332790374756,0.14992307126522064,-3.2670185565948486,-1.2701863050460815,0,-5.0,0.9814080595970154
8,194,-1.7202831506729126,0.13635219633579254,-3.3889548778533936,-1.4340529441833496,0,-5.0,0.9853124022483826
8,195,-1.7548083066940308,0.12119244784116745,-3.5028889179229736,-1.5881171226501465,0,-5.0,0.9890724420547485
8,196,-1.7904325723648071,0.10453491657972336,-3.60942006111145,-1.733487606048584,1,-2.5,0.9922398328781128
8,197,-1.8260222673416138,0.08809179067611694,-3.522254705429077,-1.5842424631118774,0,-5.0,0.9948984384536743
8,198,-1.8618448972702026,0.07142530381679535,-3.6291165351867676,-1.7356541156768799,1,-2.5,0.9969833493232727
8,199,-1.8976320028305054,0.05492427945137024,-3.541602849960327,-1.5904954671859741,0,-5.0,0.9985446333885193
8,200,-1.9336522817611694,0.038149017840623856,-3.6487021446228027,-1.7476558685302734,0,-5.0,0.9996062517166138
8,201,-1.970704436302185,0.019842656329274178,-3.748643398284912,-1.8964693546295166,0,-5.0,1.0
8,202,-2.0087196826934814,8.281931513920426e-05,-3.841925621032715,-2.0378828048706055,3,2.5,0.9997403025627136
8,203,-2.0444297790527344,-0.016115963459014893,-3.3657495975494385,-1.3034088611602783,0,-5.0,0.9990845322608948
8,204,-2.078791379928589,-0.030256159603595734,-3.48930025100708,-1.4968230724334717,0,-5.0,0.9978589415550232
8,205,-2.114339828491211,-0.04627157002687454,-3.6041250228881836,-1.6788893938064575,0,-5.0,0.9958967566490173
8,206,-2.150991916656494,-0.06405629217624664,-3.7108657360076904,-1.8508374691009521,0,-5.0,0.9930251240730286
8,207,-2.1886699199676514,-0.08351586759090424,-3.8100922107696533,-2.013766288757324,0,-5.0,0.989065945148468
8,208,-2.2273013591766357,-0.10456609725952148,-3.902310848236084,-2.168658494949341,0,-5.0,0.9838374853134155
8,209,-2.2668190002441406,-0.1271318942308426,-3.9879708290100098,-2.3163952827453613,0,-5.0,0.9771547317504883
8,210,-2.307159185409546,-0.15114642679691315,-4.067471504211426,-2.4577689170837402,4,5.0,0.971058189868927
8,211,-2.344048023223877,-0.17012296617031097,-3.400686502456665,-1.464559555053711,0,-5.0,0.9653778076171875
8,212,-2.378783702850342,-0.18607045710086823,-3.526263952255249,-1.6814429759979248,0,-5.0,0.958334743976593
8,213,-2.414721965789795,-0.2041207253932953,-3.6424057483673096,-1.8858726024627686,0,-5.0,0.9497538208961487
8,214,-2.4517717361450195,-0.22415663301944733,-3.749742269515991,-2.079073905944824,2,0.0,0.9409751892089844
8,215,-2.487772226333618,-0.24295027554035187,-3.4840428829193115,-1.7138234376907349,0,-5.0,0.9316644668579102
8,216,-2.523312568664551,-0.2614106833934784,-3.60374116897583,-1.9297728538513184,0,-5.0,0.920494794845581
8,217,-2.5599963665008545,-0.2819666862487793,-3.7141237258911133,-2.133711814880371,0,-5.0,0.9072768092155457
8,218,-2.5977344512939453,-0.3045049011707306,-3.8157646656036377,-2.3267714977264404,0,-5.0,0.8918099999427795
8,219,-2.6364409923553467,-0.32892248034477234,-3.909179449081421,-2.5099833011627197,4,5.0,0.87802654504776
8,220,-2.6720077991485596,-0.3492469787597656,-3.2868497371673584,-1.6521289348602295,4,5.0,0.8693259954452515
8,221,-2.7016539573669434,-0.3614885210990906,-2.7160520553588867,-0.8775395154953003,0,-5.0,0.8615028262138367
8,222,-2.729844093322754,-0.3721521198749542,-2.8918051719665527,-1.184787392616272,0,-5.0,0.8511716723442078
8,223,-2.7597148418426514,-0.3857826888561249,-3.054147481918335,-1.4732303619384766,4,5.0,0.8427509665489197
8,224,-2.7871789932250977,-0.39654630422592163,-2.5082287788391113,-0.7508276700973511,3,2.5,0.8385058641433716
8,225,-2.810412883758545,-0.40186330676078796,-2.1774160861968994,-0.3388061225414276,0,-5.0,0.8339740037918091
8,226,-2.8334314823150635,-0.4074629545211792,-2.390303134918213,-0.7003635764122009,4,5.0,0.8310893774032593
8,227,-2.854560613632202,-0.4109874665737152,-1.8965249061584473,-0.06116630882024765,0,-5.0,0.8286296129226685
8,228,-2.874880075454712,-0.413968950510025,-2.1286537647247314,-0.45005249977111816,1,-2.5,-2.175830841064453
9,1,0.12319701910018921,0.16656678915023804,-0.023703232407569885,0.15980815887451172,2,0.0,0.9716187715530396
9,2,0.12303488701581955,0.16846728324890137,-0.013466752134263515,0.2005327045917511,1,-2.5,0.9713811278343201
9,3,0.12191963195800781,0.16917115449905396,-0.1888127326965332,-0.040825486183166504,2,0.0,0.9713797569274902
9,4,0.12017686665058136,0.16917520761489868,-0.166239932179451,0.019004015251994133,2,0.0,0.9711804389953613
9,5,0.11865033954381943,0.1697632074356079,-0.14533264935016632,0.07631337642669678,2,0.0,0.9707891345024109
9,6,0.11732428520917892,0.17091187834739685,-0.1259450614452362,0.13140828907489777,2,0.0,0.9702088832855225
9,7,0.11618431657552719,0.17260092496871948,-0.10794244706630707,0.1845746636390686,2,0.0,0.9694404602050781
9,8,0.11521734297275543,0.17481282353401184,-0.09120053052902222,0.23608015477657318,1,-2.5,0.9690465331077576
9,9,0.11336088180541992,0.17593589425086975,-0.2602941393852234,0.005478117614984512,2,0.0,0.9688620567321777
9,10,0.11093568801879883,0.17645958065986633,-0.23213540017604828,0.07477498054504395,2,0.0,0.9684372544288635
9,11,0.10878041386604309,0.17765909433364868,-0.20603401958942413,0.14103496074676514,2,0.0,0.9677773714065552
9,12,0.10687554627656937,0.17950643599033356,-0.18181319534778595,0.20462293922901154,1,-2.5,0.967461884021759
9,13,0.10415361821651459,0.18038310110569,-0.3438415229320526,-0.01434461772441864,2,0.0,0.9673226475715637
9,14,0.10092953592538834,0.18076883256435394,-0.3093246519565582,0.06523074209690094,2,0.0,0.9669018983840942
9,15,0.09803623706102371,0.18192894756793976,-0.27733853459358215,0.14103436470031738,2,0.0,0.9662070274353027
9,16,0.09544970095157623,0.18382850289344788,-0.2476700097322464,0.21349871158599854,1,-2.5,0.9658322334289551
9,17,0.09209916740655899,0.18484531342983246,-0.4044991433620453,0.0032629258930683136,2,0.0,0.9656072854995728
9,18,0.08829540759325027,0.1854526698589325,-0.3653219938278198,0.09053350985050201,2,0.0,0.9650651216506958
9,19,0.08486716449260712,0.18690873682498932,-0.32901135087013245,0.17355766892433167,2,0.0,0.9642131328582764
9,20,0.08178716897964478,0.18917414546012878,-0.2953284978866577,0.252815842628479,2,0.0,0.9630537629127502
9,21,0.07903046160936356,0.19221404194831848,-0.2640524208545685,0.3287574350833893,2,0.0,0.9615848064422607
9,22,0.0765741840004921,0.19599796831607819,-0.23497913777828217,0.4018024504184723,2,0.0,0.9597999453544617
9,23,0.07439744472503662,0.20049946010112762,-0.20792055130004883,0.47234272956848145,1,-2.5,0.9583368897438049
9,24,0.07143612205982208,0.2041153609752655,-0.36641332507133484,0.2629324197769165,2,0.0,0.95701664686203
9,25,0.06800304353237152,0.20732428133487701,-0.3293088972568512,0.34976112842559814,2,0.0,0.9553173780441284
9,26,0.06492622941732407,0.21138256788253784,-0.29483762383461,0.4330690801143646,2,0.0,0.9532325863838196
9,27,0.06218065321445465,0.21625789999961853,-0.26277992129325867,0.5133086442947388,1,-2.5,0.951444685459137
9,28,0.058702029287815094,0.2203526496887207,-0.41600480675697327,0.3149886131286621,2,0.0,0.9497624635696411
9,29,0.05479845404624939,0.22413726150989532,-0.37467044591903687,0.4104039967060089,2,0.0,0.9476253390312195
9,30,0.05129173770546913,0.22885514795780182,-0.3362710475921631,0.5019279718399048,1,-2.5,0.9457529783248901
9,31,0.047115642577409744,0.2329099327325821,-0.48310792446136475,0.3157253861427307,2,0.0,0.9439437389373779
9,32,0.0425725020468235,0.2367619425058365,-0.4364262819290161,0.4208415150642395,2,0.0,0.9416097402572632
9,33,0.03847741708159447,0.2416408807039261,-0.39307764172554016,0.5214803218841553,1,-2.5,0.9395063519477844
9,34,0.0337635762989521,0.24595454335212708,-0.534766674041748,0.3455587923526764,2,0.0,0.937422513961792
9,35,0.028728652745485306,0.2501550316810608,-0.4839079678058624,0.45862680673599243,1,-2.5,0.9355270266532898
9,36,0.023148927837610245,0.253915399312973,-0.6182844042778015,0.2953212559223175,2,0.0,0.933603048324585
9,37,0.0173155777156353,0.2576761841773987,-0.5610867142677307,0.4188608229160309,2,0.0,0.9310196042060852
9,38,0.01203093957155943,0.2626412808895111,-0.5080046653747559,0.5367477536201477,1,-2.5,0.9285911917686462
9,39,0.006226302590221167,0.2672242224216461,-0.6397075057029724,0.3799421787261963,2,0.0,0.9260914325714111
9,40,0.00019034277647733688,0.27186131477355957,-0.5806325078010559,0.5079331398010254,1,-2.5,0.9237021803855896
9,41,-0.006305732764303684,0.2762206792831421,-0.7063494324684143,0.36185768246650696,2,0.0,0.9211912155151367
9,42,-0.01297861710190773,0.28072917461395264,-0.6422138214111328,0.4984491765499115,1,-2.5,0.9187464118003845
9,43,-0.020060645416378975,0.2850502133369446,-0.7628054022789001,0.3617323338985443,2,0.0,0.9161303639411926
9,44,-0.02727309986948967,0.2896026372909546,-0.694392204284668,0.5056988596916199,1,-2.5,0.913536548614502
9,45,-0.034851133823394775,0.294046550989151,-0.8105669617652893,0.3772715628147125,2,0.0,0.9107222557067871
9,46,-0.04252001270651817,0.2987937927246094,-0.7385393977165222,0.5276109576225281,1,-2.5,0.9078862071037292
9,47,-0.05051708593964577,0.30350247025489807,-0.8508808612823486,0.4066552221775055,2,0.0,0.904779314994812
9,48,-0.058571137487888336,0.30857840180397034,-0.7758053541183472,0.5625436305999756,0,-5.0,0.9025405049324036
9,49,-0.06793723255395889,0.3121849596500397,-1.0634617805480957,0.18579202890396118,4,5.0,0.8987670540809631
9,50,-0.07599832862615585,0.3181712031364441,-0.6159660816192627,0.8894329071044922,0,-5.0,0.8943901658058167
9,51,-0.08382628113031387,0.3249766230583191,-0.9141231179237366,0.5001789927482605,2,0.0,0.890407383441925
9,52,-0.09248437732458115,0.33104783296585083,-0.8342874646186829,0.6653579473495483,0,-5.0,0.8872491121292114
9,53,-0.10239457339048386,0.3357838988304138,-1.1150060892105103,0.30516552925109863,1,-2.5,0.8853715658187866
9,54,-0.11398513615131378,0.33856815099716187,-1.1977864503860474,0.2345273196697235,1,-2.5,0.8839234113693237
9,55,-0.1263686716556549,0.3407002389431,-1.2744921445846558,0.17322424054145813,2,0.0,0.8818483948707581
9,56,-0.1384812742471695,0.3437318205833435,-1.168677806854248,0.37776151299476624,1,-2.5,0.8793907761573792
9,57,-0.1505838930606842,0.3472882807254791,-1.2471901178359985,0.3148210048675537,1,-2.5,0.8773122429847717
9,58,-0.16343826055526733,0.35026824474334717,-1.3198933601379395,0.26094165444374084,1,-2.5,0.8755620121955872
9,59,-0.17698901891708374,0.3527575731277466,-1.3872570991516113,0.21532407402992249,1,-2.5,0.8740924596786499
9,60,-0.19118522107601166,0.3548346161842346,-1.4497040510177612,0.1772555112838745,2,0.0,0.8718216419219971
9,61,-0.20497865974903107,0.35802000761032104,-1.3315060138702393,0.40093404054641724,1,-2.5,0.8690072894096375
9,62,-0.21863852441310883,0.3619292378425598,-1.3976765871047974,0.3584638237953186,1,-2.5,0.8664394021034241
9,63,-0.23293182253837585,0.3654594123363495,-1.458936095237732,0.32376256585121155,1,-2.5,0.8640717267990112
9,64,-0.24781173467636108,0.36868441104888916,-1.5156707763671875,0.29618990421295166,2,0.0,0.8607915639877319
9,65,-0.26223859190940857,0.3731063902378082,-1.3929805755615234,0.5274050235748291,2,0.0,0.8557743430137634
9,66,-0.2754892110824585,0.3797706365585327,-1.279173731803894,0.7461906671524048,0,-5.0,0.851223349571228
9,67,-0.2896336019039154,0.38571566343307495,-1.5226471424102783,0.45369699597358704,0,-5.0,0.8487612009048462
9,68,-0.3061091899871826,0.38889434933662415,-1.7481452226638794,0.18841084837913513,2,0.0,0.8460347652435303
9,69,-0.322767972946167,0.39238396286964417,-1.6093378067016602,0.44405657052993774,0,-5.0,0.8435530066490173
9,70,-0.3400713801383972,0.39553382992744446,-1.8280400037765503,0.19027140736579895,2,0.0,0.8407269716262817
9,71,-0.3574977517127991,0.39909031987190247,-1.6837859153747559,0.4540557861328125,0,-5.0,0.8380740284919739
9,72,-0.37551167607307434,0.40240034461021423,-1.8965792655944824,0.2104882001876831,2,0.0,0.8350012302398682
9,73,-0.39359694719314575,0.4062003493309021,-1.7477178573608398,0.48117613792419434,0,-5.0,0.8320342302322388
9,74,-0.4122203290462494,0.4098363220691681,-1.955325961112976,0.24687975645065308,2,0.0,0.828574538230896
9,75,-0.4308707118034363,0.4140356481075287,-1.8025943040847778,0.5234013199806213,0,-5.0,0.8251547813415527
9,76,-0.45001649856567383,0.41814494132995605,-2.0056052207946777,0.29771196842193604,2,0.0,-2.1788299083709717
