episode,ep_return,ep_length,global_step,epsilon
0,14.321013450622559,19,4864,0.0
1,15.142724990844727,20,5120,0.0
2,15.123870849609375,20,5120,0.0
3,17.241870880126953,22,5632,0.0
4,17.131643295288086,22,5632,0.0
5,18.053672790527344,23,5888,0.0
6,18.21402931213379,23,5888,0.0
7,17.937774658203125,23,5888,0.0
8,18.063011169433594,23,5888,0.0
9,18.279115676879883,23,5888,0.0
10,19.0898380279541,24,6144,0.0
11,19.96224594116211,25,6400,0.0
12,20.406734466552734,25,6400,0.0
13,20.122034072875977,25,6400,0.0
14,20.127635955810547,25,6400,0.0
15,20.074432373046875,25,6400,0.0
16,20.01190948486328,25,6400,0.0
17,20.06820297241211,25,6400,0.0
18,20.87626838684082,26,6656,0.0
19,21.091421127319336,26,6656,0.0
20,21.032934188842773,26,6656,0.0
21,21.868911743164062,27,6912,0.0
22,22.516315460205078,27,6912,0.0
23,22.06020164489746,27,6912,0.0
24,22.20338249206543,27,6912,0.0
25,22.17024803161621,27,6912,0.0
26,22.934852600097656,28,7168,0.0
27,23.080842971801758,28,7168,0.0
28,23.60936737060547,28,7168,0.0
29,23.445415496826172,28,7168,0.0
30,23.28020477294922,28,7168,0.0
31,22.7919979095459,28,7168,0.0
32,23.949542999267578,29,7424,0.0
33,24.186697006225586,29,7424,0.0
34,24.135852813720703,29,7424,0.0
35,23.801740646362305,29,7424,0.0
36,23.954914093017578,29,7424,0.0
37,25.360919952392578,30,7680,0.0
38,25.10750389099121,30,7680,0.0
39,25.273731231689453,30,7680,0.0
40,25.450531005859375,30,7680,0.0
41,24.9258975982666,30,7680,0.0
42,25.292518615722656,30,7680,0.0
43,24.936073303222656,30,7680,0.0
44,24.91980743408203,30,7680,0.0
45,26.225902557373047,31,7936,0.0
46,26.21042251586914,31,7936,0.0
47,26.189062118530273,31,7936,0.0
48,26.460670471191406,31,7936,0.0
49,25.964494705200195,31,7936,0.0
50,26.078210830688477,31,7936,0.0
51,25.761215209960938,31,7936,0.0
52,26.36114501953125,31,7936,0.0
53,27.079696655273438,32,8192,0.0
54,27.02480125427246,32,8192,0.0
55,27.162683486938477,32,8192,0.0
56,27.425811767578125,32,8192,0.0
57,27.872739791870117,33,8448,0.0
58,28.043500900268555,33,8448,0.0
59,28.200790405273438,33,8448,0.0
60,28.328542709350586,33,8448,0.0
61,29.287025451660156,34,8704,0.0
62,29.48809051513672,34,8704,0.0
63,29.37866973876953,34,8704,0.0
64,28.87215805053711,34,8704,0.0
65,29.3037166595459,34,8704,0.0
66,30.12234115600586,35,8960,0.0
67,30.042314529418945,35,8960,0.0
68,29.401973724365234,35,8960,0.0
69,30.332345962524414,35,8960,0.0
70,30.426177978515625,35,8960,0.0
71,30.093854904174805,35,8960,0.0
72,30.308399200439453,35,8960,0.0
73,30.387826919555664,35,8960,0.0
74,30.15604591369629,35,8960,0.0
75,30.12368392944336,35,8960,0.0
76,30.27617835998535,35,8960,0.0
77,31.33087921142578,36,9216,0.0
78,31.369060516357422,36,9216,0.0
79,31.319252014160156,36,9216,0.0
80,29.795907974243164,36,9216,0.0
81,30.07857894897461,36,9216,0.0
82,32.30847930908203,37,9472,0.0
83,32.31815719604492,37,9472,0.0
84,32.37025451660156,37,9472,0.0
85,30.946964263916016,37,9472,0.0
86,32.6291389465332,37,9472,0.0
87,31.320384979248047,37,9472,0.0
88,32.18631362915039,37,9472,0.0
89,32.04999923706055,38,9728,0.0
90,34.38835906982422,39,9984,0.0
91,33.540496826171875,39,9984,0.0
92,34.45920181274414,39,9984,0.0
93,32.84429168701172,39,9984,0.0
94,34.21794891357422,39,9984,0.0
95,33.96147155761719,39,9984,0.0
96,34.138614654541016,39,9984,0.0
97,34.03350830078125,39,9984,0.0
98,35.1868896484375,40,10240,0.0
99,35.04615020751953,40,10240,0.0
100,35.399505615234375,40,10240,0.0
101,33.67686462402344,40,10240,0.0
102,34.63923645019531,41,10496,0.0
103,35.084144592285156,41,10496,0.0
104,35.10555648803711,41,10496,0.0
105,36.2214241027832,41,10496,0.0
106,36.84263229370117,42,10752,0.0
107,36.95158386230469,42,10752,0.0
108,37.090545654296875,42,10752,0.0
109,36.71419906616211,42,10752,0.0
110,36.961238861083984,42,10752,0.0
111,37.50007629394531,42,10752,0.0
112,37.94662094116211,43,11008,0.0
113,38.119441986083984,43,11008,0.0
114,37.98039627075195,43,11008,0.0
115,38.007972717285156,43,11008,0.0
116,38.779632568359375,44,11264,0.0
117,38.846710205078125,44,11264,0.0
118,39.26295852661133,44,11264,0.0
119,38.995906829833984,44,11264,0.0
120,39.087554931640625,44,11264,0.0
121,38.719635009765625,45,11520,0.0
122,39.84613037109375,45,11520,0.0
123,38.82175827026367,45,11520,0.0
124,40.274959564208984,45,11520,0.0
125,40.33883285522461,45,11520,0.0
126,39.91978073120117,45,11520,0.0
127,38.58592224121094,45,11520,0.0
128,39.8611946105957,45,11520,0.0
129,39.595306396484375,46,11776,0.0
130,40.23980712890625,46,11776,0.0
131,41.077728271484375,46,11776,0.0
132,41.99634552001953,47,12032,0.0
133,41.92118835449219,48,12288,0.0
134,43.1485481262207,48,12288,0.0
135,43.64151382446289,50,12800,0.0
136,44.71498489379883,50,12800,0.0
137,45.06827926635742,50,12800,0.0
138,44.444156646728516,50,12800,0.0
139,45.06200408935547,50,12800,0.0
140,44.80548095703125,50,12800,0.0
141,44.621620178222656,51,13056,0.0
142,44.20641326904297,51,13056,0.0
143,45.22509002685547,51,13056,0.0
144,45.64484405517578,51,13056,0.0
145,46.12895965576172,51,13056,0.0
146,45.9904670715332,51,13056,0.0
147,44.890357971191406,52,13312,0.0
148,47.96766662597656,53,13568,0.0
149,22.966197967529297,28,13568,0.0
150,26.6943416595459,32,13824,0.0
151,47.984378814697266,55,14080,0.0
152,48.586055755615234,55,14080,0.0
153,49.67893981933594,55,14080,0.0
154,48.70832443237305,55,14080,0.0
155,48.52701950073242,55,14080,0.0
156,48.613494873046875,56,14336,0.0
157,50.50018310546875,56,14336,0.0
158,50.55412292480469,56,14336,0.0
159,28.03931999206543,34,14592,0.0
160,51.54616165161133,57,14592,0.0
161,50.72685241699219,57,14592,0.0
162,51.74830627441406,58,14848,0.0
163,22.45498275756836,28,14848,0.0
164,52.341556549072266,58,14848,0.0
165,52.38703155517578,58,14848,0.0
166,51.403141021728516,58,14848,0.0
167,53.643619537353516,59,15104,0.0
168,53.0725212097168,59,15104,0.0
169,54.668907165527344,60,15360,0.0
170,28.867734909057617,35,15360,0.0
171,26.55660629272461,32,15616,0.0
172,55.08313751220703,61,15616,0.0
173,27.342849731445312,33,15616,0.0
174,56.36507034301758,62,15872,0.0
175,29.214284896850586,35,15872,0.0
176,25.046302795410156,31,15872,0.0
177,21.843303680419922,27,15872,0.0
178,55.238380432128906,62,15872,0.0
179,55.40711975097656,62,15872,0.0
180,37.1854362487793,43,16128,0.0
181,56.73369598388672,64,16384,0.0
182,33.3568115234375,39,16384,0.0
183,57.51285934448242,64,16384,0.0
184,39.414207458496094,45,16640,0.0
185,32.4600830078125,38,16640,0.0
186,59.34333419799805,65,16640,0.0
187,33.2049560546875,39,16640,0.0
188,60.74586868286133,66,16896,0.0
189,61.36592102050781,67,17152,0.0
190,26.047962188720703,32,17152,0.0
191,39.578529357910156,46,17408,0.0
192,34.732383728027344,41,17408,0.0
193,30.266923904418945,36,17408,0.0
194,62.415531158447266,68,17408,0.0
195,62.082820892333984,68,17408,0.0
196,63.06389236450195,69,17664,0.0
197,62.88844680786133,69,17664,0.0
198,63.68376541137695,70,17920,0.0
199,24.252281188964844,30,17920,0.0
200,63.901668548583984,70,17920,0.0
201,63.475486755371094,70,17920,0.0
202,64.97256469726562,71,18176,0.0
203,41.74603271484375,48,18176,0.0
204,65.17127990722656,71,18176,0.0
205,65.22551727294922,71,18176,0.0
206,65.0543212890625,71,18176,0.0
207,65.65240478515625,72,18432,0.0
208,66.33245849609375,72,18432,0.0
209,66.36912536621094,73,18688,0.0
210,66.2047348022461,73,18688,0.0
211,27.721433639526367,34,18944,0.0
212,44.56439971923828,51,18944,0.0
213,43.1981086730957,49,18944,0.0
214,30.88613510131836,37,18944,0.0
215,67.58202362060547,74,18944,0.0
216,41.02738952636719,47,19200,0.0
217,68.98645782470703,75,19200,0.0
218,69.3326644897461,75,19200,0.0
219,29.831634521484375,36,19200,0.0
220,33.12342834472656,39,19456,0.0
221,33.63590621948242,40,19712,0.0
222,46.576419830322266,53,19712,0.0
223,70.16169738769531,77,19712,0.0
224,45.446388244628906,51,19712,0.0
225,52.53246307373047,59,19968,0.0
226,40.653053283691406,47,19968,0.0
227,34.00109100341797,40,20224,0.0
228,73.1275863647461,79,20224,0.0
229,72.19127655029297,79,20224,0.0
230,73.87123107910156,80,20480,0.0
231,73.29631042480469,80,20480,0.0
232,74.35831451416016,81,20736,0.0
233,75.573486328125,82,20992,0.0
234,75.57456970214844,82,20992,0.0
235,75.18584442138672,82,20992,0.0
236,76.4567642211914,83,21248,0.0
237,76.8733139038086,83,21248,0.0
238,35.34866714477539,42,21504,0.0
239,52.66947937011719,59,21504,0.0
240,42.49977493286133,49,21760,0.0
241,50.90005111694336,57,21760,0.0
242,79.39973449707031,86,22016,0.0
243,36.5453987121582,43,22016,0.0
244,48.60371017456055,55,22016,0.0
245,53.45997619628906,60,22272,0.0
246,81.49053192138672,88,22528,0.0
247,36.261619567871094,43,22528,0.0
248,82.1173095703125,88,22528,0.0
249,46.56744384765625,53,22528,0.0
250,81.63753509521484,88,22528,0.0
251,81.57901000976562,89,22784,0.0
252,45.48242950439453,52,22784,0.0
253,48.12708282470703,55,22784,0.0
254,82.53173828125,89,22784,0.0
255,45.478668212890625,52,22784,0.0
256,54.486812591552734,61,22784,0.0
257,83.04255676269531,89,22784,0.0
258,60.0439567565918,67,23040,0.0
259,83.84420776367188,90,23040,0.0
260,83.134765625,90,23040,0.0
261,45.34324645996094,52,23296,0.0
262,43.08686828613281,49,23296,0.0
263,27.02676010131836,33,23296,0.0
264,60.74011993408203,67,23552,0.0
265,56.63777542114258,63,23552,0.0
266,35.46333312988281,42,23552,0.0
267,44.91621780395508,52,23808,0.0
268,47.81495666503906,54,23808,0.0
269,86.06935119628906,93,23808,0.0
270,45.89800262451172,53,24064,0.0
271,45.590301513671875,52,24064,0.0
272,40.50636291503906,47,24320,0.0
273,88.23880004882812,95,24320,0.0
274,88.34886169433594,95,24320,0.0
275,88.69778442382812,95,24320,0.0
276,89.84754943847656,96,24576,0.0
277,90.51273345947266,97,24832,0.0
278,89.91557312011719,97,24832,0.0
279,46.43046569824219,53,25088,0.0
280,58.1453857421875,64,25088,0.0
281,61.12763595581055,68,25088,0.0
282,59.25484848022461,66,25088,0.0
283,40.201683044433594,47,25088,0.0
284,93.22338104248047,100,25600,0.0
285,93.64708709716797,100,25600,0.0
286,94.57303619384766,101,25856,0.0
287,61.462669372558594,69,25856,0.0
288,94.20526123046875,101,25856,0.0
289,63.67451477050781,71,25856,0.0
290,95.0308609008789,102,26112,0.0
291,35.22688293457031,42,26112,0.0
292,51.207218170166016,58,26368,0.0
293,30.01282501220703,36,26624,0.0
294,64.3843765258789,71,26624,0.0
295,54.378692626953125,61,26624,0.0
296,97.42047882080078,104,26624,0.0
297,42.12047576904297,49,26624,0.0
298,39.2816276550293,46,26880,0.0
299,66.82878112792969,74,26880,0.0
300,98.1485595703125,105,26880,0.0
301,70.99883270263672,77,27136,0.0
302,54.97628402709961,61,27392,0.0
303,35.78620147705078,42,27648,0.0
304,28.937191009521484,35,27648,0.0
305,55.65751266479492,63,27648,0.0
306,71.6759033203125,78,27648,0.0
307,66.84611511230469,73,27648,0.0
308,100.99957275390625,108,27648,0.0
309,72.16021728515625,78,27648,0.0
310,61.58711242675781,69,27904,0.0
311,56.67593002319336,64,27904,0.0
312,31.70142936706543,38,27904,0.0
313,33.061058044433594,39,28160,0.0
314,48.21483612060547,56,28160,0.0
315,67.9921875,76,28160,0.0
316,46.73860168457031,53,28160,0.0
317,103.44817352294922,111,28416,0.0
318,65.77594757080078,72,28416,0.0
319,55.57145690917969,62,28672,0.0
320,105.36209106445312,112,28672,0.0
321,82.74530029296875,89,28672,0.0
322,105.16603088378906,112,28672,0.0
323,106.53765106201172,113,28928,0.0
324,62.98344039916992,69,28928,0.0
325,44.811012268066406,51,28928,0.0
326,44.864139556884766,51,28928,0.0
327,77.83604431152344,84,28928,0.0
328,75.21878051757812,81,29184,0.0
329,50.09658432006836,57,29184,0.0
330,54.43517303466797,61,29184,0.0
331,40.401145935058594,47,29440,0.0
332,107.71356201171875,115,29440,0.0
333,73.65924835205078,80,29440,0.0
334,108.17127227783203,115,29440,0.0
335,108.569091796875,116,29696,0.0
336,109.29047393798828,116,29696,0.0
337,69.04150390625,77,29696,0.0
338,109.38091278076172,117,29952,0.0
339,57.3106689453125,64,29952,0.0
340,75.64790344238281,83,29952,0.0
341,41.22727966308594,48,29952,0.0
342,111.45204162597656,118,30208,0.0
343,51.59130859375,59,30208,0.0
344,56.752010345458984,63,30208,0.0
345,55.95255661010742,63,30208,0.0
346,53.7396125793457,60,30208,0.0
347,57.73972702026367,64,30464,0.0
348,64.95183563232422,73,30464,0.0
349,55.810604095458984,64,30464,0.0
350,51.15531921386719,58,30464,0.0
351,30.954641342163086,37,30720,0.0
352,83.5321044921875,90,30720,0.0
353,68.211181640625,76,30720,0.0
354,65.06551361083984,71,30976,0.0
355,32.127784729003906,38,31232,0.0
356,85.72125244140625,92,31232,0.0
357,84.90298461914062,91,31232,0.0
358,88.86241912841797,95,31488,0.0
359,46.54350280761719,53,31488,0.0
360,28.947534561157227,35,31744,0.0
361,72.77544403076172,81,31744,0.0
362,77.57194519042969,84,32000,0.0
363,59.584495544433594,68,32000,0.0
364,45.21051025390625,52,32000,0.0
365,47.97423553466797,54,32000,0.0
366,32.0838737487793,38,32256,0.0
367,30.488224029541016,37,32256,0.0
368,82.6379623413086,91,32512,0.0
369,54.15351867675781,60,32512,0.0
370,122.66993713378906,129,33024,0.0
371,31.885950088500977,38,33280,0.0
372,87.7350845336914,97,33280,0.0
373,45.02820587158203,51,33280,0.0
374,123.1025161743164,130,33280,0.0
375,61.6077880859375,68,33536,0.0
376,59.620521545410156,66,33536,0.0
377,56.818546295166016,63,33536,0.0
378,63.910003662109375,70,33792,0.0
379,31.09686851501465,37,33792,0.0
380,125.30918884277344,132,33792,0.0
381,47.74844741821289,54,33792,0.0
382,51.09197235107422,57,33792,0.0
383,68.900634765625,75,34048,0.0
384,80.6462173461914,87,34048,0.0
385,38.730918884277344,45,34048,0.0
386,82.70779418945312,89,34304,0.0
387,82.65625,91,34560,0.0
388,68.66093444824219,75,34560,0.0
389,53.14704895019531,60,34816,0.0
390,94.44450378417969,101,34816,0.0
391,47.81032943725586,54,34816,0.0
392,41.90579605102539,48,34816,0.0
393,25.858604431152344,32,35072,0.0
394,130.0368194580078,137,35072,0.0
395,37.675357818603516,44,35072,0.0
396,53.689231872558594,60,35072,0.0
397,41.720542907714844,48,35072,0.0
398,81.51272583007812,88,35584,0.0
399,97.07720184326172,103,35584,0.0
400,87.87836456298828,94,35584,0.0
401,67.59867095947266,74,35584,0.0
402,32.874969482421875,39,35840,0.0
403,84.22277069091797,91,36096,0.0
404,74.05785369873047,84,36352,0.0
405,26.176301956176758,32,36352,0.0
406,90.45111846923828,97,36352,0.0
407,82.53950500488281,92,36608,0.0
408,74.9530258178711,81,36608,0.0
409,98.54402160644531,108,36608,0.0
410,28.87042236328125,35,36864,0.0
411,76.53811645507812,83,36864,0.0
412,137.62673950195312,144,36864,0.0
413,73.83007049560547,80,37120,0.0
414,37.889095306396484,44,37120,0.0
415,32.795677185058594,39,37120,0.0
416,27.726566314697266,34,37632,0.0
417,96.72245025634766,103,37632,0.0
418,54.81483459472656,61,37632,0.0
419,43.945457458496094,50,37632,0.0
420,67.17404174804688,73,37632,0.0
421,50.2951545715332,56,38144,0.0
422,87.013427734375,97,38144,0.0
423,111.69969177246094,118,38144,0.0
424,89.71961212158203,99,38144,0.0
425,108.71958923339844,115,38400,0.0
426,79.68377685546875,89,38400,0.0
427,22.220712661743164,28,38400,0.0
428,145.79615783691406,152,38912,0.0
429,41.803321838378906,48,38912,0.0
430,66.7371826171875,73,38912,0.0
431,41.73956298828125,48,38912,0.0
432,45.99421310424805,52,39168,0.0
433,119.81702423095703,126,39168,0.0
434,34.69015121459961,41,39424,0.0
435,49.7236213684082,56,39424,0.0
436,74.29805755615234,85,39680,0.0
437,77.13546752929688,84,39680,0.0
438,105.28218841552734,115,39680,0.0
439,60.5868034362793,67,39936,0.0
440,66.9662094116211,73,39936,0.0
441,60.03821563720703,66,39936,0.0
442,34.59431076049805,41,40192,0.0
443,106.94920349121094,113,40192,0.0
444,78.76786804199219,85,40192,0.0
445,45.920005798339844,52,40192,0.0
446,39.582176208496094,46,40192,0.0
447,38.06271743774414,44,40192,0.0
448,72.77774810791016,79,40192,0.0
449,58.81654739379883,65,40448,0.0
450,90.96385192871094,97,40704,0.0
451,125.32807159423828,131,40704,0.0
452,126.77855682373047,133,40704,0.0
453,105.27349090576172,112,40704,0.0
454,79.40251159667969,86,40960,0.0
455,58.60009002685547,65,40960,0.0
456,30.200332641601562,36,40960,0.0
457,116.6088638305664,126,40960,0.0
458,153.70700073242188,160,40960,0.0
459,113.81214904785156,124,41216,0.0
460,70.8846664428711,77,41216,0.0
461,154.54774475097656,161,41216,0.0
462,87.76638793945312,94,41472,0.0
463,47.6657829284668,54,41472,0.0
464,73.72030639648438,80,41472,0.0
465,84.57926940917969,91,41472,0.0
466,31.126296997070312,37,41472,0.0
467,54.06288146972656,60,41472,0.0
468,100.23580169677734,107,41728,0.0
469,61.30927658081055,68,41728,0.0
470,49.59763717651367,56,41984,0.0
471,118.93517303466797,129,41984,0.0
472,32.1363410949707,38,41984,0.0
473,158.73818969726562,165,42240,0.0
474,64.00031280517578,71,42240,0.0
475,73.79447174072266,80,42240,0.0
476,73.15948486328125,79,42240,0.0
477,117.78987884521484,124,42240,0.0
478,96.10643005371094,102,42496,0.0
479,25.013978958129883,31,42752,0.0
480,48.41828155517578,55,42752,0.0
481,42.84068298339844,49,42752,0.0
482,53.07890701293945,59,42752,0.0
483,51.267086029052734,57,42752,0.0
484,29.383750915527344,35,42752,0.0
485,69.83073425292969,76,42752,0.0
486,95.21456146240234,101,43008,0.0
487,42.31258773803711,49,43008,0.0
488,100.77171325683594,107,43264,0.0
489,119.89837646484375,126,43264,0.0
490,34.37727355957031,40,43264,0.0
491,119.4522476196289,130,43264,0.0
492,124.91236114501953,131,43264,0.0
493,163.4261474609375,170,43520,0.0
494,41.25682830810547,47,43520,0.0
495,108.00879669189453,114,43520,0.0
496,31.29434585571289,37,43520,0.0
497,34.06791305541992,40,43520,0.0
498,43.976497650146484,50,43520,0.0
499,44.8644905090332,51,43520,0.0
500,163.7547607421875,170,43520,0.0
501,49.935062408447266,56,43776,0.0
502,55.218711853027344,61,43776,0.0
503,47.724830627441406,54,43776,0.0
504,165.29415893554688,171,43776,0.0
505,77.74903106689453,84,44032,0.0
506,62.269248962402344,68,44032,0.0
507,112.52064514160156,123,44288,0.0
508,135.8948974609375,142,44288,0.0
509,79.93541717529297,86,44544,0.0
510,125.897216796875,132,44544,0.0
511,35.90398406982422,42,44544,0.0
512,88.52394104003906,99,44544,0.0
513,64.7967529296875,70,44800,0.0
514,134.50717163085938,140,44800,0.0
515,43.44820022583008,49,44800,0.0
516,137.98150634765625,144,45056,0.0
517,134.6824951171875,141,45056,0.0
518,51.033138275146484,58,45056,0.0
519,80.06969451904297,86,45056,0.0
520,84.79596710205078,91,45056,0.0
521,139.17625427246094,145,45056,0.0
522,82.36437225341797,88,45312,0.0
523,58.88064193725586,65,45312,0.0
524,97.41091918945312,103,45312,0.0
525,30.360530853271484,36,45312,0.0
526,72.10234069824219,78,45568,0.0
527,22.338645935058594,28,45568,0.0
528,135.3154754638672,141,45568,0.0
529,34.000308990478516,40,45824,0.0
530,70.96915435791016,77,45824,0.0
531,173.13401794433594,179,45824,0.0
532,31.652015686035156,37,46080,0.0
533,59.41387939453125,65,46080,0.0
534,76.24058532714844,82,46080,0.0
535,57.80723190307617,64,46080,0.0
536,49.353660583496094,55,46080,0.0
537,57.09620666503906,63,46336,0.0
538,38.34206771850586,44,46336,0.0
539,88.41486358642578,94,46336,0.0
540,16.839200973510742,22,46336,0.0
541,139.31668090820312,145,46336,0.0
542,56.5948371887207,62,46592,0.0
543,45.98493194580078,52,46592,0.0
544,51.67353439331055,57,46592,0.0
545,96.04869842529297,102,46592,0.0
546,138.8342742919922,149,46592,0.0
547,82.4328842163086,88,46848,0.0
548,30.88970947265625,36,46848,0.0
549,87.06741333007812,93,46848,0.0
550,148.25599670410156,154,46848,0.0
551,42.11880874633789,48,47104,0.0
552,84.29059600830078,90,47104,0.0
553,36.15087127685547,42,47104,0.0
554,97.16966247558594,103,47104,0.0
555,70.07435607910156,76,47104,0.0
556,33.38386535644531,39,47104,0.0
557,43.4698371887207,49,47360,0.0
558,46.96459197998047,53,47360,0.0
559,132.37176513671875,143,47360,0.0
560,75.23977661132812,81,47360,0.0
561,70.6588363647461,76,47360,0.0
562,59.728515625,66,47360,0.0
563,102.52792358398438,108,47360,0.0
564,30.015663146972656,36,47360,0.0
565,45.42322540283203,51,47360,0.0
566,64.61428833007812,70,47616,0.0
567,103.19874572753906,109,47616,0.0
568,23.520816802978516,29,47616,0.0
569,19.735864639282227,25,47616,0.0
570,31.48105239868164,37,47616,0.0
571,21.64772605895996,27,47872,0.0
572,53.833152770996094,60,47872,0.0
573,44.47520446777344,50,47872,0.0
574,102.58377838134766,108,47872,0.0
575,112.51386260986328,118,47872,0.0
576,77.48461151123047,83,47872,0.0
577,129.69166564941406,136,47872,0.0
578,67.79702758789062,73,47872,0.0
579,44.22170639038086,50,47872,0.0
580,50.865821838378906,57,48128,0.0
581,74.6230239868164,80,48128,0.0
582,134.19058227539062,140,48128,0.0
583,70.29823303222656,76,48128,0.0
584,140.30841064453125,146,48128,0.0
585,38.5965690612793,44,48128,0.0
586,63.871421813964844,70,48384,0.0
587,65.59063720703125,71,48384,0.0
588,85.2805404663086,91,48384,0.0
589,158.26107788085938,164,48384,0.0
590,50.79936981201172,56,48384,0.0
591,63.51910400390625,69,48640,0.0
592,25.15880584716797,31,48640,0.0
593,31.32678985595703,37,48640,0.0
594,24.553434371948242,30,48640,0.0
595,31.80735206604004,37,48640,0.0
596,73.30599975585938,79,48640,0.0
597,33.42869567871094,39,48896,0.0
598,73.52300262451172,79,48896,0.0
599,53.532737731933594,59,48896,0.0
600,68.56037139892578,74,48896,0.0
601,64.80897521972656,70,49152,0.0
602,30.767236709594727,36,49152,0.0
603,55.649818420410156,61,49152,0.0
604,88.13494873046875,94,49152,0.0
605,45.22932815551758,51,49408,0.0
606,90.90534973144531,97,49408,0.0
607,25.312259674072266,31,49408,0.0
608,114.75308990478516,121,49408,0.0
609,79.63510131835938,85,49408,0.0
610,67.4658432006836,73,49408,0.0
611,97.27156066894531,103,49664,0.0
612,118.2481918334961,124,49664,0.0
613,187.96722412109375,194,49664,0.0
614,38.28645706176758,44,49664,0.0
615,46.52176284790039,52,49664,0.0
616,51.39324188232422,57,49664,0.0
617,26.705974578857422,32,49664,0.0
618,74.50041961669922,80,49664,0.0
619,101.55909729003906,108,49664,0.0
620,34.04717254638672,40,49664,0.0
621,159.24240112304688,165,49920,0.0
622,72.6603775024414,78,49920,0.0
623,112.27286529541016,118,49920,0.0
624,26.38873291015625,32,49920,0.0
625,66.740234375,72,49920,0.0
626,67.81687927246094,73,49920,0.0
627,18.85205078125,24,49920,0.0
628,109.0080795288086,115,49920,0.0
629,52.01784896850586,57,50176,0.0
630,30.781423568725586,36,50176,0.0
631,73.38307189941406,79,50176,0.0
632,83.31962585449219,89,50176,0.0
633,131.7037811279297,138,50176,0.0
634,82.19667053222656,88,50176,0.0
635,32.96161651611328,38,50432,0.0
636,115.54548645019531,122,50432,0.0
637,82.41155242919922,88,50432,0.0
638,98.58671569824219,105,50432,0.0
639,77.63761138916016,83,50432,0.0
640,15.905068397521973,21,50432,0.0
641,61.64101791381836,67,50432,0.0
642,115.50617218017578,127,50432,0.0
643,66.60755920410156,72,50432,0.0
644,34.930545806884766,40,50432,0.0
645,77.27076721191406,83,50688,0.0
646,23.717947006225586,29,50688,0.0
647,53.72252655029297,59,50688,0.0
648,141.3075408935547,147,50688,0.0
649,65.76847839355469,71,50688,0.0
650,79.45670318603516,85,50688,0.0
651,95.04464721679688,101,50688,0.0
652,50.11222839355469,55,50688,0.0
653,91.47500610351562,98,50944,0.0
654,17.8217716217041,23,50944,0.0
655,33.995059967041016,39,50944,0.0
656,119.60111999511719,131,50944,0.0
657,46.67501449584961,52,50944,0.0
658,29.61043930053711,35,50944,0.0
659,24.10584259033203,29,50944,0.0
660,31.847204208374023,37,50944,0.0
661,29.99132537841797,35,50944,0.0
662,94.88392639160156,101,50944,0.0
663,54.849578857421875,60,50944,0.0
664,25.685100555419922,31,50944,0.0
665,20.612720489501953,26,51200,0.0
666,63.412261962890625,69,51200,0.0
667,90.92901611328125,97,51200,0.0
668,62.80210876464844,68,51200,0.0
669,48.02024459838867,53,51200,0.0
670,102.47418212890625,109,51200,0.0
671,29.725610733032227,35,51200,0.0
672,119.62654876708984,126,51200,0.0
673,26.068584442138672,31,51200,0.0
674,42.86946105957031,48,51200,0.0
675,23.574304580688477,29,51200,0.0
676,41.997066497802734,48,51200,0.0
677,94.95355224609375,101,51456,0.0
678,71.7634048461914,77,51456,0.0
679,102.66535949707031,109,51456,0.0
680,25.890695571899414,31,51456,0.0
681,60.83013916015625,66,51456,0.0
682,85.1372299194336,91,51456,0.0
683,77.41276550292969,83,51456,0.0
684,51.050594329833984,56,51456,0.0
685,62.829627990722656,68,51456,0.0
686,80.0743408203125,86,51456,0.0
687,61.78334045410156,67,51712,0.0
688,31.437118530273438,37,51712,0.0
689,195.7489471435547,202,51712,0.0
690,39.471702575683594,45,51712,0.0
691,41.63294219970703,47,51712,0.0
692,22.723812103271484,28,51712,0.0
693,56.84086227416992,62,51712,0.0
694,21.894363403320312,27,51712,0.0
695,152.69277954101562,163,51712,0.0
696,52.96733474731445,58,51968,0.0
697,33.75486373901367,39,51968,0.0
698,140.55465698242188,147,51968,0.0
699,18.300371170043945,23,51968,0.0
700,67.74784851074219,73,51968,0.0
701,84.61555480957031,90,51968,0.0
702,51.18356704711914,56,51968,0.0
703,24.764968872070312,30,51968,0.0
704,196.86500549316406,203,51968,0.0
705,108.08584594726562,114,51968,0.0
706,107.10601806640625,114,51968,0.0
707,146.87503051757812,153,52224,0.0
708,21.95953369140625,27,52224,0.0
709,22.769588470458984,28,52224,0.0
710,19.12263298034668,24,52224,0.0
711,35.505157470703125,41,52224,0.0
712,32.69219207763672,38,52480,0.0
713,39.8698844909668,45,52480,0.0
714,43.009117126464844,48,52480,0.0
715,18.93569564819336,24,52480,0.0
716,22.008342742919922,27,52480,0.0
717,18.214468002319336,23,52480,0.0
718,115.96338653564453,123,52480,0.0
719,27.73833656311035,33,52480,0.0
720,23.98297119140625,29,52736,0.0
721,30.548873901367188,36,52736,0.0
722,34.1688117980957,39,52736,0.0
723,124.04790496826172,132,52736,0.0
724,39.792850494384766,45,52736,0.0
725,34.132293701171875,39,52736,0.0
726,54.02186584472656,59,52736,0.0
727,32.15238952636719,37,52992,0.0
728,32.91935729980469,38,52992,0.0
729,19.029340744018555,24,52992,0.0
730,50.02429962158203,55,52992,0.0
731,17.95940399169922,23,53248,0.0
732,38.07566833496094,43,53248,0.0
733,19.039823532104492,24,53248,0.0
734,15.287771224975586,20,53248,0.0
735,17.830856323242188,23,53248,0.0
736,46.96312713623047,52,53248,0.0
737,21.558664321899414,27,53248,0.0
738,14.173284530639648,19,53248,0.0
739,18.726408004760742,24,53248,0.0
740,18.995384216308594,24,53504,0.0
741,53.86734390258789,59,53504,0.0
742,35.32821273803711,40,53504,0.0
743,30.172815322875977,35,53504,0.0
744,67.61843872070312,73,53504,0.0
745,29.157611846923828,34,53504,0.0
746,18.092731475830078,23,53504,0.0
747,49.07509994506836,54,53504,0.0
748,138.82363891601562,146,53760,0.0
749,42.89219284057617,48,53760,0.0
750,43.258567810058594,48,53760,0.0
751,60.71943664550781,66,53760,0.0
752,61.67618942260742,67,53760,0.0
753,18.989704132080078,24,53760,0.0
754,51.162437438964844,56,54016,0.0
755,23.95333480834961,29,54016,0.0
756,34.96122741699219,40,54016,0.0
757,25.789474487304688,31,54016,0.0
758,56.83414840698242,62,54016,0.0
759,68.45664978027344,74,54016,0.0
760,21.119565963745117,26,54016,0.0
761,61.697959899902344,67,54016,0.0
762,30.236047744750977,35,54016,0.0
763,26.724891662597656,32,54016,0.0
764,52.73944854736328,58,54272,0.0
765,40.190528869628906,45,54272,0.0
766,15.394161224365234,20,54272,0.0
767,40.14954376220703,45,54272,0.0
768,50.89865493774414,56,54272,0.0
769,19.23479652404785,24,54272,0.0
770,40.95846939086914,46,54272,0.0
771,44.5987434387207,50,54272,0.0
772,29.29717254638672,34,54272,0.0
773,15.081714630126953,20,54272,0.0
774,29.93712043762207,35,54528,0.0
775,47.148475646972656,52,54528,0.0
776,25.307907104492188,30,54784,0.0
777,207.4673309326172,214,54784,0.0
778,19.336376190185547,24,54784,0.0
779,18.261276245117188,23,54784,0.0
780,30.22172737121582,35,54784,0.0
781,59.633182525634766,65,54784,0.0
782,51.711769104003906,57,54784,0.0
783,23.11469268798828,28,55040,0.0
784,23.96344757080078,29,55040,0.0
785,28.354354858398438,33,55040,0.0
786,17.01988410949707,22,55040,0.0
787,22.949569702148438,28,55040,0.0
788,30.470800399780273,35,55040,0.0
789,26.068397521972656,31,55040,0.0
790,15.144355773925781,20,55040,0.0
791,53.110660552978516,58,55040,0.0
792,40.343448638916016,45,55040,0.0
793,53.57234573364258,59,55296,0.0
794,35.27375793457031,40,55296,0.0
795,19.962451934814453,25,55296,0.0
796,17.307422637939453,22,55296,0.0
797,22.41888999938965,27,55296,0.0
798,30.171173095703125,35,55296,0.0
799,51.861759185791016,57,55296,0.0
800,40.87054443359375,46,55296,0.0
801,52.735755920410156,58,55296,0.0
802,17.047372817993164,22,55296,0.0
803,17.198007583618164,22,55296,0.0
804,24.153575897216797,29,55296,0.0
805,38.310569763183594,43,55552,0.0
806,16.115297317504883,21,55552,0.0
807,41.19881820678711,46,55552,0.0
808,31.489097595214844,36,55552,0.0
809,16.369598388671875,21,55552,0.0
810,16.080806732177734,21,55552,0.0
811,43.02827453613281,48,55808,0.0
812,18.05887222290039,23,55808,0.0
813,31.446149826049805,36,55808,0.0
814,46.02146911621094,51,55808,0.0
815,37.89677810668945,43,55808,0.0
816,45.04726028442383,50,55808,0.0
817,16.179170608520508,21,56064,0.0
818,43.90945053100586,49,56064,0.0
819,21.169902801513672,26,56064,0.0
820,48.91272735595703,54,56064,0.0
821,17.093839645385742,22,56064,0.0
822,15.086555480957031,20,56064,0.0
823,16.271657943725586,21,56320,0.0
824,15.122061729431152,20,56320,0.0
825,18.16374969482422,23,56320,0.0
826,49.89228820800781,55,56320,0.0
827,15.256370544433594,20,56320,0.0
828,28.12092399597168,33,56320,0.0
829,21.218101501464844,26,56320,0.0
830,48.00787353515625,53,56320,0.0
831,27.832202911376953,33,56320,0.0
832,17.45277976989746,22,56320,0.0
833,30.286951065063477,35,56320,0.0
834,31.069499969482422,36,56320,0.0
835,38.20042419433594,43,56320,0.0
836,27.82364845275879,33,56320,0.0
837,18.831878662109375,24,56576,0.0
838,33.206214904785156,38,56576,0.0
839,22.20624542236328,27,56576,0.0
840,20.51572036743164,26,56576,0.0
841,19.05886459350586,24,56576,0.0
842,17.022565841674805,22,56832,0.0
843,19.069873809814453,24,56832,0.0
844,47.81702423095703,53,56832,0.0
845,19.159399032592773,24,56832,0.0
846,24.101295471191406,29,56832,0.0
847,17.850847244262695,23,57088,0.0
848,13.309930801391602,18,57088,0.0
849,18.072940826416016,23,57088,0.0
850,35.43077850341797,40,57088,0.0
851,30.321640014648438,35,57088,0.0
852,15.256368637084961,20,57088,0.0
853,29.026254653930664,34,57088,0.0
854,24.454246520996094,29,57088,0.0
855,16.09994888305664,21,57088,0.0
856,30.244848251342773,35,57088,0.0
857,15.157686233520508,20,57344,0.0
858,15.206172943115234,20,57344,0.0
859,18.93840789794922,24,57344,0.0
860,16.96066665649414,22,57344,0.0
861,34.11917495727539,39,57344,0.0
862,39.29759979248047,44,57344,0.0
863,46.916080474853516,52,57344,0.0
864,23.0863094329834,28,57344,0.0
865,25.276336669921875,30,57344,0.0
866,43.095829010009766,48,57600,0.0
867,28.072471618652344,33,57600,0.0
868,29.236709594726562,34,57600,0.0
869,21.822635650634766,27,57600,0.0
870,17.22859764099121,22,57600,0.0
871,25.434005737304688,30,57856,0.0
872,36.126243591308594,41,57856,0.0
873,32.17887878417969,37,57856,0.0
874,21.285602569580078,26,57856,0.0
875,48.01525115966797,53,57856,0.0
876,28.351455688476562,33,57856,0.0
877,22.927101135253906,28,58112,0.0
878,39.031978607177734,44,58112,0.0
879,30.03849983215332,35,58112,0.0
880,23.094970703125,28,58112,0.0
881,15.213113784790039,20,58112,0.0
882,40.981388092041016,46,58368,0.0
883,46.97222900390625,52,58368,0.0
884,27.85993003845215,33,58368,0.0
885,43.89269256591797,49,58368,0.0
886,38.23047637939453,43,58368,0.0
887,42.13692855834961,47,58368,0.0
888,37.23060989379883,42,58368,0.0
889,21.041919708251953,26,58368,0.0
890,14.284727096557617,19,58624,0.0
891,20.779178619384766,26,58624,0.0
892,34.988338470458984,40,58624,0.0
893,33.925048828125,39,58624,0.0
894,39.13977813720703,44,58624,0.0
895,25.283849716186523,30,58624,0.0
896,26.90326499938965,32,58880,0.0
897,22.884334564208984,28,58880,0.0
898,35.324432373046875,40,58880,0.0
899,38.194976806640625,43,58880,0.0
900,31.4151611328125,36,59136,0.0
901,42.14177322387695,47,59136,0.0
902,26.232995986938477,31,59136,0.0
903,20.237957000732422,25,59136,0.0
904,38.89345169067383,44,59136,0.0
905,20.887989044189453,26,59392,0.0
906,224.51455688476562,232,59392,0.0
907,20.002159118652344,25,59392,0.0
908,28.38917350769043,33,59392,0.0
909,35.98193359375,41,59392,0.0
910,16.160202026367188,21,59392,0.0
911,27.353214263916016,32,59392,0.0
912,21.99299430847168,27,59392,0.0
913,40.16790008544922,45,59648,0.0
914,27.339635848999023,32,59648,0.0
915,24.304018020629883,29,59648,0.0
916,24.254379272460938,29,59648,0.0
917,17.872095108032227,23,59648,0.0
918,28.00104331970215,33,59648,0.0
919,22.049402236938477,27,59648,0.0
920,19.071033477783203,24,59648,0.0
921,21.08690643310547,26,59904,0.0
922,35.25305938720703,40,59904,0.0
923,26.903919219970703,32,59904,0.0
924,26.2664852142334,31,59904,0.0
925,17.868913650512695,23,59904,0.0
926,27.131694793701172,32,59904,0.0
927,28.203197479248047,33,59904,0.0
928,14.111184120178223,19,60160,0.0
929,18.015159606933594,23,60160,0.0
930,43.99630355834961,49,60160,0.0
931,18.076454162597656,23,60160,0.0
932,42.97918701171875,48,60160,0.0
933,31.986038208007812,37,60160,0.0
934,19.085002899169922,24,60416,0.0
935,28.180397033691406,33,60416,0.0
936,37.984100341796875,43,60416,0.0
937,23.06588363647461,28,60416,0.0
938,22.696002960205078,28,60416,0.0
939,35.85649490356445,41,60416,0.0
940,15.996621131896973,21,60416,0.0
941,34.06815719604492,39,60416,0.0
942,29.107921600341797,34,60416,0.0
943,15.025903701782227,20,60672,0.0
944,32.313682556152344,37,60672,0.0
945,41.970184326171875,47,60672,0.0
946,32.141937255859375,37,60672,0.0
947,23.604068756103516,29,60672,0.0
948,41.789058685302734,47,60672,0.0
949,39.00505828857422,44,60928,0.0
950,30.36684799194336,36,60928,0.0
951,34.207489013671875,39,60928,0.0
952,40.074012756347656,45,60928,0.0
953,17.254276275634766,22,60928,0.0
954,30.29155158996582,36,61184,0.0
955,45.630802154541016,51,61184,0.0
956,30.845317840576172,36,61184,0.0
957,28.70966148376465,34,61184,0.0
958,33.18023681640625,38,61184,0.0
959,44.69316482543945,50,61440,0.0
960,34.100765228271484,39,61440,0.0
961,33.77021789550781,39,61440,0.0
962,31.051916122436523,36,61440,0.0
963,37.15785598754883,42,61440,0.0
964,32.02013397216797,37,61440,0.0
965,23.90117645263672,29,61440,0.0
966,17.224985122680664,22,61440,0.0
967,35.85100173950195,41,61440,0.0
968,26.964900970458984,32,61696,0.0
969,17.640045166015625,23,61696,0.0
970,41.76933670043945,47,61696,0.0
971,41.04696273803711,46,61696,0.0
972,39.43550109863281,45,61696,0.0
973,38.84718322753906,44,61696,0.0
974,29.010534286499023,34,61696,0.0
975,27.920278549194336,33,61696,0.0
976,26.958471298217773,32,61952,0.0
977,198.23704528808594,206,61952,0.0
978,37.95695114135742,43,61952,0.0
979,17.83924674987793,23,62208,0.0
980,35.00179672241211,40,62208,0.0
981,35.89616775512695,41,62208,0.0
982,26.873340606689453,32,62208,0.0
983,26.151405334472656,31,62208,0.0
984,39.06703567504883,44,62208,0.0
985,21.59829330444336,27,62208,0.0
986,24.98619270324707,30,62208,0.0
987,40.79789733886719,46,62208,0.0
988,36.960567474365234,42,62208,0.0
989,19.81468391418457,25,62208,0.0
990,23.51068878173828,29,62208,0.0
991,29.97182273864746,35,62464,0.0
992,15.959970474243164,21,62464,0.0
993,27.841690063476562,33,62464,0.0
994,30.955320358276367,36,62464,0.0
995,30.110340118408203,35,62464,0.0
996,23.75300407409668,29,62464,0.0
997,32.905494689941406,38,62464,0.0
998,43.750389099121094,49,62464,0.0
999,42.75962448120117,48,62720,0.0
1000,26.529909133911133,32,62720,0.0
1001,20.685110092163086,26,62720,0.0
1002,30.705739974975586,36,62720,0.0
1003,40.746971130371094,46,62720,0.0
1004,38.96925735473633,44,62720,0.0
1005,32.809112548828125,38,62720,0.0
1006,16.865314483642578,22,62720,0.0
1007,16.04122543334961,21,62720,0.0
1008,41.607887268066406,47,62976,0.0
1009,20.794769287109375,26,62976,0.0
1010,21.56481170654297,27,62976,0.0
1011,37.75041961669922,43,62976,0.0
1012,32.921539306640625,38,62976,0.0
1013,36.08021545410156,41,62976,0.0
1014,25.61957359313965,31,63232,0.0
1015,18.663312911987305,24,63232,0.0
1016,29.0789852142334,35,63232,0.0
1017,30.490217208862305,36,63232,0.0
1018,24.81313133239746,30,63232,0.0
1019,20.676729202270508,26,63232,0.0
1020,32.106849670410156,38,63488,0.0
1021,41.794029235839844,47,63488,0.0
1022,27.82476806640625,33,63488,0.0
1023,18.71285057067871,24,63488,0.0
1024,27.753276824951172,33,63488,0.0
1025,39.65577697753906,45,63488,0.0
1026,24.585407257080078,30,63744,0.0
1027,174.3624725341797,184,63744,0.0
1028,46.459686279296875,52,63744,0.0
1029,33.82216262817383,39,63744,0.0
1030,31.664339065551758,37,63744,0.0
1031,43.603118896484375,49,64000,0.0
1032,29.79677963256836,35,64000,0.0
1033,39.721534729003906,45,64000,0.0
1034,47.375274658203125,53,64000,0.0
1035,23.511152267456055,29,64256,0.0
1036,20.73418426513672,26,64256,0.0
1037,32.9131965637207,38,64512,0.0
1038,30.466510772705078,36,64512,0.0
1039,24.755685806274414,30,64512,0.0
1040,24.80178451538086,30,64768,0.0
1041,39.179466247558594,45,64768,0.0
1042,36.79943084716797,42,64768,0.0
1043,24.901206970214844,30,64768,0.0
1044,31.3843994140625,37,64768,0.0
1045,179.88519287109375,189,64768,0.0
1046,22.570524215698242,28,64768,0.0
1047,168.86769104003906,178,64768,0.0
1048,28.585247039794922,34,65024,0.0
1049,43.691959381103516,49,65024,0.0
1050,37.449546813964844,43,65024,0.0
1051,39.67095947265625,45,65024,0.0
1052,25.612804412841797,31,65024,0.0
1053,29.35803985595703,35,65280,0.0
1054,30.3677921295166,36,65280,0.0
1055,33.475059509277344,39,65280,0.0
1056,21.397865295410156,27,65536,0.0
1057,49.232452392578125,55,65536,0.0
1058,24.638042449951172,30,65536,0.0
1059,36.351436614990234,42,65536,0.0
1060,39.236507415771484,45,65536,0.0
1061,41.8580322265625,47,65536,0.0
1062,27.210481643676758,33,65792,0.0
1063,36.469600677490234,42,65792,0.0
1064,19.693771362304688,25,65792,0.0
1065,36.517757415771484,42,65792,0.0
1066,45.606056213378906,51,65792,0.0
1067,46.56580352783203,52,66048,0.0
1068,32.712162017822266,39,66048,0.0
1069,44.384193420410156,50,66048,0.0
1070,43.79630661010742,49,66048,0.0
1071,36.533748626708984,42,66048,0.0
1072,38.22092056274414,44,66048,0.0
1073,47.37899398803711,53,66048,0.0
1074,21.7729549407959,27,66304,0.0
1075,25.65236473083496,31,66304,0.0
1076,38.879547119140625,45,66560,0.0
1077,42.57530212402344,48,66560,0.0
1078,48.19502639770508,54,66560,0.0
1079,49.172821044921875,55,66560,0.0
1080,35.21211624145508,41,66816,0.0
1081,35.438873291015625,41,66816,0.0
1082,32.91529846191406,38,66816,0.0
1083,45.45818328857422,51,66816,0.0
1084,38.48674011230469,44,66816,0.0
1085,29.293184280395508,35,67072,0.0
1086,44.47554397583008,50,67072,0.0
1087,22.483652114868164,28,67072,0.0
1088,30.44407844543457,36,67072,0.0
1089,23.070903778076172,29,67072,0.0
1090,19.696298599243164,25,67328,0.0
1091,23.710369110107422,29,67328,0.0
1092,46.54438781738281,52,67328,0.0
1093,27.20779037475586,33,67328,0.0
1094,32.277488708496094,38,67328,0.0
1095,30.710046768188477,36,67584,0.0
1096,25.749290466308594,31,67584,0.0
1097,44.648529052734375,50,67584,0.0
1098,19.62632942199707,25,67584,0.0
1099,28.55325698852539,34,67584,0.0
1100,28.643861770629883,34,67584,0.0
1101,31.113544464111328,37,67584,0.0
1102,25.34221076965332,31,67584,0.0
1103,36.5775260925293,42,67584,0.0
1104,42.816856384277344,48,67584,0.0
1105,25.059001922607422,31,67840,0.0
1106,44.386985778808594,50,67840,0.0
1107,42.612342834472656,48,67840,0.0
1108,38.822837829589844,44,67840,0.0
1109,43.61917495727539,49,67840,0.0
1110,40.48927307128906,46,67840,0.0
1111,45.60190963745117,51,68096,0.0
1112,35.902565002441406,41,68096,0.0
1113,21.24985122680664,27,68096,0.0
1114,48.35721206665039,54,68096,0.0
1115,33.904754638671875,40,68096,0.0
1116,46.29081344604492,52,68096,0.0
1117,27.730884552001953,33,68096,0.0
1118,43.62964630126953,49,68096,0.0
1119,47.40009307861328,53,68352,0.0
1120,34.705318450927734,41,68352,0.0
1121,49.01080322265625,55,68352,0.0
1122,32.7629280090332,38,68352,0.0
1123,30.40090560913086,36,68352,0.0
1124,21.651437759399414,27,68608,0.0
1125,23.997360229492188,30,68608,0.0
1126,38.570709228515625,44,68608,0.0
1127,21.531694412231445,27,68608,0.0
1128,44.27614974975586,50,68608,0.0
1129,18.79759979248047,24,68608,0.0
1130,46.2823600769043,52,68608,0.0
1131,25.39756202697754,31,68608,0.0
1132,41.437801361083984,47,68608,0.0
1133,42.663692474365234,48,68608,0.0
1134,16.841947555541992,22,68864,0.0
1135,39.25910186767578,45,68864,0.0
1136,28.517141342163086,34,68864,0.0
1137,45.729183197021484,51,68864,0.0
1138,34.77593231201172,41,68864,0.0
1139,43.332454681396484,49,68864,0.0
1140,36.49240493774414,42,69120,0.0
1141,24.710336685180664,30,69120,0.0
1142,44.78982162475586,50,69120,0.0
1143,21.61634063720703,27,69120,0.0
1144,40.72189712524414,46,69120,0.0
1145,42.41804122924805,49,69120,0.0
1146,23.31710433959961,29,69120,0.0
1147,40.78009796142578,46,69120,0.0
1148,48.281192779541016,54,69120,0.0
1149,43.54068374633789,49,69376,0.0
1150,28.27999496459961,34,69376,0.0
1151,28.843923568725586,35,69376,0.0
1152,45.48193359375,51,69376,0.0
1153,47.63212203979492,53,69376,0.0
1154,37.29023361206055,43,69376,0.0
1155,45.62654113769531,51,69376,0.0
1156,46.461082458496094,52,69632,0.0
1157,28.475269317626953,34,69632,0.0
1158,21.58675193786621,27,69632,0.0
1159,40.80810546875,46,69632,0.0
1160,39.505611419677734,45,69632,0.0
1161,26.48284912109375,32,69632,0.0
1162,49.36922836303711,55,69632,0.0
1163,30.60985565185547,36,69632,0.0
1164,24.656211853027344,30,69888,0.0
1165,19.628149032592773,25,69888,0.0
1166,39.45766067504883,45,69888,0.0
1167,37.50808334350586,43,69888,0.0
1168,27.630571365356445,33,69888,0.0
1169,47.2536735534668,53,69888,0.0
1170,40.64956283569336,46,69888,0.0
1171,30.897567749023438,36,69888,0.0
1172,42.051387786865234,48,69888,0.0
1173,41.41287612915039,47,70144,0.0
1174,28.215314865112305,34,70144,0.0
1175,16.02587127685547,21,70144,0.0
1176,23.400970458984375,29,70400,0.0
1177,32.539344787597656,38,70400,0.0
1178,36.51024627685547,42,70400,0.0
1179,49.359375,55,70400,0.0
1180,22.367462158203125,28,70400,0.0
1181,37.08685302734375,43,70400,0.0
1182,41.88478469848633,47,70400,0.0
1183,41.035030364990234,47,70400,0.0
1184,24.30759620666504,30,70656,0.0
1185,14.063264846801758,19,70656,0.0
1186,46.938819885253906,53,70656,0.0
1187,33.908905029296875,40,70656,0.0
1188,39.89805603027344,45,70656,0.0
1189,34.872249603271484,40,70656,0.0
1190,31.063987731933594,37,70656,0.0
1191,47.67876434326172,53,70656,0.0
1192,31.475711822509766,37,70912,0.0
1193,34.270301818847656,40,70912,0.0
1194,30.176836013793945,36,70912,0.0
1195,37.622657775878906,43,70912,0.0
1196,37.440425872802734,43,70912,0.0
1197,29.34481430053711,35,70912,0.0
1198,49.113826751708984,55,70912,0.0
1199,27.90737533569336,33,70912,0.0
1200,19.792869567871094,25,70912,0.0
1201,49.389976501464844,55,71168,0.0
1202,46.46426773071289,52,71168,0.0
1203,40.21601104736328,46,71168,0.0
1204,24.816734313964844,30,71168,0.0
1205,51.41080856323242,57,71168,0.0
1206,18.691383361816406,24,71168,0.0
1207,31.341068267822266,37,71168,0.0
1208,29.20477867126465,35,71168,0.0
1209,41.670658111572266,47,71168,0.0
1210,18.824350357055664,24,71168,0.0
1211,49.61088562011719,55,71424,0.0
1212,39.90008544921875,45,71424,0.0
1213,34.968326568603516,40,71424,0.0
1214,37.715675354003906,43,71424,0.0
1215,25.226205825805664,31,71680,0.0
1216,45.88114547729492,51,71680,0.0
1217,16.76643180847168,22,71680,0.0
1218,50.55388259887695,56,71680,0.0
1219,28.607282638549805,34,71936,0.0
1220,43.500755310058594,49,71936,0.0
1221,40.777496337890625,46,71936,0.0
1222,30.994916915893555,37,71936,0.0
1223,42.956295013427734,48,71936,0.0
1224,27.797605514526367,33,72192,0.0
1225,40.75993728637695,46,72192,0.0
1226,40.471622467041016,46,72192,0.0
1227,35.90992736816406,42,72192,0.0
1228,34.17658996582031,40,72192,0.0
1229,26.35699462890625,32,72192,0.0
1230,47.81448745727539,53,72192,0.0
1231,33.766231536865234,39,72448,0.0
1232,32.70431137084961,38,72448,0.0
1233,46.826168060302734,52,72448,0.0
1234,41.894287109375,47,72448,0.0
1235,31.031246185302734,36,72448,0.0
1236,34.85000228881836,40,72448,0.0
1237,45.80252456665039,51,72448,0.0
1238,18.936363220214844,24,72704,0.0
1239,44.874786376953125,50,72704,0.0
1240,47.48640441894531,53,72704,0.0
1241,28.820222854614258,34,72704,0.0
1242,46.52130889892578,52,72704,0.0
1243,35.45500564575195,41,72960,0.0
1244,30.89508819580078,36,72960,0.0
1245,23.689224243164062,29,72960,0.0
1246,47.447200775146484,53,72960,0.0
1247,44.63580322265625,50,72960,0.0
1248,40.779022216796875,46,72960,0.0
1249,19.267654418945312,24,72960,0.0
1250,26.702342987060547,32,72960,0.0
1251,46.59370422363281,52,72960,0.0
1252,38.9279899597168,44,72960,0.0
1253,28.76071548461914,34,72960,0.0
1254,23.447738647460938,29,72960,0.0
1255,28.57204246520996,34,73216,0.0
1256,28.53426742553711,34,73216,0.0
1257,51.37248611450195,57,73216,0.0
1258,23.702037811279297,29,73216,0.0
1259,51.64460754394531,57,73216,0.0
1260,34.6683349609375,40,73216,0.0
1261,47.70694351196289,53,73216,0.0
1262,29.253023147583008,34,73472,0.0
1263,42.1410026550293,47,73472,0.0
1264,41.78408432006836,47,73472,0.0
1265,21.761510848999023,27,73472,0.0
1266,36.87224578857422,42,73472,0.0
1267,17.81430435180664,23,73472,0.0
1268,33.773311614990234,40,73728,0.0
1269,27.96397590637207,33,73728,0.0
1270,47.555301666259766,53,73728,0.0
1271,37.15331268310547,42,73728,0.0
1272,29.729034423828125,35,73728,0.0
1273,37.338932037353516,43,73728,0.0
1274,22.791915893554688,28,73728,0.0
1275,37.802772521972656,43,73984,0.0
1276,43.80965042114258,49,73984,0.0
1277,18.65496253967285,24,73984,0.0
1278,27.690353393554688,33,73984,0.0
1279,20.011192321777344,25,73984,0.0
1280,48.597564697265625,54,73984,0.0
1281,40.91196060180664,46,73984,0.0
1282,36.06940841674805,41,74240,0.0
1283,21.74388885498047,27,74240,0.0
1284,36.263790130615234,42,74240,0.0
1285,18.825410842895508,24,74240,0.0
1286,22.607328414916992,28,74240,0.0
1287,23.9268798828125,29,74240,0.0
1288,44.005271911621094,49,74240,0.0
1289,50.39232635498047,56,74496,0.0
1290,41.06715774536133,46,74496,0.0
1291,17.896291732788086,23,74496,0.0
1292,14.16099739074707,19,74496,0.0
1293,38.3160285949707,43,74496,0.0
1294,36.0007438659668,41,74496,0.0
1295,48.89996337890625,54,74496,0.0
1296,42.049171447753906,47,74752,0.0
1297,43.78984832763672,49,74752,0.0
1298,44.79973602294922,50,74752,0.0
1299,43.942420959472656,49,74752,0.0
1300,43.63218307495117,49,74752,0.0
1301,36.98384094238281,42,74752,0.0
1302,45.128604888916016,51,74752,0.0
1303,28.96965217590332,34,74752,0.0
1304,43.455501556396484,49,74752,0.0
1305,15.201322555541992,20,74752,0.0
1306,41.94050979614258,47,74752,0.0
1307,50.4236946105957,56,74752,0.0
1308,43.417049407958984,49,75008,0.0
1309,49.604148864746094,55,75008,0.0
1310,44.71463394165039,50,75008,0.0
1311,49.48453903198242,55,75008,0.0
1312,43.72834777832031,49,75008,0.0
1313,13.164928436279297,18,75008,0.0
1314,33.84767150878906,39,75008,0.0
1315,19.202123641967773,24,75264,0.0
1316,45.839908599853516,51,75264,0.0
1317,45.5155143737793,51,75264,0.0
1318,34.809146881103516,40,75264,0.0
1319,44.98571014404297,50,75264,0.0
1320,15.124198913574219,20,75520,0.0
1321,20.848979949951172,26,75520,0.0
1322,22.685277938842773,28,75520,0.0
1323,43.84687042236328,49,75520,0.0
1324,19.123401641845703,24,75520,0.0
1325,17.06281089782715,22,75520,0.0
1326,44.91609191894531,50,75520,0.0
1327,34.97197723388672,40,75520,0.0
1328,27.233135223388672,32,75520,0.0
1329,36.86309814453125,42,75520,0.0
1330,34.22886276245117,39,75520,0.0
1331,31.7878475189209,37,75520,0.0
1332,15.182165145874023,20,75776,0.0
1333,32.77090835571289,38,75776,0.0
1334,26.323760986328125,31,75776,0.0
1335,21.56450843811035,27,75776,0.0
1336,41.67567825317383,47,75776,0.0
1337,26.261394500732422,31,75776,0.0
1338,18.761560440063477,24,75776,0.0
1339,43.05497360229492,48,75776,0.0
1340,43.79424285888672,49,75776,0.0
1341,45.84739685058594,51,75776,0.0
1342,39.96944808959961,45,75776,0.0
1343,32.767459869384766,38,75776,0.0
1344,38.018463134765625,43,75776,0.0
1345,27.717649459838867,33,76032,0.0
1346,15.16241455078125,20,76032,0.0
1347,20.73539924621582,26,76032,0.0
1348,20.946575164794922,26,76032,0.0
1349,14.980403900146484,20,76032,0.0
1350,27.134641647338867,32,76032,0.0
1351,21.958900451660156,27,76032,0.0
1352,44.51926803588867,50,76032,0.0
1353,28.199731826782227,34,76288,0.0
1354,35.61688995361328,41,76288,0.0
1355,33.9800910949707,39,76288,0.0
1356,31.292266845703125,36,76288,0.0
1357,31.064117431640625,36,76288,0.0
1358,19.057350158691406,24,76288,0.0
1359,23.185739517211914,28,76288,0.0
1360,29.850189208984375,35,76544,0.0
1361,25.420957565307617,31,76544,0.0
1362,15.139357566833496,20,76544,0.0
1363,26.871030807495117,32,76544,0.0
1364,25.888166427612305,31,76544,0.0
1365,26.926368713378906,32,76800,0.0
1366,30.922624588012695,36,76800,0.0
1367,40.52119064331055,46,76800,0.0
1368,41.92830276489258,47,76800,0.0
1369,32.220699310302734,37,76800,0.0
1370,14.273407936096191,19,77056,0.0
1371,35.821617126464844,41,77056,0.0
1372,19.269630432128906,24,77056,0.0
1373,30.640750885009766,36,77056,0.0
1374,40.73175811767578,46,77056,0.0
1375,20.03783416748047,25,77312,0.0
1376,14.456579208374023,19,77312,0.0
1377,15.104243278503418,20,77312,0.0
1378,34.21382522583008,39,77312,0.0
1379,38.12181091308594,43,77312,0.0
1380,23.146137237548828,28,77312,0.0
1381,43.878692626953125,49,77312,0.0
1382,19.773330688476562,25,77312,0.0
1383,30.974178314208984,36,77312,0.0
1384,24.149349212646484,29,77312,0.0
1385,39.037635803222656,44,77312,0.0
1386,39.86040496826172,45,77312,0.0
1387,29.395519256591797,34,77312,0.0
1388,35.97600555419922,41,77312,0.0
1389,34.1046257019043,39,77568,0.0
1390,15.082468032836914,20,77568,0.0
1391,30.746845245361328,36,77568,0.0
1392,41.66521072387695,47,77568,0.0
1393,22.23055076599121,27,77568,0.0
1394,33.84565353393555,39,77568,0.0
1395,20.147518157958984,25,77568,0.0
1396,20.42584228515625,25,77568,0.0
1397,33.168853759765625,38,77568,0.0
1398,35.065155029296875,40,77568,0.0
1399,19.171724319458008,24,77824,0.0
1400,19.77803611755371,25,77824,0.0
1401,27.33734893798828,32,77824,0.0
1402,41.64873504638672,47,77824,0.0
1403,25.2534236907959,30,78080,0.0
1404,26.722286224365234,32,78080,0.0
1405,39.01964569091797,44,78080,0.0
1406,27.88057518005371,33,78080,0.0
1407,41.87948226928711,47,78080,0.0
1408,27.209049224853516,32,78080,0.0
1409,28.371078491210938,33,78080,0.0
1410,20.130651473999023,25,78080,0.0
1411,16.11799430847168,21,78080,0.0
1412,34.32087707519531,39,78080,0.0
1413,21.918581008911133,27,78080,0.0
1414,33.384727478027344,39,78080,0.0
1415,44.409969329833984,50,78336,0.0
1416,35.33086013793945,40,78336,0.0
1417,16.265132904052734,21,78336,0.0
1418,33.19429397583008,38,78336,0.0
1419,14.128005981445312,19,78336,0.0
1420,37.97860336303711,43,78592,0.0
1421,36.22053527832031,41,78592,0.0
1422,33.186248779296875,38,78592,0.0
1423,32.125267028808594,37,78592,0.0
1424,28.218799591064453,33,78592,0.0
1425,15.085968017578125,20,78592,0.0
1426,34.935791015625,40,78592,0.0
1427,29.03487777709961,34,78592,0.0
1428,41.04559326171875,46,78592,0.0
1429,38.00226974487305,43,78592,0.0
1430,39.95469665527344,45,78592,0.0
1431,25.15157127380371,30,78848,0.0
1432,29.452571868896484,35,78848,0.0
1433,32.82215881347656,38,78848,0.0
1434,21.06277084350586,26,78848,0.0
1435,25.001140594482422,30,78848,0.0
1436,27.649606704711914,33,78848,0.0
1437,32.25297927856445,37,78848,0.0
1438,33.132896423339844,38,78848,0.0
1439,24.575916290283203,30,78848,0.0
1440,34.24939727783203,39,78848,0.0
1441,41.196781158447266,47,79104,0.0
1442,38.09364700317383,43,79104,0.0
1443,15.199166297912598,20,79104,0.0
1444,29.181079864501953,34,79104,0.0
1445,36.15781784057617,41,79104,0.0
1446,27.20692253112793,32,79104,0.0
1447,37.011573791503906,42,79104,0.0
1448,36.06950378417969,41,79360,0.0
1449,14.184661865234375,19,79360,0.0
1450,21.04887580871582,26,79360,0.0
1451,33.24130630493164,38,79360,0.0
1452,37.13634490966797,42,79360,0.0
1453,29.34246063232422,34,79360,0.0
1454,20.233224868774414,25,79360,0.0
1455,39.08625411987305,44,79360,0.0
1456,24.197282791137695,29,79360,0.0
1457,29.8005428314209,35,79360,0.0
1458,30.476118087768555,35,79616,0.0
1459,36.207759857177734,41,79616,0.0
1460,27.916156768798828,33,79616,0.0
1461,19.47314453125,24,79616,0.0
1462,38.046234130859375,43,79616,0.0
1463,29.320377349853516,34,79616,0.0
1464,36.19889831542969,41,79616,0.0
1465,21.103008270263672,26,79616,0.0
1466,16.264223098754883,21,79616,0.0
1467,13.22289752960205,18,79872,0.0
1468,20.106903076171875,25,79872,0.0
1469,31.24778938293457,36,79872,0.0
1470,22.51226806640625,27,79872,0.0
1471,30.933250427246094,36,79872,0.0
1472,35.17625427246094,40,79872,0.0
1473,33.933380126953125,39,79872,0.0
1474,31.945661544799805,37,79872,0.0
1475,34.281280517578125,39,79872,0.0
1476,16.062763214111328,21,79872,0.0
1477,31.09727668762207,36,79872,0.0
1478,16.282278060913086,21,80128,0.0
1479,31.90239715576172,37,80128,0.0
1480,23.212005615234375,28,80128,0.0
1481,19.127151489257812,24,80128,0.0
1482,40.85975646972656,46,80384,0.0
1483,21.319660186767578,26,80384,0.0
1484,28.292612075805664,33,80384,0.0
1485,19.176490783691406,24,80384,0.0
1486,13.300809860229492,18,80384,0.0
1487,28.196674346923828,33,80384,0.0
1488,31.044219970703125,36,80384,0.0
1489,19.287107467651367,24,80384,0.0
1490,27.357967376708984,32,80640,0.0
1491,40.86790084838867,46,80640,0.0
1492,22.175291061401367,27,80640,0.0
1493,39.10700988769531,44,80640,0.0
1494,39.9496955871582,45,80640,0.0
1495,38.9554328918457,44,80640,0.0
1496,14.167566299438477,19,80640,0.0
1497,27.331987380981445,32,80640,0.0
1498,18.0753173828125,23,80640,0.0
1499,30.30280876159668,35,80896,0.0
1500,30.176036834716797,35,80896,0.0
1501,39.85277557373047,45,80896,0.0
1502,33.77734375,39,80896,0.0
1503,24.77931022644043,30,80896,0.0
1504,16.40057373046875,21,80896,0.0
1505,35.95999526977539,41,80896,0.0
1506,18.244577407836914,23,80896,0.0
1507,18.97635269165039,24,80896,0.0
1508,27.47649383544922,32,80896,0.0
1509,37.72561264038086,43,80896,0.0
1510,24.89539909362793,30,80896,0.0
1511,32.319637298583984,37,81152,0.0
1512,33.18984603881836,38,81152,0.0
1513,35.20135498046875,40,81152,0.0
1514,16.022932052612305,21,81152,0.0
1515,26.320680618286133,31,81152,0.0
1516,32.382076263427734,37,81152,0.0
1517,18.116579055786133,23,81152,0.0
1518,16.280067443847656,21,81152,0.0
1519,23.226858139038086,28,81408,0.0
1520,24.479787826538086,29,81408,0.0
1521,25.241905212402344,30,81408,0.0
1522,17.362089157104492,22,81408,0.0
1523,14.422018051147461,19,81408,0.0
1524,25.30724334716797,30,81408,0.0
1525,31.063398361206055,36,81408,0.0
1526,19.038480758666992,24,81408,0.0
1527,18.135948181152344,23,81408,0.0
1528,35.142234802246094,40,81408,0.0
1529,12.44310188293457,17,81664,0.0
1530,32.40988540649414,37,81664,0.0
1531,25.501028060913086,30,81664,0.0
1532,18.061084747314453,23,81664,0.0
1533,17.014923095703125,22,81664,0.0
1534,18.11818504333496,23,81664,0.0
1535,28.129905700683594,33,81664,0.0
1536,36.12983703613281,41,81664,0.0
1537,17.310726165771484,22,81664,0.0
1538,31.793428421020508,37,81664,0.0
1539,12.299201965332031,17,81664,0.0
1540,23.430679321289062,28,81920,0.0
1541,33.2868766784668,38,81920,0.0
1542,22.015352249145508,27,81920,0.0
1543,29.64156723022461,35,81920,0.0
1544,20.34856414794922,25,81920,0.0
1545,30.1956787109375,35,81920,0.0
1546,28.47454261779785,33,82176,0.0
1547,24.441585540771484,29,82176,0.0
1548,31.417354583740234,36,82176,0.0
1549,32.1943244934082,37,82432,0.0
1550,33.23723602294922,38,82432,0.0
1551,31.364971160888672,36,82432,0.0
1552,22.138641357421875,27,82432,0.0
1553,27.024198532104492,32,82432,0.0
1554,25.318622589111328,30,82432,0.0
1555,26.30573081970215,31,82432,0.0
1556,28.320110321044922,33,82432,0.0
1557,31.092113494873047,36,82432,0.0
1558,15.31613826751709,20,82432,0.0
1559,34.29298400878906,39,82432,0.0
1560,24.096067428588867,29,82432,0.0
1561,22.35144805908203,27,82432,0.0
1562,35.11920928955078,40,82688,0.0
1563,31.199413299560547,36,82688,0.0
1564,20.039793014526367,25,82688,0.0
1565,13.293333053588867,18,82688,0.0
1566,33.292823791503906,38,82688,0.0
1567,13.428966522216797,18,82688,0.0
1568,30.96265411376953,36,82688,0.0
1569,30.018646240234375,35,82944,0.0
1570,29.331275939941406,34,82944,0.0
1571,36.1308708190918,41,82944,0.0
1572,31.00079917907715,36,82944,0.0
1573,25.26087760925293,30,82944,0.0
1574,22.598175048828125,27,82944,0.0
1575,27.51663589477539,32,82944,0.0
1576,25.946136474609375,31,82944,0.0
1577,39.931636810302734,45,82944,0.0
1578,25.34823226928711,30,83200,0.0
1579,31.876140594482422,37,83200,0.0
1580,27.530200958251953,32,83200,0.0
1581,34.294044494628906,39,83200,0.0
1582,35.10615158081055,40,83200,0.0
1583,28.471330642700195,33,83200,0.0
1584,29.258615493774414,34,83456,0.0
1585,14.31106948852539,19,83456,0.0
1586,36.14987564086914,41,83456,0.0
1587,26.177507400512695,31,83456,0.0
1588,14.180967330932617,19,83456,0.0
1589,26.619239807128906,31,83456,0.0
1590,18.17761993408203,23,83456,0.0
1591,26.5056209564209,31,83456,0.0
1592,31.185823440551758,36,83456,0.0
1593,12.439324378967285,17,83456,0.0
1594,19.34153938293457,24,83456,0.0
1595,26.090572357177734,31,83456,0.0
1596,29.695877075195312,35,83712,0.0
1597,23.886524200439453,29,83712,0.0
1598,20.432117462158203,25,83712,0.0
1599,29.57138442993164,34,83712,0.0
1600,17.10236167907715,22,83712,0.0
1601,24.281850814819336,29,83712,0.0
1602,37.7989616394043,43,83712,0.0
1603,18.231678009033203,23,83712,0.0
1604,16.156694412231445,21,83968,0.0
1605,13.272459983825684,18,83968,0.0
1606,13.353904724121094,18,83968,0.0
1607,12.521218299865723,17,83968,0.0
1608,16.964956283569336,22,83968,0.0
1609,32.35341262817383,37,83968,0.0
1610,23.270919799804688,28,84224,0.0
1611,12.362258911132812,17,84224,0.0
1612,15.980903625488281,21,84224,0.0
1613,19.295278549194336,24,84224,0.0
1614,24.300275802612305,29,84224,0.0
1615,28.4660701751709,33,84224,0.0
1616,22.097370147705078,27,84224,0.0
1617,26.867919921875,32,84480,0.0
1618,25.151405334472656,30,84480,0.0
1619,23.132219314575195,28,84480,0.0
1620,18.163890838623047,23,84480,0.0
1621,28.108238220214844,33,84480,0.0
1622,16.990772247314453,22,84480,0.0
1623,33.89966583251953,39,84480,0.0
1624,27.85990333557129,33,84736,0.0
1625,24.13720703125,29,84736,0.0
1626,29.039960861206055,34,84736,0.0
1627,18.450714111328125,23,84736,0.0
1628,34.24540328979492,39,84736,0.0
1629,26.5621337890625,31,84736,0.0
1630,21.529563903808594,27,84736,0.0
1631,23.075923919677734,28,84736,0.0
1632,19.256072998046875,24,84736,0.0
1633,36.946956634521484,42,84736,0.0
1634,23.527175903320312,28,84736,0.0
1635,28.516571044921875,34,84736,0.0
1636,32.22446823120117,37,84992,0.0
1637,30.374326705932617,35,84992,0.0
1638,25.283241271972656,30,84992,0.0
1639,26.568191528320312,31,84992,0.0
1640,23.978069305419922,29,84992,0.0
1641,36.04008483886719,41,84992,0.0
1642,33.07551956176758,38,84992,0.0
1643,22.06983757019043,27,84992,0.0
1644,24.20583152770996,29,84992,0.0
1645,23.070968627929688,28,85248,0.0
1646,32.16419982910156,37,85248,0.0
1647,26.193485260009766,31,85248,0.0
1648,35.965938568115234,41,85248,0.0
1649,12.395726203918457,17,85248,0.0
1650,24.386165618896484,29,85248,0.0
1651,25.349651336669922,30,85248,0.0
1652,36.14586639404297,41,85504,0.0
1653,31.04671287536621,36,85504,0.0
1654,31.483949661254883,36,85504,0.0
1655,22.203832626342773,27,85504,0.0
1656,27.795473098754883,33,85504,0.0
1657,38.045902252197266,43,85504,0.0
1658,29.28447151184082,34,85504,0.0
1659,33.219810485839844,38,85504,0.0
1660,25.815673828125,31,85504,0.0
1661,19.23944091796875,24,85504,0.0
1662,29.043062210083008,34,85760,0.0
1663,25.152164459228516,30,85760,0.0
1664,33.08473587036133,38,85760,0.0
1665,35.075836181640625,40,85760,0.0
1666,27.32326889038086,32,85760,0.0
1667,23.10655403137207,28,85760,0.0
1668,15.197128295898438,20,85760,0.0
1669,25.978992462158203,31,86016,0.0
1670,35.17109680175781,40,86016,0.0
1671,35.13172912597656,40,86016,0.0
1672,19.429441452026367,24,86016,0.0
1673,32.23011779785156,37,86016,0.0
1674,17.410106658935547,22,86016,0.0
1675,25.108903884887695,30,86016,0.0
1676,17.535869598388672,22,86272,0.0
1677,20.174449920654297,25,86272,0.0
1678,33.047386169433594,38,86272,0.0
1679,30.43651008605957,35,86272,0.0
1680,16.2597713470459,21,86272,0.0
1681,29.312049865722656,34,86272,0.0
1682,31.973304748535156,37,86272,0.0
1683,18.296672821044922,23,86272,0.0
1684,25.76491928100586,31,86272,0.0
1685,36.84852600097656,42,86528,0.0
1686,18.95449447631836,24,86528,0.0
1687,34.15121841430664,39,86528,0.0
1688,29.488910675048828,34,86528,0.0
1689,18.21063804626465,23,86528,0.0
1690,15.151163101196289,20,86528,0.0
1691,33.78771209716797,39,86528,0.0
1692,15.264184951782227,20,86528,0.0
1693,15.951476097106934,21,86784,0.0
1694,16.345632553100586,21,86784,0.0
1695,29.510845184326172,34,86784,0.0
1696,32.30497360229492,37,86784,0.0
1697,20.706790924072266,26,86784,0.0
1698,29.323532104492188,34,86784,0.0
1699,19.287189483642578,24,86784,0.0
1700,26.219884872436523,31,86784,0.0
1701,28.540597915649414,34,86784,0.0
1702,20.00586700439453,25,87040,0.0
1703,33.28945541381836,38,87040,0.0
1704,23.888507843017578,29,87040,0.0
1705,20.118743896484375,25,87040,0.0
1706,17.131637573242188,22,87296,0.0
1707,35.159934997558594,40,87296,0.0
1708,14.314547538757324,19,87296,0.0
1709,29.09537696838379,34,87296,0.0
1710,18.0396728515625,23,87296,0.0
1711,30.008544921875,35,87296,0.0
1712,28.247346878051758,33,87296,0.0
1713,22.326875686645508,27,87552,0.0
1714,27.4677677154541,32,87552,0.0
1715,30.20988655090332,35,87552,0.0
1716,28.061105728149414,33,87552,0.0
1717,24.45111846923828,29,87552,0.0
1718,18.462697982788086,23,87552,0.0
1719,25.85877227783203,31,87552,0.0
1720,27.297771453857422,32,87552,0.0
1721,23.989505767822266,29,87808,0.0
1722,33.3426628112793,38,87808,0.0
1723,29.078447341918945,34,87808,0.0
1724,21.216344833374023,26,87808,0.0
1725,30.207433700561523,35,87808,0.0
1726,18.848440170288086,24,87808,0.0
1727,26.945890426635742,32,87808,0.0
1728,25.285396575927734,30,87808,0.0
1729,17.747461318969727,23,87808,0.0
1730,22.07024383544922,27,87808,0.0
1731,32.33274841308594,37,87808,0.0
1732,27.813060760498047,33,88064,0.0
1733,36.14365005493164,41,88064,0.0
1734,15.29336929321289,20,88064,0.0
1735,31.35624885559082,36,88064,0.0
1736,21.094379425048828,26,88064,0.0
1737,32.37316131591797,37,88064,0.0
1738,29.233287811279297,34,88064,0.0
1739,29.17745590209961,34,88064,0.0
1740,30.389577865600586,35,88064,0.0
1741,31.257543563842773,36,88064,0.0
1742,19.06028938293457,24,88064,0.0
1743,37.56035232543945,43,88320,0.0
1744,28.478670120239258,33,88320,0.0
1745,33.150333404541016,38,88320,0.0
1746,23.935768127441406,29,88320,0.0
1747,20.21381378173828,25,88576,0.0
1748,32.13045120239258,37,88576,0.0
1749,31.367145538330078,36,88576,0.0
1750,29.27081298828125,34,88576,0.0
1751,22.795427322387695,28,88576,0.0
1752,33.254756927490234,38,88576,0.0
1753,25.86951446533203,31,88576,0.0
1754,16.26935386657715,21,88576,0.0
1755,31.2927188873291,36,88576,0.0
1756,21.794767379760742,27,88576,0.0
1757,33.07704162597656,38,88832,0.0
1758,19.209278106689453,24,88832,0.0
1759,17.099578857421875,22,88832,0.0
1760,30.282794952392578,35,88832,0.0
1761,14.347683906555176,19,88832,0.0
1762,24.203899383544922,29,89088,0.0
1763,29.262907028198242,34,89088,0.0
1764,15.187688827514648,20,89088,0.0
1765,24.342409133911133,30,89088,0.0
1766,17.968387603759766,23,89344,0.0
1767,28.21575927734375,33,89344,0.0
1768,21.630041122436523,27,89344,0.0
1769,33.91645050048828,39,89344,0.0
1770,13.159948348999023,18,89344,0.0
1771,32.77145004272461,38,89344,0.0
1772,24.193592071533203,29,89344,0.0
1773,19.102962493896484,24,89344,0.0
1774,26.23435401916504,31,89344,0.0
1775,32.328041076660156,37,89344,0.0
1776,23.41850471496582,28,89600,0.0
1777,29.57659339904785,34,89600,0.0
1778,25.32903480529785,30,89600,0.0
1779,13.2384672164917,18,89600,0.0
1780,32.81193542480469,38,89600,0.0
1781,22.289875030517578,27,89600,0.0
1782,29.37118148803711,34,89600,0.0
1783,28.31662368774414,33,89600,0.0
1784,29.42027473449707,34,89600,0.0
1785,26.10334014892578,31,89600,0.0
1786,24.278913497924805,29,89600,0.0
1787,33.24967956542969,38,89600,0.0
1788,27.087434768676758,32,89856,0.0
1789,31.47803497314453,36,89856,0.0
1790,32.18606948852539,37,89856,0.0
1791,21.9195613861084,27,89856,0.0
1792,29.338653564453125,34,89856,0.0
1793,35.124874114990234,40,89856,0.0
1794,34.186805725097656,39,89856,0.0
1795,24.12333869934082,29,89856,0.0
1796,16.34795570373535,21,89856,0.0
1797,34.72556686401367,40,89856,0.0
1798,37.05721664428711,42,89856,0.0
1799,33.112884521484375,38,90112,0.0
1800,30.120840072631836,35,90112,0.0
1801,34.89567565917969,40,90112,0.0
1802,30.36853790283203,35,90112,0.0
1803,17.958961486816406,23,90112,0.0
1804,30.291112899780273,35,90112,0.0
1805,34.0349235534668,39,90112,0.0
1806,27.072702407836914,32,90112,0.0
1807,31.386859893798828,36,90112,0.0
1808,33.335487365722656,38,90112,0.0
1809,23.293033599853516,28,90368,0.0
1810,39.285194396972656,45,90368,0.0
1811,31.033039093017578,36,90368,0.0
1812,31.11573600769043,36,90368,0.0
1813,15.967187881469727,21,90368,0.0
1814,13.249082565307617,18,90368,0.0
1815,36.49483108520508,42,90368,0.0
1816,27.894306182861328,33,90368,0.0
1817,24.39093017578125,29,90368,0.0
1818,17.157367706298828,22,90368,0.0
1819,20.94790267944336,26,90368,0.0
1820,33.10041809082031,38,90624,0.0
1821,32.97911834716797,38,90624,0.0
1822,26.165538787841797,31,90624,0.0
1823,30.229957580566406,35,90624,0.0
1824,25.192527770996094,30,90624,0.0
1825,15.04710578918457,20,90624,0.0
1826,21.62399673461914,27,90624,0.0
1827,25.49295425415039,30,90624,0.0
1828,26.933616638183594,32,90880,0.0
1829,28.40431022644043,33,90880,0.0
1830,34.067081451416016,39,90880,0.0
1831,18.005386352539062,23,90880,0.0
1832,24.69480323791504,29,90880,0.0
1833,14.376502990722656,19,90880,0.0
1834,26.743406295776367,33,90880,0.0
1835,15.084090232849121,20,90880,0.0
1836,25.989456176757812,31,91136,0.0
1837,25.65752410888672,30,91136,0.0
1838,32.35060501098633,37,91136,0.0
1839,15.104607582092285,20,91136,0.0
1840,25.03782844543457,30,91136,0.0
1841,17.22499656677246,22,91136,0.0
1842,18.930471420288086,24,91136,0.0
1843,29.222007751464844,34,91136,0.0
1844,24.845905303955078,30,91136,0.0
1845,28.312665939331055,34,91136,0.0
1846,28.028833389282227,33,91136,0.0
1847,28.54446029663086,33,91136,0.0
1848,30.319974899291992,35,91136,0.0
1849,16.210662841796875,21,91392,0.0
1850,24.542011260986328,29,91392,0.0
1851,32.5597038269043,38,91392,0.0
1852,17.320526123046875,22,91392,0.0
1853,30.377899169921875,35,91392,0.0
1854,21.46139144897461,26,91648,0.0
1855,29.267091751098633,34,91648,0.0
1856,27.525772094726562,32,91648,0.0
1857,24.60073471069336,30,91648,0.0
1858,24.336170196533203,29,91648,0.0
1859,26.197277069091797,31,91648,0.0
1860,25.36905860900879,30,91648,0.0
1861,22.35310173034668,27,91648,0.0
1862,34.107364654541016,39,91648,0.0
1863,22.170124053955078,27,91648,0.0
1864,14.584373474121094,19,91648,0.0
1865,22.82746124267578,28,91648,0.0
1866,24.164676666259766,29,91648,0.0
1867,17.149866104125977,22,91648,0.0
1868,30.157255172729492,35,91648,0.0
1869,20.331722259521484,25,91904,0.0
1870,17.393503189086914,22,91904,0.0
1871,30.43047332763672,35,91904,0.0
1872,22.266197204589844,27,91904,0.0
1873,17.280134201049805,22,91904,0.0
1874,15.49932861328125,20,91904,0.0
1875,23.466581344604492,28,91904,0.0
1876,32.414520263671875,37,91904,0.0
1877,15.297574043273926,20,91904,0.0
1878,32.03076934814453,37,91904,0.0
1879,24.720054626464844,30,91904,0.0
1880,21.288061141967773,26,91904,0.0
1881,33.2672233581543,38,92160,0.0
1882,26.938215255737305,32,92160,0.0
1883,24.993648529052734,30,92160,0.0
1884,29.463077545166016,34,92160,0.0
1885,28.531240463256836,33,92160,0.0
1886,16.08761978149414,21,92160,0.0
1887,19.143857955932617,24,92160,0.0
1888,29.452497482299805,34,92160,0.0
1889,37.06592559814453,42,92160,0.0
1890,34.182926177978516,39,92416,0.0
1891,15.208620071411133,20,92416,0.0
1892,30.062259674072266,35,92416,0.0
1893,31.431303024291992,36,92416,0.0
1894,14.05103874206543,19,92416,0.0
1895,32.24920654296875,37,92416,0.0
1896,13.324235916137695,18,92416,0.0
1897,25.499601364135742,30,92416,0.0
1898,21.697036743164062,26,92416,0.0
1899,12.364543914794922,17,92416,0.0
1900,32.17417907714844,37,92416,0.0
1901,19.78030776977539,24,92416,0.0
1902,13.509283065795898,18,92672,0.0
1903,23.7352294921875,29,92672,0.0
1904,31.44355583190918,36,92672,0.0
1905,16.260486602783203,21,92672,0.0
1906,30.710603713989258,36,92672,0.0
1907,27.224756240844727,32,92672,0.0
1908,15.994301795959473,21,92672,0.0
1909,28.668228149414062,33,92672,0.0
1910,22.073307037353516,27,92672,0.0
1911,30.198997497558594,35,92672,0.0
1912,26.06607437133789,31,92672,0.0
1913,11.449739456176758,16,92672,0.0
1914,30.357105255126953,35,92672,0.0
1915,31.41501235961914,36,92928,0.0
1916,12.364681243896484,17,92928,0.0
1917,16.50821304321289,21,92928,0.0
1918,31.29902458190918,36,92928,0.0
1919,26.46437644958496,31,92928,0.0
1920,29.429859161376953,34,92928,0.0
1921,24.60820770263672,29,92928,0.0
1922,19.631759643554688,24,92928,0.0
1923,25.151634216308594,30,92928,0.0
1924,20.522418975830078,25,92928,0.0
1925,31.966365814208984,38,93184,0.0
1926,27.897293090820312,33,93184,0.0
1927,20.591867446899414,25,93440,0.0
1928,27.52367401123047,32,93440,0.0
1929,30.27728271484375,35,93440,0.0
1930,16.409074783325195,21,93440,0.0
1931,29.35403823852539,34,93440,0.0
1932,14.345519065856934,19,93440,0.0
1933,30.36757469177246,35,93696,0.0
1934,20.102806091308594,25,93696,0.0
1935,11.656259536743164,16,93696,0.0
1936,28.592926025390625,33,93696,0.0
1937,23.721359252929688,28,93696,0.0
1938,19.51801109313965,24,93696,0.0
1939,22.39309310913086,27,93696,0.0
1940,29.478315353393555,34,93696,0.0
1941,27.533859252929688,32,93952,0.0
1942,29.262937545776367,34,93952,0.0
1943,28.496166229248047,33,93952,0.0
1944,12.359272003173828,17,93952,0.0
1945,11.64159870147705,16,93952,0.0
1946,24.961570739746094,30,93952,0.0
1947,33.26226043701172,38,93952,0.0
1948,24.097274780273438,29,93952,0.0
1949,31.06513214111328,36,93952,0.0
1950,12.438624382019043,17,93952,0.0
1951,29.502784729003906,34,93952,0.0
1952,29.326335906982422,34,94208,0.0
1953,21.423789978027344,26,94208,0.0
1954,13.39938735961914,18,94208,0.0
1955,14.306205749511719,19,94208,0.0
1956,25.36134910583496,30,94208,0.0
1957,25.743106842041016,30,94208,0.0
1958,27.500043869018555,32,94208,0.0
1959,17.08185577392578,22,94208,0.0
1960,24.06208610534668,30,94208,0.0
1961,17.344661712646484,22,94208,0.0
1962,26.45376968383789,31,94208,0.0
1963,26.626094818115234,31,94208,0.0
1964,12.56418228149414,17,94208,0.0
1965,28.67377281188965,33,94208,0.0
1966,29.213878631591797,34,94208,0.0
1967,32.363765716552734,37,94208,0.0
1968,27.71434783935547,32,94208,0.0
1969,20.155954360961914,25,94464,0.0
1970,34.06626510620117,39,94464,0.0
1971,13.455772399902344,18,94464,0.0
1972,23.83501434326172,28,94464,0.0
1973,14.705642700195312,19,94464,0.0
1974,23.365785598754883,28,94464,0.0
1975,30.39704704284668,35,94464,0.0
1976,23.509157180786133,28,94464,0.0
1977,34.063804626464844,39,94464,0.0
1978,18.637252807617188,23,94464,0.0
1979,30.318756103515625,35,94464,0.0
1980,13.401747703552246,18,94720,0.0
1981,22.83042335510254,27,94720,0.0
1982,27.483749389648438,32,94720,0.0
1983,26.49844741821289,31,94720,0.0
1984,19.593971252441406,24,94720,0.0
1985,22.52293586730957,27,94720,0.0
1986,13.550248146057129,18,94720,0.0
1987,28.483970642089844,33,94720,0.0
1988,11.547825813293457,16,94720,0.0
1989,15.218215942382812,20,94720,0.0
1990,12.375185012817383,17,94720,0.0
1991,29.375633239746094,34,94976,0.0
1992,23.18996238708496,28,94976,0.0
1993,28.390914916992188,33,94976,0.0
1994,17.20613670349121,22,94976,0.0
1995,12.300564765930176,17,94976,0.0
1996,24.4971866607666,29,94976,0.0
1997,13.349756240844727,18,94976,0.0
1998,34.17876434326172,39,94976,0.0
1999,24.362781524658203,29,95232,0.0
2000,23.06807518005371,28,95232,0.0
2001,25.559066772460938,30,95232,0.0
2002,27.740955352783203,32,95232,0.0
2003,15.510248184204102,20,95232,0.0
2004,27.677799224853516,32,95232,0.0
2005,25.476205825805664,30,95232,0.0
2006,27.544370651245117,32,95232,0.0
2007,19.362401962280273,24,95488,0.0
2008,21.377199172973633,26,95488,0.0
2009,24.357402801513672,29,95488,0.0
2010,15.560759544372559,20,95488,0.0
2011,29.566184997558594,34,95488,0.0
2012,15.34084701538086,20,95488,0.0
2013,30.814546585083008,36,95488,0.0
2014,24.565696716308594,29,95488,0.0
2015,16.698654174804688,21,95488,0.0
2016,22.700641632080078,27,95488,0.0
2017,25.221826553344727,30,95488,0.0
2018,21.52886390686035,26,95744,0.0
2019,25.565595626831055,30,95744,0.0
2020,13.391839027404785,18,95744,0.0
2021,20.588211059570312,25,95744,0.0
2022,20.45676612854004,25,95744,0.0
2023,16.43007469177246,21,95744,0.0
2024,13.313396453857422,18,95744,0.0
2025,18.672653198242188,23,95744,0.0
2026,26.769729614257812,31,95744,0.0
2027,19.354331970214844,24,95744,0.0
2028,26.373977661132812,31,96000,0.0
2029,27.713272094726562,32,96000,0.0
2030,25.649456024169922,30,96000,0.0
2031,15.442469596862793,20,96000,0.0
2032,14.627519607543945,19,96000,0.0
2033,14.343931198120117,19,96000,0.0
2034,23.200790405273438,28,96000,0.0
2035,21.830907821655273,26,96000,0.0
2036,21.68939971923828,27,96000,0.0
2037,17.69368553161621,22,96000,0.0
2038,27.76668930053711,32,96000,0.0
2039,31.348804473876953,36,96000,0.0
2040,20.3085994720459,25,96000,0.0
2041,13.586989402770996,18,96000,0.0
2042,16.414180755615234,21,96000,0.0
2043,13.4747314453125,18,96256,0.0
2044,27.57025718688965,32,96256,0.0
2045,13.574600219726562,18,96256,0.0
2046,26.617935180664062,31,96256,0.0
2047,26.385154724121094,31,96256,0.0
2048,11.724319458007812,16,96256,0.0
2049,12.537284851074219,17,96256,0.0
2050,23.608753204345703,28,96256,0.0
2051,26.662532806396484,31,96256,0.0
2052,16.281545639038086,21,96512,0.0
2053,28.58999252319336,33,96512,0.0
2054,25.845369338989258,30,96512,0.0
2055,30.40467071533203,35,96512,0.0
2056,14.553274154663086,19,96512,0.0
2057,26.698850631713867,31,96512,0.0
2058,22.250131607055664,27,96768,0.0
2059,16.764690399169922,21,96768,0.0
2060,17.345651626586914,22,96768,0.0
2061,17.544021606445312,22,96768,0.0
2062,20.473644256591797,25,96768,0.0
2063,23.312219619750977,28,96768,0.0
2064,27.676837921142578,32,96768,0.0
2065,12.512855529785156,17,96768,0.0
2066,31.316129684448242,36,97024,0.0
2067,19.887531280517578,24,97024,0.0
2068,27.640504837036133,32,97024,0.0
2069,19.92621421813965,24,97024,0.0
2070,23.73108673095703,28,97024,0.0
2071,17.932435989379883,22,97024,0.0
2072,13.482637405395508,18,97024,0.0
2073,20.8122501373291,25,97024,0.0
2074,25.778345108032227,30,97024,0.0
2075,23.84360122680664,28,97024,0.0
2076,25.653709411621094,30,97280,0.0
2077,18.737106323242188,23,97280,0.0
2078,28.542333602905273,33,97280,0.0
2079,13.721339225769043,18,97280,0.0
2080,21.477012634277344,26,97280,0.0
2081,39.28096389770508,46,97280,0.0
2082,24.36711311340332,29,97280,0.0
2083,27.657915115356445,32,97280,0.0
2084,24.721601486206055,29,97280,0.0
2085,13.478190422058105,18,97280,0.0
2086,17.62773323059082,22,97280,0.0
2087,23.28162956237793,28,97280,0.0
2088,32.31133270263672,37,97280,0.0
2089,23.742246627807617,28,97280,0.0
2090,17.515506744384766,22,97536,0.0
2091,13.47606372833252,18,97536,0.0
2092,15.420059204101562,20,97536,0.0
2093,13.790602684020996,18,97536,0.0
2094,22.484954833984375,27,97536,0.0
2095,17.70925521850586,22,97536,0.0
2096,16.113445281982422,21,97536,0.0
2097,24.47104263305664,29,97536,0.0
2098,26.726219177246094,31,97792,0.0
2099,28.571609497070312,33,97792,0.0
2100,24.639495849609375,29,97792,0.0
2101,12.72065258026123,17,97792,0.0
2102,27.515520095825195,32,97792,0.0
2103,21.85755157470703,26,97792,0.0
2104,28.574363708496094,33,97792,0.0
2105,24.73104476928711,29,97792,0.0
2106,19.83831024169922,24,97792,0.0
2107,25.79916763305664,30,97792,0.0
2108,14.258881568908691,19,97792,0.0
2109,14.598306655883789,19,97792,0.0
2110,22.407373428344727,27,97792,0.0
2111,22.32065200805664,27,98048,0.0
2112,27.609634399414062,32,98048,0.0
2113,24.78298568725586,29,98048,0.0
2114,17.784521102905273,22,98048,0.0
2115,18.66731834411621,23,98048,0.0
2116,20.784900665283203,25,98048,0.0
2117,17.683563232421875,22,98048,0.0
2118,25.63518714904785,30,98048,0.0
2119,25.873552322387695,30,98048,0.0
2120,26.73040008544922,31,98048,0.0
2121,29.520498275756836,34,98048,0.0
2122,22.86734962463379,27,98048,0.0
2123,23.41350746154785,28,98048,0.0
2124,11.707342147827148,16,98304,0.0
2125,29.532230377197266,34,98304,0.0
2126,17.556625366210938,22,98304,0.0
2127,21.74090576171875,26,98304,0.0
2128,22.708553314208984,27,98304,0.0
2129,27.62278175354004,32,98304,0.0
2130,12.64251708984375,17,98304,0.0
2131,17.884672164916992,22,98304,0.0
2132,19.626096725463867,24,98304,0.0
2133,16.357242584228516,21,98304,0.0
2134,17.630903244018555,22,98304,0.0
2135,23.813230514526367,28,98304,0.0
2136,23.77642059326172,28,98304,0.0
2137,13.729052543640137,18,98304,0.0
2138,16.604026794433594,21,98304,0.0
2139,21.83141326904297,26,98560,0.0
2140,22.70273208618164,27,98560,0.0
2141,26.69314956665039,31,98560,0.0
2142,19.801284790039062,24,98560,0.0
2143,14.757644653320312,19,98560,0.0
2144,18.548410415649414,23,98560,0.0
2145,18.8865966796875,23,98560,0.0
2146,20.679325103759766,25,98560,0.0
2147,21.82408332824707,26,98560,0.0
2148,10.732449531555176,15,98560,0.0
2149,12.746683120727539,17,98560,0.0
2150,13.260748863220215,18,98816,0.0
2151,10.749897956848145,15,98816,0.0
2152,26.762340545654297,31,98816,0.0
2153,23.766639709472656,28,98816,0.0
2154,23.678178787231445,28,98816,0.0
2155,15.726712226867676,20,98816,0.0
2156,12.550498962402344,17,98816,0.0
2157,23.776277542114258,28,98816,0.0
2158,21.851112365722656,26,98816,0.0
2159,25.731239318847656,30,98816,0.0
2160,15.703125953674316,20,98816,0.0
2161,13.64902114868164,18,98816,0.0
2162,11.4342041015625,16,98816,0.0
2163,17.90745735168457,22,99072,0.0
2164,21.798799514770508,26,99072,0.0
2165,23.582294464111328,28,99072,0.0
2166,22.677051544189453,27,99072,0.0
2167,23.74086570739746,28,99072,0.0
2168,23.73133659362793,28,99072,0.0
2169,20.905363082885742,25,99072,0.0
2170,27.45271110534668,32,99072,0.0
2171,13.195840835571289,18,99072,0.0
2172,19.811359405517578,24,99072,0.0
2173,25.616235733032227,30,99328,0.0
2174,21.694671630859375,26,99328,0.0
2175,18.96860122680664,23,99328,0.0
2176,16.610511779785156,21,99328,0.0
2177,21.535554885864258,26,99328,0.0
2178,22.724740982055664,27,99328,0.0
2179,13.65479564666748,18,99328,0.0
2180,16.678714752197266,21,99328,0.0
2181,24.34354019165039,29,99328,0.0
2182,14.741179466247559,19,99328,0.0
2183,12.444456100463867,17,99328,0.0
2184,23.680051803588867,28,99328,0.0
2185,11.60715389251709,16,99584,0.0
2186,17.782936096191406,22,99584,0.0
2187,11.648994445800781,16,99584,0.0
2188,26.785505294799805,31,99584,0.0
2189,26.7198486328125,31,99584,0.0
2190,25.76251983642578,30,99584,0.0
2191,29.519731521606445,34,99584,0.0
2192,10.527312278747559,15,99584,0.0
2193,23.897029876708984,28,99584,0.0
2194,23.87765884399414,28,99584,0.0
2195,20.9208927154541,25,99840,0.0
2196,17.95705795288086,22,99840,0.0
2197,16.77398109436035,21,99840,0.0
2198,16.70343589782715,21,99840,0.0
2199,27.431232452392578,32,99840,0.0
2200,24.761289596557617,29,99840,0.0
2201,24.723657608032227,29,99840,0.0
2202,13.578110694885254,18,99840,0.0
2203,26.673295974731445,31,99840,0.0
2204,20.449207305908203,25,99840,0.0
2205,23.630373001098633,28,100096,0.0
2206,16.81545639038086,21,100096,0.0
2207,16.706876754760742,21,100096,0.0
2208,22.814666748046875,27,100096,0.0
2209,18.756473541259766,23,100096,0.0
2210,24.744810104370117,29,100096,0.0
2211,13.789167404174805,18,100096,0.0
2212,18.96282958984375,23,100096,0.0
2213,18.771663665771484,23,100096,0.0
2214,14.672281265258789,19,100096,0.0
2215,26.67862319946289,31,100096,0.0
2216,16.42095184326172,21,100352,0.0
2217,16.866504669189453,21,100352,0.0
2218,17.878206253051758,22,100352,0.0
2219,21.684585571289062,26,100352,0.0
2220,19.76137924194336,24,100352,0.0
2221,12.74892520904541,17,100352,0.0
2222,24.667287826538086,29,100352,0.0
2223,17.841707229614258,22,100352,0.0
2224,14.322380065917969,19,100352,0.0
2225,18.529104232788086,23,100352,0.0
2226,25.847179412841797,30,100352,0.0
2227,24.780473709106445,29,100352,0.0
2228,20.85602378845215,25,100352,0.0
2229,21.920520782470703,26,100352,0.0
2230,19.919795989990234,24,100352,0.0
2231,29.601558685302734,34,100608,0.0
2232,19.857086181640625,24,100608,0.0
2233,20.96412467956543,25,100608,0.0
2234,17.72425651550293,22,100608,0.0
2235,26.851558685302734,31,100608,0.0
2236,16.647619247436523,21,100608,0.0
2237,18.888011932373047,23,100608,0.0
2238,22.746610641479492,27,100608,0.0
2239,20.533409118652344,25,100608,0.0
2240,13.72843074798584,18,100608,0.0
2241,10.552105903625488,15,100608,0.0
2242,21.851280212402344,26,100864,0.0
2243,15.707664489746094,20,100864,0.0
2244,18.595800399780273,23,100864,0.0
2245,19.850318908691406,24,100864,0.0
2246,13.742776870727539,18,100864,0.0
2247,13.793214797973633,18,100864,0.0
2248,21.8103084564209,26,100864,0.0
2249,16.726428985595703,21,100864,0.0
2250,22.801712036132812,27,100864,0.0
2251,22.862163543701172,27,100864,0.0
2252,19.749452590942383,24,100864,0.0
2253,10.559650421142578,15,101120,0.0
2254,14.351668357849121,19,101120,0.0
2255,23.825538635253906,28,101120,0.0
2256,19.827373504638672,24,101120,0.0
2257,12.691502571105957,17,101120,0.0
2258,16.678173065185547,21,101120,0.0
2259,26.792863845825195,31,101120,0.0
2260,17.693946838378906,22,101120,0.0
2261,11.736978530883789,16,101120,0.0
2262,11.582230567932129,16,101120,0.0
2263,10.59535026550293,15,101120,0.0
2264,10.687592506408691,15,101120,0.0
2265,25.706214904785156,30,101120,0.0
2266,12.637526512145996,17,101376,0.0
2267,15.625855445861816,20,101376,0.0
2268,13.774646759033203,18,101376,0.0
2269,12.84943962097168,17,101376,0.0
2270,25.715593338012695,30,101376,0.0
2271,23.895606994628906,28,101376,0.0
2272,16.83213233947754,21,101376,0.0
2273,16.757923126220703,21,101376,0.0
2274,17.893653869628906,22,101376,0.0
2275,17.621658325195312,22,101376,0.0
2276,23.634355545043945,28,101376,0.0
2277,18.845775604248047,23,101376,0.0
2278,22.948467254638672,27,101376,0.0
2279,12.751840591430664,17,101376,0.0
2280,15.928864479064941,20,101632,0.0
2281,12.692590713500977,17,101632,0.0
2282,17.866836547851562,22,101632,0.0
2283,18.78496551513672,23,101632,0.0
2284,13.533967971801758,18,101632,0.0
2285,12.682655334472656,17,101632,0.0
2286,9.617603302001953,14,101632,0.0
2287,12.667091369628906,17,101632,0.0
2288,23.913732528686523,28,101888,0.0
2289,13.775876998901367,18,101888,0.0
2290,20.788503646850586,25,101888,0.0
2291,11.579294204711914,16,101888,0.0
2292,24.846485137939453,29,101888,0.0
2293,18.95627784729004,23,101888,0.0
2294,26.67654037475586,31,101888,0.0
2295,26.63091278076172,31,101888,0.0
2296,16.926158905029297,21,101888,0.0
2297,20.990158081054688,25,101888,0.0
2298,17.72772216796875,22,101888,0.0
2299,16.734149932861328,21,101888,0.0
2300,21.694448471069336,26,101888,0.0
2301,20.948760986328125,25,102144,0.0
2302,27.697500228881836,32,102144,0.0
2303,19.232872009277344,24,102144,0.0
2304,20.0112361907959,24,102144,0.0
2305,15.9586181640625,20,102144,0.0
2306,21.945688247680664,26,102144,0.0
2307,25.75201416015625,30,102144,0.0
2308,19.915691375732422,24,102144,0.0
2309,10.662068367004395,15,102400,0.0
2310,20.878259658813477,25,102400,0.0
2311,16.706384658813477,21,102400,0.0
2312,15.597697257995605,20,102400,0.0
2313,22.80621337890625,27,102400,0.0
2314,26.775501251220703,31,102400,0.0
2315,13.708836555480957,18,102400,0.0
2316,18.797754287719727,23,102400,0.0
2317,15.82754135131836,20,102400,0.0
2318,23.763763427734375,28,102400,0.0
2319,10.613883972167969,15,102656,0.0
2320,15.947220802307129,20,102656,0.0
2321,28.702850341796875,33,102656,0.0
2322,14.56019401550293,19,102656,0.0
2323,19.98651885986328,24,102656,0.0
2324,14.851018905639648,19,102656,0.0
2325,22.863759994506836,27,102656,0.0
2326,24.87843894958496,29,102656,0.0
2327,13.534969329833984,18,102656,0.0
2328,21.924163818359375,26,102656,0.0
2329,10.562478065490723,15,102656,0.0
2330,14.930781364440918,19,102912,0.0
2331,11.716900825500488,16,102912,0.0
2332,22.93194007873535,27,102912,0.0
2333,14.500757217407227,19,102912,0.0
2334,25.654598236083984,30,102912,0.0
2335,12.798828125,17,102912,0.0
2336,21.91912269592285,26,102912,0.0
2337,13.838983535766602,18,102912,0.0
2338,21.81355094909668,26,102912,0.0
2339,14.90560245513916,19,102912,0.0
2340,16.49510383605957,21,103168,0.0
2341,23.86019515991211,28,103168,0.0
2342,20.720951080322266,25,103168,0.0
2343,20.943302154541016,25,103168,0.0
2344,16.83315658569336,21,103168,0.0
2345,15.888168334960938,20,103168,0.0
2346,13.850059509277344,18,103168,0.0
2347,15.735579490661621,20,103168,0.0
2348,27.70318603515625,32,103168,0.0
2349,10.732441902160645,15,103168,0.0
2350,24.89761734008789,29,103168,0.0
2351,12.424560546875,17,103168,0.0
2352,26.737558364868164,31,103168,0.0
2353,19.858057022094727,24,103424,0.0
2354,15.788095474243164,20,103424,0.0
2355,25.89250946044922,30,103424,0.0
2356,20.722633361816406,25,103424,0.0
2357,18.564193725585938,23,103424,0.0
2358,19.85977554321289,24,103424,0.0
2359,14.773188591003418,19,103424,0.0
2360,10.618555068969727,15,103424,0.0
2361,23.844219207763672,28,103424,0.0
2362,15.893573760986328,20,103424,0.0
2363,16.83769989013672,21,103424,0.0
2364,12.836398124694824,17,103424,0.0
2365,20.815372467041016,25,103680,0.0
2366,14.823570251464844,19,103680,0.0
2367,12.674602508544922,17,103680,0.0
2368,14.778879165649414,19,103680,0.0
2369,13.699115753173828,18,103680,0.0
2370,24.8385009765625,29,103680,0.0
2371,13.679179191589355,18,103680,0.0
2372,9.644289016723633,14,103680,0.0
2373,23.943824768066406,28,103680,0.0
2374,16.745893478393555,21,103680,0.0
2375,20.80919075012207,25,103680,0.0
2376,10.625598907470703,15,103936,0.0
2377,16.56780433654785,21,103936,0.0
2378,26.746307373046875,31,103936,0.0
2379,15.870763778686523,20,103936,0.0
2380,18.81496810913086,23,103936,0.0
2381,16.68893051147461,21,103936,0.0
2382,14.557377815246582,19,103936,0.0
2383,10.589033126831055,15,103936,0.0
2384,19.831222534179688,24,103936,0.0
2385,21.83256721496582,26,104192,0.0
2386,21.847349166870117,26,104192,0.0
2387,19.86191177368164,24,104192,0.0
2388,12.695144653320312,17,104192,0.0
2389,13.597850799560547,18,104192,0.0
2390,18.79090690612793,23,104192,0.0
2391,10.631784439086914,15,104192,0.0
2392,15.723894119262695,20,104192,0.0
2393,13.68433952331543,18,104192,0.0
2394,25.631736755371094,30,104448,0.0
2395,10.68083667755127,15,104448,0.0
2396,22.878726959228516,27,104448,0.0
2397,21.820045471191406,26,104448,0.0
2398,25.62828254699707,30,104448,0.0
2399,20.784029006958008,25,104448,0.0
2400,28.597841262817383,33,104448,0.0
2401,11.607975006103516,16,104448,0.0
2402,16.9052791595459,21,104448,0.0
2403,19.93246841430664,24,104448,0.0
2404,13.43932056427002,18,104704,0.0
2405,17.597349166870117,22,104704,0.0
2406,15.567665100097656,20,104704,0.0
2407,23.734649658203125,28,104704,0.0
2408,23.844636917114258,28,104704,0.0
2409,23.798599243164062,28,104704,0.0
2410,15.658645629882812,20,104704,0.0
2411,14.722295761108398,19,104704,0.0
2412,11.577463150024414,16,104960,0.0
2413,10.510759353637695,15,104960,0.0
2414,27.63214111328125,32,104960,0.0
2415,22.740440368652344,27,104960,0.0
2416,22.747203826904297,27,104960,0.0
2417,11.450146675109863,16,104960,0.0
2418,18.421266555786133,23,105216,0.0
2419,27.69132423400879,32,105216,0.0
2420,14.528650283813477,19,105216,0.0
2421,21.710514068603516,26,105216,0.0
2422,16.710742950439453,21,105216,0.0
2423,24.585067749023438,29,105216,0.0
2424,18.715137481689453,23,105472,0.0
2425,11.553473472595215,16,105472,0.0
2426,21.74722671508789,26,105472,0.0
2427,27.567277908325195,32,105472,0.0
2428,12.343178749084473,17,105472,0.0
2429,14.465633392333984,19,105472,0.0
2430,19.736282348632812,24,105472,0.0
2431,26.652029037475586,31,105728,0.0
2432,14.281493186950684,19,105728,0.0
2433,26.48284912109375,31,105728,0.0
2434,18.505434036254883,23,105728,0.0
2435,24.575511932373047,29,105728,0.0
2436,11.378155708312988,16,105728,0.0
2437,25.45075035095215,30,105984,0.0
2438,11.503898620605469,16,105984,0.0
2439,20.721033096313477,25,105984,0.0
2440,21.569595336914062,26,105984,0.0
2441,14.512870788574219,19,105984,0.0
2442,19.665037155151367,24,105984,0.0
2443,13.477577209472656,18,106240,0.0
2444,26.55770492553711,31,106240,0.0
2445,24.26950454711914,29,106496,0.0
2446,17.31652069091797,22,106496,0.0
2447,27.488353729248047,32,106496,0.0
2448,13.23594856262207,18,106496,0.0
2449,15.16624927520752,20,106496,0.0
2450,15.18675422668457,20,106496,0.0
2451,22.382915496826172,27,106496,0.0
2452,25.49373435974121,30,106496,0.0
2453,23.209020614624023,28,106496,0.0
2454,27.32216453552246,32,106496,0.0
2455,29.35820770263672,34,106496,0.0
2456,30.26698112487793,35,106752,0.0
2457,18.956308364868164,24,106752,0.0
2458,18.254962921142578,23,106752,0.0
2459,14.2477388381958,19,106752,0.0
2460,28.167505264282227,33,106752,0.0
2461,26.39787483215332,31,106752,0.0
2462,26.64302635192871,31,106752,0.0
2463,24.157365798950195,29,106752,0.0
2464,16.268651962280273,21,106752,0.0
2465,21.336986541748047,26,107008,0.0
2466,22.246423721313477,27,107008,0.0
2467,19.521774291992188,24,107008,0.0
2468,21.254322052001953,26,107008,0.0
2469,22.18494415283203,27,107008,0.0
2470,25.411346435546875,30,107008,0.0
2471,29.30550765991211,34,107008,0.0
2472,24.25822639465332,29,107264,0.0
2473,30.135194778442383,35,107264,0.0
2474,28.201261520385742,33,107264,0.0
2475,20.188648223876953,25,107264,0.0
2476,30.174306869506836,35,107264,0.0
2477,22.524673461914062,27,107264,0.0
2478,29.225168228149414,34,107264,0.0
2479,20.086233139038086,25,107520,0.0
2480,27.19300079345703,32,107520,0.0
2481,30.20846176147461,35,107520,0.0
2482,19.777896881103516,25,107520,0.0
2483,23.06999397277832,28,107520,0.0
2484,23.445798873901367,28,107520,0.0
2485,13.162817001342773,18,107520,0.0
2486,28.227893829345703,33,107520,0.0
2487,30.211633682250977,35,107520,0.0
2488,23.175790786743164,28,107776,0.0
2489,28.790245056152344,34,107776,0.0
2490,27.160730361938477,32,107776,0.0
2491,17.609487533569336,23,107776,0.0
2492,23.865341186523438,29,108032,0.0
2493,23.973995208740234,29,108032,0.0
2494,18.73196029663086,24,108032,0.0
2495,30.15751838684082,35,108288,0.0
2496,17.463315963745117,23,108288,0.0
2497,32.1591796875,37,108288,0.0
2498,22.696874618530273,28,108288,0.0
2499,22.77208709716797,28,108288,0.0
2500,27.77045440673828,33,108288,0.0
2501,30.063207626342773,35,108288,0.0
2502,34.14333724975586,40,108800,0.0
2503,28.951616287231445,34,109056,0.0
2504,32.963531494140625,38,109056,0.0
2505,28.810216903686523,34,109056,0.0
2506,29.103897094726562,35,109312,0.0
2507,27.689132690429688,34,109312,0.0
2508,20.584489822387695,26,109312,0.0
2509,27.95195960998535,33,109568,0.0
2510,26.984472274780273,33,109568,0.0
2511,33.703330993652344,39,109824,0.0
2512,27.636940002441406,33,109824,0.0
2513,31.598173141479492,37,109824,0.0
2514,28.968585968017578,34,109824,0.0
2515,21.006195068359375,27,110080,0.0
2516,18.229507446289062,24,110080,0.0
2517,28.320600509643555,34,110080,0.0
2518,27.237606048583984,33,110336,0.0
2519,22.70435333251953,29,110336,0.0
2520,33.336280822753906,40,110336,0.0
2521,36.19061279296875,42,110336,0.0
2522,29.704633712768555,36,110848,0.0
2523,36.38800048828125,42,110848,0.0
2524,29.560606002807617,37,110848,0.0
2525,39.315128326416016,45,111360,0.0
2526,38.94977951049805,45,111616,0.0
2527,21.951984405517578,28,111872,0.0
2528,34.64799880981445,41,111872,0.0
2529,29.145771026611328,36,112128,0.0
2530,42.706214904785156,49,112384,0.0
2531,33.85725021362305,42,113408,0.0
2532,43.36893081665039,50,113408,0.0
2533,56.154701232910156,67,117504,0.0
2534,57.15601348876953,68,117760,0.0
2535,50.72733688354492,62,118528,0.0
2536,51.88739776611328,63,118528,0.0
2537,59.44572448730469,71,120064,0.0
2538,67.38821411132812,79,120320,0.0
2539,55.5600471496582,67,120320,0.0
2540,62.14958572387695,74,120576,0.0
2541,51.90922927856445,64,120576,0.0
2542,54.52803039550781,66,120576,0.0
2543,59.6529426574707,71,120832,0.0
2544,60.392574310302734,72,120832,0.0
2545,58.30976104736328,70,121088,0.0
2546,56.6868782043457,69,121600,0.0
2547,59.745697021484375,71,121600,0.0
2548,63.99051284790039,76,121856,0.0
2549,59.678585052490234,72,122112,0.0
2550,61.6751823425293,74,122880,0.0
2551,74.29620361328125,87,122880,0.0
2552,68.63716125488281,80,122880,0.0
2553,69.70153045654297,82,123136,0.0
2554,72.6754150390625,85,123136,0.0
2555,74.81571960449219,87,123136,0.0
2556,74.11595153808594,87,123648,0.0
2557,66.15103149414062,78,123648,0.0
2558,67.6111068725586,80,123904,0.0
2559,66.51832580566406,79,124160,0.0
2560,68.18522644042969,81,124416,0.0
2561,73.1849365234375,85,124416,0.0
2562,81.40654754638672,93,124416,0.0
2563,65.35897827148438,77,124672,0.0
2564,82.18989562988281,96,124928,0.0
2565,68.2691421508789,80,124928,0.0
2566,80.4409408569336,92,125440,0.0
2567,68.06525421142578,81,125696,0.0
2568,80.98440551757812,93,125952,0.0
2569,78.71141052246094,92,125952,0.0
2570,83.22332763671875,96,126208,0.0
2571,82.0610580444336,95,126464,0.0
2572,78.05418395996094,91,126720,0.0
2573,72.84896850585938,86,126720,0.0
2574,90.96350860595703,104,126720,0.0
2575,83.36830139160156,96,126720,0.0
2576,81.68695831298828,95,126976,0.0
2577,80.69583129882812,93,126976,0.0
2578,89.64079284667969,102,126976,0.0
2579,80.62798309326172,93,127232,0.0
2580,93.84994506835938,105,127744,0.0
2581,82.95201110839844,96,128000,0.0
2582,80.01029968261719,93,128256,0.0
2583,93.89652252197266,106,128512,0.0
2584,76.84288787841797,90,128512,0.0
2585,89.8279800415039,103,129280,0.0
2586,99.4506607055664,112,129536,0.0
2587,97.2067642211914,111,129536,0.0
2588,90.43585205078125,104,129536,0.0
2589,89.7361068725586,102,130048,0.0
2590,90.86872100830078,102,130304,0.0
2591,100.4566879272461,113,130304,0.0
2592,102.18810272216797,115,130560,0.0
2593,102.33255004882812,117,130560,0.0
2594,98.61844635009766,111,130560,0.0
2595,94.89665222167969,107,130560,0.0
2596,84.14830017089844,97,130816,0.0
2597,99.42938995361328,111,130816,0.0
2598,99.1668472290039,111,131072,0.0
2599,87.33744049072266,100,131584,0.0
2600,103.71058654785156,116,132352,0.0
2601,95.63905334472656,108,132608,0.0
2602,105.19072723388672,119,132608,0.0
2603,108.9140625,120,133120,0.0
2604,107.394775390625,119,133888,0.0
2605,114.72132873535156,128,133888,0.0
2606,113.28898620605469,126,134144,0.0
2607,114.18122863769531,126,135168,0.0
2608,113.98287963867188,127,135680,0.0
2609,109.4239501953125,117,135680,0.0
2610,111.8502197265625,120,135936,0.0
2611,106.61727142333984,114,136448,0.0
2612,118.64276885986328,127,136448,0.0
2613,103.42352294921875,112,136448,0.0
2614,123.102783203125,131,136704,0.0
2615,124.06957244873047,132,136704,0.0
2616,110.70850372314453,118,136704,0.0
2617,120.15592956542969,128,136704,0.0
2618,98.40328216552734,106,136960,0.0
2619,119.9013900756836,127,136960,0.0
2620,99.83120727539062,108,136960,0.0
2621,97.79222106933594,105,136960,0.0
2622,110.7479476928711,119,136960,0.0
2623,98.55277252197266,106,136960,0.0
2624,112.41986083984375,120,137216,0.0
2625,110.85896301269531,119,137216,0.0
2626,127.08560943603516,136,137216,0.0
2627,98.23825073242188,107,137216,0.0
2628,124.69901275634766,133,137216,0.0
2629,104.30836486816406,113,137216,0.0
2630,111.2471694946289,120,137472,0.0
2631,124.85755920410156,134,137472,0.0
2632,100.58663940429688,109,137472,0.0
2633,110.63016510009766,119,137472,0.0
2634,117.05220794677734,125,137472,0.0
2635,130.19407653808594,139,137472,0.0
2636,108.06197357177734,117,137472,0.0
2637,119.51517486572266,128,137472,0.0
2638,121.5373306274414,129,137472,0.0
2639,118.66996002197266,126,137472,0.0
2640,120.7244644165039,129,137472,0.0
2641,116.36701202392578,125,137472,0.0
2642,119.75983428955078,128,137472,0.0
2643,109.3556900024414,117,137472,0.0
2644,127.69695281982422,140,137472,0.0
2645,110.5893325805664,118,137728,0.0
2646,125.22624969482422,134,137728,0.0
2647,119.31771850585938,127,137728,0.0
2648,125.31365203857422,133,137728,0.0
2649,127.38715362548828,135,137728,0.0
2650,132.15585327148438,141,137728,0.0
2651,129.08633422851562,137,137728,0.0
2652,127.19235229492188,136,137728,0.0
2653,100.18255615234375,108,137728,0.0
2654,121.80857849121094,130,137728,0.0
2655,117.19342041015625,125,137984,0.0
2656,131.36997985839844,141,137984,0.0
2657,123.15940856933594,132,137984,0.0
2658,112.80797576904297,122,137984,0.0
2659,108.77569580078125,116,137984,0.0
2660,119.43860626220703,127,137984,0.0
2661,121.33165740966797,130,137984,0.0
2662,129.78884887695312,138,138240,0.0
2663,125.39871215820312,133,138240,0.0
2664,126.94715118408203,136,138240,0.0
2665,115.0767593383789,124,138240,0.0
2666,127.12833404541016,135,138240,0.0
2667,118.30413818359375,126,138240,0.0
2668,125.54109954833984,134,138496,0.0
2669,111.13817596435547,118,138496,0.0
2670,110.31487274169922,118,138496,0.0
2671,129.70864868164062,137,138496,0.0
2672,115.69151306152344,123,138496,0.0
2673,129.7900390625,138,138496,0.0
2674,127.67689514160156,137,138496,0.0
2675,129.87277221679688,138,138752,0.0
2676,112.14944458007812,121,138752,0.0
2677,124.22126007080078,132,138752,0.0
2678,110.65876007080078,120,138752,0.0
2679,121.3936996459961,130,138752,0.0
2680,133.83657836914062,144,138752,0.0
2681,123.91465759277344,136,138752,0.0
2682,129.75424194335938,139,138752,0.0
2683,125.75054931640625,134,139008,0.0
2684,116.7005386352539,124,139008,0.0
2685,135.12960815429688,145,139008,0.0
2686,131.11709594726562,140,139008,0.0
2687,115.76353454589844,123,139008,0.0
2688,126.3445816040039,134,139264,0.0
2689,115.7240219116211,127,139264,0.0
2690,138.638427734375,148,139264,0.0
2691,125.83055114746094,133,139264,0.0
2692,128.85255432128906,136,139264,0.0
2693,124.53177642822266,132,139264,0.0
2694,103.59674072265625,111,139264,0.0
2695,134.71124267578125,145,139520,0.0
2696,128.90090942382812,137,139520,0.0
2697,122.70572662353516,130,139520,0.0
2698,117.10814666748047,124,139520,0.0
2699,136.6286163330078,147,139776,0.0
2700,101.80625915527344,109,140032,0.0
2701,117.94507598876953,125,140288,0.0
2702,139.3485107421875,149,140288,0.0
2703,118.73755645751953,126,140544,0.0
2704,123.38020324707031,131,140544,0.0
2705,98.80494689941406,106,140544,0.0
2706,117.27547454833984,125,140800,0.0
2707,136.1536865234375,145,140800,0.0
2708,120.38717651367188,128,140800,0.0
2709,133.19703674316406,144,141056,0.0
2710,141.602783203125,150,141056,0.0
2711,134.83706665039062,144,141056,0.0
2712,130.36135864257812,138,141056,0.0
2713,117.41869354248047,125,141056,0.0
2714,129.9008331298828,138,141312,0.0
2715,136.80247497558594,148,141568,0.0
2716,137.5135040283203,147,141568,0.0
2717,108.36001586914062,116,141568,0.0
2718,127.32408905029297,135,141568,0.0
2719,144.3811798095703,154,142080,0.0
2720,137.96533203125,146,142080,0.0
2721,140.4191131591797,150,142080,0.0
2722,135.3757781982422,143,142336,0.0
2723,126.54239654541016,137,142592,0.0
2724,118.21099853515625,126,142592,0.0
2725,129.324462890625,137,142848,0.0
2726,119.64663696289062,128,143104,0.0
2727,138.80203247070312,147,143360,0.0
2728,140.3283233642578,150,143360,0.0
2729,136.66502380371094,145,143616,0.0
2730,145.39007568359375,154,143872,0.0
2731,145.6963348388672,154,144128,0.0
2732,136.4398651123047,145,144384,0.0
2733,147.1569366455078,156,144384,0.0
2734,144.5682830810547,153,144384,0.0
2735,154.71937561035156,164,144896,0.0
2736,140.99041748046875,150,145152,0.0
2737,160.16375732421875,170,145152,0.0
2738,144.2889862060547,153,145664,0.0
2739,141.26971435546875,150,145664,0.0
2740,141.09088134765625,150,145920,0.0
2741,157.37184143066406,168,146688,0.0
2742,155.81991577148438,166,146688,0.0
2743,144.4494171142578,154,146944,0.0
2744,148.9750518798828,159,146944,0.0
2745,145.84754943847656,157,147200,0.0
2746,161.13232421875,171,147456,0.0
2747,163.0746307373047,171,147968,0.0
2748,156.5162353515625,167,147968,0.0
2749,71.72236633300781,79,148736,0.0
2750,157.5418243408203,169,148992,0.0
2751,155.59095764160156,166,148992,0.0
2752,167.9115447998047,179,149248,0.0
2753,158.80455017089844,170,149504,0.0
2754,96.89221954345703,106,150272,0.0
2755,74.7478256225586,82,150528,0.0
2756,69.80985260009766,77,150528,0.0
2757,164.55941772460938,176,150528,0.0
2758,98.93074035644531,108,150784,0.0
2759,99.89930725097656,110,151808,0.0
2760,75.33822631835938,83,152832,0.0
2761,167.26075744628906,181,153344,0.0
2762,51.55937957763672,59,153856,0.0
2763,171.09121704101562,185,153856,0.0
2764,161.39476013183594,175,153856,0.0
2765,165.5629119873047,179,154112,0.0
2766,48.177528381347656,54,154368,0.0
2767,197.1570281982422,208,154624,0.0
2768,61.23951721191406,68,154880,0.0
2769,59.84937286376953,67,154880,0.0
2770,95.83270263671875,107,155136,0.0
2771,60.32612991333008,69,155392,0.0
2772,61.4846076965332,68,155648,0.0
2773,176.53733825683594,190,155648,0.0
2774,57.006839752197266,64,155648,0.0
2775,101.00980377197266,112,155648,0.0
2776,165.41807556152344,178,155904,0.0
2777,55.92062759399414,65,155904,0.0
2778,41.63407897949219,49,155904,0.0
2779,66.67949676513672,74,155904,0.0
2780,64.46112823486328,77,156160,0.0
2781,29.141399383544922,36,156160,0.0
2782,180.6360626220703,194,156160,0.0
2783,59.365665435791016,66,156160,0.0
2784,50.606266021728516,58,156416,0.0
2785,72.45414733886719,80,156416,0.0
2786,66.66340637207031,74,156416,0.0
2787,183.69622802734375,198,156416,0.0
2788,65.15997314453125,74,156672,0.0
2789,36.62353515625,43,156672,0.0
2790,38.93961715698242,46,156928,0.0
2791,92.2251968383789,103,156928,0.0
2792,64.01139831542969,72,156928,0.0
2793,183.24176025390625,197,156928,0.0
2794,68.001708984375,80,156928,0.0
2795,182.74510192871094,197,157184,0.0
2796,73.25670623779297,81,157184,0.0
2797,56.74521255493164,63,157184,0.0
2798,68.45492553710938,76,157440,0.0
2799,43.154415130615234,49,157440,0.0
2800,66.97785186767578,78,157440,0.0
2801,179.81436157226562,193,157440,0.0
2802,56.68220901489258,65,157440,0.0
2803,64.00444030761719,71,157696,0.0
2804,61.58768081665039,69,157696,0.0
2805,51.07390594482422,57,157696,0.0
2806,48.174129486083984,55,157696,0.0
2807,43.695457458496094,52,157696,0.0
2808,40.66264724731445,48,157952,0.0
2809,72.15731048583984,80,157952,0.0
2810,70.24040985107422,78,157952,0.0
2811,67.47390747070312,76,157952,0.0
2812,70.5193099975586,79,157952,0.0
2813,72.00045776367188,80,157952,0.0
2814,70.9044189453125,79,157952,0.0
2815,99.38373565673828,112,158208,0.0
2816,54.50685119628906,65,158208,0.0
2817,187.5533447265625,201,158208,0.0
2818,185.57913208007812,199,158208,0.0
2819,187.9046173095703,201,158208,0.0
2820,117.6142578125,130,158208,0.0
2821,70.44024658203125,82,158464,0.0
2822,55.495361328125,62,158464,0.0
2823,60.95055389404297,68,158464,0.0
2824,53.75059127807617,63,158464,0.0
2825,67.22797393798828,76,158720,0.0
2826,70.81224822998047,83,158720,0.0
2827,38.992923736572266,45,158720,0.0
2828,68.28250885009766,80,158720,0.0
2829,121.6338882446289,134,158720,0.0
2830,63.130767822265625,70,158976,0.0
2831,137.71286010742188,151,158976,0.0
2832,62.43334197998047,71,158976,0.0
2833,191.50843811035156,205,158976,0.0
2834,72.03932189941406,83,159232,0.0
2835,103.28199768066406,114,159232,0.0
2836,86.5073471069336,99,159232,0.0
2837,108.49578857421875,121,159232,0.0
2838,34.251773834228516,40,159232,0.0
2839,71.80531311035156,83,159232,0.0
2840,130.01434326171875,142,159232,0.0
2841,40.31179428100586,47,159488,0.0
2842,77.92903900146484,86,159488,0.0
2843,151.16395568847656,163,159488,0.0
2844,61.651832580566406,70,159488,0.0
2845,74.52906036376953,86,159488,0.0
2846,118.83998107910156,131,159488,0.0
2847,74.034423828125,85,159488,0.0
2848,78.23324584960938,87,159744,0.0
2849,35.11000442504883,41,159744,0.0
2850,69.91525268554688,78,159744,0.0
2851,54.91345977783203,62,159744,0.0
2852,115.64772033691406,128,159744,0.0
2853,72.89826965332031,81,159744,0.0
2854,69.73623657226562,81,160000,0.0
2855,71.37407684326172,83,160000,0.0
2856,118.47583770751953,130,160000,0.0
2857,58.29104232788086,67,160000,0.0
2858,193.17051696777344,206,160000,0.0
2859,76.02649688720703,88,160000,0.0
2860,73.08552551269531,82,160000,0.0
2861,180.18907165527344,192,160000,0.0
2862,48.93730926513672,55,160000,0.0
2863,72.97630310058594,81,160000,0.0
2864,78.50450897216797,87,160256,0.0
2865,56.02485656738281,63,160256,0.0
2866,113.98030853271484,126,160256,0.0
2867,80.26669311523438,92,160256,0.0
2868,119.37052917480469,132,160512,0.0
2869,126.61046600341797,139,160512,0.0
2870,75.93558502197266,85,160512,0.0
2871,74.77759552001953,83,160768,0.0
2872,81.85281372070312,94,160768,0.0
2873,81.07648468017578,93,160768,0.0
2874,144.6605224609375,157,160768,0.0
2875,17.52710723876953,23,160768,0.0
2876,76.63623046875,88,160768,0.0
2877,79.7861557006836,92,160768,0.0
2878,66.01873779296875,74,161024,0.0
2879,87.53562927246094,99,161024,0.0
2880,34.33734893798828,41,161024,0.0
2881,119.81226348876953,132,161024,0.0
2882,48.19464111328125,55,161024,0.0
2883,78.58171844482422,87,161024,0.0
2884,44.514366149902344,52,161280,0.0
2885,97.58562469482422,107,161280,0.0
2886,31.129629135131836,37,161280,0.0
2887,34.809051513671875,41,161280,0.0
2888,87.68889617919922,100,161280,0.0
2889,59.412757873535156,66,161280,0.0
2890,82.82412719726562,94,161280,0.0
2891,79.47553253173828,91,161280,0.0
2892,62.07784652709961,73,161280,0.0
2893,35.6677360534668,42,161280,0.0
2894,84.87323760986328,96,161280,0.0
2895,80.36692810058594,89,161536,0.0
2896,77.61280059814453,88,161536,0.0
2897,91.3895263671875,103,161536,0.0
2898,85.09357452392578,95,161536,0.0
2899,79.6614990234375,89,161536,0.0
2900,83.2601089477539,95,161536,0.0
2901,73.01591491699219,81,161792,0.0
2902,44.240909576416016,51,161792,0.0
2903,85.59368896484375,96,161792,0.0
2904,134.17813110351562,146,161792,0.0
2905,76.60885620117188,87,161792,0.0
2906,96.55754852294922,108,161792,0.0
2907,75.1867446899414,84,161792,0.0
2908,80.46289825439453,91,161792,0.0
2909,74.59303283691406,82,161792,0.0
2910,78.85265350341797,90,162048,0.0
2911,144.50445556640625,156,162048,0.0
2912,80.15460968017578,91,162048,0.0
2913,79.75238037109375,91,162048,0.0
2914,113.4327621459961,125,162304,0.0
2915,75.48783874511719,85,162304,0.0
2916,113.88745880126953,125,162304,0.0
2917,86.18597412109375,97,162304,0.0
2918,87.0346908569336,98,162304,0.0
2919,23.26093101501465,29,162304,0.0
2920,69.40999603271484,79,162304,0.0
2921,204.42642211914062,217,162304,0.0
2922,84.54122161865234,94,162560,0.0
2923,88.77825164794922,100,162560,0.0
2924,143.43177795410156,155,162560,0.0
2925,89.74894714355469,100,162560,0.0
2926,128.42184448242188,140,162560,0.0
2927,193.50448608398438,204,162560,0.0
2928,149.81027221679688,162,162560,0.0
2929,85.93057250976562,96,162816,0.0
2930,78.47688293457031,88,162816,0.0
2931,129.171142578125,141,162816,0.0
2932,81.13502502441406,92,162816,0.0
2933,86.27865600585938,97,162816,0.0
2934,48.381629943847656,54,162816,0.0
2935,138.0353240966797,149,162816,0.0
2936,205.1415252685547,217,162816,0.0
2937,27.848865509033203,34,162816,0.0
2938,60.34711837768555,69,162816,0.0
2939,52.74082565307617,59,163072,0.0
2940,115.00582885742188,126,163072,0.0
2941,57.77252197265625,64,163072,0.0
2942,91.71771240234375,102,163072,0.0
2943,88.77591705322266,100,163072,0.0
2944,120.9201889038086,132,163072,0.0
2945,19.72411346435547,25,163072,0.0
2946,66.9656982421875,77,163072,0.0
2947,18.806514739990234,24,163072,0.0
2948,76.02863311767578,85,163328,0.0
2949,89.20575714111328,100,163328,0.0
2950,73.48023986816406,83,163328,0.0
2951,45.1399040222168,51,163328,0.0
2952,21.530975341796875,27,163328,0.0
2953,86.09767150878906,97,163328,0.0
2954,86.8180160522461,98,163328,0.0
2955,117.00960540771484,128,163328,0.0
2956,90.63124084472656,101,163328,0.0
2957,77.04817199707031,87,163584,0.0
2958,66.40129852294922,75,163584,0.0
2959,91.74027252197266,101,163584,0.0
2960,117.59581756591797,129,163584,0.0
2961,127.08316802978516,138,163840,0.0
2962,33.36201858520508,39,163840,0.0
2963,123.33151245117188,134,163840,0.0
2964,193.7261962890625,205,163840,0.0
2965,24.523473739624023,30,163840,0.0
2966,88.32931518554688,99,163840,0.0
2967,90.04167938232422,100,163840,0.0
2968,28.33871841430664,34,164096,0.0
2969,85.4620132446289,96,164096,0.0
2970,90.42194366455078,100,164096,0.0
2971,193.6267547607422,205,164096,0.0
2972,133.9861297607422,145,164096,0.0
2973,50.911773681640625,57,164096,0.0
2974,149.44859313964844,161,164096,0.0
2975,47.02522277832031,53,164096,0.0
2976,36.63684844970703,42,164096,0.0
2977,210.58984375,222,164352,0.0
2978,94.25106811523438,105,164352,0.0
2979,137.94956970214844,149,164352,0.0
2980,22.4211483001709,28,164352,0.0
2981,62.28690719604492,69,164352,0.0
2982,98.1723403930664,109,164608,0.0
2983,205.14627075195312,216,164608,0.0
2984,83.13117980957031,92,164608,0.0
2985,115.7498779296875,126,164608,0.0
2986,84.34724426269531,94,164608,0.0
2987,18.570613861083984,24,164864,0.0
2988,98.62622833251953,109,164864,0.0
2989,150.36866760253906,161,164864,0.0
2990,16.80030059814453,22,164864,0.0
2991,203.72177124023438,215,164864,0.0
2992,19.502260208129883,25,165120,0.0
2993,115.83356475830078,127,165120,0.0
2994,14.95527458190918,20,165120,0.0
2995,32.66600799560547,38,165376,0.0
2996,17.702497482299805,23,165376,0.0
2997,25.03642463684082,30,165376,0.0
2998,23.307897567749023,29,165632,0.0
2999,39.75190734863281,46,165632,0.0
3000,215.31834411621094,227,165632,0.0
3001,16.776906967163086,22,165632,0.0
3002,39.959205627441406,46,165632,0.0
3003,25.233068466186523,31,165888,0.0
3004,33.95349884033203,39,165888,0.0
3005,95.18643188476562,105,165888,0.0
3006,29.31608009338379,35,165888,0.0
3007,100.21266174316406,110,165888,0.0
3008,28.201236724853516,34,165888,0.0
3009,100.46041107177734,110,165888,0.0
3010,34.60319519042969,40,165888,0.0
3011,45.48368835449219,51,165888,0.0
3012,157.3843994140625,168,166144,0.0
3013,23.345109939575195,29,166144,0.0
3014,128.65988159179688,139,166144,0.0
3015,126.88223266601562,137,166144,0.0
3016,163.80838012695312,174,166144,0.0
3017,17.791240692138672,23,166400,0.0
3018,20.149246215820312,25,166400,0.0
3019,150.36109924316406,160,166400,0.0
3020,23.4825496673584,29,166400,0.0
3021,35.13983917236328,41,166656,0.0
3022,33.45579528808594,39,166656,0.0
3023,24.61007308959961,30,166656,0.0
3024,209.1020965576172,218,166656,0.0
3025,25.231040954589844,31,166656,0.0
3026,33.40189743041992,39,166912,0.0
3027,204.90216064453125,215,166912,0.0
3028,29.230213165283203,35,166912,0.0
3029,157.79330444335938,168,166912,0.0
3030,31.312456130981445,37,166912,0.0
3031,43.417171478271484,49,167168,0.0
3032,213.88104248046875,223,167168,0.0
3033,15.818429946899414,21,167168,0.0
3034,179.6744842529297,190,167168,0.0
3035,38.811119079589844,44,167168,0.0
3036,152.0255584716797,162,167424,0.0
3037,26.06200408935547,32,167424,0.0
3038,29.810890197753906,35,167424,0.0
3039,18.829421997070312,24,167424,0.0
3040,35.371421813964844,41,167424,0.0
3041,30.087202072143555,36,167424,0.0
3042,39.67096710205078,45,167680,0.0
3043,34.32744216918945,40,167680,0.0
3044,25.530696868896484,31,167680,0.0
3045,17.686660766601562,23,167680,0.0
3046,34.6291389465332,40,167680,0.0
3047,151.39459228515625,161,167680,0.0
3048,21.48981475830078,27,167680,0.0
3049,24.53472328186035,30,167680,0.0
3050,36.851470947265625,42,167680,0.0
3051,42.62460708618164,48,167936,0.0
3052,22.743343353271484,28,167936,0.0
3053,14.937817573547363,20,167936,0.0
3054,29.540571212768555,35,167936,0.0
3055,18.581918716430664,24,167936,0.0
3056,126.2459487915039,136,167936,0.0
3057,20.531423568725586,26,167936,0.0
3058,175.38072204589844,185,168192,0.0
3059,17.940717697143555,23,168192,0.0
3060,176.53533935546875,186,168192,0.0
3061,45.38710403442383,51,168192,0.0
3062,220.96127319335938,231,168192,0.0
3063,34.9945182800293,41,168192,0.0
3064,40.93389892578125,47,168192,0.0
3065,28.146949768066406,34,168192,0.0
3066,48.240745544433594,54,168192,0.0
3067,176.45115661621094,186,168192,0.0
3068,43.0357666015625,49,168448,0.0
3069,18.749486923217773,24,168448,0.0
3070,34.60493469238281,40,168448,0.0
3071,30.191204071044922,36,168448,0.0
3072,30.193326950073242,36,168448,0.0
3073,22.688064575195312,28,168448,0.0
3074,41.52738571166992,47,168448,0.0
3075,222.76991271972656,232,168704,0.0
3076,19.587846755981445,25,168704,0.0
3077,29.17469024658203,35,168704,0.0
3078,131.75802612304688,141,168704,0.0
3079,31.41978645324707,37,168704,0.0
3080,180.7132568359375,190,168704,0.0
3081,31.105789184570312,37,168704,0.0
3082,42.58098220825195,48,168704,0.0
3083,24.91357421875,30,168704,0.0
3084,23.262983322143555,29,168704,0.0
3085,38.86822509765625,44,168704,0.0
3086,19.522056579589844,25,168960,0.0
3087,32.647003173828125,38,168960,0.0
3088,31.13614845275879,37,168960,0.0
3089,35.905029296875,41,168960,0.0
3090,19.653079986572266,25,168960,0.0
3091,14.024866104125977,19,168960,0.0
3092,35.726436614990234,41,168960,0.0
3093,40.57100296020508,46,168960,0.0
3094,37.87158203125,43,168960,0.0
3095,22.753551483154297,28,168960,0.0
3096,26.947505950927734,32,168960,0.0
3097,213.9627227783203,222,169216,0.0
3098,30.637834548950195,36,169216,0.0
3099,46.30512237548828,52,169216,0.0
3100,27.55976104736328,33,169216,0.0
3101,26.88043975830078,32,169216,0.0
3102,19.525104522705078,25,169216,0.0
3103,21.652278900146484,27,169216,0.0
3104,24.56559944152832,30,169216,0.0
3105,19.619220733642578,25,169472,0.0
3106,161.1644287109375,171,169472,0.0
3107,40.27229690551758,46,169472,0.0
3108,25.191356658935547,31,169472,0.0
3109,31.658790588378906,37,169472,0.0
3110,26.770891189575195,32,169472,0.0
3111,46.44561004638672,52,169728,0.0
3112,20.810089111328125,26,169728,0.0
3113,33.78685760498047,40,169728,0.0
3114,39.55332946777344,45,169728,0.0
3115,184.59078979492188,193,169728,0.0
3116,39.77523422241211,45,169728,0.0
3117,48.892513275146484,55,169728,0.0
3118,41.64335250854492,47,169728,0.0
3119,30.96291732788086,36,169728,0.0
3120,34.998146057128906,40,169728,0.0
3121,38.774105072021484,44,169728,0.0
3122,34.858428955078125,40,169728,0.0
3123,31.742149353027344,37,169728,0.0
3124,30.68734359741211,36,169984,0.0
3125,211.9797821044922,221,169984,0.0
3126,33.79069900512695,39,169984,0.0
3127,226.85499572753906,236,169984,0.0
3128,41.615543365478516,47,169984,0.0
3129,29.738548278808594,35,169984,0.0
3130,41.400001525878906,47,169984,0.0
3131,19.46310043334961,25,169984,0.0
3132,27.439281463623047,33,170240,0.0
3133,32.816383361816406,38,170240,0.0
3134,39.937408447265625,45,170240,0.0
3135,16.806955337524414,22,170240,0.0
3136,42.59281539916992,48,170240,0.0
3137,42.3257942199707,48,170496,0.0
3138,25.867830276489258,31,170496,0.0
3139,181.84877014160156,190,170496,0.0
3140,23.838945388793945,29,170496,0.0
3141,171.79261779785156,181,170496,0.0
3142,36.88100051879883,42,170496,0.0
3143,45.391178131103516,51,170752,0.0
3144,23.25005531311035,29,170752,0.0
3145,36.82795333862305,42,170752,0.0
3146,23.76911163330078,29,170752,0.0
3147,26.368881225585938,32,170752,0.0
3148,21.729036331176758,27,170752,0.0
3149,24.734668731689453,30,170752,0.0
3150,25.667356491088867,31,170752,0.0
3151,185.51417541503906,195,170752,0.0
3152,31.5032901763916,37,170752,0.0
3153,20.79886245727539,26,171008,0.0
3154,33.904151916503906,39,171008,0.0
3155,200.6741485595703,209,171008,0.0
3156,16.942649841308594,22,171008,0.0
3157,45.4793815612793,51,171008,0.0
3158,15.046441078186035,20,171008,0.0
3159,30.11557388305664,36,171008,0.0
3160,26.439565658569336,32,171008,0.0
3161,17.731985092163086,23,171264,0.0
3162,27.422515869140625,33,171264,0.0
3163,40.5991325378418,46,171264,0.0
3164,47.99187469482422,54,171264,0.0
3165,39.55064392089844,45,171520,0.0
3166,198.6336212158203,207,171520,0.0
3167,35.77079772949219,41,171520,0.0
3168,43.510780334472656,49,171520,0.0
3169,33.69975662231445,39,171520,0.0
3170,34.893829345703125,40,171520,0.0
3171,39.64376449584961,45,171776,0.0
3172,22.79816246032715,28,171776,0.0
3173,23.645320892333984,29,171776,0.0
3174,41.40916442871094,47,171776,0.0
3175,37.15983963012695,43,171776,0.0
3176,39.439186096191406,45,171776,0.0
3177,174.9141387939453,185,171776,0.0
3178,186.9525604248047,196,171776,0.0
3179,25.70459747314453,31,171776,0.0
3180,29.08568000793457,35,171776,0.0
3181,27.717365264892578,33,172032,0.0
3182,30.46982192993164,36,172032,0.0
3183,28.747095108032227,34,172032,0.0
3184,19.80158233642578,25,172032,0.0
3185,33.5426139831543,39,172032,0.0
3186,18.639835357666016,24,172288,0.0
3187,30.385652542114258,36,172288,0.0
3188,35.39604568481445,41,172288,0.0
3189,42.69248580932617,48,172288,0.0
3190,39.8070068359375,45,172288,0.0
3191,28.54762077331543,34,172544,0.0
3192,35.74826431274414,41,172544,0.0
3193,39.405941009521484,45,172544,0.0
3194,27.744651794433594,33,172544,0.0
3195,25.619117736816406,31,172544,0.0
3196,38.19867706298828,44,172544,0.0
3197,31.534753799438477,37,172544,0.0
3198,33.83375930786133,39,172800,0.0
3199,36.56102752685547,42,172800,0.0
3200,20.817167282104492,26,172800,0.0
3201,29.533695220947266,35,172800,0.0
3202,17.784196853637695,23,172800,0.0
3203,39.22438049316406,45,172800,0.0
3204,38.272891998291016,44,172800,0.0
3205,36.85695266723633,42,173056,0.0
3206,46.029945373535156,52,173056,0.0
3207,16.023157119750977,21,173056,0.0
3208,23.384767532348633,29,173056,0.0
3209,21.622020721435547,27,173056,0.0
3210,46.33207702636719,52,173056,0.0
3211,33.808841705322266,39,173056,0.0
3212,20.015644073486328,25,173056,0.0
3213,35.05984115600586,41,173056,0.0
3214,40.61521911621094,46,173056,0.0
3215,38.729557037353516,44,173056,0.0
3216,45.00537872314453,51,173312,0.0
3217,23.528587341308594,29,173312,0.0
3218,24.77759552001953,30,173312,0.0
3219,37.918914794921875,43,173312,0.0
3220,41.393043518066406,47,173568,0.0
3221,38.82768630981445,44,173568,0.0
3222,31.469423294067383,37,173568,0.0
3223,35.32151412963867,41,173824,0.0
3224,36.86589813232422,42,173824,0.0
3225,41.78062057495117,47,174080,0.0
3226,19.901899337768555,25,174080,0.0
3227,30.235702514648438,36,174080,0.0
3228,18.727258682250977,24,174080,0.0
3229,19.680278778076172,25,174080,0.0
3230,39.83402633666992,45,174080,0.0
3231,39.76924514770508,45,174080,0.0
3232,44.55379867553711,50,174080,0.0
3233,38.948123931884766,44,174080,0.0
3234,34.80076217651367,40,174080,0.0
3235,19.849849700927734,25,174080,0.0
3236,36.76725769042969,42,174080,0.0
3237,26.732601165771484,32,174080,0.0
3238,30.94737434387207,36,174080,0.0
3239,16.94463539123535,22,174336,0.0
3240,39.70684051513672,45,174336,0.0
3241,41.571327209472656,47,174336,0.0
3242,13.233311653137207,18,174336,0.0
3243,24.385604858398438,30,174336,0.0
3244,15.091875076293945,20,174336,0.0
3245,44.48152542114258,50,174336,0.0
3246,34.581172943115234,40,174336,0.0
3247,30.703670501708984,36,174336,0.0
3248,31.60064697265625,37,174336,0.0
3249,25.66231346130371,31,174336,0.0
3250,19.91878890991211,25,174592,0.0
3251,16.024944305419922,21,174592,0.0
3252,26.39814567565918,32,174592,0.0
3253,26.41747283935547,32,174592,0.0
3254,22.612852096557617,28,174592,0.0
3255,28.81571388244629,34,174592,0.0
3256,38.75543975830078,44,174592,0.0
3257,38.42390060424805,44,174592,0.0
3258,36.66992950439453,42,174592,0.0
3259,22.98309326171875,28,174592,0.0
3260,32.06357955932617,37,174848,0.0
3261,37.36134719848633,43,174848,0.0
3262,21.95433807373047,27,174848,0.0
3263,38.49187469482422,44,174848,0.0
3264,23.366666793823242,29,174848,0.0
3265,30.021728515625,35,174848,0.0
3266,39.33882141113281,45,174848,0.0
3267,36.75628662109375,42,174848,0.0
3268,36.75445556640625,42,174848,0.0
3269,37.44813537597656,43,175104,0.0
3270,20.088253021240234,25,175104,0.0
3271,18.891788482666016,24,175104,0.0
3272,19.506494522094727,25,175104,0.0
3273,46.28272247314453,52,175104,0.0
3274,22.77302360534668,28,175104,0.0
3275,22.46274185180664,28,175104,0.0
3276,39.42789077758789,45,175104,0.0
3277,35.7737922668457,41,175104,0.0
3278,37.216209411621094,43,175360,0.0
3279,38.70267105102539,44,175360,0.0
3280,22.539636611938477,28,175360,0.0
3281,20.152856826782227,25,175360,0.0
3282,24.887784957885742,30,175360,0.0
3283,36.75714111328125,42,175360,0.0
3284,35.087581634521484,41,175360,0.0
3285,31.646564483642578,37,175360,0.0
3286,18.7659969329834,24,175616,0.0
3287,43.534210205078125,49,175616,0.0
3288,32.847877502441406,38,175616,0.0
3289,21.859914779663086,27,175616,0.0
3290,39.835723876953125,45,175616,0.0
3291,28.603940963745117,34,175616,0.0
3292,34.01369857788086,39,175616,0.0
3293,18.971750259399414,24,175616,0.0
3294,36.99247360229492,42,175872,0.0
3295,21.266860961914062,27,175872,0.0
3296,30.917972564697266,36,175872,0.0
3297,43.55646514892578,49,175872,0.0
3298,22.6794376373291,28,175872,0.0
3299,23.451274871826172,29,175872,0.0
3300,15.842666625976562,21,176128,0.0
3301,27.546255111694336,33,176128,0.0
3302,34.70771408081055,40,176128,0.0
3303,22.45755958557129,28,176128,0.0
3304,30.711849212646484,36,176128,0.0
3305,20.949722290039062,26,176128,0.0
3306,40.657230377197266,46,176128,0.0
3307,37.78666687011719,43,176128,0.0
3308,27.72539520263672,33,176128,0.0
3309,35.523033142089844,41,176128,0.0
3310,18.828102111816406,24,176384,0.0
3311,28.791444778442383,34,176384,0.0
3312,17.65514373779297,23,176384,0.0
3313,22.595823287963867,28,176384,0.0
3314,29.49212646484375,35,176384,0.0
3315,36.00067901611328,41,176384,0.0
3316,21.03028106689453,26,176384,0.0
3317,25.64208984375,31,176384,0.0
3318,24.286787033081055,30,176640,0.0
3319,25.704647064208984,31,176640,0.0
3320,20.594013214111328,26,176640,0.0
3321,27.435930252075195,33,176640,0.0
3322,17.956113815307617,23,176640,0.0
3323,29.02107048034668,34,176640,0.0
3324,21.764917373657227,27,176640,0.0
3325,34.393821716308594,40,176896,0.0
3326,28.798864364624023,34,176896,0.0
3327,28.04909896850586,33,176896,0.0
3328,32.991371154785156,38,176896,0.0
3329,28.505273818969727,34,176896,0.0
3330,29.026548385620117,34,176896,0.0
3331,31.64273452758789,37,177152,0.0
3332,18.761638641357422,24,177152,0.0
3333,44.392913818359375,50,177152,0.0
3334,33.2987060546875,39,177152,0.0
3335,25.83361053466797,31,177152,0.0
3336,21.91159439086914,27,177152,0.0
3337,34.85596466064453,40,177152,0.0
3338,37.86088943481445,43,177152,0.0
3339,43.5295524597168,49,177408,0.0
3340,23.959468841552734,29,177408,0.0
3341,18.674367904663086,24,177408,0.0
3342,24.85025405883789,30,177408,0.0
3343,16.95966339111328,22,177408,0.0
3344,28.3138427734375,34,177408,0.0
3345,30.704246520996094,36,177664,0.0
3346,33.11720275878906,38,177664,0.0
3347,25.64052963256836,31,177664,0.0
3348,22.949417114257812,28,177664,0.0
3349,19.798667907714844,25,177664,0.0
3350,22.14267349243164,27,177664,0.0
3351,17.836576461791992,23,177664,0.0
3352,35.87306213378906,41,177664,0.0
3353,32.5471305847168,38,177920,0.0
3354,15.901952743530273,21,177920,0.0
3355,25.617326736450195,31,177920,0.0
3356,38.7593879699707,44,177920,0.0
3357,40.6555061340332,46,177920,0.0
3358,26.800487518310547,32,177920,0.0
3359,21.83759117126465,27,177920,0.0
3360,29.950767517089844,35,177920,0.0
3361,31.651823043823242,37,178176,0.0
3362,27.580978393554688,33,178176,0.0
3363,26.808879852294922,32,178176,0.0
3364,38.89552688598633,44,178176,0.0
3365,19.84290313720703,25,178176,0.0
3366,40.75615310668945,46,178176,0.0
3367,31.503389358520508,37,178176,0.0
3368,21.763916015625,27,178432,0.0
3369,21.684829711914062,27,178432,0.0
3370,34.92338562011719,40,178432,0.0
3371,37.84189224243164,43,178432,0.0
3372,37.81188201904297,43,178432,0.0
3373,38.59117889404297,44,178432,0.0
3374,35.064979553222656,40,178432,0.0
3375,20.638174057006836,26,178688,0.0
3376,17.153223037719727,22,178688,0.0
3377,16.78649139404297,22,178944,0.0
3378,32.60993576049805,38,178944,0.0
3379,25.871524810791016,31,178944,0.0
3380,26.787893295288086,32,178944,0.0
3381,16.17704963684082,21,178944,0.0
3382,18.046180725097656,23,178944,0.0
3383,20.967864990234375,26,178944,0.0
3384,34.90106964111328,40,179200,0.0
3385,34.817996978759766,40,179200,0.0
3386,20.925607681274414,26,179200,0.0
3387,28.695537567138672,34,179200,0.0
3388,34.92789840698242,40,179200,0.0
3389,18.88425064086914,24,179200,0.0
3390,31.565311431884766,37,179200,0.0
3391,22.947092056274414,28,179200,0.0
3392,24.554798126220703,30,179200,0.0
3393,33.44095993041992,39,179200,0.0
3394,33.05934524536133,38,179456,0.0
3395,23.832202911376953,29,179456,0.0
3396,42.64860534667969,48,179456,0.0
3397,25.762413024902344,31,179456,0.0
3398,22.74591827392578,28,179456,0.0
3399,39.61827850341797,45,179456,0.0
3400,15.90989875793457,21,179456,0.0
3401,36.62675857543945,42,179456,0.0
3402,25.972702026367188,31,179712,0.0
3403,33.811553955078125,39,179712,0.0
3404,36.8190803527832,42,179712,0.0
3405,23.66338539123535,29,179712,0.0
3406,22.684663772583008,28,179712,0.0
3407,17.654672622680664,23,179712,0.0
3408,16.835561752319336,22,179712,0.0
3409,33.974212646484375,39,179968,0.0
3410,39.40515899658203,45,179968,0.0
3411,38.84157180786133,44,179968,0.0
3412,30.569049835205078,36,179968,0.0
3413,33.47582244873047,39,179968,0.0
3414,35.880306243896484,41,179968,0.0
3415,16.74948501586914,22,179968,0.0
3416,35.7870979309082,41,179968,0.0
3417,17.78704261779785,23,179968,0.0
3418,17.82444953918457,23,179968,0.0
3419,21.99181365966797,27,180224,0.0
3420,35.786800384521484,41,180224,0.0
3421,20.58970069885254,26,180224,0.0
3422,40.83303451538086,46,180224,0.0
3423,23.775856018066406,29,180224,0.0
3424,40.23308181762695,46,180224,0.0
3425,24.733287811279297,30,180224,0.0
3426,38.03181838989258,43,180224,0.0
3427,39.840213775634766,45,180480,0.0
3428,21.710491180419922,27,180480,0.0
3429,18.803503036499023,24,180480,0.0
3430,29.32583999633789,35,180480,0.0
3431,29.126201629638672,34,180480,0.0
3432,35.128578186035156,40,180736,0.0
3433,34.64628219604492,40,180736,0.0
3434,39.57740020751953,45,180736,0.0
3435,36.965354919433594,42,180736,0.0
3436,34.98812484741211,40,180736,0.0
3437,17.67631721496582,23,180736,0.0
3438,37.763328552246094,43,180736,0.0
3439,23.62129783630371,29,180736,0.0
3440,43.548824310302734,49,180736,0.0
3441,17.882951736450195,23,180736,0.0
3442,33.920223236083984,39,180736,0.0
3443,38.80815887451172,44,180992,0.0
3444,31.616558074951172,37,180992,0.0
3445,15.868834495544434,21,180992,0.0
3446,18.741783142089844,24,180992,0.0
3447,37.86434555053711,43,180992,0.0
3448,18.727880477905273,24,180992,0.0
3449,25.955257415771484,31,180992,0.0
3450,31.78619956970215,37,181248,0.0
3451,34.727508544921875,40,181248,0.0
3452,32.0683708190918,37,181248,0.0
3453,18.06772804260254,23,181248,0.0
3454,36.562557220458984,42,181504,0.0
3455,38.41538619995117,44,181504,0.0
3456,22.867279052734375,28,181504,0.0
3457,32.66587448120117,38,181504,0.0
3458,38.80742645263672,44,181504,0.0
3459,20.759109497070312,26,181760,0.0
3460,42.55562210083008,48,181760,0.0
3461,39.725833892822266,45,181760,0.0
3462,13.208780288696289,18,181760,0.0
3463,29.947114944458008,35,181760,0.0
3464,17.932580947875977,23,181760,0.0
3465,24.684534072875977,30,182016,0.0
3466,25.5361328125,31,182016,0.0
3467,23.923728942871094,29,182016,0.0
3468,38.84803771972656,44,182016,0.0
3469,36.79518127441406,42,182016,0.0
3470,38.997352600097656,44,182272,0.0
3471,15.084771156311035,20,182272,0.0
3472,16.87084197998047,22,182272,0.0
3473,25.98670768737793,31,182272,0.0
3474,38.83361053466797,44,182272,0.0
3475,30.883392333984375,36,182272,0.0
3476,40.646671295166016,46,182528,0.0
3477,36.96980285644531,42,182528,0.0
3478,23.957637786865234,29,182528,0.0
3479,20.693735122680664,26,182528,0.0
3480,22.920093536376953,28,182528,0.0
3481,40.69432067871094,46,182784,0.0
3482,37.704776763916016,43,182784,0.0
3483,20.84931182861328,26,182784,0.0
3484,28.23834991455078,34,182784,0.0
3485,20.025094985961914,25,182784,0.0
3486,16.9847412109375,22,182784,0.0
3487,19.945268630981445,25,182784,0.0
3488,23.98905372619629,29,182784,0.0
3489,16.077239990234375,21,183040,0.0
3490,36.8704948425293,42,183040,0.0
3491,35.842529296875,41,183040,0.0
3492,21.6181697845459,27,183040,0.0
3493,42.54634475708008,48,183040,0.0
3494,27.686569213867188,33,183040,0.0
3495,21.787729263305664,27,183040,0.0
3496,14.087453842163086,19,183040,0.0
3497,25.911636352539062,31,183296,0.0
3498,35.72962951660156,41,183296,0.0
3499,16.062715530395508,21,183296,0.0
3500,28.78398895263672,34,183296,0.0
3501,27.819110870361328,33,183296,0.0
3502,38.46846008300781,44,183296,0.0
3503,38.79473114013672,44,183296,0.0
3504,29.765941619873047,35,183552,0.0
3505,30.522960662841797,36,183552,0.0
3506,19.555355072021484,25,183552,0.0
3507,31.995647430419922,37,183552,0.0
3508,30.703943252563477,36,183552,0.0
3509,28.042348861694336,33,183552,0.0
3510,23.8953857421875,29,183552,0.0
3511,30.805339813232422,36,183552,0.0
3512,34.714542388916016,40,183552,0.0
3513,31.85848045349121,37,183552,0.0
3514,18.09357261657715,23,183552,0.0
3515,30.107921600341797,35,183552,0.0
3516,24.943099975585938,30,183808,0.0
3517,38.80403137207031,44,183808,0.0
3518,36.73773193359375,42,183808,0.0
3519,32.848873138427734,38,183808,0.0
3520,36.73843765258789,42,183808,0.0
3521,20.714252471923828,26,183808,0.0
3522,44.539527893066406,50,183808,0.0
3523,22.683151245117188,28,183808,0.0
3524,14.085176467895508,19,184064,0.0
3525,27.00839614868164,32,184064,0.0
3526,44.32040786743164,50,184064,0.0
3527,16.95069122314453,22,184064,0.0
3528,33.98393249511719,39,184064,0.0
3529,22.609176635742188,28,184064,0.0
3530,38.8100700378418,44,184320,0.0
3531,31.81496810913086,37,184320,0.0
3532,33.053131103515625,38,184320,0.0
3533,38.82640075683594,44,184320,0.0
3534,31.80242156982422,37,184320,0.0
3535,18.84597396850586,24,184320,0.0
3536,41.535491943359375,47,184320,0.0
3537,39.83129119873047,45,184320,0.0
3538,29.695167541503906,35,184576,0.0
3539,40.69111251831055,46,184576,0.0
3540,31.801301956176758,37,184576,0.0
3541,24.84966468811035,30,184576,0.0
3542,36.94009017944336,42,184576,0.0
3543,33.63493347167969,39,184576,0.0
3544,40.63874816894531,46,184576,0.0
3545,16.013381958007812,21,184576,0.0
3546,16.846912384033203,22,184832,0.0
3547,40.766502380371094,46,184832,0.0
3548,36.81575393676758,42,184832,0.0
3549,30.50699806213379,36,184832,0.0
3550,26.036685943603516,31,184832,0.0
3551,15.011896133422852,20,184832,0.0
3552,21.796411514282227,27,184832,0.0
3553,42.50925827026367,48,184832,0.0
3554,18.82423973083496,24,184832,0.0
3555,16.0892276763916,21,184832,0.0
3556,15.835993766784668,21,185088,0.0
3557,29.5447940826416,35,185088,0.0
3558,26.899322509765625,32,185088,0.0
3559,18.085792541503906,23,185088,0.0
3560,28.49848747253418,34,185088,0.0
3561,41.53820037841797,47,185088,0.0
3562,42.609527587890625,48,185088,0.0
3563,17.859516143798828,23,185088,0.0
3564,31.65860939025879,37,185344,0.0
3565,37.31053161621094,43,185344,0.0
3566,34.69631576538086,40,185344,0.0
3567,24.39166831970215,30,185344,0.0
3568,28.482179641723633,34,185344,0.0
3569,32.987083435058594,38,185344,0.0
3570,28.96515655517578,34,185344,0.0
3571,38.783790588378906,44,185600,0.0
3572,39.637451171875,45,185600,0.0
3573,39.71243667602539,45,185600,0.0
3574,33.80152130126953,39,185600,0.0
3575,14.130457878112793,19,185600,0.0
3576,21.997554779052734,27,185600,0.0
3577,27.10515785217285,32,185600,0.0
3578,35.36717987060547,41,185600,0.0
3579,17.99105453491211,23,185856,0.0
3580,37.91802978515625,43,185856,0.0
3581,35.841957092285156,41,185856,0.0
3582,27.908878326416016,33,185856,0.0
3583,14.088822364807129,19,185856,0.0
3584,33.957645416259766,39,186112,0.0
3585,27.085241317749023,32,186112,0.0
3586,24.726762771606445,30,186112,0.0
3587,39.79953384399414,45,186112,0.0
3588,33.403053283691406,39,186112,0.0
3589,38.643882751464844,44,186112,0.0
3590,21.96416664123535,27,186112,0.0
3591,40.66571807861328,46,186112,0.0
3592,37.81318283081055,43,186112,0.0
3593,15.984189987182617,21,186368,0.0
3594,30.101049423217773,35,186368,0.0
3595,28.332393646240234,33,186368,0.0
3596,19.0733699798584,24,186368,0.0
3597,26.7098331451416,32,186368,0.0
3598,19.94337272644043,25,186368,0.0
3599,33.87643051147461,39,186368,0.0
3600,37.04347229003906,42,186368,0.0
3601,29.67255210876465,35,186624,0.0
3602,18.880666732788086,24,186624,0.0
3603,19.91424560546875,25,186624,0.0
3604,34.88546371459961,40,186624,0.0
3605,41.6425666809082,47,186624,0.0
3606,35.52057647705078,41,186624,0.0
3607,37.92158889770508,43,186624,0.0
3608,23.915157318115234,29,186624,0.0
3609,38.62228012084961,44,186624,0.0
3610,30.798126220703125,36,186880,0.0
3611,40.56619644165039,46,186880,0.0
3612,44.5407600402832,50,186880,0.0
3613,20.901714324951172,26,186880,0.0
3614,20.89280891418457,26,186880,0.0
3615,22.881999969482422,28,186880,0.0
3616,34.74508285522461,40,187136,0.0
3617,17.1767520904541,22,187136,0.0
3618,43.29401779174805,49,187136,0.0
3619,33.449283599853516,39,187136,0.0
3620,41.6434326171875,47,187136,0.0
3621,40.84871292114258,46,187136,0.0
3622,35.50212478637695,41,187136,0.0
3623,20.802778244018555,26,187136,0.0
3624,18.898168563842773,24,187136,0.0
3625,40.52680206298828,46,187136,0.0
3626,37.85406494140625,43,187136,0.0
3627,21.76961898803711,27,187392,0.0
3628,31.84792709350586,37,187392,0.0
3629,40.7004280090332,46,187392,0.0
3630,23.672651290893555,29,187392,0.0
3631,17.797481536865234,23,187648,0.0
3632,38.674354553222656,44,187648,0.0
3633,40.437171936035156,46,187648,0.0
3634,14.984533309936523,20,187648,0.0
3635,38.80705642700195,44,187648,0.0
3636,28.87259292602539,34,187648,0.0
3637,32.81071853637695,38,187648,0.0
3638,21.578857421875,27,187648,0.0
3639,37.875640869140625,43,187648,0.0
3640,33.07612609863281,38,187648,0.0
3641,17.01927375793457,22,187904,0.0
3642,31.78484535217285,37,187904,0.0
3643,34.77702331542969,40,187904,0.0
3644,35.91672897338867,41,187904,0.0
3645,29.765880584716797,35,187904,0.0
3646,15.240278244018555,20,188160,0.0
3647,42.49178695678711,48,188160,0.0
3648,36.6562614440918,42,188160,0.0
3649,17.840614318847656,23,188160,0.0
3650,14.918272018432617,20,188160,0.0
3651,38.78281784057617,44,188160,0.0
3652,40.662193298339844,46,188160,0.0
3653,36.75685119628906,42,188416,0.0
3654,29.81383514404297,35,188416,0.0
3655,25.429861068725586,31,188416,0.0
3656,29.99445915222168,35,188416,0.0
3657,35.72956085205078,41,188672,0.0
3658,36.10396957397461,41,188672,0.0
3659,24.824609756469727,30,188672,0.0
3660,35.85403823852539,41,188672,0.0
3661,13.14954948425293,18,188672,0.0
3662,41.576438903808594,47,188672,0.0
3663,32.576541900634766,38,188672,0.0
3664,39.816287994384766,45,188928,0.0
3665,22.87615203857422,28,188928,0.0
3666,24.697954177856445,30,188928,0.0
3667,35.86504364013672,41,188928,0.0
3668,35.85032653808594,41,188928,0.0
3669,33.603309631347656,39,188928,0.0
3670,34.14347839355469,39,188928,0.0
3671,16.225778579711914,21,188928,0.0
3672,31.782825469970703,37,188928,0.0
3673,16.94027328491211,22,188928,0.0
3674,18.83929443359375,24,188928,0.0
3675,40.675392150878906,46,188928,0.0
3676,21.115629196166992,26,189184,0.0
3677,31.502946853637695,37,189184,0.0
3678,39.700077056884766,45,189184,0.0
3679,31.477203369140625,37,189184,0.0
3680,36.803993225097656,42,189184,0.0
3681,34.8880615234375,40,189184,0.0
3682,22.058284759521484,27,189184,0.0
3683,41.57925796508789,47,189184,0.0
3684,37.891666412353516,43,189184,0.0
3685,18.809959411621094,24,189440,0.0
3686,31.930673599243164,37,189440,0.0
3687,35.10927963256836,40,189440,0.0
3688,17.87778663635254,23,189440,0.0
3689,16.856626510620117,22,189440,0.0
3690,28.663589477539062,34,189440,0.0
3691,33.63544464111328,39,189440,0.0
3692,27.733898162841797,33,189696,0.0
3693,17.952573776245117,23,189696,0.0
3694,34.64479064941406,40,189696,0.0
3695,32.80546569824219,38,189696,0.0
3696,25.931743621826172,31,189696,0.0
3697,17.986392974853516,23,189952,0.0
3698,18.880565643310547,24,189952,0.0
3699,27.549482345581055,33,189952,0.0
3700,37.025726318359375,42,189952,0.0
3701,33.81684494018555,39,189952,0.0
3702,21.62152671813965,27,189952,0.0
3703,24.027690887451172,29,189952,0.0
3704,19.835176467895508,25,189952,0.0
3705,36.62165451049805,42,189952,0.0
3706,17.817174911499023,23,190208,0.0
3707,38.793846130371094,44,190208,0.0
3708,40.582275390625,46,190208,0.0
3709,17.917293548583984,23,190208,0.0
3710,17.11214256286621,22,190208,0.0
3711,27.874088287353516,33,190208,0.0
3712,19.00564193725586,24,190464,0.0
3713,43.37343978881836,49,190464,0.0
3714,22.74624252319336,28,190464,0.0
3715,36.92340087890625,42,190464,0.0
3716,32.148101806640625,37,190464,0.0
3717,32.577796936035156,38,190464,0.0
3718,21.8406982421875,27,190464,0.0
3719,32.713504791259766,38,190464,0.0
3720,37.66395568847656,43,190464,0.0
3721,35.98358917236328,41,190464,0.0
3722,37.55686569213867,43,190720,0.0
3723,28.682775497436523,34,190720,0.0
3724,28.018962860107422,33,190720,0.0
3725,35.926639556884766,41,190720,0.0
3726,38.85505676269531,44,190720,0.0
3727,18.940736770629883,24,190720,0.0
3728,35.85540008544922,41,190720,0.0
3729,17.085596084594727,22,190720,0.0
3730,17.843183517456055,23,190720,0.0
3731,23.053823471069336,28,190720,0.0
3732,34.95879364013672,40,190976,0.0
3733,24.78780174255371,30,190976,0.0
3734,28.726070404052734,34,190976,0.0
3735,17.090181350708008,22,190976,0.0
3736,17.882144927978516,23,190976,0.0
3737,36.97807693481445,42,190976,0.0
3738,30.88889503479004,36,190976,0.0
3739,34.96542739868164,40,190976,0.0
3740,38.82453536987305,44,191232,0.0
3741,24.870059967041016,30,191232,0.0
3742,31.085918426513672,36,191232,0.0
3743,38.78561019897461,44,191232,0.0
3744,34.95820617675781,40,191232,0.0
3745,18.079608917236328,23,191232,0.0
3746,30.64586639404297,36,191232,0.0
3747,33.11112976074219,38,191232,0.0
3748,21.98375701904297,27,191488,0.0
3749,38.82282257080078,44,191488,0.0
3750,24.970947265625,30,191488,0.0
3751,26.098419189453125,31,191488,0.0
3752,33.863426208496094,39,191488,0.0
3753,24.109134674072266,29,191488,0.0
3754,21.16863250732422,26,191488,0.0
3755,20.99409294128418,26,191488,0.0
3756,18.857868194580078,24,191744,0.0
3757,35.877525329589844,41,191744,0.0
3758,19.894012451171875,25,191744,0.0
3759,20.028627395629883,25,191744,0.0
3760,23.725677490234375,29,191744,0.0
3761,27.845745086669922,33,192000,0.0
3762,38.03095245361328,43,192000,0.0
3763,15.875632286071777,21,192000,0.0
3764,38.87766647338867,44,192000,0.0
3765,18.786840438842773,24,192000,0.0
3766,28.77704620361328,34,192000,0.0
3767,28.90015983581543,34,192000,0.0
3768,34.85905456542969,40,192000,0.0
3769,27.885114669799805,33,192000,0.0
3770,19.947439193725586,25,192000,0.0
3771,25.141374588012695,30,192256,0.0
3772,23.632137298583984,29,192256,0.0
3773,30.860244750976562,36,192256,0.0
3774,18.879331588745117,24,192256,0.0
3775,37.359901428222656,43,192256,0.0
3776,30.643508911132812,36,192256,0.0
3777,40.781005859375,46,192512,0.0
3778,26.268817901611328,31,192512,0.0
3779,32.18309020996094,37,192512,0.0
3780,43.487998962402344,49,192512,0.0
3781,33.7624397277832,39,192512,0.0
3782,37.8971061706543,43,192512,0.0
3783,22.713106155395508,28,192768,0.0
3784,22.99551010131836,28,192768,0.0
3785,30.84918785095215,36,192768,0.0
3786,31.742164611816406,37,192768,0.0
3787,23.685819625854492,29,192768,0.0
3788,33.86008834838867,39,192768,0.0
3789,24.747299194335938,30,192768,0.0
3790,34.066802978515625,39,192768,0.0
3791,32.82539749145508,38,192768,0.0
3792,32.23500061035156,37,193024,0.0
3793,34.81082534790039,40,193024,0.0
3794,31.81117820739746,37,193024,0.0
3795,26.120872497558594,31,193024,0.0
3796,27.022117614746094,32,193024,0.0
3797,37.637908935546875,43,193024,0.0
3798,20.973819732666016,26,193024,0.0
3799,42.632911682128906,48,193024,0.0
3800,37.922996520996094,43,193280,0.0
3801,35.842750549316406,41,193280,0.0
3802,14.943658828735352,20,193280,0.0
3803,15.088212966918945,20,193280,0.0
3804,44.439170837402344,50,193280,0.0
3805,43.51557159423828,49,193280,0.0
3806,23.854408264160156,29,193280,0.0
3807,36.95260238647461,42,193536,0.0
3808,25.126577377319336,30,193536,0.0
3809,36.86207580566406,42,193536,0.0
3810,24.879884719848633,30,193536,0.0
3811,19.9631290435791,25,193536,0.0
3812,20.0856876373291,25,193536,0.0
3813,33.8576774597168,39,193792,0.0
3814,21.01544189453125,26,193792,0.0
3815,24.847030639648438,30,193792,0.0
3816,19.657623291015625,25,193792,0.0
3817,37.677215576171875,43,193792,0.0
3818,24.867795944213867,30,193792,0.0
3819,38.86140441894531,44,193792,0.0
3820,33.88289260864258,39,193792,0.0
3821,19.077945709228516,24,193792,0.0
3822,24.691219329833984,30,193792,0.0
3823,40.71528625488281,46,193792,0.0
3824,26.704044342041016,32,193792,0.0
3825,32.14262771606445,37,194048,0.0
3826,32.879173278808594,38,194048,0.0
3827,37.92269515991211,43,194048,0.0
3828,20.740253448486328,26,194048,0.0
3829,34.84870529174805,40,194048,0.0
3830,33.94902420043945,39,194048,0.0
3831,28.84571075439453,34,194304,0.0
3832,23.709421157836914,29,194304,0.0
3833,22.82387351989746,28,194304,0.0
3834,24.598379135131836,30,194304,0.0
3835,33.204219818115234,38,194304,0.0
3836,31.87874984741211,37,194304,0.0
3837,31.527761459350586,37,194304,0.0
3838,32.401187896728516,38,194560,0.0
3839,32.751163482666016,38,194560,0.0
3840,36.886924743652344,42,194560,0.0
3841,34.998592376708984,40,194560,0.0
3842,18.110004425048828,23,194816,0.0
3843,14.176603317260742,19,194816,0.0
3844,24.961639404296875,30,194816,0.0
3845,17.05088996887207,22,194816,0.0
3846,24.999568939208984,30,194816,0.0
3847,31.115234375,36,194816,0.0
3848,35.078834533691406,40,194816,0.0
3849,16.156299591064453,21,194816,0.0
3850,32.2010612487793,37,194816,0.0
3851,18.864904403686523,24,194816,0.0
3852,29.860979080200195,35,194816,0.0
3853,35.86287307739258,41,194816,0.0
3854,33.78752136230469,39,195072,0.0
3855,37.429161071777344,43,195072,0.0
3856,36.72970199584961,42,195072,0.0
3857,29.111467361450195,34,195072,0.0
3858,38.7496337890625,44,195328,0.0
3859,24.878623962402344,30,195328,0.0
3860,26.06432342529297,31,195584,0.0
3861,19.83345603942871,25,195584,0.0
3862,22.672901153564453,28,195584,0.0
3863,17.157794952392578,22,195584,0.0
3864,29.88240623474121,35,195584,0.0
3865,17.11884880065918,22,195840,0.0
3866,31.542036056518555,37,195840,0.0
3867,32.91960144042969,38,195840,0.0
3868,14.962310791015625,20,195840,0.0
3869,29.942136764526367,35,195840,0.0
3870,28.67173957824707,34,195840,0.0
3871,32.855899810791016,38,195840,0.0
3872,17.798879623413086,23,195840,0.0
3873,29.785669326782227,35,196096,0.0
3874,28.012094497680664,33,196096,0.0
3875,22.84738540649414,28,196096,0.0
3876,35.656864166259766,41,196096,0.0
3877,37.88392639160156,43,196096,0.0
3878,33.85798645019531,39,196096,0.0
3879,31.739761352539062,37,196096,0.0
3880,26.83390998840332,32,196096,0.0
3881,21.797657012939453,27,196096,0.0
3882,32.722774505615234,38,196352,0.0
3883,22.794052124023438,28,196352,0.0
3884,37.81280517578125,43,196352,0.0
3885,39.74175262451172,45,196352,0.0
3886,38.86016845703125,44,196352,0.0
3887,23.992813110351562,29,196352,0.0
3888,33.95888137817383,39,196352,0.0
3889,35.13169479370117,40,196352,0.0
3890,24.877582550048828,30,196352,0.0
3891,26.18756103515625,31,196352,0.0
3892,31.82904052734375,37,196352,0.0
3893,23.86187744140625,29,196352,0.0
3894,18.84566307067871,24,196608,0.0
3895,33.67296600341797,39,196608,0.0
3896,34.95374298095703,40,196608,0.0
3897,34.93110275268555,40,196608,0.0
3898,16.23967742919922,21,196608,0.0
3899,17.992067337036133,23,196608,0.0
3900,24.46760368347168,30,196608,0.0
3901,19.625226974487305,25,196608,0.0
3902,40.72490310668945,46,196864,0.0
3903,16.006694793701172,21,196864,0.0
3904,22.82073974609375,28,196864,0.0
3905,36.00154495239258,41,197120,0.0
3906,30.04532241821289,35,197120,0.0
3907,19.01478385925293,24,197120,0.0
3908,30.91950225830078,36,197120,0.0
3909,28.024446487426758,33,197120,0.0
3910,30.87855339050293,36,197120,0.0
3911,37.917179107666016,43,197120,0.0
3912,16.81296157836914,22,197120,0.0
3913,35.965118408203125,41,197120,0.0
3914,36.03667068481445,41,197120,0.0
3915,27.21304702758789,32,197376,0.0
3916,25.007944107055664,30,197376,0.0
3917,37.831443786621094,43,197376,0.0
3918,15.13193130493164,20,197376,0.0
3919,33.71417236328125,39,197376,0.0
3920,27.866395950317383,33,197376,0.0
3921,35.84357833862305,41,197376,0.0
3922,32.48188781738281,38,197376,0.0
3923,27.77590560913086,33,197376,0.0
3924,15.225503921508789,20,197376,0.0
3925,20.090700149536133,25,197376,0.0
3926,15.075431823730469,20,197632,0.0
3927,22.687339782714844,28,197632,0.0
3928,17.702625274658203,23,197632,0.0
3929,16.15036392211914,21,197632,0.0
3930,15.024312973022461,20,197632,0.0
3931,33.9825439453125,39,197888,0.0
3932,36.8997917175293,42,197888,0.0
3933,15.080431938171387,20,197888,0.0
3934,32.78425598144531,38,197888,0.0
3935,36.80555725097656,42,197888,0.0
3936,27.99966812133789,33,197888,0.0
3937,18.024707794189453,23,197888,0.0
3938,17.101173400878906,22,197888,0.0
3939,34.12575149536133,39,197888,0.0
3940,21.89193344116211,27,198144,0.0
3941,18.94122314453125,24,198144,0.0
3942,38.76816940307617,44,198144,0.0
3943,31.942428588867188,37,198144,0.0
3944,40.62831115722656,46,198144,0.0
3945,19.08131980895996,24,198144,0.0
3946,36.85872268676758,42,198144,0.0
3947,28.412015914916992,34,198144,0.0
3948,33.95647048950195,39,198144,0.0
3949,29.699443817138672,35,198144,0.0
3950,26.147422790527344,31,198400,0.0
3951,36.800994873046875,42,198400,0.0
3952,36.91703796386719,42,198400,0.0
3953,21.072296142578125,26,198400,0.0
3954,27.957763671875,33,198400,0.0
3955,17.038951873779297,22,198400,0.0
3956,19.12023162841797,24,198400,0.0
3957,36.661556243896484,42,198400,0.0
3958,31.086532592773438,36,198400,0.0
3959,32.032859802246094,37,198400,0.0
3960,16.0765323638916,21,198656,0.0
3961,29.59972381591797,35,198656,0.0
3962,32.884368896484375,38,198656,0.0
3963,27.94611167907715,33,198656,0.0
3964,17.138656616210938,22,198656,0.0
3965,41.724388122558594,47,198912,0.0
3966,18.866628646850586,24,198912,0.0
3967,15.003311157226562,20,198912,0.0
3968,35.08786392211914,40,198912,0.0
3969,18.015485763549805,23,198912,0.0
3970,32.156795501708984,37,198912,0.0
3971,40.755455017089844,46,198912,0.0
3972,17.137027740478516,22,198912,0.0
3973,29.24236297607422,34,198912,0.0
3974,36.805110931396484,42,199168,0.0
3975,37.806968688964844,43,199168,0.0
3976,27.933475494384766,33,199168,0.0
3977,26.942378997802734,32,199168,0.0
3978,30.508331298828125,36,199168,0.0
3979,24.844667434692383,30,199168,0.0
3980,19.090396881103516,24,199168,0.0
3981,34.131752014160156,39,199168,0.0
3982,28.044588088989258,33,199168,0.0
3983,32.06605529785156,37,199424,0.0
3984,34.16657257080078,39,199424,0.0
3985,36.940757751464844,42,199424,0.0
3986,15.112942695617676,20,199424,0.0
3987,36.88006591796875,42,199424,0.0
3988,35.98142623901367,41,199424,0.0
3989,38.860286712646484,44,199424,0.0
3990,41.48336410522461,47,199680,0.0
3991,29.01348876953125,34,199680,0.0
3992,26.885093688964844,32,199680,0.0
3993,14.12924575805664,19,199680,0.0
3994,41.66815948486328,47,199680,0.0
3995,21.74445152282715,27,199680,0.0
3996,30.99107551574707,36,199680,0.0
3997,21.0108642578125,26,199680,0.0
3998,37.787410736083984,43,199936,0.0
3999,25.310949325561523,30,199936,0.0
4000,31.961746215820312,37,199936,0.0
4001,31.093793869018555,36,199936,0.0
4002,37.8264045715332,43,199936,0.0
4003,26.788808822631836,32,199936,0.0
4004,15.38551139831543,20,199936,0.0
4005,22.863754272460938,28,199936,0.0
4006,35.86870193481445,41,199936,0.0
4007,32.91948318481445,38,199936,0.0
4008,36.815467834472656,42,199936,0.0
4009,40.735862731933594,46,200192,0.0
4010,18.911081314086914,24,200192,0.0
4011,36.987701416015625,42,200192,0.0
4012,23.141704559326172,28,200192,0.0
4013,36.09327697753906,41,200448,0.0
4014,32.89614486694336,38,200448,0.0
4015,35.99979782104492,41,200448,0.0
4016,33.780635833740234,39,200448,0.0
4017,28.08774185180664,33,200448,0.0
4018,37.04845428466797,42,200704,0.0
4019,34.46797180175781,40,200704,0.0
4020,37.84527587890625,43,200704,0.0
4021,13.256340026855469,18,200704,0.0
4022,36.049495697021484,41,200704,0.0
4023,14.938350677490234,20,200704,0.0
4024,13.106829643249512,18,200704,0.0
4025,34.949058532714844,40,200704,0.0
4026,33.06733703613281,38,200960,0.0
4027,36.02190017700195,41,200960,0.0
4028,32.034610748291016,37,200960,0.0
4029,13.223552703857422,18,200960,0.0
4030,28.154888153076172,33,200960,0.0
4031,35.0042724609375,40,200960,0.0
4032,38.812164306640625,44,200960,0.0
4033,34.16619110107422,39,200960,0.0
4034,34.108943939208984,39,200960,0.0
4035,33.00749206542969,38,200960,0.0
4036,20.074413299560547,25,201216,0.0
4037,26.191579818725586,31,201216,0.0
4038,21.889022827148438,27,201216,0.0
4039,35.02143096923828,40,201216,0.0
4040,33.21763610839844,38,201216,0.0
4041,29.87480354309082,35,201472,0.0
4042,36.99290466308594,42,201472,0.0
4043,32.09980010986328,37,201472,0.0
4044,25.081388473510742,30,201472,0.0
4045,16.933094024658203,22,201472,0.0
4046,36.952125549316406,42,201472,0.0
4047,36.021728515625,41,201728,0.0
4048,27.186464309692383,32,201728,0.0
4049,17.193172454833984,22,201728,0.0
4050,36.86764907836914,42,201728,0.0
4051,18.826814651489258,24,201728,0.0
4052,35.037086486816406,40,201728,0.0
4053,34.13828659057617,39,201984,0.0
4054,22.879344940185547,28,201984,0.0
4055,22.024503707885742,27,201984,0.0
4056,26.874998092651367,32,201984,0.0
4057,39.707828521728516,45,201984,0.0
4058,16.31781005859375,21,201984,0.0
4059,28.144302368164062,33,201984,0.0
4060,22.758522033691406,28,201984,0.0
4061,18.183727264404297,23,201984,0.0
4062,38.729373931884766,44,201984,0.0
4063,12.349824905395508,17,201984,0.0
4064,21.365297317504883,26,201984,0.0
4065,34.731971740722656,40,201984,0.0
4066,33.7720947265625,39,201984,0.0
4067,13.173523902893066,18,201984,0.0
4068,28.940309524536133,34,201984,0.0
4069,35.05663299560547,40,202240,0.0
4070,34.94508361816406,40,202240,0.0
4071,24.04683494567871,29,202240,0.0
4072,24.247934341430664,29,202240,0.0
4073,28.794206619262695,34,202240,0.0
4074,12.335561752319336,17,202240,0.0
4075,23.896060943603516,29,202240,0.0
4076,35.9190788269043,41,202240,0.0
4077,28.860048294067383,34,202496,0.0
4078,26.189899444580078,31,202496,0.0
4079,26.115095138549805,31,202496,0.0
4080,29.198522567749023,34,202496,0.0
4081,27.242794036865234,32,202496,0.0
4082,33.09697723388672,38,202496,0.0
4083,29.240463256835938,34,202496,0.0
4084,22.151611328125,27,202496,0.0
4085,30.9351749420166,36,202496,0.0
4086,33.28200149536133,38,202496,0.0
4087,26.039215087890625,31,202496,0.0
4088,38.84618377685547,44,202496,0.0
4089,14.177892684936523,19,202752,0.0
4090,29.102367401123047,34,202752,0.0
4091,39.62942123413086,45,202752,0.0
4092,35.10256576538086,40,202752,0.0
4093,22.101619720458984,27,202752,0.0
4094,14.15562629699707,19,202752,0.0
4095,30.102737426757812,35,202752,0.0
4096,28.866172790527344,34,202752,0.0
4097,25.168025970458984,30,202752,0.0
4098,27.00769805908203,32,203008,0.0
4099,31.83098030090332,37,203008,0.0
4100,40.68502426147461,46,203008,0.0
4101,34.26468276977539,39,203008,0.0
4102,17.108036041259766,22,203008,0.0
4103,34.06059646606445,39,203008,0.0
4104,32.11137008666992,37,203008,0.0
4105,31.014026641845703,36,203008,0.0
4106,18.939294815063477,24,203264,0.0
4107,22.342065811157227,27,203264,0.0
4108,36.00883102416992,41,203264,0.0
4109,35.09751510620117,40,203264,0.0
4110,26.875667572021484,32,203264,0.0
4111,15.144760131835938,20,203264,0.0
4112,21.952316284179688,27,203264,0.0
4113,36.840415954589844,42,203264,0.0
4114,32.13146209716797,37,203264,0.0
4115,22.012231826782227,27,203264,0.0
4116,35.85338592529297,41,203264,0.0
4117,19.038410186767578,24,203264,0.0
4118,40.69199752807617,46,203264,0.0
4119,25.001222610473633,30,203520,0.0
4120,34.82207107543945,40,203520,0.0
4121,40.65495300292969,46,203776,0.0
4122,15.984668731689453,21,203776,0.0
4123,36.00452423095703,41,203776,0.0
4124,25.17298126220703,30,203776,0.0
4125,23.144126892089844,28,203776,0.0
4126,20.313920974731445,25,203776,0.0
4127,34.190696716308594,39,203776,0.0
4128,33.18575668334961,38,203776,0.0
4129,19.92716407775879,25,203776,0.0
4130,33.775123596191406,39,203776,0.0
4131,29.067224502563477,34,204032,0.0
4132,32.627349853515625,38,204032,0.0
4133,21.986053466796875,27,204032,0.0
4134,20.889455795288086,26,204032,0.0
4135,35.04391098022461,40,204032,0.0
4136,23.045808792114258,28,204032,0.0
4137,31.006656646728516,36,204032,0.0
4138,31.011920928955078,36,204288,0.0
4139,13.222907066345215,18,204288,0.0
4140,25.003639221191406,30,204288,0.0
4141,22.033950805664062,27,204288,0.0
4142,25.797744750976562,31,204288,0.0
4143,28.658658981323242,34,204288,0.0
4144,16.159645080566406,21,204288,0.0
4145,24.05451774597168,29,204288,0.0
4146,14.23409652709961,19,204288,0.0
4147,23.979646682739258,29,204544,0.0
4148,23.922914505004883,29,204544,0.0
4149,24.137035369873047,29,204544,0.0
4150,36.10386276245117,41,204544,0.0
4151,18.901708602905273,24,204544,0.0
4152,20.649410247802734,26,204544,0.0
4153,34.99646759033203,40,204544,0.0
4154,18.948326110839844,24,204544,0.0
4155,37.93564987182617,43,204544,0.0
4156,18.95076560974121,24,204544,0.0
4157,27.9202823638916,33,204800,0.0
4158,30.0612850189209,35,204800,0.0
4159,20.707590103149414,26,204800,0.0
4160,15.002573013305664,20,204800,0.0
4161,17.03158187866211,22,204800,0.0
4162,18.97868537902832,24,204800,0.0
4163,34.10098648071289,39,204800,0.0
4164,27.992023468017578,33,204800,0.0
4165,26.020092010498047,31,205056,0.0
4166,24.188535690307617,29,205056,0.0
4167,22.106794357299805,27,205056,0.0
4168,31.74718475341797,37,205056,0.0
4169,37.75928497314453,43,205056,0.0
4170,23.01656150817871,28,205056,0.0
4171,23.276180267333984,28,205056,0.0
4172,15.12081527709961,20,205056,0.0
4173,19.022062301635742,24,205312,0.0
4174,32.01469039916992,37,205312,0.0
4175,37.846736907958984,43,205312,0.0
4176,16.06109619140625,21,205312,0.0
4177,19.94733428955078,25,205312,0.0
4178,35.96738815307617,41,205312,0.0
4179,18.95708465576172,24,205312,0.0
4180,26.20852279663086,31,205312,0.0
4181,31.194887161254883,36,205312,0.0
4182,37.855072021484375,43,205312,0.0
4183,12.417902946472168,17,205312,0.0
4184,26.054529190063477,31,205312,0.0
4185,29.236310958862305,34,205568,0.0
4186,31.074825286865234,36,205568,0.0
4187,14.258934020996094,19,205568,0.0
4188,20.121326446533203,25,205568,0.0
4189,38.845760345458984,44,205824,0.0
4190,24.08935546875,29,205824,0.0
4191,34.14379119873047,39,205824,0.0
4192,34.10649871826172,39,205824,0.0
4193,32.095699310302734,37,205824,0.0
4194,22.14751625061035,27,205824,0.0
4195,17.07007598876953,22,205824,0.0
4196,17.17813491821289,22,206080,0.0
4197,14.198345184326172,19,206080,0.0
4198,26.302461624145508,31,206080,0.0
4199,30.182361602783203,35,206080,0.0
4200,26.342952728271484,31,206080,0.0
4201,32.045738220214844,37,206080,0.0
4202,18.963768005371094,24,206080,0.0
4203,28.216529846191406,33,206080,0.0
4204,23.91160011291504,29,206336,0.0
4205,19.205663681030273,24,206336,0.0
4206,29.04247283935547,34,206336,0.0
4207,19.962732315063477,25,206336,0.0
4208,28.023542404174805,33,206336,0.0
4209,26.244495391845703,31,206336,0.0
4210,25.97049903869629,31,206336,0.0
4211,33.21478271484375,38,206336,0.0
4212,35.0512580871582,40,206336,0.0
4213,32.87968063354492,38,206336,0.0
4214,35.92149353027344,41,206336,0.0
4215,16.072492599487305,21,206336,0.0
4216,14.194791793823242,19,206592,0.0
4217,25.966564178466797,31,206592,0.0
4218,25.078277587890625,30,206592,0.0
4219,26.957134246826172,32,206592,0.0
4220,31.10753059387207,36,206592,0.0
4221,20.029306411743164,25,206848,0.0
4222,36.045616149902344,41,206848,0.0
4223,34.91494369506836,40,206848,0.0
4224,19.173072814941406,24,206848,0.0
4225,35.868221282958984,41,206848,0.0
4226,21.00981903076172,26,206848,0.0
4227,22.233171463012695,27,206848,0.0
4228,35.96388626098633,41,206848,0.0
4229,36.941497802734375,42,206848,0.0
4230,25.01451301574707,30,206848,0.0
4231,23.271320343017578,28,207104,0.0
4232,22.904970169067383,28,207104,0.0
4233,27.33194351196289,32,207104,0.0
4234,35.98098373413086,41,207104,0.0
4235,28.446800231933594,33,207104,0.0
4236,25.16183090209961,30,207104,0.0
4237,26.15790367126465,31,207104,0.0
4238,12.434630393981934,17,207104,0.0
4239,34.988258361816406,40,207360,0.0
4240,38.82102966308594,44,207360,0.0
4241,33.12230682373047,38,207360,0.0
4242,31.36871337890625,36,207360,0.0
4243,19.19772720336914,24,207360,0.0
4244,31.104934692382812,36,207360,0.0
4245,14.273880004882812,19,207360,0.0
4246,19.860706329345703,25,207360,0.0
4247,24.729642868041992,30,207616,0.0
4248,16.193899154663086,21,207616,0.0
4249,18.169876098632812,23,207872,0.0
4250,15.514175415039062,20,207872,0.0
4251,18.130298614501953,23,207872,0.0
4252,35.95783233642578,41,207872,0.0
4253,28.070526123046875,33,207872,0.0
4254,29.256805419921875,34,207872,0.0
4255,36.97420883178711,42,207872,0.0
4256,13.22032642364502,18,207872,0.0
4257,27.419769287109375,32,207872,0.0
4258,13.20408821105957,18,207872,0.0
4259,22.12075424194336,27,207872,0.0
4260,19.019195556640625,24,207872,0.0
4261,18.081193923950195,23,207872,0.0
4262,35.97323226928711,41,207872,0.0
4263,17.999536514282227,23,207872,0.0
4264,25.15805435180664,30,208128,0.0
4265,33.159637451171875,38,208128,0.0
4266,16.08419418334961,21,208128,0.0
4267,28.4516658782959,33,208128,0.0
4268,31.009723663330078,36,208128,0.0
4269,16.105852127075195,21,208128,0.0
4270,19.062761306762695,24,208128,0.0
4271,15.161905288696289,20,208128,0.0
4272,29.24019432067871,34,208128,0.0
4273,29.854297637939453,35,208128,0.0
4274,34.097816467285156,39,208128,0.0
4275,18.886878967285156,24,208128,0.0
4276,17.988683700561523,23,208128,0.0
4277,29.099021911621094,34,208128,0.0
4278,31.20166015625,36,208384,0.0
4279,25.10332489013672,30,208384,0.0
4280,35.13724899291992,40,208384,0.0
4281,15.187172889709473,20,208384,0.0
4282,36.05058288574219,41,208384,0.0
4283,19.14446449279785,24,208384,0.0
4284,35.921112060546875,41,208384,0.0
4285,18.31682777404785,23,208384,0.0
4286,24.28431510925293,29,208640,0.0
4287,23.26616859436035,28,208640,0.0
4288,32.97590255737305,38,208640,0.0
4289,20.207319259643555,25,208640,0.0
4290,26.10799789428711,31,208640,0.0
4291,23.152359008789062,28,208640,0.0
4292,33.232513427734375,38,208640,0.0
4293,35.07792663574219,40,208640,0.0
4294,13.128335952758789,18,208640,0.0
4295,19.07754135131836,24,208896,0.0
4296,20.165071487426758,25,208896,0.0
4297,29.94109344482422,35,208896,0.0
4298,14.20084285736084,19,208896,0.0
4299,31.121274948120117,36,208896,0.0
4300,19.188230514526367,24,208896,0.0
4301,34.87697219848633,40,208896,0.0
4302,36.935829162597656,42,208896,0.0
4303,18.14776039123535,23,208896,0.0
4304,29.25283432006836,34,208896,0.0
4305,19.915372848510742,25,209152,0.0
4306,26.97003746032715,32,209152,0.0
4307,18.33639144897461,23,209152,0.0
4308,23.998367309570312,29,209152,0.0
4309,13.312820434570312,18,209152,0.0
4310,36.08600997924805,41,209152,0.0
4311,22.05783462524414,27,209152,0.0
4312,28.203651428222656,33,209152,0.0
4313,34.01539993286133,39,209408,0.0
4314,21.93890953063965,27,209408,0.0
4315,27.978404998779297,33,209408,0.0
4316,29.32168197631836,34,209408,0.0
4317,34.11577224731445,39,209408,0.0
4318,15.086382865905762,20,209408,0.0
4319,12.280787467956543,17,209408,0.0
4320,27.928850173950195,33,209408,0.0
4321,26.16190528869629,31,209408,0.0
4322,28.162996292114258,33,209408,0.0
4323,17.281232833862305,22,209408,0.0
4324,25.25002670288086,30,209408,0.0
4325,16.154550552368164,21,209664,0.0
4326,34.1220588684082,39,209664,0.0
4327,28.388704299926758,33,209664,0.0
4328,15.361807823181152,20,209664,0.0
4329,17.134462356567383,22,209664,0.0
4330,14.345565795898438,19,209664,0.0
4331,18.270721435546875,23,209664,0.0
4332,13.191455841064453,18,209664,0.0
4333,31.139671325683594,36,209664,0.0
4334,25.124479293823242,30,209664,0.0
4335,34.24637985229492,39,209664,0.0
4336,20.092910766601562,25,209664,0.0
4337,26.140291213989258,31,209920,0.0
4338,21.035072326660156,26,209920,0.0
4339,30.268503189086914,35,209920,0.0
4340,30.968923568725586,36,209920,0.0
4341,16.180030822753906,21,209920,0.0
4342,22.036884307861328,27,209920,0.0
4343,17.2022705078125,22,209920,0.0
4344,34.94820022583008,40,210176,0.0
4345,16.16067886352539,21,210176,0.0
4346,23.12594223022461,28,210176,0.0
4347,25.987335205078125,31,210176,0.0
4348,18.13335609436035,23,210176,0.0
4349,30.030582427978516,35,210176,0.0
4350,24.972944259643555,30,210176,0.0
4351,36.0589714050293,41,210176,0.0
4352,28.41480827331543,33,210176,0.0
4353,32.231475830078125,37,210176,0.0
4354,27.0960693359375,32,210176,0.0
4355,23.103961944580078,28,210432,0.0
4356,22.946130752563477,28,210432,0.0
4357,28.037654876708984,33,210432,0.0
4358,13.240291595458984,18,210432,0.0
4359,36.032691955566406,41,210432,0.0
4360,23.375513076782227,28,210432,0.0
4361,14.319419860839844,19,210432,0.0
4362,34.256343841552734,39,210432,0.0
4363,21.234310150146484,26,210432,0.0
4364,19.257871627807617,24,210688,0.0
4365,14.189678192138672,19,210688,0.0
4366,22.227346420288086,27,210688,0.0
4367,12.258820533752441,17,210688,0.0
4368,27.29220962524414,32,210688,0.0
4369,30.163503646850586,35,210944,0.0
4370,25.85748291015625,31,210944,0.0
4371,30.253267288208008,35,210944,0.0
4372,26.15030288696289,31,210944,0.0
4373,23.10854148864746,28,210944,0.0
4374,17.205699920654297,22,210944,0.0
4375,19.312644958496094,24,210944,0.0
4376,16.937232971191406,22,210944,0.0
4377,33.22334671020508,38,211200,0.0
4378,12.366212844848633,17,211200,0.0
4379,16.271745681762695,21,211200,0.0
4380,21.02937889099121,26,211200,0.0
4381,30.279281616210938,35,211200,0.0
4382,23.3540096282959,28,211200,0.0
4383,28.92816925048828,34,211200,0.0
4384,29.374465942382812,34,211200,0.0
4385,12.31744384765625,17,211200,0.0
4386,35.104393005371094,40,211200,0.0
4387,27.92696762084961,33,211456,0.0
4388,34.11542892456055,39,211456,0.0
4389,18.862619400024414,24,211456,0.0
4390,25.895811080932617,31,211456,0.0
4391,30.374069213867188,35,211456,0.0
4392,22.86465835571289,28,211456,0.0
4393,15.129916191101074,20,211456,0.0
4394,16.128517150878906,21,211456,0.0
4395,33.21892166137695,38,211712,0.0
4396,16.15665626525879,21,211712,0.0
4397,35.00519943237305,40,211712,0.0
4398,34.14151382446289,39,211712,0.0
4399,16.275089263916016,21,211712,0.0
4400,27.456012725830078,32,211712,0.0
4401,28.348011016845703,33,211712,0.0
4402,26.01998519897461,31,211712,0.0
4403,33.24631118774414,38,211968,0.0
4404,22.33548355102539,27,211968,0.0
4405,34.00474548339844,39,211968,0.0
4406,27.33850860595703,32,212224,0.0
4407,23.438692092895508,28,212224,0.0
4408,33.27628707885742,38,212224,0.0
4409,28.287614822387695,33,212224,0.0
4410,30.811182022094727,36,212224,0.0
4411,35.118526458740234,40,212224,0.0
4412,11.472311019897461,16,212224,0.0
4413,22.291006088256836,27,212224,0.0
4414,33.18598937988281,38,212224,0.0
4415,16.284255981445312,21,212224,0.0
4416,18.11505126953125,23,212224,0.0
4417,25.1501522064209,30,212224,0.0
4418,17.079864501953125,22,212480,0.0
4419,31.088333129882812,36,212480,0.0
4420,33.22105026245117,38,212480,0.0
4421,17.394874572753906,22,212480,0.0
4422,27.101682662963867,32,212736,0.0
4423,28.447179794311523,33,212736,0.0
4424,35.013771057128906,40,212736,0.0
4425,30.325794219970703,35,212736,0.0
4426,26.245529174804688,31,212736,0.0
4427,17.270740509033203,22,212736,0.0
4428,34.145320892333984,39,212736,0.0
4429,20.25681495666504,25,212736,0.0
4430,19.14375877380371,24,212736,0.0
4431,20.993757247924805,26,212736,0.0
4432,20.964847564697266,26,212736,0.0
4433,22.983633041381836,28,212736,0.0
4434,20.166677474975586,25,212992,0.0
4435,14.429280281066895,19,212992,0.0
4436,25.253082275390625,30,212992,0.0
4437,12.3617582321167,17,212992,0.0
4438,25.335725784301758,30,212992,0.0
4439,23.27653694152832,28,212992,0.0
4440,22.93070411682129,28,212992,0.0
4441,25.06936264038086,30,212992,0.0
4442,33.22975540161133,38,212992,0.0
4443,25.298646926879883,30,212992,0.0
4444,33.18146514892578,38,212992,0.0
4445,19.169078826904297,24,212992,0.0
4446,18.2197265625,23,212992,0.0
4447,24.189794540405273,29,212992,0.0
4448,19.212926864624023,24,213248,0.0
4449,26.828372955322266,32,213248,0.0
4450,26.325044631958008,31,213248,0.0
4451,23.34345245361328,28,213248,0.0
4452,31.252330780029297,36,213248,0.0
4453,32.262298583984375,37,213248,0.0
4454,38.77729797363281,44,213248,0.0
4455,28.999670028686523,34,213248,0.0
4456,16.2217960357666,21,213504,0.0
4457,16.132068634033203,21,213504,0.0
4458,25.40735626220703,30,213504,0.0
4459,26.933372497558594,32,213504,0.0
4460,16.191896438598633,21,213504,0.0
4461,12.415384292602539,17,213504,0.0
4462,32.131919860839844,37,213760,0.0
4463,17.19207191467285,22,213760,0.0
4464,28.367027282714844,33,213760,0.0
4465,32.346832275390625,37,213760,0.0
4466,31.215269088745117,36,213760,0.0
4467,34.2778205871582,39,213760,0.0
4468,24.313785552978516,29,213760,0.0
4469,20.16549301147461,25,213760,0.0
4470,34.15037536621094,39,214016,0.0
4471,26.180734634399414,31,214016,0.0
4472,33.148101806640625,38,214016,0.0
4473,19.02882194519043,24,214016,0.0
4474,30.35295295715332,35,214016,0.0
4475,24.250303268432617,29,214016,0.0
4476,32.2338752746582,37,214272,0.0
4477,20.468769073486328,25,214272,0.0
4478,31.462902069091797,36,214272,0.0
4479,26.52687644958496,31,214272,0.0
4480,20.142045974731445,25,214272,0.0
4481,32.217124938964844,37,214272,0.0
4482,19.418088912963867,24,214528,0.0
4483,18.430828094482422,23,214528,0.0
4484,17.1442813873291,22,214528,0.0
4485,22.536949157714844,27,214528,0.0
4486,13.29265022277832,18,214528,0.0
4487,14.094931602478027,19,214528,0.0
4488,34.166656494140625,39,214528,0.0
4489,15.112553596496582,20,214528,0.0
4490,30.055278778076172,35,214528,0.0
4491,20.907419204711914,26,214528,0.0
4492,22.982812881469727,28,214528,0.0
4493,13.37925910949707,18,214528,0.0
4494,20.88113784790039,26,214528,0.0
4495,15.297065734863281,20,214528,0.0
4496,31.315601348876953,36,214528,0.0
4497,32.82699203491211,38,214528,0.0
4498,33.21186828613281,38,214528,0.0
4499,23.460636138916016,28,214528,0.0
4500,14.329962730407715,19,214528,0.0
4501,21.296810150146484,26,214784,0.0
4502,30.29302215576172,35,214784,0.0
4503,25.44788932800293,30,214784,0.0
4504,18.127079010009766,23,214784,0.0
4505,33.230743408203125,38,214784,0.0
4506,15.243274688720703,20,214784,0.0
4507,25.4747257232666,30,215040,0.0
4508,30.231754302978516,35,215040,0.0
4509,11.42598819732666,16,215040,0.0
4510,25.57904815673828,30,215040,0.0
4511,13.359919548034668,18,215040,0.0
4512,30.10626983642578,35,215040,0.0
4513,30.393367767333984,35,215040,0.0
4514,22.41959571838379,27,215040,0.0
4515,17.17510414123535,22,215040,0.0
4516,21.509769439697266,26,215040,0.0
4517,12.436540603637695,17,215040,0.0
4518,26.339242935180664,31,215040,0.0
4519,16.4449520111084,21,215296,0.0
4520,20.22734832763672,25,215296,0.0
4521,12.371344566345215,17,215296,0.0
4522,30.479459762573242,35,215296,0.0
4523,27.272127151489258,32,215296,0.0
4524,24.456480026245117,29,215296,0.0
4525,11.386482238769531,16,215552,0.0
4526,31.42670440673828,36,215552,0.0
4527,23.542055130004883,28,215552,0.0
4528,29.25580406188965,34,215552,0.0
4529,25.286056518554688,30,215552,0.0
4530,29.31233024597168,34,215552,0.0
4531,20.412261962890625,25,215552,0.0
4532,25.388893127441406,30,215552,0.0
4533,24.37630271911621,29,215552,0.0
4534,16.46805191040039,21,215552,0.0
4535,31.21554183959961,36,215552,0.0
4536,21.466875076293945,26,215552,0.0
4537,26.324661254882812,31,215808,0.0
4538,24.591686248779297,29,215808,0.0
4539,30.293956756591797,35,215808,0.0
4540,29.03313636779785,34,215808,0.0
4541,22.603208541870117,27,215808,0.0
4542,23.07895278930664,28,215808,0.0
4543,18.32069969177246,23,216064,0.0
4544,20.35192108154297,25,216064,0.0
4545,10.561073303222656,15,216064,0.0
4546,14.519431114196777,19,216064,0.0
4547,15.304230690002441,20,216064,0.0
4548,10.544032096862793,15,216064,0.0
4549,26.401641845703125,31,216064,0.0
4550,14.47710132598877,19,216064,0.0
4551,26.58751106262207,31,216064,0.0
4552,27.480186462402344,32,216064,0.0
4553,23.836509704589844,29,216064,0.0
4554,22.712207794189453,27,216320,0.0
4555,32.17068099975586,37,216320,0.0
4556,18.278833389282227,23,216320,0.0
4557,33.258602142333984,38,216320,0.0
4558,13.432106971740723,18,216320,0.0
4559,31.514747619628906,36,216320,0.0
4560,30.36988067626953,35,216320,0.0
4561,28.515228271484375,33,216320,0.0
4562,11.388944625854492,16,216320,0.0
4563,25.318944931030273,30,216320,0.0
4564,22.110063552856445,27,216320,0.0
4565,22.394765853881836,27,216320,0.0
4566,34.072357177734375,39,216320,0.0
4567,12.324291229248047,17,216576,0.0
4568,15.481325149536133,20,216576,0.0
4569,17.51955795288086,22,216576,0.0
4570,30.4222354888916,35,216576,0.0
4571,27.215181350708008,32,216576,0.0
4572,19.4511661529541,24,216576,0.0
4573,25.564441680908203,30,216576,0.0
4574,14.402853965759277,19,216576,0.0
4575,32.22098159790039,37,216832,0.0
4576,23.250635147094727,28,216832,0.0
4577,35.07587814331055,40,216832,0.0
4578,32.393577575683594,37,216832,0.0
4579,27.484493255615234,32,216832,0.0
4580,16.494142532348633,21,216832,0.0
4581,15.574043273925781,20,216832,0.0
4582,25.55593490600586,30,216832,0.0
4583,30.08094024658203,35,216832,0.0
4584,30.403491973876953,35,216832,0.0
4585,26.49329376220703,31,216832,0.0
4586,25.239715576171875,30,217088,0.0
4587,11.504037857055664,16,217088,0.0
4588,24.353832244873047,29,217088,0.0
4589,28.52509117126465,33,217088,0.0
4590,17.452068328857422,22,217088,0.0
4591,29.457841873168945,34,217088,0.0
4592,23.35968017578125,28,217344,0.0
4593,12.590632438659668,17,217344,0.0
4594,30.4448184967041,35,217344,0.0
4595,25.45722770690918,30,217344,0.0
4596,14.47705078125,19,217344,0.0
4597,21.277437210083008,26,217344,0.0
4598,13.37686538696289,18,217600,0.0
4599,23.47990608215332,28,217600,0.0
4600,33.18474197387695,38,217600,0.0
4601,28.57651138305664,33,217600,0.0
4602,26.618173599243164,31,217600,0.0
4603,28.433961868286133,33,217600,0.0
4604,29.507234573364258,34,217600,0.0
4605,13.6386137008667,18,217600,0.0
4606,16.457544326782227,21,217600,0.0
4607,30.501873016357422,35,217600,0.0
4608,23.4453067779541,28,217600,0.0
4609,21.565162658691406,26,217600,0.0
4610,32.32890319824219,37,217600,0.0
4611,27.305492401123047,32,217600,0.0
4612,33.203468322753906,38,217600,0.0
4613,31.34056854248047,36,217856,0.0
4614,30.31288719177246,35,217856,0.0
4615,33.27238845825195,38,217856,0.0
4616,29.52718162536621,34,217856,0.0
4617,25.36200714111328,30,217856,0.0
4618,29.463645935058594,34,217856,0.0
4619,14.401508331298828,19,217856,0.0
4620,27.30242156982422,32,217856,0.0
4621,24.522594451904297,29,217856,0.0
4622,28.33317756652832,33,217856,0.0
4623,30.4250545501709,35,217856,0.0
4624,29.35614013671875,34,218112,0.0
4625,18.614665985107422,23,218112,0.0
4626,33.20379638671875,38,218112,0.0
4627,34.04412078857422,39,218112,0.0
4628,29.4611873626709,34,218112,0.0
4629,21.62347412109375,26,218112,0.0
4630,17.41541290283203,22,218368,0.0
4631,23.556198120117188,28,218368,0.0
4632,17.535329818725586,22,218368,0.0
4633,18.319175720214844,23,218368,0.0
4634,29.48988151550293,34,218368,0.0
4635,14.615220069885254,19,218368,0.0
4636,23.647043228149414,28,218368,0.0
4637,27.469402313232422,32,218368,0.0
4638,24.55332374572754,29,218368,0.0
4639,28.398571014404297,33,218368,0.0
4640,18.465150833129883,23,218368,0.0
4641,31.34761619567871,36,218624,0.0
4642,25.263607025146484,30,218624,0.0
4643,28.551372528076172,33,218624,0.0
4644,10.576179504394531,15,218624,0.0
4645,32.26036834716797,37,218624,0.0
4646,17.27580451965332,22,218624,0.0
4647,16.285070419311523,21,218624,0.0
4648,20.616111755371094,25,218624,0.0
4649,30.4716796875,35,218624,0.0
4650,18.608272552490234,23,218624,0.0
4651,29.447261810302734,34,218624,0.0
4652,17.52239418029785,22,218880,0.0
4653,30.42560386657715,35,218880,0.0
4654,31.394306182861328,36,218880,0.0
4655,15.483333587646484,20,218880,0.0
4656,21.75656509399414,26,218880,0.0
4657,30.4509334564209,35,218880,0.0
4658,28.50800895690918,33,218880,0.0
4659,25.498964309692383,30,218880,0.0
4660,29.54014015197754,34,218880,0.0
4661,16.538455963134766,21,218880,0.0
4662,25.649885177612305,30,218880,0.0
4663,13.316411018371582,18,218880,0.0
4664,27.475339889526367,32,218880,0.0
4665,12.43425178527832,17,218880,0.0
4666,11.453007698059082,16,219136,0.0
4667,26.564516067504883,31,219136,0.0
4668,18.552902221679688,23,219136,0.0
4669,12.545263290405273,17,219136,0.0
4670,29.424558639526367,34,219136,0.0
4671,29.427791595458984,34,219136,0.0
4672,30.44900894165039,35,219136,0.0
4673,30.421289443969727,35,219136,0.0
4674,25.52921485900879,30,219136,0.0
4675,20.470090866088867,25,219136,0.0
4676,22.941709518432617,27,219136,0.0
4677,30.374561309814453,35,219136,0.0
4678,28.496116638183594,33,219136,0.0
4679,25.57122802734375,30,219392,0.0
4680,18.588272094726562,23,219392,0.0
4681,15.56976318359375,20,219392,0.0
4682,26.470626831054688,31,219392,0.0
4683,21.331823348999023,26,219392,0.0
4684,21.54613494873047,26,219392,0.0
4685,16.8089542388916,21,219392,0.0
4686,16.471343994140625,21,219392,0.0
4687,24.869239807128906,29,219392,0.0
4688,22.43315887451172,27,219648,0.0
4689,15.594079971313477,20,219648,0.0
4690,26.64358901977539,31,219648,0.0
4691,28.35371208190918,33,219648,0.0
4692,21.453126907348633,26,219648,0.0
4693,30.510791778564453,35,219648,0.0
4694,15.331920623779297,20,219648,0.0
4695,21.43735122680664,26,219648,0.0
4696,22.48247528076172,27,219648,0.0
4697,18.372644424438477,23,219648,0.0
4698,12.405950546264648,17,219904,0.0
4699,25.6610107421875,30,219904,0.0
4700,28.504520416259766,33,219904,0.0
4701,24.67013168334961,29,219904,0.0
4702,23.868457794189453,28,219904,0.0
4703,18.276281356811523,23,219904,0.0
4704,33.27915954589844,38,219904,0.0
4705,12.514176368713379,17,219904,0.0
4706,21.592397689819336,26,219904,0.0
4707,13.598567962646484,18,219904,0.0
4708,15.467228889465332,20,220160,0.0
4709,31.31267547607422,36,220160,0.0
4710,12.455962181091309,17,220160,0.0
4711,26.4227352142334,31,220160,0.0
4712,28.389951705932617,33,220160,0.0
4713,30.41322898864746,35,220160,0.0
4714,15.522195816040039,20,220160,0.0
4715,17.604717254638672,22,220160,0.0
4716,22.587093353271484,27,220160,0.0
4717,17.635055541992188,22,220160,0.0
4718,17.330583572387695,22,220160,0.0
4719,23.697256088256836,28,220160,0.0
4720,17.617267608642578,22,220160,0.0
4721,16.750324249267578,21,220160,0.0
4722,18.68271255493164,23,220416,0.0
4723,29.564008712768555,34,220416,0.0
4724,11.495340347290039,16,220416,0.0
4725,31.314937591552734,36,220416,0.0
4726,21.62192726135254,26,220416,0.0
4727,16.396451950073242,21,220416,0.0
4728,15.514435768127441,20,220416,0.0
4729,29.528444290161133,34,220416,0.0
4730,25.599899291992188,30,220416,0.0
4731,24.672183990478516,29,220416,0.0
4732,12.617351531982422,17,220672,0.0
4733,26.571117401123047,31,220672,0.0
4734,26.61869239807129,31,220672,0.0
4735,29.558956146240234,34,220672,0.0
4736,25.705535888671875,30,220672,0.0
4737,19.767118453979492,24,220672,0.0
4738,13.494034767150879,18,220672,0.0
4739,22.567026138305664,27,220672,0.0
4740,15.538244247436523,20,220672,0.0
4741,20.598224639892578,25,220672,0.0
4742,16.623682022094727,21,220928,0.0
4743,11.464195251464844,16,220928,0.0
4744,25.531415939331055,30,220928,0.0
4745,15.440153121948242,20,220928,0.0
4746,15.699752807617188,20,220928,0.0
4747,12.621061325073242,17,220928,0.0
4748,26.535324096679688,31,220928,0.0
4749,11.500139236450195,16,220928,0.0
4750,30.43781852722168,35,220928,0.0
4751,14.29369068145752,19,220928,0.0
4752,15.478761672973633,20,221184,0.0
4753,21.692672729492188,26,221184,0.0
4754,23.533639907836914,28,221184,0.0
4755,11.463041305541992,16,221184,0.0
4756,24.469005584716797,29,221184,0.0
4757,23.346450805664062,28,221184,0.0
4758,13.518876075744629,18,221184,0.0
4759,21.648122787475586,26,221184,0.0
4760,25.345956802368164,30,221184,0.0
4761,21.59429168701172,26,221184,0.0
4762,30.418561935424805,35,221184,0.0
4763,15.443158149719238,20,221184,0.0
4764,28.55313491821289,33,221440,0.0
4765,27.592864990234375,32,221440,0.0
4766,25.643936157226562,30,221440,0.0
4767,13.544898986816406,18,221440,0.0
4768,22.676502227783203,27,221440,0.0
4769,22.698575973510742,27,221440,0.0
4770,28.50433349609375,33,221440,0.0
4771,23.428192138671875,28,221440,0.0
4772,22.501874923706055,27,221440,0.0
4773,22.652555465698242,27,221440,0.0
4774,17.536579132080078,22,221440,0.0
4775,27.59920883178711,32,221696,0.0
4776,14.483749389648438,19,221696,0.0
4777,21.521465301513672,26,221696,0.0
4778,23.74485969543457,28,221696,0.0
4779,16.45594596862793,21,221696,0.0
4780,19.673282623291016,24,221696,0.0
4781,17.459850311279297,22,221696,0.0
4782,26.549707412719727,31,221696,0.0
4783,26.556201934814453,31,221696,0.0
4784,24.483089447021484,29,221952,0.0
4785,20.75234603881836,25,221952,0.0
4786,12.54543399810791,17,221952,0.0
4787,25.534543991088867,30,221952,0.0
4788,24.657629013061523,29,221952,0.0
4789,17.739213943481445,22,221952,0.0
4790,29.491558074951172,34,221952,0.0
4791,13.504597663879395,18,222208,0.0
4792,29.484981536865234,34,222208,0.0
4793,15.69621753692627,20,222208,0.0
4794,16.678619384765625,21,222208,0.0
4795,24.570789337158203,29,222208,0.0
4796,13.346336364746094,18,222208,0.0
4797,13.467638969421387,18,222208,0.0
4798,11.451807022094727,16,222208,0.0
4799,24.78319549560547,29,222208,0.0
4800,22.61528778076172,27,222208,0.0
4801,24.638938903808594,29,222464,0.0
4802,23.564868927001953,28,222464,0.0
4803,20.491504669189453,25,222464,0.0
4804,22.665380477905273,27,222464,0.0
4805,9.661975860595703,14,222720,0.0
4806,14.670154571533203,19,222720,0.0
4807,29.272876739501953,34,222720,0.0
4808,16.69219398498535,21,222720,0.0
4809,23.7982177734375,28,222720,0.0
4810,11.527079582214355,16,222720,0.0
4811,20.656723022460938,25,222720,0.0
4812,28.4580078125,33,222720,0.0
4813,20.654682159423828,25,222720,0.0
4814,17.594804763793945,22,222720,0.0
4815,24.635662078857422,29,222720,0.0
4816,22.291515350341797,27,222720,0.0
4817,16.641910552978516,21,222720,0.0
4818,16.603910446166992,21,222976,0.0
4819,21.542577743530273,26,222976,0.0
4820,16.428979873657227,21,222976,0.0
4821,20.333189010620117,25,222976,0.0
4822,26.75353240966797,31,222976,0.0
4823,16.489158630371094,21,222976,0.0
4824,26.59813690185547,31,222976,0.0
4825,16.60961151123047,21,222976,0.0
4826,23.56747055053711,28,222976,0.0
4827,11.475324630737305,16,222976,0.0
4828,22.825241088867188,27,223232,0.0
4829,14.456202507019043,19,223232,0.0
4830,11.531749725341797,16,223232,0.0
4831,25.707538604736328,30,223232,0.0
4832,27.566301345825195,32,223232,0.0
4833,25.568803787231445,30,223232,0.0
4834,11.618806838989258,16,223232,0.0
4835,12.730545997619629,17,223232,0.0
4836,27.469636917114258,32,223232,0.0
4837,28.419761657714844,33,223232,0.0
4838,10.674954414367676,15,223232,0.0
4839,11.608509063720703,16,223232,0.0
4840,20.705020904541016,25,223232,0.0
4841,14.601049423217773,19,223488,0.0
4842,18.586332321166992,23,223488,0.0
4843,12.559349060058594,17,223488,0.0
4844,10.562405586242676,15,223488,0.0
4845,22.780841827392578,27,223488,0.0
4846,18.63446044921875,23,223488,0.0
4847,24.580530166625977,29,223488,0.0
4848,15.580973625183105,20,223488,0.0
4849,15.766554832458496,20,223488,0.0
4850,13.590910911560059,18,223488,0.0
4851,21.68376922607422,26,223488,0.0
4852,16.58344268798828,21,223488,0.0
4853,14.457023620605469,19,223488,0.0
4854,16.429595947265625,21,223488,0.0
4855,15.517814636230469,20,223488,0.0
4856,28.508440017700195,33,223488,0.0
4857,22.531482696533203,27,223488,0.0
4858,22.61232566833496,27,223488,0.0
4859,24.687294006347656,29,223744,0.0
4860,23.810199737548828,28,223744,0.0
4861,11.561890602111816,16,223744,0.0
4862,15.497175216674805,20,223744,0.0
4863,11.53679370880127,16,223744,0.0
4864,23.700927734375,28,223744,0.0
4865,29.45435333251953,34,223744,0.0
4866,18.513656616210938,23,223744,0.0
4867,11.729917526245117,16,223744,0.0
4868,26.6546630859375,31,224000,0.0
4869,20.625598907470703,25,224000,0.0
4870,22.58448028564453,27,224000,0.0
4871,16.553852081298828,21,224000,0.0
4872,12.564868927001953,17,224000,0.0
4873,26.8140869140625,31,224000,0.0
4874,15.795618057250977,20,224000,0.0
4875,11.654328346252441,16,224000,0.0
4876,29.498355865478516,34,224000,0.0
4877,23.656896591186523,28,224000,0.0
4878,18.716331481933594,23,224000,0.0
4879,22.742956161499023,27,224256,0.0
4880,29.353384017944336,34,224256,0.0
4881,18.641586303710938,23,224256,0.0
4882,27.56381607055664,32,224256,0.0
4883,21.563873291015625,26,224256,0.0
4884,27.531465530395508,32,224256,0.0
4885,16.47506332397461,21,224512,0.0
4886,24.666765213012695,29,224512,0.0
4887,22.80959701538086,27,224512,0.0
4888,17.60074806213379,22,224512,0.0
4889,27.55918312072754,32,224512,0.0
4890,15.438275337219238,20,224512,0.0
4891,15.467313766479492,20,224512,0.0
4892,11.575033187866211,16,224512,0.0
4893,30.53042221069336,35,224512,0.0
4894,11.583404541015625,16,224768,0.0
4895,18.48405647277832,23,224768,0.0
4896,13.492684364318848,18,224768,0.0
4897,12.718212127685547,17,224768,0.0
4898,18.74173927307129,23,224768,0.0
4899,28.507061004638672,33,224768,0.0
4900,22.678363800048828,27,224768,0.0
4901,20.77968978881836,25,224768,0.0
4902,19.484479904174805,24,224768,0.0
4903,26.578609466552734,31,224768,0.0
4904,12.675926208496094,17,224768,0.0
4905,14.346312522888184,19,224768,0.0
4906,28.604652404785156,33,224768,0.0
4907,13.593584060668945,18,224768,0.0
4908,18.545162200927734,23,225024,0.0
4909,23.666475296020508,28,225024,0.0
4910,23.74789047241211,28,225024,0.0
4911,29.427005767822266,34,225024,0.0
4912,18.547590255737305,23,225024,0.0
4913,19.511457443237305,24,225024,0.0
4914,14.497603416442871,19,225024,0.0
4915,28.573060989379883,33,225280,0.0
4916,21.61876678466797,26,225280,0.0
4917,15.582549095153809,20,225280,0.0
4918,28.56418228149414,33,225280,0.0
4919,16.613222122192383,21,225280,0.0
4920,12.575634956359863,17,225280,0.0
4921,11.5592041015625,16,225280,0.0
4922,16.65038299560547,21,225280,0.0
4923,15.683479309082031,20,225280,0.0
4924,24.611650466918945,29,225280,0.0
4925,24.703208923339844,29,225280,0.0
4926,17.49295425415039,22,225280,0.0
4927,21.88335418701172,26,225280,0.0
4928,17.601171493530273,22,225280,0.0
4929,26.63353729248047,31,225280,0.0
4930,15.683553695678711,20,225280,0.0
4931,25.645587921142578,30,225536,0.0
4932,12.596631050109863,17,225536,0.0
4933,26.606903076171875,31,225536,0.0
4934,12.570272445678711,17,225536,0.0
4935,21.790151596069336,26,225536,0.0
4936,27.5718936920166,32,225536,0.0
4937,15.678299903869629,20,225536,0.0
4938,11.655996322631836,16,225536,0.0
4939,26.65697479248047,31,225536,0.0
4940,20.425479888916016,25,225536,0.0
4941,20.464012145996094,25,225536,0.0
4942,12.700912475585938,17,225536,0.0
4943,12.483189582824707,17,225536,0.0
4944,25.68926239013672,30,225536,0.0
4945,27.517759323120117,32,225536,0.0
4946,19.755647659301758,24,225536,0.0
4947,19.372987747192383,24,225536,0.0
4948,12.785892486572266,17,225792,0.0
4949,29.435487747192383,34,225792,0.0
4950,17.661182403564453,22,225792,0.0
4951,14.540108680725098,19,225792,0.0
4952,25.47838592529297,30,225792,0.0
4953,23.68759536743164,28,225792,0.0
4954,11.627426147460938,16,225792,0.0
4955,20.8323917388916,25,225792,0.0
4956,20.719886779785156,25,225792,0.0
4957,11.512444496154785,16,225792,0.0
4958,25.673229217529297,30,226048,0.0
4959,25.591354370117188,30,226048,0.0
4960,27.660930633544922,32,226048,0.0
4961,15.496447563171387,20,226048,0.0
4962,15.569863319396973,20,226048,0.0
4963,12.69353199005127,17,226048,0.0
4964,13.635602951049805,18,226048,0.0
4965,22.585161209106445,27,226048,0.0
4966,19.504533767700195,24,226048,0.0
4967,10.584287643432617,15,226048,0.0
4968,26.572383880615234,31,226048,0.0
4969,13.440621376037598,18,226304,0.0
4970,24.626754760742188,29,226304,0.0
4971,28.62691879272461,33,226304,0.0
4972,16.699857711791992,21,226304,0.0
4973,26.692026138305664,31,226304,0.0
4974,14.64843463897705,19,226304,0.0
4975,24.487565994262695,29,226304,0.0
4976,11.5462646484375,16,226304,0.0
4977,17.777389526367188,22,226560,0.0
4978,13.649285316467285,18,226560,0.0
4979,18.6239013671875,23,226560,0.0
4980,23.672319412231445,28,226560,0.0
4981,13.659598350524902,18,226560,0.0
4982,12.611740112304688,17,226560,0.0
4983,25.69048309326172,30,226560,0.0
4984,27.481998443603516,32,226560,0.0
4985,18.70706558227539,23,226560,0.0
4986,28.468711853027344,33,226816,0.0
4987,17.644916534423828,22,226816,0.0
4988,22.427146911621094,27,226816,0.0
4989,23.54643440246582,28,226816,0.0
4990,27.711570739746094,32,226816,0.0
4991,10.550748825073242,15,226816,0.0
4992,15.433032989501953,20,226816,0.0
4993,16.640522003173828,21,226816,0.0
4994,19.716480255126953,24,226816,0.0
4995,18.61825942993164,23,226816,0.0
4996,22.753480911254883,27,226816,0.0
4997,11.662111282348633,16,226816,0.0
4998,10.600640296936035,15,226816,0.0
4999,28.54749870300293,33,227072,0.0
5000,10.659515380859375,15,227072,0.0
5001,19.54291534423828,24,227072,0.0
5002,25.687868118286133,30,227072,0.0
5003,26.65557289123535,31,227072,0.0
5004,21.756925582885742,26,227072,0.0
5005,23.730846405029297,28,227072,0.0
5006,18.528383255004883,23,227328,0.0
5007,11.57582950592041,16,227328,0.0
5008,18.687150955200195,23,227328,0.0
5009,21.728622436523438,26,227328,0.0
5010,11.496511459350586,16,227328,0.0
5011,16.685302734375,21,227328,0.0
5012,28.468238830566406,33,227328,0.0
5013,25.671852111816406,30,227328,0.0
5014,24.720056533813477,29,227584,0.0
5015,29.587556838989258,34,227584,0.0
5016,23.620758056640625,28,227584,0.0
5017,28.568866729736328,33,227584,0.0
5018,16.804250717163086,21,227584,0.0
5019,14.511643409729004,19,227584,0.0
5020,24.831363677978516,29,227584,0.0
5021,24.59323501586914,29,227584,0.0
5022,16.59108543395996,21,227584,0.0
5023,25.73160171508789,30,227584,0.0
5024,19.414274215698242,24,227584,0.0
5025,22.572017669677734,27,227584,0.0
5026,23.71883201599121,28,227584,0.0
5027,13.444743156433105,18,227584,0.0
5028,11.618858337402344,16,227584,0.0
5029,14.675455093383789,19,227584,0.0
5030,11.591072082519531,16,227584,0.0
5031,13.597281455993652,18,227840,0.0
5032,21.65279769897461,26,227840,0.0
5033,25.580944061279297,30,227840,0.0
5034,23.585912704467773,28,227840,0.0
5035,17.72247886657715,22,227840,0.0
5036,19.617828369140625,24,227840,0.0
5037,24.615358352661133,29,227840,0.0
5038,18.961475372314453,23,227840,0.0
5039,13.595245361328125,18,227840,0.0
5040,18.626211166381836,23,227840,0.0
5041,12.697372436523438,17,227840,0.0
5042,16.686336517333984,21,227840,0.0
5043,16.605484008789062,21,228096,0.0
5044,16.703554153442383,21,228096,0.0
5045,20.681331634521484,25,228096,0.0
5046,25.637619018554688,30,228096,0.0
5047,11.712833404541016,16,228096,0.0
5048,26.649494171142578,31,228096,0.0
5049,16.512405395507812,21,228096,0.0
5050,10.53823471069336,15,228096,0.0
5051,21.653432846069336,26,228096,0.0
5052,23.899057388305664,28,228096,0.0
5053,27.520170211791992,32,228096,0.0
5054,9.693451881408691,14,228096,0.0
5055,14.635171890258789,19,228352,0.0
5056,18.572906494140625,23,228352,0.0
5057,16.810651779174805,21,228352,0.0
5058,24.745121002197266,29,228352,0.0
5059,27.48712730407715,32,228352,0.0
5060,22.61983299255371,27,228352,0.0
5061,16.59516143798828,21,228352,0.0
5062,15.675458908081055,20,228352,0.0
5063,10.603087425231934,15,228352,0.0
5064,29.417783737182617,34,228352,0.0
5065,26.618440628051758,31,228608,0.0
5066,26.648841857910156,31,228608,0.0
5067,26.49051284790039,31,228608,0.0
5068,18.71017837524414,23,228608,0.0
5069,28.420551300048828,33,228608,0.0
5070,10.595351219177246,15,228608,0.0
5071,24.79986000061035,29,228864,0.0
5072,10.671501159667969,15,228864,0.0
5073,25.775249481201172,30,228864,0.0
5074,16.640111923217773,21,228864,0.0
5075,25.583436965942383,30,228864,0.0
5076,25.609371185302734,30,228864,0.0
5077,16.651655197143555,21,228864,0.0
5078,11.53900146484375,16,228864,0.0
5079,16.55287742614746,21,228864,0.0
5080,12.46663761138916,17,228864,0.0
5081,17.77371597290039,22,228864,0.0
5082,28.5587100982666,33,228864,0.0
5083,22.701385498046875,27,228864,0.0
5084,15.649445533752441,20,229120,0.0
5085,18.823152542114258,23,229120,0.0
5086,21.857810974121094,26,229120,0.0
5087,26.534317016601562,31,229120,0.0
5088,20.61412811279297,25,229120,0.0
5089,19.767011642456055,24,229120,0.0
5090,16.583086013793945,21,229120,0.0
5091,12.535921096801758,17,229120,0.0
5092,20.639942169189453,25,229376,0.0
5093,14.565690994262695,19,229376,0.0
5094,27.51569366455078,32,229376,0.0
5095,13.565614700317383,18,229376,0.0
5096,12.512588500976562,17,229632,0.0
5097,19.58879852294922,24,229632,0.0
5098,15.62024974822998,20,229632,0.0
5099,24.676963806152344,29,229632,0.0
5100,26.560319900512695,31,229632,0.0
5101,15.711860656738281,20,229632,0.0
5102,15.638632774353027,20,229632,0.0
5103,18.74201011657715,23,229632,0.0
5104,20.71776580810547,25,229632,0.0
5105,23.765403747558594,28,229888,0.0
5106,10.538678169250488,15,229888,0.0
5107,11.400732040405273,16,229888,0.0
5108,19.616600036621094,24,229888,0.0
5109,27.51214027404785,32,229888,0.0
5110,17.5895938873291,22,229888,0.0
5111,25.517908096313477,30,229888,0.0
5112,11.65321159362793,16,229888,0.0
5113,11.67414379119873,16,229888,0.0
5114,12.67396354675293,17,229888,0.0
5115,18.603790283203125,23,229888,0.0
5116,19.370086669921875,24,229888,0.0
5117,12.700984001159668,17,230144,0.0
5118,19.57211685180664,24,230144,0.0
5119,21.641298294067383,26,230144,0.0
5120,14.436179161071777,19,230144,0.0
5121,23.70838165283203,28,230144,0.0
5122,17.84249496459961,22,230144,0.0
5123,12.592608451843262,17,230144,0.0
5124,14.693852424621582,19,230144,0.0
5125,18.526981353759766,23,230144,0.0
5126,16.497201919555664,21,230144,0.0
5127,16.453393936157227,21,230144,0.0
5128,26.58170509338379,31,230144,0.0
5129,15.561493873596191,20,230400,0.0
5130,13.569214820861816,18,230400,0.0
5131,23.775758743286133,28,230400,0.0
5132,11.592693328857422,16,230400,0.0
5133,20.754539489746094,25,230400,0.0
5134,23.774301528930664,28,230400,0.0
5135,21.577037811279297,26,230400,0.0
5136,28.62624168395996,33,230400,0.0
5137,21.703533172607422,26,230400,0.0
5138,24.60126495361328,29,230400,0.0
5139,16.564315795898438,21,230400,0.0
5140,14.66727066040039,19,230400,0.0
5141,12.65286636352539,17,230656,0.0
5142,20.859210968017578,25,230656,0.0
5143,28.491918563842773,33,230656,0.0
5144,18.519163131713867,23,230656,0.0
5145,21.695789337158203,26,230656,0.0
5146,11.51327896118164,16,230656,0.0
5147,25.742340087890625,30,230656,0.0
5148,21.531173706054688,26,230656,0.0
5149,16.610118865966797,21,230912,0.0
5150,25.645137786865234,30,230912,0.0
5151,27.53936004638672,32,230912,0.0
5152,28.507858276367188,33,230912,0.0
5153,17.569856643676758,22,230912,0.0
5154,17.666791915893555,22,230912,0.0
5155,12.712560653686523,17,231168,0.0
5156,19.439620971679688,24,231168,0.0
5157,28.55179214477539,33,231168,0.0
5158,10.656543731689453,15,231168,0.0
5159,17.649761199951172,22,231168,0.0
5160,25.651918411254883,30,231168,0.0
5161,12.604663848876953,17,231168,0.0
5162,28.497173309326172,33,231168,0.0
5163,25.581254959106445,30,231168,0.0
5164,13.514204025268555,18,231168,0.0
5165,17.684940338134766,22,231168,0.0
5166,20.523530960083008,25,231168,0.0
5167,20.65158462524414,25,231168,0.0
5168,22.70350456237793,27,231168,0.0
5169,12.665804862976074,17,231168,0.0
5170,15.638299942016602,20,231424,0.0
5171,26.413955688476562,31,231424,0.0
5172,27.575258255004883,32,231424,0.0
5173,29.311922073364258,34,231424,0.0
5174,26.626266479492188,31,231424,0.0
5175,16.727888107299805,21,231424,0.0
5176,10.642882347106934,15,231424,0.0
5177,18.678508758544922,23,231424,0.0
5178,20.525205612182617,25,231424,0.0
5179,17.62314796447754,22,231424,0.0
5180,27.51350975036621,32,231680,0.0
5181,13.614376068115234,18,231680,0.0
5182,22.435333251953125,27,231680,0.0
5183,11.602815628051758,16,231680,0.0
5184,15.657890319824219,20,231680,0.0
5185,19.560422897338867,24,231680,0.0
5186,27.565696716308594,32,231680,0.0
5187,19.555002212524414,24,231680,0.0
5188,27.496400833129883,32,231680,0.0
5189,14.40417766571045,19,231680,0.0
5190,15.584112167358398,20,231680,0.0
5191,26.721466064453125,31,231680,0.0
5192,12.545736312866211,17,231680,0.0
5193,21.732986450195312,26,231936,0.0
5194,12.698599815368652,17,231936,0.0
5195,26.779041290283203,31,231936,0.0
5196,28.330726623535156,33,231936,0.0
5197,24.639352798461914,29,231936,0.0
5198,12.422740936279297,17,231936,0.0
5199,26.483251571655273,31,231936,0.0
5200,11.565020561218262,16,231936,0.0
5201,10.592132568359375,15,231936,0.0
5202,28.51122283935547,33,231936,0.0
5203,12.666275024414062,17,231936,0.0
5204,23.606468200683594,28,231936,0.0
5205,23.82019805908203,28,231936,0.0
5206,27.342906951904297,32,232192,0.0
5207,16.575937271118164,21,232192,0.0
5208,16.6409912109375,21,232192,0.0
5209,22.41921615600586,27,232192,0.0
5210,19.632396697998047,24,232192,0.0
5211,21.555133819580078,26,232192,0.0
5212,22.652801513671875,27,232192,0.0
5213,22.665672302246094,27,232192,0.0
5214,11.597832679748535,16,232448,0.0
5215,24.549753189086914,29,232448,0.0
5216,27.438011169433594,32,232448,0.0
5217,20.686004638671875,25,232448,0.0
5218,23.65125846862793,28,232448,0.0
5219,16.562801361083984,21,232448,0.0
5220,10.549125671386719,15,232448,0.0
5221,19.619977951049805,24,232448,0.0
5222,23.707544326782227,28,232448,0.0
5223,28.565141677856445,33,232448,0.0
5224,22.707839965820312,27,232448,0.0
5225,21.61389923095703,26,232704,0.0
5226,22.634647369384766,27,232704,0.0
5227,18.567033767700195,23,232704,0.0
5228,30.437166213989258,35,232704,0.0
5229,19.769445419311523,24,232704,0.0
5230,21.714693069458008,26,232704,0.0
5231,11.435038566589355,16,232704,0.0
5232,20.75259780883789,25,232704,0.0
5233,26.519691467285156,31,232704,0.0
5234,21.49469566345215,26,232704,0.0
5235,19.663497924804688,24,232704,0.0
5236,30.31198501586914,35,232704,0.0
5237,15.577247619628906,20,232960,0.0
5238,17.350601196289062,22,232960,0.0
5239,16.521024703979492,21,232960,0.0
5240,26.35186004638672,31,232960,0.0
5241,11.434358596801758,16,232960,0.0
5242,16.505512237548828,21,232960,0.0
5243,12.487723350524902,17,232960,0.0
5244,26.53372573852539,31,232960,0.0
5245,24.57237434387207,29,232960,0.0
5246,22.47087287902832,27,233216,0.0
5247,26.607961654663086,31,233216,0.0
5248,24.57706069946289,29,233216,0.0
5249,17.583723068237305,22,233216,0.0
5250,17.527931213378906,22,233216,0.0
5251,12.326337814331055,17,233216,0.0
5252,20.467668533325195,25,233216,0.0
5253,17.547744750976562,22,233216,0.0
5254,15.46298599243164,20,233216,0.0
5255,18.456039428710938,23,233472,0.0
5256,26.65210723876953,31,233472,0.0
5257,18.460636138916016,23,233472,0.0
5258,13.399394989013672,18,233472,0.0
5259,13.391653060913086,18,233728,0.0
5260,30.20432472229004,35,233728,0.0
5261,13.30754566192627,18,233728,0.0
5262,17.572359085083008,22,233728,0.0
5263,14.327569007873535,19,233728,0.0
5264,18.408857345581055,23,233728,0.0
5265,28.44183349609375,33,233728,0.0
5266,27.454917907714844,32,233728,0.0
5267,28.420917510986328,33,233728,0.0
5268,13.426650047302246,18,233984,0.0
5269,19.321252822875977,24,233984,0.0
5270,29.44820785522461,34,233984,0.0
5271,23.65735626220703,28,233984,0.0
5272,26.57912826538086,31,233984,0.0
5273,21.662395477294922,26,234240,0.0
5274,12.382028579711914,17,234240,0.0
5275,13.491022109985352,18,234240,0.0
5276,29.309314727783203,34,234240,0.0
5277,18.353416442871094,23,234240,0.0
5278,18.51448631286621,23,234496,0.0
5279,26.416873931884766,31,234496,0.0
5280,12.265019416809082,17,234496,0.0
5281,21.416439056396484,26,234496,0.0
5282,28.319473266601562,33,234496,0.0
5283,28.525299072265625,33,234496,0.0
5284,13.3350830078125,18,234496,0.0
5285,21.154396057128906,26,234752,0.0
5286,31.23488998413086,36,234752,0.0
5287,15.381858825683594,20,234752,0.0
5288,25.452552795410156,30,234752,0.0
5289,30.233150482177734,35,234752,0.0
5290,31.20507049560547,36,234752,0.0
5291,22.463666915893555,27,234752,0.0
5292,25.36922836303711,30,234752,0.0
5293,31.2884521484375,36,234752,0.0
5294,29.307903289794922,34,235008,0.0
5295,21.436405181884766,26,235008,0.0
5296,23.311710357666016,28,235008,0.0
5297,15.478965759277344,20,235008,0.0
5298,14.357404708862305,19,235008,0.0
5299,30.376317977905273,35,235008,0.0
5300,21.13285255432129,26,235264,0.0
5301,19.188730239868164,24,235264,0.0
5302,28.210412979125977,33,235264,0.0
5303,29.34645652770996,34,235264,0.0
5304,15.404010772705078,20,235520,0.0
5305,20.361438751220703,25,235520,0.0
5306,24.191829681396484,29,235520,0.0
5307,29.21637725830078,34,235520,0.0
5308,28.201234817504883,33,235520,0.0
5309,15.448012351989746,20,235520,0.0
5310,12.432350158691406,17,235520,0.0
5311,25.18002700805664,30,235776,0.0
5312,16.17076301574707,21,235776,0.0
5313,12.21372127532959,17,235776,0.0
5314,25.286497116088867,30,235776,0.0
5315,17.13388442993164,22,235776,0.0
5316,27.26609992980957,32,235776,0.0
5317,28.261445999145508,33,235776,0.0
5318,31.286806106567383,36,236032,0.0
5319,14.267537117004395,19,236032,0.0
5320,30.16098976135254,35,236032,0.0
5321,31.99949836730957,37,236032,0.0
5322,32.11222457885742,37,236288,0.0
5323,29.160253524780273,34,236288,0.0
5324,28.17620849609375,33,236288,0.0
5325,20.29385757446289,25,236288,0.0
5326,21.12234878540039,26,236288,0.0
5327,26.44192123413086,31,236288,0.0
5328,26.09064483642578,31,236288,0.0
5329,27.279420852661133,32,236288,0.0
5330,14.222980499267578,19,236288,0.0
5331,26.424482345581055,31,236288,0.0
5332,31.194116592407227,36,236288,0.0
5333,26.116214752197266,31,236288,0.0
5334,33.92008972167969,39,236288,0.0
5335,29.373695373535156,34,236288,0.0
5336,29.057933807373047,34,236544,0.0
5337,29.079370498657227,34,236544,0.0
5338,31.172157287597656,36,236544,0.0
5339,14.234588623046875,19,236800,0.0
5340,16.206401824951172,21,236800,0.0
5341,20.367170333862305,25,236800,0.0
5342,32.173919677734375,37,236800,0.0
5343,22.14104461669922,27,236800,0.0
5344,18.119298934936523,23,236800,0.0
5345,30.920969009399414,36,237056,0.0
5346,13.240558624267578,18,237056,0.0
5347,28.87980842590332,34,237056,0.0
5348,20.087078094482422,25,237056,0.0
5349,19.927478790283203,25,237056,0.0
5350,26.82712745666504,32,237056,0.0
5351,15.900308609008789,21,237056,0.0
5352,15.986228942871094,21,237312,0.0
5353,34.126136779785156,39,237312,0.0
5354,17.935781478881836,23,237312,0.0
5355,33.91328811645508,39,237312,0.0
5356,24.306991577148438,29,237312,0.0
5357,21.77556037902832,27,237312,0.0
5358,16.76587677001953,22,237568,0.0
5359,32.10732650756836,37,237568,0.0
5360,29.251527786254883,34,237568,0.0
5361,28.956310272216797,34,237568,0.0
5362,14.092172622680664,19,237568,0.0
5363,32.87649917602539,38,237568,0.0
5364,18.831512451171875,24,237568,0.0
5365,21.736209869384766,27,237568,0.0
5366,19.038307189941406,24,237824,0.0
5367,17.96073341369629,23,237824,0.0
5368,23.992780685424805,29,237824,0.0
5369,28.113178253173828,33,237824,0.0
5370,20.07093048095703,25,237824,0.0
5371,30.03833770751953,35,237824,0.0
5372,34.7773551940918,40,237824,0.0
5373,32.00484085083008,37,237824,0.0
5374,21.084228515625,26,238080,0.0
5375,29.053686141967773,34,238080,0.0
5376,32.93461227416992,38,238080,0.0
5377,27.730356216430664,33,238080,0.0
5378,32.157325744628906,37,238080,0.0
5379,19.017961502075195,24,238080,0.0
5380,17.829832077026367,23,238080,0.0
5381,26.11874008178711,31,238080,0.0
5382,15.96923828125,21,238336,0.0
5383,24.11190414428711,29,238336,0.0
5384,20.879045486450195,26,238336,0.0
5385,15.165155410766602,20,238336,0.0
5386,34.95500183105469,40,238336,0.0
5387,15.086740493774414,20,238336,0.0
5388,18.125452041625977,23,238336,0.0
5389,31.873653411865234,37,238336,0.0
5390,19.92917251586914,25,238592,0.0
5391,35.84043884277344,41,238592,0.0
5392,31.90546989440918,37,238592,0.0
5393,17.922870635986328,23,238592,0.0
5394,23.758577346801758,29,238592,0.0
5395,35.8858528137207,41,238592,0.0
5396,28.85055160522461,34,238592,0.0
5397,21.70610809326172,27,238592,0.0
5398,29.77768325805664,35,238592,0.0
5399,18.809856414794922,24,238592,0.0
5400,23.118194580078125,28,238848,0.0
5401,21.020191192626953,26,238848,0.0
5402,31.034820556640625,36,238848,0.0
5403,24.69171714782715,30,238848,0.0
5404,22.698993682861328,28,238848,0.0
5405,17.984012603759766,23,238848,0.0
5406,32.90826416015625,38,238848,0.0
5407,18.9951171875,24,238848,0.0
5408,24.016878128051758,29,238848,0.0
5409,18.719207763671875,24,239104,0.0
5410,24.835092544555664,30,239104,0.0
5411,29.749195098876953,35,239104,0.0
5412,28.552480697631836,34,239104,0.0
5413,34.78678894042969,40,239104,0.0
5414,34.9952392578125,40,239104,0.0
5415,29.07537269592285,34,239104,0.0
5416,31.71229362487793,37,239104,0.0
5417,20.640701293945312,26,239360,0.0
5418,21.517013549804688,27,239360,0.0
5419,29.049182891845703,34,239360,0.0
5420,34.862972259521484,40,239360,0.0
5421,21.963045120239258,27,239360,0.0
5422,35.76725387573242,41,239360,0.0
5423,31.638023376464844,37,239360,0.0
5424,30.62140464782715,36,239360,0.0
5425,27.88880729675293,33,239616,0.0
5426,36.734153747558594,42,239616,0.0
5427,32.7650146484375,38,239616,0.0
5428,32.99945831298828,38,239616,0.0
5429,33.598609924316406,39,239872,0.0
5430,34.851295471191406,40,239872,0.0
5431,26.646211624145508,32,239872,0.0
5432,33.74318313598633,39,240128,0.0
5433,31.801036834716797,37,240128,0.0
5434,26.929458618164062,32,240128,0.0
5435,37.530723571777344,43,240128,0.0
5436,34.725345611572266,40,240128,0.0
5437,23.68391227722168,29,240384,0.0
5438,25.55297088623047,31,240384,0.0
5439,36.3808479309082,42,240384,0.0
5440,30.61107063293457,36,240384,0.0
5441,15.875365257263184,21,240384,0.0
5442,19.76386260986328,25,240384,0.0
5443,24.580795288085938,30,240384,0.0
5444,28.58098793029785,34,240384,0.0
5445,21.417896270751953,27,240640,0.0
5446,28.669593811035156,34,240640,0.0
5447,22.466106414794922,28,240896,0.0
5448,28.61124038696289,34,240896,0.0
5449,32.4527587890625,38,240896,0.0
5450,35.30076599121094,41,240896,0.0
5451,25.42548942565918,31,240896,0.0
5452,37.23707580566406,43,241152,0.0
5453,30.380096435546875,36,241152,0.0
5454,25.529722213745117,31,241152,0.0
5455,20.426855087280273,26,241152,0.0
5456,22.47156524658203,28,241408,0.0
5457,37.40392303466797,43,241408,0.0
5458,26.43922233581543,32,241408,0.0
5459,28.629314422607422,34,241664,0.0
5460,19.72475814819336,25,241664,0.0
5461,22.541784286499023,28,241664,0.0
5462,33.66334915161133,39,241664,0.0
5463,35.448486328125,41,241664,0.0
5464,39.39369201660156,45,241664,0.0
5465,28.111839294433594,34,241920,0.0
5466,43.07975769042969,49,241920,0.0
5467,40.18461227416992,46,241920,0.0
5468,35.98621368408203,42,241920,0.0
5469,27.565654754638672,33,242176,0.0
5470,40.21901321411133,46,242176,0.0
5471,34.47797775268555,40,242176,0.0
5472,39.13599395751953,45,242432,0.0
5473,38.029083251953125,44,242432,0.0
5474,25.553693771362305,31,242432,0.0
5475,40.19797134399414,46,242432,0.0
5476,25.056610107421875,31,242432,0.0
5477,18.613245010375977,24,242432,0.0
5478,30.199806213378906,36,242688,0.0
5479,25.370996475219727,31,242688,0.0
5480,42.32228469848633,48,242688,0.0
5481,39.12621307373047,45,242688,0.0
5482,31.45813751220703,37,242688,0.0
5483,35.52028274536133,41,242688,0.0
5484,42.912574768066406,49,242688,0.0
5485,41.141929626464844,47,242944,0.0
5486,42.22799301147461,48,242944,0.0
5487,41.20119094848633,47,242944,0.0
5488,22.173397064208984,28,242944,0.0
5489,26.862102508544922,33,243200,0.0
5490,40.9177131652832,47,243200,0.0
5491,41.05103302001953,47,243200,0.0
5492,35.24952697753906,41,243200,0.0
5493,30.25688934326172,36,243200,0.0
5494,42.26675033569336,48,243200,0.0
5495,32.225555419921875,38,243456,0.0
5496,36.3191032409668,42,243456,0.0
5497,24.920879364013672,31,243456,0.0
5498,37.1247444152832,43,243456,0.0
5499,43.83693313598633,50,243456,0.0
5500,39.19247055053711,45,243712,0.0
5501,39.9856071472168,46,243712,0.0
5502,41.01545333862305,47,243712,0.0
5503,38.147281646728516,44,243712,0.0
5504,26.3803653717041,32,243712,0.0
5505,43.77656936645508,50,243968,0.0
5506,20.290225982666016,26,243968,0.0
5507,19.332426071166992,25,243968,0.0
5508,47.2976188659668,54,243968,0.0
5509,31.73332405090332,38,243968,0.0
5510,24.87301254272461,31,244224,0.0
5511,27.032028198242188,33,244224,0.0
5512,37.88336944580078,44,244224,0.0
5513,38.69733428955078,45,244224,0.0
5514,38.60075378417969,45,244480,0.0
5515,24.248802185058594,30,244480,0.0
5516,20.268428802490234,26,244480,0.0
5517,36.08071517944336,42,244480,0.0
5518,25.571672439575195,32,244480,0.0
5519,28.58268165588379,35,244736,0.0
5520,32.923038482666016,39,244736,0.0
5521,41.80133056640625,48,244992,0.0
5522,21.98069190979004,28,244992,0.0
5523,43.01577377319336,50,244992,0.0
5524,22.84316062927246,29,244992,0.0
5525,22.94965934753418,29,245248,0.0
5526,20.28851890563965,26,245248,0.0
5527,28.371564865112305,35,245248,0.0
5528,45.73192596435547,52,245248,0.0
5529,45.79682159423828,52,245248,0.0
5530,21.912155151367188,28,245248,0.0
5531,46.564537048339844,53,245248,0.0
5532,22.0331974029541,28,245504,0.0
5533,47.696632385253906,54,245504,0.0
5534,29.551992416381836,36,245504,0.0
5535,42.49335479736328,49,245760,0.0
5536,44.79664611816406,51,245760,0.0
5537,35.299312591552734,42,245760,0.0
5538,36.59431838989258,43,245760,0.0
5539,50.24284362792969,57,245760,0.0
5540,32.346046447753906,39,245760,0.0
5541,27.73175621032715,34,245760,0.0
5542,24.760272979736328,31,246016,0.0
5543,41.22251510620117,48,246016,0.0
5544,34.28432846069336,41,246016,0.0
5545,45.65999221801758,52,246016,0.0
5546,46.41962432861328,53,246016,0.0
5547,26.478050231933594,33,246016,0.0
5548,29.295682907104492,36,246272,0.0
5549,28.063331604003906,35,246272,0.0
5550,38.581459045410156,45,246272,0.0
5551,50.43304443359375,57,246528,0.0
5552,39.27520751953125,46,246528,0.0
5553,45.3835334777832,52,246528,0.0
5554,36.582679748535156,43,246528,0.0
5555,25.663619995117188,32,246528,0.0
5556,52.16494369506836,59,246784,0.0
5557,50.01719665527344,57,247040,0.0
5558,28.414567947387695,35,247296,0.0
5559,37.50667953491211,44,247296,0.0
5560,39.05132293701172,46,247296,0.0
5561,42.02017593383789,49,247296,0.0
5562,52.103477478027344,59,247552,0.0
5563,55.428836822509766,63,247552,0.0
5564,31.23415184020996,38,247808,0.0
5565,48.921714782714844,56,247808,0.0
5566,40.792518615722656,48,248064,0.0
5567,45.1558952331543,52,248064,0.0
5568,39.16289138793945,46,248064,0.0
5569,45.26054382324219,52,248064,0.0
5570,32.07101821899414,39,248320,0.0
5571,44.49485778808594,52,248320,0.0
5572,50.668704986572266,58,248576,0.0
5573,32.30652618408203,39,248576,0.0
5574,39.98677062988281,47,248576,0.0
5575,39.052337646484375,46,249088,0.0
5576,51.99413299560547,59,249088,0.0
5577,59.1314582824707,67,249344,0.0
5578,53.504417419433594,61,249344,0.0
5579,36.87681198120117,44,249344,0.0
5580,44.04010009765625,51,249344,0.0
5581,46.83190155029297,54,249600,0.0
5582,35.822208404541016,43,249600,0.0
5583,58.520240783691406,66,249856,0.0
5584,56.477657318115234,64,249856,0.0
5585,57.21773910522461,65,249856,0.0
5586,59.09015655517578,67,249856,0.0
5587,35.80915832519531,43,250112,0.0
5588,50.309234619140625,58,250368,0.0
5589,31.922697067260742,39,250368,0.0
5590,42.526939392089844,50,250368,0.0
5591,36.14595031738281,44,250624,0.0
5592,58.240882873535156,66,250624,0.0
5593,56.15812683105469,64,250624,0.0
5594,57.2647819519043,65,250624,0.0
5595,33.71904754638672,41,250880,0.0
5596,29.068561553955078,36,251136,0.0
5597,55.68901062011719,63,251136,0.0
5598,58.16743469238281,66,251136,0.0
5599,46.83704376220703,55,251904,0.0
5600,32.52942657470703,40,251904,0.0
5601,47.310142517089844,55,251904,0.0
5602,41.96269226074219,50,251904,0.0
5603,62.19625473022461,70,251904,0.0
5604,46.77876663208008,55,252160,0.0
5605,37.31102752685547,45,252160,0.0
5606,38.70326232910156,47,252416,0.0
5607,57.17809295654297,65,252416,0.0
5608,45.81770706176758,54,252672,0.0
5609,56.578887939453125,65,252928,0.0
5610,58.398685455322266,66,253184,0.0
5611,52.46562194824219,61,253184,0.0
5612,68.34790802001953,77,253184,0.0
5613,59.23338317871094,68,253440,0.0
5614,55.16073989868164,64,253696,0.0
5615,48.81544494628906,57,253696,0.0
5616,64.3865737915039,73,253952,0.0
5617,53.113136291503906,62,254208,0.0
5618,59.52947998046875,68,254208,0.0
5619,49.50120544433594,58,254208,0.0
5620,69.40249633789062,78,254464,0.0
5621,52.2774543762207,61,254464,0.0
5622,42.017311096191406,50,254464,0.0
5623,49.9277229309082,59,254720,0.0
5624,48.58326721191406,58,254720,0.0
5625,39.54787826538086,48,254976,0.0
5626,59.44025802612305,68,254976,0.0
5627,64.8306884765625,74,254976,0.0
5628,40.84404754638672,49,255232,0.0
5629,69.92533111572266,79,255232,0.0
5630,71.41537475585938,81,255232,0.0
5631,52.898460388183594,62,255488,0.0
5632,73.44110870361328,83,255488,0.0
5633,62.55833053588867,72,255488,0.0
5634,65.98799896240234,75,255488,0.0
5635,65.0015640258789,74,255744,0.0
5636,63.58443832397461,73,256512,0.0
5637,66.9469985961914,76,256768,0.0
5638,46.260066986083984,55,256768,0.0
5639,73.91629791259766,84,257024,0.0
5640,49.78923797607422,59,257024,0.0
5641,67.0412826538086,76,257024,0.0
5642,62.971153259277344,72,257024,0.0
5643,69.44645690917969,79,257280,0.0
5644,64.05740356445312,73,257280,0.0
5645,58.83600997924805,68,257792,0.0
5646,51.60963821411133,61,258048,0.0
5647,66.13449096679688,76,258304,0.0
5648,58.582366943359375,68,258304,0.0
5649,67.72193145751953,78,258304,0.0
5650,65.36927795410156,75,258560,0.0
5651,57.6147575378418,67,258560,0.0
5652,62.028221130371094,72,258560,0.0
5653,73.9350814819336,83,258560,0.0
5654,79.42520141601562,89,259072,0.0
5655,85.7517318725586,96,259072,0.0
5656,76.93912506103516,87,259072,0.0
5657,68.29036712646484,78,259328,0.0
5658,86.97685241699219,97,259840,0.0
5659,81.00704956054688,91,259840,0.0
5660,85.48381042480469,96,259840,0.0
5661,74.29154968261719,85,259840,0.0
5662,76.69041442871094,87,260096,0.0
5663,58.990821838378906,69,260096,0.0
5664,66.80974578857422,76,260352,0.0
5665,80.68634796142578,91,260352,0.0
5666,81.34717559814453,92,260352,0.0
5667,58.624900817871094,68,260608,0.0
5668,88.1094741821289,99,260608,0.0
5669,84.55487060546875,95,260608,0.0
5670,74.0537109375,84,260608,0.0
5671,51.27250289916992,61,260608,0.0
5672,54.755653381347656,64,260608,0.0
5673,86.38855743408203,97,260864,0.0
5674,64.98143768310547,75,260864,0.0
5675,71.80054473876953,82,260864,0.0
5676,69.76101684570312,80,260864,0.0
5677,85.12581634521484,96,260864,0.0
5678,57.58998489379883,67,260864,0.0
5679,77.84691619873047,88,261120,0.0
5680,71.26204681396484,81,261120,0.0
5681,81.39888000488281,92,261376,0.0
5682,79.00735473632812,89,261376,0.0
5683,80.51712799072266,91,261632,0.0
5684,85.57588195800781,96,261632,0.0
5685,79.7474365234375,90,261632,0.0
5686,57.80802536010742,68,261632,0.0
5687,63.40244674682617,73,261888,0.0
5688,78.59268188476562,89,262144,0.0
5689,60.869720458984375,71,262144,0.0
5690,70.9265365600586,81,262144,0.0
5691,81.01808166503906,91,262144,0.0
5692,73.38035583496094,83,262400,0.0
5693,67.98819732666016,78,262400,0.0
5694,83.18172454833984,94,262656,0.0
5695,82.04147338867188,93,262656,0.0
5696,60.490291595458984,71,262656,0.0
5697,54.930110931396484,65,262912,0.0
5698,78.42619323730469,89,262912,0.0
5699,93.87246704101562,105,263168,0.0
5700,72.70565795898438,83,263168,0.0
5701,70.61798095703125,81,263168,0.0
5702,82.548095703125,93,263424,0.0
5703,77.23118591308594,88,263424,0.0
5704,71.73377990722656,83,263424,0.0
5705,93.3921890258789,105,263680,0.0
5706,61.39686584472656,72,263680,0.0
5707,95.61204528808594,107,263936,0.0
5708,94.41020202636719,105,263936,0.0
5709,60.81928253173828,71,264192,0.0
5710,68.2032699584961,79,264192,0.0
5711,86.98528289794922,98,264192,0.0
5712,89.12818145751953,99,264192,0.0
5713,68.58939361572266,79,264448,0.0
5714,74.37993621826172,85,264704,0.0
5715,85.40769958496094,96,264704,0.0
5716,95.63580322265625,107,264960,0.0
5717,71.90916442871094,82,264960,0.0
5718,81.51428985595703,92,265216,0.0
5719,61.83264923095703,72,265216,0.0
5720,64.37360382080078,75,265728,0.0
5721,88.29898071289062,99,265728,0.0
5722,64.68740844726562,75,265728,0.0
5723,91.45015716552734,102,266240,0.0
5724,86.89586639404297,98,266240,0.0
5725,70.07589721679688,81,266496,0.0
5726,79.95866394042969,91,266752,0.0
5727,69.27496337890625,80,266752,0.0
5728,73.0099105834961,84,266752,0.0
5729,61.921966552734375,73,266752,0.0
5730,98.24234771728516,110,267008,0.0
5731,74.96590423583984,86,267264,0.0
5732,80.72958374023438,92,267520,0.0
5733,103.19386291503906,114,267776,0.0
5734,83.21996307373047,94,267776,0.0
5735,60.81698989868164,71,267776,0.0
5736,103.99490356445312,115,267776,0.0
5737,95.72126007080078,107,268032,0.0
5738,62.0259895324707,73,268032,0.0
5739,75.12175750732422,86,268032,0.0
5740,84.47079467773438,96,268032,0.0
5741,103.12890625,114,268288,0.0
5742,63.47266387939453,74,268288,0.0
5743,87.80174255371094,98,268288,0.0
5744,87.82388305664062,98,268544,0.0
5745,95.6170654296875,106,268544,0.0
5746,107.56471252441406,119,268544,0.0
5747,103.3001480102539,115,268544,0.0
5748,60.528785705566406,71,268800,0.0
5749,79.94264221191406,91,268800,0.0
5750,85.46137237548828,96,269056,0.0
5751,97.93224334716797,109,269568,0.0
5752,90.29987335205078,101,269824,0.0
5753,73.46904754638672,85,270080,0.0
5754,96.64395904541016,108,270080,0.0
5755,92.76957702636719,103,270080,0.0
5756,113.81876373291016,125,270080,0.0
5757,97.97576904296875,108,270336,0.0
5758,86.64275360107422,98,270336,0.0
5759,72.06707000732422,83,270336,0.0
5760,97.94944763183594,109,270592,0.0
5761,112.23988342285156,124,270592,0.0
5762,74.7642822265625,86,270592,0.0
5763,97.89776611328125,109,270848,0.0
5764,85.61006927490234,96,270848,0.0
5765,111.31046295166016,123,271104,0.0
5766,115.08061218261719,126,271104,0.0
5767,110.69076538085938,122,271104,0.0
5768,89.77735137939453,101,271104,0.0
5769,114.77202606201172,126,271616,0.0
5770,74.20503234863281,86,271872,0.0
5771,117.85271453857422,129,272128,0.0
5772,100.13065338134766,111,272128,0.0
5773,111.58391571044922,123,272384,0.0
5774,76.39495849609375,87,272384,0.0
5775,94.3552474975586,106,272640,0.0
5776,99.61168670654297,110,272640,0.0
5777,83.88370513916016,95,272896,0.0
5778,104.97972106933594,115,272896,0.0
5779,120.54829406738281,132,273152,0.0
5780,117.3748779296875,129,273152,0.0
5781,111.67365264892578,123,273152,0.0
5782,96.9541244506836,108,273408,0.0
5783,75.43651580810547,87,273408,0.0
5784,111.23409271240234,123,273664,0.0
5785,73.14922332763672,84,273664,0.0
5786,65.62067413330078,76,273664,0.0
5787,112.35408020019531,123,273664,0.0
5788,117.54125213623047,129,273920,0.0
5789,96.12141418457031,107,273920,0.0
5790,74.59390258789062,85,273920,0.0
5791,99.99156188964844,111,274176,0.0
5792,112.40968322753906,123,274176,0.0
5793,125.15619659423828,137,274432,0.0
5794,99.9456558227539,111,274432,0.0
5795,118.47998046875,131,274688,0.0
5796,122.03778076171875,134,274688,0.0
5797,87.52165985107422,98,274688,0.0
5798,111.12461853027344,123,274688,0.0
5799,108.3777847290039,119,274944,0.0
5800,111.03784942626953,121,275200,0.0
5801,83.355224609375,95,275200,0.0
5802,115.49089813232422,126,275456,0.0
5803,91.70893859863281,102,275456,0.0
5804,121.0819091796875,133,275968,0.0
5805,109.8325424194336,121,275968,0.0
5806,89.29360961914062,100,275968,0.0
5807,120.39350128173828,131,275968,0.0
5808,126.95271301269531,138,276480,0.0
5809,91.01435852050781,102,276736,0.0
5810,114.07196044921875,125,276736,0.0
5811,107.9480972290039,119,276992,0.0
5812,111.23684692382812,122,277248,0.0
5813,86.24069213867188,97,277248,0.0
5814,123.34439849853516,135,277504,0.0
5815,98.55307006835938,109,277760,0.0
5816,89.67377471923828,101,277760,0.0
5817,68.70204162597656,80,277760,0.0
5818,122.1832504272461,134,277760,0.0
5819,63.406211853027344,74,278016,0.0
5820,110.1627426147461,121,278272,0.0
5821,86.31376647949219,98,278272,0.0
5822,128.1707763671875,140,278528,0.0
5823,110.08967590332031,120,278784,0.0
5824,104.33341217041016,115,278784,0.0
5825,124.55284118652344,135,279552,0.0
5826,110.71797180175781,121,279552,0.0
5827,126.15797424316406,137,279552,0.0
5828,118.05178833007812,130,279808,0.0
5829,82.90299224853516,94,279808,0.0
5830,98.6441421508789,109,279808,0.0
5831,118.37207794189453,128,280064,0.0
5832,112.98455810546875,124,280064,0.0
5833,125.23786926269531,136,280064,0.0
5834,75.03414154052734,86,280320,0.0
5835,132.6017303466797,145,280320,0.0
5836,100.84932708740234,111,280320,0.0
5837,116.76773071289062,127,280576,0.0
5838,95.32852935791016,106,280832,0.0
5839,84.13736724853516,95,281088,0.0
5840,106.82611083984375,118,281344,0.0
5841,137.2551727294922,150,281344,0.0
5842,129.80577087402344,140,281600,0.0
5843,71.72603607177734,82,281600,0.0
5844,121.31607818603516,132,281600,0.0
5845,124.59915161132812,135,281856,0.0
5846,70.7307357788086,81,282112,0.0
5847,67.6509780883789,78,282368,0.0
5848,98.45819091796875,109,282368,0.0
5849,82.53424835205078,93,282368,0.0
5850,132.1366729736328,143,282368,0.0
5851,98.19697570800781,109,282368,0.0
5852,89.98680114746094,100,282368,0.0
5853,132.394775390625,143,282624,0.0
5854,125.88398742675781,137,282624,0.0
5855,98.94532012939453,110,282880,0.0
5856,134.62017822265625,147,282880,0.0
5857,107.99964141845703,118,283136,0.0
5858,142.44419860839844,154,283136,0.0
5859,97.86534118652344,108,283136,0.0
5860,138.16009521484375,150,283136,0.0
5861,138.3839874267578,149,283136,0.0
5862,67.50091552734375,78,283392,0.0
5863,108.13783264160156,118,283392,0.0
5864,103.54700469970703,114,283392,0.0
5865,118.03776550292969,128,283392,0.0
5866,89.61186981201172,100,283648,0.0
5867,114.12191009521484,124,283648,0.0
5868,139.1615753173828,150,284160,0.0
5869,78.62271881103516,89,284416,0.0
5870,113.40811920166016,123,284672,0.0
5871,141.3987579345703,153,284672,0.0
5872,140.5031280517578,151,284672,0.0
5873,78.29954528808594,88,284928,0.0
5874,105.16294860839844,115,284928,0.0
5875,88.96722412109375,99,285184,0.0
5876,107.96569061279297,118,285184,0.0
5877,101.01798248291016,112,285184,0.0
5878,119.23619842529297,129,285440,0.0
5879,72.70267486572266,83,285440,0.0
5880,90.34891510009766,101,285696,0.0
5881,95.90934753417969,106,285696,0.0
5882,138.07806396484375,149,285696,0.0
5883,137.65823364257812,148,285952,0.0
5884,80.4162368774414,91,285952,0.0
5885,146.2944793701172,158,286208,0.0
5886,75.37203979492188,86,286208,0.0
5887,110.58772277832031,120,286208,0.0
5888,129.16497802734375,140,286208,0.0
5889,96.1037826538086,106,286464,0.0
5890,59.49858093261719,69,286464,0.0
5891,126.20174407958984,136,286720,0.0
5892,134.49673461914062,145,286976,0.0
5893,99.06769561767578,109,286976,0.0
5894,65.5790023803711,76,287232,0.0
5895,93.55768585205078,103,287232,0.0
5896,122.44563293457031,133,287488,0.0
5897,146.10104370117188,158,287488,0.0
5898,90.28010559082031,100,287744,0.0
5899,148.04379272460938,159,288000,0.0
5900,136.2542266845703,147,288000,0.0
5901,88.18521118164062,98,288256,0.0
5902,142.3046112060547,153,288256,0.0
5903,75.4017105102539,86,288768,0.0
5904,128.2433319091797,138,289280,0.0
5905,101.85095977783203,112,289280,0.0
5906,150.2322235107422,162,289280,0.0
5907,101.68951416015625,111,289280,0.0
5908,125.32805633544922,136,289536,0.0
5909,92.3426513671875,102,289536,0.0
5910,102.01765441894531,112,289536,0.0
5911,67.69817352294922,78,290048,0.0
5912,141.60452270507812,152,290048,0.0
5913,115.08219909667969,125,290304,0.0
5914,68.1644058227539,78,290304,0.0
5915,136.519775390625,147,290304,0.0
5916,145.49948120117188,156,290560,0.0
5917,120.77166748046875,131,290560,0.0
5918,86.95621490478516,97,290560,0.0
5919,78.77015686035156,89,290560,0.0
5920,113.01815032958984,123,290560,0.0
5921,84.25007629394531,94,290816,0.0
5922,94.78404235839844,105,290816,0.0
5923,62.44398880004883,72,291072,0.0
5924,83.8946762084961,94,291072,0.0
5925,98.61097717285156,108,291072,0.0
5926,100.5058364868164,110,291328,0.0
5927,110.97660827636719,121,291584,0.0
5928,96.52371978759766,106,292096,0.0
5929,114.04676055908203,124,292096,0.0
5930,134.35484313964844,145,292096,0.0
5931,92.4272232055664,102,292352,0.0
5932,91.90685272216797,102,292352,0.0
5933,155.01736450195312,167,292608,0.0
5934,135.81906127929688,146,292608,0.0
5935,73.21195220947266,83,292864,0.0
5936,118.96991729736328,128,292864,0.0
5937,125.29965209960938,135,292864,0.0
5938,59.58708953857422,69,292864,0.0
5939,113.93512725830078,124,293376,0.0
5940,132.0844268798828,142,293632,0.0
5941,132.98001098632812,143,293632,0.0
5942,145.10943603515625,156,293632,0.0
5943,72.80784606933594,82,293888,0.0
5944,87.73920440673828,97,293888,0.0
5945,93.0931625366211,103,294144,0.0
5946,123.0236587524414,133,294144,0.0
5947,92.76526641845703,102,294144,0.0
5948,65.69012451171875,75,294144,0.0
5949,135.44796752929688,145,294144,0.0
5950,108.56534576416016,118,294400,0.0
5951,56.622230529785156,66,294656,0.0
5952,68.7334213256836,78,294656,0.0
5953,121.35209655761719,131,294656,0.0
5954,85.14932250976562,94,294912,0.0
5955,112.55365753173828,122,294912,0.0
5956,124.26419067382812,134,294912,0.0
5957,78.29793548583984,88,294912,0.0
5958,118.9032974243164,128,294912,0.0
5959,116.19355773925781,125,294912,0.0
5960,148.0840301513672,159,294912,0.0
5961,143.8634033203125,155,294912,0.0
5962,88.58670043945312,98,295168,0.0
5963,86.92872619628906,97,295424,0.0
5964,134.26361083984375,144,295424,0.0
5965,127.6197738647461,137,295424,0.0
5966,119.86215209960938,129,295936,0.0
5967,127.69953918457031,137,295936,0.0
5968,139.7265167236328,150,296192,0.0
5969,77.068115234375,87,296192,0.0
5970,143.76332092285156,154,296448,0.0
5971,126.37549591064453,136,296448,0.0
5972,93.96192169189453,104,296704,0.0
5973,150.83042907714844,162,296704,0.0
5974,87.8133316040039,97,296704,0.0
5975,126.25690460205078,136,296704,0.0
5976,134.44964599609375,144,296704,0.0
5977,115.77678680419922,125,296704,0.0
5978,108.6711654663086,118,296960,0.0
5979,116.60782623291016,126,296960,0.0
5980,82.46854400634766,92,296960,0.0
5981,153.33689880371094,164,296960,0.0
5982,82.68293762207031,92,296960,0.0
5983,126.51778411865234,137,297216,0.0
5984,135.44375610351562,146,297216,0.0
5985,110.25972747802734,120,297216,0.0
5986,89.38996887207031,98,297216,0.0
5987,93.91754913330078,103,297472,0.0
5988,135.1632080078125,145,297472,0.0
5989,123.25178527832031,132,297472,0.0
5990,80.9547119140625,90,297472,0.0
5991,74.33010864257812,84,297472,0.0
5992,124.5959243774414,134,297472,0.0
5993,103.54434204101562,113,297728,0.0
5994,59.902793884277344,69,297984,0.0
5995,128.2208251953125,138,297984,0.0
5996,82.8192367553711,92,298240,0.0
5997,109.48604583740234,118,298240,0.0
5998,121.03350067138672,130,298240,0.0
5999,110.02166748046875,120,298240,0.0
6000,81.35706329345703,90,298496,0.0
6001,72.31425476074219,82,298496,0.0
6002,74.21873474121094,84,298496,0.0
6003,44.84508514404297,53,298752,0.0
6004,110.7569580078125,120,298752,0.0
6005,74.25205993652344,83,299008,0.0
6006,114.86979675292969,124,299008,0.0
6007,64.12711334228516,73,299008,0.0
6008,89.15452575683594,98,299264,0.0
6009,48.09397888183594,57,299264,0.0
6010,112.44297790527344,121,299264,0.0
6011,58.41049575805664,68,299264,0.0
6012,75.05088806152344,84,299520,0.0
6013,94.10637664794922,103,299520,0.0
6014,163.9988555908203,176,299520,0.0
6015,127.82984161376953,138,299520,0.0
6016,54.904632568359375,64,299776,0.0
6017,103.2923583984375,112,299776,0.0
6018,55.6558837890625,65,299776,0.0
6019,90.77242279052734,100,299776,0.0
6020,162.26918029785156,173,299776,0.0
6021,63.82890701293945,73,299776,0.0
6022,59.86052322387695,69,300032,0.0
6023,150.57586669921875,162,300032,0.0
6024,120.96521759033203,130,300032,0.0
6025,70.53240203857422,80,300032,0.0
6026,117.34686279296875,127,300288,0.0
6027,128.3031005859375,138,300544,0.0
6028,87.65676879882812,97,300800,0.0
6029,145.67800903320312,156,300800,0.0
6030,146.31846618652344,157,300800,0.0
6031,116.97477722167969,126,300800,0.0
6032,100.64264678955078,110,300800,0.0
6033,62.370784759521484,72,300800,0.0
6034,97.54457092285156,107,301056,0.0
6035,67.8617172241211,77,301312,0.0
6036,74.71057891845703,84,301312,0.0
6037,98.18570709228516,107,301312,0.0
6038,130.24441528320312,140,301568,0.0
6039,150.4378662109375,161,301824,0.0
6040,120.62476348876953,130,301824,0.0
6041,111.41758728027344,121,301824,0.0
6042,84.61502075195312,94,301824,0.0
6043,147.36944580078125,158,301824,0.0
6044,133.0118865966797,143,301824,0.0
6045,136.20938110351562,146,301824,0.0
6046,139.66177368164062,149,302080,0.0
6047,55.03932189941406,64,302080,0.0
6048,76.53070831298828,86,302080,0.0
6049,122.9073257446289,132,302080,0.0
6050,102.79765319824219,112,302336,0.0
6051,144.6976318359375,155,302336,0.0
6052,151.33773803710938,162,302592,0.0
6053,108.9375228881836,118,302592,0.0
6054,43.69295120239258,52,302592,0.0
6055,124.03594970703125,133,302592,0.0
6056,120.37109375,130,302848,0.0
6057,85.38131713867188,94,302848,0.0
6058,64.32020568847656,73,303104,0.0
6059,58.27772521972656,67,303104,0.0
6060,49.06783676147461,58,303104,0.0
6061,117.42178344726562,127,303104,0.0
6062,97.70677185058594,107,303360,0.0
6063,113.06228637695312,122,303360,0.0
6064,75.41072082519531,84,303616,0.0
6065,138.27139282226562,148,303616,0.0
6066,96.84812927246094,106,303616,0.0
6067,155.70718383789062,167,303616,0.0
6068,60.90011215209961,70,303616,0.0
6069,60.02421569824219,69,303872,0.0
6070,90.33963012695312,99,303872,0.0
6071,83.89034271240234,93,304128,0.0
6072,124.17240142822266,133,304384,0.0
6073,155.98220825195312,166,304640,0.0
6074,64.36949157714844,73,304640,0.0
6075,107.60321044921875,117,304640,0.0
6076,158.2300567626953,169,304896,0.0
6077,63.476280212402344,72,304896,0.0
6078,76.85215759277344,86,305152,0.0
6079,60.166038513183594,69,305152,0.0
6080,79.62298583984375,89,305152,0.0
6081,135.10745239257812,145,305664,0.0
6082,117.838134765625,127,305664,0.0
6083,102.6097640991211,111,305664,0.0
6084,83.21866607666016,92,305920,0.0
6085,80.12458801269531,89,305920,0.0
6086,52.03857421875,61,306176,0.0
6087,95.28497314453125,104,306176,0.0
6088,54.35306930541992,63,306176,0.0
6089,51.110591888427734,60,306176,0.0
6090,57.092613220214844,66,306432,0.0
6091,76.3333511352539,85,306432,0.0
6092,66.63387298583984,75,306432,0.0
6093,57.979286193847656,67,306688,0.0
6094,131.61370849609375,141,306688,0.0
6095,116.86054992675781,126,306944,0.0
6096,141.93963623046875,152,306944,0.0
6097,140.2517852783203,151,306944,0.0
6098,93.02647399902344,102,306944,0.0
6099,112.9723129272461,122,307200,0.0
6100,137.3610382080078,147,307456,0.0
6101,56.31972122192383,65,307712,0.0
6102,133.24681091308594,143,307712,0.0
6103,94.0079345703125,103,307712,0.0
6104,81.02424621582031,90,307712,0.0
6105,97.42884063720703,106,307712,0.0
6106,45.02447509765625,53,307712,0.0
6107,51.36820983886719,60,307968,0.0
6108,99.70812225341797,109,307968,0.0
6109,48.179508209228516,57,307968,0.0
6110,89.63904571533203,98,308224,0.0
6111,78.76233673095703,87,308480,0.0
6112,127.45744323730469,137,308736,0.0
6113,56.4909553527832,65,308736,0.0
6114,112.6700210571289,122,308992,0.0
6115,56.87076950073242,65,308992,0.0
6116,85.16357421875,94,308992,0.0
6117,55.018009185791016,64,308992,0.0
6118,98.88163757324219,108,308992,0.0
6119,45.61967468261719,54,309248,0.0
6120,142.08941650390625,152,309248,0.0
6121,62.15763473510742,71,309248,0.0
6122,46.82089614868164,55,309504,0.0
6123,78.32661437988281,87,309504,0.0
6124,74.76025390625,83,309504,0.0
6125,52.77999496459961,61,309504,0.0
6126,65.66792297363281,74,309504,0.0
6127,144.86749267578125,155,309760,0.0
6128,87.11144256591797,95,309760,0.0
6129,91.97528839111328,101,310016,0.0
6130,115.30776977539062,124,310016,0.0
6131,59.459781646728516,68,310272,0.0
6132,55.608463287353516,64,310272,0.0
6133,99.869384765625,109,310272,0.0
6134,52.793357849121094,61,310272,0.0
6135,116.11092376708984,125,310272,0.0
6136,143.99490356445312,154,310528,0.0
6137,104.29671478271484,113,310528,0.0
6138,116.42048645019531,125,310784,0.0
6139,76.33566284179688,85,311040,0.0
6140,133.65338134765625,143,311040,0.0
6141,139.06788635253906,149,311040,0.0
6142,129.65318298339844,139,311040,0.0
6143,130.45355224609375,140,311040,0.0
6144,95.62203979492188,104,311552,0.0
6145,93.41114807128906,102,311552,0.0
6146,42.856632232666016,51,311552,0.0
6147,44.12399673461914,52,311552,0.0
6148,100.50767517089844,109,311552,0.0
6149,88.96372985839844,98,311552,0.0
6150,88.95255279541016,97,311552,0.0
6151,48.568206787109375,57,311552,0.0
6152,47.9866943359375,56,311808,0.0
6153,106.04850006103516,115,311808,0.0
6154,44.07292175292969,52,312064,0.0
6155,50.196807861328125,58,312064,0.0
6156,57.458126068115234,66,312320,0.0
6157,119.357666015625,128,312576,0.0
6158,142.3416290283203,152,312576,0.0
6159,43.90703582763672,52,312576,0.0
6160,50.419189453125,58,312832,0.0
6161,44.259029388427734,52,312832,0.0
6162,52.1615104675293,60,312832,0.0
6163,69.51266479492188,78,312832,0.0
6164,84.83850860595703,93,313088,0.0
6165,77.73751068115234,86,313344,0.0
6166,111.46448516845703,120,313344,0.0
6167,144.6162567138672,154,313344,0.0
6168,43.42672348022461,51,313600,0.0
6169,91.89259338378906,100,313600,0.0
6170,83.3662109375,91,313600,0.0
6171,54.734214782714844,63,313600,0.0
6172,72.7718734741211,81,313600,0.0
6173,65.73627471923828,74,313856,0.0
6174,113.47686004638672,122,313856,0.0
6175,58.91983413696289,67,313856,0.0
6176,52.43877410888672,60,313856,0.0
6177,103.80829620361328,112,313856,0.0
6178,111.07577514648438,120,313856,0.0
6179,103.59266662597656,112,314368,0.0
6180,38.58216094970703,46,314368,0.0
6181,113.80281829833984,122,314624,0.0
6182,152.14297485351562,162,314624,0.0
6183,71.41384887695312,80,314624,0.0
6184,51.206787109375,59,314880,0.0
6185,43.37519836425781,51,314880,0.0
6186,51.56923294067383,60,315392,0.0
6187,37.51829528808594,45,315392,0.0
6188,67.8637924194336,76,315392,0.0
6189,50.51275634765625,58,315648,0.0
6190,106.95962524414062,115,315648,0.0
6191,63.00372314453125,71,315648,0.0
6192,103.3733901977539,112,315648,0.0
6193,60.3267707824707,68,315648,0.0
6194,54.05134963989258,62,315648,0.0
6195,47.11619186401367,55,315904,0.0
6196,66.27830505371094,74,316160,0.0
6197,131.9571990966797,141,316160,0.0
6198,79.81592559814453,88,316160,0.0
6199,37.59587478637695,45,316160,0.0
6200,145.028564453125,154,316160,0.0
6201,49.486061096191406,57,316416,0.0
6202,58.36498260498047,66,316416,0.0
6203,107.0041275024414,115,316416,0.0
6204,49.04359436035156,57,316416,0.0
6205,45.51970291137695,53,316416,0.0
6206,43.1636848449707,51,316672,0.0
6207,50.30447006225586,58,316672,0.0
6208,41.573570251464844,49,317184,0.0
6209,100.167236328125,108,317184,0.0
6210,51.4610595703125,59,317184,0.0
6211,107.63558197021484,116,317184,0.0
6212,36.630306243896484,44,317184,0.0
6213,40.82899475097656,48,317440,0.0
6214,47.56283187866211,55,317440,0.0
6215,131.20614624023438,140,317440,0.0
6216,124.45015716552734,133,317440,0.0
6217,127.56676483154297,136,317696,0.0
6218,139.86300659179688,149,317696,0.0
6219,100.58350372314453,108,317696,0.0
6220,96.31037139892578,104,317696,0.0
6221,85.7196044921875,93,317952,0.0
6222,74.5036392211914,82,317952,0.0
6223,74.53898620605469,82,318208,0.0
6224,48.856868743896484,56,318208,0.0
6225,38.9296875,46,318208,0.0
6226,49.360382080078125,57,318208,0.0
6227,52.84621810913086,60,318464,0.0
6228,46.766021728515625,54,318464,0.0
6229,84.7647476196289,92,318464,0.0
6230,56.412654876708984,64,318976,0.0
6231,68.14981079101562,76,319232,0.0
6232,113.6507568359375,122,319232,0.0
6233,57.56658172607422,65,319232,0.0
6234,157.0854034423828,167,319488,0.0
6235,83.64959716796875,91,319488,0.0
6236,82.59603881835938,90,319744,0.0
6237,34.01398849487305,41,319744,0.0
6238,73.42650604248047,81,319744,0.0
6239,66.77793884277344,74,319744,0.0
6240,77.92491149902344,85,320000,0.0
6241,123.56559753417969,132,320000,0.0
6242,107.08775329589844,115,320000,0.0
6243,69.40129852294922,77,320000,0.0
6244,82.22028350830078,90,320000,0.0
6245,101.43505859375,109,320256,0.0
6246,102.44640350341797,110,320256,0.0
6247,80.91038513183594,88,320256,0.0
6248,99.38250732421875,107,320256,0.0
6249,118.79843139648438,127,320256,0.0
6250,41.716094970703125,49,320256,0.0
6251,129.41317749023438,138,320512,0.0
6252,113.99140167236328,122,320512,0.0
6253,110.34793090820312,118,320512,0.0
6254,92.67082977294922,100,320512,0.0
6255,72.70381164550781,80,320512,0.0
6256,109.8931884765625,118,320768,0.0
6257,139.09927368164062,148,320768,0.0
6258,80.51677703857422,88,320768,0.0
6259,150.5425567626953,160,320768,0.0
6260,137.24099731445312,146,320768,0.0
6261,56.48995590209961,64,320768,0.0
6262,88.56620788574219,96,321024,0.0
6263,109.95513916015625,118,321024,0.0
6264,77.92984008789062,85,321024,0.0
6265,136.82826232910156,146,321024,0.0
6266,65.6815185546875,73,321024,0.0
6267,87.9541244506836,95,321024,0.0
6268,112.1109619140625,120,321024,0.0
6269,33.281986236572266,40,321280,0.0
6270,162.08245849609375,172,321280,0.0
6271,87.6494369506836,95,321280,0.0
6272,88.97659301757812,96,321280,0.0
6273,108.39750671386719,116,321280,0.0
6274,34.28037643432617,41,321280,0.0
6275,62.56471252441406,70,321536,0.0
6276,77.16868591308594,84,321536,0.0
6277,78.41312408447266,86,321536,0.0
6278,35.274627685546875,42,321792,0.0
6279,42.72435760498047,50,321792,0.0
6280,78.51084899902344,86,321792,0.0
6281,97.1848373413086,105,321792,0.0
6282,89.31763458251953,97,322048,0.0
6283,53.2669677734375,60,322048,0.0
6284,43.62663269042969,51,322048,0.0
6285,38.77861404418945,46,322048,0.0
6286,56.9512939453125,64,322048,0.0
6287,75.33751678466797,82,322304,0.0
6288,101.7512435913086,109,322560,0.0
6289,111.38003540039062,119,322560,0.0
6290,82.18791961669922,89,322560,0.0
6291,94.78905487060547,102,322816,0.0
6292,119.0110092163086,127,323072,0.0
6293,34.22799301147461,41,323072,0.0
6294,60.951019287109375,68,323328,0.0
6295,88.16971588134766,95,323328,0.0
6296,43.59879684448242,51,323328,0.0
6297,55.15333557128906,62,323584,0.0
6298,99.45336151123047,107,323584,0.0
6299,108.35910034179688,116,323840,0.0
6300,66.00259399414062,73,323840,0.0
6301,38.083648681640625,45,323840,0.0
6302,79.36326599121094,86,323840,0.0
6303,105.21080780029297,113,323840,0.0
6304,41.30744934082031,48,323840,0.0
6305,46.97803497314453,54,324096,0.0
6306,65.21174621582031,72,324096,0.0
6307,108.5394515991211,116,324096,0.0
6308,106.60549926757812,114,324096,0.0
6309,73.00397491455078,80,324096,0.0
6310,100.73729705810547,108,324096,0.0
6311,82.02183532714844,89,324096,0.0
6312,51.845882415771484,59,324096,0.0
6313,78.97386932373047,86,324096,0.0
6314,87.81613159179688,95,324352,0.0
6315,90.73783874511719,98,324352,0.0
6316,80.83248901367188,88,324352,0.0
6317,73.80506896972656,81,324352,0.0
6318,83.9998779296875,91,324352,0.0
6319,108.41439056396484,116,324352,0.0
6320,93.92762756347656,101,324352,0.0
6321,29.42917251586914,36,324608,0.0
6322,44.25627899169922,51,324608,0.0
6323,82.74685668945312,90,324608,0.0
6324,131.45465087890625,140,324608,0.0
6325,59.577674865722656,66,324864,0.0
6326,91.80423736572266,99,324864,0.0
6327,26.67641258239746,33,324864,0.0
6328,37.43071746826172,44,324864,0.0
6329,64.14893341064453,71,324864,0.0
6330,95.94489288330078,103,325120,0.0
6331,115.45762634277344,123,325120,0.0
6332,40.22235107421875,47,325120,0.0
6333,61.93718719482422,69,325376,0.0
6334,89.27232360839844,96,325376,0.0
6335,95.69535827636719,103,325376,0.0
6336,60.637332916259766,68,325376,0.0
6337,38.40691375732422,45,325376,0.0
6338,116.23866271972656,124,325376,0.0
6339,101.35736083984375,109,325376,0.0
6340,26.791851043701172,33,325632,0.0
6341,57.9512825012207,65,325632,0.0
6342,37.30352783203125,44,325632,0.0
6343,56.319969177246094,63,325632,0.0
6344,55.26068878173828,62,325632,0.0
6345,32.776676177978516,39,325632,0.0
6346,68.35789489746094,75,325632,0.0
6347,82.3083267211914,89,325888,0.0
6348,105.48949432373047,113,325888,0.0
6349,57.51545715332031,64,325888,0.0
6350,54.26280975341797,61,325888,0.0
6351,69.23563385009766,76,325888,0.0
6352,57.319313049316406,64,325888,0.0
6353,68.18036651611328,75,326144,0.0
6354,66.86297607421875,74,326144,0.0
6355,42.450843811035156,49,326144,0.0
6356,114.20672607421875,122,326144,0.0
6357,64.2031478881836,71,326400,0.0
6358,77.27719116210938,84,326400,0.0
6359,114.32073974609375,122,326400,0.0
6360,84.23570251464844,91,326400,0.0
6361,84.89960479736328,92,326400,0.0
6362,87.39212036132812,94,326656,0.0
6363,32.509578704833984,39,326656,0.0
6364,73.39326477050781,80,326656,0.0
6365,93.82563018798828,101,326656,0.0
6366,74.624755859375,81,326912,0.0
6367,53.4168701171875,60,326912,0.0
6368,53.23598098754883,60,326912,0.0
6369,90.10220336914062,97,326912,0.0
6370,37.69819641113281,44,326912,0.0
6371,51.5020637512207,58,326912,0.0
6372,48.25632858276367,55,326912,0.0
6373,118.33353424072266,126,327168,0.0
6374,89.94213104248047,97,327168,0.0
6375,69.51410675048828,76,327168,0.0
6376,91.09069061279297,98,327168,0.0
6377,35.46533203125,42,327168,0.0
6378,108.13707733154297,116,327168,0.0
6379,57.52000045776367,64,327424,0.0
6380,55.376991271972656,62,327424,0.0
6381,43.63802719116211,50,327424,0.0
6382,62.08664321899414,69,327424,0.0
6383,32.380882263183594,39,327680,0.0
6384,108.36045837402344,116,327680,0.0
6385,97.71269226074219,105,327680,0.0
6386,49.50830078125,56,327680,0.0
6387,38.642173767089844,45,327680,0.0
6388,57.59870147705078,64,327936,0.0
6389,104.42652893066406,112,327936,0.0
6390,36.89512634277344,43,328192,0.0
6391,39.56533432006836,46,328192,0.0
6392,43.126861572265625,50,328192,0.0
6393,36.8538703918457,43,328192,0.0
6394,28.556236267089844,35,328448,0.0
6395,36.66598129272461,43,328704,0.0
6396,35.58948516845703,42,328704,0.0
6397,57.42668151855469,64,328960,0.0
6398,65.4771728515625,72,328960,0.0
6399,118.19911193847656,126,328960,0.0
6400,40.256011962890625,47,329216,0.0
6401,77.40937805175781,84,329216,0.0
6402,72.27325439453125,79,329216,0.0
6403,71.19448852539062,78,329216,0.0
6404,128.81149291992188,137,329216,0.0
6405,39.46711730957031,46,329472,0.0
6406,47.43571853637695,54,329472,0.0
6407,95.82539367675781,103,329472,0.0
6408,77.13091278076172,84,329472,0.0
6409,51.704647064208984,58,329472,0.0
6410,37.28376388549805,44,329472,0.0
6411,123.05357360839844,131,329472,0.0
6412,27.73134422302246,34,329728,0.0
6413,95.92633819580078,103,329728,0.0
6414,69.39364624023438,76,329728,0.0
6415,45.592369079589844,52,329728,0.0
6416,82.25358581542969,89,329728,0.0
6417,56.666534423828125,63,329984,0.0
6418,69.54015350341797,76,329984,0.0
6419,29.782400131225586,36,330240,0.0
6420,55.4716796875,62,330240,0.0
6421,72.47515106201172,79,330240,0.0
6422,29.62074089050293,36,330240,0.0
6423,50.423160552978516,57,330240,0.0
6424,64.45426940917969,71,330240,0.0
6425,24.25527000427246,30,330240,0.0
6426,61.66599655151367,68,330240,0.0
6427,54.68510055541992,61,330496,0.0
6428,58.43803787231445,65,330496,0.0
6429,112.30448150634766,120,330496,0.0
6430,60.70690155029297,67,330496,0.0
6431,41.559810638427734,48,330496,0.0
6432,31.816001892089844,38,330752,0.0
6433,31.935943603515625,38,330752,0.0
6434,35.754066467285156,42,330752,0.0
6435,84.21240997314453,91,330752,0.0
6436,45.55126953125,52,330752,0.0
6437,25.786184310913086,32,330752,0.0
6438,55.48736572265625,62,330752,0.0
6439,27.866422653198242,34,330752,0.0
6440,25.824281692504883,32,331008,0.0
6441,53.53593063354492,60,331008,0.0
6442,53.953670501708984,60,331008,0.0
6443,34.7593994140625,41,331264,0.0
6444,95.6851806640625,103,331264,0.0
6445,78.0898666381836,85,331264,0.0
6446,55.69188690185547,62,331264,0.0
6447,53.77349853515625,60,331520,0.0
6448,31.575185775756836,38,331520,0.0
6449,39.8719596862793,46,331520,0.0
6450,23.086261749267578,29,331520,0.0
6451,42.574249267578125,49,331520,0.0
6452,35.70652770996094,42,331520,0.0
6453,34.529136657714844,41,331520,0.0
6454,23.08639144897461,29,331520,0.0
6455,24.910348892211914,31,331776,0.0
6456,45.529441833496094,52,331776,0.0
6457,91.18866729736328,98,332032,0.0
6458,37.56039047241211,44,332032,0.0
6459,55.33343505859375,62,332032,0.0
6460,43.70135498046875,50,332032,0.0
6461,89.25360870361328,96,332288,0.0
6462,102.74864959716797,110,332288,0.0
6463,51.69221878051758,58,332288,0.0
6464,115.2560806274414,123,332288,0.0
6465,66.50003051757812,73,332288,0.0
6466,74.3935546875,81,332288,0.0
6467,28.81363868713379,35,332544,0.0
6468,24.851320266723633,31,332544,0.0
6469,37.76993179321289,44,332544,0.0
6470,74.35055541992188,81,332544,0.0
6471,96.97920989990234,104,332800,0.0
6472,36.71378707885742,43,332800,0.0
6473,97.1035385131836,104,332800,0.0
6474,43.68290328979492,50,333056,0.0
6475,27.875320434570312,34,333056,0.0
6476,88.00904083251953,95,333056,0.0
6477,29.821168899536133,36,333056,0.0
6478,26.75951385498047,33,333312,0.0
6479,37.79227828979492,44,333312,0.0
6480,54.82460021972656,61,333312,0.0
6481,100.86455535888672,108,333312,0.0
6482,25.274024963378906,31,333312,0.0
6483,70.49874877929688,77,333568,0.0
6484,74.57493591308594,81,333568,0.0
6485,24.177865982055664,30,333568,0.0
6486,81.24016571044922,88,333568,0.0
6487,71.4796142578125,78,333568,0.0
6488,60.7906608581543,67,333568,0.0
6489,96.9925537109375,104,333568,0.0
6490,60.78472137451172,67,333824,0.0
6491,42.47589874267578,49,333824,0.0
6492,27.038923263549805,33,334080,0.0
6493,46.7879638671875,53,334336,0.0
6494,106.61766052246094,114,334336,0.0
6495,88.09367370605469,95,334336,0.0
6496,32.82534408569336,39,334336,0.0
6497,65.74557495117188,72,334336,0.0
6498,84.3691635131836,91,334336,0.0
6499,31.678857803344727,38,334592,0.0
6500,51.65875244140625,58,334592,0.0
6501,34.8438835144043,41,334592,0.0
6502,82.1907958984375,89,334592,0.0
6503,122.12157440185547,130,334592,0.0
6504,31.953067779541016,38,334592,0.0
6505,30.972980499267578,37,334592,0.0
6506,51.758052825927734,58,334848,0.0
6507,36.98207092285156,43,334848,0.0
6508,93.05975341796875,100,334848,0.0
6509,35.822879791259766,42,334848,0.0
6510,92.15242004394531,99,334848,0.0
6511,80.38127136230469,87,334848,0.0
6512,50.1107177734375,56,334848,0.0
6513,47.7800178527832,54,334848,0.0
6514,34.903907775878906,41,335104,0.0
6515,52.084774017333984,58,335104,0.0
6516,60.885223388671875,67,335104,0.0
6517,39.709598541259766,46,335360,0.0
6518,32.94770812988281,39,335360,0.0
6519,31.890731811523438,38,335616,0.0
6520,46.666038513183594,53,335616,0.0
6521,97.69738006591797,105,335616,0.0
6522,38.77262878417969,45,335616,0.0
6523,24.242536544799805,30,335872,0.0
6524,62.68090057373047,69,335872,0.0
6525,38.99575424194336,45,335872,0.0
6526,80.4906005859375,87,335872,0.0
6527,31.97920799255371,38,336128,0.0
6528,53.743499755859375,60,336128,0.0
6529,41.91978073120117,48,336128,0.0
6530,29.0336856842041,35,336128,0.0
6531,29.99175262451172,36,336128,0.0
6532,49.900115966796875,56,336384,0.0
6533,58.85919952392578,65,336384,0.0
6534,38.86557388305664,45,336640,0.0
6535,61.69718933105469,68,336640,0.0
6536,34.0267333984375,40,336640,0.0
6537,102.37319946289062,110,336640,0.0
6538,73.60795593261719,80,336640,0.0
6539,37.73847579956055,44,336896,0.0
6540,35.827980041503906,42,336896,0.0
6541,58.90022659301758,65,336896,0.0
6542,65.85775756835938,72,336896,0.0
6543,51.235198974609375,57,336896,0.0
6544,88.1545181274414,95,337152,0.0
6545,31.029579162597656,37,337152,0.0
6546,45.97427749633789,52,337152,0.0
6547,40.83242416381836,47,337152,0.0
6548,38.62794494628906,45,337152,0.0
6549,42.110191345214844,48,337152,0.0
6550,38.81572723388672,45,337408,0.0
6551,56.03673553466797,62,337408,0.0
6552,34.94575119018555,41,337664,0.0
6553,60.71598434448242,67,337664,0.0
6554,62.919315338134766,69,337664,0.0
6555,27.91931915283203,34,337664,0.0
6556,30.72455596923828,37,337664,0.0
6557,46.79620361328125,53,337664,0.0
6558,42.03924560546875,48,337664,0.0
6559,74.57015991210938,81,337920,0.0
6560,33.151451110839844,39,337920,0.0
6561,37.09551239013672,43,337920,0.0
6562,78.41010284423828,85,337920,0.0
6563,61.984886169433594,68,337920,0.0
6564,57.89444351196289,64,337920,0.0
6565,62.61391830444336,69,337920,0.0
6566,41.8028678894043,48,337920,0.0
6567,38.82344055175781,45,338176,0.0
6568,22.991539001464844,29,338176,0.0
6569,71.49452209472656,78,338176,0.0
6570,65.8392562866211,72,338176,0.0
6571,27.00736427307129,33,338176,0.0
6572,28.17803192138672,34,338176,0.0
6573,30.056472778320312,36,338432,0.0
6574,29.21918487548828,35,338432,0.0
6575,47.78954315185547,54,338688,0.0
6576,54.868927001953125,61,338944,0.0
6577,57.811641693115234,64,338944,0.0
6578,99.75643920898438,107,338944,0.0
6579,77.55979919433594,84,338944,0.0
6580,67.75269317626953,74,338944,0.0
6581,39.65184783935547,46,339200,0.0
6582,93.98495483398438,101,339200,0.0
6583,74.54190063476562,81,339200,0.0
6584,88.98898315429688,96,339200,0.0
6585,51.782623291015625,58,339456,0.0
6586,92.6910400390625,100,339456,0.0
6587,26.180072784423828,32,339712,0.0
6588,23.112436294555664,29,339712,0.0
6589,26.133546829223633,32,339712,0.0
6590,36.90966796875,43,339968,0.0
6591,24.21731185913086,30,339968,0.0
6592,66.73133850097656,73,339968,0.0
6593,58.78944778442383,65,339968,0.0
6594,54.86299514770508,61,339968,0.0
6595,26.130399703979492,32,340224,0.0
6596,47.97867202758789,54,340224,0.0
6597,75.52421569824219,82,340224,0.0
6598,43.872413635253906,50,340224,0.0
6599,71.54008483886719,78,340224,0.0
6600,44.06336212158203,50,340224,0.0
6601,23.326440811157227,29,340480,0.0
6602,96.76691436767578,104,340480,0.0
6603,66.76423645019531,73,340480,0.0
6604,29.053266525268555,35,340480,0.0
6605,22.294525146484375,28,340480,0.0
6606,68.56318664550781,75,340480,0.0
6607,42.80098342895508,49,340480,0.0
6608,43.97623062133789,50,340480,0.0
6609,37.08342742919922,43,340736,0.0
6610,53.95952606201172,60,340736,0.0
6611,73.59770202636719,80,340736,0.0
6612,59.953514099121094,66,340736,0.0
6613,46.933448791503906,53,340736,0.0
6614,74.54698944091797,81,340736,0.0
6615,46.8115348815918,53,340992,0.0
6616,32.115501403808594,38,340992,0.0
6617,46.13678741455078,52,340992,0.0
6618,51.948814392089844,58,340992,0.0
6619,74.51119995117188,81,341248,0.0
6620,86.16087341308594,93,341248,0.0
6621,59.82101058959961,66,341248,0.0
6622,74.56336212158203,81,341504,0.0
6623,61.80836486816406,68,341504,0.0
6624,33.178558349609375,39,341504,0.0
6625,56.86570739746094,63,341504,0.0
6626,58.035423278808594,64,341760,0.0
6627,35.889713287353516,42,341760,0.0
6628,30.06085968017578,36,341760,0.0
6629,53.11079025268555,59,341760,0.0
6630,39.22931671142578,45,341760,0.0
6631,57.747901916503906,64,341760,0.0
6632,33.106781005859375,39,341760,0.0
6633,39.15660095214844,45,341760,0.0
6634,24.101402282714844,30,342016,0.0
6635,38.97945022583008,45,342016,0.0
6636,31.816701889038086,38,342016,0.0
6637,39.06924819946289,45,342272,0.0
6638,68.68921661376953,75,342272,0.0
6639,23.329151153564453,29,342272,0.0
6640,50.77533721923828,57,342272,0.0
6641,24.243412017822266,30,342272,0.0
6642,75.47074890136719,82,342272,0.0
6643,23.264909744262695,29,342272,0.0
6644,25.187641143798828,31,342272,0.0
6645,69.79833221435547,76,342528,0.0
6646,19.507801055908203,25,342528,0.0
6647,52.158180236816406,58,342528,0.0
6648,64.6844711303711,71,342528,0.0
6649,25.192583084106445,31,342528,0.0
6650,83.13709259033203,90,342528,0.0
6651,75.34235382080078,82,342528,0.0
6652,57.065547943115234,63,342528,0.0
6653,32.098060607910156,38,342784,0.0
6654,55.917171478271484,62,342784,0.0
6655,49.976966857910156,56,342784,0.0
6656,30.2002010345459,36,342784,0.0
6657,59.87787628173828,66,342784,0.0
6658,42.89474868774414,49,342784,0.0
6659,23.149627685546875,29,342784,0.0
6660,81.4039077758789,88,343040,0.0
6661,26.936059951782227,33,343040,0.0
6662,21.23501205444336,27,343296,0.0
6663,48.748958587646484,55,343296,0.0
6664,43.00163650512695,49,343296,0.0
6665,27.129777908325195,33,343296,0.0
6666,48.01450729370117,54,343296,0.0
6667,58.93820571899414,65,343296,0.0
6668,71.59747314453125,78,343296,0.0
6669,62.74147033691406,69,343296,0.0
6670,35.98942947387695,42,343552,0.0
6671,35.15267562866211,41,343552,0.0
6672,46.817405700683594,53,343552,0.0
6673,48.01108169555664,54,343552,0.0
6674,69.65239715576172,76,343552,0.0
6675,68.76541137695312,75,343552,0.0
6676,70.75975799560547,77,343808,0.0
6677,81.27584075927734,88,343808,0.0
6678,38.03813552856445,44,343808,0.0
6679,59.969661712646484,66,343808,0.0
6680,46.9791259765625,53,343808,0.0
6681,30.146060943603516,36,343808,0.0
6682,49.97444152832031,56,344064,0.0
6683,45.99113845825195,52,344064,0.0
6684,43.943756103515625,50,344064,0.0
6685,21.305150985717773,27,344064,0.0
6686,60.685325622558594,67,344064,0.0
6687,64.86558532714844,71,344064,0.0
6688,79.34503173828125,86,344064,0.0
6689,24.045808792114258,30,344320,0.0
6690,48.01057052612305,54,344320,0.0
6691,38.796112060546875,45,344320,0.0
6692,57.033775329589844,63,344320,0.0
6693,46.168033599853516,52,344320,0.0
6694,81.18556213378906,88,344320,0.0
6695,40.94359588623047,47,344320,0.0
6696,38.80970764160156,45,344576,0.0
6697,30.807029724121094,37,344576,0.0
6698,45.163307189941406,51,344576,0.0
6699,25.19614601135254,31,344576,0.0
6700,50.03957748413086,56,344576,0.0
6701,38.017822265625,44,344576,0.0
6702,61.76389694213867,68,344576,0.0
6703,54.028072357177734,60,344832,0.0
6704,50.941436767578125,57,344832,0.0
6705,30.217609405517578,36,344832,0.0
6706,44.19950485229492,50,345088,0.0
6707,63.769840240478516,70,345088,0.0
6708,49.02650451660156,55,345344,0.0
6709,25.19979476928711,31,345344,0.0
6710,29.95289421081543,36,345344,0.0
6711,31.99264144897461,38,345600,0.0
6712,75.37357330322266,82,345600,0.0
6713,37.04128646850586,43,345600,0.0
6714,23.370471954345703,29,345600,0.0
6715,56.95085525512695,63,345600,0.0
6716,70.69756317138672,77,345856,0.0
6717,34.26995849609375,40,345856,0.0
6718,66.44625091552734,73,345856,0.0
6719,39.2187614440918,45,345856,0.0
6720,39.060211181640625,45,345856,0.0
6721,25.339975357055664,31,345856,0.0
6722,40.9752311706543,47,345856,0.0
6723,67.57564544677734,74,345856,0.0
6724,43.086097717285156,49,346112,0.0
6725,73.57145690917969,80,346112,0.0
6726,43.28498077392578,49,346112,0.0
6727,33.15907287597656,39,346368,0.0
6728,60.921783447265625,67,346368,0.0
6729,44.9263916015625,51,346368,0.0
6730,39.994625091552734,46,346624,0.0
6731,74.44430541992188,81,346624,0.0
6732,20.38064956665039,26,346624,0.0
6733,58.03108215332031,64,346880,0.0
6734,46.04121398925781,52,346880,0.0
6735,30.189714431762695,36,346880,0.0
6736,57.13737869262695,63,346880,0.0
6737,54.039432525634766,60,346880,0.0
6738,29.370607376098633,35,347136,0.0
6739,21.242231369018555,27,347136,0.0
6740,65.86031341552734,72,347136,0.0
6741,26.1492862701416,32,347136,0.0
6742,62.12618637084961,68,347136,0.0
6743,49.10687255859375,55,347392,0.0
6744,39.90715789794922,46,347392,0.0
6745,78.36951446533203,85,347392,0.0
6746,31.137880325317383,37,347392,0.0
6747,53.95486831665039,60,347392,0.0
6748,39.07412338256836,45,347648,0.0
6749,49.272342681884766,55,347648,0.0
6750,20.312076568603516,26,347648,0.0
6751,64.87628173828125,71,347648,0.0
6752,77.49014282226562,84,347648,0.0
6753,21.272192001342773,27,347648,0.0
6754,62.775997161865234,69,347904,0.0
6755,68.64794158935547,75,347904,0.0
6756,75.41226959228516,82,347904,0.0
6757,45.14522171020508,51,347904,0.0
6758,26.171356201171875,32,347904,0.0
6759,67.82249450683594,74,348160,0.0
6760,78.32035064697266,85,348160,0.0
6761,37.03301239013672,43,348160,0.0
6762,26.198902130126953,32,348416,0.0
6763,67.7530288696289,74,348416,0.0
6764,23.34468650817871,29,348416,0.0
6765,20.401077270507812,26,348416,0.0
6766,31.111839294433594,37,348672,0.0
6767,57.90071105957031,64,348672,0.0
6768,41.20363235473633,47,348672,0.0
6769,32.20548629760742,38,348928,0.0
6770,71.66498565673828,78,348928,0.0
6771,62.018272399902344,68,348928,0.0
6772,37.173702239990234,43,348928,0.0
6773,49.18147277832031,55,348928,0.0
6774,41.127254486083984,47,348928,0.0
6775,63.87401580810547,70,348928,0.0
6776,63.7685661315918,70,349184,0.0
6777,52.924373626708984,59,349184,0.0
6778,46.16199493408203,52,349184,0.0
6779,27.235736846923828,33,349184,0.0
6780,23.171566009521484,29,349184,0.0
6781,27.39035987854004,33,349184,0.0
6782,34.047218322753906,40,349440,0.0
6783,22.338457107543945,28,349440,0.0
6784,66.86764526367188,73,349440,0.0
6785,72.66606140136719,79,349440,0.0
6786,39.93880081176758,46,349440,0.0
6787,42.10820007324219,48,349440,0.0
6788,61.78116989135742,68,349440,0.0
6789,39.121315002441406,45,349696,0.0
6790,63.7990837097168,70,349696,0.0
6791,24.363079071044922,30,349696,0.0
6792,51.24803161621094,57,349696,0.0
6793,83.10919952392578,90,349696,0.0
6794,44.24531555175781,50,349696,0.0
6795,49.01813507080078,55,349696,0.0
6796,41.178375244140625,47,349696,0.0
6797,48.08083724975586,54,349696,0.0
6798,26.05083465576172,32,349952,0.0
6799,78.2360610961914,85,349952,0.0
6800,36.93001174926758,43,349952,0.0
6801,70.5128173828125,77,349952,0.0
6802,37.119476318359375,43,349952,0.0
6803,24.31372833251953,30,350208,0.0
6804,42.00322723388672,48,350208,0.0
6805,25.32233238220215,31,350208,0.0
6806,25.32959747314453,31,350464,0.0
6807,46.15993881225586,52,350464,0.0
6808,70.62578582763672,77,350464,0.0
6809,20.475927352905273,26,350464,0.0
6810,44.16804885864258,50,350464,0.0
6811,74.38753509521484,81,350720,0.0
6812,72.6228256225586,79,350720,0.0
6813,25.254358291625977,31,350720,0.0
6814,62.0362548828125,68,350720,0.0
6815,38.159950256347656,44,350720,0.0
6816,31.340171813964844,37,350720,0.0
6817,34.36043167114258,40,350720,0.0
6818,23.348651885986328,29,350720,0.0
6819,25.359548568725586,31,350720,0.0
6820,34.09040069580078,40,350720,0.0
6821,42.231666564941406,48,350720,0.0
6822,31.290451049804688,37,350976,0.0
6823,46.31462097167969,52,350976,0.0
6824,50.17485427856445,56,350976,0.0
6825,64.87028503417969,71,350976,0.0
6826,73.37445068359375,80,350976,0.0
6827,73.50780487060547,80,351232,0.0
6828,42.255889892578125,48,351232,0.0
6829,59.98827362060547,66,351232,0.0
6830,40.93220138549805,47,351232,0.0
6831,70.54829406738281,77,351232,0.0
6832,62.90202331542969,69,351232,0.0
6833,39.21023178100586,45,351232,0.0
6834,51.05332565307617,57,351488,0.0
6835,35.23681640625,41,351488,0.0
6836,27.314830780029297,33,351488,0.0
6837,22.48141098022461,28,351488,0.0
6838,25.419939041137695,31,351744,0.0
6839,70.68755340576172,77,351744,0.0
6840,30.406614303588867,36,351744,0.0
6841,40.20196533203125,46,351744,0.0
6842,41.356449127197266,47,351744,0.0
6843,24.4261474609375,30,351744,0.0
6844,23.394474029541016,29,352000,0.0
6845,41.2120361328125,47,352000,0.0
6846,36.103660583496094,42,352000,0.0
6847,22.36723518371582,28,352000,0.0
6848,70.58305358886719,77,352256,0.0
6849,56.87932205200195,63,352256,0.0
6850,21.432727813720703,27,352256,0.0
6851,40.18877410888672,46,352256,0.0
6852,34.20534896850586,40,352256,0.0
6853,30.116395950317383,36,352256,0.0
6854,31.337234497070312,37,352256,0.0
6855,35.968658447265625,42,352512,0.0
6856,25.36463737487793,31,352512,0.0
6857,66.70158386230469,73,352512,0.0
6858,22.425382614135742,28,352512,0.0
6859,41.10654067993164,47,352512,0.0
6860,55.918251037597656,62,352512,0.0
6861,48.18014907836914,54,352512,0.0
6862,35.1573486328125,41,352768,0.0
6863,46.366172790527344,52,352768,0.0
6864,30.07254409790039,36,352768,0.0
6865,62.992862701416016,69,352768,0.0
6866,52.24913787841797,58,352768,0.0
6867,50.891212463378906,57,352768,0.0
6868,51.943729400634766,58,352768,0.0
6869,23.30237579345703,29,353024,0.0
6870,22.251554489135742,28,353024,0.0
6871,27.381563186645508,33,353024,0.0
6872,38.144309997558594,44,353024,0.0
6873,57.193931579589844,63,353024,0.0
6874,20.397489547729492,26,353024,0.0
6875,29.28668785095215,35,353024,0.0
6876,40.218406677246094,46,353024,0.0
6877,27.311077117919922,33,353024,0.0
6878,32.24852752685547,38,353024,0.0
6879,65.74767303466797,72,353280,0.0
6880,43.29925537109375,49,353280,0.0
6881,44.14481735229492,50,353280,0.0
6882,54.087127685546875,60,353280,0.0
6883,31.263879776000977,37,353280,0.0
6884,63.852256774902344,70,353280,0.0
6885,38.05792999267578,44,353280,0.0
6886,22.305015563964844,28,353280,0.0
6887,45.09614181518555,51,353536,0.0
6888,66.88174438476562,73,353536,0.0
6889,57.15149688720703,63,353536,0.0
6890,37.22441482543945,43,353536,0.0
6891,47.07170104980469,53,353536,0.0
6892,71.62686920166016,78,353536,0.0
6893,28.229806900024414,34,353792,0.0
6894,76.34502410888672,83,353792,0.0
6895,25.301254272460938,31,353792,0.0
6896,44.145633697509766,50,353792,0.0
6897,39.303306579589844,45,353792,0.0
6898,35.26211166381836,41,354048,0.0
6899,69.6285629272461,76,354048,0.0
6900,28.222660064697266,34,354048,0.0
6901,59.97492218017578,66,354048,0.0
6902,58.90623474121094,65,354304,0.0
6903,49.92988586425781,56,354304,0.0
6904,35.31303024291992,41,354304,0.0
6905,39.31074523925781,45,354304,0.0
6906,48.337039947509766,54,354560,0.0
6907,50.22903823852539,56,354560,0.0
6908,23.370853424072266,29,354560,0.0
6909,20.571063995361328,26,354560,0.0
6910,33.30012130737305,39,354560,0.0
6911,59.86368942260742,66,354560,0.0
6912,73.51586151123047,80,354816,0.0
6913,46.14104461669922,52,354816,0.0
6914,46.33367919921875,52,354816,0.0
6915,39.08685302734375,45,354816,0.0
6916,38.197021484375,44,354816,0.0
6917,22.37052345275879,28,355072,0.0
6918,52.15074157714844,58,355072,0.0
6919,22.448528289794922,28,355328,0.0
6920,21.335500717163086,27,355328,0.0
6921,68.61676788330078,75,355328,0.0
6922,69.63219451904297,76,355328,0.0
6923,47.01956558227539,53,355328,0.0
6924,61.10547637939453,67,355328,0.0
6925,45.31657791137695,51,355328,0.0
6926,43.22770690917969,49,355328,0.0
6927,24.285991668701172,30,355328,0.0
6928,60.76662826538086,67,355328,0.0
6929,27.176532745361328,33,355328,0.0
6930,52.08616256713867,58,355584,0.0
6931,66.58211517333984,73,355584,0.0
6932,62.97218322753906,69,355584,0.0
6933,19.48455047607422,25,355584,0.0
6934,75.40897369384766,82,355584,0.0
6935,58.977691650390625,65,355584,0.0
6936,23.376977920532227,29,355840,0.0
6937,24.28131103515625,30,355840,0.0
6938,37.34966278076172,43,355840,0.0
6939,39.23495101928711,45,355840,0.0
6940,27.290250778198242,33,355840,0.0
6941,43.29498291015625,49,355840,0.0
6942,19.411575317382812,25,356096,0.0
6943,39.11377716064453,45,356096,0.0
6944,47.26335144042969,53,356096,0.0
6945,21.4925594329834,27,356096,0.0
6946,68.67203521728516,75,356352,0.0
6947,36.224098205566406,42,356352,0.0
6948,25.221866607666016,31,356352,0.0
6949,19.466678619384766,25,356352,0.0
6950,36.231868743896484,42,356608,0.0
6951,50.13831329345703,56,356608,0.0
6952,65.7645034790039,72,356864,0.0
6953,45.25825881958008,51,356864,0.0
6954,53.99686813354492,60,357120,0.0
6955,26.30263328552246,32,357120,0.0
6956,28.2419490814209,34,357376,0.0
6957,30.166444778442383,36,357632,0.0
6958,21.452377319335938,27,357632,0.0
6959,54.168617248535156,60,357888,0.0
6960,28.270723342895508,34,357888,0.0
6961,42.255523681640625,48,357888,0.0
6962,33.46009063720703,39,357888,0.0
6963,52.17595291137695,58,358144,0.0
6964,43.1579704284668,49,358144,0.0
6965,49.06185531616211,55,358144,0.0
6966,29.053287506103516,35,358144,0.0
6967,24.231002807617188,30,358144,0.0
6968,48.068111419677734,54,358144,0.0
6969,26.18640899658203,32,358144,0.0
6970,63.83810806274414,70,358400,0.0
6971,49.055145263671875,55,358400,0.0
6972,64.654296875,71,358400,0.0
6973,19.52490997314453,25,358400,0.0
6974,42.18072509765625,48,358656,0.0
6975,24.221050262451172,30,358656,0.0
6976,52.1894416809082,58,358656,0.0
6977,48.096153259277344,54,358656,0.0
6978,41.279178619384766,47,358656,0.0
6979,27.170442581176758,33,358656,0.0
6980,32.21849060058594,38,358656,0.0
6981,44.20908737182617,50,358656,0.0
6982,38.048065185546875,44,358912,0.0
6983,30.19540786743164,36,358912,0.0
6984,57.902339935302734,64,358912,0.0
6985,25.171470642089844,31,358912,0.0
6986,38.094661712646484,44,358912,0.0
6987,32.34367370605469,38,359168,0.0
6988,22.407676696777344,28,359424,0.0
6989,58.99906539916992,65,359424,0.0
6990,33.131900787353516,39,359424,0.0
6991,47.204158782958984,53,359424,0.0
6992,59.746620178222656,66,359424,0.0
6993,61.80347442626953,68,359680,0.0
6994,31.150609970092773,37,359680,0.0
6995,55.01799392700195,61,359680,0.0
6996,35.19788360595703,41,359680,0.0
6997,45.11187744140625,51,359936,0.0
6998,58.86866760253906,65,359936,0.0
6999,60.86222457885742,67,359936,0.0
7000,50.10078048706055,56,360192,0.0
7001,46.7764778137207,53,360192,0.0
7002,38.9423828125,45,360448,0.0
7003,71.46348571777344,78,360448,0.0
7004,30.19876480102539,36,360448,0.0
7005,20.376174926757812,26,360448,0.0
7006,32.26228713989258,38,360448,0.0
7007,60.81352233886719,67,360704,0.0
7008,23.267717361450195,29,360704,0.0
7009,23.150794982910156,29,360704,0.0
7010,52.99842834472656,59,360960,0.0
7011,58.832862854003906,65,360960,0.0
7012,61.6353874206543,68,360960,0.0
7013,59.81024932861328,66,361216,0.0
7014,38.9693603515625,45,361216,0.0
7015,53.84385299682617,60,361216,0.0
7016,63.58293533325195,70,361216,0.0
7017,25.092308044433594,31,361216,0.0
7018,32.09296798706055,38,361472,0.0
7019,28.010263442993164,34,361472,0.0
7020,46.79252624511719,53,361472,0.0
7021,26.97635841369629,33,361472,0.0
7022,40.920074462890625,47,361472,0.0
7023,28.155353546142578,34,361472,0.0
7024,36.05950164794922,42,361728,0.0
7025,30.095256805419922,36,361728,0.0
7026,53.89386749267578,60,361728,0.0
7027,26.18194580078125,32,361728,0.0
7028,41.13085174560547,47,361984,0.0
7029,38.902462005615234,45,361984,0.0
7030,26.065258026123047,32,361984,0.0
7031,45.01765823364258,51,362240,0.0
7032,74.1524658203125,81,362240,0.0
7033,31.985017776489258,38,362240,0.0
7034,64.46440887451172,71,362240,0.0
7035,39.78371810913086,46,362240,0.0
7036,43.74494171142578,50,362496,0.0
7037,57.742122650146484,64,362496,0.0
7038,43.84938430786133,50,362496,0.0
7039,35.947628021240234,42,362496,0.0
7040,51.6918830871582,58,362496,0.0
7041,54.669776916503906,61,362752,0.0
7042,65.39815521240234,72,362752,0.0
7043,55.77838897705078,62,362752,0.0
7044,24.99223518371582,31,362752,0.0
7045,74.87061309814453,82,362752,0.0
7046,33.89868927001953,40,362752,0.0
7047,41.05373001098633,47,362752,0.0
7048,56.776161193847656,63,363008,0.0
7049,55.6938362121582,62,363008,0.0
7050,33.678096771240234,40,363008,0.0
7051,41.88874053955078,48,363008,0.0
7052,68.28887176513672,75,363264,0.0
7053,70.06183624267578,77,363264,0.0
7054,58.707618713378906,65,363264,0.0
7055,46.79193878173828,53,363264,0.0
7056,71.15068054199219,78,363264,0.0
7057,53.7120361328125,60,363520,0.0
7058,63.41945266723633,70,363520,0.0
7059,39.36674118041992,46,363520,0.0
7060,55.5135612487793,62,363520,0.0
7061,84.27400970458984,92,363776,0.0
7062,39.733978271484375,46,363776,0.0
7063,48.7966194152832,55,363776,0.0
7064,42.74466323852539,49,364032,0.0
7065,58.43653106689453,65,364032,0.0
7066,30.821046829223633,37,364032,0.0
7067,23.003787994384766,29,364032,0.0
7068,54.78691482543945,61,364288,0.0
7069,27.04142189025879,33,364288,0.0
7070,30.632938385009766,37,364288,0.0
7071,78.60514068603516,86,364288,0.0
7072,41.65478515625,48,364544,0.0
7073,60.4910774230957,67,364544,0.0
7074,44.96100616455078,51,364544,0.0
7075,46.87332534790039,53,364800,0.0
7076,61.30839920043945,68,364800,0.0
7077,45.713844299316406,52,364800,0.0
7078,42.56807327270508,49,364800,0.0
7079,61.42146682739258,68,364800,0.0
7080,46.576175689697266,53,364800,0.0
7081,31.661237716674805,38,365056,0.0
7082,30.599063873291016,37,365056,0.0
7083,56.622596740722656,63,365056,0.0
7084,72.8414306640625,80,365056,0.0
7085,31.521766662597656,38,365056,0.0
7086,48.49651336669922,55,365312,0.0
7087,39.54086685180664,46,365312,0.0
7088,35.66901397705078,42,365312,0.0
7089,50.44669723510742,57,365312,0.0
7090,49.597862243652344,56,365312,0.0
7091,68.97684478759766,76,365568,0.0
7092,45.74344253540039,52,365568,0.0
7093,33.80754089355469,40,365824,0.0
7094,54.51504135131836,61,366080,0.0
7095,36.54852294921875,43,366336,0.0
7096,67.96175384521484,75,366336,0.0
7097,31.467824935913086,38,366336,0.0
7098,41.51545715332031,48,366336,0.0
7099,39.1909294128418,46,366592,0.0
7100,45.43571090698242,52,366592,0.0
7101,60.261985778808594,67,366592,0.0
7102,60.203399658203125,67,366592,0.0
7103,56.126041412353516,63,366848,0.0
7104,81.13407897949219,89,366848,0.0
7105,60.36648941040039,67,366848,0.0
7106,46.45228576660156,53,366848,0.0
7107,50.324954986572266,57,367104,0.0
7108,48.282291412353516,55,367104,0.0
7109,68.8878173828125,76,367104,0.0
7110,56.94914627075195,64,367104,0.0
7111,61.07529067993164,68,367104,0.0
7112,27.59189224243164,34,367104,0.0
7113,29.234376907348633,36,367360,0.0
7114,39.215484619140625,46,367360,0.0
7115,63.89150619506836,71,367616,0.0
7116,80.10275268554688,88,367616,0.0
7117,71.75399780273438,79,368128,0.0
7118,59.04975128173828,66,368128,0.0
7119,69.58786010742188,77,368384,0.0
7120,53.107086181640625,60,368384,0.0
7121,57.00949478149414,64,368384,0.0
7122,58.139259338378906,65,368384,0.0
7123,62.0700569152832,69,368384,0.0
7124,75.40855407714844,83,368384,0.0
7125,30.322341918945312,37,368384,0.0
7126,41.99407958984375,49,368640,0.0
7127,53.98906707763672,61,368640,0.0
7128,45.680015563964844,53,368896,0.0
7129,56.005409240722656,63,368896,0.0
7130,70.71810913085938,78,368896,0.0
7131,52.80256652832031,60,368896,0.0
7132,49.175899505615234,56,368896,0.0
7133,43.97978591918945,51,368896,0.0
7134,46.4036979675293,53,368896,0.0
7135,34.192535400390625,41,369152,0.0
7136,41.045413970947266,48,369152,0.0
7137,30.060192108154297,37,369408,0.0
7138,48.11850357055664,55,369408,0.0
7139,46.96991729736328,54,369664,0.0
7140,71.60026550292969,79,369664,0.0
7141,35.875938415527344,43,369664,0.0
7142,54.825897216796875,62,369920,0.0
7143,47.71108627319336,55,369920,0.0
7144,75.35643768310547,83,370176,0.0
7145,41.510433197021484,49,370176,0.0
7146,62.48536682128906,70,370176,0.0
7147,82.7749252319336,91,370176,0.0
7148,41.77592086791992,49,370432,0.0
7149,66.60317993164062,74,370688,0.0
7150,43.06389236450195,50,370688,0.0
7151,78.15825653076172,86,370944,0.0
7152,36.6735725402832,44,370944,0.0
7153,69.2747573852539,77,371200,0.0
7154,63.6494255065918,71,371200,0.0
7155,75.12255096435547,83,371200,0.0
7156,67.55934143066406,75,371456,0.0
7157,65.14976501464844,73,371456,0.0
7158,65.61548614501953,73,371712,0.0
7159,66.15390014648438,74,372224,0.0
7160,63.61255645751953,71,372224,0.0
7161,31.927709579467773,39,372480,0.0
7162,62.413570404052734,70,372480,0.0
7163,75.9242935180664,84,372480,0.0
7164,41.757041931152344,49,372480,0.0
7165,68.22466278076172,76,372480,0.0
7166,49.59895706176758,57,372736,0.0
7167,58.90967559814453,66,372736,0.0
7168,69.29620361328125,77,372736,0.0
7169,57.216148376464844,65,372736,0.0
7170,79.96693420410156,88,372992,0.0
7171,44.631134033203125,52,372992,0.0
7172,79.04692077636719,87,372992,0.0
7173,33.78043746948242,41,373248,0.0
7174,58.52330017089844,66,373248,0.0
7175,39.53944778442383,47,373248,0.0
7176,76.09297180175781,84,373504,0.0
7177,57.268062591552734,65,373760,0.0
7178,68.17060089111328,76,373760,0.0
7179,80.87747192382812,89,374016,0.0
7180,55.71380615234375,64,374272,0.0
7181,72.16036224365234,80,374272,0.0
7182,83.61185455322266,92,374272,0.0
7183,69.51376342773438,77,374272,0.0
7184,43.521759033203125,51,374528,0.0
7185,81.7188491821289,90,374784,0.0
7186,84.5552749633789,93,375040,0.0
7187,65.0545883178711,73,375040,0.0
7188,59.42757034301758,67,375296,0.0
7189,59.04438781738281,67,375296,0.0
7190,58.2873649597168,66,375296,0.0
7191,59.27231979370117,67,375296,0.0
7192,77.79396057128906,86,375552,0.0
7193,50.670597076416016,58,375552,0.0
7194,67.06454467773438,75,375552,0.0
7195,55.286441802978516,63,375552,0.0
7196,78.85704040527344,87,375808,0.0
7197,37.416439056396484,45,375808,0.0
7198,42.65678405761719,50,376064,0.0
7199,61.190673828125,69,376064,0.0
7200,42.46370315551758,50,376320,0.0
7201,58.147926330566406,66,376576,0.0
7202,38.52091979980469,46,376576,0.0
7203,86.69908142089844,95,376576,0.0
7204,76.21686553955078,84,376576,0.0
7205,45.26378631591797,53,376832,0.0
7206,75.87274169921875,84,376832,0.0
7207,76.7877197265625,85,377088,0.0
7208,63.998348236083984,72,377088,0.0
7209,93.93779754638672,103,377088,0.0
7210,60.07611083984375,68,377344,0.0
7211,81.43441772460938,90,377344,0.0
7212,58.61220932006836,66,377344,0.0
7213,85.31230163574219,94,377344,0.0
7214,53.09818649291992,61,377600,0.0
7215,74.26277923583984,83,378112,0.0
7216,58.39421081542969,66,378112,0.0
7217,100.4881820678711,110,378112,0.0
7218,45.575843811035156,54,378368,0.0
7219,45.017189025878906,53,378624,0.0
7220,72.02925109863281,80,378880,0.0
7221,88.89269256591797,97,379136,0.0
7222,69.98039245605469,78,379136,0.0
7223,104.64027404785156,114,379392,0.0
7224,91.21786499023438,100,379392,0.0
7225,61.03439712524414,69,379392,0.0
7226,75.01138305664062,83,379392,0.0
7227,88.48289489746094,97,379392,0.0
7228,55.12114334106445,63,379648,0.0
7229,45.107181549072266,53,379904,0.0
7230,91.65593719482422,100,379904,0.0
7231,41.2217903137207,49,379904,0.0
7232,72.80706787109375,81,380160,0.0
7233,51.004302978515625,59,380416,0.0
7234,44.93832015991211,53,380416,0.0
7235,75.94332122802734,84,380416,0.0
7236,89.48812103271484,98,380416,0.0
7237,87.6135025024414,96,380672,0.0
7238,96.0254135131836,105,380672,0.0
7239,101.9214096069336,111,380928,0.0
7240,47.8221321105957,56,381184,0.0
7241,80.83208465576172,89,381696,0.0
7242,103.98165893554688,113,381952,0.0
7243,63.628849029541016,72,381952,0.0
7244,71.84278106689453,80,381952,0.0
7245,37.511253356933594,45,381952,0.0
7246,96.4035415649414,105,381952,0.0
7247,104.78889465332031,114,382208,0.0
7248,92.57382202148438,101,382208,0.0
7249,90.49951934814453,99,382464,0.0
7250,99.1749496459961,108,382464,0.0
7251,104.6817855834961,114,382464,0.0
7252,103.21302795410156,112,382720,0.0
7253,57.180747985839844,65,382976,0.0
7254,89.9729232788086,98,383232,0.0
7255,99.54890441894531,108,383232,0.0
7256,64.248046875,72,383488,0.0
7257,74.6139907836914,83,383488,0.0
7258,78.54765319824219,87,383488,0.0
7259,47.332420349121094,55,383488,0.0
7260,82.76811981201172,91,383744,0.0
7261,54.26667022705078,62,384000,0.0
7262,113.64710998535156,123,384000,0.0
7263,64.86243438720703,73,384000,0.0
7264,83.86676788330078,92,384256,0.0
7265,59.17912292480469,67,384256,0.0
7266,103.57715606689453,112,384256,0.0
7267,113.47887420654297,123,384256,0.0
7268,91.75576782226562,100,384512,0.0
7269,72.0057373046875,80,384512,0.0
7270,61.80793762207031,70,384512,0.0
7271,105.04795837402344,114,384512,0.0
7272,83.79219055175781,92,384768,0.0
7273,76.87355041503906,85,384768,0.0
7274,87.88180541992188,96,385024,0.0
7275,99.25826263427734,108,385024,0.0
7276,83.99687194824219,92,385024,0.0
7277,98.42467498779297,107,385280,0.0
7278,64.82156372070312,73,385280,0.0
7279,92.93363189697266,101,385280,0.0
7280,81.53154754638672,89,385536,0.0
7281,74.90568542480469,83,385536,0.0
7282,107.88363647460938,117,385536,0.0
7283,118.51416015625,128,385536,0.0
7284,75.1717300415039,83,385536,0.0
7285,79.89610290527344,88,385792,0.0
7286,58.24527359008789,66,386048,0.0
7287,58.7313232421875,67,386048,0.0
7288,88.57672119140625,97,386048,0.0
7289,86.25370025634766,94,386304,0.0
7290,113.80738830566406,123,386304,0.0
7291,68.25341033935547,76,386560,0.0
7292,76.33210754394531,84,386560,0.0
7293,75.21862030029297,83,386560,0.0
7294,50.72566604614258,59,386560,0.0
7295,113.27283477783203,122,386560,0.0
7296,75.82624053955078,84,386816,0.0
7297,98.20956420898438,107,386816,0.0
7298,47.06315231323242,55,386816,0.0
7299,37.67481231689453,45,386816,0.0
7300,64.13646697998047,72,386816,0.0
7301,77.11378479003906,85,387072,0.0
7302,92.17593383789062,100,387072,0.0
7303,79.1886215209961,87,387072,0.0
7304,84.85964965820312,93,387072,0.0
7305,82.56047058105469,91,387072,0.0
7306,96.55299377441406,105,387072,0.0
7307,77.12702941894531,85,387328,0.0
7308,66.18119049072266,74,387584,0.0
7309,74.92835235595703,83,387584,0.0
7310,90.12928009033203,98,387584,0.0
7311,84.25918579101562,92,387584,0.0
7312,93.80671691894531,102,387840,0.0
7313,57.58661651611328,66,388096,0.0
7314,97.18714141845703,106,388096,0.0
7315,67.5009536743164,76,388352,0.0
7316,95.84874725341797,104,388608,0.0
7317,71.38621520996094,79,388608,0.0
7318,48.46664810180664,56,388608,0.0
7319,41.28553009033203,49,389120,0.0
7320,94.54352569580078,103,389376,0.0
7321,101.00617218017578,109,389376,0.0
7322,87.60978698730469,96,389376,0.0
7323,93.2214584350586,101,389376,0.0
7324,69.42730712890625,78,389632,0.0
7325,47.132598876953125,55,390144,0.0
7326,133.04640197753906,143,390144,0.0
7327,61.67119216918945,70,390144,0.0
7328,111.6734848022461,120,390400,0.0
7329,101.87513732910156,110,390400,0.0
7330,112.59530639648438,121,390400,0.0
7331,47.01707077026367,55,390400,0.0
7332,100.62069702148438,109,390656,0.0
7333,116.54361724853516,125,390656,0.0
7334,61.8828010559082,70,390912,0.0
7335,140.04806518554688,150,390912,0.0
7336,101.24777221679688,109,391168,0.0
7337,62.3836669921875,71,391168,0.0
7338,65.0274658203125,73,391168,0.0
7339,74.77006530761719,83,391424,0.0
7340,99.10989379882812,107,391424,0.0
7341,110.32259368896484,119,391424,0.0
7342,79.9278793334961,88,391424,0.0
7343,129.2058563232422,138,391424,0.0
7344,120.50830078125,129,391680,0.0
7345,80.24944305419922,88,391680,0.0
7346,120.18731689453125,129,391680,0.0
7347,63.05805969238281,71,391936,0.0
7348,91.36796569824219,99,391936,0.0
7349,70.84234619140625,79,391936,0.0
7350,84.37769317626953,93,392192,0.0
7351,83.6189956665039,91,392192,0.0
7352,109.92465209960938,118,392448,0.0
7353,52.39699935913086,61,392448,0.0
7354,84.29552459716797,92,392448,0.0
7355,112.37751007080078,121,392704,0.0
7356,61.18856430053711,69,392704,0.0
7357,89.57032775878906,98,392704,0.0
7358,69.4826431274414,77,392960,0.0
7359,135.75421142578125,145,392960,0.0
7360,106.55168151855469,115,393728,0.0
7361,96.37667846679688,104,393728,0.0
7362,92.99002838134766,101,393984,0.0
7363,98.24730682373047,106,394240,0.0
7364,50.55043029785156,58,394240,0.0
7365,84.08894348144531,92,394496,0.0
7366,55.85581588745117,64,394752,0.0
7367,57.08986282348633,65,394752,0.0
7368,95.053955078125,103,394752,0.0
7369,66.12030029296875,75,394752,0.0
7370,89.50144958496094,97,395008,0.0
7371,50.353233337402344,58,395264,0.0
7372,138.7188262939453,148,395520,0.0
7373,89.5601577758789,97,395776,0.0
7374,98.717529296875,107,395776,0.0
7375,129.57546997070312,138,395776,0.0
7376,45.8900260925293,54,395776,0.0
7377,105.26170349121094,113,396032,0.0
7378,122.0468521118164,130,396032,0.0
7379,109.84404754638672,118,396032,0.0
7380,47.027870178222656,55,396032,0.0
7381,81.74870300292969,90,396032,0.0
7382,80.58914184570312,88,396032,0.0
7383,138.17391967773438,147,396288,0.0
7384,77.45059967041016,85,396800,0.0
7385,59.78152847290039,68,396800,0.0
7386,110.2078628540039,118,397056,0.0
7387,73.20632934570312,81,397312,0.0
7388,142.07546997070312,151,397568,0.0
7389,85.41656494140625,93,397824,0.0
7390,128.005615234375,136,397824,0.0
7391,114.75145721435547,123,398080,0.0
7392,133.8105010986328,142,398080,0.0
7393,92.91081237792969,101,398080,0.0
7394,41.45968246459961,49,398080,0.0
7395,57.46950912475586,66,398080,0.0
7396,80.92706298828125,89,398080,0.0
7397,81.03677368164062,89,398336,0.0
7398,100.1944808959961,108,398336,0.0
7399,138.29563903808594,147,398336,0.0
7400,63.2578010559082,71,398592,0.0
7401,51.240604400634766,59,398592,0.0
7402,99.60087585449219,107,398848,0.0
7403,80.97733306884766,89,398848,0.0
7404,110.57731628417969,118,399104,0.0
7405,63.418025970458984,72,399104,0.0
7406,73.16104125976562,81,399360,0.0
7407,65.0188980102539,73,399360,0.0
7408,111.22901153564453,119,399360,0.0
7409,57.67536163330078,66,399360,0.0
7410,72.47989654541016,80,399616,0.0
7411,136.5635986328125,145,399872,0.0
7412,121.19084167480469,129,399872,0.0
7413,56.78936004638672,64,399872,0.0
7414,50.78824234008789,59,399872,0.0
7415,95.2539291381836,103,400896,0.0
7416,127.93805694580078,136,400896,0.0
7417,84.54454040527344,92,400896,0.0
7418,57.12165451049805,65,400896,0.0
7419,148.4407501220703,157,401152,0.0
7420,104.09632110595703,112,401152,0.0
7421,119.895263671875,128,401152,0.0
7422,58.78691864013672,67,401152,0.0
7423,125.18913269042969,133,401408,0.0
7424,89.41497039794922,97,401408,0.0
7425,46.56013870239258,54,401408,0.0
7426,86.89288330078125,95,401408,0.0
7427,84.93487548828125,93,401920,0.0
7428,79.17565155029297,87,402176,0.0
7429,70.23285675048828,78,403456,0.0
7430,57.49121856689453,65,403456,0.0
7431,58.59891128540039,67,403712,0.0
7432,65.1431655883789,73,403712,0.0
7433,98.06820678710938,106,403968,0.0
7434,123.13290405273438,131,404224,0.0
7435,131.09178161621094,139,404224,0.0
7436,148.67672729492188,157,404224,0.0
7437,155.441650390625,164,404480,0.0
7438,61.50440216064453,69,404480,0.0
7439,123.02653503417969,131,404736,0.0
7440,61.207279205322266,69,404736,0.0
7441,137.85963439941406,146,404992,0.0
7442,91.1022720336914,99,404992,0.0
7443,59.96235656738281,68,404992,0.0
7444,162.4341278076172,171,406016,0.0
7445,66.08988952636719,74,406016,0.0
7446,77.50480651855469,85,406016,0.0
7447,112.48799133300781,120,406272,0.0
7448,111.06571197509766,119,406272,0.0
7449,123.1968002319336,131,406272,0.0
7450,165.0159454345703,174,406528,0.0
7451,55.95804977416992,64,406528,0.0
7452,71.09780883789062,79,406528,0.0
7453,69.74137878417969,77,406528,0.0
7454,98.68228912353516,107,406528,0.0
7455,44.2342529296875,52,407040,0.0
7456,116.3113784790039,124,407040,0.0
7457,101.25917053222656,109,407296,0.0
7458,41.47488784790039,49,407296,0.0
7459,50.970584869384766,59,407808,0.0
7460,86.28678131103516,94,408320,0.0
7461,66.1471939086914,74,408320,0.0
7462,60.7957878112793,69,408320,0.0
7463,92.60508728027344,100,408320,0.0
7464,94.14479064941406,102,408576,0.0
7465,175.26348876953125,184,408576,0.0
7466,114.09357452392578,122,408832,0.0
7467,86.05137634277344,94,409088,0.0
7468,59.55419158935547,68,409344,0.0
7469,97.86283111572266,106,409344,0.0
7470,98.20887756347656,106,409344,0.0
7471,106.0293197631836,114,409344,0.0
7472,78.26148223876953,86,409344,0.0
7473,44.435977935791016,52,409344,0.0
7474,70.14205169677734,78,409344,0.0
7475,188.8130340576172,198,409344,0.0
7476,170.66659545898438,179,409600,0.0
7477,58.88044738769531,67,409600,0.0
7478,54.390655517578125,62,409856,0.0
7479,71.17630004882812,79,409856,0.0
7480,77.41596221923828,86,410112,0.0
7481,89.58958435058594,97,410368,0.0
7482,67.12992095947266,75,410368,0.0
7483,50.17079162597656,58,410624,0.0
7484,55.052581787109375,63,410880,0.0
7485,93.16938018798828,101,410880,0.0
7486,178.31338500976562,187,410880,0.0
7487,171.2958221435547,180,410880,0.0
7488,46.90520477294922,55,410880,0.0
7489,111.9941635131836,120,411136,0.0
7490,63.247886657714844,71,411136,0.0
7491,57.17326354980469,65,411392,0.0
7492,101.3384780883789,109,411392,0.0
7493,88.51680755615234,96,411648,0.0
7494,58.04925537109375,66,411648,0.0
7495,90.35035705566406,98,412160,0.0
7496,143.9266815185547,152,412160,0.0
7497,87.97834014892578,96,412160,0.0
7498,171.72137451171875,180,412416,0.0
7499,49.25081253051758,57,412416,0.0
7500,72.23540496826172,80,412416,0.0
7501,46.28279495239258,54,412416,0.0
7502,88.9784164428711,97,412416,0.0
7503,82.2436294555664,90,412416,0.0
7504,48.7077522277832,57,412672,0.0
7505,142.0546112060547,150,412672,0.0
7506,113.30240631103516,121,412672,0.0
7507,131.14259338378906,139,412928,0.0
7508,102.29818725585938,110,412928,0.0
7509,149.7133331298828,158,413184,0.0
7510,52.486141204833984,60,413440,0.0
7511,83.19647979736328,91,413696,0.0
7512,79.1720199584961,87,413696,0.0
7513,69.3355941772461,77,413952,0.0
7514,54.19070053100586,62,413952,0.0
7515,101.88133239746094,110,414208,0.0
7516,70.3194808959961,78,414208,0.0
7517,110.3675537109375,118,414464,0.0
7518,105.74687194824219,115,414720,0.0
7519,79.27307891845703,87,414976,0.0
7520,204.76319885253906,214,414976,0.0
7521,90.31778717041016,98,415232,0.0
7522,54.03343963623047,62,415232,0.0
7523,98.19510650634766,106,415232,0.0
7524,159.82754516601562,168,415488,0.0
7525,194.1921844482422,203,415744,0.0
7526,45.26216506958008,53,415744,0.0
7527,99.78844451904297,107,416000,0.0
7528,109.37828826904297,117,416000,0.0
7529,47.58531188964844,55,416000,0.0
7530,61.483680725097656,70,416000,0.0
7531,56.02689743041992,64,416256,0.0
7532,49.87179183959961,58,416256,0.0
7533,157.91954040527344,166,416256,0.0
7534,58.22835922241211,66,416256,0.0
7535,52.738250732421875,61,416768,0.0
7536,116.4195785522461,124,417024,0.0
7537,71.1064453125,79,417024,0.0
7538,91.89125061035156,99,417024,0.0
7539,77.96949768066406,86,417024,0.0
7540,76.6207275390625,84,417536,0.0
7541,205.2717742919922,214,417536,0.0
7542,141.38937377929688,149,418048,0.0
7543,152.14202880859375,160,418048,0.0
7544,129.81053161621094,139,418560,0.0
7545,81.72879028320312,89,418816,0.0
7546,147.16407775878906,155,419072,0.0
7547,42.54448318481445,50,419072,0.0
7548,178.77235412597656,187,419072,0.0
7549,185.67083740234375,194,419584,0.0
7550,72.70892333984375,81,419840,0.0
7551,187.56570434570312,196,419840,0.0
7552,76.67183685302734,84,419840,0.0
7553,42.414886474609375,50,420096,0.0
7554,224.41578674316406,233,420096,0.0
7555,43.708038330078125,51,420096,0.0
7556,83.11622619628906,90,420352,0.0
7557,48.27360916137695,56,420352,0.0
7558,46.61397171020508,54,420352,0.0
7559,205.3699188232422,214,420352,0.0
7560,209.43753051757812,218,420608,0.0
7561,107.731201171875,115,420864,0.0
7562,69.5489501953125,77,421120,0.0
7563,86.70813751220703,94,421120,0.0
7564,83.39685821533203,91,421376,0.0
7565,120.3611068725586,128,421376,0.0
7566,82.53473663330078,90,421376,0.0
7567,163.97097778320312,172,421376,0.0
7568,132.5705108642578,140,421632,0.0
7569,137.1485595703125,145,421632,0.0
7570,153.18020629882812,161,421632,0.0
7571,110.69490051269531,118,421632,0.0
7572,48.486209869384766,56,421632,0.0
7573,222.7208709716797,231,421888,0.0
7574,140.60635375976562,148,422400,0.0
7575,41.75299072265625,49,422400,0.0
7576,197.8695526123047,206,422400,0.0
7577,114.7157974243164,122,422400,0.0
7578,162.41575622558594,170,422912,0.0
7579,50.74517822265625,58,423168,0.0
7580,46.664268493652344,54,423168,0.0
7581,174.0906982421875,182,423168,0.0
7582,36.05350875854492,43,423424,0.0
7583,60.543880462646484,68,423424,0.0
7584,119.5311508178711,127,423424,0.0
7585,158.12863159179688,166,423424,0.0
7586,108.518310546875,116,423424,0.0
7587,136.4705047607422,144,423424,0.0
7588,51.66067123413086,59,423680,0.0
7589,59.76245880126953,67,423680,0.0
7590,172.44879150390625,181,423680,0.0
7591,49.219661712646484,56,423680,0.0
7592,71.89765930175781,79,423936,0.0
7593,86.85490417480469,94,423936,0.0
7594,175.9976348876953,184,424192,0.0
7595,186.86761474609375,195,424192,0.0
7596,144.3395538330078,152,424448,0.0
7597,156.17404174804688,164,424448,0.0
7598,145.45068359375,153,424448,0.0
7599,39.81717300415039,47,424448,0.0
7600,93.50044250488281,101,424704,0.0
7601,103.36277770996094,111,424704,0.0
7602,55.882469177246094,63,424960,0.0
7603,90.80188751220703,98,424960,0.0
7604,40.94600296020508,48,425216,0.0
7605,186.12159729003906,194,425216,0.0
7606,65.93400573730469,73,425216,0.0
7607,44.66605758666992,52,425472,0.0
7608,145.5042266845703,153,425472,0.0
7609,76.40552520751953,84,425728,0.0
7610,43.901466369628906,51,425728,0.0
7611,50.64139175415039,58,425728,0.0
7612,69.79943084716797,77,425984,0.0
7613,41.77059555053711,49,425984,0.0
7614,124.82064819335938,132,426240,0.0
7615,61.563819885253906,69,426240,0.0
7616,74.85824584960938,82,427008,0.0
7617,82.19287109375,89,427008,0.0
7618,236.0500946044922,244,427008,0.0
7619,96.03732299804688,103,427264,0.0
7620,206.15061950683594,214,427264,0.0
7621,131.85401916503906,139,427264,0.0
7622,94.87691497802734,102,427264,0.0
7623,160.30148315429688,168,427520,0.0
7624,107.69044494628906,115,427520,0.0
7625,63.935874938964844,71,427520,0.0
7626,43.952362060546875,51,427776,0.0
7627,138.60853576660156,146,427776,0.0
7628,157.4253387451172,165,427776,0.0
7629,33.467376708984375,40,427776,0.0
7630,75.09327697753906,82,428032,0.0
7631,200.47938537597656,208,428032,0.0
7632,51.63694763183594,59,428288,0.0
7633,99.0063247680664,106,428288,0.0
7634,131.91224670410156,139,428544,0.0
7635,86.20819091796875,93,428544,0.0
7636,57.35695266723633,64,428544,0.0
7637,49.8465576171875,57,428544,0.0
7638,68.29508209228516,75,428800,0.0
7639,120.91947937011719,128,428800,0.0
7640,86.04655456542969,93,428800,0.0
7641,88.18388366699219,95,428800,0.0
7642,43.37717819213867,50,428800,0.0
7643,90.13658905029297,97,428800,0.0
7644,158.6082305908203,166,429056,0.0
7645,177.70571899414062,185,429312,0.0
7646,158.80587768554688,166,429312,0.0
7647,231.24534606933594,239,429568,0.0
7648,65.54519653320312,72,429568,0.0
7649,63.326202392578125,70,429568,0.0
7650,64.34783935546875,71,429824,0.0
7651,146.79885864257812,154,429824,0.0
7652,104.15209197998047,111,429824,0.0
7653,39.016845703125,46,429824,0.0
7654,39.43918228149414,46,429824,0.0
7655,237.39865112304688,245,429824,0.0
7656,47.213497161865234,54,430080,0.0
7657,164.724365234375,172,430080,0.0
7658,245.20924377441406,254,430080,0.0
7659,47.05044937133789,54,430080,0.0
7660,79.50127410888672,86,430336,0.0
7661,152.98306274414062,160,430336,0.0
7662,106.0094223022461,113,430336,0.0
7663,69.25902557373047,76,430336,0.0
7664,120.85084533691406,128,430336,0.0
7665,108.03539276123047,115,430336,0.0
7666,94.02347564697266,101,430592,0.0
7667,70.16361999511719,77,430592,0.0
7668,116.17349243164062,123,430848,0.0
7669,51.1422233581543,58,430848,0.0
7670,144.8665771484375,152,431104,0.0
7671,49.45382308959961,56,431360,0.0
7672,79.35262298583984,86,431360,0.0
7673,32.549400329589844,39,431360,0.0
7674,36.417633056640625,43,431360,0.0
7675,132.8112335205078,140,431616,0.0
7676,55.07665252685547,62,431616,0.0
7677,223.66397094726562,231,431616,0.0
7678,84.3444595336914,91,431616,0.0
7679,262.224853515625,270,431616,0.0
7680,122.06875610351562,129,431872,0.0
7681,187.87889099121094,195,431872,0.0
7682,114.06129455566406,121,431872,0.0
7683,50.28488540649414,57,432128,0.0
7684,78.57749938964844,85,432128,0.0
7685,136.0997772216797,143,432384,0.0
7686,40.14796447753906,47,432384,0.0
7687,76.3401870727539,83,432384,0.0
7688,65.16983032226562,72,432384,0.0
7689,129.1022186279297,136,432640,0.0
7690,76.5257568359375,83,432640,0.0
7691,157.85311889648438,167,432896,0.0
7692,240.63128662109375,248,432896,0.0
7693,123.91741943359375,131,433152,0.0
7694,61.38394546508789,68,433152,0.0
7695,98.28141784667969,105,433408,0.0
7696,76.4957504272461,83,433664,0.0
7697,218.47227478027344,226,433664,0.0
7698,39.41666793823242,46,433664,0.0
7699,47.29553985595703,54,433664,0.0
7700,260.50115966796875,269,433664,0.0
7701,40.33805847167969,47,433664,0.0
7702,159.90504455566406,167,433920,0.0
7703,78.48453521728516,85,434176,0.0
7704,73.37705993652344,80,434176,0.0
7705,123.13450622558594,130,434176,0.0
7706,112.25586700439453,119,434176,0.0
7707,86.46421813964844,93,434432,0.0
7708,144.0147247314453,151,434432,0.0
7709,90.4915771484375,97,434432,0.0
7710,25.858600616455078,32,434432,0.0
7711,133.95086669921875,141,434432,0.0
7712,44.442657470703125,51,434688,0.0
7713,55.57499694824219,62,434688,0.0
7714,158.76846313476562,166,434688,0.0
7715,129.27365112304688,136,434688,0.0
7716,66.27922058105469,73,434688,0.0
7717,37.56624221801758,44,434944,0.0
7718,166.80545043945312,174,434944,0.0
7719,31.80609893798828,38,434944,0.0
7720,93.46855163574219,100,434944,0.0
7721,93.29521942138672,100,434944,0.0
7722,41.61067199707031,48,435200,0.0
7723,81.45110321044922,88,435200,0.0
7724,145.7457733154297,153,435200,0.0
7725,39.44178771972656,46,435200,0.0
7726,56.31270217895508,63,435200,0.0
7727,71.41577911376953,78,435200,0.0
7728,40.594688415527344,47,435200,0.0
7729,48.710662841796875,55,435200,0.0
7730,43.629886627197266,50,435200,0.0
7731,89.14015197753906,96,435456,0.0
7732,107.29148864746094,114,435456,0.0
7733,127.02568817138672,134,435456,0.0
7734,93.40872955322266,100,435712,0.0
7735,84.49121856689453,91,435712,0.0
7736,76.73837280273438,83,435712,0.0
7737,164.1234893798828,171,435712,0.0
7738,216.24989318847656,225,435712,0.0
7739,25.883485794067383,32,435968,0.0
7740,93.52734375,100,435968,0.0
7741,26.856578826904297,33,436224,0.0
7742,43.40760803222656,50,436224,0.0
7743,79.66178131103516,86,436224,0.0
7744,35.70760726928711,42,436480,0.0
7745,217.66473388671875,225,436480,0.0
7746,198.71368408203125,206,436480,0.0
7747,37.747859954833984,44,436480,0.0
7748,37.588233947753906,44,436480,0.0
7749,196.58023071289062,204,436736,0.0
7750,28.581876754760742,35,436736,0.0
7751,119.91777038574219,127,436736,0.0
7752,37.76810836791992,44,436992,0.0
7753,93.5251693725586,100,436992,0.0
7754,36.595890045166016,43,436992,0.0
7755,142.01730346679688,149,437248,0.0
7756,76.63567352294922,83,437248,0.0
7757,254.64784240722656,262,437248,0.0
7758,56.66740798950195,63,437248,0.0
7759,44.42110061645508,51,437504,0.0
7760,84.39606475830078,91,437504,0.0
7761,172.98391723632812,180,437504,0.0
7762,56.69292449951172,63,437760,0.0
7763,289.1528625488281,294,437760,0.0
7764,87.60264587402344,94,437760,0.0
7765,170.1568603515625,177,438016,0.0
7766,75.5168685913086,82,438016,0.0
7767,30.64763832092285,37,438016,0.0
7768,193.8338623046875,201,438016,0.0
7769,194.53636169433594,202,438272,0.0
7770,177.94998168945312,185,438272,0.0
7771,36.553741455078125,43,438272,0.0
7772,104.3373794555664,111,438272,0.0
7773,35.631004333496094,42,438528,0.0
7774,67.57316589355469,74,438528,0.0
7775,101.39208984375,108,438528,0.0
7776,49.658302307128906,56,438528,0.0
7777,33.87696075439453,40,438528,0.0
7778,80.7373046875,87,438528,0.0
7779,78.44205474853516,85,438528,0.0
7780,262.5086669921875,268,438784,0.0
7781,53.832542419433594,60,438784,0.0
7782,173.65284729003906,181,438784,0.0
7783,180.29563903808594,188,438784,0.0
7784,253.4586639404297,259,439040,0.0
7785,67.53767395019531,74,439040,0.0
7786,189.7325439453125,197,439040,0.0
7787,26.758865356445312,33,439296,0.0
7788,37.59592056274414,44,439296,0.0
7789,44.71206283569336,51,439296,0.0
7790,32.96314239501953,39,439552,0.0
7791,66.5721664428711,73,439552,0.0
7792,52.73392105102539,59,439552,0.0
7793,50.85189437866211,57,439552,0.0
7794,196.1774444580078,203,439808,0.0
7795,167.1463623046875,174,439808,0.0
7796,71.57013702392578,78,439808,0.0
7797,25.89293098449707,32,439808,0.0
7798,131.16134643554688,138,439808,0.0
7799,204.7728729248047,212,439808,0.0
7800,27.833702087402344,34,440064,0.0
7801,52.6390380859375,59,440064,0.0
7802,44.603187561035156,51,440064,0.0
7803,72.63719177246094,79,440064,0.0
7804,101.34642028808594,108,440064,0.0
7805,219.9765167236328,227,440064,0.0
7806,54.725303649902344,61,440064,0.0
7807,71.47032165527344,78,440064,0.0
7808,23.159658432006836,29,440320,0.0
7809,152.60362243652344,160,440320,0.0
7810,91.30778503417969,98,440320,0.0
7811,63.56046676635742,70,440320,0.0
7812,60.768348693847656,67,440320,0.0
7813,34.79513168334961,41,440576,0.0
7814,290.0865478515625,297,440576,0.0
7815,34.76689147949219,41,440576,0.0
7816,132.08697509765625,139,440576,0.0
7817,117.23444366455078,124,440832,0.0
7818,56.509620666503906,63,440832,0.0
7819,31.899938583374023,38,441088,0.0
7820,27.79999351501465,34,441088,0.0
7821,215.56544494628906,223,441088,0.0
7822,63.57151794433594,70,441088,0.0
7823,94.34721374511719,101,441344,0.0
7824,216.5953369140625,224,441344,0.0
7825,28.88014030456543,35,441344,0.0
7826,256.9463806152344,262,441344,0.0
7827,72.5326919555664,79,441600,0.0
7828,142.19935607910156,149,441600,0.0
7829,49.479454040527344,56,441600,0.0
7830,119.80084228515625,127,441856,0.0
7831,63.554256439208984,70,441856,0.0
7832,221.45111083984375,229,441856,0.0
7833,25.951732635498047,32,441856,0.0
7834,39.832340240478516,46,441856,0.0
7835,56.596309661865234,63,442112,0.0
7836,66.64259338378906,73,442112,0.0
7837,189.6209259033203,197,442112,0.0
7838,26.85256576538086,33,442112,0.0
7839,91.50253295898438,98,442112,0.0
7840,177.94764709472656,187,442368,0.0
7841,66.64606475830078,73,442368,0.0
7842,74.46463775634766,81,442368,0.0
7843,46.801727294921875,53,442368,0.0
7844,41.70479202270508,48,442368,0.0
7845,44.85132598876953,51,442624,0.0
7846,68.77493286132812,75,442624,0.0
7847,145.5638885498047,153,442624,0.0
7848,226.60678100585938,232,442624,0.0
7849,176.61827087402344,184,442624,0.0
7850,40.84547805786133,47,442624,0.0
7851,102.1947021484375,109,442880,0.0
7852,31.87686538696289,38,442880,0.0
7853,26.787574768066406,33,442880,0.0
7854,68.5344009399414,75,442880,0.0
7855,24.800521850585938,31,443136,0.0
7856,102.11148071289062,109,443136,0.0
7857,62.719932556152344,69,443136,0.0
7858,28.844730377197266,35,443136,0.0
7859,141.77503967285156,149,443136,0.0
7860,38.73863983154297,45,443392,0.0
7861,57.605445861816406,64,443392,0.0
7862,68.5278091430664,75,443392,0.0
7863,88.3120346069336,95,443392,0.0
7864,27.86600112915039,34,443648,0.0
7865,84.43341064453125,91,443648,0.0
7866,23.960134506225586,30,443648,0.0
7867,261.6729431152344,267,443648,0.0
7868,69.80648803710938,76,443904,0.0
7869,44.8064079284668,51,443904,0.0
7870,138.590087890625,146,443904,0.0
7871,64.5849609375,71,443904,0.0
7872,131.6536102294922,139,443904,0.0
7873,55.6790771484375,62,444160,0.0
7874,28.94203758239746,35,444160,0.0
7875,59.67228317260742,66,444160,0.0
7876,49.51940155029297,56,444160,0.0
7877,47.78371810913086,54,444160,0.0
7878,83.52764129638672,90,444416,0.0
7879,40.691917419433594,47,444416,0.0
7880,50.81697082519531,57,444416,0.0
7881,86.35466766357422,93,444416,0.0
7882,33.02546691894531,39,444416,0.0
7883,61.705867767333984,68,444672,0.0
7884,202.846923828125,208,444672,0.0
7885,56.62437057495117,63,444672,0.0
7886,38.924896240234375,45,444672,0.0
7887,274.3197326660156,279,444672,0.0
7888,131.49594116210938,139,444928,0.0
7889,117.71884155273438,125,444928,0.0
7890,46.71937561035156,53,444928,0.0
7891,30.951696395874023,37,445184,0.0
7892,38.86683654785156,45,445184,0.0
7893,38.7735481262207,45,445184,0.0
7894,51.86873245239258,58,445184,0.0
7895,38.76918029785156,45,445184,0.0
7896,32.12133026123047,38,445184,0.0
7897,60.6760139465332,67,445184,0.0
7898,83.4999771118164,90,445440,0.0
7899,42.99228286743164,49,445440,0.0
7900,59.73783874511719,66,445440,0.0
7901,57.537654876708984,64,445440,0.0
7902,186.13656616210938,194,445696,0.0
7903,32.94648361206055,39,445696,0.0
7904,50.689453125,57,445696,0.0
7905,84.36598205566406,91,445696,0.0
7906,223.5081787109375,229,445696,0.0
7907,47.8859748840332,54,445696,0.0
7908,28.639074325561523,35,445952,0.0
7909,32.71366882324219,39,445952,0.0
7910,47.894657135009766,54,445952,0.0
7911,290.03387451171875,297,445952,0.0
7912,54.61635971069336,61,445952,0.0
7913,114.5098648071289,122,446208,0.0
7914,40.72997283935547,47,446208,0.0
7915,57.730018615722656,64,446208,0.0
7916,61.73715591430664,68,446208,0.0
7917,48.71328353881836,55,446208,0.0
7918,31.91016387939453,38,446208,0.0
7919,61.75787353515625,68,446208,0.0
7920,95.14366149902344,102,446208,0.0
7921,66.6646499633789,73,446208,0.0
7922,26.599870681762695,33,446208,0.0
7923,30.823875427246094,37,446464,0.0
7924,58.64300537109375,65,446464,0.0
7925,43.679603576660156,50,446464,0.0
7926,107.71431732177734,115,446464,0.0
7927,221.73451232910156,227,446464,0.0
7928,41.98798751831055,48,446464,0.0
7929,55.58048629760742,62,446464,0.0
7930,126.59829711914062,134,446464,0.0
7931,63.6152229309082,70,446720,0.0
7932,64.86717987060547,71,446720,0.0
7933,96.00321197509766,103,446720,0.0
7934,70.73824310302734,77,446720,0.0
7935,60.79618453979492,67,446976,0.0
7936,29.82962417602539,36,447232,0.0
7937,86.27547454833984,93,447232,0.0
7938,32.80031204223633,39,447232,0.0
7939,79.58959197998047,86,447488,0.0
7940,41.80482482910156,48,447488,0.0
7941,41.746883392333984,48,447488,0.0
7942,43.659149169921875,50,447744,0.0
7943,23.984325408935547,30,447744,0.0
7944,232.34580993652344,238,447744,0.0
7945,72.53792572021484,79,447744,0.0
7946,63.49620056152344,70,447744,0.0
7947,68.7022933959961,75,448000,0.0
7948,96.0158462524414,103,448000,0.0
7949,317.0823059082031,324,448000,0.0
7950,50.64337158203125,57,448000,0.0
7951,86.34757232666016,93,448512,0.0
7952,55.96661376953125,62,448512,0.0
7953,36.827396392822266,43,448512,0.0
7954,107.64923095703125,115,448512,0.0
7955,32.691497802734375,39,448512,0.0
7956,31.640403747558594,38,448512,0.0
7957,46.750396728515625,53,448512,0.0
7958,98.9477310180664,106,448512,0.0
7959,119.3767318725586,127,448768,0.0
7960,31.036041259765625,37,448768,0.0
7961,90.14960479736328,97,448768,0.0
7962,60.73078918457031,67,449024,0.0
7963,233.9700927734375,242,449024,0.0
7964,24.11383819580078,30,449024,0.0
7965,41.812007904052734,48,449024,0.0
7966,262.112060546875,270,449024,0.0
7967,71.75732421875,78,449280,0.0
7968,51.85264587402344,58,449280,0.0
7969,62.60771560668945,69,449280,0.0
7970,28.690141677856445,35,449280,0.0
7971,113.49165344238281,121,449536,0.0
7972,51.7899284362793,58,449536,0.0
7973,135.76116943359375,144,449536,0.0
7974,48.51654052734375,55,449792,0.0
7975,44.85965347290039,51,449792,0.0
7976,41.78187561035156,48,449792,0.0
7977,22.174209594726562,28,449792,0.0
7978,69.42017364501953,76,449792,0.0
7979,30.794174194335938,37,449792,0.0
7980,65.64629364013672,72,450048,0.0
7981,37.77652359008789,44,450048,0.0
7982,192.68109130859375,201,450048,0.0
7983,47.98349380493164,54,450048,0.0
7984,39.712158203125,46,450048,0.0
7985,46.78131103515625,53,450048,0.0
7986,41.820011138916016,48,450560,0.0
7987,37.76683044433594,44,450816,0.0
7988,59.73842239379883,66,450816,0.0
7989,44.80091857910156,51,450816,0.0
7990,45.71079635620117,52,450816,0.0
7991,36.67348861694336,43,451072,0.0
7992,32.84440994262695,39,451072,0.0
7993,99.65596008300781,107,451072,0.0
7994,59.6622314453125,66,451584,0.0
7995,83.24272918701172,90,451840,0.0
7996,53.66045379638672,60,451840,0.0
7997,73.37476348876953,80,452096,0.0
7998,47.74335479736328,54,452096,0.0
7999,61.403499603271484,68,452096,0.0
8000,41.56121826171875,48,452096,0.0
8001,31.840112686157227,38,452096,0.0
8002,56.66763687133789,63,452352,0.0
8003,165.1873016357422,174,452352,0.0
8004,28.810747146606445,35,452352,0.0
8005,89.96556091308594,97,452352,0.0
8006,30.86668586730957,37,452608,0.0
8007,53.71942138671875,60,452608,0.0
8008,239.474365234375,249,452864,0.0
8009,84.12763977050781,91,452864,0.0
8010,43.59016418457031,50,453120,0.0
8011,50.725772857666016,57,453376,0.0
8012,75.37195587158203,82,453376,0.0
8013,27.81268882751465,34,453632,0.0
8014,50.440853118896484,57,453632,0.0
8015,43.57809066772461,50,453888,0.0
8016,59.62525939941406,66,453888,0.0
8017,85.13375091552734,92,453888,0.0
8018,45.640525817871094,52,453888,0.0
8019,33.50692367553711,40,454400,0.0
8020,49.417564392089844,56,454400,0.0
8021,30.620189666748047,37,454656,0.0
8022,51.476470947265625,58,454656,0.0
8023,32.457237243652344,39,454656,0.0
8024,84.25047302246094,91,454656,0.0
8025,34.79851531982422,41,454656,0.0
8026,53.377655029296875,60,454656,0.0
8027,33.721073150634766,40,454656,0.0
8028,29.849328994750977,36,454912,0.0
8029,31.735584259033203,38,454912,0.0
8030,31.521757125854492,38,454912,0.0
8031,49.5649528503418,56,454912,0.0
8032,43.611839294433594,50,454912,0.0
8033,26.85347557067871,33,454912,0.0
8034,72.40487670898438,79,454912,0.0
8035,72.48663330078125,79,454912,0.0
8036,40.4090690612793,47,454912,0.0
8037,30.493196487426758,37,454912,0.0
8038,81.17813110351562,88,455168,0.0
8039,93.72740936279297,101,455168,0.0
8040,30.555500030517578,37,455168,0.0
8041,31.42360496520996,38,455424,0.0
8042,44.463748931884766,51,455680,0.0
8043,40.61537551879883,47,455680,0.0
8044,45.43634033203125,52,455680,0.0
8045,31.364788055419922,38,455680,0.0
8046,27.663549423217773,34,455680,0.0
8047,38.42501449584961,45,455936,0.0
8048,46.45490646362305,53,456192,0.0
8049,93.60456848144531,101,456192,0.0
8050,75.31009674072266,82,456192,0.0
8051,38.630836486816406,45,456192,0.0
8052,54.51970672607422,61,456192,0.0
8053,46.407188415527344,53,456192,0.0
8054,75.16790008544922,82,456192,0.0
8055,45.506160736083984,52,456448,0.0
8056,52.393287658691406,59,456448,0.0
8057,89.72500610351562,97,456448,0.0
8058,68.95227813720703,76,456704,0.0
8059,37.592655181884766,44,456704,0.0
8060,56.342750549316406,63,456704,0.0
8061,78.83738708496094,86,456960,0.0
8062,81.92891693115234,89,456960,0.0
8063,46.28883743286133,53,456960,0.0
8064,31.48239517211914,38,456960,0.0
8065,80.92535400390625,88,456960,0.0
8066,36.23628616333008,43,457216,0.0
8067,38.41203308105469,45,457216,0.0
8068,52.152286529541016,59,457216,0.0
8069,42.104740142822266,49,457472,0.0
8070,45.297630310058594,52,457472,0.0
8071,63.278324127197266,70,457472,0.0
8072,80.05396270751953,87,457472,0.0
8073,38.12460708618164,45,457728,0.0
8074,80.88648223876953,88,458240,0.0
8075,40.977699279785156,48,458240,0.0
8076,53.990360260009766,61,458496,0.0
8077,61.07151794433594,68,458496,0.0
8078,66.08979034423828,73,458496,0.0
8079,35.43355178833008,42,458496,0.0
8080,32.83401107788086,40,458752,0.0
8081,83.65078735351562,91,458752,0.0
8082,66.87911987304688,74,458752,0.0
8083,45.06290054321289,52,458752,0.0
8084,71.87249755859375,79,458752,0.0
8085,59.595149993896484,67,459008,0.0
8086,76.67869567871094,84,459264,0.0
8087,37.882930755615234,45,459264,0.0
8088,75.66639709472656,83,459264,0.0
8089,81.6148681640625,89,459520,0.0
8090,48.189369201660156,55,459520,0.0
8091,90.27872467041016,98,459520,0.0
8092,57.48301315307617,65,459776,0.0
8093,59.82816696166992,67,459776,0.0
8094,70.56282043457031,78,460032,0.0
8095,64.68640899658203,72,460032,0.0
8096,57.50356674194336,65,460288,0.0
8097,33.78398132324219,41,460288,0.0
8098,75.48603057861328,83,460288,0.0
8099,65.80953216552734,73,460544,0.0
8100,58.57997131347656,66,460800,0.0
8101,79.5391616821289,87,460800,0.0
8102,57.22321701049805,65,461056,0.0
8103,89.191162109375,97,461056,0.0
8104,39.584041595458984,47,461568,0.0
8105,41.491214752197266,49,461568,0.0
8106,52.091651916503906,60,461824,0.0
8107,83.17595672607422,91,461824,0.0
8108,95.47848510742188,104,462080,0.0
8109,71.4899673461914,79,462080,0.0
8110,53.478515625,61,462336,0.0
8111,64.87652587890625,73,462592,0.0
8112,67.965087890625,76,462592,0.0
8113,80.83216857910156,89,462848,0.0
8114,44.906185150146484,53,462848,0.0
8115,43.386905670166016,51,462848,0.0
8116,100.15433502197266,109,462848,0.0
8117,56.51578140258789,65,462848,0.0
8118,56.503807067871094,64,463104,0.0
8119,62.83988571166992,71,463104,0.0
8120,84.59400177001953,93,463616,0.0
8121,51.12749099731445,59,463616,0.0
8122,49.55068588256836,58,463616,0.0
8123,83.65412139892578,92,463616,0.0
8124,51.11084747314453,59,463872,0.0
8125,87.46083068847656,96,463872,0.0
8126,47.26556396484375,55,463872,0.0
8127,50.89806365966797,59,464128,0.0
8128,82.60332489013672,91,464128,0.0
8129,59.95554733276367,68,464128,0.0
8130,44.492496490478516,53,464384,0.0
8131,81.93865203857422,90,464384,0.0
8132,58.59181594848633,67,464384,0.0
8133,92.26670837402344,101,464384,0.0
8134,54.73912811279297,63,464640,0.0
8135,94.14627075195312,103,464640,0.0
8136,79.60602569580078,88,464640,0.0
8137,63.22993850708008,72,464640,0.0
8138,103.81358337402344,113,464640,0.0
8139,79.28578186035156,88,464640,0.0
8140,63.64247131347656,72,464896,0.0
8141,107.6099853515625,117,465152,0.0
8142,66.67792510986328,75,465152,0.0
8143,56.4231071472168,65,465152,0.0
8144,104.81977081298828,114,465664,0.0
8145,62.696067810058594,71,465664,0.0
8146,74.256591796875,83,465920,0.0
8147,64.05656433105469,73,466688,0.0
8148,80.92125701904297,90,466688,0.0
8149,57.3960075378418,66,466944,0.0
8150,107.52033996582031,117,467200,0.0
8151,79.15998840332031,88,467712,0.0
8152,95.87797546386719,105,467968,0.0
8153,106.18084716796875,116,468224,0.0
8154,105.1884994506836,115,468480,0.0
8155,94.58743286132812,104,468480,0.0
8156,65.12870025634766,74,468736,0.0
8157,81.80197143554688,91,469504,0.0
8158,79.53617095947266,89,469504,0.0
8159,72.8560791015625,82,469760,0.0
8160,113.68555450439453,124,469760,0.0
8161,58.251800537109375,68,470016,0.0
8162,107.9944839477539,118,470016,0.0
8163,111.8459701538086,122,470016,0.0
8164,96.19295501708984,106,470528,0.0
8165,81.37689971923828,91,470528,0.0
8166,102.72403717041016,112,471040,0.0
8167,100.2491683959961,110,471040,0.0
8168,77.64672088623047,87,471296,0.0
8169,96.03192138671875,106,471552,0.0
8170,95.2386703491211,105,471552,0.0
8171,112.78665161132812,123,471552,0.0
8172,127.03218078613281,138,471808,0.0
8173,105.53771209716797,116,472064,0.0
8174,59.775726318359375,69,472320,0.0
8175,111.0151138305664,121,472320,0.0
8176,84.31101989746094,94,472576,0.0
8177,117.80801391601562,128,472832,0.0
8178,99.38934326171875,109,473088,0.0
8179,136.5148468017578,148,473088,0.0
8180,82.71013641357422,92,473088,0.0
8181,77.76994323730469,87,473344,0.0
8182,88.82186889648438,99,473344,0.0
8183,105.16702270507812,115,473344,0.0
8184,64.01666259765625,74,473600,0.0
8185,119.68930053710938,130,473600,0.0
8186,63.820587158203125,73,473600,0.0
8187,59.890907287597656,70,473600,0.0
8188,85.88909149169922,96,473856,0.0
8189,84.44142150878906,94,474112,0.0
8190,66.4344711303711,77,474368,0.0
8191,95.0174331665039,105,474880,0.0
8192,109.30741119384766,120,475136,0.0
8193,116.68711853027344,127,475136,0.0
8194,114.22270202636719,125,475648,0.0
8195,82.64385223388672,93,475904,0.0
8196,124.34925079345703,135,476160,0.0
8197,107.35835266113281,118,476160,0.0
8198,107.17752075195312,117,476160,0.0
8199,107.74762725830078,118,476416,0.0
8200,109.54682159423828,119,476928,0.0
8201,141.4140625,153,477184,0.0
8202,118.22239685058594,129,477184,0.0
8203,123.41554260253906,134,477184,0.0
8204,90.20157623291016,100,477696,0.0
8205,130.14524841308594,141,477696,0.0
8206,137.32737731933594,149,477696,0.0
8207,113.19703674316406,124,477952,0.0
8208,87.6670913696289,98,478208,0.0
8209,123.0632095336914,134,478208,0.0
8210,89.04768371582031,99,478208,0.0
8211,90.06370544433594,100,479232,0.0
8212,99.41163635253906,110,479232,0.0
8213,81.45068359375,92,479744,0.0
8214,87.65787506103516,98,480000,0.0
8215,88.35652160644531,99,480256,0.0
8216,84.60848236083984,95,480512,0.0
8217,124.35028839111328,135,481024,0.0
8218,154.7708282470703,167,481280,0.0
8219,92.91160583496094,103,481280,0.0
8220,92.33992767333984,102,481280,0.0
8221,112.9162826538086,123,481536,0.0
8222,97.2892837524414,107,482048,0.0
8223,104.81631469726562,115,482304,0.0
8224,82.33263397216797,93,482304,0.0
8225,89.41510772705078,100,482816,0.0
8226,86.95668029785156,98,483584,0.0
8227,150.80836486816406,162,483584,0.0
8228,158.53964233398438,170,483840,0.0
8229,103.12293243408203,113,483840,0.0
8230,115.7802505493164,126,484096,0.0
8231,104.25067901611328,115,484096,0.0
8232,100.67432403564453,110,484352,0.0
8233,109.1506118774414,119,485120,0.0
8234,158.5037078857422,170,485376,0.0
8235,142.54835510253906,153,485632,0.0
8236,106.45150756835938,116,486656,0.0
8237,118.27942657470703,128,486656,0.0
8238,158.4756622314453,169,487424,0.0
8239,162.96505737304688,174,487680,0.0
8240,123.77084350585938,133,487936,0.0
8241,100.24110412597656,111,488192,0.0
8242,106.84444427490234,117,488704,0.0
8243,90.86734771728516,100,489216,0.0
8244,97.18637084960938,107,489472,0.0
8245,89.39051818847656,99,489728,0.0
8246,76.27832794189453,86,489728,0.0
8247,91.02567291259766,101,490240,0.0
8248,157.71725463867188,168,490496,0.0
8249,142.4657440185547,151,490496,0.0
8250,111.53062438964844,121,490496,0.0
8251,108.51445770263672,118,490752,0.0
8252,113.33882904052734,123,490752,0.0
8253,132.09747314453125,141,491008,0.0
8254,118.73340606689453,128,491008,0.0
8255,90.92266082763672,101,491008,0.0
8256,93.8641586303711,103,491008,0.0
8257,159.8340606689453,170,491264,0.0
8258,125.56624603271484,135,491264,0.0
8259,142.1734619140625,151,491264,0.0
8260,141.62298583984375,152,491264,0.0
8261,116.48856353759766,126,491520,0.0
8262,167.43174743652344,178,491520,0.0
8263,130.55569458007812,141,491776,0.0
8264,153.70240783691406,164,491776,0.0
8265,130.1900634765625,139,491776,0.0
8266,95.0140609741211,105,492032,0.0
8267,145.31187438964844,155,492032,0.0
8268,145.66932678222656,156,492288,0.0
8269,124.62239837646484,134,492544,0.0
8270,196.4871826171875,208,492800,0.0
8271,131.89451599121094,141,492800,0.0
8272,131.42831420898438,140,492800,0.0
8273,101.61970520019531,111,493056,0.0
8274,163.83474731445312,174,493056,0.0
8275,150.08663940429688,160,493056,0.0
8276,127.04161071777344,136,493312,0.0
8277,112.34101104736328,122,493824,0.0
8278,139.9736785888672,149,493824,0.0
8279,90.41708374023438,100,493824,0.0
8280,103.62236022949219,114,493824,0.0
8281,137.8550567626953,147,493824,0.0
8282,129.51834106445312,139,494080,0.0
8283,148.85252380371094,158,494080,0.0
8284,146.7879638671875,156,494336,0.0
8285,197.4240264892578,209,494336,0.0
8286,119.04243469238281,128,494336,0.0
8287,101.5802230834961,111,494336,0.0
8288,110.02230834960938,120,494336,0.0
8289,149.3472900390625,159,494592,0.0
8290,88.36610412597656,98,494592,0.0
8291,135.38011169433594,145,494592,0.0
8292,114.31909942626953,124,494592,0.0
8293,94.13823699951172,103,494848,0.0
8294,89.39359283447266,99,495360,0.0
8295,101.84562683105469,112,495360,0.0
8296,140.3433837890625,150,495360,0.0
8297,167.37405395507812,176,495616,0.0
8298,106.75904083251953,117,495616,0.0
8299,130.09474182128906,139,495872,0.0
8300,145.74488830566406,155,496128,0.0
8301,108.75984954833984,119,496128,0.0
8302,133.71249389648438,143,496128,0.0
8303,129.22393798828125,139,496384,0.0
8304,179.19088745117188,188,496640,0.0
8305,144.18505859375,153,496640,0.0
8306,156.41741943359375,165,497152,0.0
8307,145.98550415039062,156,497152,0.0
8308,72.52691650390625,82,497152,0.0
8309,77.56340026855469,87,497152,0.0
8310,127.89395904541016,138,497408,0.0
8311,161.5312042236328,170,497408,0.0
8312,169.04202270507812,179,497408,0.0
8313,138.4599151611328,148,497664,0.0
8314,109.09715270996094,119,497664,0.0
8315,144.1427001953125,153,497920,0.0
8316,175.67355346679688,184,497920,0.0
8317,176.21951293945312,185,498176,0.0
8318,175.64505004882812,185,498176,0.0
8319,91.94254302978516,102,498176,0.0
8320,182.41497802734375,192,498688,0.0
8321,124.86067962646484,134,498944,0.0
8322,79.01286315917969,89,499200,0.0
8323,92.2471923828125,102,499200,0.0
8324,149.80770874023438,159,499456,0.0
8325,92.83197784423828,102,499712,0.0
8326,138.03225708007812,148,499712,0.0
8327,150.24864196777344,160,499712,0.0
8328,147.45587158203125,158,499712,0.0
8329,164.88699340820312,175,499968,0.0
8330,167.6541748046875,176,499968,0.0
8331,162.39187622070312,171,500480,0.0
8332,190.49099731445312,200,500480,0.0
8333,146.62869262695312,155,500480,0.0
8334,165.26422119140625,174,500992,0.0
8335,140.14846801757812,149,500992,0.0
8336,196.30267333984375,205,501504,0.0
8337,152.6981964111328,162,501504,0.0
8338,146.60133361816406,156,501504,0.0
8339,193.12905883789062,203,501760,0.0
8340,167.5962677001953,177,501760,0.0
8341,202.432861328125,211,501760,0.0
8342,66.29479217529297,76,501760,0.0
8343,103.27204132080078,113,502016,0.0
8344,211.94361877441406,222,502016,0.0
8345,176.45828247070312,185,502016,0.0
8346,145.17562866210938,154,502272,0.0
8347,194.7618865966797,204,502272,0.0
8348,191.6864776611328,201,502528,0.0
8349,157.38040161132812,166,502784,0.0
8350,111.22650909423828,121,502784,0.0
8351,207.1248016357422,216,503040,0.0
8352,127.89408111572266,138,503296,0.0
8353,140.71949768066406,150,503552,0.0
8354,191.07452392578125,200,503552,0.0
8355,143.5155487060547,152,503808,0.0
8356,109.39569091796875,119,503808,0.0
8357,115.69137573242188,125,504576,0.0
8358,154.79576110839844,164,504576,0.0
8359,164.80917358398438,174,504832,0.0
8360,147.81773376464844,157,504832,0.0
8361,104.71328735351562,114,505088,0.0
8362,186.59642028808594,195,505344,0.0
8363,217.08663940429688,226,505856,0.0
8364,76.69522094726562,87,506368,0.0
8365,188.84072875976562,198,506624,0.0
8366,233.3420867919922,243,506880,0.0
8367,95.92078399658203,105,506880,0.0
8368,146.72499084472656,156,506880,0.0
8369,175.12380981445312,184,507136,0.0
8370,134.35513305664062,143,507136,0.0
8371,141.78054809570312,151,507136,0.0
8372,106.96803283691406,116,507392,0.0
8373,187.030029296875,196,507392,0.0
8374,193.06845092773438,202,507904,0.0
8375,133.9391632080078,144,507904,0.0
8376,162.81344604492188,172,508416,0.0
8377,80.2336196899414,90,508672,0.0
8378,166.9196014404297,176,509440,0.0
8379,239.31472778320312,249,509440,0.0
8380,166.79917907714844,176,509696,0.0
8381,147.30508422851562,157,509952,0.0
8382,228.7577362060547,238,509952,0.0
8383,239.32748413085938,249,509952,0.0
8384,172.17230224609375,181,510208,0.0
8385,225.820556640625,235,510208,0.0
8386,213.9676513671875,223,510464,0.0
8387,128.79063415527344,138,510464,0.0
8388,69.13212585449219,79,510720,0.0
8389,99.98269653320312,110,510976,0.0
8390,138.9331512451172,148,510976,0.0
8391,96.34928131103516,106,510976,0.0
8392,253.065673828125,263,511232,0.0
8393,122.46061706542969,132,512000,0.0
8394,134.3914031982422,144,512000,0.0
8395,70.1139144897461,80,512256,0.0
8396,110.74574279785156,121,512256,0.0
8397,102.16116333007812,112,512256,0.0
8398,180.4060516357422,189,512512,0.0
8399,227.52285766601562,236,512512,0.0
8400,96.24195861816406,106,512512,0.0
8401,121.14781188964844,131,512768,0.0
8402,74.55513763427734,84,512768,0.0
8403,77.086669921875,87,513024,0.0
8404,62.1142692565918,72,513024,0.0
8405,100.84217834472656,110,513280,0.0
8406,80.20240783691406,90,513536,0.0
8407,210.3693084716797,219,513792,0.0
8408,216.6632080078125,226,514048,0.0
8409,148.9749298095703,158,514048,0.0
8410,107.3806381225586,117,514304,0.0
8411,108.58999633789062,118,514304,0.0
8412,221.7581329345703,231,514304,0.0
8413,67.85872650146484,78,514560,0.0
8414,159.46629333496094,169,514560,0.0
8415,77.46737670898438,87,515072,0.0
8416,83.61344909667969,94,515328,0.0
8417,144.52505493164062,154,515584,0.0
8418,78.26681518554688,88,515584,0.0
8419,153.0846710205078,162,515840,0.0
8420,69.6304702758789,80,515840,0.0
8421,172.9058380126953,182,516096,0.0
8422,159.07606506347656,168,516352,0.0
8423,220.50454711914062,230,516352,0.0
8424,67.77893829345703,78,516608,0.0
8425,71.1993179321289,81,516864,0.0
8426,88.98077392578125,99,517120,0.0
8427,242.3212432861328,252,517888,0.0
8428,130.97645568847656,140,517888,0.0
8429,222.9095916748047,232,518400,0.0
8430,170.36402893066406,180,518400,0.0
8431,73.03364562988281,83,518400,0.0
8432,74.06929779052734,84,518912,0.0
8433,101.31063079833984,111,518912,0.0
8434,204.58135986328125,214,518912,0.0
8435,222.5161895751953,232,518912,0.0
8436,65.44664764404297,75,519168,0.0
8437,138.57391357421875,148,519168,0.0
8438,141.81649780273438,151,519680,0.0
8439,117.06082916259766,126,519936,0.0
8440,173.5114288330078,182,519936,0.0
8441,169.91256713867188,179,519936,0.0
8442,277.93792724609375,288,519936,0.0
8443,154.29843139648438,164,520192,0.0
8444,150.14024353027344,160,520192,0.0
8445,189.18382263183594,199,520704,0.0
8446,237.39825439453125,247,520704,0.0
8447,89.46524047851562,99,520960,0.0
8448,226.44558715820312,235,521216,0.0
8449,294.5013427734375,304,521216,0.0
8450,68.10501861572266,78,521472,0.0
8451,250.38621520996094,260,521472,0.0
8452,85.2377700805664,95,521472,0.0
8453,124.1208267211914,133,521984,0.0
8454,168.26626586914062,177,522496,0.0
8455,102.48259735107422,112,522496,0.0
8456,108.41902160644531,118,522496,0.0
8457,265.82318115234375,276,522752,0.0
8458,86.75910949707031,97,523008,0.0
8459,160.0142822265625,169,523008,0.0
8460,99.1311264038086,109,523264,0.0
8461,104.63182067871094,114,523264,0.0
8462,78.2444839477539,88,523520,0.0
8463,70.12486267089844,80,524032,0.0
8464,254.06753540039062,262,524032,0.0
8465,187.66561889648438,197,524032,0.0
8466,228.21896362304688,238,524032,0.0
8467,110.3893814086914,120,524544,0.0
8468,114.57025909423828,124,524544,0.0
8469,122.94715118408203,133,525056,0.0
8470,115.03807067871094,124,525056,0.0
8471,234.569580078125,244,525312,0.0
8472,178.4263458251953,188,525312,0.0
8473,232.11126708984375,240,525312,0.0
8474,184.6056671142578,194,525312,0.0
8475,201.34193420410156,211,525568,0.0
8476,287.634521484375,296,525824,0.0
8477,72.57841491699219,82,526080,0.0
8478,93.33538055419922,103,526080,0.0
8479,169.4395294189453,179,526080,0.0
8480,115.51543426513672,125,526336,0.0
8481,203.06707763671875,211,526336,0.0
8482,142.90133666992188,152,526336,0.0
8483,128.78167724609375,138,526336,0.0
8484,126.30162811279297,136,526592,0.0
8485,116.53897857666016,126,526592,0.0
8486,137.5364227294922,147,527104,0.0
8487,161.0057373046875,171,527360,0.0
8488,74.4728012084961,84,527360,0.0
8489,125.0230484008789,135,527616,0.0
8490,100.4163818359375,111,527872,0.0
8491,100.73735046386719,110,528128,0.0
8492,185.41006469726562,195,528128,0.0
8493,93.19503784179688,103,528128,0.0
8494,187.519287109375,197,528384,0.0
8495,93.4696044921875,103,528384,0.0
8496,166.19947814941406,175,528640,0.0
8497,76.54853820800781,86,528896,0.0
8498,96.578857421875,106,528896,0.0
8499,116.31414794921875,126,528896,0.0
8500,145.9151611328125,155,528896,0.0
8501,191.3922882080078,201,529152,0.0
8502,75.36447143554688,85,529152,0.0
8503,98.6056900024414,108,529408,0.0
8504,195.76585388183594,204,529408,0.0
8505,86.32865142822266,96,529408,0.0
8506,109.91546630859375,119,529408,0.0
8507,274.1662902832031,284,529664,0.0
8508,217.45492553710938,227,529664,0.0
8509,89.64910888671875,100,530432,0.0
8510,215.22549438476562,225,530432,0.0
8511,59.37352752685547,69,530432,0.0
8512,132.57887268066406,142,530688,0.0
8513,125.43695831298828,135,530688,0.0
8514,71.63404846191406,81,530688,0.0
8515,285.1177978515625,293,530688,0.0
8516,121.38368225097656,131,530944,0.0
8517,102.52119445800781,112,530944,0.0
8518,73.41194915771484,83,531200,0.0
8519,215.0850830078125,225,531200,0.0
8520,97.87696075439453,107,531200,0.0
8521,255.98944091796875,264,531456,0.0
8522,125.60523986816406,135,531712,0.0
8523,147.40496826171875,157,531712,0.0
8524,255.63201904296875,266,531712,0.0
8525,125.07405853271484,134,531968,0.0
8526,208.99185180664062,219,532224,0.0
8527,256.20904541015625,266,532224,0.0
8528,327.25433349609375,338,532224,0.0
8529,140.2693634033203,150,532992,0.0
8530,76.07669067382812,86,532992,0.0
8531,112.78584289550781,122,532992,0.0
8532,76.259765625,86,532992,0.0
8533,111.18584442138672,120,533248,0.0
8534,280.6639709472656,291,533248,0.0
8535,328.01715087890625,339,533248,0.0
8536,266.9413757324219,277,533760,0.0
8537,328.3067321777344,337,533760,0.0
8538,73.96659088134766,84,534016,0.0
8539,128.76734924316406,138,534016,0.0
8540,74.31085968017578,85,534016,0.0
8541,96.5110855102539,106,534272,0.0
8542,113.0076675415039,122,534528,0.0
8543,161.75332641601562,171,534784,0.0
8544,165.9950408935547,176,534784,0.0
8545,77.00899505615234,87,535040,0.0
8546,138.1756591796875,148,535296,0.0
8547,233.65908813476562,242,535808,0.0
8548,104.99209594726562,114,536064,0.0
8549,164.3001251220703,174,536064,0.0
8550,95.03396606445312,105,536320,0.0
8551,160.4366912841797,169,536320,0.0
8552,80.2820053100586,90,536576,0.0
8553,131.6282196044922,141,536576,0.0
8554,76.91179656982422,87,536576,0.0
8555,115.69540405273438,125,536576,0.0
8556,178.19613647460938,188,536832,0.0
8557,336.2168884277344,347,537344,0.0
8558,110.37557983398438,120,537344,0.0
8559,88.92261505126953,99,537344,0.0
8560,210.27117919921875,220,537600,0.0
8561,129.96287536621094,139,537600,0.0
8562,65.00263214111328,75,537600,0.0
8563,136.1582489013672,146,537856,0.0
8564,360.65167236328125,373,537856,0.0
8565,189.91885375976562,200,537856,0.0
8566,137.48092651367188,147,538112,0.0
8567,98.13512420654297,108,538112,0.0
8568,349.42626953125,358,538112,0.0
8569,172.1859130859375,181,538368,0.0
8570,174.14779663085938,184,538368,0.0
8571,148.6307373046875,158,538624,0.0
8572,93.49772644042969,103,538880,0.0
8573,90.64749145507812,100,538880,0.0
8574,103.53978729248047,113,538880,0.0
8575,219.85415649414062,230,539392,0.0
8576,196.893310546875,207,539648,0.0
8577,71.0486068725586,81,539648,0.0
8578,102.70348358154297,112,539904,0.0
8579,63.94852066040039,73,540160,0.0
8580,151.22625732421875,160,540160,0.0
8581,164.44854736328125,174,540416,0.0
8582,67.37104034423828,77,540416,0.0
8583,71.74773406982422,82,540672,0.0
8584,58.61122512817383,68,540672,0.0
8585,62.711883544921875,72,541184,0.0
8586,65.14576721191406,75,541184,0.0
8587,123.98785400390625,134,541184,0.0
8588,102.29386138916016,112,541184,0.0
8589,137.63243103027344,147,541440,0.0
8590,95.58714294433594,105,541440,0.0
8591,88.0377426147461,98,541696,0.0
8592,157.50404357910156,167,541952,0.0
8593,149.06460571289062,158,541952,0.0
8594,173.2213134765625,182,541952,0.0
8595,268.21746826171875,278,542208,0.0
8596,157.78927612304688,167,542464,0.0
8597,59.70078659057617,69,543744,0.0
8598,82.61371612548828,92,543744,0.0
8599,113.94717407226562,123,543744,0.0
8600,119.031005859375,128,543744,0.0
8601,179.6176300048828,188,543744,0.0
8602,74.74705505371094,84,544000,0.0
8603,89.01577758789062,98,544000,0.0
8604,68.13208770751953,78,544000,0.0
8605,100.73946380615234,110,544000,0.0
8606,64.45005798339844,74,544256,0.0
8607,156.33120727539062,166,544512,0.0
8608,150.7286834716797,160,544512,0.0
8609,108.57843780517578,118,544512,0.0
8610,86.38495635986328,96,544512,0.0
8611,202.30015563964844,212,544512,0.0
8612,154.6854705810547,164,544768,0.0
8613,144.8299560546875,154,544768,0.0
8614,103.90616607666016,113,544768,0.0
8615,317.67962646484375,328,545024,0.0
8616,69.64784240722656,79,545280,0.0
8617,238.6860809326172,249,545280,0.0
8618,175.5917510986328,185,545536,0.0
8619,65.71847534179688,75,545792,0.0
8620,66.10429382324219,76,545792,0.0
8621,347.88092041015625,358,546048,0.0
8622,318.7550048828125,329,546048,0.0
8623,123.78695678710938,133,546048,0.0
8624,57.79292297363281,67,546560,0.0
8625,94.03877258300781,104,546560,0.0
8626,76.71176147460938,86,546560,0.0
8627,261.23309326171875,270,546816,0.0
8628,91.88093566894531,101,547072,0.0
8629,105.04461669921875,114,547072,0.0
8630,100.715576171875,110,547328,0.0
8631,322.0664978027344,332,547328,0.0
8632,149.0285186767578,158,547584,0.0
8633,179.2783203125,189,548096,0.0
8634,128.84425354003906,138,548352,0.0
8635,207.14956665039062,217,548352,0.0
8636,149.63682556152344,159,548608,0.0
8637,117.8641128540039,127,548864,0.0
8638,226.57798767089844,237,548864,0.0
8639,216.88424682617188,227,548864,0.0
8640,94.7442626953125,104,549120,0.0
8641,128.86631774902344,138,549120,0.0
8642,205.04840087890625,215,549120,0.0
8643,104.42068481445312,114,549120,0.0
8644,298.1424865722656,309,549632,0.0
8645,208.10403442382812,218,549632,0.0
8646,198.609130859375,208,549632,0.0
8647,62.421409606933594,71,549888,0.0
8648,119.02649688720703,128,549888,0.0
8649,98.61260223388672,107,549888,0.0
8650,255.2766876220703,265,550144,0.0
8651,188.3213653564453,198,550400,0.0
8652,78.76985168457031,88,550656,0.0
8653,60.19541931152344,69,550656,0.0
8654,57.27967834472656,66,550912,0.0
8655,178.47650146484375,188,551168,0.0
8656,323.1343688964844,331,551424,0.0
8657,61.312259674072266,70,551680,0.0
8658,203.3556365966797,213,551680,0.0
8659,101.546142578125,111,551680,0.0
8660,64.63304138183594,73,551936,0.0
8661,104.22423553466797,113,551936,0.0
8662,111.24028778076172,120,552192,0.0
8663,124.15016174316406,133,552448,0.0
8664,204.52650451660156,214,552448,0.0
8665,134.46688842773438,143,552704,0.0
8666,57.997894287109375,67,552960,0.0
8667,308.33905029296875,318,552960,0.0
8668,117.25161743164062,126,552960,0.0
8669,63.19233322143555,72,552960,0.0
8670,181.34950256347656,191,553472,0.0
8671,125.87014770507812,135,553472,0.0
8672,58.077308654785156,67,553472,0.0
8673,72.61514282226562,81,553728,0.0
8674,91.6754150390625,100,553728,0.0
8675,114.43374633789062,123,554496,0.0
8676,180.04290771484375,189,554752,0.0
8677,61.74070358276367,71,554752,0.0
8678,198.29415893554688,208,554752,0.0
8679,95.65725708007812,104,555008,0.0
8680,86.64865112304688,95,555008,0.0
8681,197.57196044921875,207,555264,0.0
8682,57.891258239746094,67,555264,0.0
8683,64.18438720703125,73,555264,0.0
8684,89.71385192871094,98,555520,0.0
8685,110.5054702758789,119,555776,0.0
8686,50.64154052734375,59,555776,0.0
8687,133.99794006347656,143,555776,0.0
8688,75.54495239257812,85,555776,0.0
8689,94.89808654785156,104,555776,0.0
8690,97.55271911621094,106,556032,0.0
8691,95.75833892822266,104,556032,0.0
8692,245.0550537109375,253,556032,0.0
8693,62.34484100341797,71,556288,0.0
8694,179.88504028320312,189,556288,0.0
8695,247.19772338867188,255,556288,0.0
8696,104.14889526367188,112,556288,0.0
8697,81.83839416503906,90,556288,0.0
8698,97.34004974365234,106,556544,0.0
8699,102.12235260009766,110,556800,0.0
8700,119.80474090576172,128,556800,0.0
8701,180.3320770263672,189,557056,0.0
8702,159.3204345703125,168,557056,0.0
8703,132.817138671875,141,557568,0.0
8704,188.1160888671875,197,557568,0.0
8705,115.9295425415039,124,557824,0.0
8706,74.67269134521484,83,558080,0.0
8707,60.61933898925781,69,558080,0.0
8708,46.875694274902344,55,558080,0.0
8709,76.93612670898438,85,558336,0.0
8710,336.3856506347656,346,558592,0.0
8711,98.97384643554688,107,558592,0.0
8712,69.19715881347656,78,558848,0.0
8713,112.212158203125,120,558848,0.0
8714,174.4824981689453,183,559104,0.0
8715,102.87918090820312,111,559104,0.0
8716,243.67538452148438,252,559360,0.0
8717,364.751708984375,374,559360,0.0
8718,75.70916748046875,84,559360,0.0
8719,157.52005004882812,166,559360,0.0
8720,86.16464233398438,95,559616,0.0
8721,77.83198547363281,86,559616,0.0
8722,60.70689010620117,69,559616,0.0
8723,97.04261016845703,105,559872,0.0
8724,80.44102478027344,88,559872,0.0
8725,108.11349487304688,116,560128,0.0
8726,57.22254943847656,65,560384,0.0
8727,53.724647521972656,62,560384,0.0
8728,149.68492126464844,158,560384,0.0
8729,123.04680633544922,131,560640,0.0
8730,135.0758514404297,143,560640,0.0
8731,119.35681915283203,128,560640,0.0
8732,136.41659545898438,145,560640,0.0
8733,67.75112915039062,76,560640,0.0
8734,52.38254165649414,60,560896,0.0
8735,165.54847717285156,174,560896,0.0
8736,66.89205169677734,75,560896,0.0
8737,53.48263931274414,62,560896,0.0
8738,55.222755432128906,63,560896,0.0
8739,135.03758239746094,143,561152,0.0
8740,51.210487365722656,59,561152,0.0
8741,67.29544067382812,75,561152,0.0
8742,149.16897583007812,157,561152,0.0
8743,91.18299102783203,99,561408,0.0
8744,110.22124481201172,118,561664,0.0
8745,405.79583740234375,415,561920,0.0
8746,81.78128051757812,90,561920,0.0
8747,172.84181213378906,181,561920,0.0
8748,41.452396392822266,49,562176,0.0
8749,60.896728515625,69,562176,0.0
8750,197.1954803466797,206,562176,0.0
8751,195.46377563476562,204,562432,0.0
8752,324.7581787109375,334,562432,0.0
8753,45.46204376220703,53,562432,0.0
8754,64.20570373535156,72,562432,0.0
8755,85.22569274902344,93,562688,0.0
8756,118.4850082397461,126,562688,0.0
8757,56.967464447021484,65,562688,0.0
8758,91.94935607910156,100,562944,0.0
8759,75.90328979492188,84,562944,0.0
8760,109.6337661743164,117,563200,0.0
8761,117.0546646118164,125,563200,0.0
8762,51.08759689331055,59,563200,0.0
8763,127.45010375976562,135,563456,0.0
8764,437.54449462890625,447,563712,0.0
8765,256.0418701171875,265,563968,0.0
8766,265.1722106933594,274,563968,0.0
8767,140.9062957763672,149,563968,0.0
8768,126.74553680419922,134,563968,0.0
8769,64.74330139160156,72,564224,0.0
8770,205.38848876953125,214,564480,0.0
8771,74.5779037475586,82,564736,0.0
8772,125.481689453125,133,564736,0.0
8773,183.6810302734375,192,564736,0.0
8774,460.7824401855469,468,564992,0.0
8775,40.554073333740234,48,565248,0.0
8776,105.33696746826172,113,565248,0.0
8777,145.23829650878906,153,565248,0.0
8778,88.61946105957031,96,565248,0.0
8779,74.63612365722656,82,565248,0.0
8780,154.1209716796875,162,565504,0.0
8781,63.91127014160156,71,565504,0.0
8782,124.7266616821289,132,565504,0.0
8783,123.3415756225586,131,565504,0.0
8784,128.4536590576172,136,565760,0.0
8785,120.75020599365234,128,565760,0.0
8786,143.30291748046875,151,566016,0.0
8787,220.1905517578125,229,566016,0.0
8788,371.11724853515625,380,566016,0.0
8789,150.20166015625,158,566016,0.0
8790,147.19313049316406,155,566016,0.0
8791,48.6470947265625,56,566016,0.0
8792,78.89976501464844,86,566016,0.0
8793,137.4674072265625,145,566016,0.0
8794,115.87787628173828,123,566272,0.0
8795,56.405418395996094,64,566272,0.0
8796,44.95014190673828,52,566272,0.0
8797,154.32383728027344,162,566528,0.0
8798,80.0228271484375,87,566784,0.0
8799,89.41847229003906,97,566784,0.0
8800,121.70109558105469,129,566784,0.0
8801,92.99312591552734,100,566784,0.0
8802,108.77246856689453,116,567040,0.0
8803,51.975067138671875,59,567040,0.0
8804,40.07371520996094,47,567040,0.0
8805,274.5975341796875,283,567040,0.0
8806,59.64180374145508,67,567040,0.0
8807,53.93156433105469,61,567296,0.0
8808,90.99720764160156,98,567296,0.0
8809,85.73123168945312,93,567552,0.0
8810,44.140201568603516,51,567552,0.0
8811,135.51773071289062,143,567808,0.0
8812,47.90943908691406,55,567808,0.0
8813,200.8411865234375,209,567808,0.0
8814,298.84906005859375,306,568064,0.0
8815,52.8848991394043,60,568064,0.0
8816,43.185516357421875,50,568576,0.0
8817,65.2398910522461,72,568832,0.0
8818,80.0083236694336,87,568832,0.0
8819,48.98475646972656,56,569088,0.0
8820,141.62400817871094,149,569088,0.0
8821,148.67140197753906,156,569088,0.0
8822,223.07899475097656,231,569344,0.0
8823,72.8787841796875,80,569344,0.0
8824,45.119041442871094,52,569344,0.0
8825,90.04827880859375,97,569600,0.0
8826,50.84241485595703,58,569856,0.0
8827,52.16481018066406,59,569856,0.0
8828,253.79859924316406,262,569856,0.0
8829,107.9643325805664,115,569856,0.0
8830,44.219913482666016,51,570112,0.0
8831,261.49102783203125,270,570112,0.0
8832,57.8157844543457,65,570112,0.0
8833,287.4677734375,296,570112,0.0
8834,112.81855010986328,120,570112,0.0
8835,46.38325500488281,53,570368,0.0
8836,215.37632751464844,224,570368,0.0
8837,112.17115020751953,119,570624,0.0
8838,107.87548828125,115,570624,0.0
8839,30.420656204223633,37,570624,0.0
8840,170.5071258544922,178,570880,0.0
8841,43.26417541503906,50,570880,0.0
8842,135.7173309326172,143,570880,0.0
8843,80.3027572631836,87,570880,0.0
8844,31.638242721557617,38,570880,0.0
8845,97.32583618164062,104,571136,0.0
8846,154.7313995361328,162,571136,0.0
8847,158.52674865722656,166,571392,0.0
8848,201.05918884277344,209,571392,0.0
8849,93.17908477783203,100,571392,0.0
8850,87.13098907470703,94,571392,0.0
8851,91.02436065673828,98,571648,0.0
8852,73.41497039794922,80,571648,0.0
8853,35.6701774597168,42,571648,0.0
8854,296.9656066894531,305,571904,0.0
8855,30.657840728759766,37,571904,0.0
8856,93.45509338378906,100,572160,0.0
8857,83.4507827758789,90,572160,0.0
8858,74.6196517944336,81,572416,0.0
8859,99.28580474853516,106,572416,0.0
8860,87.43192291259766,94,572416,0.0
8861,44.515647888183594,51,572416,0.0
8862,138.85018920898438,146,572416,0.0
8863,26.76062774658203,33,572416,0.0
8864,57.196834564208984,64,572672,0.0
8865,31.678380966186523,38,572672,0.0
8866,177.75572204589844,185,572672,0.0
8867,29.790241241455078,36,572672,0.0
8868,193.311279296875,201,572672,0.0
8869,31.592662811279297,38,572672,0.0
8870,34.65803527832031,41,572928,0.0
8871,53.515411376953125,60,572928,0.0
8872,71.39990234375,78,572928,0.0
8873,243.95533752441406,252,572928,0.0
8874,31.642248153686523,38,572928,0.0
8875,83.62332916259766,90,572928,0.0
8876,141.9026641845703,149,572928,0.0
8877,29.58048439025879,36,572928,0.0
8878,61.54449462890625,68,573184,0.0
8879,300.2332763671875,308,573184,0.0
8880,41.44676208496094,48,573440,0.0
8881,60.83919143676758,67,573440,0.0
8882,119.24468994140625,126,573696,0.0
8883,110.30642700195312,117,573696,0.0
8884,43.62287902832031,50,573696,0.0
8885,38.849884033203125,45,573696,0.0
8886,64.56767272949219,71,573952,0.0
8887,178.12832641601562,186,573952,0.0
8888,121.03460693359375,128,573952,0.0
8889,49.51013946533203,56,573952,0.0
8890,77.3448715209961,84,573952,0.0
8891,156.72671508789062,164,574208,0.0
8892,41.5523567199707,48,574208,0.0
8893,131.83514404296875,139,574208,0.0
8894,127.95404815673828,135,574464,0.0
8895,100.4314193725586,107,574464,0.0
8896,28.68364906311035,35,574464,0.0
8897,61.628150939941406,68,574464,0.0
8898,27.7812557220459,34,574720,0.0
8899,42.426631927490234,49,574720,0.0
8900,76.60848999023438,83,574720,0.0
8901,69.54251861572266,76,574720,0.0
8902,40.769832611083984,47,574720,0.0
8903,46.716304779052734,53,574976,0.0
8904,31.617977142333984,38,574976,0.0
8905,136.90350341796875,144,574976,0.0
8906,58.440006256103516,65,574976,0.0
8907,159.4295654296875,167,574976,0.0
8908,50.65335464477539,57,574976,0.0
8909,27.771656036376953,34,574976,0.0
8910,136.9661407470703,144,575232,0.0
8911,296.0958557128906,302,575232,0.0
8912,55.90765380859375,62,575232,0.0
8913,28.900226593017578,35,575232,0.0
8914,33.7413215637207,40,575488,0.0
8915,78.64812469482422,85,575488,0.0
8916,246.60800170898438,253,575488,0.0
8917,122.04168701171875,129,575488,0.0
8918,30.967710494995117,37,575488,0.0
8919,55.487178802490234,62,575488,0.0
8920,32.648109436035156,39,575488,0.0
8921,26.83806800842285,33,575488,0.0
8922,54.70391845703125,61,575488,0.0
8923,138.8321533203125,146,575744,0.0
8924,114.1593017578125,121,575744,0.0
8925,45.918426513671875,52,575744,0.0
8926,132.0751190185547,139,575744,0.0
8927,33.831172943115234,40,575744,0.0
8928,27.815418243408203,34,575744,0.0
8929,67.78085327148438,74,575744,0.0
8930,70.67271423339844,77,576000,0.0
8931,83.586181640625,90,576000,0.0
8932,99.26676940917969,106,576000,0.0
8933,141.83944702148438,149,576000,0.0
8934,57.88951110839844,64,576000,0.0
8935,25.85672950744629,32,576256,0.0
8936,29.826740264892578,36,576256,0.0
8937,99.44007873535156,106,576256,0.0
8938,408.5146789550781,416,576512,0.0
8939,56.69537353515625,63,576512,0.0
8940,51.690330505371094,58,576512,0.0
8941,72.75872039794922,79,576768,0.0
8942,56.68999481201172,63,576768,0.0
8943,61.592105865478516,68,576768,0.0
8944,233.87753295898438,241,576768,0.0
8945,99.41557312011719,106,576768,0.0
8946,145.4442901611328,153,576768,0.0
8947,138.82699584960938,146,577024,0.0
8948,301.8607177734375,309,577024,0.0
8949,96.43900299072266,103,577024,0.0
8950,168.49337768554688,176,577280,0.0
8951,42.71333694458008,49,577280,0.0
8952,35.69314956665039,42,577280,0.0
8953,120.08815002441406,127,577792,0.0
8954,67.81269073486328,74,577792,0.0
8955,69.49341583251953,76,578048,0.0
8956,128.96531677246094,136,578560,0.0
8957,37.947044372558594,44,578560,0.0
8958,245.61073303222656,252,578560,0.0
8959,125.97271728515625,133,578560,0.0
8960,106.34608459472656,113,578560,0.0
8961,86.59961700439453,93,578560,0.0
8962,29.147192001342773,35,578816,0.0
8963,121.19795227050781,128,578816,0.0
8964,228.58790588378906,236,578816,0.0
8965,105.35353088378906,112,578816,0.0
8966,25.903249740600586,32,578816,0.0
8967,103.27291870117188,110,578816,0.0
8968,76.94913482666016,83,579072,0.0
8969,70.84635925292969,77,579072,0.0
8970,110.21977996826172,117,579072,0.0
8971,86.55259704589844,93,579072,0.0
8972,84.68843841552734,91,579328,0.0
8973,66.86753845214844,73,579328,0.0
8974,68.83732604980469,75,579328,0.0
8975,83.58819580078125,90,579328,0.0
8976,28.979476928710938,35,579328,0.0
8977,115.19034576416016,122,579584,0.0
8978,25.176563262939453,31,579584,0.0
8979,86.48760986328125,93,579584,0.0
8980,121.23539733886719,128,579840,0.0
8981,68.82660675048828,75,579840,0.0
8982,55.82469177246094,62,579840,0.0
8983,45.76551818847656,52,580096,0.0
8984,68.78792572021484,75,580096,0.0
8985,49.89997482299805,56,580096,0.0
8986,24.142000198364258,30,580096,0.0
8987,76.6548080444336,83,580352,0.0
8988,50.07109069824219,56,580352,0.0
8989,52.79157638549805,59,580352,0.0
8990,49.71608352661133,56,580352,0.0
8991,89.5180892944336,96,580352,0.0
8992,24.130693435668945,30,580608,0.0
8993,30.7967529296875,37,580608,0.0
8994,56.89183044433594,63,580608,0.0
8995,77.9535903930664,84,580608,0.0
8996,27.230031967163086,33,580608,0.0
8997,266.4776916503906,274,580608,0.0
8998,30.998981475830078,37,580864,0.0
8999,110.28350067138672,117,580864,0.0
9000,32.746002197265625,39,580864,0.0
9001,82.63765716552734,89,580864,0.0
9002,106.9402084350586,114,581120,0.0
9003,106.25521087646484,113,581120,0.0
9004,66.79606628417969,73,581120,0.0
9005,124.1781005859375,131,581120,0.0
9006,118.16327667236328,125,581120,0.0
9007,49.11865997314453,55,581120,0.0
9008,64.88919067382812,71,581376,0.0
9009,207.59889221191406,215,581376,0.0
9010,27.181392669677734,33,581376,0.0
9011,111.13687896728516,118,581632,0.0
9012,103.25350952148438,110,581632,0.0
9013,44.1634521484375,50,581632,0.0
9014,38.9591178894043,45,581632,0.0
9015,36.167144775390625,42,581632,0.0
9016,39.0692138671875,45,581632,0.0
9017,43.0736083984375,49,581632,0.0
9018,82.72601318359375,89,581632,0.0
9019,56.10388946533203,62,581888,0.0
9020,42.990699768066406,49,581888,0.0
9021,171.54913330078125,179,581888,0.0
9022,157.55987548828125,165,581888,0.0
9023,93.58522033691406,100,581888,0.0
9024,108.2259292602539,115,581888,0.0
9025,25.251903533935547,31,581888,0.0
9026,34.86733627319336,41,581888,0.0
9027,35.931068420410156,42,581888,0.0
9028,32.98552703857422,39,581888,0.0
9029,79.72805786132812,86,581888,0.0
9030,39.122928619384766,45,582144,0.0
9031,69.86085510253906,76,582144,0.0
9032,56.806541442871094,63,582144,0.0
9033,41.96060562133789,48,582144,0.0
9034,28.10243034362793,34,582144,0.0
9035,85.4693832397461,92,582144,0.0
9036,165.30917358398438,173,582144,0.0
9037,62.01266860961914,68,582144,0.0
9038,90.4285888671875,97,582400,0.0
9039,24.23592185974121,30,582400,0.0
9040,31.916290283203125,38,582400,0.0
9041,62.89287567138672,69,582400,0.0
9042,43.09840393066406,49,582400,0.0
9043,68.90634155273438,75,582400,0.0
9044,57.11396408081055,63,582400,0.0
9045,41.84459686279297,48,582656,0.0
9046,24.24689292907715,30,582656,0.0
9047,495.20587158203125,499,582656,0.0
9048,26.921327590942383,33,582912,0.0
9049,75.69585418701172,82,582912,0.0
9050,26.33405876159668,32,582912,0.0
9051,79.63236999511719,86,582912,0.0
9052,80.72264099121094,87,582912,0.0
9053,41.89472198486328,48,582912,0.0
9054,24.36363983154297,30,583168,0.0
9055,26.271005630493164,32,583168,0.0
9056,101.19654083251953,108,583168,0.0
9057,42.1527099609375,48,583168,0.0
9058,174.5700225830078,182,583168,0.0
9059,79.8390884399414,86,583168,0.0
9060,37.948211669921875,44,583168,0.0
9061,69.01080322265625,75,583424,0.0
9062,25.24875259399414,31,583424,0.0
9063,36.22534942626953,42,583424,0.0
9064,51.08573913574219,57,583424,0.0
9065,24.151914596557617,30,583424,0.0
9066,136.748291015625,144,583680,0.0
9067,21.439849853515625,27,583680,0.0
9068,55.8327751159668,62,583680,0.0
9069,78.8071060180664,85,583680,0.0
9070,26.131629943847656,32,583680,0.0
9071,29.27367401123047,35,583680,0.0
9072,27.117773056030273,33,583936,0.0
9073,105.13336181640625,112,583936,0.0
9074,72.92738342285156,79,584192,0.0
9075,209.56996154785156,215,584448,0.0
9076,69.87804412841797,76,584448,0.0
9077,56.16191864013672,62,584448,0.0
9078,150.78538513183594,158,584448,0.0
9079,35.966651916503906,42,584704,0.0
9080,63.024131774902344,69,584704,0.0
9081,51.28892517089844,57,584704,0.0
9082,68.96562194824219,75,584704,0.0
9083,63.99817657470703,70,584704,0.0
9084,191.91009521484375,199,584960,0.0
9085,67.90547180175781,74,584960,0.0
9086,32.238765716552734,38,584960,0.0
9087,25.278095245361328,31,585216,0.0
9088,32.96584701538086,39,585216,0.0
9089,89.60200500488281,96,585216,0.0
9090,31.12197494506836,37,585216,0.0
9091,32.11193084716797,38,585216,0.0
9092,72.68753051757812,79,585472,0.0
9093,108.23245239257812,115,585472,0.0
9094,33.04857635498047,39,585472,0.0
9095,358.15167236328125,365,585472,0.0
9096,208.1491241455078,214,585472,0.0
9097,55.1854248046875,61,585728,0.0
9098,48.877445220947266,55,585728,0.0
9099,31.06626319885254,37,585728,0.0
9100,92.32408142089844,99,585728,0.0
9101,28.111846923828125,34,585728,0.0
9102,52.28514099121094,58,585728,0.0
9103,22.325992584228516,28,585728,0.0
9104,30.137855529785156,36,585984,0.0
9105,33.999664306640625,40,585984,0.0
9106,34.04016876220703,40,585984,0.0
9107,48.17557144165039,54,586240,0.0
9108,32.209800720214844,38,586240,0.0
9109,24.218963623046875,30,586240,0.0
9110,57.18272399902344,63,586240,0.0
9111,253.51385498046875,258,586240,0.0
9112,47.99934005737305,54,586240,0.0
9113,66.01789855957031,72,586240,0.0
9114,47.96134948730469,54,586240,0.0
9115,80.60194396972656,87,586240,0.0
9116,104.1110610961914,111,586496,0.0
9117,45.05928421020508,51,586752,0.0
9118,32.164283752441406,38,586752,0.0
9119,89.3924331665039,96,586752,0.0
9120,43.06204605102539,49,587008,0.0
9121,41.09021759033203,47,587008,0.0
9122,48.35514450073242,54,587008,0.0
9123,50.14907455444336,56,587008,0.0
9124,57.178646087646484,63,587008,0.0
9125,44.12671661376953,50,587008,0.0
9126,21.250686645507812,27,587008,0.0
9127,23.168886184692383,29,587264,0.0
9128,40.2423095703125,46,587264,0.0
9129,38.19623565673828,44,587264,0.0
9130,47.17562484741211,53,587264,0.0
9131,262.74188232421875,267,587264,0.0
9132,64.9344482421875,71,587264,0.0
9133,188.09780883789062,194,587264,0.0
9134,43.074485778808594,49,587520,0.0
9135,90.3133544921875,97,587520,0.0
9136,97.32132720947266,104,587520,0.0
9137,363.97235107421875,371,587520,0.0
9138,72.74082946777344,79,587776,0.0
9139,29.302345275878906,35,587776,0.0
9140,53.14788818359375,59,587776,0.0
9141,275.1080627441406,283,587776,0.0
9142,24.211353302001953,30,587776,0.0
9143,27.33401107788086,33,588032,0.0
9144,45.06739807128906,51,588032,0.0
9145,29.233694076538086,35,588032,0.0
9146,229.114013671875,237,588032,0.0
9147,53.21934509277344,59,588288,0.0
9148,66.97370910644531,73,588288,0.0
9149,56.098297119140625,62,588288,0.0
9150,40.18589782714844,46,588288,0.0
9151,81.58587646484375,88,588288,0.0
9152,35.07021713256836,41,588288,0.0
9153,72.79306030273438,79,588288,0.0
9154,29.196016311645508,35,588288,0.0
9155,232.95907592773438,241,588288,0.0
9156,28.221302032470703,34,588544,0.0
9157,75.79773712158203,82,588544,0.0
9158,66.94677734375,73,588544,0.0
9159,217.08714294433594,222,588544,0.0
9160,49.323307037353516,55,588544,0.0
9161,48.27711868286133,54,588800,0.0
9162,44.06538391113281,50,588800,0.0
9163,34.30707931518555,40,588800,0.0
9164,34.259605407714844,40,588800,0.0
9165,27.234424591064453,33,588800,0.0
9166,69.84416961669922,76,588800,0.0
9167,53.925968170166016,60,589056,0.0
9168,21.22510528564453,27,589056,0.0
9169,48.05575942993164,54,589056,0.0
9170,28.20347023010254,34,589056,0.0
9171,486.4365539550781,493,589312,0.0
9172,87.44290924072266,94,589312,0.0
9173,28.1695613861084,34,589312,0.0
9174,79.69282531738281,86,589312,0.0
9175,19.518726348876953,25,589312,0.0
9176,23.334257125854492,29,589568,0.0
9177,34.96773147583008,41,589568,0.0
9178,25.251235961914062,31,589568,0.0
9179,26.293701171875,32,589568,0.0
9180,39.20891571044922,45,589568,0.0
9181,28.164661407470703,34,589568,0.0
9182,55.1458740234375,61,589824,0.0
9183,36.328399658203125,42,589824,0.0
9184,25.30980682373047,31,589824,0.0
9185,56.18549728393555,62,589824,0.0
9186,53.16643524169922,59,590080,0.0
9187,51.32292175292969,57,590080,0.0
9188,31.18741798400879,37,590080,0.0
9189,24.22913360595703,30,590336,0.0
9190,67.94668579101562,74,590336,0.0
9191,63.06584930419922,69,590336,0.0
9192,28.214616775512695,34,590336,0.0
9193,52.37956619262695,58,590336,0.0
9194,82.43093872070312,89,590592,0.0
9195,30.343896865844727,36,590592,0.0
9196,64.02672576904297,70,590592,0.0
9197,41.3030891418457,47,590848,0.0
9198,51.21833038330078,57,590848,0.0
9199,28.42478370666504,34,590848,0.0
9200,90.30976104736328,97,590848,0.0
9201,38.35234451293945,44,590848,0.0
9202,236.1869354248047,244,590848,0.0
9203,87.24633026123047,94,590848,0.0
9204,61.133487701416016,67,590848,0.0
9205,49.16362762451172,55,590848,0.0
9206,67.91323852539062,74,591104,0.0
9207,49.18015670776367,55,591104,0.0
9208,36.352230072021484,42,591104,0.0
9209,20.499290466308594,26,591104,0.0
9210,54.03120040893555,60,591104,0.0
9211,50.333465576171875,56,591104,0.0
9212,67.9731674194336,74,591360,0.0
9213,49.25379180908203,55,591360,0.0
9214,20.458314895629883,26,591360,0.0
9215,55.18869400024414,61,591360,0.0
9216,66.0916976928711,72,591360,0.0
9217,71.83796691894531,78,591360,0.0
9218,65.9133529663086,72,591360,0.0
9219,24.526498794555664,30,591360,0.0
9220,31.338125228881836,37,591360,0.0
9221,67.01815795898438,73,591616,0.0
9222,55.123435974121094,61,591616,0.0
9223,62.95222091674805,69,591616,0.0
9224,43.1021728515625,49,591872,0.0
9225,51.45384979248047,57,591872,0.0
9226,36.1873664855957,42,591872,0.0
9227,35.422306060791016,41,591872,0.0
9228,36.15488052368164,42,591872,0.0
9229,91.31954956054688,98,591872,0.0
9230,23.359344482421875,29,591872,0.0
9231,61.05559158325195,67,591872,0.0
9232,24.361297607421875,30,592128,0.0
9233,18.590913772583008,24,592128,0.0
9234,83.56593322753906,90,592128,0.0
9235,30.35004997253418,36,592384,0.0
9236,23.234758377075195,29,592384,0.0
9237,45.31111145019531,51,592384,0.0
9238,34.02592468261719,40,592384,0.0
9239,55.193870544433594,61,592384,0.0
9240,35.2796516418457,41,592384,0.0
9241,45.26688766479492,51,592384,0.0
9242,69.92818450927734,76,592384,0.0
9243,40.170997619628906,46,592640,0.0
9244,22.34389305114746,28,592640,0.0
9245,37.200862884521484,43,592640,0.0
9246,75.61172485351562,82,592640,0.0
9247,61.065887451171875,67,592896,0.0
9248,29.474302291870117,35,592896,0.0
9249,71.76753997802734,78,592896,0.0
9250,298.13250732421875,306,592896,0.0
9251,85.44792175292969,92,592896,0.0
9252,26.355350494384766,32,592896,0.0
9253,31.418319702148438,37,592896,0.0
9254,35.15180206298828,41,592896,0.0
9255,65.97259521484375,72,592896,0.0
9256,21.484329223632812,27,592896,0.0
9257,33.30870056152344,39,593152,0.0
9258,61.12167739868164,67,593152,0.0
9259,63.97469711303711,70,593152,0.0
9260,27.165189743041992,33,593152,0.0
9261,50.20502471923828,56,593408,0.0
9262,34.29084014892578,40,593408,0.0
9263,69.90847778320312,76,593408,0.0
9264,22.482223510742188,28,593408,0.0
9265,35.152442932128906,41,593664,0.0
9266,52.10665512084961,58,593664,0.0
9267,49.13603591918945,55,593664,0.0
9268,61.960044860839844,68,593664,0.0
9269,75.72550201416016,82,593920,0.0
9270,35.33281326293945,41,593920,0.0
9271,26.29509735107422,32,593920,0.0
9272,53.15913772583008,59,593920,0.0
9273,68.89783477783203,75,593920,0.0
9274,24.414567947387695,30,593920,0.0
9275,74.58917236328125,81,594176,0.0
9276,23.46100616455078,29,594176,0.0
9277,39.40543746948242,45,594176,0.0
9278,38.130611419677734,44,594432,0.0
9279,51.114288330078125,57,594432,0.0
9280,33.33517074584961,39,594432,0.0
9281,41.12775802612305,47,594432,0.0
9282,56.145591735839844,62,594432,0.0
9283,30.15302848815918,36,594432,0.0
9284,72.7413330078125,79,594432,0.0
9285,55.27892303466797,61,594432,0.0
9286,19.50041389465332,25,594688,0.0
9287,21.347454071044922,27,594688,0.0
9288,29.225061416625977,35,594688,0.0
9289,19.471370697021484,25,594688,0.0
9290,47.33136749267578,53,594688,0.0
9291,43.37980651855469,49,594688,0.0
9292,66.85115051269531,73,594688,0.0
9293,48.224822998046875,54,594944,0.0
9294,61.04712677001953,67,594944,0.0
9295,28.315858840942383,34,594944,0.0
9296,42.333003997802734,48,595200,0.0
9297,46.26432800292969,52,595200,0.0
9298,46.376853942871094,52,595200,0.0
9299,45.359130859375,51,595200,0.0
9300,66.93785858154297,73,595200,0.0
9301,56.23087692260742,62,595200,0.0
9302,39.38606643676758,45,595200,0.0
9303,54.203468322753906,60,595456,0.0
9304,52.23988723754883,58,595456,0.0
9305,43.30298614501953,49,595456,0.0
9306,51.14187240600586,57,595712,0.0
9307,31.297636032104492,37,595712,0.0
9308,48.1995849609375,54,595712,0.0
9309,24.490556716918945,30,595712,0.0
9310,54.27373504638672,60,595712,0.0
9311,34.315208435058594,40,595968,0.0
9312,21.361038208007812,27,595968,0.0
9313,34.26007080078125,40,595968,0.0
9314,50.069122314453125,56,595968,0.0
9315,23.251691818237305,29,595968,0.0
9316,56.28287887573242,62,595968,0.0
9317,21.493640899658203,27,596224,0.0
9318,25.276891708374023,31,596224,0.0
9319,30.370445251464844,36,596224,0.0
9320,50.305137634277344,56,596224,0.0
9321,23.348840713500977,29,596224,0.0
9322,37.23298645019531,43,596224,0.0
9323,53.31890869140625,59,596224,0.0
9324,54.29583740234375,60,596224,0.0
9325,56.17958450317383,62,596480,0.0
9326,44.19860076904297,50,596480,0.0
9327,51.39913558959961,57,596480,0.0
9328,47.28422164916992,53,596480,0.0
9329,39.420204162597656,45,596480,0.0
9330,71.70352935791016,78,596736,0.0
9331,35.1721305847168,41,596736,0.0
9332,63.96984100341797,70,596736,0.0
9333,53.19340515136719,59,596736,0.0
9334,28.360567092895508,34,596736,0.0
9335,16.74146270751953,22,596736,0.0
9336,50.2335205078125,56,596992,0.0
9337,38.254058837890625,44,596992,0.0
9338,47.505584716796875,53,596992,0.0
9339,49.4451904296875,55,596992,0.0
9340,54.226322174072266,60,596992,0.0
9341,58.14764404296875,64,597248,0.0
9342,35.22392654418945,41,597504,0.0
9343,18.645858764648438,24,597504,0.0
9344,60.1730842590332,66,597504,0.0
9345,24.36233901977539,30,597504,0.0
9346,22.22530174255371,28,597504,0.0
9347,34.38062286376953,40,597504,0.0
9348,55.322757720947266,61,597504,0.0
9349,25.40376853942871,31,597504,0.0
9350,36.31589889526367,42,597760,0.0
9351,39.52231216430664,45,597760,0.0
9352,35.31511306762695,41,597760,0.0
9353,50.330413818359375,56,597760,0.0
9354,58.128814697265625,64,598016,0.0
9355,40.394508361816406,46,598016,0.0
9356,35.04372024536133,41,598016,0.0
9357,40.438167572021484,46,598016,0.0
9358,62.05237579345703,68,598016,0.0
9359,70.79139709472656,77,598272,0.0
9360,58.229312896728516,64,598272,0.0
9361,28.401952743530273,34,598272,0.0
9362,37.33769226074219,43,598528,0.0
9363,57.241859436035156,63,598528,0.0
9364,61.198020935058594,67,598784,0.0
9365,49.237022399902344,55,598784,0.0
9366,19.659231185913086,25,598784,0.0
9367,43.36252975463867,49,598784,0.0
9368,24.371036529541016,30,598784,0.0
9369,45.2896842956543,51,598784,0.0
9370,46.38156509399414,52,599040,0.0
9371,38.28166580200195,44,599040,0.0
9372,19.546388626098633,25,599040,0.0
9373,45.258331298828125,51,599040,0.0
9374,59.2509651184082,65,599040,0.0
9375,30.245216369628906,36,599040,0.0
9376,61.02320098876953,67,599040,0.0
9377,24.41874122619629,30,599040,0.0
9378,19.57886505126953,25,599296,0.0
9379,39.157569885253906,45,599296,0.0
9380,53.280235290527344,59,599296,0.0
9381,27.416147232055664,33,599296,0.0
9382,49.097496032714844,55,599552,0.0
9383,42.36091613769531,48,599552,0.0
9384,58.100955963134766,64,599552,0.0
9385,33.252655029296875,39,599552,0.0
9386,38.330047607421875,44,599552,0.0
9387,23.412593841552734,29,599552,0.0
9388,22.46637725830078,28,599552,0.0
9389,24.324811935424805,30,599552,0.0
9390,27.441184997558594,33,599808,0.0
9391,22.39133071899414,28,599808,0.0
9392,37.3757209777832,43,599808,0.0
9393,58.15378189086914,64,600064,0.0
9394,30.298236846923828,36,600064,0.0
9395,25.3782901763916,31,600064,0.0
9396,59.13493347167969,65,600064,0.0
9397,38.31038284301758,44,600064,0.0
9398,19.592100143432617,25,600320,0.0
9399,36.35501480102539,42,600320,0.0
9400,53.26720428466797,59,600320,0.0
9401,48.33671188354492,54,600320,0.0
9402,44.47707748413086,50,600576,0.0
9403,27.22806739807129,33,600576,0.0
9404,26.318584442138672,32,600576,0.0
9405,23.50623893737793,29,600576,0.0
9406,32.268333435058594,38,600576,0.0
9407,46.431095123291016,52,600576,0.0
9408,40.321903228759766,46,600576,0.0
9409,65.96197509765625,72,600832,0.0
9410,65.93861389160156,72,600832,0.0
9411,57.24107360839844,63,600832,0.0
9412,25.41875457763672,31,600832,0.0
9413,64.04296112060547,70,600832,0.0
9414,49.25001907348633,55,600832,0.0
9415,38.35700988769531,44,601088,0.0
9416,26.407052993774414,32,601088,0.0
9417,26.430206298828125,32,601088,0.0
9418,44.37047576904297,50,601088,0.0
9419,68.98777770996094,75,601344,0.0
9420,48.25175476074219,54,601344,0.0
9421,32.17994689941406,38,601344,0.0
9422,75.69227600097656,82,601344,0.0
9423,68.84146118164062,75,601344,0.0
9424,24.50111198425293,30,601600,0.0
9425,64.05242156982422,70,601600,0.0
9426,39.32024002075195,45,601600,0.0
9427,42.331783294677734,48,601600,0.0
9428,51.33586120605469,57,601600,0.0
9429,45.376380920410156,51,601600,0.0
9430,20.402074813842773,26,601600,0.0
9431,25.413652420043945,31,601600,0.0
9432,69.82200622558594,76,601856,0.0
9433,46.45497131347656,52,601856,0.0
9434,53.193294525146484,59,601856,0.0
9435,45.32626724243164,51,601856,0.0
9436,52.1881217956543,58,601856,0.0
9437,39.2418098449707,45,601856,0.0
9438,39.345069885253906,45,601856,0.0
9439,26.547666549682617,32,602112,0.0
9440,45.376495361328125,51,602112,0.0
9441,24.420320510864258,30,602112,0.0
9442,66.07762908935547,72,602112,0.0
9443,25.519428253173828,31,602368,0.0
9444,60.058631896972656,66,602368,0.0
9445,49.049869537353516,55,602368,0.0
9446,40.52188491821289,46,602368,0.0
9447,54.307952880859375,60,602368,0.0
9448,18.599058151245117,24,602368,0.0
9449,42.40407180786133,48,602368,0.0
9450,31.383514404296875,37,602368,0.0
9451,37.52606201171875,43,602368,0.0
9452,31.253908157348633,37,602368,0.0
9453,40.387672424316406,46,602624,0.0
9454,34.50972366333008,40,602624,0.0
9455,54.36906051635742,60,602624,0.0
9456,49.156707763671875,55,602624,0.0
9457,43.18852233886719,49,602880,0.0
9458,67.79010009765625,74,602880,0.0
9459,55.16091537475586,61,602880,0.0
9460,20.458864212036133,26,602880,0.0
9461,49.20061111450195,55,603136,0.0
9462,54.35192108154297,60,603136,0.0
9463,27.237361907958984,33,603136,0.0
9464,30.365842819213867,36,603136,0.0
9465,40.41139602661133,46,603136,0.0
9466,26.291885375976562,32,603136,0.0
9467,53.352638244628906,59,603392,0.0
9468,58.21186065673828,64,603392,0.0
9469,63.99201583862305,70,603392,0.0
9470,52.4051399230957,58,603392,0.0
9471,24.36783218383789,30,603392,0.0
9472,24.437379837036133,30,603392,0.0
9473,72.70955657958984,79,603392,0.0
9474,44.338680267333984,50,603392,0.0
9475,22.521726608276367,28,603392,0.0
9476,40.245689392089844,46,603648,0.0
9477,47.3833122253418,53,603648,0.0
9478,38.27626419067383,44,603648,0.0
9479,29.407594680786133,35,603648,0.0
9480,66.90474700927734,73,603648,0.0
9481,54.43549346923828,60,603648,0.0
9482,39.429931640625,45,603904,0.0
9483,53.3765983581543,59,603904,0.0
9484,33.465354919433594,39,603904,0.0
9485,32.342262268066406,38,603904,0.0
9486,30.351219177246094,36,603904,0.0
9487,22.577503204345703,28,604160,0.0
9488,23.612834930419922,29,604160,0.0
9489,66.91191101074219,73,604160,0.0
9490,38.41572189331055,44,604160,0.0
9491,60.131568908691406,66,604160,0.0
9492,19.653165817260742,25,604160,0.0
9493,31.20870018005371,37,604160,0.0
9494,42.39336013793945,48,604160,0.0
9495,30.416120529174805,36,604416,0.0
9496,36.454139709472656,42,604416,0.0
9497,21.403451919555664,27,604416,0.0
9498,38.40482711791992,44,604416,0.0
9499,46.2535285949707,52,604416,0.0
9500,27.494365692138672,33,604416,0.0
9501,35.370628356933594,41,604672,0.0
9502,53.27922439575195,59,604672,0.0
9503,20.500045776367188,26,604672,0.0
9504,69.794921875,76,604672,0.0
9505,55.20750427246094,61,604928,0.0
9506,39.37223434448242,45,604928,0.0
9507,47.304439544677734,53,604928,0.0
9508,54.29899215698242,60,604928,0.0
9509,70.72648620605469,77,604928,0.0
9510,45.2288932800293,51,604928,0.0
9511,32.36651611328125,38,605184,0.0
9512,46.244476318359375,52,605184,0.0
9513,50.406494140625,56,605184,0.0
9514,51.2753791809082,57,605440,0.0
9515,34.47914505004883,40,605440,0.0
9516,55.30652618408203,61,605440,0.0
9517,48.408634185791016,54,605440,0.0
9518,25.41050148010254,31,605440,0.0
9519,24.20836067199707,30,605440,0.0
9520,48.3490104675293,54,605696,0.0
9521,31.199520111083984,37,605696,0.0
9522,44.44606399536133,50,605696,0.0
9523,18.57912254333496,24,605696,0.0
9524,52.31464385986328,58,605952,0.0
9525,49.25120544433594,55,605952,0.0
9526,25.30559730529785,31,605952,0.0
9527,59.154510498046875,65,605952,0.0
9528,47.36164855957031,53,605952,0.0
9529,44.292579650878906,50,606208,0.0
9530,36.36567306518555,42,606208,0.0
9531,54.35214614868164,60,606208,0.0
9532,66.9513931274414,73,606208,0.0
9533,40.324546813964844,46,606208,0.0
9534,31.391660690307617,37,606208,0.0
9535,64.88343048095703,71,606208,0.0
9536,57.2125244140625,63,606464,0.0
9537,31.319791793823242,37,606464,0.0
9538,28.343002319335938,34,606464,0.0
9539,53.34273147583008,59,606464,0.0
9540,26.344146728515625,32,606720,0.0
9541,66.86042022705078,73,606720,0.0
9542,24.245840072631836,30,606720,0.0
9543,49.35329055786133,55,606720,0.0
9544,28.54393768310547,34,606976,0.0
9545,55.18292999267578,61,606976,0.0
9546,46.286956787109375,52,606976,0.0
9547,39.4542121887207,45,606976,0.0
9548,43.373382568359375,49,606976,0.0
9549,57.12093734741211,63,607232,0.0
9550,44.339603424072266,50,607232,0.0
9551,50.3707160949707,56,607232,0.0
9552,48.44412612915039,54,607232,0.0
9553,46.401527404785156,52,607488,0.0
9554,23.44448471069336,29,607488,0.0
9555,29.347137451171875,35,607488,0.0
9556,44.40683364868164,50,607488,0.0
9557,27.51122283935547,33,607744,0.0
9558,32.40739440917969,38,607744,0.0
9559,59.03599166870117,65,608000,0.0
9560,44.3151969909668,50,608000,0.0
9561,23.22757339477539,29,608000,0.0
9562,41.344017028808594,47,608000,0.0
9563,42.40971374511719,48,608000,0.0
9564,70.76870727539062,77,608000,0.0
9565,46.219139099121094,52,608256,0.0
9566,40.47381591796875,46,608256,0.0
9567,19.57010269165039,25,608256,0.0
9568,63.04047393798828,69,608256,0.0
9569,36.55300521850586,42,608256,0.0
9570,28.407636642456055,34,608256,0.0
9571,47.1667594909668,53,608256,0.0
9572,43.18262481689453,49,608512,0.0
9573,42.461483001708984,48,608512,0.0
9574,29.410526275634766,35,608768,0.0
9575,21.469606399536133,27,609024,0.0
9576,54.270545959472656,60,609024,0.0
9577,32.372806549072266,38,609024,0.0
9578,39.49364471435547,45,609024,0.0
9579,20.44135093688965,26,609024,0.0
9580,25.318357467651367,31,609280,0.0
9581,41.17134094238281,47,609280,0.0
9582,32.253379821777344,38,609280,0.0
9583,19.514297485351562,25,609280,0.0
9584,52.2557373046875,58,609280,0.0
9585,34.38746643066406,40,609280,0.0
9586,60.10651397705078,66,609280,0.0
9587,31.308094024658203,37,609280,0.0
9588,31.433427810668945,37,609536,0.0
9589,73.53948974609375,80,609536,0.0
9590,35.24758529663086,41,609792,0.0
9591,29.4405574798584,35,609792,0.0
9592,20.41815757751465,26,609792,0.0
9593,34.30537414550781,40,609792,0.0
9594,57.98163986206055,64,609792,0.0
9595,51.266090393066406,57,609792,0.0
9596,46.52806091308594,52,609792,0.0
9597,26.43384552001953,32,609792,0.0
9598,59.10986328125,65,609792,0.0
9599,74.45941925048828,81,610048,0.0
9600,47.21630859375,53,610048,0.0
9601,61.09455108642578,67,610048,0.0
9602,24.279949188232422,30,610048,0.0
9603,23.494543075561523,29,610048,0.0
9604,50.357818603515625,56,610304,0.0
9605,33.52286148071289,39,610304,0.0
9606,32.27705001831055,38,610304,0.0
9607,27.24896240234375,33,610304,0.0
9608,32.51856231689453,38,610304,0.0
9609,48.24391555786133,54,610304,0.0
9610,25.31041145324707,31,610304,0.0
9611,69.8530044555664,76,610304,0.0
9612,68.76600646972656,75,610304,0.0
9613,22.45728874206543,28,610560,0.0
9614,57.143516540527344,63,610560,0.0
9615,37.354888916015625,43,610560,0.0
9616,40.294979095458984,46,610560,0.0
9617,21.509944915771484,27,610816,0.0
9618,51.30181121826172,57,610816,0.0
9619,58.052555084228516,64,610816,0.0
9620,46.228824615478516,52,611072,0.0
9621,42.20551681518555,48,611072,0.0
9622,56.129878997802734,62,611072,0.0
9623,44.34507751464844,50,611072,0.0
9624,72.52452087402344,79,611072,0.0
9625,65.77034759521484,72,611072,0.0
9626,41.214576721191406,47,611072,0.0
9627,41.24876403808594,47,611072,0.0
9628,35.31908416748047,41,611328,0.0
9629,54.1324348449707,60,611328,0.0
9630,48.332672119140625,54,611328,0.0
9631,41.21479797363281,47,611328,0.0
9632,31.408916473388672,37,611328,0.0
9633,25.544780731201172,31,611328,0.0
9634,63.00149917602539,69,611584,0.0
9635,29.47195053100586,35,611584,0.0
9636,47.23569869995117,53,611584,0.0
9637,55.11262893676758,61,611584,0.0
9638,43.31316375732422,49,611584,0.0
9639,23.471302032470703,29,611840,0.0
9640,66.83751678466797,73,611840,0.0
9641,57.11647415161133,63,611840,0.0
9642,36.25823211669922,42,611840,0.0
9643,40.41274642944336,46,611840,0.0
9644,61.01933288574219,67,611840,0.0
9645,71.65936279296875,78,611840,0.0
9646,29.215286254882812,35,612096,0.0
9647,27.382173538208008,33,612096,0.0
9648,33.35802459716797,39,612096,0.0
9649,54.171199798583984,60,612096,0.0
9650,22.49909782409668,28,612096,0.0
9651,34.27223205566406,40,612096,0.0
9652,52.139869689941406,58,612352,0.0
9653,28.29123878479004,34,612352,0.0
9654,59.029258728027344,65,612352,0.0
9655,74.42242431640625,81,612352,0.0
9656,36.220272064208984,42,612352,0.0
9657,54.03529357910156,60,612352,0.0
9658,43.08205032348633,49,612608,0.0
9659,42.307525634765625,48,612608,0.0
9660,62.021095275878906,68,612608,0.0
9661,19.47319984436035,25,612608,0.0
9662,48.31875228881836,54,612864,0.0
9663,35.176998138427734,41,612864,0.0
9664,46.27817153930664,52,612864,0.0
9665,45.32561111450195,51,612864,0.0
9666,49.18659973144531,55,612864,0.0
9667,57.118221282958984,63,612864,0.0
9668,22.351329803466797,28,613120,0.0
9669,63.860260009765625,70,613120,0.0
9670,44.07271957397461,50,613120,0.0
9671,24.29094696044922,30,613120,0.0
9672,50.327606201171875,56,613120,0.0
9673,43.31879806518555,49,613120,0.0
9674,41.12907028198242,47,613120,0.0
9675,58.98316192626953,65,613120,0.0
9676,30.16302490234375,36,613376,0.0
9677,60.95953369140625,67,613376,0.0
9678,33.24296951293945,39,613376,0.0
9679,58.01673889160156,64,613376,0.0
9680,30.414459228515625,36,613376,0.0
9681,57.0660514831543,63,613632,0.0
9682,32.2713623046875,38,613632,0.0
9683,60.06369400024414,66,613632,0.0
9684,19.496671676635742,25,613632,0.0
9685,19.53463363647461,25,613632,0.0
9686,49.282291412353516,55,613632,0.0
9687,36.251773834228516,42,613632,0.0
9688,21.614212036132812,27,613632,0.0
9689,46.27775192260742,52,613888,0.0
9690,48.1650390625,54,613888,0.0
9691,50.103485107421875,56,613888,0.0
9692,45.047767639160156,51,613888,0.0
9693,26.29534149169922,32,613888,0.0
9694,20.48318099975586,26,613888,0.0
9695,45.27053451538086,51,613888,0.0
9696,39.39495849609375,45,613888,0.0
9697,30.235586166381836,36,613888,0.0
9698,39.19322204589844,45,614144,0.0
9699,35.42379379272461,41,614144,0.0
9700,29.35377311706543,35,614144,0.0
9701,33.42445755004883,39,614400,0.0
9702,32.264129638671875,38,614400,0.0
9703,55.15917205810547,61,614400,0.0
9704,64.90311431884766,71,614400,0.0
9705,55.136146545410156,61,614656,0.0
9706,36.14775466918945,42,614656,0.0
9707,37.055091857910156,43,614656,0.0
9708,29.38534164428711,35,614656,0.0
9709,26.475183486938477,32,614912,0.0
9710,46.3223876953125,52,614912,0.0
9711,64.80879974365234,71,615168,0.0
9712,26.066978454589844,32,615168,0.0
9713,33.25638198852539,39,615168,0.0
9714,57.94126892089844,64,615168,0.0
9715,45.10859680175781,51,615168,0.0
9716,26.27562713623047,32,615424,0.0
9717,33.29701232910156,39,615424,0.0
9718,22.324783325195312,28,615424,0.0
9719,53.16004180908203,59,615680,0.0
9720,48.07516860961914,54,615680,0.0
9721,26.15584945678711,32,615680,0.0
9722,34.22761917114258,40,615680,0.0
9723,31.308349609375,37,615936,0.0
9724,40.330684661865234,46,615936,0.0
9725,66.76631927490234,73,616192,0.0
9726,49.3345947265625,55,616192,0.0
9727,51.15739440917969,57,616192,0.0
9728,30.27297592163086,36,616192,0.0
9729,50.173736572265625,56,616192,0.0
9730,30.979995727539062,37,616448,0.0
9731,22.158931732177734,28,616448,0.0
9732,70.59808349609375,77,616448,0.0
9733,24.354755401611328,30,616704,0.0
9734,46.118247985839844,52,616704,0.0
9735,43.11353302001953,49,616704,0.0
9736,57.08919143676758,63,616704,0.0
9737,40.16481399536133,46,616704,0.0
9738,22.448657989501953,28,616960,0.0
9739,63.79728698730469,70,616960,0.0
9740,54.073753356933594,60,616960,0.0
9741,43.0347785949707,49,616960,0.0
9742,58.90531921386719,65,616960,0.0
9743,67.61778259277344,74,617216,0.0
9744,36.04130935668945,42,617216,0.0
9745,52.18586730957031,58,617216,0.0
9746,57.9716796875,64,617216,0.0
9747,45.18495559692383,51,617216,0.0
9748,51.13726806640625,57,617472,0.0
9749,43.34378433227539,49,617472,0.0
9750,47.070526123046875,53,617728,0.0
9751,51.26888656616211,57,617728,0.0
9752,58.87625503540039,65,617728,0.0
9753,24.22694206237793,30,617728,0.0
9754,56.115848541259766,62,617728,0.0
9755,40.14530944824219,46,617728,0.0
9756,28.19891929626465,34,617984,0.0
9757,37.03742218017578,43,617984,0.0
9758,55.01608657836914,61,617984,0.0
9759,46.901058197021484,53,618240,0.0
9760,33.89043045043945,40,618240,0.0
9761,59.000282287597656,65,618240,0.0
9762,35.02549362182617,41,618240,0.0
9763,42.092201232910156,48,618240,0.0
9764,72.38488006591797,79,618240,0.0
9765,33.25004577636719,39,618240,0.0
9766,23.26321029663086,29,618496,0.0
9767,28.071096420288086,34,618496,0.0
9768,51.27177810668945,57,618752,0.0
9769,32.18399429321289,38,618752,0.0
9770,63.74339294433594,70,619008,0.0
9771,23.166460037231445,29,619008,0.0
9772,28.212615966796875,34,619008,0.0
9773,56.134910583496094,62,619008,0.0
9774,59.01776123046875,65,619008,0.0
9775,63.774627685546875,70,619264,0.0
9776,45.10515213012695,51,619264,0.0
9777,45.0900993347168,51,619264,0.0
9778,46.900794982910156,53,619520,0.0
9779,64.67330169677734,71,619520,0.0
9780,27.168323516845703,33,619520,0.0
9781,24.190921783447266,30,619520,0.0
9782,63.753990173339844,70,619520,0.0
9783,60.948631286621094,67,619520,0.0
9784,41.20018768310547,47,619520,0.0
9785,64.75059509277344,71,619776,0.0
9786,27.896377563476562,34,619776,0.0
9787,58.842811584472656,65,619776,0.0
9788,32.161102294921875,38,619776,0.0
9789,67.61567687988281,74,619776,0.0
9790,58.88188552856445,65,620032,0.0
9791,41.06781005859375,47,620032,0.0
9792,54.122928619384766,60,620032,0.0
9793,28.190711975097656,34,620288,0.0
9794,43.874839782714844,50,620288,0.0
9795,60.901031494140625,67,620288,0.0
9796,50.04203796386719,56,620288,0.0
9797,35.23341751098633,41,620288,0.0
9798,37.82616424560547,44,620544,0.0
9799,60.71110153198242,67,620544,0.0
9800,25.919836044311523,32,620800,0.0
9801,35.044254302978516,41,620800,0.0
9802,35.1842041015625,41,620800,0.0
9803,66.65462493896484,73,621056,0.0
9804,62.86959457397461,69,621056,0.0
9805,70.52001190185547,77,621056,0.0
9806,51.97172546386719,58,621056,0.0
9807,54.823707580566406,61,621056,0.0
9808,46.14469909667969,52,621312,0.0
9809,24.14698028564453,30,621312,0.0
9810,57.89378356933594,64,621312,0.0
9811,56.106910705566406,62,621312,0.0
9812,31.931793212890625,38,621568,0.0
9813,25.00465965270996,31,621568,0.0
9814,66.69554138183594,73,621568,0.0
9815,31.098804473876953,37,621568,0.0
9816,65.61675262451172,72,621824,0.0
9817,57.8399772644043,64,621824,0.0
9818,28.7930908203125,35,621824,0.0
9819,41.052276611328125,47,621824,0.0
9820,54.771053314208984,61,621824,0.0
9821,34.89117431640625,41,621824,0.0
9822,44.13938903808594,50,621824,0.0
9823,62.67155075073242,69,622080,0.0
9824,43.85862731933594,50,622080,0.0
9825,33.92162322998047,40,622080,0.0
9826,50.85688400268555,57,622080,0.0
9827,49.65169143676758,56,622080,0.0
9828,31.07608413696289,37,622336,0.0
9829,47.919921875,54,622336,0.0
9830,34.02407455444336,40,622336,0.0
9831,66.62100219726562,73,622336,0.0
9832,26.907724380493164,33,622592,0.0
9833,30.798444747924805,37,622592,0.0
9834,62.75748062133789,69,622592,0.0
9835,31.02650260925293,37,622592,0.0
9836,76.1981201171875,83,622592,0.0
9837,32.90348815917969,39,622592,0.0
9838,44.00306701660156,50,622848,0.0
9839,37.20546340942383,43,622848,0.0
9840,34.93027114868164,41,622848,0.0
9841,41.77949905395508,48,622848,0.0
9842,72.46385192871094,79,622848,0.0
9843,29.102611541748047,35,623104,0.0
9844,35.97980880737305,42,623104,0.0
9845,30.805315017700195,37,623104,0.0
9846,35.922218322753906,42,623104,0.0
9847,46.99359893798828,53,623360,0.0
9848,69.57109069824219,76,623360,0.0
9849,39.9323844909668,46,623360,0.0
9850,49.01131057739258,55,623360,0.0
9851,50.747276306152344,57,623360,0.0
9852,52.85481262207031,59,623360,0.0
9853,31.952739715576172,38,623616,0.0
9854,61.648223876953125,68,623616,0.0
9855,49.21272659301758,55,623616,0.0
9856,70.42699432373047,77,623616,0.0
9857,30.11286163330078,36,623872,0.0
9858,46.646400451660156,53,623872,0.0
9859,61.70782470703125,68,623872,0.0
9860,42.73450469970703,49,623872,0.0
9861,61.81292724609375,68,624128,0.0
9862,70.38011169433594,77,624128,0.0
9863,74.4638900756836,81,624128,0.0
9864,56.514259338378906,63,624128,0.0
9865,66.6841812133789,73,624384,0.0
9866,44.95582962036133,51,624384,0.0
9867,50.8942756652832,57,624384,0.0
9868,42.07943344116211,48,624384,0.0
9869,69.56700134277344,76,624384,0.0
9870,37.0927619934082,43,624640,0.0
9871,53.94390106201172,60,624640,0.0
9872,46.835205078125,53,624640,0.0
9873,49.64795684814453,56,624640,0.0
9874,46.95170974731445,53,624640,0.0
9875,29.926982879638672,36,624896,0.0
9876,68.39814758300781,75,624896,0.0
9877,64.71244049072266,71,624896,0.0
9878,41.74917984008789,48,625152,0.0
9879,38.68635559082031,45,625152,0.0
9880,29.811161041259766,36,625408,0.0
9881,50.808074951171875,57,625408,0.0
9882,48.93787384033203,55,625408,0.0
9883,47.68650817871094,54,625664,0.0
9884,76.15721130371094,83,625664,0.0
9885,37.87561798095703,44,625664,0.0
9886,53.850547790527344,60,625920,0.0
9887,33.75056076049805,40,625920,0.0
9888,59.803157806396484,66,625920,0.0
9889,24.88715362548828,31,625920,0.0
9890,36.796268463134766,43,625920,0.0
9891,81.10745239257812,88,626176,0.0
9892,31.858415603637695,38,626176,0.0
9893,47.82196044921875,54,626176,0.0
9894,57.634578704833984,64,626176,0.0
9895,55.78340148925781,62,626176,0.0
9896,29.922048568725586,36,626176,0.0
9897,43.803802490234375,50,626176,0.0
9898,35.777835845947266,42,626176,0.0
9899,39.42655563354492,46,626432,0.0
9900,30.896839141845703,37,626432,0.0
9901,43.805477142333984,50,626432,0.0
9902,23.0399169921875,29,626432,0.0
9903,43.634864807128906,50,626432,0.0
9904,31.037200927734375,37,626432,0.0
9905,45.83305358886719,52,626432,0.0
9906,52.69023895263672,59,626688,0.0
9907,23.951828002929688,30,626688,0.0
9908,31.794404983520508,38,626688,0.0
9909,35.78203201293945,42,626944,0.0
9910,82.0428466796875,89,626944,0.0
9911,51.87748718261719,58,626944,0.0
9912,66.69904327392578,73,626944,0.0
9913,30.912200927734375,37,627200,0.0
9914,26.726396560668945,33,627200,0.0
9915,60.76579666137695,67,627200,0.0
9916,29.675722122192383,36,627200,0.0
9917,59.58848571777344,66,627456,0.0
9918,50.81233596801758,57,627456,0.0
9919,54.88623809814453,61,627456,0.0
9920,76.27403259277344,83,627456,0.0
9921,68.47533416748047,75,627456,0.0
9922,25.06488037109375,31,627456,0.0
9923,53.797481536865234,60,627712,0.0
9924,35.838844299316406,42,627712,0.0
9925,71.39366912841797,78,627968,0.0
9926,55.87991714477539,62,627968,0.0
9927,49.52971649169922,56,628224,0.0
9928,25.998537063598633,32,628224,0.0
9929,67.59593963623047,74,628224,0.0
9930,48.908607482910156,55,628480,0.0
9931,71.45236206054688,78,628480,0.0
9932,64.6331787109375,71,628480,0.0
9933,69.48881530761719,76,628480,0.0
9934,79.13069152832031,86,628480,0.0
9935,37.622989654541016,44,628480,0.0
9936,35.81752014160156,42,628480,0.0
9937,72.41349029541016,79,628480,0.0
9938,42.74248123168945,49,628736,0.0
9939,28.900856018066406,35,628736,0.0
9940,30.95572280883789,37,628736,0.0
9941,64.7043685913086,71,628736,0.0
9942,32.60580062866211,39,628992,0.0
9943,63.524696350097656,70,628992,0.0
9944,75.24861145019531,82,629248,0.0
9945,31.79646110534668,38,629248,0.0
9946,43.8217658996582,50,629248,0.0
9947,71.4370346069336,78,629248,0.0
9948,72.4253158569336,79,629760,0.0
9949,30.617799758911133,37,629760,0.0
9950,38.33592224121094,45,629760,0.0
9951,69.38478088378906,76,629760,0.0
9952,57.51607131958008,64,629760,0.0
9953,34.600799560546875,41,630016,0.0
9954,33.79644012451172,40,630016,0.0
9955,59.79703903198242,66,630016,0.0
9956,83.05040740966797,90,630016,0.0
9957,49.53850173950195,56,630272,0.0
9958,30.588184356689453,37,630272,0.0
9959,37.83811950683594,44,630272,0.0
9960,28.926605224609375,35,630528,0.0
9961,51.80994415283203,58,630528,0.0
9962,58.578765869140625,65,630528,0.0
9963,64.45386505126953,71,630784,0.0
9964,31.759960174560547,38,630784,0.0
9965,72.31236267089844,79,631040,0.0
9966,93.62317657470703,101,631040,0.0
9967,31.850385665893555,38,631040,0.0
9968,63.42605209350586,70,631040,0.0
9969,74.2933349609375,81,631040,0.0
9970,49.52259063720703,56,631040,0.0
9971,64.54631042480469,71,631040,0.0
9972,43.93408203125,50,631040,0.0
9973,25.904922485351562,32,631296,0.0
9974,32.70549774169922,39,631296,0.0
9975,38.92867660522461,45,631552,0.0
9976,65.37315368652344,72,631552,0.0
9977,71.31564331054688,78,631808,0.0
9978,42.46094512939453,49,631808,0.0
9979,32.6362190246582,39,631808,0.0
9980,38.719573974609375,45,631808,0.0
9981,30.60909652709961,37,631808,0.0
9982,52.4949836730957,59,631808,0.0
9983,75.24288177490234,82,632064,0.0
9984,51.54094314575195,58,632064,0.0
9985,27.786270141601562,34,632064,0.0
9986,56.56608200073242,63,632320,0.0
9987,33.48028564453125,40,632320,0.0
9988,31.628955841064453,38,632320,0.0
9989,32.5637321472168,39,632320,0.0
9990,39.787376403808594,46,632576,0.0
9991,33.035362243652344,39,632576,0.0
9992,67.35183715820312,74,632832,0.0
9993,49.570709228515625,56,632832,0.0
9994,43.66122055053711,50,633088,0.0
9995,27.879634857177734,34,633088,0.0
9996,27.651395797729492,34,633088,0.0
9997,28.894641876220703,35,633344,0.0
9998,48.730445861816406,55,633600,0.0
9999,79.21578979492188,86,633600,0.0
10000,82.01228332519531,89,633600,0.0
10001,73.21234130859375,80,633600,0.0
10002,43.450218200683594,50,633600,0.0
10003,25.763744354248047,32,633600,0.0
10004,57.527687072753906,64,633856,0.0
10005,43.611576080322266,50,633856,0.0
10006,25.770952224731445,32,633856,0.0
10007,73.46834564208984,80,633856,0.0
10008,56.53852844238281,63,633856,0.0
10009,23.98651123046875,30,634112,0.0
10010,57.5166015625,64,634112,0.0
10011,54.797943115234375,61,634112,0.0
10012,55.45378875732422,62,634112,0.0
10013,71.3402328491211,78,634112,0.0
10014,27.67551612854004,34,634112,0.0
10015,50.580406188964844,57,634368,0.0
10016,71.42430877685547,78,634368,0.0
10017,31.555580139160156,38,634368,0.0
10018,95.4666519165039,103,634368,0.0
10019,71.33497619628906,78,634368,0.0
10020,79.14643096923828,86,634368,0.0
10021,39.5312614440918,46,634624,0.0
10022,76.0691146850586,83,634624,0.0
10023,62.32176971435547,69,634880,0.0
10024,42.28615951538086,49,634880,0.0
10025,53.46558380126953,60,635136,0.0
10026,59.48942947387695,66,635136,0.0
10027,26.67078399658203,33,635136,0.0
10028,76.13722229003906,83,635136,0.0
10029,32.33803939819336,39,635136,0.0
10030,66.3726806640625,73,635136,0.0
10031,92.46815490722656,100,635392,0.0
10032,30.546405792236328,37,635392,0.0
10033,53.380428314208984,60,635648,0.0
10034,87.88026428222656,95,635648,0.0
10035,67.40760803222656,74,635648,0.0
10036,47.35417938232422,54,635648,0.0
10037,48.47863006591797,55,635904,0.0
10038,32.632835388183594,39,635904,0.0
10039,93.66653442382812,101,635904,0.0
10040,67.26187133789062,74,636160,0.0
10041,42.356807708740234,49,636160,0.0
10042,80.19035339355469,87,636160,0.0
10043,77.2729721069336,84,636160,0.0
10044,48.52308654785156,55,636160,0.0
10045,42.65507507324219,49,636160,0.0
10046,29.526145935058594,36,636160,0.0
10047,70.51512908935547,77,636416,0.0
10048,76.0842514038086,83,636416,0.0
10049,73.3975830078125,80,636416,0.0
10050,76.0396728515625,83,636672,0.0
10051,49.17684555053711,56,636672,0.0
10052,81.97545623779297,89,636672,0.0
10053,83.12100219726562,90,636928,0.0
10054,83.02120208740234,90,636928,0.0
10055,93.5763931274414,101,636928,0.0
10056,35.50562286376953,42,636928,0.0
10057,77.33997344970703,84,636928,0.0
10058,68.45909118652344,75,636928,0.0
10059,58.63395309448242,65,637184,0.0
10060,49.47787857055664,56,637184,0.0
10061,26.711034774780273,33,637440,0.0
10062,48.41766357421875,55,637696,0.0
10063,56.45500946044922,63,637696,0.0
10064,78.19009399414062,85,637952,0.0
10065,83.05486297607422,90,637952,0.0
10066,52.537078857421875,59,638208,0.0
10067,67.34993743896484,74,638464,0.0
10068,63.365234375,70,638464,0.0
10069,75.32405853271484,82,638464,0.0
10070,43.26251220703125,50,638464,0.0
10071,98.54924011230469,106,638464,0.0
10072,61.509761810302734,68,638720,0.0
10073,66.22325134277344,73,638976,0.0
10074,42.411903381347656,49,638976,0.0
10075,39.16956329345703,46,638976,0.0
10076,49.408721923828125,56,639232,0.0
10077,43.59266662597656,50,639488,0.0
10078,33.44600296020508,40,639488,0.0
10079,89.95098876953125,97,639488,0.0
10080,31.491092681884766,38,639488,0.0
10081,54.51966094970703,61,639488,0.0
10082,60.30564880371094,67,639744,0.0
10083,74.23228454589844,81,639744,0.0
10084,100.37347412109375,108,639744,0.0
10085,31.52451515197754,38,639744,0.0
10086,26.839345932006836,33,640256,0.0
10087,48.3155403137207,55,640256,0.0
10088,96.61615753173828,104,640256,0.0
10089,29.538957595825195,36,640256,0.0
10090,75.2546157836914,82,640512,0.0
10091,81.17552947998047,88,640512,0.0
10092,27.69649887084961,34,640512,0.0
10093,60.26432418823242,67,640512,0.0
10094,42.08679962158203,49,640768,0.0
10095,41.64059829711914,48,640768,0.0
10096,101.5294418334961,109,640768,0.0
10097,50.67116928100586,57,640768,0.0
10098,70.45738220214844,77,640768,0.0
10099,65.32182312011719,72,641024,0.0
10100,29.458110809326172,36,641024,0.0
10101,37.3602294921875,44,641024,0.0
10102,55.414241790771484,62,641024,0.0
10103,101.46932983398438,109,641280,0.0
10104,58.312992095947266,65,641280,0.0
10105,104.35294342041016,112,641280,0.0
10106,33.507484436035156,40,641280,0.0
10107,116.00682067871094,124,641536,0.0
10108,43.4125862121582,50,641536,0.0
10109,34.3834114074707,41,641536,0.0
10110,71.20491027832031,78,641792,0.0
10111,96.73286437988281,104,641792,0.0
10112,55.51182174682617,62,642048,0.0
10113,46.39103698730469,53,642048,0.0
10114,45.00625228881836,52,642048,0.0
10115,41.44228744506836,48,642048,0.0
10116,73.22661590576172,80,642304,0.0
10117,86.99884033203125,94,642304,0.0
10118,99.57038879394531,107,642560,0.0
10119,48.3287467956543,55,642560,0.0
10120,38.53742599487305,45,642560,0.0
10121,31.428075790405273,38,642560,0.0
10122,66.27207946777344,73,642560,0.0
10123,85.97323608398438,93,642560,0.0
10124,58.42104721069336,65,642816,0.0
10125,108.36927032470703,116,642816,0.0
10126,37.35824966430664,44,642816,0.0
10127,65.4487533569336,72,642816,0.0
10128,35.497596740722656,42,642816,0.0
10129,38.569618225097656,45,642816,0.0
10130,99.68189239501953,107,643072,0.0
10131,52.46971893310547,59,643072,0.0
10132,89.97200775146484,97,643072,0.0
10133,66.49874114990234,73,643328,0.0
10134,68.60765838623047,75,643328,0.0
10135,72.45477294921875,79,643328,0.0
10136,32.46653747558594,39,643584,0.0
10137,46.12807083129883,53,643584,0.0
10138,58.341712951660156,65,643584,0.0
10139,40.5141716003418,47,643584,0.0
10140,58.536865234375,65,643840,0.0
10141,44.39076232910156,51,643840,0.0
10142,53.46720886230469,60,644096,0.0
10143,88.05809783935547,95,644096,0.0
10144,31.40425682067871,38,644096,0.0
10145,28.654541015625,35,644096,0.0
10146,81.2511978149414,88,644096,0.0
10147,90.87323760986328,98,644352,0.0
10148,106.49165344238281,114,644352,0.0
10149,25.84465217590332,32,644352,0.0
10150,80.21916961669922,87,644352,0.0
10151,80.3077621459961,87,644352,0.0
10152,71.5385513305664,78,644608,0.0
10153,60.51823425292969,67,644608,0.0
10154,30.705533981323242,37,644608,0.0
10155,79.26226043701172,86,644864,0.0
10156,42.360774993896484,49,644864,0.0
10157,77.38970184326172,84,644864,0.0
10158,96.82654571533203,104,644864,0.0
10159,52.44344711303711,59,644864,0.0
10160,39.66476058959961,46,645120,0.0
10161,48.51113510131836,55,645120,0.0
10162,66.42138671875,73,645120,0.0
10163,27.577241897583008,34,645376,0.0
10164,91.95159912109375,99,645376,0.0
10165,102.5845718383789,110,645376,0.0
10166,57.4049186706543,64,645376,0.0
10167,73.20808410644531,80,645376,0.0
10168,65.2823486328125,72,645376,0.0
10169,59.284812927246094,66,645376,0.0
10170,104.5475845336914,112,645376,0.0
10171,64.44975280761719,71,645632,0.0
10172,45.525611877441406,52,645632,0.0
10173,74.23430633544922,81,645632,0.0
10174,78.38436126708984,85,645632,0.0
10175,66.6226577758789,73,645888,0.0
10176,28.56873321533203,35,645888,0.0
10177,89.98542022705078,97,645888,0.0
10178,52.458953857421875,59,646144,0.0
10179,49.27488327026367,56,646144,0.0
10180,104.54931640625,112,646400,0.0
10181,80.31259155273438,87,646400,0.0
10182,55.381046295166016,62,646400,0.0
10183,85.1172866821289,92,646400,0.0
10184,84.19114685058594,91,646656,0.0
10185,50.50983428955078,57,646656,0.0
10186,87.1800308227539,94,646656,0.0
10187,89.9314956665039,97,646656,0.0
10188,98.8022689819336,106,646656,0.0
10189,90.03196716308594,97,646656,0.0
10190,28.558399200439453,35,646912,0.0
10191,66.62838745117188,73,646912,0.0
10192,53.172447204589844,60,647168,0.0
10193,45.45083999633789,52,647168,0.0
10194,48.52150344848633,55,647168,0.0
10195,40.45738220214844,47,647168,0.0
10196,76.46307373046875,83,647680,0.0
10197,33.36750411987305,40,647680,0.0
10198,73.12750244140625,80,647936,0.0
10199,120.30459594726562,128,647936,0.0
10200,47.719181060791016,54,648192,0.0
10201,90.0489730834961,97,648192,0.0
10202,26.748416900634766,33,648192,0.0
10203,57.25981140136719,64,648448,0.0
10204,94.03974151611328,101,648448,0.0
10205,89.03076171875,96,648448,0.0
10206,49.33221435546875,56,648448,0.0
10207,51.02145004272461,58,648448,0.0
10208,30.529930114746094,37,648448,0.0
10209,76.36375427246094,83,648704,0.0
10210,44.71134567260742,51,648704,0.0
10211,54.391719818115234,61,648704,0.0
10212,67.31489562988281,74,648960,0.0
10213,92.91588592529297,100,648960,0.0
10214,48.50344467163086,55,648960,0.0
10215,33.604583740234375,40,648960,0.0
10216,82.27377319335938,89,649216,0.0
10217,86.17073822021484,93,649216,0.0
10218,46.112449645996094,53,649216,0.0
10219,89.00012969970703,96,649216,0.0
10220,42.305877685546875,49,649216,0.0
10221,45.35673141479492,52,649216,0.0
10222,32.3121452331543,39,649472,0.0
10223,102.64067840576172,110,649472,0.0
10224,31.42786407470703,38,649472,0.0
10225,83.2082290649414,90,649472,0.0
10226,54.319400787353516,61,649728,0.0
10227,79.30667877197266,86,649728,0.0
10228,97.85945129394531,105,649728,0.0
10229,86.02447509765625,93,649984,0.0
10230,26.02359390258789,32,649984,0.0
10231,96.0549545288086,103,649984,0.0
10232,31.8396053314209,38,649984,0.0
10233,68.49452209472656,75,649984,0.0
10234,84.08876037597656,91,649984,0.0
10235,35.63423538208008,42,650240,0.0
10236,55.658241271972656,62,650240,0.0
10237,94.94779205322266,102,650240,0.0
10238,82.3144760131836,89,650496,0.0
10239,89.9651870727539,97,650496,0.0
10240,48.49845886230469,55,650496,0.0
10241,79.27727508544922,86,650496,0.0
10242,89.13591003417969,96,650496,0.0
10243,72.5555419921875,79,650752,0.0
10244,59.52665710449219,66,650752,0.0
10245,44.48367691040039,51,650752,0.0
10246,46.43663787841797,53,650752,0.0
10247,73.4971694946289,80,651008,0.0
10248,51.568302154541016,58,651008,0.0
10249,55.27186965942383,62,651008,0.0
10250,54.57411575317383,61,651264,0.0
10251,66.47415924072266,73,651520,0.0
10252,109.59527587890625,117,651520,0.0
10253,76.31129455566406,83,651520,0.0
10254,53.267642974853516,60,651520,0.0
10255,47.678245544433594,54,651776,0.0
10256,33.39554214477539,40,651776,0.0
10257,104.76966857910156,112,651776,0.0
10258,113.33261108398438,121,652032,0.0
10259,101.7037582397461,109,652288,0.0
10260,40.27897644042969,47,652288,0.0
10261,43.540706634521484,50,652288,0.0
10262,37.28166198730469,44,652288,0.0
10263,45.32829666137695,52,652288,0.0
10264,66.4788589477539,73,652544,0.0
10265,64.42061614990234,71,652544,0.0
10266,111.51040649414062,119,652544,0.0
10267,54.66860580444336,61,652544,0.0
10268,63.53849411010742,70,652544,0.0
10269,45.382713317871094,52,652800,0.0
10270,87.20819854736328,94,652800,0.0
10271,44.56659698486328,51,652800,0.0
10272,38.53512954711914,45,652800,0.0
10273,83.21247100830078,90,652800,0.0
10274,28.637523651123047,35,653056,0.0
10275,80.21141052246094,87,653312,0.0
10276,92.03780364990234,99,653312,0.0
10277,24.852848052978516,31,653312,0.0
10278,35.12919235229492,42,653312,0.0
10279,98.95181274414062,106,653312,0.0
10280,98.82730102539062,106,653568,0.0
10281,34.27980422973633,41,653568,0.0
10282,85.2890625,92,653824,0.0
10283,69.29834747314453,76,653824,0.0
10284,46.20307540893555,53,654080,0.0
10285,90.13973236083984,97,654080,0.0
10286,46.40513610839844,53,654080,0.0
10287,71.31371307373047,78,654080,0.0
10288,29.656036376953125,36,654080,0.0
10289,98.95545959472656,106,654080,0.0
10290,29.638334274291992,36,654592,0.0
10291,111.58452606201172,119,654592,0.0
10292,85.30622100830078,92,654592,0.0
10293,31.43579864501953,38,655104,0.0
10294,52.511234283447266,59,655360,0.0
10295,72.27191162109375,79,655360,0.0
10296,55.18608474731445,62,655360,0.0
10297,77.33902740478516,84,655360,0.0
10298,88.12847900390625,95,655616,0.0
10299,69.46247100830078,76,655616,0.0
10300,43.17092514038086,50,655616,0.0
10301,107.59953308105469,115,655616,0.0
10302,92.82035827636719,100,655616,0.0
10303,67.37018585205078,74,655872,0.0
10304,64.34297180175781,71,655872,0.0
10305,80.17832946777344,87,656128,0.0
10306,97.95328521728516,105,656128,0.0
10307,87.2521743774414,94,656384,0.0
10308,69.35365295410156,76,656384,0.0
10309,82.39068603515625,89,656384,0.0
10310,40.078773498535156,47,656384,0.0
10311,35.44574737548828,42,656384,0.0
10312,49.258384704589844,56,656384,0.0
10313,71.1602783203125,78,656640,0.0
10314,53.34469223022461,60,656640,0.0
10315,35.45356369018555,42,656640,0.0
10316,44.32619857788086,51,656640,0.0
10317,108.68367767333984,116,656896,0.0
10318,76.32427215576172,83,656896,0.0
10319,37.48094940185547,44,656896,0.0
10320,42.432437896728516,49,656896,0.0
10321,48.52708053588867,55,656896,0.0
10322,89.20938110351562,96,656896,0.0
10323,53.442100524902344,60,656896,0.0
10324,44.393150329589844,51,656896,0.0
10325,80.3311767578125,87,657152,0.0
10326,83.16645050048828,90,657152,0.0
10327,44.49513244628906,51,657152,0.0
10328,115.5207748413086,123,657408,0.0
10329,36.531925201416016,43,657408,0.0
10330,58.524784088134766,65,657408,0.0
10331,35.20317077636719,42,657664,0.0
10332,45.51713943481445,52,657664,0.0
10333,29.639352798461914,36,657664,0.0
10334,43.13461685180664,50,657920,0.0
10335,69.49787139892578,76,657920,0.0
10336,53.480411529541016,60,657920,0.0
10337,49.37125778198242,56,657920,0.0
10338,54.38395309448242,61,658176,0.0
10339,61.516380310058594,68,658176,0.0
10340,59.473182678222656,66,658176,0.0
10341,29.616731643676758,36,658176,0.0
10342,47.304115295410156,54,658176,0.0
10343,88.10871124267578,95,658432,0.0
10344,87.20342254638672,94,658432,0.0
10345,30.69839096069336,37,658688,0.0
10346,29.50867462158203,36,658688,0.0
10347,47.3797492980957,54,658688,0.0
10348,73.5537109375,80,658944,0.0
10349,83.34241485595703,90,658944,0.0
10350,43.584651947021484,50,658944,0.0
10351,57.39476776123047,64,658944,0.0
10352,49.24763870239258,56,659200,0.0
10353,116.48855590820312,124,659200,0.0
10354,52.254310607910156,59,659200,0.0
10355,91.08312225341797,98,659200,0.0
10356,74.3490982055664,81,659200,0.0
10357,70.4695816040039,77,659456,0.0
10358,56.34288024902344,63,659456,0.0
10359,113.5081558227539,121,659456,0.0
10360,41.44977569580078,48,659456,0.0
10361,41.45601272583008,48,659456,0.0
10362,31.661399841308594,38,659456,0.0
10363,77.3747329711914,84,659712,0.0
10364,34.33891677856445,41,659712,0.0
10365,50.5264778137207,57,659712,0.0
10366,96.13710021972656,103,659968,0.0
10367,64.57084655761719,71,660224,0.0
10368,113.61250305175781,121,660224,0.0
10369,30.713748931884766,37,660480,0.0
10370,37.49602127075195,44,660480,0.0
10371,34.63398361206055,41,660480,0.0
10372,71.48143005371094,78,660736,0.0
10373,89.08861541748047,96,660736,0.0
10374,53.267818450927734,60,660736,0.0
10375,61.489742279052734,68,660736,0.0
10376,88.36511993408203,95,660736,0.0
10377,26.742040634155273,33,660992,0.0
10378,71.46329498291016,78,660992,0.0
10379,101.84901428222656,109,660992,0.0
10380,106.88005065917969,114,660992,0.0
10381,87.31217193603516,94,660992,0.0
10382,124.4097671508789,132,661248,0.0
10383,66.69224548339844,73,661248,0.0
10384,50.38896942138672,57,661248,0.0
10385,48.53407287597656,55,661248,0.0
10386,130.25863647460938,138,661248,0.0
10387,33.479671478271484,40,661760,0.0
10388,107.0112075805664,114,661760,0.0
10389,102.78809356689453,110,661760,0.0
10390,32.64432907104492,39,661760,0.0
10391,57.566650390625,64,661760,0.0
10392,48.66889190673828,55,661760,0.0
10393,77.31277465820312,84,662016,0.0
10394,53.40713882446289,60,662016,0.0
10395,67.81844329833984,74,662016,0.0
10396,66.63208770751953,73,662016,0.0
10397,76.24417877197266,83,662016,0.0
10398,65.29405975341797,72,662272,0.0
10399,69.48651885986328,76,662272,0.0
10400,45.620643615722656,52,662272,0.0
10401,92.20741271972656,99,662528,0.0
10402,58.41832733154297,65,662528,0.0
10403,31.48487091064453,38,662528,0.0
10404,88.39115142822266,95,662784,0.0
10405,88.29176330566406,95,662784,0.0
10406,79.52618408203125,86,663040,0.0
10407,75.53478240966797,82,663040,0.0
10408,28.630367279052734,35,663040,0.0
10409,102.18392181396484,109,663040,0.0
10410,48.319984436035156,55,663040,0.0
10411,31.67269515991211,38,663040,0.0
10412,32.32746887207031,39,663296,0.0
10413,80.54199981689453,87,663296,0.0
10414,75.45902252197266,82,663296,0.0
10415,129.3768768310547,137,663296,0.0
10416,41.303955078125,48,663296,0.0
10417,121.60533905029297,129,663296,0.0
10418,96.99118041992188,104,663552,0.0
10419,59.8842887878418,66,663552,0.0
10420,99.11661529541016,106,663552,0.0
10421,30.756629943847656,37,663552,0.0
10422,90.23401641845703,97,663808,0.0
10423,77.50126647949219,84,663808,0.0
10424,68.77645874023438,75,663808,0.0
10425,72.47251892089844,79,663808,0.0
10426,26.776351928710938,33,663808,0.0
10427,54.517723083496094,61,664064,0.0
10428,48.62369918823242,55,664064,0.0
10429,48.683895111083984,55,664320,0.0
10430,42.46309280395508,49,664320,0.0
10431,77.46214294433594,84,664320,0.0
10432,55.380001068115234,62,664576,0.0
10433,39.41165542602539,46,664576,0.0
10434,37.654541015625,44,664576,0.0
10435,52.7194938659668,59,664832,0.0
10436,94.24714660644531,101,665088,0.0
10437,52.421878814697266,59,665088,0.0
10438,34.698150634765625,41,665088,0.0
10439,86.33917999267578,93,665088,0.0
10440,51.626651763916016,58,665088,0.0
10441,115.79698181152344,123,665088,0.0
10442,27.78109359741211,34,665088,0.0
10443,64.54463195800781,71,665344,0.0
10444,43.76926040649414,50,665344,0.0
10445,31.69899559020996,38,665600,0.0
10446,43.487571716308594,50,665600,0.0
10447,55.70369338989258,62,665600,0.0
10448,45.67098617553711,52,665600,0.0
10449,59.58331298828125,66,665856,0.0
10450,49.43427276611328,56,665856,0.0
10451,49.88588333129883,56,665856,0.0
10452,46.75792694091797,53,665856,0.0
10453,78.73326873779297,85,666112,0.0
10454,54.78428268432617,61,666112,0.0
10455,139.17686462402344,147,666112,0.0
10456,115.82266235351562,123,666112,0.0
10457,29.454023361206055,36,666112,0.0
10458,33.73775863647461,40,666368,0.0
10459,93.27378845214844,100,666368,0.0
10460,64.73834228515625,71,666368,0.0
10461,30.897279739379883,37,666368,0.0
10462,80.4743423461914,87,666368,0.0
10463,29.62282943725586,36,666368,0.0
10464,33.51382064819336,40,666624,0.0
10465,81.50373077392578,88,666624,0.0
10466,87.4063720703125,94,666880,0.0
10467,91.25961303710938,98,666880,0.0
10468,26.82150650024414,33,667136,0.0
10469,128.443359375,136,667392,0.0
10470,67.48311614990234,74,667392,0.0
10471,75.50875854492188,82,667392,0.0
10472,81.605712890625,88,667392,0.0
10473,88.40502166748047,95,667392,0.0
10474,80.4631576538086,87,667648,0.0
10475,49.51847457885742,56,667648,0.0
10476,66.61090087890625,73,667904,0.0
10477,36.50893020629883,43,667904,0.0
10478,40.94746780395508,47,668416,0.0
10479,148.10340881347656,156,668416,0.0
10480,34.63204574584961,41,668672,0.0
10481,99.10259246826172,106,668672,0.0
10482,44.85029983520508,51,668928,0.0
10483,69.55660247802734,76,668928,0.0
10484,123.57194519042969,131,668928,0.0
10485,86.39335632324219,93,669184,0.0
10486,40.696346282958984,47,669184,0.0
10487,55.375667572021484,62,669184,0.0
10488,87.44010162353516,94,669184,0.0
10489,83.48562622070312,90,669184,0.0
10490,32.58767318725586,39,669184,0.0
10491,38.49688720703125,45,669440,0.0
10492,75.61197662353516,82,669440,0.0
10493,38.60734558105469,45,669440,0.0
10494,124.46438598632812,132,669696,0.0
10495,41.42775344848633,48,669696,0.0
10496,91.27107238769531,98,669696,0.0
10497,39.71816635131836,46,669696,0.0
10498,55.441776275634766,62,669952,0.0
10499,86.3258285522461,93,670208,0.0
10500,40.603126525878906,47,670208,0.0
10501,63.786521911621094,70,670208,0.0
10502,31.87523651123047,38,670720,0.0
10503,48.65226745605469,55,670720,0.0
10504,28.609283447265625,35,670720,0.0
10505,76.59101867675781,83,670720,0.0
10506,96.29357147216797,103,670976,0.0
10507,112.67887878417969,120,670976,0.0
10508,41.40126419067383,48,670976,0.0
10509,53.75144958496094,60,670976,0.0
10510,74.5623550415039,81,670976,0.0
10511,100.12290954589844,107,670976,0.0
10512,40.606449127197266,47,671232,0.0
10513,60.567543029785156,67,671232,0.0
10514,132.53765869140625,140,671232,0.0
10515,104.94104766845703,112,671488,0.0
10516,90.29661560058594,97,671488,0.0
10517,85.40260314941406,92,671488,0.0
10518,42.688480377197266,49,671744,0.0
10519,32.91341018676758,39,671744,0.0
10520,46.55170440673828,53,671744,0.0
10521,39.548580169677734,46,671744,0.0
10522,91.3065414428711,98,671744,0.0
10523,29.54726219177246,36,671744,0.0
10524,27.91661262512207,34,671744,0.0
10525,27.693492889404297,34,672000,0.0
10526,32.910518646240234,39,672000,0.0
10527,87.43241119384766,94,672000,0.0
10528,36.656375885009766,43,672000,0.0
10529,57.82543182373047,64,672000,0.0
10530,44.51716613769531,51,672000,0.0
10531,33.334434509277344,40,672256,0.0
10532,86.3570327758789,93,672256,0.0
10533,39.70954132080078,46,672256,0.0
10534,84.47679138183594,91,672512,0.0
10535,46.56471633911133,53,672512,0.0
10536,66.68441772460938,73,672512,0.0
10537,99.13970947265625,106,672512,0.0
10538,79.41704559326172,86,672512,0.0
10539,98.08523559570312,105,672512,0.0
10540,79.47401428222656,86,672768,0.0
10541,74.401611328125,81,672768,0.0
10542,84.48087310791016,91,672768,0.0
10543,89.16149139404297,96,673024,0.0
10544,29.57354736328125,36,673024,0.0
10545,100.0542984008789,107,673024,0.0
10546,43.76535415649414,50,673024,0.0
10547,46.45111846923828,53,673024,0.0
10548,103.95748138427734,111,673280,0.0
10549,37.888545989990234,44,673280,0.0
10550,50.64041519165039,57,673280,0.0
10551,84.47392272949219,91,673280,0.0
10552,94.30970001220703,101,673536,0.0
10553,100.98245239257812,108,673536,0.0
10554,47.26462936401367,54,673536,0.0
10555,113.71002197265625,121,673536,0.0
10556,35.559120178222656,42,673536,0.0
10557,85.33182525634766,92,673536,0.0
10558,58.65188217163086,65,673536,0.0
10559,44.96501541137695,51,673792,0.0
10560,93.24931335449219,100,673792,0.0
10561,139.04856872558594,147,673792,0.0
10562,30.369047164916992,37,673792,0.0
10563,100.06242370605469,107,674048,0.0
10564,51.67860412597656,58,674048,0.0
10565,38.73856735229492,45,674304,0.0
10566,63.34776306152344,70,674304,0.0
10567,86.17066955566406,93,674560,0.0
10568,27.630859375,34,674560,0.0
10569,57.67142868041992,64,674560,0.0
10570,26.763689041137695,33,674560,0.0
10571,47.70656967163086,54,674816,0.0
10572,80.23370361328125,87,674816,0.0
10573,66.53020477294922,73,674816,0.0
10574,37.318809509277344,44,674816,0.0
10575,85.26594543457031,92,674816,0.0
10576,82.28668212890625,89,675072,0.0
10577,143.97718811035156,152,675072,0.0
10578,64.6820297241211,71,675072,0.0
10579,77.41062927246094,84,675072,0.0
10580,80.3857421875,87,675072,0.0
10581,40.01322937011719,47,675072,0.0
10582,43.54637145996094,50,675072,0.0
10583,42.678924560546875,49,675072,0.0
10584,28.609804153442383,35,675328,0.0
10585,35.66368103027344,42,675328,0.0
10586,41.90156555175781,48,675328,0.0
10587,90.25553131103516,97,675584,0.0
10588,42.513240814208984,49,675584,0.0
10589,97.04606628417969,104,675840,0.0
10590,82.38053894042969,89,675840,0.0
10591,52.90430450439453,59,675840,0.0
10592,57.547515869140625,64,675840,0.0
10593,28.778762817382812,35,675840,0.0
10594,67.47826385498047,74,676096,0.0
10595,27.687192916870117,34,676096,0.0
10596,53.57599639892578,60,676096,0.0
10597,60.44456481933594,67,676096,0.0
10598,84.32779693603516,91,676096,0.0
10599,85.36821746826172,92,676096,0.0
10600,37.2762565612793,44,676096,0.0
10601,44.579978942871094,51,676352,0.0
10602,32.249351501464844,39,676352,0.0
10603,38.32683563232422,45,676608,0.0
10604,57.74607467651367,64,676864,0.0
10605,39.6119499206543,46,676864,0.0
10606,110.76771545410156,118,677120,0.0
10607,30.837203979492188,37,677120,0.0
10608,37.501956939697266,44,677376,0.0
10609,36.41737365722656,43,677376,0.0
10610,96.13735961914062,103,677376,0.0
10611,62.33943557739258,69,677376,0.0
10612,82.11139678955078,89,677376,0.0
10613,99.92587280273438,107,677376,0.0
10614,46.44765090942383,53,677376,0.0
10615,74.30548858642578,81,677632,0.0
10616,34.42388916015625,41,677888,0.0
10617,58.69464874267578,65,677888,0.0
10618,60.46727752685547,67,677888,0.0
10619,98.88045501708984,106,677888,0.0
10620,100.01073455810547,107,677888,0.0
10621,74.62372589111328,81,678144,0.0
10622,82.14942932128906,89,678144,0.0
10623,88.03987884521484,95,678400,0.0
10624,38.50935745239258,45,678400,0.0
10625,28.858501434326172,35,678400,0.0
10626,86.22969818115234,93,678400,0.0
10627,68.71286010742188,75,678656,0.0
10628,60.66850280761719,67,678912,0.0
10629,57.5084114074707,64,678912,0.0
10630,81.45464324951172,88,679168,0.0
10631,75.56009674072266,82,679168,0.0
10632,45.326934814453125,52,679424,0.0
10633,67.59463500976562,74,679680,0.0
10634,41.53422927856445,48,679680,0.0
10635,89.94900512695312,97,679936,0.0
10636,80.36851501464844,87,679936,0.0
10637,56.328128814697266,63,679936,0.0
10638,89.12648010253906,96,679936,0.0
10639,36.534507751464844,43,680192,0.0
10640,59.48347091674805,66,680192,0.0
10641,67.55990600585938,74,680192,0.0
10642,116.50779724121094,124,680448,0.0
10643,38.38078308105469,45,680448,0.0
10644,60.65321350097656,67,680448,0.0
10645,29.60830307006836,36,680448,0.0
10646,59.3383903503418,66,680448,0.0
10647,74.23146057128906,81,680448,0.0
10648,54.28889846801758,61,680704,0.0
10649,68.54654693603516,75,680960,0.0
10650,98.87395477294922,106,680960,0.0
10651,128.3314666748047,136,681216,0.0
10652,34.51836395263672,41,681216,0.0
10653,80.27583312988281,87,681216,0.0
10654,69.56267547607422,76,681216,0.0
10655,119.3843002319336,127,681216,0.0
10656,41.55390548706055,48,681216,0.0
10657,55.24873352050781,62,681472,0.0
10658,122.457763671875,130,681472,0.0
10659,145.8666534423828,154,681472,0.0
10660,40.1643180847168,47,681728,0.0
10661,42.27103042602539,49,681728,0.0
10662,55.27565002441406,62,681728,0.0
10663,36.68698501586914,43,681728,0.0
10664,64.32292938232422,71,681728,0.0
10665,48.74699783325195,55,681728,0.0
10666,70.40745544433594,77,681984,0.0
10667,74.22140502929688,81,681984,0.0
10668,96.94926452636719,104,682240,0.0
10669,28.53656768798828,35,682240,0.0
10670,55.60475158691406,62,682240,0.0
10671,58.42837905883789,65,682240,0.0
10672,154.59181213378906,163,682240,0.0
10673,78.4692611694336,85,682752,0.0
10674,34.780460357666016,41,683008,0.0
10675,57.44364929199219,64,683008,0.0
10676,30.725000381469727,37,683264,0.0
10677,93.01493072509766,100,683520,0.0
10678,65.4349365234375,72,683520,0.0
10679,91.13098907470703,98,683520,0.0
10680,42.109798431396484,49,683776,0.0
10681,103.66474151611328,111,683776,0.0
10682,40.636863708496094,47,684032,0.0
10683,35.09638214111328,42,684288,0.0
10684,90.11205291748047,97,684288,0.0
10685,83.34876251220703,90,684288,0.0
10686,112.51505279541016,120,684288,0.0
10687,99.91983032226562,107,684288,0.0
10688,38.295772552490234,45,684544,0.0
10689,51.28676223754883,58,684544,0.0
10690,45.94144821166992,53,684544,0.0
10691,120.2774429321289,128,684544,0.0
10692,91.10411834716797,98,684544,0.0
10693,46.504085540771484,53,684800,0.0
10694,126.2146224975586,134,684800,0.0
10695,126.21414947509766,134,684800,0.0
10696,37.324363708496094,44,685056,0.0
10697,120.44306945800781,128,685056,0.0
10698,61.34177780151367,68,685312,0.0
10699,100.8694839477539,108,685312,0.0
10700,46.28901672363281,53,685312,0.0
10701,72.50069427490234,79,685568,0.0
10702,38.28102111816406,45,685568,0.0
10703,81.1332015991211,88,685568,0.0
10704,43.73454284667969,50,685824,0.0
10705,41.26860809326172,48,685824,0.0
10706,79.30717468261719,86,686080,0.0
10707,34.31219482421875,41,686080,0.0
10708,42.12175369262695,49,686336,0.0
10709,74.39463806152344,81,686336,0.0
10710,45.28955078125,52,686336,0.0
10711,45.18318176269531,52,686336,0.0
10712,43.37010955810547,50,686336,0.0
10713,51.06510925292969,58,686848,0.0
10714,60.11879348754883,67,686848,0.0
10715,31.328365325927734,38,686848,0.0
10716,45.4320182800293,52,686848,0.0
10717,64.3384780883789,71,686848,0.0
10718,51.29139709472656,58,686848,0.0
10719,40.248207092285156,47,687104,0.0
10720,33.66543197631836,40,687104,0.0
10721,115.66665649414062,123,687104,0.0
10722,56.7514533996582,63,687104,0.0
10723,112.76659393310547,120,687104,0.0
10724,74.438720703125,81,687360,0.0
10725,80.28362274169922,87,687360,0.0
10726,128.328125,136,687360,0.0
10727,52.34178924560547,59,687616,0.0
10728,41.922298431396484,49,687616,0.0
10729,59.31088638305664,66,687872,0.0
10730,39.985137939453125,47,687872,0.0
10731,53.156803131103516,60,687872,0.0
10732,57.20797348022461,64,688128,0.0
10733,33.418495178222656,40,688128,0.0
10734,52.29062271118164,59,688384,0.0
10735,42.4184455871582,49,688384,0.0
10736,118.5595932006836,126,688640,0.0
10737,46.1531982421875,53,688640,0.0
10738,127.23098754882812,135,688640,0.0
10739,42.323265075683594,49,688640,0.0
10740,100.82666778564453,108,688896,0.0
10741,83.20051574707031,90,688896,0.0
10742,37.373870849609375,44,688896,0.0
10743,118.56874084472656,126,688896,0.0
10744,119.45729064941406,127,689152,0.0
10745,36.46771240234375,43,689152,0.0
10746,99.74371337890625,107,689408,0.0
10747,36.37982940673828,43,689408,0.0
10748,109.763671875,117,689408,0.0
10749,31.65968132019043,38,689408,0.0
10750,95.16373443603516,102,689408,0.0
10751,80.19868469238281,87,689664,0.0
10752,38.43951416015625,45,689920,0.0
10753,85.285888671875,92,689920,0.0
10754,108.67378997802734,116,690176,0.0
10755,33.46854019165039,40,690176,0.0
10756,113.63843536376953,121,690176,0.0
10757,94.13800811767578,101,690176,0.0
10758,93.11799621582031,100,690176,0.0
10759,129.29002380371094,137,690688,0.0
10760,78.4012680053711,85,690688,0.0
10761,45.32913589477539,52,690688,0.0
10762,63.2286262512207,70,690688,0.0
10763,121.55964660644531,129,690688,0.0
10764,119.60162353515625,127,690944,0.0
10765,78.15428924560547,85,690944,0.0
10766,46.38969421386719,53,690944,0.0
10767,68.34242248535156,75,691712,0.0
10768,77.3612060546875,84,691712,0.0
10769,32.48329544067383,39,691712,0.0
10770,71.28816223144531,78,691712,0.0
10771,71.33441162109375,78,691968,0.0
10772,63.45957946777344,70,692224,0.0
10773,117.61910247802734,125,692224,0.0
10774,104.74783325195312,112,692224,0.0
10775,74.25086975097656,81,692224,0.0
10776,61.189300537109375,68,692224,0.0
10777,35.55113220214844,42,692224,0.0
10778,39.06013488769531,46,692480,0.0
10779,36.237552642822266,43,692736,0.0
10780,37.743675231933594,44,692736,0.0
10781,83.02877807617188,90,692992,0.0
10782,59.39617156982422,66,692992,0.0
10783,63.291419982910156,70,692992,0.0
10784,40.305294036865234,47,692992,0.0
10785,134.1222381591797,142,693248,0.0
10786,132.20997619628906,140,693248,0.0
10787,43.26359558105469,50,693248,0.0
10788,36.265052795410156,43,693248,0.0
10789,64.08392333984375,71,693248,0.0
10790,70.19044494628906,77,693248,0.0
10791,54.494476318359375,61,693504,0.0
10792,38.27364730834961,45,693504,0.0
10793,45.23320007324219,52,693504,0.0
10794,99.04546356201172,106,693504,0.0
10795,80.298828125,87,693760,0.0
10796,31.38152313232422,38,694016,0.0
10797,76.25586700439453,83,694016,0.0
10798,101.92739868164062,109,694016,0.0
10799,44.14513397216797,51,694272,0.0
10800,80.24456787109375,87,694272,0.0
10801,47.60212326049805,54,694272,0.0
10802,42.13613510131836,49,694272,0.0
10803,75.28521728515625,82,694528,0.0
10804,70.52714538574219,77,694528,0.0
10805,114.68702697753906,122,694528,0.0
10806,58.215484619140625,65,694784,0.0
10807,46.07026672363281,53,694784,0.0
10808,86.36083984375,93,694784,0.0
10809,36.152427673339844,43,694784,0.0
10810,100.03311157226562,107,694784,0.0
10811,52.29267120361328,59,695040,0.0
10812,110.55297088623047,118,695296,0.0
10813,83.3443832397461,90,695296,0.0
10814,53.393245697021484,60,695296,0.0
10815,32.41054153442383,39,695552,0.0
10816,42.24775314331055,49,695808,0.0
10817,76.48815155029297,83,695808,0.0
10818,71.15540313720703,78,696064,0.0
10819,52.091854095458984,59,696064,0.0
10820,77.98373413085938,85,696320,0.0
10821,39.924072265625,47,696576,0.0
10822,64.46455383300781,71,696576,0.0
10823,73.1277084350586,80,696832,0.0
10824,100.8405532836914,108,696832,0.0
10825,70.21183013916016,77,697088,0.0
10826,68.0058822631836,75,697088,0.0
10827,50.33460998535156,57,697344,0.0
10828,56.18514633178711,63,697856,0.0
10829,45.01227951049805,52,697856,0.0
10830,113.5407485961914,121,698112,0.0
10831,32.45608901977539,39,698112,0.0
10832,78.9921646118164,86,698112,0.0
10833,82.2962417602539,89,698112,0.0
10834,129.19790649414062,137,698112,0.0
10835,36.12359619140625,43,698624,0.0
10836,45.361236572265625,52,698624,0.0
10837,85.13207244873047,92,698880,0.0
10838,112.62037658691406,120,699136,0.0
10839,62.73389434814453,70,699136,0.0
10840,48.27593994140625,55,699136,0.0
10841,138.219970703125,146,699392,0.0
10842,110.58853149414062,118,699392,0.0
10843,60.533077239990234,68,699392,0.0
10844,111.70539855957031,119,699904,0.0
10845,75.9652328491211,83,700160,0.0
10846,87.71295928955078,95,700160,0.0
10847,35.25761795043945,42,700672,0.0
10848,118.55106353759766,126,700928,0.0
10849,106.78034210205078,114,700928,0.0
10850,72.98857116699219,80,700928,0.0
10851,94.84929656982422,102,701184,0.0
10852,59.89995193481445,67,701696,0.0
10853,137.97560119628906,146,701952,0.0
10854,51.87656784057617,59,701952,0.0
10855,64.34442901611328,71,701952,0.0
10856,60.57865524291992,68,702208,0.0
10857,52.76716613769531,60,702208,0.0
10858,94.6884536743164,102,702208,0.0
10859,134.06961059570312,142,702208,0.0
10860,49.690834045410156,57,702464,0.0
10861,75.68492889404297,83,702464,0.0
10862,122.28821563720703,130,702464,0.0
10863,55.64155197143555,63,702464,0.0
10864,104.61941528320312,112,702720,0.0
10865,138.92193603515625,147,702720,0.0
10866,55.935516357421875,63,702976,0.0
10867,112.4954833984375,120,702976,0.0
10868,56.15693283081055,63,703232,0.0
10869,52.307796478271484,60,703232,0.0
10870,101.47386932373047,109,703232,0.0
10871,60.0673828125,67,703488,0.0
10872,46.839256286621094,54,703488,0.0
10873,101.7204818725586,109,703488,0.0
10874,146.9531707763672,155,703744,0.0
10875,157.0352783203125,165,704000,0.0
10876,84.74734497070312,92,704000,0.0
10877,77.72708129882812,85,704000,0.0
10878,110.47235870361328,118,704000,0.0
10879,90.02035522460938,97,704256,0.0
10880,125.3237075805664,133,704256,0.0
10881,59.60917663574219,67,704256,0.0
10882,54.16514587402344,62,704256,0.0
10883,55.49803924560547,63,704512,0.0
10884,66.53438568115234,74,704512,0.0
10885,74.74101257324219,82,704512,0.0
10886,148.78451538085938,157,704512,0.0
10887,157.5412139892578,166,704768,0.0
10888,110.53080749511719,118,704768,0.0
10889,35.14234924316406,42,705280,0.0
10890,75.86137390136719,83,705280,0.0
10891,153.67091369628906,162,705280,0.0
10892,66.670654296875,74,705280,0.0
10893,40.76543426513672,48,705280,0.0
10894,145.89669799804688,154,705536,0.0
10895,107.36617279052734,115,705536,0.0
10896,78.60587310791016,86,705536,0.0
10897,91.87581634521484,99,705792,0.0
10898,136.08229064941406,144,706304,0.0
10899,102.18953704833984,111,706304,0.0
10900,109.41233825683594,117,706304,0.0
10901,122.18521881103516,130,706304,0.0
10902,65.94186401367188,73,706304,0.0
10903,115.377197265625,123,706304,0.0
10904,132.99658203125,141,706304,0.0
10905,128.0281982421875,136,706560,0.0
10906,96.47966003417969,104,706560,0.0
10907,52.763648986816406,60,707072,0.0
10908,145.83224487304688,154,707328,0.0
10909,47.24728775024414,55,707584,0.0
10910,67.43052673339844,75,707840,0.0
10911,50.47026443481445,58,707840,0.0
10912,117.15866088867188,125,708096,0.0
10913,47.54922866821289,55,708096,0.0
10914,105.46033477783203,113,708096,0.0
10915,101.31568145751953,109,708096,0.0
10916,91.4671630859375,99,708352,0.0
10917,64.32728576660156,72,708352,0.0
10918,79.65062713623047,87,708352,0.0
10919,134.81967163085938,143,708608,0.0
10920,178.36685180664062,187,708864,0.0
10921,104.46427917480469,112,708864,0.0
10922,125.98915100097656,134,709120,0.0
10923,137.84059143066406,146,709120,0.0
10924,128.02947998046875,136,709120,0.0
10925,117.24321746826172,125,709376,0.0
10926,105.3954086303711,113,709376,0.0
10927,55.7564811706543,63,709376,0.0
10928,50.55558395385742,58,709632,0.0
10929,52.03711700439453,60,709632,0.0
10930,73.3773422241211,81,709888,0.0
10931,49.82587814331055,58,710144,0.0
10932,89.1672134399414,97,710144,0.0
10933,68.56619262695312,76,710144,0.0
10934,70.57612609863281,78,710144,0.0
10935,74.50251007080078,82,710144,0.0
10936,220.35009765625,230,710400,0.0
10937,139.9040069580078,148,710400,0.0
10938,54.912960052490234,63,710400,0.0
10939,71.53739166259766,79,711168,0.0
10940,88.99429321289062,97,711168,0.0
10941,60.3427619934082,68,711168,0.0
10942,44.586177825927734,52,711424,0.0
10943,106.33597564697266,114,711424,0.0
10944,44.33799743652344,52,711424,0.0
10945,73.68769073486328,81,711424,0.0
10946,58.32075500488281,66,711680,0.0
10947,71.22193145751953,79,711936,0.0
10948,152.54745483398438,161,711936,0.0
10949,90.27606964111328,98,711936,0.0
10950,128.9511260986328,137,712448,0.0
10951,67.0121841430664,75,712448,0.0
10952,120.05184936523438,128,712448,0.0
10953,56.35013198852539,64,712448,0.0
10954,59.098167419433594,67,712704,0.0
10955,132.92398071289062,141,712704,0.0
10956,136.76622009277344,145,712960,0.0
10957,149.75146484375,158,713216,0.0
10958,178.12619018554688,187,713472,0.0
10959,103.09406280517578,111,713472,0.0
10960,159.57391357421875,168,713728,0.0
10961,101.18562316894531,109,713728,0.0
10962,85.83598327636719,94,714240,0.0
10963,107.79742431640625,116,714240,0.0
10964,144.58351135253906,153,714240,0.0
10965,155.42352294921875,164,714240,0.0
10966,47.741424560546875,56,714496,0.0
10967,131.84408569335938,140,714496,0.0
10968,59.19535827636719,67,714496,0.0
10969,50.904518127441406,59,714496,0.0
10970,79.79373168945312,88,714752,0.0
10971,68.91253662109375,77,715008,0.0
10972,138.60626220703125,147,715008,0.0
10973,151.46507263183594,160,715520,0.0
10974,60.52783203125,69,715776,0.0
10975,73.81059265136719,82,715776,0.0
10976,93.10232543945312,101,716032,0.0
10977,167.02671813964844,176,716032,0.0
10978,76.6633071899414,85,716032,0.0
10979,78.21427154541016,86,716544,0.0
10980,72.75891876220703,81,716800,0.0
10981,126.67792510986328,135,716800,0.0
10982,70.30834197998047,78,716800,0.0
10983,49.78522872924805,58,717312,0.0
10984,120.94487762451172,129,717312,0.0
10985,57.51813888549805,66,717568,0.0
10986,105.06204986572266,113,717824,0.0
10987,111.6822509765625,120,718080,0.0
10988,81.74490356445312,90,718080,0.0
10989,51.76881790161133,60,718336,0.0
10990,66.40316009521484,75,718336,0.0
10991,124.0943832397461,133,718336,0.0
10992,157.423095703125,166,718336,0.0
10993,92.81117248535156,101,718592,0.0
10994,87.7408218383789,96,718592,0.0
10995,116.38056945800781,125,718848,0.0
10996,130.6516571044922,140,718848,0.0
10997,149.2792205810547,158,719360,0.0
10998,96.83592224121094,105,719360,0.0
10999,190.06642150878906,199,719360,0.0
11000,94.36871337890625,103,719616,0.0
11001,58.762420654296875,67,719872,0.0
11002,81.37351989746094,90,720128,0.0
11003,60.5773811340332,69,720128,0.0
11004,82.89643096923828,91,720128,0.0
11005,122.63992309570312,131,720384,0.0
11006,77.87294006347656,86,720896,0.0
11007,57.39951705932617,66,721152,0.0
11008,56.31824493408203,65,721152,0.0
11009,43.03154373168945,51,721408,0.0
11010,165.9005584716797,175,721664,0.0
11011,127.7101821899414,136,721920,0.0
11012,126.45809936523438,135,721920,0.0
11013,138.4010467529297,147,721920,0.0
11014,67.25703430175781,76,722176,0.0
11015,94.58451080322266,103,722176,0.0
11016,50.503543853759766,59,722432,0.0
11017,138.58212280273438,148,722688,0.0
11018,102.84407806396484,111,723200,0.0
11019,192.57864379882812,202,723200,0.0
11020,166.0968475341797,175,723200,0.0
11021,142.18685913085938,151,723456,0.0
11022,103.41144561767578,112,723456,0.0
11023,131.61940002441406,140,723712,0.0
11024,81.49979400634766,90,723968,0.0
11025,142.37734985351562,151,723968,0.0
11026,77.95286560058594,86,723968,0.0
11027,120.4078598022461,130,724224,0.0
11028,141.40573120117188,151,724736,0.0
11029,63.37223434448242,72,724736,0.0
11030,49.71171188354492,58,724992,0.0
11031,67.20542907714844,76,724992,0.0
11032,163.2827911376953,172,725248,0.0
11033,70.19151306152344,79,725504,0.0
11034,208.7850799560547,218,725504,0.0
11035,78.453857421875,87,726016,0.0
11036,75.15943908691406,84,726016,0.0
11037,143.52732849121094,152,726016,0.0
11038,164.23951721191406,173,726016,0.0
11039,74.08186340332031,83,726016,0.0
11040,112.64590454101562,121,726272,0.0
11041,129.79153442382812,139,726272,0.0
11042,86.46512603759766,95,726272,0.0
11043,76.2766342163086,85,726528,0.0
11044,83.28226470947266,92,726784,0.0
11045,84.89210510253906,93,726784,0.0
11046,101.28826141357422,110,726784,0.0
11047,206.7873077392578,216,727040,0.0
11048,80.2947998046875,89,727040,0.0
11049,106.67289733886719,115,727296,0.0
11050,101.72709655761719,110,727552,0.0
11051,112.7131576538086,121,727552,0.0
11052,59.65081787109375,68,727552,0.0
11053,102.7715835571289,111,727552,0.0
11054,140.59996032714844,150,727808,0.0
11055,51.572715759277344,60,727808,0.0
11056,64.58953857421875,73,728064,0.0
11057,83.6334228515625,92,728064,0.0
11058,45.721229553222656,54,728320,0.0
11059,147.3175811767578,156,728576,0.0
11060,126.28971862792969,135,728576,0.0
11061,130.2745819091797,139,728576,0.0
11062,177.2908935546875,186,728832,0.0
11063,63.40467834472656,72,728832,0.0
11064,84.81297302246094,93,729088,0.0
11065,96.20404815673828,105,729088,0.0
11066,176.8280487060547,186,729088,0.0
11067,65.43962097167969,74,729088,0.0
11068,59.49787521362305,68,729088,0.0
11069,80.56633758544922,89,729088,0.0
11070,136.10769653320312,145,729344,0.0
11071,102.80625915527344,111,729600,0.0
11072,150.35128784179688,159,729600,0.0
11073,171.81495666503906,181,729856,0.0
11074,83.55989074707031,92,729856,0.0
11075,75.48069763183594,84,730112,0.0
11076,150.5003662109375,159,730112,0.0
11077,92.1484146118164,101,730368,0.0
11078,107.3296127319336,116,730624,0.0
11079,138.72793579101562,147,730880,0.0
11080,98.6332778930664,107,730880,0.0
11081,112.74007415771484,121,730880,0.0
11082,56.663970947265625,65,730880,0.0
11083,155.3379669189453,165,730880,0.0
11084,209.2091064453125,218,730880,0.0
11085,79.73312377929688,88,731392,0.0
11086,66.00064086914062,75,731648,0.0
11087,74.69235229492188,83,731648,0.0
11088,121.77862548828125,130,731904,0.0
11089,119.32957458496094,128,732160,0.0
11090,101.84783172607422,110,732160,0.0
11091,92.86336517333984,101,732160,0.0
11092,54.514644622802734,63,732160,0.0
11093,102.81587982177734,111,732416,0.0
11094,125.32040405273438,134,732416,0.0
11095,126.32807159423828,135,732672,0.0
11096,102.70266723632812,111,732672,0.0
11097,75.51119232177734,84,732928,0.0
11098,88.16021728515625,97,732928,0.0
11099,201.1038360595703,210,732928,0.0
11100,152.39466857910156,161,732928,0.0
11101,64.50104522705078,73,733184,0.0
11102,263.1934814453125,272,733440,0.0
11103,56.306453704833984,65,733440,0.0
11104,102.67674255371094,111,733952,0.0
11105,61.339942932128906,70,733952,0.0
11106,103.765625,112,733952,0.0
11107,112.40457916259766,121,734208,0.0
11108,81.74752044677734,90,734464,0.0
11109,170.2628936767578,179,734720,0.0
11110,73.37178802490234,82,734720,0.0
11111,96.74825286865234,105,734720,0.0
11112,217.12120056152344,226,734976,0.0
11113,107.64881896972656,116,735232,0.0
11114,73.57264709472656,82,735232,0.0
11115,63.36269760131836,72,735232,0.0
11116,57.669376373291016,66,735488,0.0
11117,165.35317993164062,174,735488,0.0
11118,166.37269592285156,175,735488,0.0
11119,78.34901428222656,87,735744,0.0
11120,91.70780944824219,100,735744,0.0
11121,60.38621139526367,69,736000,0.0
11122,67.87853240966797,76,736768,0.0
11123,65.54680633544922,74,736768,0.0
11124,106.91576385498047,115,737024,0.0
11125,89.68122863769531,98,737024,0.0
11126,223.12567138671875,232,737280,0.0
11127,80.9881820678711,89,737536,0.0
11128,168.37527465820312,177,737536,0.0
11129,91.86988067626953,100,738048,0.0
11130,170.4342803955078,179,738048,0.0
11131,47.94635009765625,56,738048,0.0
11132,83.6114730834961,92,738048,0.0
11133,170.1783447265625,179,738048,0.0
11134,74.59066009521484,83,738048,0.0
11135,61.53806686401367,70,738304,0.0
11136,47.65829849243164,56,738304,0.0
11137,248.5097198486328,255,738560,0.0
11138,164.45555114746094,173,738560,0.0
11139,66.81690216064453,75,738560,0.0
11140,145.4628448486328,154,738560,0.0
11141,173.37123107910156,183,738816,0.0
11142,142.5998077392578,151,738816,0.0
11143,107.5034408569336,116,738816,0.0
11144,73.21257019042969,82,739072,0.0
11145,52.57582473754883,61,739584,0.0
11146,164.20791625976562,173,740096,0.0
11147,246.06336975097656,255,740096,0.0
11148,115.73063659667969,124,740096,0.0
11149,56.817298889160156,65,740096,0.0
11150,121.72132873535156,130,740352,0.0
11151,160.5992889404297,169,740352,0.0
11152,175.15484619140625,184,740608,0.0
11153,49.440433502197266,58,740864,0.0
11154,47.07054138183594,55,740864,0.0
11155,200.23155212402344,209,740864,0.0
11156,178.1587677001953,187,741120,0.0
11157,120.8388671875,129,741120,0.0
11158,51.781959533691406,60,741376,0.0
11159,131.65066528320312,140,741632,0.0
11160,95.6596908569336,104,741632,0.0
11161,267.182373046875,276,741632,0.0
11162,122.56047058105469,131,741632,0.0
11163,169.5325927734375,178,741888,0.0
11164,48.19654846191406,56,741888,0.0
11165,50.796669006347656,59,742144,0.0
11166,206.317138671875,215,742144,0.0
11167,60.61051940917969,69,742400,0.0
11168,122.77194213867188,131,742400,0.0
11169,84.6618881225586,93,742400,0.0
11170,109.84976959228516,118,742912,0.0
11171,151.6614990234375,160,742912,0.0
11172,146.5531463623047,155,743168,0.0
11173,151.59359741210938,160,743168,0.0
11174,135.77171325683594,144,743424,0.0
11175,140.6521453857422,149,743424,0.0
11176,99.97842407226562,108,743680,0.0
11177,270.8935852050781,275,743680,0.0
11178,49.62385177612305,58,743936,0.0
11179,49.52206039428711,58,743936,0.0
11180,98.97346496582031,107,743936,0.0
11181,102.87557220458984,111,744192,0.0
11182,53.78739547729492,62,744192,0.0
11183,257.4921569824219,262,744448,0.0
11184,94.68788146972656,103,744448,0.0
11185,52.61286544799805,61,744704,0.0
11186,272.85418701171875,282,744704,0.0
11187,75.84932708740234,84,744960,0.0
11188,203.16140747070312,212,744960,0.0
11189,158.52745056152344,168,745472,0.0
11190,52.86204528808594,61,745472,0.0
11191,196.7849578857422,206,746240,0.0
11192,67.15691375732422,76,746240,0.0
11193,242.59071350097656,252,746240,0.0
11194,78.47772216796875,87,746240,0.0
11195,60.66303634643555,69,746240,0.0
11196,232.3541717529297,237,746496,0.0
11197,203.880615234375,209,746496,0.0
11198,73.74374389648438,82,746496,0.0
11199,134.39329528808594,143,746496,0.0
11200,142.1383056640625,151,746752,0.0
11201,121.25282287597656,130,747008,0.0
11202,57.65236282348633,66,747008,0.0
11203,56.26427459716797,65,747264,0.0
11204,47.48066711425781,56,747264,0.0
11205,205.2119598388672,212,747520,0.0
11206,91.18310546875,100,747520,0.0
11207,142.0217742919922,151,747776,0.0
11208,77.29542541503906,86,748032,0.0
11209,224.04051208496094,234,748032,0.0
11210,62.732879638671875,71,748032,0.0
11211,135.9736328125,145,748288,0.0
11212,228.461181640625,234,748800,0.0
11213,227.55465698242188,232,748800,0.0
11214,106.22561645507812,115,748800,0.0
11215,59.09025192260742,68,749056,0.0
11216,166.6033935546875,176,749056,0.0
11217,149.01571655273438,158,749568,0.0
11218,128.8348846435547,138,749568,0.0
11219,171.48617553710938,181,749824,0.0
11220,131.0570526123047,140,750080,0.0
11221,118.06999969482422,127,750080,0.0
11222,194.9004669189453,205,750336,0.0
11223,233.8225555419922,238,750336,0.0
11224,156.4849395751953,166,750336,0.0
11225,67.07386779785156,76,750336,0.0
11226,144.85595703125,154,750592,0.0
11227,58.85274887084961,68,750848,0.0
11228,123.674560546875,133,751360,0.0
11229,66.07418823242188,75,751360,0.0
11230,154.4146270751953,164,751360,0.0
11231,72.51751708984375,82,751872,0.0
11232,64.36897277832031,74,751872,0.0
11233,168.7532501220703,179,752128,0.0
11234,78.07327270507812,87,752640,0.0
11235,125.5540771484375,135,752896,0.0
11236,98.92958068847656,108,753152,0.0
11237,85.92440795898438,95,753152,0.0
11238,111.93230438232422,121,753152,0.0
11239,147.16661071777344,157,753408,0.0
11240,176.59646606445312,187,754176,0.0
11241,106.11003875732422,115,754432,0.0
11242,84.8402099609375,94,754944,0.0
11243,76.07532501220703,86,755200,0.0
11244,154.6225128173828,165,755200,0.0
11245,258.0525207519531,270,755456,0.0
11246,82.1774673461914,92,755712,0.0
11247,69.32035064697266,79,755712,0.0
11248,58.62586212158203,68,755712,0.0
11249,95.30128479003906,105,755968,0.0
11250,108.02075958251953,117,755968,0.0
11251,102.02391815185547,112,756224,0.0
11252,128.16102600097656,138,756480,0.0
11253,285.4303283691406,290,756480,0.0
11254,75.2187728881836,85,756480,0.0
11255,99.36738586425781,109,756480,0.0
11256,74.93125915527344,85,756736,0.0
11257,60.22931671142578,70,756992,0.0
11258,101.53067779541016,111,756992,0.0
11259,77.73909759521484,88,756992,0.0
11260,64.35599517822266,74,756992,0.0
11261,204.415771484375,216,757504,0.0
11262,67.84056091308594,78,758016,0.0
11263,69.74589538574219,80,758016,0.0
11264,172.84765625,184,758528,0.0
11265,112.57770538330078,122,758528,0.0
11266,91.22968292236328,101,758784,0.0
11267,194.71923828125,206,759040,0.0
11268,83.55049133300781,94,759296,0.0
11269,130.7990264892578,141,759296,0.0
11270,261.27203369140625,274,759552,0.0
11271,165.04466247558594,176,759552,0.0
11272,120.71646118164062,130,759552,0.0
11273,161.4501953125,172,759808,0.0
11274,60.481964111328125,70,759808,0.0
11275,81.20063018798828,91,760064,0.0
11276,277.7856750488281,291,760064,0.0
11277,65.8067398071289,76,760320,0.0
11278,104.23554229736328,114,760576,0.0
11279,359.2543640136719,373,760832,0.0
11280,153.44775390625,164,761600,0.0
11281,101.37863159179688,112,761600,0.0
11282,123.22576904296875,133,761600,0.0
11283,218.68862915039062,231,761600,0.0
11284,74.3941650390625,84,761600,0.0
11285,199.80575561523438,207,762368,0.0
11286,130.848876953125,141,762624,0.0
11287,72.4242172241211,82,762624,0.0
11288,156.8429412841797,167,762880,0.0
11289,120.4241714477539,130,762880,0.0
11290,122.32189178466797,132,762880,0.0
11291,128.50344848632812,139,763136,0.0
11292,230.71022033691406,243,763136,0.0
11293,98.8338394165039,109,763136,0.0
11294,87.19063568115234,97,763392,0.0
11295,159.73147583007812,170,763392,0.0
11296,80.20851135253906,91,763648,0.0
11297,103.0909194946289,113,763648,0.0
11298,154.3358917236328,165,764160,0.0
11299,109.59184265136719,119,764416,0.0
11300,194.7926483154297,206,764672,0.0
11301,115.69979095458984,125,764672,0.0
11302,105.88868713378906,116,764928,0.0
11303,79.21227264404297,89,765184,0.0
11304,97.62860870361328,108,765184,0.0
11305,280.9175720214844,294,765440,0.0
11306,80.01525115966797,90,765952,0.0
11307,115.63291931152344,126,766208,0.0
11308,133.46652221679688,144,766208,0.0
11309,169.8509063720703,181,766464,0.0
11310,72.68079376220703,83,766720,0.0
11311,130.50009155273438,140,766720,0.0
11312,166.62429809570312,177,766976,0.0
11313,114.15957641601562,124,767232,0.0
11314,167.9591827392578,179,767744,0.0
11315,104.85726928710938,115,768000,0.0
11316,85.86243438720703,96,768256,0.0
11317,280.2580871582031,288,768256,0.0
11318,107.63057708740234,117,768512,0.0
11319,203.25633239746094,215,768512,0.0
11320,222.75747680664062,231,768768,0.0
11321,113.89346313476562,124,768768,0.0
11322,168.10679626464844,179,769024,0.0
11323,317.70904541015625,331,769024,0.0
11324,294.2665100097656,308,769024,0.0
11325,85.77932739257812,96,769280,0.0
11326,100.98810577392578,111,769280,0.0
11327,146.73558044433594,157,769280,0.0
11328,112.6893310546875,122,769280,0.0
11329,80.75084686279297,91,769536,0.0
11330,80.3986587524414,91,769536,0.0
11331,109.4176254272461,120,769536,0.0
11332,156.30264282226562,167,769792,0.0
11333,214.0234832763672,226,769792,0.0
11334,253.44882202148438,266,770304,0.0
11335,191.9669952392578,203,770304,0.0
11336,93.9192886352539,104,770560,0.0
11337,178.79798889160156,190,771072,0.0
11338,123.39990997314453,133,771328,0.0
11339,98.12586975097656,108,771840,0.0
11340,86.04107666015625,97,772096,0.0
11341,101.5242691040039,111,772352,0.0
11342,233.3613739013672,245,772864,0.0
11343,149.95159912109375,160,773120,0.0
11344,311.59552001953125,319,773376,0.0
11345,125.65838623046875,136,773632,0.0
11346,111.10738372802734,121,773888,0.0
11347,144.2698211669922,154,774144,0.0
11348,111.49542999267578,122,774400,0.0
11349,238.4521942138672,247,774656,0.0
11350,139.22433471679688,149,774912,0.0
11351,274.51617431640625,283,775680,0.0
11352,235.26219177246094,247,775680,0.0
11353,182.2928466796875,193,775680,0.0
11354,176.68284606933594,187,775936,0.0
11355,89.61665344238281,100,775936,0.0
11356,138.38694763183594,148,775936,0.0
11357,171.79705810546875,182,776192,0.0
11358,239.75436401367188,248,776192,0.0
11359,97.18553161621094,107,776192,0.0
11360,350.0537109375,358,776192,0.0
11361,117.02767181396484,127,776192,0.0
11362,136.4569549560547,146,776192,0.0
11363,160.8346405029297,171,776448,0.0
11364,167.56163024902344,178,776448,0.0
11365,228.2547149658203,240,776448,0.0
11366,242.82740783691406,255,776448,0.0
11367,114.0457534790039,124,776704,0.0
11368,252.2969207763672,261,777216,0.0
11369,102.23703002929688,112,777472,0.0
11370,188.49508666992188,199,777728,0.0
11371,105.6415786743164,116,777984,0.0
11372,101.30219268798828,111,777984,0.0
11373,272.7473449707031,285,778240,0.0
11374,155.96450805664062,165,778240,0.0
11375,93.61173248291016,104,778496,0.0
11376,207.01072692871094,218,778496,0.0
11377,261.765380859375,274,778496,0.0
11378,202.07521057128906,213,778752,0.0
11379,140.32814025878906,150,779008,0.0
11380,92.83757019042969,103,779264,0.0
11381,113.67668151855469,124,779264,0.0
11382,189.67684936523438,198,779520,0.0
11383,79.95063781738281,90,779776,0.0
11384,110.87255859375,121,780032,0.0
11385,106.18814849853516,116,780032,0.0
11386,147.56419372558594,157,780288,0.0
11387,222.42710876464844,231,780288,0.0
11388,108.97042083740234,120,780544,0.0
11389,276.5059814453125,289,780544,0.0
11390,210.5227813720703,219,780800,0.0
11391,232.8279266357422,244,781312,0.0
11392,154.68856811523438,164,781568,0.0
11393,178.39842224121094,187,781824,0.0
11394,147.68153381347656,157,782592,0.0
11395,134.53741455078125,145,782592,0.0
11396,112.38243865966797,123,782848,0.0
11397,132.96913146972656,143,783104,0.0
11398,136.80673217773438,146,783616,0.0
11399,129.19717407226562,139,783616,0.0
11400,108.7625961303711,119,783872,0.0
11401,121.52667236328125,131,783872,0.0
11402,146.28009033203125,156,784640,0.0
11403,130.03602600097656,140,784896,0.0
11404,170.8057403564453,181,784896,0.0
11405,113.80419921875,124,784896,0.0
11406,282.077880859375,294,784896,0.0
11407,136.15338134765625,146,785152,0.0
11408,89.35717010498047,100,785408,0.0
11409,88.0728530883789,99,785408,0.0
11410,143.0747528076172,153,785664,0.0
11411,130.89395141601562,141,785664,0.0
11412,137.9785919189453,148,785920,0.0
11413,103.93199157714844,114,786176,0.0
11414,165.2482147216797,175,786432,0.0
11415,95.05841827392578,106,786432,0.0
11416,219.62677001953125,230,786688,0.0
11417,156.29296875,166,786944,0.0
11418,106.45999145507812,117,786944,0.0
11419,150.96368408203125,160,787200,0.0
11420,109.9684829711914,120,787200,0.0
11421,378.108154296875,389,788224,0.0
11422,117.86196899414062,128,788480,0.0
11423,133.322021484375,143,788736,0.0
11424,439.4906005859375,450,788736,0.0
11425,125.685302734375,136,788992,0.0
11426,193.3295440673828,203,788992,0.0
11427,90.569580078125,101,788992,0.0
11428,168.30506896972656,178,788992,0.0
11429,266.87457275390625,278,789504,0.0
11430,178.05874633789062,187,790016,0.0
11431,135.0806884765625,145,790272,0.0
11432,173.34246826171875,183,790272,0.0
11433,143.31094360351562,153,790528,0.0
11434,248.77870178222656,258,791296,0.0
11435,132.5276336669922,142,791552,0.0
11436,176.56063842773438,186,791808,0.0
11437,153.25009155273438,163,791808,0.0
11438,120.99256896972656,131,793088,0.0
11439,229.90084838867188,240,793088,0.0
11440,108.24214172363281,119,793600,0.0
11441,122.24311828613281,132,793600,0.0
11442,341.0323181152344,352,794112,0.0
11443,171.5379638671875,181,795136,0.0
11444,124.94474792480469,135,795392,0.0
11445,143.65151977539062,154,795648,0.0
11446,262.6959533691406,272,795904,0.0
11447,143.23126220703125,154,795904,0.0
11448,110.95124816894531,122,796416,0.0
11449,219.97657775878906,230,797184,0.0
11450,242.89649963378906,253,797184,0.0
11451,128.20448303222656,138,797696,0.0
11452,357.43475341796875,366,797952,0.0
11453,242.11843872070312,251,798464,0.0
11454,134.6627655029297,145,798720,0.0
11455,301.0428466796875,312,798720,0.0
11456,211.32620239257812,221,798976,0.0
11457,217.26937866210938,227,798976,0.0
11458,209.5299835205078,219,799232,0.0
11459,136.37327575683594,146,800256,0.0
11460,222.79827880859375,232,801024,0.0
11461,200.0439910888672,210,801280,0.0
11462,246.800537109375,256,801280,0.0
11463,146.24313354492188,156,801536,0.0
11464,263.1730041503906,272,802048,0.0
11465,206.43870544433594,216,802304,0.0
11466,120.5614242553711,131,802816,0.0
11467,145.86288452148438,156,802816,0.0
11468,95.20660400390625,106,803328,0.0
11469,214.14955139160156,224,804608,0.0
11470,107.92768096923828,119,804864,0.0
11471,329.39788818359375,335,805888,0.0
11472,312.7496337890625,323,805888,0.0
11473,234.28952026367188,243,806144,0.0
11474,284.0904846191406,294,806144,0.0
11475,143.61453247070312,153,806144,0.0
11476,243.48385620117188,253,806656,0.0
11477,242.04067993164062,252,806656,0.0
11478,102.84223175048828,114,806912,0.0
11479,102.64066314697266,114,807424,0.0
11480,313.02166748046875,323,807680,0.0
11481,138.519775390625,149,807680,0.0
11482,100.31021118164062,111,807936,0.0
11483,126.84154510498047,137,808192,0.0
11484,195.27587890625,205,808192,0.0
11485,329.6101989746094,340,808448,0.0
11486,186.426025390625,196,808704,0.0
11487,339.7430419921875,350,808960,0.0
11488,201.219482421875,209,808960,0.0
11489,124.28448486328125,135,809216,0.0
11490,191.5532989501953,201,809472,0.0
11491,135.66839599609375,146,809472,0.0
11492,177.56607055664062,187,809472,0.0
11493,237.44802856445312,247,809728,0.0
11494,242.79539489746094,248,809728,0.0
11495,169.86550903320312,180,809728,0.0
11496,208.18344116210938,216,809728,0.0
11497,192.81982421875,202,810240,0.0
11498,216.89407348632812,225,810240,0.0
11499,414.3604431152344,425,810496,0.0
11500,167.28042602539062,177,811264,0.0
11501,155.63247680664062,165,811264,0.0
11502,149.92591857910156,160,811264,0.0
11503,215.5428924560547,221,811520,0.0
11504,116.62934112548828,127,811776,0.0
11505,204.62193298339844,214,811776,0.0
11506,232.34950256347656,242,812288,0.0
11507,115.76957702636719,126,812544,0.0
11508,172.67098999023438,182,812800,0.0
11509,212.8442840576172,222,813312,0.0
11510,145.1981658935547,155,813312,0.0
11511,134.2017364501953,144,813312,0.0
11512,174.5828857421875,184,813312,0.0
11513,135.87925720214844,146,813312,0.0
11514,235.6679229736328,245,813568,0.0
11515,87.9040756225586,99,813568,0.0
11516,218.74273681640625,228,813568,0.0
11517,153.33349609375,163,814080,0.0
11518,129.71011352539062,140,814336,0.0
11519,213.6392059326172,223,814592,0.0
11520,105.5179443359375,116,814592,0.0
11521,451.0057678222656,462,814848,0.0
11522,204.83514404296875,214,814848,0.0
11523,141.64378356933594,152,814848,0.0
11524,169.5262451171875,179,814848,0.0
11525,106.59916687011719,118,815104,0.0
11526,195.96298217773438,205,815104,0.0
11527,180.49249267578125,190,815360,0.0
11528,100.90686798095703,112,815616,0.0
11529,94.03268432617188,105,815616,0.0
11530,470.8103332519531,482,815616,0.0
11531,269.8501281738281,279,815872,0.0
11532,326.17919921875,336,816128,0.0
11533,177.16351318359375,187,816128,0.0
11534,203.92892456054688,213,816128,0.0
11535,164.080810546875,174,816384,0.0
11536,146.04190063476562,156,816384,0.0
11537,243.06715393066406,249,816896,0.0
11538,385.704833984375,396,816896,0.0
11539,142.40829467773438,152,816896,0.0
11540,183.14373779296875,193,817152,0.0
11541,84.48971557617188,95,817408,0.0
11542,96.46559143066406,107,817664,0.0
11543,122.14845275878906,132,817664,0.0
11544,262.6773376464844,272,817664,0.0
11545,155.82261657714844,165,817920,0.0
11546,222.4816131591797,232,818176,0.0
11547,296.3485412597656,306,818432,0.0
11548,157.89041137695312,168,818688,0.0
11549,371.9738464355469,382,818688,0.0
11550,236.392333984375,246,818688,0.0
11551,155.47207641601562,165,818688,0.0
11552,106.02379608154297,117,818688,0.0
11553,202.4427490234375,212,818944,0.0
11554,260.1551513671875,270,819200,0.0
11555,142.5063934326172,153,819200,0.0
11556,142.80088806152344,153,819456,0.0
11557,102.909423828125,114,819456,0.0
11558,169.8021697998047,179,819712,0.0
11559,210.09275817871094,220,820480,0.0
11560,240.1102294921875,250,820480,0.0
11561,261.41986083984375,271,820736,0.0
11562,102.84347534179688,113,820736,0.0
11563,77.3006591796875,88,820992,0.0
11564,315.0755310058594,325,821248,0.0
11565,115.91581726074219,126,821248,0.0
11566,110.23409271240234,120,821248,0.0
11567,340.3011169433594,350,821504,0.0
11568,155.08084106445312,165,821504,0.0
11569,196.95257568359375,207,821760,0.0
11570,134.82073974609375,145,822016,0.0
11571,235.01669311523438,245,822016,0.0
11572,152.90940856933594,163,822272,0.0
11573,253.349853515625,260,822528,0.0
11574,366.7961730957031,377,822528,0.0
11575,235.607177734375,246,822528,0.0
11576,214.13467407226562,224,822784,0.0
11577,203.006591796875,213,822784,0.0
11578,197.8695831298828,208,822784,0.0
11579,132.23431396484375,142,822784,0.0
11580,138.2556610107422,149,823296,0.0
11581,385.85052490234375,396,823552,0.0
11582,137.07371520996094,147,823808,0.0
11583,106.66692352294922,117,824064,0.0
11584,94.46709442138672,105,824064,0.0
11585,313.3910827636719,323,824320,0.0
11586,168.7806854248047,179,824320,0.0
11587,204.63230895996094,215,824832,0.0
11588,150.5699920654297,161,824832,0.0
11589,321.79827880859375,332,825088,0.0
11590,242.73501586914062,253,825088,0.0
11591,107.38065338134766,118,825344,0.0
11592,140.96632385253906,152,825344,0.0
11593,173.72959899902344,184,825344,0.0
11594,139.76708984375,150,825344,0.0
11595,184.69076538085938,195,825600,0.0
11596,205.36572265625,216,825856,0.0
11597,142.30624389648438,153,825856,0.0
11598,177.50022888183594,188,826112,0.0
11599,235.62486267089844,246,826112,0.0
11600,232.0565948486328,240,826368,0.0
11601,231.51107788085938,242,826368,0.0
11602,157.23162841796875,167,826368,0.0
11603,106.17341613769531,117,827136,0.0
11604,193.24937438964844,204,827136,0.0
11605,171.9991912841797,182,827392,0.0
11606,251.43199157714844,262,827648,0.0
11607,92.44486999511719,104,827904,0.0
11608,380.8405456542969,391,827904,0.0
11609,149.28494262695312,159,827904,0.0
11610,115.70819854736328,127,828160,0.0
11611,219.1840362548828,230,828160,0.0
11612,329.728271484375,340,828160,0.0
11613,366.5234069824219,377,828672,0.0
11614,179.91236877441406,191,828928,0.0
11615,182.2987060546875,193,829184,0.0
11616,108.84767150878906,120,829440,0.0
11617,130.22125244140625,141,829696,0.0
11618,118.99720001220703,130,829696,0.0
11619,178.8944091796875,190,829952,0.0
11620,191.7402801513672,202,830208,0.0
11621,350.3368835449219,361,830464,0.0
11622,174.48471069335938,185,830464,0.0
11623,165.94586181640625,176,830976,0.0
11624,528.9510498046875,540,830976,0.0
11625,87.4390869140625,98,831232,0.0
11626,171.8040313720703,183,831488,0.0
11627,204.48507690429688,215,831744,0.0
11628,285.7281188964844,297,832000,0.0
11629,250.29312133789062,262,832256,0.0
11630,220.61688232421875,232,832256,0.0
11631,143.82493591308594,154,832512,0.0
11632,278.2284851074219,290,833280,0.0
11633,176.06028747558594,187,833536,0.0
11634,177.68833923339844,188,833536,0.0
11635,139.04844665527344,150,833792,0.0
11636,248.35409545898438,260,834560,0.0
11637,359.0536193847656,365,834816,0.0
11638,99.68128204345703,110,834816,0.0
11639,193.6961212158203,205,835328,0.0
11640,220.5036163330078,232,835584,0.0
11641,252.71241760253906,264,836864,0.0
11642,550.3434448242188,561,837120,0.0
11643,96.82129669189453,108,837120,0.0
11644,227.4612579345703,239,837120,0.0
11645,105.10188293457031,116,837376,0.0
11646,239.34127807617188,251,837632,0.0
11647,280.84637451171875,292,837632,0.0
11648,257.5933532714844,269,838656,0.0
11649,179.8389129638672,190,838656,0.0
11650,150.83749389648438,161,838912,0.0
11651,107.7759780883789,119,839680,0.0
11652,258.42449951171875,270,840448,0.0
11653,210.53334045410156,221,840448,0.0
11654,146.43601989746094,157,840448,0.0
11655,216.19644165039062,227,840704,0.0
11656,224.83775329589844,236,840960,0.0
11657,272.9981689453125,284,841472,0.0
11658,244.0812225341797,255,841472,0.0
11659,222.1589813232422,233,842240,0.0
11660,239.4063262939453,251,843264,0.0
11661,208.6375732421875,219,843264,0.0
11662,252.0982208251953,263,843520,0.0
11663,306.3102722167969,317,843776,0.0
11664,309.4806823730469,320,845312,0.0
11665,109.2013931274414,120,845568,0.0
11666,300.2425537109375,310,845824,0.0
11667,135.044921875,146,846848,0.0
11668,265.69427490234375,277,847104,0.0
11669,322.9539489746094,334,847104,0.0
11670,137.6738739013672,147,847104,0.0
11671,201.73193359375,212,847872,0.0
11672,291.2047424316406,303,847872,0.0
11673,140.18040466308594,151,848384,0.0
11674,217.23904418945312,227,849664,0.0
11675,239.58258056640625,251,849664,0.0
11676,188.9915771484375,199,849920,0.0
11677,191.22348022460938,201,850176,0.0
11678,193.71478271484375,203,851200,0.0
11679,440.36053466796875,451,851200,0.0
11680,139.1897430419922,149,851456,0.0
11681,130.4504852294922,141,851712,0.0
11682,235.884765625,246,851968,0.0
11683,321.3185729980469,332,852224,0.0
11684,152.41001892089844,163,852992,0.0
11685,193.88925170898438,203,852992,0.0
11686,165.86830139160156,175,853504,0.0
11687,417.1683349609375,427,854272,0.0
11688,191.32623291015625,201,854272,0.0
11689,454.81243896484375,465,854528,0.0
11690,147.16937255859375,158,855296,0.0
11691,436.1762390136719,446,855296,0.0
11692,319.1153564453125,330,855552,0.0
11693,176.46160888671875,187,857600,0.0
11694,178.15069580078125,188,857856,0.0
11695,199.57177734375,209,861696,0.0
11696,217.22396850585938,223,862976,0.0
11697,186.02801513671875,194,863232,0.0
11698,188.23033142089844,195,863232,0.0
11699,198.71218872070312,205,864256,0.0
11700,330.85992431640625,340,864256,0.0
11701,179.94908142089844,188,864256,0.0
11702,172.71066284179688,181,864512,0.0
11703,230.91769409179688,239,871680,0.0
11704,402.5028991699219,413,875008,0.0
11705,335.4819641113281,345,877824,0.0
11706,305.1083679199219,314,886528,0.0
11707,437.8578186035156,447,891904,0.0
11708,355.08056640625,365,892416,0.0
11709,315.40692138671875,325,896512,0.0
11710,332.6791076660156,343,899072,0.0
11711,501.5624084472656,512,900096,0.0
11712,336.653564453125,348,900864,0.0
11713,572.06982421875,587,900864,0.0
11714,378.5670166015625,388,902144,0.0
11715,320.15191650390625,329,902144,0.0
11716,366.6054382324219,375,902656,0.0
11717,331.2266845703125,340,903168,0.0
11718,328.3438415527344,339,903936,0.0
11719,326.48834228515625,335,906240,0.0
11720,349.2879943847656,360,906752,0.0
11721,324.6017761230469,334,908032,0.0
11722,531.3212280273438,541,908032,0.0
11723,504.8091735839844,520,911872,0.0
11724,636.0960693359375,651,913408,0.0
11725,364.34942626953125,372,913920,0.0
11726,494.0708923339844,506,915200,0.0
11727,386.4023742675781,395,916992,0.0
11728,428.238037109375,435,917504,0.0
11729,345.8733825683594,354,918784,0.0
11730,515.0377807617188,530,920576,0.0
11731,558.7116088867188,572,922880,0.0
11732,426.46661376953125,435,925696,0.0
11733,708.7172241210938,724,931840,0.0
11734,746.3667602539062,755,933632,0.0
11735,446.877197265625,455,938496,0.0
11736,452.7645263671875,461,939520,0.0
11737,820.8352661132812,829,940288,0.0
11738,490.1661682128906,498,940800,0.0
11739,539.1268920898438,548,942336,0.0
11740,451.73577880859375,460,943104,0.0
11741,513.4629516601562,522,944896,0.0
11742,462.752197265625,472,945920,0.0
11743,526.6717529296875,534,946432,0.0
11744,508.9150390625,516,946944,0.0
11745,581.7276611328125,591,947200,0.0
11746,484.1056823730469,492,947200,0.0
11747,565.6339721679688,575,948480,0.0
11748,485.4067077636719,496,948992,0.0
11749,460.15960693359375,467,950016,0.0
11750,608.230712890625,615,966400,0.0
11751,805.6661376953125,818,972800,0.0
11752,626.39892578125,634,974848,0.0
11753,869.415283203125,880,982272,0.0
11754,654.405517578125,665,987136,0.0
11755,698.8308715820312,709,988416,0.0
11756,709.597900390625,720,988928,0.0
11757,994.4721069335938,1000,989440,0.0
11758,673.8132934570312,682,989440,0.0
11759,647.3604736328125,658,990208,0.0
11760,650.22607421875,662,990464,0.0
11761,660.592529296875,670,990720,0.0
11762,687.472412109375,695,992000,0.0
11763,688.42626953125,698,992256,0.0
11764,827.032470703125,845,992512,0.0
11765,648.4447021484375,657,994304,0.0
11766,788.7754516601562,803,994560,0.0
11767,640.4033813476562,650,995072,0.0
11768,786.54931640625,800,996096,0.0
11769,647.2432250976562,659,999680,0.0
11770,817.8529052734375,834,1001984,0.0
11771,704.9622192382812,716,1001984,0.0
11772,709.880126953125,721,1002240,0.0
11773,667.9285278320312,682,1002496,0.0
11774,909.0607299804688,930,1002752,0.0
11775,990.239013671875,1000,1003008,0.0
11776,655.5161743164062,667,1003008,0.0
11777,705.73779296875,717,1003264,0.0
11778,626.4006958007812,637,1003520,0.0
11779,682.8128662109375,693,1003520,0.0
11780,684.17822265625,695,1004288,0.0
11781,725.51416015625,737,1007360,0.0
11782,985.84765625,1000,1007872,0.0
11783,838.9899291992188,857,1008384,0.0
11784,673.9878540039062,687,1008384,0.0
11785,874.1015014648438,897,1011456,0.0
11786,842.6026611328125,862,1012480,0.0
11787,744.237548828125,760,1013248,0.0
11788,730.0997314453125,746,1013504,0.0
11789,989.3153686523438,1000,1014016,0.0
11790,725.1812133789062,742,1014016,0.0
11791,684.0112915039062,701,1014784,0.0
11792,708.2998657226562,726,1014784,0.0
11793,987.25146484375,1000,1015552,0.0
11794,729.2769165039062,745,1016064,0.0
11795,639.137939453125,655,1016064,0.0
11796,844.7131958007812,864,1017088,0.0
11797,772.9906005859375,792,1017344,0.0
11798,783.1679077148438,802,1017600,0.0
11799,759.0493774414062,775,1017856,0.0
11800,787.3551025390625,805,1019392,0.0
11801,771.0935668945312,789,1019648,0.0
11802,991.8798217773438,1000,1019648,0.0
11803,742.3515014648438,763,1020160,0.0
11804,986.4954833984375,1000,1022720,0.0
11805,781.697509765625,800,1023232,0.0
11806,784.3944702148438,800,1024256,0.0
11807,989.2557983398438,1000,1024512,0.0
11808,989.1560668945312,1000,1024512,0.0
11809,731.6112060546875,748,1025024,0.0
11810,706.25927734375,722,1025280,0.0
11811,856.7814331054688,874,1025280,0.0
11812,612.4595947265625,629,1025280,0.0
11813,758.4494018554688,774,1026304,0.0
11814,780.7879638671875,796,1026304,0.0
11815,673.864990234375,689,1026560,0.0
11816,705.265625,720,1027584,0.0
11817,691.2246704101562,706,1027840,0.0
11818,737.7012939453125,755,1028096,0.0
11819,991.0806884765625,1000,1030144,0.0
11820,859.869384765625,876,1032448,0.0
11821,683.926025390625,698,1032960,0.0
11822,870.7797241210938,886,1034752,0.0
11823,743.767822265625,758,1036288,0.0
11824,991.8231201171875,1000,1037568,0.0
11825,751.133544921875,765,1039104,0.0
11826,797.3856201171875,812,1039616,0.0
11827,689.5210571289062,703,1043200,0.0
11828,860.9365234375,876,1049088,0.0
11829,996.7665405273438,1000,1053952,0.0
11830,914.5996704101562,926,1057792,0.0
11831,988.59716796875,1000,1058304,0.0
11832,989.1455688476562,1000,1059328,0.0
11833,997.005126953125,1000,1060864,0.0
11834,997.6817016601562,1000,1061888,0.0
11835,998.6117553710938,1000,1063424,0.0
11836,998.2722778320312,1000,1063680,0.0
11837,989.4982299804688,1000,1064448,0.0
11838,995.75341796875,1000,1064960,0.0
11839,983.050048828125,1000,1066240,0.0
11840,983.2178344726562,1000,1066240,0.0
11841,996.8533325195312,1000,1067520,0.0
11842,997.8973388671875,1000,1068800,0.0
11843,994.4183349609375,1000,1069568,0.0
11844,998.7337036132812,1000,1071104,0.0
11845,985.1957397460938,1000,1071104,0.0
11846,998.5179443359375,1000,1071360,0.0
11847,993.518798828125,1000,1071616,0.0
11848,993.8411254882812,1000,1071616,0.0
11849,984.70263671875,1000,1072128,0.0
11850,992.363037109375,1000,1072384,0.0
11851,998.7387084960938,1000,1072384,0.0
11852,985.2658081054688,1000,1072896,0.0
11853,985.6846313476562,1000,1072896,0.0
11854,986.3171997070312,1000,1073408,0.0
11855,990.7391357421875,1000,1073664,0.0
11856,992.5709838867188,1000,1074688,0.0
11857,991.737548828125,1000,1074944,0.0
11858,981.987548828125,1000,1075200,0.0
11859,991.7199096679688,1000,1076480,0.0
11860,979.0074462890625,1000,1076736,0.0
11861,998.1974487304688,1000,1077248,0.0
11862,991.9354858398438,1000,1077248,0.0
11863,997.8077392578125,1000,1077504,0.0
11864,996.9032592773438,1000,1078272,0.0
11865,988.7730712890625,1000,1078784,0.0
11866,988.5205078125,1000,1078784,0.0
11867,996.1370849609375,1000,1078784,0.0
11868,989.4096069335938,1000,1078784,0.0
11869,993.6340942382812,1000,1079296,0.0
11870,992.4384155273438,1000,1079552,0.0
11871,994.7321166992188,1000,1079808,0.0
11872,997.01806640625,1000,1080064,0.0
11873,991.3263549804688,1000,1080320,0.0
11874,998.8911743164062,1000,1080320,0.0
11875,998.8709716796875,1000,1081088,0.0
11876,995.3588256835938,1000,1081344,0.0
11877,984.6980590820312,1000,1081344,0.0
11878,989.4854125976562,1000,1081600,0.0
11879,998.4647216796875,1000,1081856,0.0
11880,997.2981567382812,1000,1081856,0.0
11881,996.289794921875,1000,1082368,0.0
11882,997.162841796875,1000,1082368,0.0
11883,995.1280517578125,1000,1083136,0.0
11884,997.7030029296875,1000,1083136,0.0
11885,997.5538330078125,1000,1083392,0.0
11886,992.3395385742188,1000,1083648,0.0
11887,990.313720703125,1000,1083904,0.0
11888,989.4180297851562,1000,1083904,0.0
11889,988.2162475585938,1000,1084160,0.0
11890,996.1455078125,1000,1085184,0.0
11891,992.6864013671875,1000,1085440,0.0
11892,990.0438232421875,1000,1085696,0.0
11893,997.159912109375,1000,1085696,0.0
11894,989.6144409179688,1000,1085952,0.0
11895,985.1539916992188,1000,1086208,0.0
11896,998.4389038085938,1000,1086464,0.0
11897,998.53564453125,1000,1086976,0.0
11898,997.800048828125,1000,1087232,0.0
11899,997.0407104492188,1000,1087488,0.0
11900,990.17236328125,1000,1088000,0.0
11901,992.3696899414062,1000,1088256,0.0
11902,997.0216674804688,1000,1089280,0.0
11903,992.43603515625,1000,1089536,0.0
11904,998.666015625,1000,1089792,0.0
11905,997.2052001953125,1000,1090560,0.0
11906,998.5016479492188,1000,1090816,0.0
11907,980.2113647460938,1000,1091584,0.0
11908,997.058349609375,1000,1092864,0.0
11909,996.2566528320312,1000,1093120,0.0
11910,996.411376953125,1000,1093120,0.0
11911,987.3355712890625,1000,1093120,0.0
11912,992.8412475585938,1000,1093376,0.0
11913,997.1746826171875,1000,1093632,0.0
11914,996.4954223632812,1000,1093632,0.0
11915,997.8091430664062,1000,1094656,0.0
11916,996.8446044921875,1000,1094656,0.0
11917,996.2506713867188,1000,1094912,0.0
11918,993.14501953125,1000,1095680,0.0
11919,986.8364868164062,1000,1096448,0.0
11920,997.9185180664062,1000,1096704,0.0
11921,998.3101806640625,1000,1096960,0.0
11922,996.181884765625,1000,1097472,0.0
11923,997.0418701171875,1000,1097472,0.0
11924,997.9241333007812,1000,1099520,0.0
11925,987.5881958007812,1000,1099776,0.0
11926,992.4888916015625,1000,1101312,0.0
11927,991.2843017578125,1000,1101568,0.0
11928,995.3704833984375,1000,1101824,0.0
11929,997.833251953125,1000,1102848,0.0
11930,996.6253051757812,1000,1103104,0.0
11931,994.2767333984375,1000,1103104,0.0
11932,996.677978515625,1000,1103872,0.0
11933,992.8358154296875,1000,1103872,0.0
11934,985.5516967773438,1000,1105664,0.0
11935,996.033203125,1000,1105664,0.0
11936,997.5416870117188,1000,1105920,0.0
11937,998.607421875,1000,1107200,0.0
11938,998.7838745117188,1000,1107200,0.0
11939,998.7115478515625,1000,1107456,0.0
11940,993.82373046875,1000,1107712,0.0
11941,995.7543334960938,1000,1107968,0.0
11942,997.2875366210938,1000,1108224,0.0
11943,994.0631713867188,1000,1108992,0.0
11944,991.7671508789062,1000,1108992,0.0
11945,997.8618774414062,1000,1109504,0.0
11946,991.161865234375,1000,1110272,0.0
11947,993.7382202148438,1000,1110528,0.0
11948,998.7273559570312,1000,1111296,0.0
11949,993.4686279296875,1000,1111296,0.0
11950,983.2772827148438,1000,1111552,0.0
11951,990.8323974609375,1000,1113600,0.0
11952,997.6104736328125,1000,1113856,0.0
11953,994.87646484375,1000,1117696,0.0
11954,984.4796142578125,1000,1118976,0.0
11955,991.70947265625,1000,1119232,0.0
11956,986.3613891601562,1000,1120256,0.0
11957,998.0537109375,1000,1120256,0.0
11958,984.3069458007812,1000,1120512,0.0
11959,997.2351684570312,1000,1127680,0.0
11960,994.4732666015625,1000,1131008,0.0
11961,998.2289428710938,1000,1133824,0.0
11962,980.7528686523438,1000,1142528,0.0
11963,995.9426879882812,1000,1147904,0.0
11964,997.710205078125,1000,1148416,0.0
11965,990.638671875,1000,1152512,0.0
11966,996.8948364257812,1000,1155072,0.0
11967,996.4075927734375,1000,1156096,0.0
11968,987.9480590820312,1000,1156864,0.0
11969,995.30908203125,1000,1156864,0.0
11970,995.6077880859375,1000,1158144,0.0
11971,989.3709716796875,1000,1158144,0.0
11972,997.1277465820312,1000,1158656,0.0
11973,995.1071166992188,1000,1159168,0.0
11974,997.6528930664062,1000,1159936,0.0
11975,997.2385864257812,1000,1162240,0.0
11976,995.8287353515625,1000,1162752,0.0
11977,994.3945922851562,1000,1164032,0.0
11978,998.2086181640625,1000,1164032,0.0
11979,997.8920288085938,1000,1167872,0.0
11980,998.2359008789062,1000,1169408,0.0
11981,994.2879028320312,1000,1169920,0.0
11982,998.97607421875,1000,1171200,0.0
11983,998.8992309570312,1000,1172992,0.0
11984,997.8618774414062,1000,1173504,0.0
11985,994.6791381835938,1000,1174784,0.0
11986,998.3446044921875,1000,1176576,0.0
11987,992.6262817382812,1000,1178880,0.0
11988,992.276611328125,1000,1181696,0.0
11989,999.1605834960938,1000,1187840,0.0
11990,999.4549560546875,1000,1189632,0.0
11991,998.5064697265625,1000,1194496,0.0
11992,998.3374633789062,1000,1195520,0.0
11993,997.1798706054688,1000,1196288,0.0
11994,996.2919311523438,1000,1196800,0.0
11995,985.9631958007812,1000,1198336,0.0
11996,998.5836181640625,1000,1199104,0.0
11997,998.0121459960938,1000,1200896,0.0
11998,997.3380737304688,1000,1201920,0.0
11999,989.9893798828125,1000,1202432,0.0
12000,998.96875,1000,1202944,0.0
12001,998.3440551757812,1000,1203200,0.0
12002,992.1163330078125,1000,1203200,0.0
12003,998.49169921875,1000,1204480,0.0
12004,985.5330810546875,1000,1204992,0.0
12005,998.7586059570312,1000,1206016,0.0
12006,988.6378173828125,1000,1222400,0.0
12007,983.5572509765625,1000,1228800,0.0
12008,997.5260009765625,1000,1230848,0.0
12009,999.15380859375,1000,1238272,0.0
12010,998.0354614257812,1000,1243136,0.0
12011,997.8696899414062,1000,1244416,0.0
12012,996.2559204101562,1000,1244928,0.0
12013,995.6637573242188,1000,1245440,0.0
12014,998.8153076171875,1000,1245440,0.0
12015,994.7176513671875,1000,1246208,0.0
12016,996.3960571289062,1000,1246464,0.0
12017,996.63427734375,1000,1246720,0.0
12018,996.892333984375,1000,1248000,0.0
12019,998.2738037109375,1000,1248256,0.0
12020,996.4651489257812,1000,1248512,0.0
12021,998.6055297851562,1000,1250304,0.0
12022,997.673095703125,1000,1250560,0.0
12023,996.9905395507812,1000,1251072,0.0
12024,996.0930786132812,1000,1252096,0.0
12025,998.973388671875,1000,1255680,0.0
12026,996.8818969726562,1000,1257984,0.0
12027,999.3553466796875,1000,1257984,0.0
12028,997.6693115234375,1000,1258240,0.0
12029,998.9105224609375,1000,1258496,0.0
12030,998.7592163085938,1000,1258752,0.0
12031,994.420166015625,1000,1259008,0.0
12032,998.8485717773438,1000,1259008,0.0
12033,998.3762817382812,1000,1259264,0.0
12034,999.2990112304688,1000,1259520,0.0
12035,997.4160766601562,1000,1259520,0.0
12036,996.9012451171875,1000,1260288,0.0
12037,981.3077392578125,990,1261312,0.0
12038,948.8310546875,957,1262080,0.0
12039,998.4349975585938,1000,1263360,0.0
12040,997.6192626953125,1000,1264384,0.0
12041,998.1570434570312,1000,1264384,0.0
12042,712.1943359375,718,1265664,0.0
12043,999.2351684570312,1000,1267456,0.0
12044,998.8435668945312,1000,1268480,0.0
12045,641.6668701171875,647,1268736,0.0
12046,998.2703247070312,1000,1269248,0.0
12047,998.7864379882812,1000,1269504,0.0
12048,996.9711303710938,1000,1270016,0.0
12049,998.75830078125,1000,1270016,0.0
12050,732.4486083984375,737,1270016,0.0
12051,989.2245483398438,997,1270016,0.0
12052,972.0103759765625,978,1270528,0.0
12053,998.9299926757812,1000,1270784,0.0
12054,997.6273803710938,1000,1271552,0.0
12055,998.9263916015625,1000,1272064,0.0
12056,999.4071655273438,1000,1272064,0.0
12057,697.808837890625,702,1272832,0.0
12058,737.5374145507812,742,1273088,0.0
12059,998.4170532226562,1000,1273344,0.0
12060,999.3296508789062,1000,1273600,0.0
12061,997.4205322265625,1000,1273856,0.0
12062,730.1021118164062,735,1274112,0.0
12063,962.1331176757812,967,1275136,0.0
12064,999.3534545898438,1000,1275392,0.0
12065,969.51416015625,977,1275392,0.0
12066,997.886474609375,1000,1275648,0.0
12067,997.6483764648438,1000,1275648,0.0
12068,701.8142700195312,706,1275648,0.0
12069,686.23486328125,691,1276672,0.0
12070,778.1483154296875,783,1277696,0.0
12071,727.550537109375,732,1278208,0.0
12072,774.918212890625,779,1278208,0.0
12073,755.659423828125,761,1278464,0.0
12074,999.3405151367188,1000,1278720,0.0
12075,998.9644775390625,1000,1279232,0.0
12076,773.2418212890625,778,1279488,0.0
12077,980.8173217773438,986,1280256,0.0
12078,997.21484375,1000,1280256,0.0
12079,997.4384155273438,1000,1280512,0.0
12080,998.4511108398438,1000,1280512,0.0
12081,712.4556884765625,717,1281024,0.0
12082,999.257568359375,1000,1281024,0.0
12083,998.4043579101562,1000,1281280,0.0
12084,997.2864379882812,1000,1281280,0.0
12085,773.3858642578125,779,1281792,0.0
12086,854.650390625,860,1282048,0.0
12087,998.4303588867188,1000,1282304,0.0
12088,998.9041137695312,1000,1282304,0.0
12089,999.3762817382812,1000,1282560,0.0
12090,681.41650390625,686,1282816,0.0
12091,819.1701049804688,824,1283328,0.0
12092,792.51953125,797,1283328,0.0
12093,997.9420166015625,1000,1284096,0.0
12094,705.1123046875,709,1285376,0.0
12095,760.5139770507812,765,1285376,0.0
12096,997.188720703125,1000,1286144,0.0
12097,924.7681274414062,931,1287424,0.0
12098,843.0696411132812,848,1288192,0.0
12099,862.1467895507812,867,1288192,0.0
12100,997.9447631835938,1000,1288448,0.0
12101,998.201904296875,1000,1288960,0.0
12102,999.2950439453125,1000,1290752,0.0
12103,998.4478149414062,1000,1292288,0.0
12104,854.7965698242188,859,1292800,0.0
12105,999.1961669921875,1000,1293568,0.0
12106,747.9603271484375,753,1294592,0.0
12107,998.6683349609375,1000,1295104,0.0
12108,856.7523193359375,862,1295360,0.0
12109,998.5655517578125,1000,1295616,0.0
12110,989.2484130859375,994,1297664,0.0
12111,830.753662109375,835,1298944,0.0
12112,817.0499877929688,821,1299456,0.0
12113,862.7755737304688,867,1300224,0.0
12114,927.729736328125,932,1303040,0.0
12115,860.309326171875,865,1303296,0.0
12116,866.5343017578125,872,1304320,0.0
12117,874.5458374023438,879,1305344,0.0
12118,875.3917236328125,880,1306624,0.0
12119,770.6661376953125,775,1307392,0.0
12120,873.8751220703125,879,1308928,0.0
12121,836.4761962890625,841,1308928,0.0
12122,998.0390014648438,1000,1309952,0.0
12123,894.61279296875,899,1310208,0.0
12124,795.692138671875,800,1310464,0.0
12125,927.6982421875,932,1310720,0.0
12126,872.8287353515625,877,1310976,0.0
12127,971.6028442382812,977,1310976,0.0
12128,918.61328125,923,1311232,0.0
12129,576.83251953125,581,1311488,0.0
12130,901.69482421875,906,1311488,0.0
12131,925.7072143554688,930,1311744,0.0
12132,838.3795166015625,843,1312256,0.0
12133,846.3505859375,851,1312512,0.0
12134,932.5257568359375,937,1312768,0.0
12135,840.5518798828125,845,1313280,0.0
12136,662.9784545898438,667,1313280,0.0
12137,857.3720092773438,862,1313536,0.0
12138,997.3991088867188,1000,1313792,0.0
12139,919.36376953125,924,1314048,0.0
12140,997.72705078125,1000,1314304,0.0
12141,965.5955200195312,970,1314560,0.0
12142,847.5519409179688,852,1314816,0.0
12143,889.7575073242188,894,1315072,0.0
12144,932.371337890625,937,1315072,0.0
12145,761.2337646484375,766,1315328,0.0
12146,997.53564453125,1000,1315328,0.0
12147,903.5925903320312,908,1315584,0.0
12148,810.5877685546875,815,1315840,0.0
12149,928.45751953125,933,1316096,0.0
12150,887.7695922851562,892,1316608,0.0
12151,892.588134765625,897,1317632,0.0
12152,915.6715698242188,920,1317888,0.0
12153,874.815673828125,879,1318144,0.0
12154,577.1845092773438,582,1318912,0.0
12155,958.4737548828125,963,1318912,0.0
12156,872.5272216796875,877,1319168,0.0
12157,970.3529663085938,975,1319168,0.0
12158,998.2457275390625,1000,1319424,0.0
12159,999.0297241210938,1000,1319680,0.0
12160,624.6282958984375,629,1319680,0.0
12161,830.0868530273438,835,1319680,0.0
12162,772.3035888671875,779,1319936,0.0
12163,856.9845581054688,861,1319936,0.0
12164,918.8815307617188,923,1320448,0.0
12165,979.7625122070312,984,1320704,0.0
12166,883.6763305664062,888,1320960,0.0
12167,998.8464965820312,1000,1320960,0.0
12168,893.88818359375,898,1321472,0.0
12169,933.8247680664062,938,1321728,0.0
12170,988.2432861328125,993,1321728,0.0
12171,898.9742431640625,904,1321984,0.0
12172,945.6470336914062,951,1322240,0.0
12173,835.0171508789062,839,1322496,0.0
12174,980.7280883789062,985,1323776,0.0
12175,935.5653686523438,940,1324544,0.0
12176,864.8997802734375,870,1325824,0.0
12177,833.827880859375,838,1325824,0.0
12178,927.97412109375,933,1325824,0.0
12179,956.7012329101562,962,1326080,0.0
12180,999.0567626953125,1000,1327104,0.0
12181,664.2569580078125,668,1327104,0.0
12182,655.9180297851562,660,1327104,0.0
12183,998.6819458007812,1000,1327360,0.0
12184,939.78466796875,945,1327616,0.0
12185,999.267578125,1000,1327616,0.0
12186,848.1220092773438,853,1328896,0.0
12187,998.423828125,1000,1329408,0.0
12188,975.7593994140625,981,1329920,0.0
12189,904.8150024414062,909,1330176,0.0
12190,983.0450439453125,988,1331712,0.0
12191,889.0802612304688,894,1331712,0.0
12192,997.83935546875,1000,1332480,0.0
12193,998.5845336914062,1000,1332736,0.0
12194,954.2373046875,958,1332736,0.0
12195,833.4168701171875,838,1333504,0.0
12196,603.371826171875,607,1334272,0.0
12197,536.65283203125,542,1335040,0.0
12198,835.8128051757812,840,1335296,0.0
12199,877.3343505859375,882,1336064,0.0
12200,684.2547607421875,688,1336064,0.0
12201,884.2202758789062,889,1336576,0.0
12202,874.3783569335938,879,1336576,0.0
12203,885.351806640625,889,1338880,0.0
12204,554.92822265625,560,1338880,0.0
12205,997.7590942382812,1000,1339392,0.0
12206,530.6893920898438,536,1340416,0.0
12207,694.2862548828125,698,1340928,0.0
12208,999.2136840820312,1000,1341440,0.0
12209,998.963134765625,1000,1341696,0.0
12210,835.5401611328125,840,1342720,0.0
12211,998.9574584960938,1000,1343232,0.0
12212,890.9796142578125,896,1343232,0.0
12213,684.1213989257812,688,1344000,0.0
12214,933.0354614257812,937,1345536,0.0
12215,950.7401733398438,955,1345792,0.0
12216,998.8118896484375,1000,1345792,0.0
12217,880.0874633789062,884,1346560,0.0
12218,673.40283203125,677,1348096,0.0
12219,739.3920288085938,743,1348352,0.0
12220,997.8265991210938,1000,1349120,0.0
12221,998.5614624023438,1000,1349376,0.0
12222,750.3182983398438,754,1349888,0.0
12223,757.3102416992188,761,1349888,0.0
12224,578.90869140625,584,1350400,0.0
12225,969.9268798828125,975,1351168,0.0
12226,562.450927734375,567,1351168,0.0
12227,998.2864379882812,1000,1351680,0.0
12228,963.0457763671875,968,1351680,0.0
12229,944.8717651367188,949,1352448,0.0
12230,582.560546875,588,1352960,0.0
12231,697.2846069335938,701,1352960,0.0
12232,956.9657592773438,961,1353472,0.0
12233,959.2069091796875,963,1354752,0.0
12234,656.1046142578125,660,1356800,0.0
12235,738.64306640625,742,1359360,0.0
12236,727.0828857421875,731,1363712,0.0
12237,998.5814208984375,1000,1363968,0.0
12238,846.5843505859375,850,1366016,0.0
12239,633.5879516601562,638,1366272,0.0
12240,997.9414672851562,1000,1369600,0.0
12241,919.824462890625,924,1370368,0.0
12242,982.2509765625,987,1370368,0.0
12243,822.5999145507812,826,1375488,0.0
12244,685.2898559570312,689,1378304,0.0
12245,860.0916748046875,864,1380352,0.0
12246,876.82958984375,881,1382400,0.0
12247,705.4403686523438,709,1386496,0.0
12248,999.4954833984375,1000,1387008,0.0
12249,768.3355102539062,772,1392128,0.0
12250,670.6531372070312,674,1401344,0.0
12251,990.9691772460938,995,1402624,0.0
12252,790.57373046875,794,1406464,0.0
12253,816.3553466796875,820,1406720,0.0
12254,999.04150390625,1000,1408512,0.0
12255,500.2684326171875,505,1412096,0.0
12256,933.5486450195312,938,1413120,0.0
12257,527.3178100585938,532,1415680,0.0
12258,910.8402709960938,915,1415936,0.0
12259,590.9342651367188,595,1417984,0.0
12260,586.0046997070312,590,1419520,0.0
12261,998.8692626953125,1000,1420032,0.0
12262,660.0609130859375,664,1420288,0.0
12263,686.1114501953125,690,1421056,0.0
12264,599.8421630859375,604,1424640,0.0
12265,999.1847534179688,1000,1427200,0.0
12266,769.5512084960938,773,1436160,0.0
12267,724.3284912109375,729,1445376,0.0
12268,998.4688110351562,1000,1445632,0.0
12269,608.2437744140625,613,1449216,0.0
12270,998.3795166015625,1000,1454336,0.0
12271,674.4058837890625,679,1454848,0.0
12272,718.2542114257812,722,1454848,0.0
12273,709.3853759765625,714,1454848,0.0
12274,999.417236328125,1000,1455104,0.0
12275,976.7217407226562,981,1455616,0.0
12276,786.2402954101562,790,1461248,0.0
12277,844.5546264648438,848,1463296,0.0
12278,849.5106201171875,854,1465344,0.0
12279,848.3187866210938,852,1466112,0.0
12280,747.2058715820312,752,1467904,0.0
12281,751.0381469726562,756,1474048,0.0
12282,846.700439453125,850,1475584,0.0
12283,800.6593627929688,804,1476352,0.0
12284,998.997314453125,1000,1478400,0.0
12285,920.5474243164062,924,1484800,0.0
12286,999.7047729492188,1000,1486848,0.0
12287,956.69287109375,960,1491200,0.0
12288,857.5220947265625,861,1493504,0.0
12289,905.6490478515625,909,1497088,0.0
12290,998.6813354492188,1000,1499136,0.0
12291,999.7012329101562,1000,1500928,0.0
12292,999.8258666992188,1000,1501440,0.0
12293,876.5083618164062,881,1502208,0.0
12294,728.3482666015625,733,1502208,0.0
12295,997.8425903320312,1000,1502464,0.0
12296,884.1836547851562,889,1502976,0.0
12297,943.3936157226562,947,1504512,0.0
12298,998.0181884765625,1000,1504512,0.0
12299,999.6476440429688,1000,1506560,0.0
12300,942.7966918945312,946,1506560,0.0
12301,998.0848388671875,1000,1507072,0.0
12302,964.6478271484375,968,1507328,0.0
12303,999.8314819335938,1000,1508096,0.0
12304,940.5620727539062,944,1509120,0.0
12305,999.8729858398438,1000,1511680,0.0
12306,942.8047485351562,947,1512448,0.0
12307,952.1295166015625,956,1513472,0.0
12308,997.7937622070312,1000,1513984,0.0
12309,998.8258056640625,1000,1514240,0.0
12310,999.7310180664062,1000,1514496,0.0
12311,998.015625,1000,1515008,0.0
12312,999.425537109375,1000,1515264,0.0
12313,998.9130859375,1000,1515520,0.0
12314,999.1026611328125,1000,1516288,0.0
12315,999.71630859375,1000,1517312,0.0
12316,999.5960083007812,1000,1519360,0.0
12317,944.2615966796875,948,1520896,0.0
12318,999.5269165039062,1000,1525248,0.0
12319,999.593994140625,1000,1525504,0.0
12320,999.74462890625,1000,1526016,0.0
12321,999.049560546875,1000,1526784,0.0
12322,999.5706787109375,1000,1527552,0.0
12323,999.5282592773438,1000,1528064,0.0
12324,998.8778076171875,1000,1528832,0.0
12325,998.788330078125,1000,1529344,0.0
12326,999.4647216796875,1000,1529600,0.0
12327,998.8604125976562,1000,1529856,0.0
12328,998.862060546875,1000,1530112,0.0
12329,997.9928588867188,1000,1531136,0.0
12330,999.1400146484375,1000,1531648,0.0
12331,998.9819946289062,1000,1531648,0.0
12332,999.7845458984375,1000,1531648,0.0
12333,999.6707763671875,1000,1533696,0.0
12334,999.2247924804688,1000,1534208,0.0
12335,999.2083129882812,1000,1534464,0.0
12336,999.5338745117188,1000,1534720,0.0
12337,999.4779052734375,1000,1535232,0.0
12338,999.603515625,1000,1536256,0.0
12339,992.189697265625,996,1536256,0.0
12340,998.032958984375,1000,1536256,0.0
12341,999.83056640625,1000,1536512,0.0
12342,998.697021484375,1000,1537024,0.0
12343,998.8703002929688,1000,1537280,0.0
12344,999.31787109375,1000,1537792,0.0
12345,999.5155639648438,1000,1538048,0.0
12346,999.176025390625,1000,1538304,0.0
12347,999.6016845703125,1000,1538304,0.0
12348,998.973876953125,1000,1538560,0.0
12349,867.1118774414062,871,1538816,0.0
12350,869.0770874023438,873,1538816,0.0
12351,999.5625,1000,1539328,0.0
12352,998.5780639648438,1000,1539328,0.0
12353,999.5638427734375,1000,1540096,0.0
12354,998.7330322265625,1000,1541376,0.0
12355,999.5298461914062,1000,1541376,0.0
12356,999.1211547851562,1000,1542144,0.0
12357,998.2402954101562,1000,1543424,0.0
12358,999.7066040039062,1000,1544192,0.0
12359,999.6441040039062,1000,1544192,0.0
12360,998.8988037109375,1000,1544448,0.0
12361,999.529541015625,1000,1544960,0.0
12362,999.2948608398438,1000,1546752,0.0
12363,836.4973754882812,841,1548032,0.0
12364,999.8882446289062,1000,1548800,0.0
12365,925.7141723632812,930,1549568,0.0
12366,999.8373413085938,1000,1549568,0.0
12367,998.3232421875,1000,1550592,0.0
12368,928.548095703125,932,1550848,0.0
12369,869.5045776367188,874,1550848,0.0
12370,999.0686645507812,1000,1551104,0.0
12371,999.821044921875,1000,1551360,0.0
12372,999.5403442382812,1000,1551616,0.0
12373,984.2368774414062,988,1552384,0.0
12374,999.520263671875,1000,1553664,0.0
12375,999.451416015625,1000,1554944,0.0
12376,999.7455444335938,1000,1556224,0.0
12377,957.6099853515625,961,1558528,0.0
12378,998.7010498046875,1000,1559040,0.0
12379,999.56787109375,1000,1559296,0.0
12380,999.5582275390625,1000,1560320,0.0
12381,999.7930297851562,1000,1561344,0.0
12382,998.697998046875,1000,1562624,0.0
12383,973.4318237304688,977,1563392,0.0
12384,999.85546875,1000,1563392,0.0
12385,998.6538696289062,1000,1564928,0.0
12386,999.8272705078125,1000,1564928,0.0
12387,999.1931762695312,1000,1565952,0.0
12388,992.449951171875,996,1565952,0.0
12389,999.6415405273438,1000,1566208,0.0
12390,999.8472900390625,1000,1566464,0.0
12391,998.9706420898438,1000,1566720,0.0
12392,999.5206909179688,1000,1566976,0.0
12393,998.3372192382812,1000,1567232,0.0
12394,999.0911865234375,1000,1567488,0.0
12395,998.6856689453125,1000,1567744,0.0
12396,999.3435668945312,1000,1568768,0.0
12397,999.8163452148438,1000,1569280,0.0
12398,999.797119140625,1000,1569536,0.0
12399,974.1066284179688,978,1569792,0.0
12400,999.0382080078125,1000,1569792,0.0
12401,999.5873413085938,1000,1570048,0.0
12402,998.9284057617188,1000,1570304,0.0
12403,999.8322143554688,1000,1570816,0.0
12404,999.7103271484375,1000,1571072,0.0
12405,999.2625122070312,1000,1571072,0.0
12406,999.3812866210938,1000,1571328,0.0
12407,998.9383544921875,1000,1571584,0.0
12408,999.5379638671875,1000,1572096,0.0
12409,998.69970703125,1000,1572608,0.0
12410,999.6152954101562,1000,1573632,0.0
12411,999.86181640625,1000,1573888,0.0
12412,999.8086547851562,1000,1574144,0.0
12413,999.7854614257812,1000,1574912,0.0
12414,999.7499389648438,1000,1574912,0.0
12415,999.7348022460938,1000,1575168,0.0
12416,999.53515625,1000,1575168,0.0
12417,998.766357421875,1000,1575680,0.0
12418,999.4661254882812,1000,1575680,0.0
12419,999.2741088867188,1000,1575680,0.0
12420,999.669921875,1000,1575936,0.0
12421,999.77978515625,1000,1575936,0.0
12422,999.49169921875,1000,1576448,0.0
12423,999.7628173828125,1000,1576704,0.0
12424,999.17431640625,1000,1576960,0.0
12425,999.806396484375,1000,1576960,0.0
12426,999.5308837890625,1000,1577472,0.0
12427,999.4328002929688,1000,1577728,0.0
12428,999.8284912109375,1000,1577728,0.0
12429,999.587158203125,1000,1577984,0.0
12430,998.3643188476562,1000,1578240,0.0
12431,998.8574829101562,1000,1578496,0.0
12432,998.8345947265625,1000,1579776,0.0
12433,999.8570556640625,1000,1580544,0.0
12434,999.7546997070312,1000,1581824,0.0
12435,999.6412963867188,1000,1581824,0.0
12436,999.74755859375,1000,1581824,0.0
12437,999.1046142578125,1000,1582080,0.0
12438,999.8759765625,1000,1583104,0.0
12439,998.62109375,1000,1583104,0.0
12440,999.8558349609375,1000,1583360,0.0
12441,999.8910522460938,1000,1583616,0.0
12442,998.8948974609375,1000,1583616,0.0
12443,998.1267700195312,1000,1584896,0.0
12444,999.7980346679688,1000,1585408,0.0
12445,999.7750854492188,1000,1585920,0.0
12446,999.7801513671875,1000,1586176,0.0
12447,998.61572265625,1000,1587712,0.0
12448,998.4744873046875,1000,1587712,0.0
12449,998.2794799804688,1000,1588480,0.0
12450,999.8179931640625,1000,1588736,0.0
12451,931.253662109375,936,1588992,0.0
12452,999.033935546875,1000,1589504,0.0
12453,998.9608154296875,1000,1590272,0.0
12454,998.35986328125,1000,1591040,0.0
12455,999.3460693359375,1000,1591296,0.0
12456,999.2886962890625,1000,1592064,0.0
12457,999.7903442382812,1000,1592064,0.0
12458,999.89306640625,1000,1592576,0.0
12459,997.778564453125,1000,1592576,0.0
12460,940.9808349609375,945,1593088,0.0
12461,998.1073608398438,1000,1594880,0.0
12462,999.7345581054688,1000,1594880,0.0
12463,998.7307739257812,1000,1595392,0.0
12464,998.369384765625,1000,1596416,0.0
12465,999.5828857421875,1000,1596928,0.0
12466,999.5845947265625,1000,1597440,0.0
12467,999.27197265625,1000,1597696,0.0
12468,998.611572265625,1000,1598720,0.0
12469,999.02685546875,1000,1599232,0.0
12470,998.5696411132812,1000,1599232,0.0
12471,999.1445922851562,1000,1600000,0.0
12472,966.7732543945312,971,1600256,0.0
12473,937.4993286132812,942,1600512,0.0
12474,999.3525390625,1000,1601536,0.0
12475,999.4771728515625,1000,1601792,0.0
12476,999.6104736328125,1000,1601792,0.0
12477,999.5685424804688,1000,1602560,0.0
12478,999.0596313476562,1000,1604096,0.0
12479,998.7379760742188,1000,1604352,0.0
12480,999.2964477539062,1000,1605120,0.0
12481,999.213623046875,1000,1605888,0.0
12482,999.2930297851562,1000,1605888,0.0
12483,999.530517578125,1000,1606400,0.0
12484,999.1173095703125,1000,1607168,0.0
12485,998.6844482421875,1000,1607680,0.0
12486,998.919921875,1000,1608448,0.0
12487,999.8309936523438,1000,1608960,0.0
12488,999.8346557617188,1000,1608960,0.0
12489,999.4722900390625,1000,1609472,0.0
12490,999.6426391601562,1000,1610752,0.0
12491,999.3682250976562,1000,1612800,0.0
12492,999.1595458984375,1000,1619712,0.0
12493,998.4532470703125,1000,1619968,0.0
12494,999.0048828125,1000,1622016,0.0
12495,998.8306274414062,1000,1622272,0.0
12496,998.4439697265625,1000,1625600,0.0
12497,999.7227172851562,1000,1626368,0.0
12498,999.7857666015625,1000,1626368,0.0
12499,814.96728515625,819,1629952,0.0
12500,824.0752563476562,828,1631488,0.0
12501,999.0504150390625,1000,1631488,0.0
12502,998.358642578125,1000,1634304,0.0
12503,999.7801513671875,1000,1636352,0.0
12504,998.4304809570312,1000,1638400,0.0
12505,998.547119140625,1000,1642496,0.0
12506,896.6336669921875,901,1642752,0.0
12507,883.7775268554688,888,1643008,0.0
12508,997.7901611328125,1000,1643008,0.0
12509,744.7703247070312,749,1646848,0.0
12510,998.480224609375,1000,1648128,0.0
12511,793.2518310546875,797,1649408,0.0
12512,756.6300048828125,760,1649408,0.0
12513,960.9200439453125,965,1655552,0.0
12514,785.9118041992188,790,1657088,0.0
12515,999.1972045898438,1000,1657344,0.0
12516,999.450927734375,1000,1658624,0.0
12517,595.3143920898438,600,1660160,0.0
12518,877.2464599609375,881,1661696,0.0
12519,999.132568359375,1000,1662464,0.0
12520,999.5687866210938,1000,1662720,0.0
12521,999.729248046875,1000,1669120,0.0
12522,999.1670532226562,1000,1671936,0.0
12523,999.8048095703125,1000,1673984,0.0
12524,999.4196166992188,1000,1676032,0.0
12525,999.7456665039062,1000,1677056,0.0
12526,999.6194458007812,1000,1680640,0.0
12527,999.6962890625,1000,1683200,0.0
12528,714.7234497070312,720,1686528,0.0
12529,998.6403198242188,1000,1701632,0.0
12530,998.4420776367188,1000,1705216,0.0
12531,998.9218139648438,1000,1710336,0.0
12532,998.9304809570312,1000,1710848,0.0
12533,999.4895629882812,1000,1711616,0.0
12534,999.3101806640625,1000,1717248,0.0
12535,997.899658203125,1000,1719296,0.0
12536,999.8140258789062,1000,1721344,0.0
12537,998.619140625,1000,1722112,0.0
12538,999.2088012695312,1000,1723904,0.0
12539,768.1793212890625,776,1729792,0.0
12540,999.0203247070312,1000,1730048,0.0
12541,781.5527954101562,789,1730048,0.0
12542,999.2214965820312,1000,1731584,0.0
12543,998.1350708007812,1000,1732352,0.0
12544,796.6751708984375,804,1733376,0.0
12545,996.98779296875,1000,1734400,0.0
12546,798.7177124023438,806,1735680,0.0
12547,906.2645263671875,914,1736448,0.0
12548,798.6834106445312,806,1737984,0.0
12549,875.1375122070312,882,1738240,0.0
12550,851.1318359375,858,1739008,0.0
12551,998.22802734375,1000,1740800,0.0
12552,886.29296875,892,1742592,0.0
12553,998.6879272460938,1000,1742848,0.0
12554,826.9057006835938,834,1743360,0.0
12555,897.1250610351562,904,1744896,0.0
12556,947.2183227539062,953,1746176,0.0
12557,999.1326293945312,1000,1747200,0.0
12558,768.6481323242188,774,1749248,0.0
12559,999.1886596679688,1000,1749504,0.0
12560,998.3099975585938,1000,1753088,0.0
12561,875.3511962890625,882,1754624,0.0
12562,998.4607543945312,1000,1755136,0.0
12563,721.2279663085938,728,1755136,0.0
12564,998.6886596679688,1000,1756928,0.0
12565,998.5087890625,1000,1757440,0.0
12566,999.127685546875,1000,1758976,0.0
12567,998.52197265625,1000,1760512,0.0
12568,999.8096923828125,1000,1760512,0.0
12569,878.1583251953125,883,1761280,0.0
12570,998.8250732421875,1000,1762560,0.0
12571,997.40576171875,1000,1763072,0.0
12572,998.6145629882812,1000,1763328,0.0
12573,998.5430297851562,1000,1764096,0.0
12574,996.9130249023438,1000,1765120,0.0
12575,998.7293701171875,1000,1767680,0.0
12576,771.5510864257812,777,1768704,0.0
12577,999.080322265625,1000,1769984,0.0
12578,836.9509887695312,842,1770496,0.0
12579,998.9407958984375,1000,1770496,0.0
12580,998.6925048828125,1000,1771008,0.0
12581,997.465576171875,1000,1771264,0.0
12582,999.1566162109375,1000,1771520,0.0
12583,999.6740112304688,1000,1772288,0.0
12584,999.0603637695312,1000,1773312,0.0
12585,935.6019897460938,940,1774336,0.0
12586,849.1903076171875,854,1774848,0.0
12587,998.8030395507812,1000,1776896,0.0
12588,706.2244262695312,711,1777408,0.0
12589,998.6085815429688,1000,1781248,0.0
12590,998.4813232421875,1000,1781504,0.0
12591,999.1588134765625,1000,1782016,0.0
12592,947.6551513671875,953,1782528,0.0
12593,998.8709106445312,1000,1782784,0.0
12594,948.0020141601562,953,1784064,0.0
12595,980.5502319335938,987,1784320,0.0
12596,693.19775390625,698,1785088,0.0
12597,994.3202514648438,1000,1785600,0.0
12598,999.2696533203125,1000,1786112,0.0
12599,999.615478515625,1000,1787648,0.0
12600,773.0699462890625,778,1787648,0.0
12601,999.5397338867188,1000,1790208,0.0
12602,998.9608764648438,1000,1790464,0.0
12603,997.6767578125,1000,1790720,0.0
12604,959.9962768554688,964,1790976,0.0
12605,998.2300415039062,1000,1792256,0.0
12606,997.2239990234375,1000,1792256,0.0
12607,999.5098266601562,1000,1792256,0.0
12608,999.4878540039062,1000,1792512,0.0
12609,864.3125,869,1792768,0.0
12610,999.4864501953125,1000,1793024,0.0
12611,998.6316528320312,1000,1793280,0.0
12612,999.130615234375,1000,1793792,0.0
12613,999.4750366210938,1000,1794048,0.0
12614,998.8240356445312,1000,1794304,0.0
12615,997.0296020507812,1000,1794304,0.0
12616,885.5132446289062,890,1794560,0.0
12617,999.1958618164062,1000,1794816,0.0
12618,999.564208984375,1000,1794816,0.0
12619,999.5482177734375,1000,1795328,0.0
12620,996.8842163085938,1000,1795328,0.0
12621,759.1708374023438,764,1796096,0.0
12622,998.1211547851562,1000,1797376,0.0
12623,999.7717895507812,1000,1797376,0.0
12624,999.29541015625,1000,1798144,0.0
12625,860.422119140625,865,1798912,0.0
12626,859.8706665039062,867,1798912,0.0
12627,866.4722290039062,873,1799168,0.0
12628,999.8425903320312,1000,1799424,0.0
12629,756.3256225585938,761,1799936,0.0
12630,999.2078857421875,1000,1800192,0.0
12631,999.510009765625,1000,1800448,0.0
12632,999.2825927734375,1000,1800960,0.0
12633,786.1514282226562,790,1802496,0.0
12634,999.5420532226562,1000,1802752,0.0
12635,981.2411499023438,987,1803520,0.0
12636,998.6087646484375,1000,1804032,0.0
12637,999.4973754882812,1000,1804800,0.0
12638,761.1256713867188,766,1805056,0.0
12639,998.204833984375,1000,1805568,0.0
12640,999.239013671875,1000,1805568,0.0
12641,895.2845458984375,899,1806080,0.0
12642,997.3599243164062,1000,1806592,0.0
12643,998.2393798828125,1000,1806848,0.0
12644,999.2523193359375,1000,1807360,0.0
12645,999.523681640625,1000,1807616,0.0
12646,999.4058227539062,1000,1808384,0.0
12647,999.4794921875,1000,1809664,0.0
12648,931.3156127929688,935,1810432,0.0
12649,928.1997680664062,932,1814272,0.0
12650,999.1217041015625,1000,1814528,0.0
12651,999.139404296875,1000,1815040,0.0
12652,997.9968872070312,1000,1815296,0.0
12653,999.4321899414062,1000,1816320,0.0
12654,999.5379028320312,1000,1817344,0.0
12655,873.448974609375,878,1817344,0.0
12656,904.1414794921875,908,1818368,0.0
12657,999.7094116210938,1000,1818624,0.0
12658,996.7054443359375,1000,1819392,0.0
12659,999.2335815429688,1000,1819392,0.0
12660,963.1672973632812,967,1820160,0.0
12661,967.58642578125,974,1820928,0.0
12662,999.416748046875,1000,1820928,0.0
12663,999.3970336914062,1000,1820928,0.0
12664,999.3482666015625,1000,1821952,0.0
12665,999.603271484375,1000,1821952,0.0
12666,999.4702758789062,1000,1822208,0.0
12667,999.1642456054688,1000,1822464,0.0
12668,999.626220703125,1000,1822976,0.0
12669,984.8585815429688,990,1822976,0.0
12670,998.753662109375,1000,1823232,0.0
12671,998.4811401367188,1000,1823488,0.0
12672,998.96240234375,1000,1823744,0.0
12673,998.8587646484375,1000,1825280,0.0
12674,997.2493286132812,1000,1825792,0.0
12675,999.1801147460938,1000,1826048,0.0
12676,998.163818359375,1000,1826816,0.0
12677,999.4996337890625,1000,1827072,0.0
12678,998.7254638671875,1000,1827328,0.0
12679,998.5015258789062,1000,1828096,0.0
12680,998.7802734375,1000,1829632,0.0
12681,999.6149291992188,1000,1829888,0.0
12682,999.3531494140625,1000,1830144,0.0
12683,999.50927734375,1000,1830912,0.0
12684,998.8797607421875,1000,1830912,0.0
12685,998.73583984375,1000,1831168,0.0
12686,999.2460327148438,1000,1831168,0.0
12687,909.7302856445312,914,1831424,0.0
12688,999.3865966796875,1000,1831680,0.0
12689,655.4036865234375,660,1831680,0.0
12690,999.7846069335938,1000,1831936,0.0
12691,999.6009521484375,1000,1832448,0.0
12692,999.1041870117188,1000,1832704,0.0
12693,999.0543823242188,1000,1832960,0.0
12694,999.7514038085938,1000,1833728,0.0
12695,999.1619262695312,1000,1833728,0.0
12696,999.0120239257812,1000,1833984,0.0
12697,999.6344604492188,1000,1834240,0.0
12698,999.325927734375,1000,1834496,0.0
12699,999.070068359375,1000,1835776,0.0
12700,998.3973999023438,1000,1836544,0.0
12701,954.5276489257812,959,1837568,0.0
12702,999.5999145507812,1000,1837824,0.0
12703,999.343994140625,1000,1837824,0.0
12704,999.597412109375,1000,1837824,0.0
12705,898.026123046875,902,1838080,0.0
12706,999.7970581054688,1000,1838080,0.0
12707,999.781005859375,1000,1839104,0.0
12708,999.3856201171875,1000,1839104,0.0
12709,998.7820434570312,1000,1839360,0.0
12710,999.4860229492188,1000,1839616,0.0
12711,999.7557373046875,1000,1839616,0.0
12712,999.3538818359375,1000,1840896,0.0
12713,814.64892578125,818,1840896,0.0
12714,999.3270263671875,1000,1841408,0.0
12715,999.7134399414062,1000,1842176,0.0
12716,999.227294921875,1000,1843712,0.0
12717,998.3731079101562,1000,1843712,0.0
12718,999.492919921875,1000,1844736,0.0
12719,998.1463012695312,1000,1844992,0.0
12720,999.21826171875,1000,1845504,0.0
12721,999.55859375,1000,1846272,0.0
12722,998.4857177734375,1000,1847040,0.0
12723,998.1701049804688,1000,1847296,0.0
12724,971.3859252929688,977,1847808,0.0
12725,999.59716796875,1000,1848064,0.0
12726,999.0941162109375,1000,1848576,0.0
12727,882.3525390625,886,1848832,0.0
12728,999.1890869140625,1000,1849088,0.0
12729,745.521240234375,750,1850624,0.0
12730,998.4596557617188,1000,1850880,0.0
12731,998.9573974609375,1000,1850880,0.0
12732,999.3697509765625,1000,1852416,0.0
12733,999.333251953125,1000,1852928,0.0
12734,589.0736694335938,593,1853440,0.0
12735,998.4203491210938,1000,1854720,0.0
12736,999.0223999023438,1000,1855232,0.0
12737,998.8941650390625,1000,1855232,0.0
12738,998.42626953125,1000,1856000,0.0
12739,999.3386840820312,1000,1857536,0.0
12740,999.6717529296875,1000,1857792,0.0
12741,998.6321411132812,1000,1857792,0.0
12742,999.5335083007812,1000,1858560,0.0
12743,998.7411499023438,1000,1860096,0.0
12744,999.75048828125,1000,1860352,0.0
12745,999.28564453125,1000,1861888,0.0
12746,999.5585327148438,1000,1861888,0.0
12747,898.6061401367188,902,1862400,0.0
12748,999.499267578125,1000,1863680,0.0
12749,784.7523193359375,788,1864192,0.0
12750,998.8352661132812,1000,1864448,0.0
12751,999.1555786132812,1000,1864960,0.0
12752,844.0601196289062,848,1865216,0.0
12753,999.4635009765625,1000,1865472,0.0
12754,999.7312622070312,1000,1866752,0.0
12755,998.2586059570312,1000,1868800,0.0
12756,939.03369140625,943,1871360,0.0
12757,999.19775390625,1000,1875712,0.0
12758,998.96875,1000,1875968,0.0
12759,755.5131225585938,759,1877504,0.0
12760,999.729248046875,1000,1878272,0.0
12761,999.7289428710938,1000,1881600,0.0
12762,999.0599365234375,1000,1882368,0.0
12763,997.517578125,1000,1882368,0.0
12764,675.523681640625,679,1884672,0.0
12765,681.1080932617188,685,1886976,0.0
12766,998.9863891601562,1000,1890304,0.0
12767,937.5681762695312,941,1890304,0.0
12768,999.6690673828125,1000,1892352,0.0
12769,999.6010131835938,1000,1894400,0.0
12770,884.7584838867188,888,1896448,0.0
12771,633.0537109375,637,1896448,0.0
12772,999.6626586914062,1000,1898496,0.0
12773,998.5977172851562,1000,1898752,0.0
12774,999.053466796875,1000,1899008,0.0
12775,999.3319091796875,1000,1899008,0.0
12776,999.28662109375,1000,1902848,0.0
12777,999.1937255859375,1000,1905408,0.0
12778,998.2442626953125,1000,1911552,0.0
12779,998.6914672851562,1000,1913088,0.0
12780,999.6126708984375,1000,1913344,0.0
12781,999.5389404296875,1000,1916160,0.0
12782,998.281005859375,1000,1917696,0.0
12783,999.6267700195312,1000,1927936,0.0
12784,998.77880859375,1000,1929984,0.0
12785,999.3582763671875,1000,1932032,0.0
12786,999.5006103515625,1000,1933056,0.0
12787,999.2542114257812,1000,1936640,0.0
12788,999.3079833984375,1000,1942528,0.0
12789,999.1050415039062,1000,1961216,0.0
12790,999.2613525390625,1000,1966336,0.0
12791,999.3142700195312,1000,1973248,0.0
12792,998.7546997070312,1000,1975296,0.0
12793,999.0535888671875,1000,1977344,0.0
12794,998.7113037109375,1000,1978112,0.0
12795,999.249267578125,1000,1979904,0.0
12796,965.7469482421875,971,1980160,0.0
12797,999.2978515625,1000,1985792,0.0
12798,998.3599243164062,1000,1986048,0.0
12799,999.2677001953125,1000,1986048,0.0
12800,998.3807373046875,1000,1988352,0.0
12801,910.4835815429688,916,1989632,0.0
12802,998.9913940429688,1000,1990400,0.0
12803,999.3147583007812,1000,1991680,0.0
12804,999.6800537109375,1000,1992448,0.0
12805,998.2572631835938,1000,1993984,0.0
12806,998.8642578125,1000,1994240,0.0
12807,999.0216064453125,1000,1995008,0.0
12808,984.1646118164062,989,1995776,0.0
12809,999.1730346679688,1000,1996800,0.0
12810,999.0653686523438,1000,1998848,0.0
12811,999.5095825195312,1000,1999360,0.0
12812,999.0971069335938,1000,2000896,0.0
12813,956.8899536132812,962,2001408,0.0
12814,998.5714721679688,1000,2002176,0.0
12815,998.9776000976562,1000,2003200,0.0
12816,998.8578491210938,1000,2005248,0.0
12817,998.7036743164062,1000,2005504,0.0
12818,932.9069213867188,938,2008832,0.0
12819,999.3329467773438,1000,2009088,0.0
12820,940.1504516601562,945,2009600,0.0
12821,999.0176391601562,1000,2010624,0.0
12822,999.054443359375,1000,2012928,0.0
12823,998.4982299804688,1000,2013440,0.0
12824,999.33837890625,1000,2014976,0.0
12825,999.1730346679688,1000,2016512,0.0
12826,998.4741821289062,1000,2016512,0.0
12827,999.2943725585938,1000,2017280,0.0
12828,998.9567260742188,1000,2018560,0.0
12829,999.5824584960938,1000,2019072,0.0
12830,999.402099609375,1000,2019328,0.0
12831,999.2646484375,1000,2020096,0.0
12832,999.1536254882812,1000,2021120,0.0
12833,999.667236328125,1000,2025984,0.0
12834,999.1478881835938,1000,2026496,0.0
12835,998.2735595703125,1000,2026496,0.0
12836,998.4379272460938,1000,2027008,0.0
12837,999.6246948242188,1000,2027264,0.0
12838,998.3397216796875,1000,2027520,0.0
12839,999.5037231445312,1000,2028288,0.0
12840,998.670654296875,1000,2029312,0.0
12841,999.4793090820312,1000,2030336,0.0
12842,999.6553955078125,1000,2030848,0.0
12843,999.5060424804688,1000,2032896,0.0
12844,997.9550170898438,1000,2033408,0.0
12845,999.70263671875,1000,2037248,0.0
12846,998.54443359375,1000,2037504,0.0
12847,999.8690795898438,1000,2038016,0.0
12848,998.5416870117188,1000,2038528,0.0
12849,998.3434448242188,1000,2038784,0.0
12850,999.6053466796875,1000,2040064,0.0
12851,998.9428100585938,1000,2040320,0.0
12852,999.7484741210938,1000,2041088,0.0
12853,999.0221557617188,1000,2041600,0.0
12854,999.6124877929688,1000,2042112,0.0
12855,999.7999877929688,1000,2043648,0.0
12856,999.5166015625,1000,2043648,0.0
12857,998.5745239257812,1000,2046208,0.0
12858,999.609619140625,1000,2046464,0.0
12859,999.7197875976562,1000,2046720,0.0
12860,999.7498168945312,1000,2046976,0.0
12861,999.2467041015625,1000,2048256,0.0
12862,999.6992797851562,1000,2048256,0.0
12863,999.6185913085938,1000,2048256,0.0
12864,998.799072265625,1000,2048512,0.0
12865,998.8360595703125,1000,2048768,0.0
12866,999.7694702148438,1000,2049024,0.0
12867,999.7241821289062,1000,2049280,0.0
12868,999.6337280273438,1000,2049792,0.0
12869,999.6143798828125,1000,2050048,0.0
12870,998.2058715820312,1000,2050304,0.0
12871,999.3187255859375,1000,2050304,0.0
12872,999.76123046875,1000,2050560,0.0
12873,999.7742309570312,1000,2050816,0.0
12874,999.7357788085938,1000,2050816,0.0
12875,999.515625,1000,2051328,0.0
12876,999.5068359375,1000,2051328,0.0
12877,999.5762329101562,1000,2052096,0.0
12878,999.6234741210938,1000,2053376,0.0
12879,998.7891845703125,1000,2053376,0.0
12880,998.74169921875,1000,2054144,0.0
12881,999.727294921875,1000,2054912,0.0
12882,999.7293090820312,1000,2054912,0.0
12883,999.8524169921875,1000,2055168,0.0
12884,999.6438598632812,1000,2055424,0.0
12885,998.8450317382812,1000,2055936,0.0
12886,998.1926879882812,1000,2056192,0.0
12887,999.5772094726562,1000,2056448,0.0
12888,999.61669921875,1000,2056960,0.0
12889,999.6005249023438,1000,2058496,0.0
12890,998.7142333984375,1000,2058752,0.0
12891,999.0575561523438,1000,2059520,0.0
12892,999.7763671875,1000,2060032,0.0
12893,999.5252685546875,1000,2060800,0.0
12894,999.1709594726562,1000,2061056,0.0
12895,998.5267333984375,1000,2061568,0.0
12896,999.6550903320312,1000,2061568,0.0
12897,999.513427734375,1000,2062080,0.0
12898,998.4619750976562,1000,2062592,0.0
12899,999.7954711914062,1000,2062848,0.0
12900,999.725830078125,1000,2063360,0.0
12901,999.3544311523438,1000,2063616,0.0
12902,999.5015258789062,1000,2064384,0.0
12903,999.110595703125,1000,2065664,0.0
12904,999.3153076171875,1000,2066432,0.0
12905,998.918212890625,1000,2070272,0.0
12906,999.3755493164062,1000,2070528,0.0
12907,998.8324584960938,1000,2071040,0.0
12908,999.3101196289062,1000,2071296,0.0
12909,999.4835815429688,1000,2072320,0.0
12910,999.0001220703125,1000,2073344,0.0
12911,999.6138305664062,1000,2073344,0.0
12912,999.1461181640625,1000,2074368,0.0
12913,999.16455078125,1000,2074624,0.0
12914,999.5491333007812,1000,2075392,0.0
12915,998.4666748046875,1000,2075392,0.0
12916,998.5699462890625,1000,2076160,0.0
12917,999.1961059570312,1000,2076928,0.0
12918,998.4873046875,1000,2076928,0.0
12919,999.7129516601562,1000,2076928,0.0
12920,999.5925903320312,1000,2077952,0.0
12921,998.5228881835938,1000,2077952,0.0
12922,999.1162109375,1000,2078208,0.0
12923,999.5762939453125,1000,2078464,0.0
12924,999.4826049804688,1000,2078976,0.0
12925,999.772705078125,1000,2078976,0.0
12926,998.7503051757812,1000,2079232,0.0
12927,999.2774658203125,1000,2079488,0.0
12928,998.5679321289062,1000,2079744,0.0
12929,998.4443359375,1000,2081280,0.0
12930,999.31201171875,1000,2081792,0.0
12931,999.6262817382812,1000,2082048,0.0
12932,967.1337890625,972,2082816,0.0
12933,999.7183227539062,1000,2082816,0.0
12934,999.5220947265625,1000,2083072,0.0
12935,999.5859375,1000,2083328,0.0
12936,999.6790161132812,1000,2084096,0.0
12937,999.7092895507812,1000,2085632,0.0
12938,999.4049072265625,1000,2085888,0.0
12939,999.0691528320312,1000,2086144,0.0
12940,999.5186157226562,1000,2086912,0.0
12941,999.5722045898438,1000,2086912,0.0
12942,999.1310424804688,1000,2087168,0.0
12943,998.5958862304688,1000,2087168,0.0
12944,998.7073974609375,1000,2087424,0.0
12945,999.0353393554688,1000,2087680,0.0
12946,998.5802001953125,1000,2087680,0.0
12947,999.7562255859375,1000,2087936,0.0
12948,999.7317504882812,1000,2088448,0.0
12949,999.162109375,1000,2088704,0.0
12950,998.8875732421875,1000,2088960,0.0
12951,999.4157104492188,1000,2089728,0.0
12952,999.54541015625,1000,2089728,0.0
12953,999.7329711914062,1000,2090240,0.0
12954,999.666259765625,1000,2090496,0.0
12955,999.780029296875,1000,2091776,0.0
12956,999.7982788085938,1000,2092544,0.0
12957,999.6094360351562,1000,2093568,0.0
12958,999.5509643554688,1000,2093824,0.0
12959,999.348876953125,1000,2093824,0.0
12960,998.5901489257812,1000,2093824,0.0
12961,998.9970703125,1000,2094080,0.0
12962,999.8538208007812,1000,2094080,0.0
12963,999.0504760742188,1000,2095104,0.0
12964,999.6124877929688,1000,2095104,0.0
12965,999.0433959960938,1000,2095360,0.0
12966,998.471435546875,1000,2095616,0.0
12967,999.0479125976562,1000,2095616,0.0
12968,946.5365600585938,951,2095872,0.0
12969,999.3001708984375,1000,2096896,0.0
12970,999.793212890625,1000,2096896,0.0
12971,999.39599609375,1000,2097408,0.0
12972,999.1239013671875,1000,2098176,0.0
12973,999.4447631835938,1000,2099712,0.0
12974,999.2294311523438,1000,2099712,0.0
12975,999.1652221679688,1000,2100736,0.0
12976,999.5406494140625,1000,2100992,0.0
12977,999.5301513671875,1000,2101504,0.0
12978,998.7860717773438,1000,2102272,0.0
12979,999.7142944335938,1000,2103040,0.0
12980,998.9910888671875,1000,2103296,0.0
12981,999.4760131835938,1000,2103808,0.0
12982,999.4276733398438,1000,2104064,0.0
12983,998.3654174804688,1000,2104576,0.0
12984,998.980224609375,1000,2104832,0.0
12985,999.4862060546875,1000,2105088,0.0
12986,999.6629638671875,1000,2106624,0.0
12987,998.8104858398438,1000,2106880,0.0
12988,998.7341918945312,1000,2106880,0.0
12989,999.72265625,1000,2108928,0.0
12990,999.37841796875,1000,2109440,0.0
12991,998.9656982421875,1000,2110720,0.0
12992,998.9257202148438,1000,2111232,0.0
12993,999.5388793945312,1000,2111232,0.0
12994,998.75341796875,1000,2112000,0.0
12995,999.613037109375,1000,2113536,0.0
12996,999.381103515625,1000,2113792,0.0
12997,998.5849609375,1000,2113792,0.0
12998,998.9947509765625,1000,2114560,0.0
12999,998.9933471679688,1000,2116096,0.0
13000,999.2703857421875,1000,2116352,0.0
13001,998.6455078125,1000,2117888,0.0
13002,999.5833129882812,1000,2117888,0.0
13003,999.398681640625,1000,2118400,0.0
13004,999.7567138671875,1000,2119680,0.0
13005,998.7166748046875,1000,2120192,0.0
13006,999.6500854492188,1000,2120448,0.0
13007,999.5086669921875,1000,2120960,0.0
13008,999.6204833984375,1000,2121216,0.0
13009,999.8165893554688,1000,2121472,0.0
13010,999.5435180664062,1000,2122752,0.0
13011,999.717529296875,1000,2124800,0.0
13012,946.6424560546875,951,2125056,0.0
13013,998.9572143554688,1000,2127360,0.0
13014,999.599609375,1000,2131712,0.0
13015,999.8324584960938,1000,2131968,0.0
13016,761.3526611328125,766,2132736,0.0
13017,999.8065185546875,1000,2133504,0.0
13018,999.6439208984375,1000,2134272,0.0
13019,999.8591918945312,1000,2138368,0.0
13020,998.6478271484375,1000,2138368,0.0
13021,934.8497924804688,939,2139392,0.0
13022,999.8287963867188,1000,2140672,0.0
13023,999.731689453125,1000,2142976,0.0
13024,998.67919921875,1000,2146304,0.0
13025,999.2606201171875,1000,2146304,0.0
13026,999.70458984375,1000,2148352,0.0
13027,999.3335571289062,1000,2150400,0.0
13028,999.17236328125,1000,2152448,0.0
13029,998.3815307617188,1000,2152448,0.0
13030,998.382080078125,1000,2154496,0.0
13031,999.7190551757812,1000,2154752,0.0
13032,999.7809448242188,1000,2155008,0.0
13033,999.1804809570312,1000,2158848,0.0
13034,999.4818115234375,1000,2161408,0.0
13035,999.1239013671875,1000,2167552,0.0
13036,998.1119384765625,1000,2169088,0.0
13037,999.2821044921875,1000,2169344,0.0
13038,998.0602416992188,1000,2172160,0.0
13039,999.3750610351562,1000,2173696,0.0
13040,999.4027709960938,1000,2183936,0.0
13041,999.34716796875,1000,2185984,0.0
13042,999.52685546875,1000,2188032,0.0
13043,998.5407104492188,1000,2189056,0.0
13044,997.9522705078125,1000,2198528,0.0
13045,999.1201782226562,1000,2217216,0.0
13046,999.7999877929688,1000,2222336,0.0
13047,887.6708374023438,892,2222336,0.0
13048,999.3179321289062,1000,2229248,0.0
13049,999.384765625,1000,2231296,0.0
13050,998.584716796875,1000,2233344,0.0
13051,999.8260498046875,1000,2234112,0.0
13052,999.7894897460938,1000,2235904,0.0
13053,999.3058471679688,1000,2236160,0.0
13054,999.0298461914062,1000,2241792,0.0
13055,999.826904296875,1000,2242048,0.0
13056,999.0078735351562,1000,2242048,0.0
13057,998.0675659179688,1000,2244352,0.0
13058,999.8212280273438,1000,2245632,0.0
13059,999.4823608398438,1000,2246400,0.0
13060,998.8826904296875,1000,2247680,0.0
13061,998.7318115234375,1000,2248448,0.0
13062,998.3092651367188,1000,2250240,0.0
13063,999.8302001953125,1000,2251008,0.0
13064,999.114501953125,1000,2251776,0.0
13065,999.3422241210938,1000,2252800,0.0
13066,999.6962890625,1000,2254848,0.0
13067,999.5758666992188,1000,2255360,0.0
13068,999.7239990234375,1000,2256896,0.0
13069,998.7368774414062,1000,2257408,0.0
13070,999.5277709960938,1000,2258176,0.0
13071,998.7337646484375,1000,2259200,0.0
13072,999.5381469726562,1000,2261248,0.0
13073,999.8519287109375,1000,2261504,0.0
13074,999.6199951171875,1000,2264832,0.0
13075,999.7840576171875,1000,2265088,0.0
13076,999.7466430664062,1000,2265600,0.0
13077,999.2451171875,1000,2266624,0.0
13078,999.7471923828125,1000,2268928,0.0
13079,999.1541137695312,1000,2269440,0.0
13080,999.1499633789062,1000,2270976,0.0
13081,998.9855346679688,1000,2272512,0.0
13082,998.7535400390625,1000,2272512,0.0
13083,999.7235717773438,1000,2273280,0.0
13084,999.7015380859375,1000,2274560,0.0
13085,998.7539672851562,1000,2275072,0.0
13086,999.5502319335938,1000,2275328,0.0
13087,999.6412963867188,1000,2276096,0.0
13088,999.0231323242188,1000,2277120,0.0
13089,998.9615478515625,1000,2281984,0.0
13090,998.8035278320312,1000,2282496,0.0
13091,999.5131225585938,1000,2282496,0.0
13092,999.7362060546875,1000,2283008,0.0
13093,999.7373046875,1000,2283264,0.0
13094,999.6173706054688,1000,2283520,0.0
13095,999.5094604492188,1000,2284288,0.0
13096,999.8372192382812,1000,2285312,0.0
13097,998.9898071289062,1000,2286336,0.0
13098,999.8273315429688,1000,2286848,0.0
13099,998.6903076171875,1000,2288896,0.0
13100,999.6473999023438,1000,2289408,0.0
13101,999.0733642578125,1000,2293248,0.0
13102,999.8137817382812,1000,2293504,0.0
13103,999.2671508789062,1000,2294016,0.0
13104,998.6201782226562,1000,2294528,0.0
13105,999.8242797851562,1000,2294784,0.0
13106,998.8525390625,1000,2296064,0.0
13107,999.3576049804688,1000,2296320,0.0
13108,998.833740234375,1000,2297088,0.0
13109,999.6934204101562,1000,2297600,0.0
13110,999.7673950195312,1000,2298112,0.0
13111,999.0880737304688,1000,2299648,0.0
13112,999.824462890625,1000,2299648,0.0
13113,999.7046508789062,1000,2302208,0.0
13114,999.21484375,1000,2302464,0.0
13115,998.9972534179688,1000,2302720,0.0
13116,999.83349609375,1000,2302976,0.0
13117,998.2780151367188,1000,2304256,0.0
13118,998.1806030273438,1000,2304256,0.0
13119,999.7842407226562,1000,2304256,0.0
13120,998.445068359375,1000,2304512,0.0
13121,999.5524291992188,1000,2304768,0.0
13122,999.8873901367188,1000,2305024,0.0
13123,999.6696166992188,1000,2305280,0.0
13124,999.5651245117188,1000,2305792,0.0
13125,998.8380126953125,1000,2306048,0.0
13126,999.6251831054688,1000,2306304,0.0
13127,998.9113159179688,1000,2306304,0.0
13128,999.7449340820312,1000,2306560,0.0
13129,999.6551513671875,1000,2306816,0.0
13130,998.3704833984375,1000,2306816,0.0
13131,999.3248291015625,1000,2307328,0.0
13132,999.3169555664062,1000,2307328,0.0
13133,999.8092041015625,1000,2308096,0.0
13134,999.447998046875,1000,2309376,0.0
13135,999.6265869140625,1000,2309376,0.0
13136,999.4204711914062,1000,2310144,0.0
13137,999.8142700195312,1000,2310912,0.0
13138,999.4824829101562,1000,2310912,0.0
13139,999.410888671875,1000,2311168,0.0
13140,999.28125,1000,2311424,0.0
13141,999.815673828125,1000,2311936,0.0
13142,999.4634399414062,1000,2312192,0.0
13143,999.6422729492188,1000,2312448,0.0
13144,998.7386474609375,1000,2312960,0.0
13145,998.592529296875,1000,2314496,0.0
13146,999.8223266601562,1000,2314752,0.0
13147,998.96630859375,1000,2315520,0.0
13148,999.822265625,1000,2316032,0.0
13149,999.54638671875,1000,2316800,0.0
13150,999.5697631835938,1000,2317056,0.0
13151,999.806396484375,1000,2317568,0.0
13152,999.8004150390625,1000,2317568,0.0
13153,999.236083984375,1000,2318080,0.0
13154,998.4947509765625,1000,2318592,0.0
13155,999.0034790039062,1000,2318848,0.0
13156,999.7232055664062,1000,2319360,0.0
13157,999.7030029296875,1000,2319616,0.0
13158,999.3429565429688,1000,2320384,0.0
13159,998.6815185546875,1000,2321664,0.0
13160,999.712646484375,1000,2322432,0.0
13161,999.6674194335938,1000,2326272,0.0
13162,999.5034790039062,1000,2326528,0.0
13163,999.5731201171875,1000,2327040,0.0
13164,998.624267578125,1000,2327296,0.0
13165,999.64111328125,1000,2328320,0.0
13166,999.8196411132812,1000,2329344,0.0
13167,999.3417358398438,1000,2329344,0.0
13168,999.3358154296875,1000,2330368,0.0
13169,999.2109985351562,1000,2330624,0.0
13170,999.2883911132812,1000,2331392,0.0
13171,999.60693359375,1000,2331392,0.0
13172,998.9057006835938,1000,2332160,0.0
13173,998.3970336914062,1000,2332928,0.0
13174,999.604736328125,1000,2332928,0.0
13175,998.6453247070312,1000,2332928,0.0
13176,998.6157836914062,1000,2333952,0.0
13177,998.3897094726562,1000,2333952,0.0
13178,998.9202880859375,1000,2334208,0.0
13179,999.7750244140625,1000,2334464,0.0
13180,999.4744262695312,1000,2334976,0.0
13181,999.6536865234375,1000,2334976,0.0
13182,999.5266723632812,1000,2335232,0.0
13183,999.2171020507812,1000,2335488,0.0
13184,999.3552856445312,1000,2335744,0.0
13185,999.6083374023438,1000,2337280,0.0
13186,999.510009765625,1000,2337792,0.0
13187,999.149169921875,1000,2338048,0.0
13188,999.1519775390625,1000,2338816,0.0
13189,999.1992797851562,1000,2338816,0.0
13190,998.6921997070312,1000,2339072,0.0
13191,999.2947998046875,1000,2339328,0.0
13192,998.7034301757812,1000,2340096,0.0
13193,999.1819458007812,1000,2341632,0.0
13194,999.3272094726562,1000,2341888,0.0
13195,999.4152221679688,1000,2342144,0.0
13196,999.6384887695312,1000,2342912,0.0
13197,999.6290893554688,1000,2342912,0.0
13198,999.011962890625,1000,2343168,0.0
13199,999.8409423828125,1000,2343168,0.0
13200,999.5149536132812,1000,2343424,0.0
13201,998.9235229492188,1000,2343680,0.0
13202,998.8784790039062,1000,2343680,0.0
13203,999.7324829101562,1000,2343936,0.0
13204,999.1576538085938,1000,2344448,0.0
13205,998.462890625,1000,2344704,0.0
13206,999.6791381835938,1000,2344960,0.0
13207,999.3289184570312,1000,2345728,0.0
13208,999.6137084960938,1000,2345728,0.0
13209,999.8271484375,1000,2346240,0.0
13210,999.0786743164062,1000,2346496,0.0
13211,998.894287109375,1000,2347776,0.0
13212,960.3241577148438,965,2348032,0.0
13213,998.6345825195312,1000,2348544,0.0
13214,999.8157958984375,1000,2349568,0.0
13215,998.7649536132812,1000,2349824,0.0
13216,999.3131713867188,1000,2349824,0.0
13217,999.56640625,1000,2349824,0.0
13218,999.2913818359375,1000,2350080,0.0
13219,999.6491088867188,1000,2350080,0.0
13220,999.7864379882812,1000,2351104,0.0
13221,998.9464721679688,1000,2351104,0.0
13222,999.7994384765625,1000,2351360,0.0
13223,999.7595825195312,1000,2351616,0.0
13224,998.9537963867188,1000,2351616,0.0
13225,999.5597534179688,1000,2351872,0.0
13226,999.716796875,1000,2352896,0.0
13227,999.6559448242188,1000,2352896,0.0
13228,901.8446044921875,906,2353152,0.0
13229,999.8590087890625,1000,2353408,0.0
13230,999.1184692382812,1000,2354176,0.0
13231,999.1103515625,1000,2355712,0.0
13232,999.5805053710938,1000,2355712,0.0
13233,999.2987060546875,1000,2356736,0.0
13234,999.3241577148438,1000,2357504,0.0
13235,999.7737426757812,1000,2358272,0.0
13236,999.5264892578125,1000,2359040,0.0
13237,999.7181396484375,1000,2359296,0.0
13238,999.2089233398438,1000,2359808,0.0
13239,999.3161010742188,1000,2360064,0.0
13240,999.4646606445312,1000,2360576,0.0
13241,998.5300903320312,1000,2360832,0.0
13242,998.6747436523438,1000,2361088,0.0
13243,921.1341552734375,925,2361856,0.0
13244,999.3319091796875,1000,2362624,0.0
13245,999.0459594726562,1000,2362880,0.0
13246,999.7108154296875,1000,2362880,0.0
13247,999.6825561523438,1000,2364928,0.0
13248,998.7599487304688,1000,2365440,0.0
13249,999.8922119140625,1000,2366720,0.0
13250,998.9352416992188,1000,2367232,0.0
13251,998.8082275390625,1000,2367232,0.0
13252,999.6688232421875,1000,2368000,0.0
13253,832.5269775390625,836,2369024,0.0
13254,999.0559692382812,1000,2369536,0.0
13255,999.3197021484375,1000,2369792,0.0
13256,999.5131225585938,1000,2369792,0.0
13257,999.5455932617188,1000,2370560,0.0
13258,999.5325927734375,1000,2372096,0.0
13259,998.796875,1000,2372352,0.0
13260,999.4939575195312,1000,2373888,0.0
13261,998.6885986328125,1000,2373888,0.0
13262,999.8239135742188,1000,2374400,0.0
13263,998.2686767578125,1000,2375680,0.0
13264,999.7199096679688,1000,2376192,0.0
13265,999.552978515625,1000,2376448,0.0
13266,999.5718994140625,1000,2376960,0.0
13267,999.6551513671875,1000,2377472,0.0
13268,800.2489624023438,804,2377984,0.0
13269,999.5596313476562,1000,2378752,0.0
13270,999.5939331054688,1000,2380800,0.0
13271,754.9688720703125,759,2383360,0.0
13272,999.8262939453125,1000,2383360,0.0
13273,999.7453002929688,1000,2387712,0.0
13274,999.6729736328125,1000,2387968,0.0
13275,999.5239868164062,1000,2388736,0.0
13276,999.8069458007812,1000,2389504,0.0
13277,999.0186767578125,1000,2390272,0.0
13278,999.4737548828125,1000,2394368,0.0
13279,999.2896118164062,1000,2394368,0.0
13280,999.1923828125,1000,2395392,0.0
13281,999.8063354492188,1000,2396672,0.0
13282,999.7723388671875,1000,2398976,0.0
13283,999.4622802734375,1000,2402304,0.0
13284,999.6136474609375,1000,2402304,0.0
13285,999.1286010742188,1000,2404352,0.0
13286,999.2379150390625,1000,2406400,0.0
13287,999.3501586914062,1000,2408448,0.0
13288,999.7042236328125,1000,2408448,0.0
13289,999.4902954101562,1000,2410496,0.0
13290,999.3482055664062,1000,2410752,0.0
13291,999.4500122070312,1000,2414848,0.0
13292,999.2144775390625,1000,2417408,0.0
13293,999.3843994140625,1000,2423552,0.0
13294,999.3779907226562,1000,2425088,0.0
13295,999.3535766601562,1000,2425344,0.0
13296,999.1360473632812,1000,2429696,0.0
13297,998.5751953125,1000,2439936,0.0
13298,999.6670532226562,1000,2441984,0.0
13299,999.0489501953125,1000,2444032,0.0
13300,998.833740234375,1000,2454528,0.0
13301,928.4650268554688,932,2460928,0.0
13302,778.7691650390625,783,2461952,0.0
13303,761.2716064453125,766,2465024,0.0
13304,872.6221313476562,876,2466304,0.0
13305,959.58203125,963,2468864,0.0
13306,928.1517944335938,932,2469888,0.0
13307,844.6602172851562,849,2472704,0.0
13308,999.42041015625,1000,2473216,0.0
13309,872.9407348632812,877,2475520,0.0
13310,945.6475830078125,949,2477056,0.0
13311,945.3889770507812,949,2478848,0.0
13312,920.7289428710938,925,2482432,0.0
13313,741.5504760742188,746,2484480,0.0
13314,999.2784423828125,1000,2485248,0.0
13315,912.3513793945312,916,2489344,0.0
13316,999.2779541015625,1000,2489344,0.0
13317,999.0916748046875,1000,2492160,0.0
13318,998.4177856445312,1000,2497792,0.0
13319,999.3966674804688,1000,2498048,0.0
13320,998.3409423828125,1000,2500352,0.0
13321,999.09228515625,1000,2502400,0.0
13322,998.964111328125,1000,2503680,0.0
13323,999.3189697265625,1000,2504448,0.0
13324,998.1875610351562,1000,2506240,0.0
13325,999.4180908203125,1000,2507776,0.0
13326,999.3043823242188,1000,2508800,0.0
13327,998.5278930664062,1000,2512896,0.0
13328,998.2135009765625,1000,2513408,0.0
13329,998.206787109375,1000,2514176,0.0
13330,999.1903686523438,1000,2515200,0.0
13331,976.94384765625,984,2516736,0.0
13332,995.79443359375,1000,2517248,0.0
13333,975.974853515625,982,2518016,0.0
13334,872.1244506835938,880,2519808,0.0
13335,999.211181640625,1000,2521088,0.0
13336,998.5724487304688,1000,2521600,0.0
13337,967.1948852539062,974,2524416,0.0
13338,822.3370971679688,830,2524928,0.0
13339,865.3890991210938,872,2525440,0.0
13340,998.7273559570312,1000,2525440,0.0
13341,971.0977783203125,978,2525696,0.0
13342,825.3270263671875,832,2525952,0.0
13343,920.8606567382812,927,2526208,0.0
13344,900.0552368164062,907,2526976,0.0
13345,855.2406616210938,862,2526976,0.0
13346,998.7330322265625,1000,2526976,0.0
13347,839.705810546875,846,2527488,0.0
13348,862.12109375,869,2527744,0.0
13349,827.3378295898438,834,2528256,0.0
13350,998.7008056640625,1000,2528512,0.0
13351,866.4547119140625,873,2528512,0.0
13352,997.836181640625,1000,2528512,0.0
13353,876.2203369140625,883,2528768,0.0
13354,999.0524291992188,1000,2529280,0.0
13355,818.583984375,825,2529792,0.0
13356,954.2430419921875,960,2530048,0.0
13357,957.4173583984375,964,2530304,0.0
13358,998.2247314453125,1000,2530560,0.0
13359,867.2477416992188,873,2530816,0.0
13360,998.8470458984375,1000,2532096,0.0
13361,997.9779052734375,1000,2533120,0.0
13362,887.805908203125,894,2533632,0.0
13363,910.19921875,916,2534144,0.0
13364,784.582763671875,790,2535168,0.0
13365,831.2177124023438,837,2535936,0.0
13366,872.84716796875,879,2537216,0.0
13367,988.9188842773438,994,2537728,0.0
13368,883.44873046875,889,2537728,0.0
13369,997.85302734375,1000,2537984,0.0
13370,746.2227783203125,752,2538240,0.0
13371,857.3060302734375,863,2538496,0.0
13372,999.1361083984375,1000,2538496,0.0
13373,849.6124267578125,855,2538496,0.0
13374,998.8794555664062,1000,2538496,0.0
13375,998.1495361328125,1000,2539008,0.0
13376,863.4304809570312,869,2540032,0.0
13377,998.1275634765625,1000,2541312,0.0
13378,964.2034301757812,969,2542080,0.0
13379,998.7218627929688,1000,2542336,0.0
13380,998.9049072265625,1000,2542848,0.0
13381,873.7012939453125,879,2543104,0.0
13382,741.7489624023438,747,2543104,0.0
13383,811.3798828125,817,2543104,0.0
13384,807.3958129882812,813,2543104,0.0
13385,867.8748779296875,873,2543872,0.0
13386,847.9322509765625,853,2544896,0.0
13387,998.7317504882812,1000,2545408,0.0
13388,931.2749633789062,936,2546432,0.0
13389,790.6995849609375,796,2546688,0.0
13390,852.4214477539062,858,2546944,0.0
13391,758.4022827148438,764,2547200,0.0
13392,755.1179809570312,761,2548224,0.0
13393,956.4927978515625,961,2548480,0.0
13394,977.3552856445312,982,2548480,0.0
13395,998.5068969726562,1000,2549248,0.0
13396,904.5723876953125,910,2550016,0.0
13397,687.6138916015625,693,2551808,0.0
13398,999.082763671875,1000,2552064,0.0
13399,999.0460205078125,1000,2552320,0.0
13400,777.0475463867188,782,2553088,0.0
13401,942.1012573242188,947,2553344,0.0
13402,999.2342529296875,1000,2553600,0.0
13403,999.0438842773438,1000,2554112,0.0
13404,852.0609130859375,857,2555136,0.0
13405,791.230712890625,796,2555136,0.0
13406,998.4995727539062,1000,2555648,0.0
13407,836.739990234375,842,2555648,0.0
13408,815.6109008789062,821,2555904,0.0
13409,951.7893676757812,957,2556416,0.0
13410,832.0964965820312,838,2556416,0.0
13411,864.1754150390625,869,2557440,0.0
13412,803.0947265625,808,2557952,0.0
13413,897.8648681640625,903,2558208,0.0
13414,998.8106079101562,1000,2558976,0.0
13415,971.5715942382812,976,2559232,0.0
13416,876.3648071289062,881,2559744,0.0
13417,815.24267578125,820,2560000,0.0
13418,998.9224243164062,1000,2560256,0.0
13419,998.6685180664062,1000,2560256,0.0
13420,999.3763427734375,1000,2560256,0.0
13421,998.5657348632812,1000,2560512,0.0
13422,898.6729736328125,904,2560768,0.0
13423,835.4612426757812,841,2561536,0.0
13424,999.437255859375,1000,2561792,0.0
13425,999.2471923828125,1000,2562048,0.0
13426,998.8871459960938,1000,2562304,0.0
13427,999.6463012695312,1000,2562560,0.0
13428,998.8358154296875,1000,2562816,0.0
13429,870.7783813476562,875,2562816,0.0
13430,776.374267578125,781,2562816,0.0
13431,998.9832153320312,1000,2563328,0.0
13432,998.6951293945312,1000,2564096,0.0
13433,999.1951904296875,1000,2565376,0.0
13434,809.431884765625,815,2566912,0.0
13435,998.8179931640625,1000,2567168,0.0
13436,998.82080078125,1000,2567936,0.0
13437,809.5111694335938,815,2569216,0.0
13438,852.50439453125,857,2569472,0.0
13439,998.65283203125,1000,2570496,0.0
13440,998.871826171875,1000,2571520,0.0
13441,990.6177978515625,995,2571520,0.0
13442,999.3458862304688,1000,2572032,0.0
13443,871.5559692382812,876,2572800,0.0
13444,998.8065795898438,1000,2574848,0.0
13445,998.984130859375,1000,2575360,0.0
13446,807.6724243164062,813,2577152,0.0
13447,999.546142578125,1000,2578432,0.0
13448,947.5103149414062,952,2578944,0.0
13449,934.669677734375,939,2579712,0.0
13450,822.3240966796875,827,2579712,0.0
13451,811.7628173828125,816,2580992,0.0
13452,999.0851440429688,1000,2582272,0.0
13453,983.8157348632812,988,2583296,0.0
13454,856.2596435546875,861,2583296,0.0
13455,999.2648315429688,1000,2584320,0.0
13456,998.6000366210938,1000,2585344,0.0
13457,929.9636840820312,934,2585600,0.0
13458,999.4012451171875,1000,2586624,0.0
13459,998.8117065429688,1000,2587392,0.0
13460,999.3734130859375,1000,2587392,0.0
13461,856.928955078125,862,2587392,0.0
13462,999.4967651367188,1000,2588160,0.0
13463,999.313232421875,1000,2588928,0.0
13464,998.4855346679688,1000,2588928,0.0
13465,999.509033203125,1000,2589952,0.0
13466,998.8432006835938,1000,2590464,0.0
13467,999.0363159179688,1000,2591488,0.0
13468,972.9663696289062,977,2591744,0.0
13469,875.7968139648438,880,2592512,0.0
13470,999.0256958007812,1000,2593280,0.0
13471,999.2083740234375,1000,2593792,0.0
13472,999.0938110351562,1000,2594048,0.0
13473,999.0029296875,1000,2594816,0.0
13474,999.2195434570312,1000,2595072,0.0
13475,956.1940307617188,961,2597632,0.0
13476,999.6456909179688,1000,2598144,0.0
13477,999.3472900390625,1000,2598912,0.0
13478,998.5114135742188,1000,2599168,0.0
13479,999.5791015625,1000,2599168,0.0
13480,999.5018920898438,1000,2599424,0.0
13481,953.543701171875,958,2599424,0.0
13482,999.3876953125,1000,2599680,0.0
13483,999.2734375,1000,2599680,0.0
13484,999.1082153320312,1000,2599936,0.0
13485,871.59130859375,876,2600448,0.0
13486,999.1771850585938,1000,2600448,0.0
13487,906.481201171875,911,2600448,0.0
13488,999.396484375,1000,2600704,0.0
13489,996.0565185546875,1000,2600960,0.0
13490,999.29443359375,1000,2603776,0.0
13491,999.0032348632812,1000,2604032,0.0
13492,999.2031860351562,1000,2605568,0.0
13493,999.438720703125,1000,2605824,0.0
13494,999.0712890625,1000,2605824,0.0
13495,999.4122314453125,1000,2605824,0.0
13496,998.7672729492188,1000,2607104,0.0
13497,882.2322387695312,887,2607872,0.0
13498,929.0672607421875,933,2608640,0.0
13499,999.3506469726562,1000,2608896,0.0
13500,999.6219482421875,1000,2609152,0.0
13501,724.62841796875,729,2610176,0.0
13502,999.1259155273438,1000,2611712,0.0
13503,999.716064453125,1000,2611712,0.0
13504,998.5723266601562,1000,2612736,0.0
13505,999.5498046875,1000,2613504,0.0
13506,999.4043579101562,1000,2615040,0.0
13507,999.5939331054688,1000,2615296,0.0
13508,999.69287109375,1000,2615808,0.0
13509,829.879638671875,835,2616064,0.0
13510,999.4680786132812,1000,2616064,0.0
13511,999.4125366210938,1000,2616832,0.0
13512,999.5234985351562,1000,2617088,0.0
13513,999.0839233398438,1000,2617856,0.0
13514,999.184326171875,1000,2618624,0.0
13515,999.6526489257812,1000,2620928,0.0
13516,999.7000732421875,1000,2621440,0.0
13517,965.2472534179688,970,2625280,0.0
13518,999.207763671875,1000,2625536,0.0
13519,999.4115600585938,1000,2625792,0.0
13520,998.8241577148438,1000,2626560,0.0
13521,999.0112915039062,1000,2628352,0.0
13522,999.429931640625,1000,2629888,0.0
13523,998.9534301757812,1000,2629888,0.0
13524,885.2669067382812,889,2629888,0.0
13525,981.2474975585938,985,2630144,0.0
13526,999.5174560546875,1000,2631680,0.0
13527,999.2025146484375,1000,2632448,0.0
13528,998.858642578125,1000,2633472,0.0
13529,998.7960815429688,1000,2634752,0.0
13530,999.3668212890625,1000,2639360,0.0
13531,999.5650634765625,1000,2639360,0.0
13532,999.596923828125,1000,2643712,0.0
13533,999.4864501953125,1000,2643968,0.0
13534,999.1531372070312,1000,2644736,0.0
13535,999.0693969726562,1000,2645504,0.0
13536,999.5463256835938,1000,2646272,0.0
13537,998.815673828125,1000,2650368,0.0
13538,999.4810180664062,1000,2650368,0.0
13539,999.1006469726562,1000,2651392,0.0
13540,998.944091796875,1000,2652672,0.0
13541,999.0277709960938,1000,2654976,0.0
13542,998.5239868164062,1000,2660352,0.0
13543,998.4061889648438,1000,2662400,0.0
13544,998.2549438476562,1000,2664448,0.0
13545,999.4697265625,1000,2664448,0.0
13546,999.3930053710938,1000,2666496,0.0
13547,999.0615844726562,1000,2666752,0.0
13548,999.1919555664062,1000,2670848,0.0
13549,999.414306640625,1000,2673408,0.0
13550,999.0900268554688,1000,2681088,0.0
13551,998.77490234375,1000,2681344,0.0
13552,999.3676147460938,1000,2685696,0.0
13553,999.0469360351562,1000,2695936,0.0
13554,998.9384765625,1000,2697984,0.0
13555,999.276123046875,1000,2700032,0.0
13556,757.6730346679688,762,2701312,0.0
13557,915.8966674804688,920,2701824,0.0
13558,795.2733764648438,800,2702592,0.0
13559,998.968017578125,1000,2710528,0.0
13560,999.2708129882812,1000,2716928,0.0
13561,999.6505126953125,1000,2717952,0.0
13562,999.4031372070312,1000,2721024,0.0
13563,999.6985473632812,1000,2724864,0.0
13564,998.7216796875,1000,2725888,0.0
13565,999.0720825195312,1000,2728704,0.0
13566,999.460205078125,1000,2729216,0.0
13567,998.3051147460938,1000,2731520,0.0
13568,998.7872924804688,1000,2733056,0.0
13569,999.7711181640625,1000,2734848,0.0
13570,998.909912109375,1000,2738432,0.0
13571,974.4449462890625,979,2739968,0.0
13572,998.6300659179688,1000,2740480,0.0
13573,999.0181274414062,1000,2741248,0.0
13574,865.9204711914062,871,2744064,0.0
13575,939.2810668945312,944,2744064,0.0
13576,998.9874877929688,1000,2745344,0.0
13577,999.3130493164062,1000,2748160,0.0
13578,913.4680786132812,918,2750208,0.0
13579,999.521484375,1000,2754048,0.0
13580,998.9507446289062,1000,2756352,0.0
13581,898.3090209960938,903,2758656,0.0
13582,902.9949951171875,908,2758656,0.0
13583,999.5299682617188,1000,2759680,0.0
13584,999.02294921875,1000,2760448,0.0
13585,999.0689086914062,1000,2763776,0.0
13586,999.1067504882812,1000,2764800,0.0
13587,999.4862670898438,1000,2768896,0.0
13588,999.0413818359375,1000,2769408,0.0
13589,999.126220703125,1000,2770176,0.0
13590,999.1846923828125,1000,2772736,0.0
13591,998.7345581054688,1000,2773248,0.0
13592,998.68017578125,1000,2774016,0.0
13593,999.5731201171875,1000,2775808,0.0
13594,999.50732421875,1000,2777600,0.0
13595,999.7574462890625,1000,2780416,0.0
13596,999.5093383789062,1000,2780928,0.0
13597,999.30859375,1000,2781440,0.0
13598,999.67333984375,1000,2781440,0.0
13599,999.4136962890625,1000,2781696,0.0
13600,999.451904296875,1000,2781952,0.0
13601,999.439208984375,1000,2782976,0.0
13602,999.1361083984375,1000,2782976,0.0
13603,999.4512939453125,1000,2782976,0.0
13604,999.1768798828125,1000,2783744,0.0
13605,998.67822265625,1000,2784256,0.0
13606,999.0808715820312,1000,2784512,0.0
13607,999.4968872070312,1000,2784512,0.0
13608,998.8253784179688,1000,2784512,0.0
13609,999.4529418945312,1000,2784768,0.0
13610,999.6646118164062,1000,2785280,0.0
13611,999.4389038085938,1000,2785792,0.0
13612,999.2473754882812,1000,2786048,0.0
13613,999.3274536132812,1000,2786304,0.0
13614,999.0913696289062,1000,2786560,0.0
13615,998.8126831054688,1000,2786816,0.0
13616,999.511474609375,1000,2788096,0.0
13617,998.9866333007812,1000,2789120,0.0
13618,999.5524291992188,1000,2789632,0.0
13619,998.8908081054688,1000,2790144,0.0
13620,998.4722900390625,1000,2791168,0.0
13621,999.7434692382812,1000,2791936,0.0
13622,978.0254516601562,983,2792960,0.0
13623,999.5098876953125,1000,2793216,0.0
13624,999.1380615234375,1000,2793728,0.0
13625,999.3196411132812,1000,2793728,0.0
13626,998.9699096679688,1000,2793984,0.0
13627,999.1256103515625,1000,2794240,0.0
13628,998.9478759765625,1000,2794496,0.0
13629,999.8905029296875,1000,2794496,0.0
13630,999.12255859375,1000,2794496,0.0
13631,999.2138061523438,1000,2794496,0.0
13632,999.5982666015625,1000,2795008,0.0
13633,999.7252197265625,1000,2796032,0.0
13634,999.695556640625,1000,2798080,0.0
13635,999.429931640625,1000,2798336,0.0
13636,998.8809204101562,1000,2798848,0.0
13637,999.0515747070312,1000,2799104,0.0
13638,999.515625,1000,2799104,0.0
13639,999.3397216796875,1000,2799104,0.0
13640,999.8326416015625,1000,2799104,0.0
13641,999.5419921875,1000,2799872,0.0
13642,999.2159423828125,1000,2800896,0.0
13643,999.6340942382812,1000,2801408,0.0
13644,999.0968017578125,1000,2802432,0.0
13645,999.7858276367188,1000,2802688,0.0
13646,998.5523681640625,1000,2802944,0.0
13647,998.8621215820312,1000,2803200,0.0
13648,999.5169067382812,1000,2804224,0.0
13649,999.5107421875,1000,2804480,0.0
13650,999.6535034179688,1000,2804480,0.0
13651,998.855224609375,1000,2805248,0.0
13652,999.7365112304688,1000,2806016,0.0
13653,999.3875732421875,1000,2807808,0.0
13654,999.2036743164062,1000,2808064,0.0
13655,999.6898193359375,1000,2808320,0.0
13656,999.668212890625,1000,2809088,0.0
13657,998.5408325195312,1000,2809344,0.0
13658,998.8499755859375,1000,2809600,0.0
13659,999.1294555664062,1000,2810112,0.0
13660,999.7269287109375,1000,2811136,0.0
13661,998.5635375976562,1000,2811136,0.0
13662,998.3377075195312,1000,2811648,0.0
13663,999.4833984375,1000,2811648,0.0
13664,999.4981689453125,1000,2811904,0.0
13665,999.0577392578125,1000,2812416,0.0
13666,999.8431396484375,1000,2812416,0.0
13667,999.0332641601562,1000,2813440,0.0
13668,999.515625,1000,2813952,0.0
13669,999.0338134765625,1000,2814208,0.0
13670,999.7647705078125,1000,2814976,0.0
13671,999.0392456054688,1000,2815232,0.0
13672,999.291015625,1000,2815744,0.0
13673,999.8348388671875,1000,2816000,0.0
13674,999.313232421875,1000,2816256,0.0
13675,999.4158935546875,1000,2816256,0.0
13676,999.888916015625,1000,2816256,0.0
13677,998.7463989257812,1000,2816512,0.0
13678,999.7914428710938,1000,2816768,0.0
13679,998.6018676757812,1000,2817536,0.0
13680,999.2267456054688,1000,2817792,0.0
13681,999.6693725585938,1000,2818048,0.0
13682,998.9981079101562,1000,2818304,0.0
13683,999.6211547851562,1000,2818560,0.0
13684,998.6177368164062,1000,2818816,0.0
13685,998.8367309570312,1000,2818816,0.0
13686,998.8659057617188,1000,2818816,0.0
13687,999.74072265625,1000,2819328,0.0
13688,999.0381469726562,1000,2820096,0.0
13689,999.677734375,1000,2821376,0.0
13690,999.6556396484375,1000,2822912,0.0
13691,999.1224975585938,1000,2823168,0.0
13692,999.3204956054688,1000,2823936,0.0
13693,999.69189453125,1000,2825216,0.0
13694,999.7903442382812,1000,2825472,0.0
13695,999.7870483398438,1000,2826496,0.0
13696,999.66015625,1000,2827520,0.0
13697,999.8092651367188,1000,2827520,0.0
13698,999.872314453125,1000,2828032,0.0
13699,999.614990234375,1000,2828800,0.0
13700,999.705810546875,1000,2830848,0.0
13701,999.05908203125,1000,2831360,0.0
13702,999.2755737304688,1000,2833152,0.0
13703,999.8880615234375,1000,2834432,0.0
13704,999.0673828125,1000,2834944,0.0
13705,999.6035766601562,1000,2835712,0.0
13706,999.7560424804688,1000,2835712,0.0
13707,999.6129150390625,1000,2836992,0.0
13708,999.241455078125,1000,2838272,0.0
13709,999.4677124023438,1000,2839296,0.0
13710,999.0684814453125,1000,2839296,0.0
13711,999.07861328125,1000,2840320,0.0
13712,999.2173461914062,1000,2841344,0.0
13713,999.654296875,1000,2841600,0.0
13714,999.2801513671875,1000,2842624,0.0
13715,999.1632080078125,1000,2843392,0.0
13716,999.2542114257812,1000,2843392,0.0
13717,999.8984375,1000,2843392,0.0
13718,999.4071655273438,1000,2844160,0.0
13719,999.2103881835938,1000,2844928,0.0
13720,999.5490112304688,1000,2844928,0.0
13721,999.1099243164062,1000,2845952,0.0
13722,999.8447875976562,1000,2846464,0.0
13723,999.3466186523438,1000,2847488,0.0
13724,999.435546875,1000,2847744,0.0
13725,999.63720703125,1000,2848512,0.0
13726,999.8685302734375,1000,2849280,0.0
13727,999.1987915039062,1000,2849792,0.0
13728,925.7284545898438,930,2849792,0.0
13729,998.8783569335938,1000,2850048,0.0
13730,998.6569213867188,1000,2850816,0.0
13731,999.661376953125,1000,2851072,0.0
13732,999.6089477539062,1000,2853632,0.0
13733,999.2639770507812,1000,2854144,0.0
13734,999.0338134765625,1000,2854912,0.0
13735,998.6657104492188,1000,2855168,0.0
13736,999.1180419921875,1000,2855168,0.0
13737,999.7730712890625,1000,2855424,0.0
13738,999.4445190429688,1000,2855424,0.0
13739,999.7501220703125,1000,2855680,0.0
13740,999.706787109375,1000,2855680,0.0
13741,999.0353393554688,1000,2855936,0.0
13742,999.433349609375,1000,2856448,0.0
13743,999.68798828125,1000,2856448,0.0
13744,999.0908203125,1000,2856448,0.0
13745,999.6817016601562,1000,2856704,0.0
13746,999.5147094726562,1000,2856960,0.0
13747,965.5780029296875,970,2857472,0.0
13748,999.4491577148438,1000,2859776,0.0
13749,998.9881591796875,1000,2860032,0.0
13750,998.937255859375,1000,2861568,0.0
13751,999.3746948242188,1000,2861824,0.0
13752,917.8187866210938,922,2861824,0.0
13753,999.7008666992188,1000,2861824,0.0
13754,999.4011840820312,1000,2861824,0.0
13755,999.5396118164062,1000,2863104,0.0
13756,963.5556640625,968,2863616,0.0
13757,999.56005859375,1000,2863872,0.0
13758,999.2222290039062,1000,2864640,0.0
13759,999.6779174804688,1000,2864896,0.0
13760,999.6241455078125,1000,2866176,0.0
13761,999.199951171875,1000,2867712,0.0
13762,998.703125,1000,2868736,0.0
13763,999.5492553710938,1000,2869504,0.0
13764,999.7780151367188,1000,2871040,0.0
13765,999.7843017578125,1000,2871296,0.0
13766,999.5458374023438,1000,2872064,0.0
13767,999.78271484375,1000,2872064,0.0
13768,999.3976440429688,1000,2872832,0.0
13769,999.3721923828125,1000,2873088,0.0
13770,937.9277954101562,942,2873600,0.0
13771,999.2479248046875,1000,2873856,0.0
13772,999.7968139648438,1000,2874624,0.0
13773,999.3001708984375,1000,2876928,0.0
13774,999.69482421875,1000,2877440,0.0
13775,973.6792602539062,978,2880512,0.0
13776,999.6800537109375,1000,2881280,0.0
13777,999.5170288085938,1000,2881536,0.0
13778,999.507080078125,1000,2882560,0.0
13779,998.9056396484375,1000,2884352,0.0
13780,999.4456176757812,1000,2885888,0.0
13781,999.7677001953125,1000,2885888,0.0
13782,998.7977294921875,1000,2885888,0.0
13783,999.7245483398438,1000,2887680,0.0
13784,998.6926879882812,1000,2889472,0.0
13785,998.9038696289062,1000,2890752,0.0
13786,999.4569702148438,1000,2895360,0.0
13787,999.1685180664062,1000,2895360,0.0
13788,999.055908203125,1000,2899712,0.0
13789,999.572265625,1000,2899968,0.0
13790,998.653564453125,1000,2900736,0.0
13791,999.5031127929688,1000,2901504,0.0
13792,999.2761840820312,1000,2902272,0.0
13793,907.565673828125,911,2904064,0.0
13794,999.6964111328125,1000,2906368,0.0
13795,999.5689086914062,1000,2906368,0.0
13796,999.7587280273438,1000,2907392,0.0
13797,939.1571655273438,943,2907904,0.0
13798,999.1239013671875,1000,2908672,0.0
13799,999.6868286132812,1000,2910976,0.0
13800,999.07861328125,1000,2916352,0.0
13801,983.0132446289062,987,2917120,0.0
13802,999.3440551757812,1000,2918400,0.0
13803,999.7257690429688,1000,2920448,0.0
13804,998.6669921875,1000,2922752,0.0
13805,999.5680541992188,1000,2929408,0.0
13806,999.4540405273438,1000,2937088,0.0
13807,998.892822265625,1000,2937344,0.0
13808,999.3077392578125,1000,2941696,0.0
13809,999.3424072265625,1000,2951936,0.0
13810,999.5083618164062,1000,2953984,0.0
13811,999.35986328125,1000,2956032,0.0
13812,989.9080810546875,994,2957056,0.0
13813,999.485107421875,1000,2957312,0.0
13814,998.6976928710938,1000,2957824,0.0
13815,999.6926879882812,1000,2966528,0.0
13816,927.495361328125,932,2967808,0.0
13817,999.7035522460938,1000,2972928,0.0
13818,999.4295043945312,1000,2973952,0.0
13819,999.553955078125,1000,2977024,0.0
13820,999.00634765625,1000,2980864,0.0
13821,998.96630859375,1000,2981888,0.0
13822,999.2787475585938,1000,2984704,0.0
13823,884.67822265625,889,2986240,0.0
13824,999.7709350585938,1000,2987520,0.0
13825,999.622314453125,1000,2989056,0.0
13826,999.5145874023438,1000,2990848,0.0
13827,998.8258666992188,1000,2994432,0.0
13828,999.5563354492188,1000,2995968,0.0
13829,999.7634887695312,1000,2996480,0.0
13830,999.7669067382812,1000,2997248,0.0
13831,999.2664184570312,1000,3000064,0.0
13832,999.6444702148438,1000,3000064,0.0
13833,999.5796508789062,1000,3001344,0.0
13834,913.9185791015625,918,3003904,0.0
13835,999.3245849609375,1000,3004160,0.0
13836,999.7628173828125,1000,3006208,0.0
13837,999.29052734375,1000,3010048,0.0
13838,928.7130737304688,933,3012096,0.0
13839,999.4602661132812,1000,3012352,0.0
13840,969.3367309570312,973,3012864,0.0
13841,999.7035522460938,1000,3014656,0.0
13842,999.6624755859375,1000,3015680,0.0
13843,999.2809448242188,1000,3016448,0.0
13844,786.8630981445312,791,3016704,0.0
13845,866.7172241210938,871,3017984,0.0
13846,907.9577026367188,912,3017984,0.0
13847,830.6928100585938,835,3018240,0.0
13848,812.6028442382812,817,3020288,0.0
13849,999.4696044921875,1000,3020800,0.0
13850,918.8966064453125,923,3020800,0.0
13851,939.9367065429688,944,3023104,0.0
13852,869.413818359375,873,3024384,0.0
13853,999.4368896484375,1000,3025408,0.0
13854,999.4923706054688,1000,3026176,0.0
13855,934.9521484375,939,3026688,0.0
13856,928.387939453125,932,3026688,0.0
13857,903.7789306640625,908,3026688,0.0
13858,950.2417602539062,955,3027456,0.0
13859,964.6576538085938,968,3028224,0.0
13860,824.6034545898438,829,3028224,0.0
13861,999.43310546875,1000,3028736,0.0
13862,999.6881713867188,1000,3030016,0.0
13863,900.2532958984375,904,3030528,0.0
13864,679.8627319335938,684,3031552,0.0
13865,999.3997802734375,1000,3031808,0.0
13866,999.0184936523438,1000,3033600,0.0
13867,891.5111694335938,895,3035136,0.0
13868,843.903564453125,848,3035392,0.0
13869,593.2063598632812,597,3035392,0.0
13870,717.29345703125,721,3035648,0.0
13871,855.4149780273438,859,3036160,0.0
13872,616.2166137695312,620,3036160,0.0
13873,862.4571533203125,867,3036928,0.0
13874,999.1301879882812,1000,3036928,0.0
13875,926.236572265625,930,3037184,0.0
13876,999.747314453125,1000,3037440,0.0
13877,999.2332763671875,1000,3037696,0.0
13878,851.3946533203125,855,3037696,0.0
13879,999.7684326171875,1000,3037952,0.0
13880,998.8649291992188,1000,3038976,0.0
13881,999.7255859375,1000,3038976,0.0
13882,838.1309204101562,842,3039488,0.0
13883,999.6068115234375,1000,3039744,0.0
13884,475.61883544921875,480,3040000,0.0
13885,999.5626831054688,1000,3040256,0.0
13886,998.780517578125,1000,3040512,0.0
13887,801.7843017578125,806,3040768,0.0
13888,999.4677124023438,1000,3040768,0.0
13889,999.3595581054688,1000,3041280,0.0
13890,999.437744140625,1000,3041792,0.0
13891,833.1751708984375,837,3041792,0.0
13892,999.58935546875,1000,3042048,0.0
13893,999.544189453125,1000,3042560,0.0
13894,999.4066772460938,1000,3042816,0.0
13895,880.9603881835938,885,3042816,0.0
13896,631.788818359375,636,3044096,0.0
13897,614.4017333984375,618,3044096,0.0
13898,999.7064208984375,1000,3045120,0.0
13899,998.880859375,1000,3045632,0.0
13900,999.6275634765625,1000,3046144,0.0
13901,740.1766967773438,744,3046400,0.0
13902,999.6969604492188,1000,3047168,0.0
13903,951.4779663085938,955,3047680,0.0
13904,999.101806640625,1000,3047936,0.0
13905,999.2613525390625,1000,3048960,0.0
13906,999.6934814453125,1000,3049216,0.0
13907,670.298095703125,674,3049472,0.0
13908,999.1090087890625,1000,3049728,0.0
13909,998.8110961914062,1000,3049728,0.0
13910,719.3775024414062,723,3049984,0.0
13911,998.5147094726562,1000,3049984,0.0
13912,999.2343139648438,1000,3050496,0.0
13913,998.6550903320312,1000,3050496,0.0
13914,998.8641357421875,1000,3050496,0.0
13915,998.7183227539062,1000,3050496,0.0
13916,913.4749755859375,918,3051520,0.0
13917,999.3381958007812,1000,3052032,0.0
13918,671.338623046875,675,3053312,0.0
13919,999.3800659179688,1000,3054080,0.0
13920,999.6141357421875,1000,3054336,0.0
13921,999.1754760742188,1000,3054848,0.0
13922,996.3036499023438,1000,3055104,0.0
13923,999.6627807617188,1000,3055104,0.0
13924,999.4085083007812,1000,3055872,0.0
13925,998.8153076171875,1000,3057408,0.0
13926,999.3839721679688,1000,3058432,0.0
13927,998.7991333007812,1000,3058688,0.0
13928,999.205078125,1000,3058944,0.0
13929,963.4583129882812,967,3059200,0.0
13930,999.4476318359375,1000,3060224,0.0
13931,999.3187255859375,1000,3060480,0.0
13932,907.3828735351562,911,3060736,0.0
13933,826.442138671875,830,3060992,0.0
13934,999.6942138671875,1000,3061248,0.0
13935,999.484130859375,1000,3063808,0.0
13936,999.5404663085938,1000,3064064,0.0
13937,999.5864868164062,1000,3064320,0.0
13938,789.0621948242188,793,3064832,0.0
13939,999.481201171875,1000,3065088,0.0
13940,999.402099609375,1000,3065344,0.0
13941,999.3623657226562,1000,3065600,0.0
13942,873.522216796875,877,3065856,0.0
13943,999.2869873046875,1000,3066112,0.0
13944,999.5166015625,1000,3067136,0.0
13945,998.857421875,1000,3067648,0.0
13946,999.5930786132812,1000,3067904,0.0
13947,891.4035034179688,895,3068416,0.0
13948,999.1463012695312,1000,3068416,0.0
13949,999.4097900390625,1000,3068416,0.0
13950,982.4788208007812,986,3068672,0.0
13951,999.5271606445312,1000,3069440,0.0
13952,863.4390869140625,867,3069440,0.0
13953,434.62957763671875,439,3069440,0.0
13954,999.00634765625,1000,3069952,0.0
13955,841.74853515625,846,3070720,0.0
13956,998.933837890625,1000,3071232,0.0
13957,858.2236328125,862,3071488,0.0
13958,807.7512817382812,812,3071488,0.0
13959,999.6854858398438,1000,3071744,0.0
13960,624.6953735351562,629,3072000,0.0
13961,637.4601440429688,641,3072768,0.0
13962,938.7871704101562,943,3072768,0.0
13963,999.0867309570312,1000,3072768,0.0
13964,777.45751953125,781,3072768,0.0
13965,999.5909423828125,1000,3073536,0.0
13966,999.4026489257812,1000,3073792,0.0
13967,692.6505737304688,697,3073792,0.0
13968,999.6817016601562,1000,3074048,0.0
13969,902.3615112304688,906,3074560,0.0
13970,999.3807373046875,1000,3074560,0.0
13971,999.3038330078125,1000,3074816,0.0
13972,999.3363037109375,1000,3074816,0.0
13973,855.34130859375,859,3075328,0.0
13974,921.8035888671875,926,3075328,0.0
13975,999.4713134765625,1000,3075328,0.0
13976,999.5418090820312,1000,3076096,0.0
13977,807.3426513671875,811,3076352,0.0
13978,999.4190063476562,1000,3077376,0.0
13979,999.465576171875,1000,3078912,0.0
13980,999.7346801757812,1000,3079168,0.0
13981,763.3771362304688,767,3080704,0.0
13982,999.1817016601562,1000,3081216,0.0
13983,999.5621337890625,1000,3081472,0.0
13984,628.1831665039062,632,3082240,0.0
13985,999.5872192382812,1000,3082496,0.0
13986,760.089599609375,764,3083264,0.0
13987,999.4392700195312,1000,3084032,0.0
13988,999.5628662109375,1000,3084800,0.0
13989,852.5128173828125,856,3085312,0.0
13990,999.469970703125,1000,3086848,0.0
13991,902.5238037109375,906,3087616,0.0
13992,641.4496459960938,645,3087872,0.0
13993,750.25146484375,754,3088384,0.0
13994,998.9047241210938,1000,3089152,0.0
13995,999.7227783203125,1000,3090944,0.0
13996,999.5624389648438,1000,3091712,0.0
13997,998.8718872070312,1000,3091712,0.0
13998,924.6790771484375,929,3092736,0.0
13999,999.6365356445312,1000,3092992,0.0
14000,950.5301513671875,954,3094272,0.0
14001,999.0919799804688,1000,3095296,0.0
14002,861.3526611328125,865,3096064,0.0
14003,999.4813842773438,1000,3096320,0.0
14004,913.5980834960938,917,3096320,0.0
14005,999.5185546875,1000,3097600,0.0
14006,999.217041015625,1000,3099392,0.0
14007,999.5419311523438,1000,3099392,0.0
14008,998.935791015625,1000,3099392,0.0
14009,999.0357055664062,1000,3100160,0.0
14010,955.5791625976562,959,3100672,0.0
14011,999.4397583007812,1000,3100928,0.0
14012,999.4035034179688,1000,3100928,0.0
14013,838.5106811523438,842,3101440,0.0
14014,560.00390625,564,3101696,0.0
14015,998.7339477539062,1000,3101952,0.0
14016,961.5095825195312,965,3102208,0.0
14017,999.3162841796875,1000,3102464,0.0
14018,790.3847045898438,794,3102976,0.0
14019,999.5866088867188,1000,3103744,0.0
14020,914.1342163085938,918,3104512,0.0
14021,999.1605224609375,1000,3105280,0.0
14022,999.5150756835938,1000,3105792,0.0
14023,998.976806640625,1000,3105792,0.0
14024,657.5817260742188,661,3106560,0.0
14025,660.3544311523438,664,3107072,0.0
14026,975.5977172851562,979,3107328,0.0
14027,999.656982421875,1000,3109632,0.0
14028,999.352783203125,1000,3111424,0.0
14029,999.196533203125,1000,3111680,0.0
14030,999.579833984375,1000,3112448,0.0
14031,999.4622192382812,1000,3112448,0.0
14032,999.6720581054688,1000,3112960,0.0
14033,999.491455078125,1000,3113472,0.0
14034,971.5613403320312,975,3114240,0.0
14035,805.4299926757812,809,3115008,0.0
14036,999.6441040039062,1000,3115776,0.0
14037,578.9398193359375,583,3115776,0.0
14038,999.2445068359375,1000,3116032,0.0
14039,621.5427856445312,625,3116032,0.0
14040,998.8717041015625,1000,3117824,0.0
14041,999.0285034179688,1000,3117824,0.0
14042,999.4713134765625,1000,3117824,0.0
14043,999.1505737304688,1000,3119104,0.0
14044,845.37060546875,849,3119616,0.0
14045,999.6672973632812,1000,3119872,0.0
14046,787.5755004882812,791,3120896,0.0
14047,970.1087646484375,974,3121408,0.0
14048,665.45068359375,669,3123200,0.0
14049,999.488037109375,1000,3123712,0.0
14050,983.2771606445312,987,3123968,0.0
14051,954.5037841796875,958,3126784,0.0
14052,999.0408325195312,1000,3127040,0.0
14053,999.256103515625,1000,3128064,0.0
14054,999.3048706054688,1000,3129088,0.0
14055,876.5172119140625,880,3129344,0.0
14056,998.6954956054688,1000,3129600,0.0
14057,999.3235473632812,1000,3129856,0.0
14058,629.6162109375,633,3129856,0.0
14059,588.0690307617188,592,3132416,0.0
14060,589.2664794921875,594,3133952,0.0
14061,855.4266357421875,859,3136256,0.0
14062,645.0042724609375,649,3140096,0.0
14063,999.092041015625,1000,3141888,0.0
14064,912.544189453125,916,3141888,0.0
14065,607.8207397460938,612,3142912,0.0
14066,724.7466430664062,729,3144448,0.0
14067,999.1893310546875,1000,3145472,0.0
14068,744.4393310546875,748,3145472,0.0
14069,999.2091064453125,1000,3146752,0.0
14070,959.7278442382812,964,3147520,0.0
14071,998.8263549804688,1000,3155968,0.0
14072,605.7036743164062,610,3156224,0.0
14073,999.0742797851562,1000,3157504,0.0
14074,615.37158203125,619,3158528,0.0
14075,629.9970703125,634,3158784,0.0
14076,846.8358764648438,851,3159552,0.0
14077,686.1091918945312,690,3161344,0.0
14078,998.9506225585938,1000,3162368,0.0
14079,998.5301513671875,1000,3162368,0.0
14080,732.2672119140625,736,3165440,0.0
14081,632.8623046875,637,3173120,0.0
14082,716.3507690429688,720,3175168,0.0
14083,808.8648681640625,814,3181312,0.0
14084,625.0114135742188,630,3181568,0.0
14085,756.6395874023438,761,3183872,0.0
14086,645.7929077148438,651,3184640,0.0
14087,998.75830078125,1000,3185408,0.0
14088,664.9558715820312,669,3185920,0.0
14089,658.9500122070312,664,3186688,0.0
14090,626.5177612304688,631,3187712,0.0
14091,714.0224609375,718,3187968,0.0
14092,617.5084838867188,622,3191040,0.0
14093,661.2486572265625,665,3191040,0.0
14094,635.6364135742188,640,3192576,0.0
14095,685.0506591796875,689,3192832,0.0
14096,777.4400024414062,782,3194624,0.0
14097,631.5870361328125,636,3197952,0.0
14098,720.3131103515625,724,3198208,0.0
14099,581.2754516601562,586,3199488,0.0
14100,735.1073608398438,739,3201280,0.0
14101,733.13330078125,737,3204352,0.0
14102,727.0546875,731,3205120,0.0
14103,635.3555297851562,640,3208960,0.0
14104,746.5328979492188,751,3227648,0.0
14105,781.5005493164062,786,3227904,0.0
14106,700.4339599609375,705,3228160,0.0
14107,783.2237548828125,788,3228416,0.0
14108,694.2313842773438,699,3228672,0.0
14109,749.0060424804688,754,3229184,0.0
14110,903.3505859375,909,3229952,0.0
14111,696.81982421875,702,3230208,0.0
14112,943.2984008789062,949,3230464,0.0
14113,890.6506958007812,896,3230720,0.0
14114,781.3923950195312,786,3231232,0.0
14115,913.1739501953125,919,3231232,0.0
14116,792.0965576171875,797,3231488,0.0
14117,851.9066772460938,857,3231744,0.0
14118,737.3228759765625,742,3231744,0.0
14119,735.0792236328125,740,3232256,0.0
14120,722.1743774414062,727,3232512,0.0
14121,824.0673828125,829,3233024,0.0
14122,754.369873046875,759,3233280,0.0
14123,752.9703979492188,758,3233792,0.0
14124,755.2971801757812,761,3233792,0.0
14125,699.9658203125,705,3234560,0.0
14126,677.3276977539062,683,3235072,0.0
14127,677.2769775390625,683,3235584,0.0
14128,807.04541015625,812,3236096,0.0
14129,754.905029296875,760,3236352,0.0
14130,720.4306640625,726,3236352,0.0
14131,771.2852172851562,776,3236608,0.0
14132,679.4036254882812,686,3236608,0.0
14133,774.9395141601562,780,3236608,0.0
14134,664.1134033203125,669,3237376,0.0
14135,668.3584594726562,673,3238144,0.0
14136,733.3341674804688,739,3238400,0.0
14137,749.0377197265625,754,3238656,0.0
14138,648.5418090820312,654,3238912,0.0
14139,912.8843383789062,919,3239168,0.0
14140,790.893310546875,796,3239168,0.0
14141,738.0401611328125,743,3239168,0.0
14142,810.6882934570312,816,3239424,0.0
14143,858.310791015625,864,3239424,0.0
14144,721.2509765625,727,3239424,0.0
14145,773.0883178710938,778,3239424,0.0
14146,637.5552978515625,644,3239680,0.0
14147,783.9141845703125,789,3239680,0.0
14148,657.6107788085938,663,3239680,0.0
14149,773.51513671875,778,3239680,0.0
14150,785.3258056640625,790,3239936,0.0
14151,908.5869750976562,914,3240192,0.0
14152,762.4595947265625,767,3240448,0.0
14153,722.4179077148438,727,3240960,0.0
14154,774.7029418945312,780,3240960,0.0
14155,669.5172119140625,675,3241216,0.0
14156,783.23974609375,788,3241216,0.0
14157,700.540283203125,706,3241216,0.0
14158,772.2123413085938,777,3241472,0.0
14159,653.4371948242188,659,3241472,0.0
14160,690.3388061523438,696,3241984,0.0
14161,778.815185546875,784,3242752,0.0
14162,651.8145141601562,657,3242752,0.0
14163,747.5001831054688,752,3243008,0.0
14164,682.4472045898438,687,3243008,0.0
14165,758.4967041015625,763,3243264,0.0
14166,752.1256713867188,757,3243776,0.0
14167,853.4638061523438,858,3244032,0.0
14168,808.6004028320312,814,3244032,0.0
14169,665.0789184570312,670,3244288,0.0
14170,651.3797607421875,656,3244288,0.0
14171,639.4618530273438,645,3244288,0.0
14172,749.8688354492188,755,3244800,0.0
14173,737.1895751953125,742,3245056,0.0
14174,808.7967529296875,814,3245312,0.0
14175,758.2039794921875,763,3245312,0.0
14176,831.1836547851562,836,3245568,0.0
14177,799.669189453125,804,3245824,0.0
14178,728.595703125,733,3246080,0.0
14179,759.1046142578125,764,3246080,0.0
14180,676.4111938476562,682,3246336,0.0
14181,867.2391967773438,872,3246336,0.0
14182,601.1754760742188,606,3246848,0.0
14183,598.2863159179688,603,3247360,0.0
14184,815.5372314453125,821,3247360,0.0
14185,690.6702880859375,695,3247360,0.0
14186,668.755615234375,673,3247616,0.0
14187,782.2554931640625,787,3247616,0.0
14188,734.219482421875,739,3247872,0.0
14189,564.5386962890625,570,3248128,0.0
14190,697.7227783203125,702,3248128,0.0
14191,643.9811401367188,649,3248640,0.0
14192,651.4454345703125,656,3248640,0.0
14193,857.92822265625,863,3249152,0.0
14194,865.4959716796875,870,3249408,0.0
14195,755.641845703125,760,3249664,0.0
14196,632.3677368164062,637,3249920,0.0
14197,719.4518432617188,724,3250176,0.0
14198,704.6866455078125,709,3250176,0.0
14199,672.6885375976562,677,3250688,0.0
14200,816.26904296875,821,3250944,0.0
14201,783.6038818359375,788,3251456,0.0
14202,723.0242919921875,728,3251456,0.0
14203,653.3870849609375,658,3251712,0.0
14204,839.4501953125,844,3252224,0.0
14205,751.9779052734375,756,3252480,0.0
14206,838.1312866210938,843,3253248,0.0
14207,731.1976318359375,736,3253760,0.0
14208,814.7739868164062,819,3253760,0.0
14209,775.5961303710938,780,3254016,0.0
14210,648.3779296875,653,3254784,0.0
14211,750.7332153320312,756,3254784,0.0
14212,571.7064819335938,576,3254784,0.0
14213,822.7904052734375,828,3254784,0.0
14214,727.0660400390625,731,3255040,0.0
14215,892.775634765625,898,3255296,0.0
14216,602.7316284179688,607,3255552,0.0
14217,864.3372802734375,869,3256064,0.0
14218,764.9839477539062,769,3256064,0.0
14219,712.9039306640625,717,3256320,0.0
14220,728.0204467773438,732,3256832,0.0
14221,736.657958984375,741,3257344,0.0
14222,613.4149169921875,618,3257600,0.0
14223,589.5079956054688,594,3257856,0.0
14224,605.4931640625,610,3258112,0.0
14225,717.0939331054688,721,3258368,0.0
14226,611.8284301757812,617,3258880,0.0
14227,633.4537353515625,638,3259648,0.0
14228,723.9461059570312,728,3260416,0.0
14229,549.29833984375,554,3260928,0.0
14230,813.6112670898438,818,3261440,0.0
14231,766.739990234375,771,3261696,0.0
14232,730.2252807617188,734,3261696,0.0
14233,650.1917114257812,654,3261696,0.0
14234,750.1732177734375,754,3262464,0.0
14235,729.875,734,3262720,0.0
14236,554.5896606445312,560,3263232,0.0
14237,841.5364379882812,846,3263744,0.0
14238,623.7280883789062,629,3264000,0.0
14239,543.9151000976562,549,3264256,0.0
14240,868.9862060546875,874,3264512,0.0
14241,703.2491455078125,707,3265024,0.0
14242,734.3555908203125,739,3265280,0.0
14243,781.5055541992188,786,3265280,0.0
14244,723.8887939453125,728,3265280,0.0
14245,645.2935791015625,649,3265536,0.0
14246,739.7601928710938,744,3265792,0.0
14247,743.420166015625,748,3266048,0.0
14248,586.2970581054688,591,3266304,0.0
14249,778.2186889648438,784,3266304,0.0
14250,690.1309204101562,694,3266816,0.0
14251,670.218505859375,674,3267840,0.0
14252,762.9923706054688,767,3268352,0.0
14253,755.7210083007812,761,3268352,0.0
14254,651.7864990234375,656,3268608,0.0
14255,713.3566284179688,717,3268864,0.0
14256,767.7685546875,772,3269120,0.0
14257,716.9049682617188,721,3269376,0.0
14258,582.5964965820312,587,3269888,0.0
14259,645.0957641601562,649,3269888,0.0
14260,706.5745849609375,711,3269888,0.0
14261,706.313720703125,710,3270144,0.0
14262,592.0799560546875,597,3270656,0.0
14263,760.1544189453125,765,3271168,0.0
14264,771.6596069335938,776,3271424,0.0
14265,742.036376953125,746,3272448,0.0
14266,697.9097290039062,702,3272448,0.0
14267,607.6534423828125,612,3272704,0.0
14268,664.0352172851562,668,3272704,0.0
14269,782.8912353515625,787,3272704,0.0
14270,850.3125610351562,855,3274752,0.0
14271,552.3634033203125,557,3275008,0.0
14272,675.3041381835938,679,3275264,0.0
14273,659.5026245117188,664,3275776,0.0
14274,806.1348266601562,811,3276032,0.0
14275,601.0479125976562,605,3276288,0.0
14276,581.8448486328125,586,3276800,0.0
14277,516.386962890625,520,3277568,0.0
14278,663.787353515625,668,3277568,0.0
14279,640.951171875,645,3277568,0.0
14280,628.31396484375,632,3277824,0.0
14281,804.4474487304688,809,3277824,0.0
14282,726.2833862304688,730,3277824,0.0
14283,669.9376220703125,674,3277824,0.0
14284,558.7838134765625,563,3278080,0.0
14285,578.5368041992188,583,3279104,0.0
14286,661.0510864257812,665,3279872,0.0
14287,681.2213134765625,685,3279872,0.0
14288,598.4012451171875,602,3282176,0.0
14289,640.1538696289062,644,3282688,0.0
14290,876.791748046875,882,3283200,0.0
14291,662.4208374023438,666,3283968,0.0
14292,730.2178344726562,734,3283968,0.0
14293,704.8331909179688,709,3283968,0.0
14294,725.19189453125,729,3284224,0.0
14295,689.9937133789062,694,3284736,0.0
14296,674.5017700195312,679,3285248,0.0
14297,795.5635375976562,800,3286016,0.0
14298,754.3701782226562,759,3286016,0.0
14299,619.1952514648438,623,3286528,0.0
14300,720.5823974609375,725,3286528,0.0
14301,637.099365234375,641,3288064,0.0
14302,669.6139526367188,674,3288320,0.0
14303,615.4412231445312,619,3288320,0.0
14304,477.1097717285156,481,3288576,0.0
14305,802.5372314453125,807,3288832,0.0
14306,683.5485229492188,688,3290368,0.0
14307,598.4584350585938,602,3290368,0.0
14308,567.1926879882812,571,3291648,0.0
14309,759.8580322265625,764,3291904,0.0
14310,658.2412719726562,662,3292672,0.0
14311,759.0823364257812,764,3294976,0.0
14312,517.3751220703125,521,3295744,0.0
14313,523.3474731445312,527,3297280,0.0
14314,706.6092529296875,711,3297792,0.0
14315,553.0865478515625,557,3298560,0.0
14316,723.4935913085938,728,3299328,0.0
14317,662.2979125976562,667,3299840,0.0
14318,665.9794311523438,670,3301120,0.0
14319,734.4564819335938,739,3301632,0.0
14320,717.0846557617188,722,3302656,0.0
14321,456.8168640136719,461,3304704,0.0
14322,556.7369384765625,561,3304960,0.0
14323,468.3998107910156,473,3304960,0.0
14324,613.3099365234375,617,3305472,0.0
14325,752.927490234375,757,3305472,0.0
14326,717.102783203125,721,3305472,0.0
14327,623.0530395507812,627,3305984,0.0
14328,621.3824462890625,626,3307008,0.0
14329,576.4668579101562,580,3307008,0.0
14330,639.348876953125,643,3307520,0.0
14331,652.075927734375,657,3308288,0.0
14332,695.3453369140625,699,3308288,0.0
14333,426.9521179199219,431,3308544,0.0
14334,585.1702880859375,589,3310336,0.0
14335,409.4839782714844,413,3310848,0.0
14336,661.3327026367188,665,3312128,0.0
14337,595.3399658203125,599,3312128,0.0
14338,605.846923828125,610,3312384,0.0
14339,506.48681640625,510,3315200,0.0
14340,486.55682373046875,490,3316480,0.0
14341,532.4546508789062,536,3318528,0.0
14342,480.09423828125,484,3318528,0.0
14343,625.058349609375,630,3318784,0.0
14344,474.5506286621094,478,3320320,0.0
14345,581.6649780273438,585,3322880,0.0
14346,484.0410461425781,488,3326208,0.0
14347,539.2694091796875,543,3326976,0.0
14348,718.475830078125,723,3326976,0.0
14349,612.189697265625,616,3339264,0.0
14350,581.5701293945312,586,3341056,0.0
14351,434.3857727050781,438,3343360,0.0
14352,444.150634765625,448,3343872,0.0
14353,662.1080322265625,666,3345664,0.0
14354,422.6556701660156,427,3345920,0.0
14355,563.234130859375,567,3354112,0.0
14356,667.511962890625,672,3357440,0.0
14357,454.0892333984375,459,3358720,0.0
14358,508.96771240234375,513,3363072,0.0
14359,458.4909973144531,463,3364096,0.0
14360,484.58489990234375,489,3364864,0.0
14361,505.3594665527344,509,3365376,0.0
14362,542.3661499023438,546,3367680,0.0
14363,534.0363159179688,538,3367936,0.0
14364,483.9188232421875,488,3367936,0.0
14365,468.8515319824219,473,3367936,0.0
14366,544.9288940429688,549,3368192,0.0
14367,535.2680053710938,540,3368704,0.0
14368,506.75799560546875,511,3368960,0.0
14369,498.28125,502,3369472,0.0
14370,482.0079040527344,486,3369472,0.0
14371,515.592041015625,520,3369728,0.0
14372,538.2052612304688,542,3370496,0.0
14373,445.48846435546875,450,3372800,0.0
14374,548.1629638671875,552,3373568,0.0
14375,461.9175109863281,466,3374080,0.0
14376,705.0579223632812,709,3374336,0.0
14377,554.1548461914062,559,3374336,0.0
14378,524.850341796875,529,3374592,0.0
14379,470.8865661621094,475,3374848,0.0
14380,681.837158203125,686,3375104,0.0
14381,526.0517578125,530,3375104,0.0
14382,728.8687744140625,733,3375360,0.0
14383,520.254150390625,524,3375616,0.0
14384,494.1282958984375,499,3375872,0.0
14385,525.4554443359375,529,3379712,0.0
14386,513.6819458007812,518,3380224,0.0
14387,533.6666259765625,538,3380736,0.0
14388,457.9924621582031,462,3380736,0.0
14389,568.1979370117188,572,3380992,0.0
14390,538.3682861328125,543,3383296,0.0
14391,596.2905883789062,600,3385088,0.0
14392,563.5250854492188,568,3385344,0.0
14393,497.79150390625,502,3386880,0.0
14394,585.3429565429688,589,3389184,0.0
14395,614.7218017578125,619,3389184,0.0
14396,565.045166015625,569,3389696,0.0
14397,536.6746215820312,541,3393280,0.0
14398,573.7777099609375,578,3395328,0.0
14399,592.1426391601562,596,3396864,0.0
14400,589.6552734375,594,3397376,0.0
14401,593.4074096679688,598,3399424,0.0
14402,838.348876953125,843,3401728,0.0
14403,668.4967651367188,673,3402240,0.0
14404,634.5659790039062,639,3403264,0.0
14405,652.6118774414062,657,3403776,0.0
14406,645.1029663085938,649,3405312,0.0
14407,621.30712890625,625,3407872,0.0
14408,624.8421630859375,629,3409152,0.0
14409,630.1276245117188,634,3411968,0.0
14410,635.2269897460938,639,3415040,0.0
14411,708.5819091796875,713,3415552,0.0
14412,646.0709228515625,650,3415808,0.0
14413,584.7421875,589,3416064,0.0
14414,682.1965942382812,686,3416064,0.0
14415,626.1258544921875,631,3416320,0.0
14416,619.39453125,624,3416576,0.0
14417,642.120849609375,646,3416832,0.0
14418,604.0408325195312,608,3417088,0.0
14419,672.3599853515625,676,3418368,0.0
14420,591.3137817382812,595,3418624,0.0
14421,739.0167236328125,743,3418624,0.0
14422,596.3152465820312,601,3418880,0.0
14423,672.0396118164062,676,3419136,0.0
14424,690.1184692382812,694,3419136,0.0
14425,685.8421020507812,690,3419392,0.0
14426,581.328369140625,585,3419648,0.0
14427,636.9797973632812,641,3420160,0.0
14428,672.349853515625,676,3420416,0.0
14429,839.6954956054688,844,3420416,0.0
14430,579.9331665039062,584,3420672,0.0
14431,717.0335693359375,721,3420928,0.0
14432,704.5709228515625,709,3421184,0.0
14433,720.8431396484375,725,3421952,0.0
14434,613.9495849609375,618,3422208,0.0
14435,606.5547485351562,611,3422208,0.0
14436,560.5112915039062,565,3422208,0.0
14437,713.3074340820312,717,3422208,0.0
14438,894.2205200195312,899,3422720,0.0
14439,632.4969482421875,637,3422720,0.0
14440,627.3267822265625,631,3423232,0.0
14441,684.2854614257812,688,3423488,0.0
14442,717.3176879882812,721,3423488,0.0
14443,756.7556762695312,761,3423488,0.0
14444,631.6202392578125,636,3423744,0.0
14445,661.2567749023438,665,3424000,0.0
14446,704.7738037109375,709,3424256,0.0
14447,682.859619140625,687,3426048,0.0
14448,726.9573364257812,731,3426304,0.0
14449,661.041015625,665,3426560,0.0
14450,703.3156127929688,707,3427328,0.0
14451,658.9058837890625,663,3427584,0.0
14452,695.175537109375,699,3428864,0.0
14453,664.5205688476562,669,3429376,0.0
14454,652.009765625,657,3429888,0.0
14455,620.8096313476562,625,3430144,0.0
14456,723.727783203125,728,3430400,0.0
14457,639.1401977539062,643,3430656,0.0
14458,726.9951171875,731,3430912,0.0
14459,746.3754272460938,750,3431680,0.0
14460,608.9667358398438,613,3432192,0.0
14461,708.4306640625,712,3433216,0.0
14462,764.75927734375,769,3433472,0.0
14463,573.6486206054688,578,3433984,0.0
14464,701.624267578125,706,3434496,0.0
14465,618.6793212890625,623,3434496,0.0
14466,630.1804809570312,634,3435008,0.0
14467,725.3339233398438,729,3435776,0.0
14468,787.8729858398438,792,3436544,0.0
14469,687.9794921875,692,3437568,0.0
14470,621.0389404296875,625,3437824,0.0
14471,722.570556640625,727,3438592,0.0
14472,677.3136596679688,681,3438592,0.0
14473,790.7988891601562,795,3439616,0.0
14474,770.8834228515625,775,3439616,0.0
14475,719.2031860351562,723,3439872,0.0
14476,743.24169921875,747,3439872,0.0
14477,663.072021484375,667,3440640,0.0
14478,664.0362548828125,668,3440896,0.0
14479,826.6315307617188,831,3440896,0.0
14480,681.2467651367188,685,3440896,0.0
14481,708.0121459960938,712,3441152,0.0
14482,661.2405395507812,665,3441664,0.0
14483,646.368408203125,650,3442176,0.0
14484,686.9948120117188,691,3443712,0.0
14485,733.0792846679688,737,3443712,0.0
14486,780.9468994140625,785,3444224,0.0
14487,629.5166015625,634,3444480,0.0
14488,676.2991943359375,680,3444736,0.0
14489,620.4449462890625,624,3444992,0.0
14490,690.998046875,695,3446528,0.0
14491,689.9450073242188,694,3446528,0.0
14492,742.7064819335938,747,3447296,0.0
14493,695.2120361328125,699,3448064,0.0
14494,835.581787109375,840,3448320,0.0
14495,840.2978515625,845,3450112,0.0
14496,774.862548828125,779,3450112,0.0
14497,693.1341552734375,697,3451136,0.0
14498,686.5059814453125,690,3451392,0.0
14499,725.922119140625,730,3452160,0.0
14500,781.22216796875,785,3452672,0.0
14501,660.1236572265625,664,3452672,0.0
14502,704.1567993164062,708,3453696,0.0
14503,800.2484741210938,805,3453696,0.0
14504,833.9017944335938,838,3453952,0.0
14505,629.1517333984375,634,3454976,0.0
14506,840.0792236328125,844,3455488,0.0
14507,663.4367065429688,667,3455488,0.0
14508,742.8177490234375,747,3456512,0.0
14509,756.3936157226562,760,3457280,0.0
14510,791.173095703125,795,3457536,0.0
14511,798.3471069335938,802,3457536,0.0
14512,764.2835083007812,768,3458304,0.0
14513,653.9412231445312,658,3458816,0.0
14514,705.2266235351562,709,3459072,0.0
14515,675.532958984375,680,3460096,0.0
14516,659.5081176757812,663,3460096,0.0
14517,701.3983154296875,705,3460352,0.0
14518,843.8394165039062,848,3461888,0.0
14519,873.9176635742188,878,3465728,0.0
14520,892.8005981445312,897,3467008,0.0
14521,646.4319458007812,651,3467776,0.0
14522,863.3693237304688,868,3468288,0.0
14523,827.7417602539062,832,3468544,0.0
14524,794.6348266601562,798,3468800,0.0
14525,753.6294555664062,757,3471360,0.0
14526,898.1361083984375,902,3472128,0.0
14527,789.072509765625,793,3472384,0.0
14528,906.7654418945312,911,3472640,0.0
14529,688.6206665039062,692,3474432,0.0
14530,675.4905395507812,680,3475712,0.0
14531,917.2520141601562,922,3476224,0.0
14532,732.4089965820312,736,3476480,0.0
14533,859.9557495117188,864,3476480,0.0
14534,774.7052612304688,778,3476992,0.0
14535,777.02783203125,781,3477760,0.0
14536,729.3614501953125,733,3479296,0.0
14537,790.451904296875,794,3480064,0.0
14538,813.3483276367188,817,3481600,0.0
14539,709.9421997070312,714,3482112,0.0
14540,721.6297607421875,725,3483392,0.0
14541,861.8436279296875,866,3484928,0.0
14542,813.076171875,817,3485184,0.0
14543,717.79150390625,722,3487488,0.0
14544,941.1605224609375,945,3487744,0.0
14545,998.4808959960938,1000,3488512,0.0
14546,711.6441040039062,715,3489024,0.0
14547,859.6376342773438,863,3489280,0.0
14548,815.4053955078125,819,3489536,0.0
14549,705.4982299804688,710,3490304,0.0
14550,882.7059326171875,887,3490816,0.0
14551,873.5400390625,877,3490816,0.0
14552,673.8424682617188,678,3492096,0.0
14553,727.5850219726562,732,3492864,0.0
14554,807.8724365234375,812,3494400,0.0
14555,959.7337646484375,964,3495424,0.0
14556,998.0036010742188,1000,3497984,0.0
14557,992.87353515625,998,3505664,0.0
14558,905.4374389648438,909,3510784,0.0
14559,991.754638671875,996,3512320,0.0
14560,793.38671875,797,3512320,0.0
14561,783.4605712890625,788,3513856,0.0
14562,780.7980346679688,784,3517184,0.0
14563,799.6201171875,803,3517952,0.0
14564,931.4345092773438,935,3518464,0.0
14565,999.1844482421875,1000,3523840,0.0
14566,998.87890625,1000,3524352,0.0
14567,998.5853881835938,1000,3528704,0.0
14568,998.896484375,1000,3532288,0.0
14569,998.931396484375,1000,3533824,0.0
14570,903.3895263671875,907,3537152,0.0
14571,956.9750366210938,961,3537920,0.0
14572,999.0037231445312,1000,3539200,0.0
14573,998.9222412109375,1000,3539968,0.0
14574,999.35400390625,1000,3539968,0.0
14575,998.869140625,1000,3539968,0.0
14576,999.1881103515625,1000,3540224,0.0
14577,919.7200927734375,924,3541248,0.0
14578,998.3490600585938,1000,3542528,0.0
14579,999.3246459960938,1000,3544320,0.0
14580,998.8818969726562,1000,3544320,0.0
14581,998.9742431640625,1000,3544576,0.0
14582,998.8050537109375,1000,3544832,0.0
14583,939.048828125,943,3548416,0.0
14584,998.6831665039062,1000,3550976,0.0
14585,947.1558227539062,951,3550976,0.0
14586,999.3787231445312,1000,3551744,0.0
14587,998.964111328125,1000,3554560,0.0
14588,920.2521362304688,924,3555328,0.0
14589,999.5315551757812,1000,3555840,0.0
14590,999.3088989257812,1000,3560960,0.0
14591,988.3258666992188,992,3560960,0.0
14592,999.06494140625,1000,3561472,0.0
14593,996.2667846679688,1000,3561472,0.0
14594,999.0679931640625,1000,3564288,0.0
14595,925.043701171875,929,3564800,0.0
14596,973.39208984375,977,3565312,0.0
14597,990.0645751953125,994,3565312,0.0
14598,999.3895263671875,1000,3566336,0.0
14599,998.5437622070312,1000,3568128,0.0
14600,999.1047973632812,1000,3574528,0.0
14601,999.1624145507812,1000,3576320,0.0
14602,999.2689208984375,1000,3578880,0.0
14603,985.4609375,989,3579392,0.0
14604,998.7485961914062,1000,3582976,0.0
14605,998.9223022460938,1000,3595264,0.0
14606,999.3381958007812,1000,3597056,0.0
14607,999.6538696289062,1000,3599360,0.0
14608,998.7230224609375,1000,3599872,0.0
14609,999.1449584960938,1000,3601664,0.0
14610,999.5330200195312,1000,3601920,0.0
14611,999.3793334960938,1000,3610112,0.0
14612,999.4402465820312,1000,3613440,0.0
14613,999.6197509765625,1000,3614720,0.0
14614,999.8519897460938,1000,3619072,0.0
14615,999.42236328125,1000,3620096,0.0
14616,981.8757934570312,986,3620096,0.0
14617,999.2791137695312,1000,3620864,0.0
14618,999.3291625976562,1000,3621376,0.0
14619,999.0728759765625,1000,3623936,0.0
14620,999.4185791015625,1000,3623936,0.0
14621,999.70654296875,1000,3623936,0.0
14622,999.2589111328125,1000,3624192,0.0
14623,999.7784423828125,1000,3624704,0.0
14624,999.392822265625,1000,3624960,0.0
14625,999.419677734375,1000,3625472,0.0
14626,999.7264404296875,1000,3625472,0.0
14627,998.6874389648438,1000,3625728,0.0
14628,999.5322265625,1000,3626496,0.0
14629,998.4278564453125,1000,3628800,0.0
14630,999.3387451171875,1000,3629568,0.0
14631,999.2332763671875,1000,3630080,0.0
14632,999.1057739257812,1000,3630336,0.0
14633,999.3438110351562,1000,3630336,0.0
14634,999.2147216796875,1000,3630592,0.0
14635,999.7802124023438,1000,3630848,0.0
14636,999.7210693359375,1000,3631104,0.0
14637,999.2627563476562,1000,3631104,0.0
14638,998.9598388671875,1000,3631360,0.0
14639,999.4061889648438,1000,3631616,0.0
14640,999.2103271484375,1000,3631872,0.0
14641,999.185791015625,1000,3635712,0.0
14642,998.8089599609375,1000,3636224,0.0
14643,998.7704467773438,1000,3636736,0.0
14644,999.7221069335938,1000,3636736,0.0
14645,998.871826171875,1000,3636992,0.0
14646,999.4635009765625,1000,3639296,0.0
14647,999.4498291015625,1000,3641088,0.0
14648,998.4082641601562,1000,3641344,0.0
14649,998.8119506835938,1000,3642880,0.0
14650,999.6688232421875,1000,3645184,0.0
14651,999.334716796875,1000,3645184,0.0
14652,999.7276000976562,1000,3645696,0.0
14653,999.8302612304688,1000,3649280,0.0
14654,998.0682983398438,1000,3651328,0.0
14655,999.2859497070312,1000,3652864,0.0
14656,999.8080444335938,1000,3653376,0.0
14657,998.914306640625,1000,3655424,0.0
14658,999.1060791015625,1000,3657728,0.0
14659,999.2672119140625,1000,3658240,0.0
14660,998.97705078125,1000,3659264,0.0
14661,999.5724487304688,1000,3659776,0.0
14662,998.9584350585938,1000,3661312,0.0
14663,468.3935546875,472,3663360,0.0
14664,999.607666015625,1000,3663872,0.0
14665,999.6194458007812,1000,3665152,0.0
14666,999.2385864257812,1000,3667968,0.0
14667,722.2413940429688,727,3668224,0.0
14668,584.8787231445312,589,3669248,0.0
14669,514.0140991210938,518,3669760,0.0
14670,999.0361328125,1000,3671040,0.0
14671,999.1488647460938,1000,3671552,0.0
14672,999.697509765625,1000,3671808,0.0
14673,998.8989868164062,1000,3672064,0.0
14674,999.60595703125,1000,3672064,0.0
14675,999.1712036132812,1000,3672320,0.0
14676,999.1094360351562,1000,3672576,0.0
14677,999.7067260742188,1000,3672832,0.0
14678,617.2598266601562,621,3672832,0.0
14679,998.9835815429688,1000,3673088,0.0
14680,547.3193969726562,551,3673344,0.0
14681,999.5919189453125,1000,3674368,0.0
14682,999.1211547851562,1000,3674624,0.0
14683,999.5009765625,1000,3674624,0.0
14684,999.7332153320312,1000,3674880,0.0
14685,999.4092407226562,1000,3675136,0.0
14686,999.2118530273438,1000,3675136,0.0
14687,998.4927368164062,1000,3675392,0.0
14688,999.6774291992188,1000,3675648,0.0
14689,998.9755249023438,1000,3676160,0.0
14690,999.7135620117188,1000,3676416,0.0
14691,999.361328125,1000,3676416,0.0
14692,999.0682373046875,1000,3676672,0.0
14693,998.8269653320312,1000,3676928,0.0
14694,999.6414184570312,1000,3677184,0.0
14695,999.6909790039062,1000,3677952,0.0
14696,999.4282836914062,1000,3678208,0.0
14697,999.1339721679688,1000,3678208,0.0
14698,999.6397094726562,1000,3678208,0.0
14699,998.573486328125,1000,3678208,0.0
14700,381.7857360839844,386,3678208,0.0
14701,737.0987548828125,742,3678464,0.0
14702,999.4122314453125,1000,3678720,0.0
14703,999.515380859375,1000,3678720,0.0
14704,999.678955078125,1000,3679232,0.0
14705,999.65673828125,1000,3679488,0.0
14706,524.4219360351562,528,3679488,0.0
14707,999.41162109375,1000,3679488,0.0
14708,541.0122680664062,545,3679488,0.0
14709,998.7017211914062,1000,3679488,0.0
14710,999.5380249023438,1000,3679744,0.0
14711,999.2993774414062,1000,3680000,0.0
14712,632.720458984375,637,3680256,0.0
14713,999.417236328125,1000,3680256,0.0
14714,999.6976928710938,1000,3682048,0.0
14715,408.8373107910156,413,3682048,0.0
14716,999.0536499023438,1000,3682304,0.0
14717,800.5048828125,805,3682560,0.0
14718,999.7191162109375,1000,3682560,0.0
14719,999.6372680664062,1000,3683328,0.0
14720,601.3489990234375,605,3683584,0.0
14721,999.6309814453125,1000,3683584,0.0
14722,561.2503662109375,565,3684608,0.0
14723,999.715087890625,1000,3684864,0.0
14724,999.7548217773438,1000,3685376,0.0
14725,999.8412475585938,1000,3685888,0.0
14726,999.4972534179688,1000,3686144,0.0
14727,999.3048095703125,1000,3686400,0.0
14728,999.6986083984375,1000,3686656,0.0
14729,998.1368408203125,1000,3686912,0.0
14730,999.8421020507812,1000,3687680,0.0
14731,999.7352905273438,1000,3688192,0.0
14732,578.5267333984375,582,3688960,0.0
14733,998.1668090820312,1000,3689216,0.0
14734,999.5477294921875,1000,3689472,0.0
14735,484.6186218261719,488,3689728,0.0
14736,999.5078125,1000,3689984,0.0
14737,998.8106079101562,1000,3690496,0.0
14738,998.7947998046875,1000,3690496,0.0
14739,914.6080322265625,919,3690752,0.0
14740,999.6723022460938,1000,3691008,0.0
14741,999.1543579101562,1000,3691776,0.0
14742,998.6477661132812,1000,3692544,0.0
14743,511.6466369628906,515,3692800,0.0
14744,999.4144287109375,1000,3693568,0.0
14745,999.0294189453125,1000,3693824,0.0
14746,624.5367431640625,628,3694592,0.0
14747,999.274658203125,1000,3694592,0.0
14748,999.7291870117188,1000,3694592,0.0
14749,377.1749267578125,382,3694848,0.0
14750,716.7717895507812,721,3695360,0.0
14751,999.6599731445312,1000,3695616,0.0
14752,999.16015625,1000,3695616,0.0
14753,999.260986328125,1000,3695872,0.0
14754,437.0203857421875,441,3695872,0.0
14755,999.8302612304688,1000,3695872,0.0
14756,999.7978515625,1000,3696640,0.0
14757,999.717041015625,1000,3696896,0.0
14758,999.2899780273438,1000,3696896,0.0
14759,999.6735229492188,1000,3696896,0.0
14760,613.4848022460938,617,3697152,0.0
14761,998.3248291015625,1000,3697152,0.0
14762,999.2073364257812,1000,3697664,0.0
14763,999.7425537109375,1000,3698176,0.0
14764,478.4505310058594,483,3698176,0.0
14765,683.4949951171875,687,3699712,0.0
14766,999.7962036132812,1000,3699712,0.0
14767,999.4028930664062,1000,3699712,0.0
14768,588.6088256835938,592,3699968,0.0
14769,998.26171875,1000,3700224,0.0
14770,999.4234008789062,1000,3700480,0.0
14771,999.0556030273438,1000,3700736,0.0
14772,999.6617431640625,1000,3700992,0.0
14773,609.3342895507812,613,3701760,0.0
14774,611.552001953125,615,3702016,0.0
14775,998.8231811523438,1000,3702528,0.0
14776,999.6451416015625,1000,3702528,0.0
14777,999.0330810546875,1000,3703296,0.0
14778,578.4714965820312,582,3703552,0.0
14779,999.4457397460938,1000,3704064,0.0
14780,999.387451171875,1000,3704320,0.0
14781,705.465087890625,709,3705856,0.0
14782,998.9176025390625,1000,3706112,0.0
14783,998.577880859375,1000,3706112,0.0
14784,999.7860717773438,1000,3707136,0.0
14785,999.5364379882812,1000,3707392,0.0
14786,999.48974609375,1000,3708160,0.0
14787,999.5718994140625,1000,3708672,0.0
14788,999.3912963867188,1000,3708672,0.0
14789,612.5962524414062,616,3709440,0.0
14790,999.4432983398438,1000,3709696,0.0
14791,998.8248901367188,1000,3709696,0.0
14792,999.2943725585938,1000,3709952,0.0
14793,999.5972290039062,1000,3710976,0.0
14794,942.8186645507812,947,3711232,0.0
14795,998.85009765625,1000,3711488,0.0
14796,999.1925048828125,1000,3712512,0.0
14797,998.4120483398438,1000,3713280,0.0
14798,999.0368041992188,1000,3713536,0.0
14799,999.7732543945312,1000,3713536,0.0
14800,782.25634765625,786,3713536,0.0
14801,941.3346557617188,945,3714048,0.0
14802,999.616455078125,1000,3714304,0.0
14803,998.42919921875,1000,3714816,0.0
14804,998.638671875,1000,3715072,0.0
14805,999.1484375,1000,3716096,0.0
14806,999.2890625,1000,3716096,0.0
14807,999.3893432617188,1000,3716352,0.0
14808,999.6337280273438,1000,3717888,0.0
14809,999.6219482421875,1000,3721728,0.0
14810,614.3467407226562,618,3722496,0.0
14811,904.7982788085938,909,3723008,0.0
14812,999.5015869140625,1000,3723008,0.0
14813,999.2484130859375,1000,3723776,0.0
14814,698.2413330078125,702,3724032,0.0
14815,998.8295288085938,1000,3724288,0.0
14816,998.647705078125,1000,3724544,0.0
14817,640.658447265625,644,3726336,0.0
14818,999.4013061523438,1000,3727360,0.0
14819,669.6721801757812,674,3728384,0.0
14820,999.14453125,1000,3728384,0.0
14821,999.1553955078125,1000,3728640,0.0
14822,999.4906005859375,1000,3730432,0.0
14823,700.52587890625,704,3731200,0.0
14824,752.261474609375,756,3731456,0.0
14825,943.5691528320312,947,3731712,0.0
14826,999.4108276367188,1000,3731712,0.0
14827,510.3607482910156,515,3731712,0.0
14828,663.5914916992188,667,3732224,0.0
14829,999.7980346679688,1000,3732224,0.0
14830,999.3897705078125,1000,3732480,0.0
14831,998.7883911132812,1000,3732992,0.0
14832,999.4371948242188,1000,3733760,0.0
14833,695.3091430664062,700,3734528,0.0
14834,999.3635864257812,1000,3735296,0.0
14835,999.1710815429688,1000,3736064,0.0
14836,664.513916015625,668,3736320,0.0
14837,987.5503540039062,991,3737088,0.0
14838,999.5263061523438,1000,3737600,0.0
14839,948.1454467773438,952,3739136,0.0
14840,774.33251953125,778,3739392,0.0
14841,999.2172241210938,1000,3740928,0.0
14842,999.5835571289062,1000,3741184,0.0
14843,540.843505859375,545,3741440,0.0
14844,999.7136840820312,1000,3743488,0.0
14845,999.743408203125,1000,3743744,0.0
14846,977.4501953125,981,3744000,0.0
14847,999.7434692382812,1000,3745024,0.0
14848,999.4172973632812,1000,3745536,0.0
14849,999.4592895507812,1000,3746816,0.0
14850,998.62548828125,1000,3746816,0.0
14851,998.9015502929688,1000,3748096,0.0
14852,999.6076049804688,1000,3750400,0.0
14853,503.211181640625,507,3751168,0.0
14854,820.1820678710938,824,3752192,0.0
14855,998.6619262695312,1000,3753984,0.0
14856,486.5218200683594,491,3755776,0.0
14857,804.0396118164062,808,3757824,0.0
14858,998.9263916015625,1000,3761664,0.0
14859,768.1685180664062,772,3763968,0.0
14860,518.9866943359375,523,3764224,0.0
14861,664.2754516601562,668,3766272,0.0
14862,655.5082397460938,659,3768064,0.0
14863,998.963623046875,1000,3768320,0.0
14864,808.8689575195312,813,3773440,0.0
14865,998.83544921875,1000,3773952,0.0
14866,821.1943969726562,826,3779584,0.0
14867,552.1380615234375,556,3783680,0.0
14868,597.5435791015625,602,3784960,0.0
14869,622.5549926757812,626,3785216,0.0
14870,729.6573486328125,734,3802624,0.0
14871,699.7402954101562,703,3806464,0.0
14872,998.2792358398438,1000,3816960,0.0
14873,932.3289794921875,937,3818752,0.0
14874,765.8768310546875,770,3821056,0.0
14875,761.1300048828125,765,3824640,0.0
14876,732.0576171875,736,3825408,0.0
14877,998.1801147460938,1000,3857664,0.0
14878,998.5904541015625,1000,3866112,0.0
14879,997.7991943359375,1000,3869440,0.0
14880,997.89306640625,1000,3875072,0.0
14881,997.8175659179688,1000,3876096,0.0
14882,997.5850830078125,1000,3876096,0.0
14883,998.0971069335938,1000,3876864,0.0
14884,997.7344970703125,1000,3879936,0.0
14885,997.63623046875,1000,3879936,0.0
14886,997.5327758789062,1000,3880192,0.0
14887,997.5521240234375,1000,3880704,0.0
14888,998.2318115234375,1000,3881472,0.0
14889,997.4122314453125,1000,3881472,0.0
14890,997.7381591796875,1000,3881728,0.0
14891,997.438232421875,1000,3885568,0.0
14892,997.29638671875,1000,3886336,0.0
14893,997.4390869140625,1000,3886592,0.0
14894,997.5927734375,1000,3887104,0.0
14895,997.6867065429688,1000,3887104,0.0
14896,997.54736328125,1000,3887360,0.0
14897,997.9378662109375,1000,3887616,0.0
14898,997.672607421875,1000,3887872,0.0
14899,997.2904663085938,1000,3891712,0.0
14900,997.8156127929688,1000,3892224,0.0
14901,997.8790283203125,1000,3892736,0.0
14902,997.2591552734375,1000,3892736,0.0
14903,997.7327270507812,1000,3895296,0.0
14904,997.6431274414062,1000,3897088,0.0
14905,998.0269165039062,1000,3898880,0.0
14906,996.1134033203125,1000,3901184,0.0
14907,997.5995483398438,1000,3901184,0.0
14908,997.8822631835938,1000,3901696,0.0
14909,997.991455078125,1000,3905280,0.0
14910,997.8816528320312,1000,3907328,0.0
14911,997.7897338867188,1000,3908864,0.0
14912,997.3864135742188,1000,3909376,0.0
14913,997.2591552734375,1000,3911424,0.0
14914,997.9096069335938,1000,3913728,0.0
14915,997.830322265625,1000,3914240,0.0
14916,997.8922729492188,1000,3915264,0.0
14917,997.4822998046875,1000,3915776,0.0
14918,997.8001098632812,1000,3917312,0.0
14919,997.0834350585938,1000,3919360,0.0
14920,996.7950439453125,1000,3919872,0.0
14921,997.1161499023438,1000,3921152,0.0
14922,997.58935546875,1000,3923968,0.0
14923,997.2609252929688,1000,3924224,0.0
14924,996.3274536132812,1000,3925248,0.0
14925,997.3477172851562,1000,3925760,0.0
14926,996.794921875,1000,3927040,0.0
14927,996.9998168945312,1000,3927552,0.0
14928,997.9500122070312,1000,3927808,0.0
14929,997.2738647460938,1000,3928064,0.0
14930,997.784912109375,1000,3928064,0.0
14931,997.54931640625,1000,3928320,0.0
14932,998.051513671875,1000,3928576,0.0
14933,998.1152954101562,1000,3928832,0.0
14934,997.3411254882812,1000,3928832,0.0
14935,998.061767578125,1000,3929088,0.0
14936,998.169921875,1000,3929344,0.0
14937,998.05126953125,1000,3930368,0.0
14938,996.6300659179688,1000,3930624,0.0
14939,997.8037719726562,1000,3930624,0.0
14940,998.021240234375,1000,3930880,0.0
14941,996.7769165039062,1000,3931136,0.0
14942,997.4706420898438,1000,3931136,0.0
14943,997.8785400390625,1000,3931392,0.0
14944,996.8551635742188,1000,3931648,0.0
14945,997.0619506835938,1000,3932160,0.0
14946,998.1421508789062,1000,3932416,0.0
14947,998.034423828125,1000,3932416,0.0
14948,997.1011352539062,1000,3932672,0.0
14949,997.59521484375,1000,3932928,0.0
14950,997.5380249023438,1000,3933184,0.0
14951,997.919921875,1000,3933952,0.0
14952,997.9342651367188,1000,3934208,0.0
14953,997.6060180664062,1000,3934208,0.0
14954,997.6281127929688,1000,3934208,0.0
14955,996.7271728515625,1000,3934208,0.0
14956,997.9763793945312,1000,3934208,0.0
14957,997.9713745117188,1000,3934464,0.0
14958,998.0305786132812,1000,3934720,0.0
14959,997.6395263671875,1000,3934720,0.0
14960,998.0670776367188,1000,3935232,0.0
14961,998.0720825195312,1000,3935488,0.0
14962,997.4158935546875,1000,3935488,0.0
14963,997.8758544921875,1000,3935488,0.0
14964,998.040771484375,1000,3935488,0.0
14965,997.7849731445312,1000,3935488,0.0
14966,996.5264282226562,1000,3935744,0.0
14967,997.998291015625,1000,3936000,0.0
14968,997.5381469726562,1000,3936256,0.0
14969,997.8211059570312,1000,3936256,0.0
14970,998.0943603515625,1000,3938048,0.0
14971,997.6853637695312,1000,3938048,0.0
14972,997.4293823242188,1000,3938304,0.0
14973,998.06494140625,1000,3938560,0.0
14974,998.003173828125,1000,3938560,0.0
14975,997.8768310546875,1000,3939328,0.0
14976,997.463134765625,1000,3939584,0.0
14977,997.8649291992188,1000,3939584,0.0
14978,997.6715698242188,1000,3940608,0.0
14979,997.2714233398438,1000,3940864,0.0
14980,997.5192260742188,1000,3941376,0.0
14981,998.0108642578125,1000,3941888,0.0
14982,997.546875,1000,3942144,0.0
14983,998.11279296875,1000,3942400,0.0
14984,997.7368774414062,1000,3942656,0.0
14985,997.1511840820312,1000,3942912,0.0
14986,998.1115112304688,1000,3943680,0.0
14987,998.06103515625,1000,3944192,0.0
14988,998.0963134765625,1000,3944960,0.0
14989,997.0607299804688,1000,3945216,0.0
14990,997.1577758789062,1000,3945472,0.0
14991,997.2347412109375,1000,3945728,0.0
14992,997.5690307617188,1000,3945984,0.0
14993,997.907958984375,1000,3946496,0.0
14994,998.1140747070312,1000,3946496,0.0
14995,996.8613891601562,1000,3946752,0.0
14996,998.0314331054688,1000,3947008,0.0
14997,997.8445434570312,1000,3947776,0.0
14998,997.6358642578125,1000,3948544,0.0
14999,997.9735107421875,1000,3948800,0.0
15000,997.974609375,1000,3949568,0.0
15001,996.9393310546875,1000,3949824,0.0
15002,998.0257568359375,1000,3950592,0.0
15003,997.9623413085938,1000,3950592,0.0
15004,998.1061401367188,1000,3950592,0.0
15005,997.7517700195312,1000,3950848,0.0
15006,996.9739990234375,1000,3951360,0.0
15007,997.9793701171875,1000,3951616,0.0
15008,997.9681396484375,1000,3951616,0.0
15009,997.8189697265625,1000,3951872,0.0
15010,997.331787109375,1000,3951872,0.0
15011,997.9282836914062,1000,3951872,0.0
15012,997.4478759765625,1000,3952640,0.0
15013,997.5200805664062,1000,3952896,0.0
15014,997.8202514648438,1000,3952896,0.0
15015,997.3732299804688,1000,3952896,0.0
15016,996.5870971679688,1000,3953152,0.0
15017,997.3984985351562,1000,3953152,0.0
15018,997.361083984375,1000,3953664,0.0
15019,997.7191772460938,1000,3954176,0.0
15020,996.8754272460938,1000,3954176,0.0
15021,997.4677124023438,1000,3955712,0.0
15022,997.3436889648438,1000,3955712,0.0
15023,996.7267456054688,1000,3955712,0.0
15024,998.0162353515625,1000,3955968,0.0
15025,996.9191284179688,1000,3956224,0.0
15026,997.6110229492188,1000,3956480,0.0
15027,997.9010009765625,1000,3956736,0.0
15028,997.1996459960938,1000,3956992,0.0
15029,998.039794921875,1000,3957760,0.0
15030,997.6679077148438,1000,3958016,0.0
15031,998.0191650390625,1000,3958528,0.0
15032,997.2849731445312,1000,3958528,0.0
15033,997.046630859375,1000,3959296,0.0
15034,997.1747436523438,1000,3959552,0.0
15035,996.8554077148438,1000,3960064,0.0
15036,998.0831909179688,1000,3960320,0.0
15037,997.8174438476562,1000,3961856,0.0
15038,997.9408569335938,1000,3962112,0.0
15039,997.3497314453125,1000,3962112,0.0
15040,997.9071044921875,1000,3963136,0.0
15041,997.8300170898438,1000,3963392,0.0
15042,997.9457397460938,1000,3964160,0.0
15043,997.4011840820312,1000,3964672,0.0
15044,998.1028442382812,1000,3964672,0.0
15045,997.6732177734375,1000,3965440,0.0
15046,997.938232421875,1000,3965696,0.0
15047,997.4932250976562,1000,3965696,0.0
15048,997.7020874023438,1000,3965952,0.0
15049,997.4685668945312,1000,3966976,0.0
15050,997.0419921875,1000,3967232,0.0
15051,997.6742553710938,1000,3967488,0.0
15052,996.9602661132812,1000,3968512,0.0
15053,998.0200805664062,1000,3969280,0.0
15054,997.1554565429688,1000,3969536,0.0
15055,997.9306030273438,1000,3969536,0.0
15056,997.2154541015625,1000,3969536,0.0
15057,997.9754028320312,1000,3970048,0.0
15058,997.9871826171875,1000,3970304,0.0
15059,997.7744750976562,1000,3970816,0.0
15060,997.235107421875,1000,3971072,0.0
15061,997.501220703125,1000,3972096,0.0
15062,997.9671020507812,1000,3972096,0.0
15063,998.1126098632812,1000,3972352,0.0
15064,997.9642944335938,1000,3973888,0.0
15065,997.528076171875,1000,3977728,0.0
15066,997.5029296875,1000,3978496,0.0
15067,997.7448120117188,1000,3979008,0.0
15068,997.9970092773438,1000,3979008,0.0
15069,997.1026000976562,1000,3979776,0.0
15070,996.4947509765625,1000,3980032,0.0
15071,997.8831176757812,1000,3980288,0.0
15072,997.8858642578125,1000,3980544,0.0
15073,998.06982421875,1000,3982336,0.0
15074,997.1777954101562,1000,3983360,0.0
15075,997.0584716796875,1000,3984384,0.0
15076,997.0123291015625,1000,3984384,0.0
15077,997.69677734375,1000,3984640,0.0
15078,997.9547729492188,1000,3986432,0.0
15079,998.0034790039062,1000,3987200,0.0
15080,997.7789916992188,1000,3987456,0.0
15081,996.8190307617188,1000,3987712,0.0
15082,997.4010009765625,1000,3987712,0.0
15083,997.7153930664062,1000,3987712,0.0
15084,997.705322265625,1000,3988224,0.0
15085,998.112548828125,1000,3988224,0.0
15086,998.0288696289062,1000,3988480,0.0
15087,997.290283203125,1000,3988992,0.0
15088,997.779541015625,1000,3989760,0.0
15089,997.6904296875,1000,3990528,0.0
15090,997.8672485351562,1000,3991296,0.0
15091,997.8024291992188,1000,3992064,0.0
15092,998.1219482421875,1000,3992320,0.0
15093,997.81884765625,1000,3993088,0.0
15094,997.8316040039062,1000,3993600,0.0
15095,997.358154296875,1000,3995136,0.0
15096,997.2938232421875,1000,3995392,0.0
15097,997.0827026367188,1000,3996928,0.0
15098,997.6793823242188,1000,3997184,0.0
15099,997.323974609375,1000,3997440,0.0
15100,997.9287109375,1000,3999488,0.0
15101,997.813232421875,1000,3999744,0.0
15102,997.3157958984375,1000,4000000,0.0
15103,997.7337036132812,1000,4001024,0.0
15104,997.2991333007812,1000,4001536,0.0
15105,997.7880249023438,1000,4002816,0.0
15106,997.9332885742188,1000,4002816,0.0
15107,997.9551391601562,1000,4004096,0.0
15108,997.2149658203125,1000,4006400,0.0
15109,998.0951538085938,1000,4007168,0.0
15110,997.9163818359375,1000,4008192,0.0
15111,998.0478515625,1000,4009984,0.0
15112,997.9384155273438,1000,4011776,0.0
15113,997.9252319335938,1000,4013824,0.0
15114,996.8896484375,1000,4017664,0.0
15115,996.9678344726562,1000,4019968,0.0
15116,997.1088256835938,1000,4020224,0.0
15117,997.6047973632812,1000,4022272,0.0
15118,998.0549926757812,1000,4024064,0.0
15119,997.3712768554688,1000,4024320,0.0
15120,998.0960083007812,1000,4029440,0.0
15121,997.7648315429688,1000,4029952,0.0
15122,998.0967407226562,1000,4035584,0.0
15123,996.8502197265625,1000,4039680,0.0
15124,996.8298950195312,1000,4040960,0.0
15125,996.13720703125,1000,4041216,0.0
15126,997.0719604492188,1000,4058624,0.0
15127,997.5557250976562,1000,4062464,0.0
15128,997.767578125,1000,4072960,0.0
15129,997.26123046875,1000,4074752,0.0
15130,998.1482543945312,1000,4077056,0.0
15131,984.293212890625,990,4078080,0.0
15132,997.4493408203125,1000,4081408,0.0
15133,996.517333984375,1000,4113664,0.0
15134,996.6430053710938,1000,4122112,0.0
15135,998.4156494140625,1000,4125440,0.0
15136,998.7676391601562,1000,4131072,0.0
15137,997.9285888671875,1000,4132096,0.0
15138,998.4298095703125,1000,4132096,0.0
15139,998.7946166992188,1000,4132864,0.0
15140,998.5244750976562,1000,4135936,0.0
15141,998.5875854492188,1000,4135936,0.0
15142,998.671630859375,1000,4136192,0.0
15143,997.19873046875,1000,4136704,0.0
15144,998.6251220703125,1000,4137472,0.0
15145,997.530029296875,1000,4137472,0.0
15146,997.8887329101562,1000,4137728,0.0
15147,998.1726684570312,1000,4141568,0.0
15148,998.4755859375,1000,4142336,0.0
15149,997.7977905273438,1000,4142592,0.0
15150,998.3564453125,1000,4143104,0.0
15151,997.9852294921875,1000,4143104,0.0
15152,998.1980590820312,1000,4143360,0.0
15153,998.2105712890625,1000,4143616,0.0
15154,998.241455078125,1000,4143872,0.0
15155,997.551025390625,1000,4147712,0.0
15156,997.7648315429688,1000,4148224,0.0
15157,996.8696899414062,1000,4148736,0.0
15158,996.9683227539062,1000,4148736,0.0
15159,997.04931640625,1000,4151296,0.0
15160,998.2156372070312,1000,4153088,0.0
15161,912.8618774414062,919,4154624,0.0
15162,875.3161010742188,882,4154624,0.0
15163,997.7552490234375,1000,4154880,0.0
15164,856.2841186523438,862,4155392,0.0
15165,877.568359375,883,4155392,0.0
15166,718.9276733398438,725,4155648,0.0
15167,792.1053466796875,798,4155904,0.0
15168,858.3276977539062,864,4155904,0.0
15169,855.1768798828125,861,4155904,0.0
15170,959.970947265625,966,4156160,0.0
15171,724.7393798828125,731,4156416,0.0
15172,762.776123046875,769,4156416,0.0
15173,754.2399291992188,760,4156672,0.0
15174,846.767578125,853,4156672,0.0
15175,831.2489624023438,837,4156672,0.0
15176,607.4110717773438,614,4156672,0.0
15177,832.6658935546875,839,4156928,0.0
15178,819.2432861328125,825,4156928,0.0
15179,997.7863159179688,1000,4157184,0.0
15180,998.1205444335938,1000,4157184,0.0
15181,857.0465087890625,863,4157184,0.0
15182,880.1647338867188,886,4157440,0.0
15183,997.9523315429688,1000,4157696,0.0
15184,523.9548950195312,530,4157952,0.0
15185,875.776611328125,882,4157952,0.0
15186,950.6829833984375,956,4158464,0.0
15187,878.83154296875,884,4158720,0.0
15188,786.975341796875,793,4158720,0.0
15189,679.087646484375,685,4158720,0.0
15190,653.7135009765625,660,4158720,0.0
15191,942.8157348632812,949,4158720,0.0
15192,871.3438720703125,877,4158976,0.0
15193,850.9619140625,857,4158976,0.0
15194,938.7039794921875,944,4158976,0.0
15195,724.9028930664062,731,4159232,0.0
15196,868.31591796875,874,4159232,0.0
15197,907.6212768554688,913,4159488,0.0
15198,826.75390625,832,4159744,0.0
15199,687.7479858398438,693,4159744,0.0
15200,869.7446899414062,876,4159744,0.0
15201,698.2355346679688,704,4160000,0.0
15202,768.7566528320312,774,4160000,0.0
15203,665.5525512695312,671,4160000,0.0
15204,802.4603271484375,809,4160000,0.0
15205,620.6697387695312,626,4160000,0.0
15206,902.2737426757812,908,4160256,0.0
15207,588.48779296875,594,4160256,0.0
15208,759.9966430664062,765,4160512,0.0
15209,890.7689819335938,896,4160512,0.0
15210,877.9599609375,884,4160512,0.0
15211,857.877685546875,863,4160512,0.0
15212,809.8407592773438,815,4160512,0.0
15213,813.7979125976562,820,4160512,0.0
15214,890.82568359375,896,4160512,0.0
15215,669.646728515625,675,4160512,0.0
15216,873.0918579101562,879,4160512,0.0
15217,664.9332275390625,671,4160768,0.0
15218,740.9602661132812,747,4160768,0.0
15219,883.6420288085938,889,4160768,0.0
15220,992.590087890625,998,4160768,0.0
15221,529.5458984375,535,4161024,0.0
15222,804.6815795898438,810,4161024,0.0
15223,977.7691650390625,983,4161024,0.0
15224,607.3265380859375,613,4161024,0.0
15225,700.3462524414062,706,4161024,0.0
15226,656.9110717773438,663,4161024,0.0
15227,725.3858032226562,731,4161024,0.0
15228,676.933837890625,683,4161280,0.0
15229,670.6417846679688,676,4161280,0.0
15230,855.8095092773438,861,4161280,0.0
15231,734.6266479492188,740,4161536,0.0
15232,881.989501953125,888,4161536,0.0
15233,650.4989013671875,656,4161536,0.0
15234,848.1835327148438,854,4161536,0.0
15235,878.69970703125,884,4161536,0.0
15236,765.80615234375,771,4161536,0.0
15237,854.6048583984375,860,4161536,0.0
15238,809.8566284179688,815,4161792,0.0
15239,810.0180053710938,815,4161792,0.0
15240,875.7117919921875,881,4161792,0.0
15241,810.9949951171875,816,4161792,0.0
15242,598.8113403320312,604,4161792,0.0
15243,658.974609375,664,4162048,0.0
15244,466.4244689941406,472,4162048,0.0
15245,801.4899291992188,807,4162304,0.0
15246,813.1288452148438,818,4162304,0.0
15247,689.6788330078125,695,4162304,0.0
15248,909.52734375,915,4162560,0.0
15249,896.5010986328125,902,4162560,0.0
15250,623.71435546875,629,4162560,0.0
15251,840.5821533203125,846,4162560,0.0
15252,897.947998046875,903,4162560,0.0
15253,748.4120483398438,754,4162560,0.0
15254,850.9404907226562,856,4162816,0.0
15255,887.5169677734375,893,4162816,0.0
15256,778.5567016601562,784,4162816,0.0
15257,835.4896240234375,841,4163072,0.0
15258,810.1250610351562,816,4163072,0.0
15259,910.3723754882812,916,4163072,0.0
15260,552.6084594726562,558,4163072,0.0
15261,787.896728515625,793,4163072,0.0
15262,913.8071899414062,919,4163328,0.0
15263,745.71728515625,752,4163328,0.0
15264,775.3937377929688,781,4163328,0.0
15265,770.8052368164062,776,4163328,0.0
15266,997.4781494140625,1000,4163328,0.0
15267,979.7991333007812,985,4163584,0.0
15268,594.635009765625,600,4163584,0.0
15269,884.4114379882812,890,4163584,0.0
15270,761.8279418945312,767,4163584,0.0
15271,693.5510864257812,699,4163584,0.0
15272,645.9254760742188,651,4163840,0.0
15273,871.5570678710938,877,4163840,0.0
15274,875.3926391601562,881,4164096,0.0
15275,931.39990234375,937,4164096,0.0
15276,892.5512084960938,898,4164096,0.0
15277,797.618896484375,803,4164096,0.0
15278,877.7466430664062,883,4164096,0.0
15279,672.3615112304688,678,4164096,0.0
15280,913.2899169921875,919,4164352,0.0
15281,770.8285522460938,776,4164352,0.0
15282,919.9793701171875,925,4164352,0.0
15283,481.8791198730469,487,4164352,0.0
15284,967.9791870117188,973,4164352,0.0
15285,950.70849609375,956,4164608,0.0
15286,393.2257385253906,399,4164608,0.0
15287,477.7323303222656,483,4164608,0.0
15288,853.3825073242188,859,4164864,0.0
15289,722.5593872070312,728,4164864,0.0
15290,634.0534057617188,640,4164864,0.0
15291,947.55224609375,953,4165120,0.0
15292,882.8197631835938,888,4165376,0.0
15293,768.7427368164062,774,4165632,0.0
15294,631.10009765625,637,4165888,0.0
15295,775.5797729492188,781,4165888,0.0
15296,526.7478637695312,532,4166144,0.0
15297,815.7125854492188,821,4166144,0.0
15298,832.6538696289062,838,4166144,0.0
15299,670.5076904296875,676,4166144,0.0
15300,725.3131103515625,731,4166144,0.0
15301,929.3414916992188,935,4166400,0.0
15302,857.7657470703125,863,4166400,0.0
15303,778.2183837890625,784,4166400,0.0
15304,810.9181518554688,816,4166656,0.0
15305,693.4544677734375,699,4166656,0.0
15306,728.0003051757812,733,4166656,0.0
15307,732.62646484375,738,4166656,0.0
15308,814.8320922851562,820,4166656,0.0
15309,915.954345703125,922,4166656,0.0
15310,531.9432373046875,537,4166912,0.0
15311,815.0048217773438,820,4166912,0.0
15312,808.9780883789062,814,4166912,0.0
15313,925.7055053710938,931,4167168,0.0
15314,854.0975952148438,860,4167168,0.0
15315,904.7872314453125,910,4167168,0.0
15316,637.4826049804688,643,4167424,0.0
15317,698.5875854492188,704,4167424,0.0
15318,761.8533325195312,767,4167424,0.0
15319,727.1837158203125,733,4167680,0.0
15320,820.6590576171875,826,4167680,0.0
15321,890.1690063476562,896,4167936,0.0
15322,902.6109008789062,908,4167936,0.0
15323,845.8778686523438,852,4167936,0.0
15324,882.2817993164062,888,4167936,0.0
15325,699.824462890625,705,4167936,0.0
15326,794.8300170898438,801,4168192,0.0
15327,626.2994995117188,632,4168192,0.0
15328,815.9379272460938,821,4168192,0.0
15329,811.0519409179688,817,4168448,0.0
15330,853.98388671875,860,4168960,0.0
15331,730.949951171875,736,4168960,0.0
15332,872.6671142578125,878,4168960,0.0
15333,881.4652709960938,887,4168960,0.0
15334,763.8623046875,769,4169216,0.0
15335,849.8381958007812,855,4169472,0.0
15336,848.7813720703125,854,4169472,0.0
15337,914.5994262695312,920,4169472,0.0
15338,845.9534912109375,851,4169728,0.0
15339,929.97216796875,936,4169984,0.0
15340,867.4722290039062,873,4169984,0.0
15341,872.5667114257812,878,4169984,0.0
15342,836.8890991210938,843,4169984,0.0
15343,997.7048950195312,1000,4170240,0.0
15344,722.1705322265625,728,4170752,0.0
15345,849.5632934570312,855,4170752,0.0
15346,851.9398193359375,857,4170752,0.0
15347,833.8765869140625,840,4170752,0.0
15348,911.9739379882812,918,4171008,0.0
15349,584.7005004882812,590,4171008,0.0
15350,860.6104736328125,866,4171264,0.0
15351,674.415771484375,680,4171520,0.0
15352,944.1924438476562,951,4171520,0.0
15353,369.72064208984375,381,4172288,0.0
15354,572.4013061523438,578,4172288,0.0
15355,686.5728149414062,692,4172288,0.0
15356,783.6138916015625,789,4172288,0.0
15357,838.6329345703125,845,4172800,0.0
15358,824.9081420898438,831,4173056,0.0
15359,931.3408813476562,938,4173056,0.0
15360,601.5867309570312,607,4173056,0.0
15361,625.6484375,631,4173312,0.0
15362,968.5307006835938,974,4173312,0.0
15363,806.6646728515625,813,4173568,0.0
15364,721.6599731445312,727,4173824,0.0
15365,443.0947570800781,450,4173824,0.0
15366,535.5694580078125,541,4174080,0.0
15367,694.7182006835938,700,4174592,0.0
15368,689.6866455078125,695,4174848,0.0
15369,863.5130615234375,869,4175104,0.0
15370,970.4967651367188,977,4175360,0.0
15371,873.2096557617188,879,4175616,0.0
15372,949.959228515625,956,4175616,0.0
15373,726.7177124023438,732,4175872,0.0
15374,884.0917358398438,890,4176384,0.0
15375,629.3359985351562,636,4176640,0.0
15376,396.87664794921875,406,4176896,0.0
15377,820.1827392578125,826,4178432,0.0
15378,907.912109375,914,4180480,0.0
15379,707.6122436523438,713,4182528,0.0
15380,833.9472045898438,840,4184576,0.0
15381,842.6842041015625,849,4185856,0.0
15382,985.0698852539062,991,4186368,0.0
15383,997.0451049804688,1000,4188416,0.0
15384,957.8880004882812,964,4189440,0.0
15385,776.2122192382812,782,4192512,0.0
15386,458.0301818847656,465,4197120,0.0
15387,475.0204772949219,484,4200960,0.0
15388,463.02587890625,471,4201984,0.0
15389,366.00592041015625,371,4208640,0.0
15390,395.7071838378906,401,4228096,0.0
15391,391.0375671386719,397,4233728,0.0
15392,393.39825439453125,399,4238336,0.0
15393,374.00885009765625,380,4240640,0.0
15394,431.9820251464844,437,4242944,0.0
15395,390.0541687011719,397,4243200,0.0
15396,409.56964111328125,417,4244224,0.0
15397,472.0294189453125,478,4244480,0.0
15398,420.0408935546875,426,4246528,0.0
15399,336.6728515625,342,4247296,0.0
15400,335.08538818359375,342,4248064,0.0
15401,432.291259765625,438,4248064,0.0
15402,435.1519775390625,442,4249088,0.0
15403,352.2574462890625,358,4250624,0.0
15404,345.6259765625,352,4251136,0.0
15405,364.9283752441406,372,4251904,0.0
15406,371.50018310546875,379,4252928,0.0
15407,349.8042297363281,357,4253184,0.0
15408,364.0643005371094,370,4253184,0.0
15409,359.0794982910156,367,4254464,0.0
15410,516.4086303710938,523,4290048,0.0
15411,566.2620239257812,572,4290304,0.0
15412,501.5810852050781,509,4290560,0.0
15413,610.6192626953125,618,4291072,0.0
15414,523.478271484375,530,4291072,0.0
15415,487.9484558105469,495,4291072,0.0
15416,613.722900390625,621,4291072,0.0
15417,532.6025390625,540,4291328,0.0
15418,521.0840454101562,529,4291328,0.0
15419,513.9024047851562,522,4291584,0.0
15420,514.4519653320312,522,4291584,0.0
15421,490.8552551269531,498,4291840,0.0
15422,554.1525268554688,560,4292096,0.0
15423,491.063232421875,497,4292096,0.0
15424,527.4046630859375,534,4292096,0.0
15425,519.637451171875,526,4292096,0.0
15426,501.2106018066406,509,4292352,0.0
15427,522.9901123046875,529,4292352,0.0
15428,579.21728515625,586,4292608,0.0
15429,510.0552062988281,516,4292608,0.0
15430,513.80517578125,521,4292864,0.0
15431,578.6970825195312,585,4292864,0.0
15432,521.71044921875,530,4292864,0.0
15433,517.2841186523438,523,4293120,0.0
15434,498.41839599609375,504,4293120,0.0
15435,561.6079711914062,568,4293120,0.0
15436,533.73046875,541,4293376,0.0
15437,500.323486328125,508,4293888,0.0
15438,528.6411743164062,537,4294144,0.0
15439,512.706298828125,518,4294144,0.0
15440,603.7191162109375,611,4294144,0.0
15441,538.1557006835938,545,4294144,0.0
15442,501.0395812988281,507,4294400,0.0
15443,516.7884521484375,524,4294400,0.0
15444,487.71441650390625,494,4294400,0.0
15445,588.0552978515625,595,4294656,0.0
15446,504.680908203125,511,4294912,0.0
15447,533.1807250976562,539,4294912,0.0
15448,510.8468322753906,517,4294912,0.0
15449,531.030517578125,538,4294912,0.0
15450,519.132080078125,528,4295168,0.0
15451,584.6683959960938,592,4295168,0.0
15452,517.3507690429688,524,4295168,0.0
15453,585.5366821289062,594,4295168,0.0
15454,517.79931640625,525,4295424,0.0
15455,495.7471618652344,502,4295424,0.0
15456,508.69036865234375,516,4295424,0.0
15457,610.370849609375,620,4295424,0.0
15458,517.9357299804688,524,4295680,0.0
15459,513.6793823242188,521,4295680,0.0
15460,510.8323974609375,517,4295680,0.0
15461,496.0014953613281,503,4295936,0.0
15462,512.9297485351562,519,4295936,0.0
15463,515.8269653320312,521,4295936,0.0
15464,518.568115234375,525,4295936,0.0
15465,499.3439636230469,506,4296192,0.0
15466,546.5149536132812,553,4296192,0.0
15467,519.3856811523438,526,4296192,0.0
15468,538.3826904296875,544,4296448,0.0
15469,521.8511352539062,530,4296448,0.0
15470,516.7229614257812,524,4296704,0.0
15471,527.5066528320312,534,4296704,0.0
15472,511.2460632324219,518,4296704,0.0
15473,516.9154052734375,525,4296960,0.0
15474,525.4944458007812,531,4296960,0.0
15475,529.1808471679688,536,4296960,0.0
15476,523.6200561523438,530,4296960,0.0
15477,546.4076538085938,553,4297216,0.0
15478,499.3552551269531,506,4297472,0.0
15479,527.77978515625,534,4297728,0.0
15480,545.8421630859375,552,4297728,0.0
15481,513.9165649414062,521,4297728,0.0
15482,507.3927917480469,515,4297984,0.0
15483,522.541259765625,528,4298240,0.0
15484,492.54901123046875,499,4298496,0.0
15485,511.05084228515625,518,4298752,0.0
15486,533.5465087890625,540,4298752,0.0
15487,581.1533813476562,588,4298752,0.0
15488,534.8335571289062,541,4299008,0.0
15489,517.45849609375,523,4299008,0.0
15490,523.1048583984375,530,4299008,0.0
15491,536.7479858398438,543,4299008,0.0
15492,528.5635375976562,535,4299264,0.0
15493,503.24542236328125,509,4299264,0.0
15494,532.5239868164062,539,4299520,0.0
15495,515.8554077148438,523,4299520,0.0
15496,532.783203125,539,4299776,0.0
15497,509.0647277832031,517,4299776,0.0
15498,551.730712890625,559,4299776,0.0
15499,525.8627319335938,534,4300032,0.0
15500,476.5018310546875,483,4300288,0.0
15501,538.1188354492188,545,4300288,0.0
15502,524.7108154296875,531,4300544,0.0
15503,533.4282836914062,539,4300544,0.0
15504,515.921630859375,522,4300544,0.0
15505,511.7906494140625,519,4301056,0.0
15506,533.7823486328125,540,4301056,0.0
15507,512.8419189453125,521,4301056,0.0
15508,531.4193725585938,538,4301312,0.0
15509,556.5531005859375,562,4301568,0.0
15510,542.7057495117188,549,4301568,0.0
15511,542.6954956054688,548,4301568,0.0
15512,492.4961853027344,500,4301568,0.0
15513,523.31103515625,530,4302080,0.0
15514,522.8988037109375,531,4302592,0.0
15515,497.36871337890625,504,4302848,0.0
15516,525.60693359375,531,4303104,0.0
15517,518.2957153320312,524,4303104,0.0
15518,989.6004028320312,1000,4404736,0.0
15519,988.4198608398438,1000,4407296,0.0
15520,988.8856811523438,1000,4411904,0.0
15521,990.9689331054688,1000,4412416,0.0
15522,989.6082763671875,1000,4412672,0.0
15523,990.7452392578125,1000,4414720,0.0
15524,990.2628784179688,1000,4414720,0.0
15525,990.0173950195312,1000,4414720,0.0
15526,991.0503540039062,1000,4414720,0.0
15527,988.6051635742188,1000,4414720,0.0
15528,989.8011474609375,1000,4414976,0.0
15529,990.1234741210938,1000,4414976,0.0
15530,990.9180908203125,1000,4415232,0.0
15531,990.0774536132812,1000,4415744,0.0
15532,990.526611328125,1000,4416000,0.0
15533,990.6439208984375,1000,4416000,0.0
15534,991.1929321289062,1000,4416512,0.0
15535,990.1449584960938,1000,4416512,0.0
15536,991.82861328125,1000,4416512,0.0
15537,991.0494995117188,1000,4416512,0.0
15538,991.4039916992188,1000,4416768,0.0
15539,991.01611328125,1000,4416768,0.0
15540,990.609619140625,1000,4417024,0.0
15541,991.052734375,1000,4417280,0.0
15542,990.6231689453125,1000,4417536,0.0
15543,990.835205078125,1000,4417536,0.0
15544,990.9229125976562,1000,4417792,0.0
15545,990.9115600585938,1000,4417792,0.0
15546,991.2384033203125,1000,4417792,0.0
15547,991.02783203125,1000,4418048,0.0
15548,991.2506103515625,1000,4418304,0.0
15549,991.7106323242188,1000,4418560,0.0
15550,991.4421997070312,1000,4418816,0.0
15551,991.1848754882812,1000,4418816,0.0
15552,991.14697265625,1000,4419072,0.0
15553,990.709228515625,1000,4419072,0.0
15554,990.495361328125,1000,4419072,0.0
15555,990.4697875976562,1000,4419328,0.0
15556,991.38232421875,1000,4419584,0.0
15557,990.7574462890625,1000,4419584,0.0
15558,991.4561767578125,1000,4419584,0.0
15559,991.333740234375,1000,4419584,0.0
15560,991.6449584960938,1000,4419840,0.0
15561,990.4368896484375,1000,4420096,0.0
15562,990.54248046875,1000,4420096,0.0
15563,990.435791015625,1000,4420096,0.0
15564,989.80859375,1000,4420352,0.0
15565,991.1414794921875,1000,4420352,0.0
15566,990.2387084960938,1000,4420608,0.0
15567,991.3193969726562,1000,4420864,0.0
15568,991.2341918945312,1000,4420864,0.0
15569,991.7832641601562,1000,4421376,0.0
15570,991.3540649414062,1000,4421888,0.0
15571,991.224609375,1000,4421888,0.0
15572,992.3408203125,1000,4422144,0.0
15573,991.5743408203125,1000,4422144,0.0
15574,990.8472900390625,1000,4422144,0.0
15575,990.6926879882812,1000,4422400,0.0
15576,991.3792724609375,1000,4422400,0.0
15577,991.7091064453125,1000,4422656,0.0
15578,989.9443359375,1000,4422656,0.0
15579,991.21240234375,1000,4422656,0.0
15580,991.8116455078125,1000,4422656,0.0
15581,989.4069213867188,1000,4422912,0.0
15582,991.2103881835938,1000,4423168,0.0
15583,990.96728515625,1000,4423424,0.0
15584,991.4595947265625,1000,4423424,0.0
15585,988.6103515625,1000,4423680,0.0
15586,990.876953125,1000,4423936,0.0
15587,991.3920288085938,1000,4423936,0.0
15588,991.617431640625,1000,4423936,0.0
15589,991.9957275390625,1000,4424192,0.0
15590,992.2073974609375,1000,4424192,0.0
15591,989.75390625,1000,4424448,0.0
15592,991.508056640625,1000,4424960,0.0
15593,990.603515625,1000,4424960,0.0
15594,991.8079833984375,1000,4425216,0.0
15595,991.70166015625,1000,4425472,0.0
15596,991.8414916992188,1000,4425472,0.0
15597,991.013916015625,1000,4425472,0.0
15598,991.1544189453125,1000,4425728,0.0
15599,991.6494750976562,1000,4425984,0.0
15600,990.1497802734375,1000,4425984,0.0
15601,991.7809448242188,1000,4425984,0.0
15602,991.156494140625,1000,4425984,0.0
15603,991.1287841796875,1000,4426240,0.0
15604,991.4926147460938,1000,4426752,0.0
15605,990.5234985351562,1000,4426752,0.0
15606,991.8147583007812,1000,4426752,0.0
15607,991.138427734375,1000,4427008,0.0
15608,991.976318359375,1000,4427008,0.0
15609,990.7952880859375,1000,4427264,0.0
15610,991.3887939453125,1000,4427520,0.0
15611,989.7886962890625,1000,4427520,0.0
15612,991.5105590820312,1000,4428288,0.0
15613,992.0540771484375,1000,4428288,0.0
15614,990.63427734375,1000,4428288,0.0
15615,989.1722412109375,1000,4428288,0.0
15616,992.0576171875,1000,4428800,0.0
15617,990.7459106445312,1000,4429056,0.0
15618,990.9588012695312,1000,4429056,0.0
15619,989.8880004882812,1000,4429056,0.0
15620,991.4389038085938,1000,4429312,0.0
15621,990.8219604492188,1000,4429312,0.0
15622,992.48388671875,1000,4429824,0.0
15623,991.8782958984375,1000,4430080,0.0
15624,990.8817138671875,1000,4430592,0.0
15625,990.4151611328125,1000,4430848,0.0
15626,990.5436401367188,1000,4431104,0.0
15627,990.73193359375,1000,4431360,0.0
15628,991.5693969726562,1000,4431616,0.0
15629,991.5108642578125,1000,4431616,0.0
15630,992.1141357421875,1000,4431872,0.0
15631,990.9061889648438,1000,4432384,0.0
15632,991.5053100585938,1000,4432896,0.0
15633,990.4058837890625,1000,4434432,0.0
15634,991.6875,1000,4436480,0.0
15635,991.0565185546875,1000,4438528,0.0
15636,991.5032348632812,1000,4440576,0.0
15637,991.1622314453125,1000,4441856,0.0
15638,990.912841796875,1000,4442368,0.0
15639,990.9888305664062,1000,4444416,0.0
15640,989.7498779296875,1000,4445440,0.0
15641,990.0084228515625,1000,4448512,0.0
15642,991.6998291015625,1000,4453120,0.0
15643,987.9244995117188,1000,4456960,0.0
15644,988.9931030273438,1000,4457984,0.0
15645,988.304443359375,1000,4464640,0.0
15646,993.9880981445312,1000,4484096,0.0
15647,995.3163452148438,1000,4489728,0.0
15648,994.4156494140625,1000,4494336,0.0
15649,993.1663208007812,1000,4496640,0.0
15650,993.4440307617188,1000,4498944,0.0
15651,994.0560302734375,1000,4499200,0.0
15652,993.6594848632812,1000,4500224,0.0
15653,995.0181274414062,1000,4500480,0.0
15654,994.51708984375,1000,4502528,0.0
15655,991.9852294921875,1000,4503296,0.0
15656,993.262939453125,1000,4504064,0.0
15657,994.2420654296875,1000,4504064,0.0
15658,993.1290893554688,1000,4505088,0.0
15659,993.123291015625,1000,4506624,0.0
15660,992.39794921875,1000,4507136,0.0
15661,993.2896118164062,1000,4507904,0.0
15662,992.0841064453125,1000,4508928,0.0
15663,992.3615112304688,1000,4509184,0.0
15664,993.026611328125,1000,4509184,0.0
15665,165.43113708496094,178,4510208,0.0
15666,276.8807067871094,289,4510464,0.0
15667,993.6184692382812,1000,4510464,0.0
15668,299.9306640625,311,4510720,0.0
15669,305.7027893066406,315,4511488,0.0
15670,397.96954345703125,409,4512000,0.0
15671,319.57696533203125,329,4512512,0.0
15672,309.0697326660156,320,4512512,0.0
15673,256.8933410644531,266,4512512,0.0
15674,305.57244873046875,315,4512512,0.0
15675,317.89630126953125,329,4512512,0.0
15676,319.0255126953125,330,4512768,0.0
15677,363.2420959472656,372,4512768,0.0
15678,374.4235534667969,383,4512768,0.0
15679,333.30377197265625,342,4513024,0.0
15680,333.7150573730469,343,4513024,0.0
15681,361.98681640625,372,4513024,0.0
15682,355.2272644042969,365,4513024,0.0
15683,326.959716796875,336,4513024,0.0
15684,350.6365661621094,361,4513024,0.0
15685,316.3875732421875,327,4513024,0.0
15686,330.6619567871094,341,4513280,0.0
15687,357.8297424316406,368,4513280,0.0
15688,341.5499572753906,351,4513280,0.0
15689,367.67352294921875,377,4513280,0.0
15690,347.6501159667969,356,4513280,0.0
15691,384.2454528808594,394,4513280,0.0
15692,384.632080078125,393,4513280,0.0
15693,267.27618408203125,277,4513280,0.0
15694,333.1590881347656,342,4513280,0.0
15695,340.90093994140625,351,4513280,0.0
15696,368.5135192871094,378,4513280,0.0
15697,363.2958679199219,373,4513280,0.0
15698,319.1053466796875,330,4513536,0.0
15699,319.1773986816406,329,4513536,0.0
15700,332.46466064453125,341,4513536,0.0
15701,370.3180847167969,379,4513536,0.0
15702,361.1709289550781,370,4513536,0.0
15703,317.8284606933594,327,4513536,0.0
15704,328.6906433105469,339,4513536,0.0
15705,320.99078369140625,330,4513536,0.0
15706,346.9191589355469,356,4513536,0.0
15707,336.395263671875,349,4513792,0.0
15708,366.2200622558594,376,4513792,0.0
15709,372.49371337890625,382,4513792,0.0
15710,330.61444091796875,340,4513792,0.0
15711,369.681640625,379,4513792,0.0
15712,336.83636474609375,345,4513792,0.0
15713,333.0506896972656,343,4513792,0.0
15714,316.98358154296875,327,4513792,0.0
15715,354.97332763671875,365,4513792,0.0
15716,378.0605163574219,387,4513792,0.0
15717,345.19866943359375,354,4513792,0.0
15718,371.5412902832031,380,4513792,0.0
15719,359.23846435546875,369,4514048,0.0
15720,362.6007995605469,371,4514048,0.0
15721,373.7822265625,383,4514048,0.0
15722,358.6126708984375,368,4514048,0.0
15723,333.2814636230469,344,4514048,0.0
15724,365.85345458984375,376,4514048,0.0
15725,339.9909362792969,348,4514048,0.0
15726,365.9439392089844,375,4514048,0.0
15727,376.4289245605469,386,4514048,0.0
15728,299.4609680175781,311,4514048,0.0
15729,338.5833435058594,348,4514048,0.0
15730,327.8298645019531,338,4514048,0.0
15731,307.7908020019531,317,4514048,0.0
15732,378.4559631347656,387,4514048,0.0
15733,347.05279541015625,357,4514048,0.0
15734,354.5256652832031,363,4514304,0.0
15735,361.29119873046875,370,4514304,0.0
15736,331.9615478515625,340,4514304,0.0
15737,356.5866394042969,365,4514304,0.0
15738,357.09735107421875,367,4514304,0.0
15739,364.4233093261719,373,4514304,0.0
15740,373.4742736816406,382,4514304,0.0
15741,363.8057861328125,372,4514304,0.0
15742,328.4932861328125,339,4514304,0.0
15743,352.62469482421875,361,4514304,0.0
15744,378.38531494140625,389,4514560,0.0
15745,352.1847229003906,361,4514560,0.0
15746,365.2034606933594,375,4514560,0.0
15747,360.6634826660156,369,4514560,0.0
15748,392.667236328125,401,4514560,0.0
15749,380.75457763671875,390,4514560,0.0
15750,362.2847595214844,371,4514560,0.0
15751,363.4410400390625,372,4514560,0.0
15752,342.7572937011719,353,4514560,0.0
15753,314.9669494628906,324,4514560,0.0
15754,350.2662658691406,359,4514560,0.0
15755,334.510498046875,343,4514816,0.0
15756,368.2659912109375,377,4514816,0.0
15757,342.87225341796875,354,4514816,0.0
15758,347.2535400390625,356,4514816,0.0
15759,210.8433837890625,222,4514816,0.0
15760,353.3473815917969,362,4515072,0.0
15761,314.3641662597656,323,4515072,0.0
15762,340.480224609375,350,4515072,0.0
15763,352.50537109375,361,4515072,0.0
15764,290.654052734375,299,4515072,0.0
15765,362.215087890625,371,4515072,0.0
15766,348.3255310058594,357,4515328,0.0
15767,355.4920349121094,364,4515328,0.0
15768,360.33013916015625,369,4515328,0.0
15769,354.58551025390625,365,4515328,0.0
15770,336.66766357421875,346,4515328,0.0
15771,328.2612609863281,337,4515328,0.0
15772,350.1728210449219,361,4515328,0.0
15773,318.9320983886719,328,4515328,0.0
15774,381.75555419921875,390,4515584,0.0
15775,234.7283935546875,244,4515584,0.0
15776,341.2554626464844,350,4515584,0.0
15777,329.99609375,339,4515584,0.0
15778,355.60693359375,364,4515840,0.0
15779,333.24169921875,342,4515840,0.0
15780,365.65850830078125,374,4515840,0.0
15781,386.24627685546875,396,4516096,0.0
15782,322.7444763183594,331,4516352,0.0
15783,377.1531677246094,387,4516352,0.0
15784,351.4629821777344,361,4516352,0.0
15785,353.4181823730469,362,4516608,0.0
15786,427.4884948730469,437,4516608,0.0
15787,271.0126647949219,279,4516864,0.0
15788,285.5498352050781,294,4517120,0.0
15789,833.0486450195312,845,4517632,0.0
15790,826.5606079101562,838,4517632,0.0
15791,291.2349548339844,301,4517632,0.0
15792,843.107666015625,855,4517888,0.0
15793,865.5364379882812,878,4517888,0.0
15794,392.1169128417969,403,4517888,0.0
15795,841.4386596679688,853,4517888,0.0
15796,851.406005859375,862,4517888,0.0
15797,851.867431640625,864,4517888,0.0
15798,843.6968383789062,855,4518144,0.0
15799,849.8267822265625,861,4518144,0.0
15800,866.639404296875,880,4518144,0.0
15801,854.638916015625,868,4518144,0.0
15802,836.3275756835938,848,4518144,0.0
15803,850.9999389648438,862,4518400,0.0
15804,833.6599731445312,845,4518400,0.0
15805,837.9827270507812,849,4518400,0.0
15806,869.6981201171875,881,4518400,0.0
15807,870.7243041992188,884,4518400,0.0
15808,876.0614013671875,888,4518400,0.0
15809,845.5775146484375,857,4518400,0.0
15810,850.7637329101562,861,4518400,0.0
15811,873.2418212890625,887,4518400,0.0
15812,864.7680053710938,875,4518400,0.0
15813,846.4843139648438,858,4518400,0.0
15814,864.7916259765625,877,4518656,0.0
15815,858.2861328125,870,4518656,0.0
15816,874.556396484375,886,4518656,0.0
15817,861.3837280273438,874,4518656,0.0
15818,858.6025390625,869,4518656,0.0
15819,853.934326171875,866,4518656,0.0
15820,864.5628051757812,877,4518656,0.0
15821,849.3355102539062,861,4518912,0.0
15822,837.1255493164062,849,4518912,0.0
15823,833.8204345703125,844,4518912,0.0
15824,856.5715942382812,867,4518912,0.0
15825,861.5419311523438,872,4518912,0.0
15826,843.7704467773438,855,4518912,0.0
15827,848.69970703125,860,4518912,0.0
15828,869.3189697265625,882,4518912,0.0
15829,871.2415161132812,884,4518912,0.0
15830,387.83209228515625,398,4518912,0.0
15831,858.4959106445312,870,4518912,0.0
15832,854.2252197265625,866,4519168,0.0
15833,835.1372680664062,846,4519168,0.0
15834,858.529541015625,869,4519168,0.0
15835,235.1306610107422,243,4519168,0.0
15836,861.344970703125,873,4519168,0.0
15837,842.1609497070312,854,4519168,0.0
15838,843.4060668945312,855,4519168,0.0
15839,849.8048706054688,861,4519168,0.0
15840,883.6069946289062,895,4519424,0.0
15841,865.2828979492188,877,4519424,0.0
15842,864.5099487304688,876,4519424,0.0
15843,845.6192626953125,858,4519424,0.0
15844,855.4305419921875,869,4519424,0.0
15845,879.1760864257812,891,4519424,0.0
15846,877.078857421875,888,4519424,0.0
15847,833.5399169921875,845,4519424,0.0
15848,842.9141235351562,854,4519680,0.0
15849,874.293212890625,885,4519680,0.0
15850,841.1729125976562,852,4519680,0.0
15851,863.31396484375,874,4519680,0.0
15852,863.7156372070312,876,4519680,0.0
15853,881.5248413085938,893,4519680,0.0
15854,865.9214477539062,877,4519680,0.0
15855,853.7523193359375,866,4519936,0.0
15856,270.9053649902344,279,4519936,0.0
15857,864.1704711914062,875,4519936,0.0
15858,886.385009765625,898,4519936,0.0
15859,860.5746459960938,873,4519936,0.0
15860,865.1761474609375,877,4519936,0.0
15861,864.2802124023438,876,4519936,0.0
15862,851.2243041992188,862,4519936,0.0
15863,877.8214111328125,891,4520192,0.0
15864,845.6347045898438,858,4520192,0.0
15865,884.4447021484375,895,4520192,0.0
15866,869.004150390625,882,4520192,0.0
15867,848.183837890625,861,4520192,0.0
15868,863.1962280273438,874,4520192,0.0
15869,864.6250610351562,875,4520192,0.0
15870,860.34033203125,872,4520192,0.0
15871,866.9266357421875,879,4520192,0.0
15872,873.024169921875,884,4520192,0.0
15873,868.6290283203125,880,4520192,0.0
15874,844.152099609375,854,4520192,0.0
15875,871.025146484375,883,4520192,0.0
15876,852.239013671875,864,4520192,0.0
15877,871.9909057617188,883,4520192,0.0
15878,875.7965698242188,887,4520448,0.0
15879,859.0093383789062,870,4520448,0.0
15880,869.8888549804688,882,4520448,0.0
15881,872.8644409179688,883,4520448,0.0
15882,885.519287109375,896,4520448,0.0
15883,854.5464477539062,865,4520448,0.0
15884,869.665283203125,880,4520448,0.0
15885,883.7817993164062,895,4520704,0.0
15886,869.1730346679688,880,4520704,0.0
15887,870.3867797851562,882,4520704,0.0
15888,132.517578125,143,4520704,0.0
15889,851.1878662109375,863,4520704,0.0
15890,878.87255859375,891,4520704,0.0
15891,866.8074951171875,880,4520704,0.0
15892,878.1575317382812,890,4520704,0.0
15893,885.7200317382812,896,4520960,0.0
15894,852.8812255859375,865,4520960,0.0
15895,880.4644165039062,893,4520960,0.0
15896,865.1214599609375,877,4521216,0.0
15897,888.4252319335938,901,4521216,0.0
15898,851.8900756835938,864,4521472,0.0
15899,883.3323364257812,895,4521472,0.0
15900,853.8052978515625,864,4521728,0.0
15901,884.09912109375,897,4521728,0.0
15902,852.376708984375,863,4522496,0.0
15903,50.04234313964844,57,4525056,0.0
15904,42.932411193847656,49,4525568,0.0
15905,46.82681655883789,53,4526848,0.0
15906,143.77427673339844,156,4529664,0.0
15907,128.68453979492188,142,4530688,0.0
15908,119.5346908569336,133,4533248,0.0
15909,135.99148559570312,149,4537088,0.0
15910,148.81614685058594,162,4538112,0.0
15911,145.5194549560547,158,4540672,0.0
15912,139.55918884277344,152,4541440,0.0
15913,159.32066345214844,173,4544768,0.0
15914,136.44775390625,150,4545536,0.0
15915,136.3681640625,149,4546048,0.0
15916,113.78947448730469,128,4546560,0.0
15917,113.09043884277344,128,4546816,0.0
15918,167.53729248046875,178,4548864,0.0
15919,138.28208923339844,150,4549888,0.0
15920,129.60977172851562,144,4550144,0.0
15921,146.29733276367188,158,4551168,0.0
15922,171.22901916503906,186,4551680,0.0
15923,178.40428161621094,191,4552960,0.0
15924,176.60157775878906,192,4554240,0.0
15925,150.31002807617188,164,4554496,0.0
15926,149.6224822998047,164,4555264,0.0
15927,159.6693115234375,173,4558080,0.0
15928,165.69361877441406,181,4558336,0.0
15929,164.04188537597656,176,4558848,0.0
15930,160.2863006591797,174,4559104,0.0
15931,178.77780151367188,191,4559104,0.0
15932,163.01376342773438,177,4559360,0.0
15933,162.3555450439453,178,4559360,0.0
15934,169.3918914794922,181,4559616,0.0
15935,150.64114379882812,164,4559872,0.0
15936,168.39166259765625,180,4560384,0.0
15937,167.71519470214844,183,4560640,0.0
15938,142.49221801757812,157,4560896,0.0
15939,173.05035400390625,186,4561152,0.0
15940,161.8090362548828,175,4561152,0.0
15941,189.27322387695312,204,4561408,0.0
15942,178.7961883544922,190,4561920,0.0
15943,175.95144653320312,190,4562944,0.0
15944,178.94830322265625,192,4563200,0.0
15945,182.91925048828125,197,4563712,0.0
15946,183.19790649414062,196,4564224,0.0
15947,181.6446990966797,195,4564224,0.0
15948,188.56793212890625,201,4564224,0.0
15949,187.00814819335938,200,4564736,0.0
15950,185.351806640625,199,4564992,0.0
15951,187.6136474609375,201,4565248,0.0
15952,181.09947204589844,195,4565248,0.0
15953,188.95626831054688,203,4565760,0.0
15954,189.00253295898438,202,4567040,0.0
15955,222.88485717773438,236,4567040,0.0
15956,194.52713012695312,207,4567296,0.0
15957,203.18748474121094,216,4568576,0.0
15958,202.78396606445312,215,4568576,0.0
15959,200.73892211914062,218,4569088,0.0
15960,211.73263549804688,229,4571136,0.0
15961,230.00233459472656,244,4571392,0.0
15962,194.22451782226562,212,4572160,0.0
15963,192.9998779296875,211,4572928,0.0
15964,254.4480438232422,269,4582912,0.0
15965,204.29806518554688,214,4591872,0.0
15966,313.1881408691406,329,4593408,0.0
15967,298.2996520996094,315,4595200,0.0
15968,283.5176086425781,300,4595712,0.0
15969,301.380126953125,318,4595968,0.0
15970,299.1691589355469,314,4595968,0.0
15971,302.9806213378906,322,4597760,0.0
15972,309.7266845703125,329,4598016,0.0
15973,309.9431457519531,330,4599808,0.0
15974,309.90069580078125,330,4599808,0.0
15975,318.2312316894531,335,4600576,0.0
15976,337.6155090332031,346,4608000,0.0
15977,362.9460144042969,371,4608512,0.0
15978,361.34210205078125,369,4608512,0.0
15979,338.17132568359375,346,4608512,0.0
15980,344.80279541015625,352,4608512,0.0
15981,333.99261474609375,341,4608768,0.0
15982,362.6515197753906,371,4608768,0.0
15983,343.40313720703125,352,4608768,0.0
15984,346.3124084472656,354,4609024,0.0
15985,366.0594177246094,375,4609024,0.0
15986,366.08197021484375,375,4609024,0.0
15987,344.55859375,353,4609024,0.0
15988,332.79949951171875,343,4609024,0.0
15989,362.36151123046875,372,4609024,0.0
15990,366.3199768066406,376,4609024,0.0
15991,336.9416198730469,346,4609280,0.0
15992,348.3419189453125,356,4609280,0.0
15993,361.2955322265625,370,4609280,0.0
15994,361.6262512207031,371,4609280,0.0
15995,338.62890625,347,4609280,0.0
15996,336.5706787109375,347,4609280,0.0
15997,352.46502685546875,363,4609280,0.0
15998,339.67681884765625,348,4609280,0.0
15999,331.60211181640625,339,4609280,0.0
16000,345.51641845703125,356,4609280,0.0
16001,338.30120849609375,348,4609280,0.0
16002,353.0533752441406,362,4609280,0.0
16003,365.7625732421875,374,4609280,0.0
16004,342.3352355957031,352,4609280,0.0
16005,361.5904541015625,371,4609536,0.0
16006,315.44317626953125,328,4609536,0.0
16007,346.37646484375,354,4609536,0.0
16008,338.885498046875,347,4609536,0.0
16009,345.8692932128906,356,4609536,0.0
16010,376.4864501953125,387,4609536,0.0
16011,339.6486511230469,349,4609536,0.0
16012,358.9782409667969,370,4609536,0.0
16013,339.4171142578125,349,4609536,0.0
16014,359.6430358886719,369,4609536,0.0
16015,363.1715087890625,374,4609792,0.0
16016,349.7862854003906,360,4609792,0.0
16017,343.9266052246094,352,4609792,0.0
16018,349.0679626464844,357,4609792,0.0
16019,339.5295104980469,349,4609792,0.0
16020,340.01702880859375,351,4609792,0.0
16021,362.517578125,372,4609792,0.0
16022,363.1802062988281,373,4609792,0.0
16023,345.1634521484375,353,4609792,0.0
16024,349.8551025390625,359,4609792,0.0
16025,338.5203857421875,348,4610048,0.0
16026,360.94854736328125,370,4610048,0.0
16027,368.05279541015625,379,4610048,0.0
16028,370.54736328125,381,4610048,0.0
16029,343.0715026855469,355,4610048,0.0
16030,360.22491455078125,371,4610048,0.0
16031,356.4690246582031,368,4610048,0.0
16032,362.6589050292969,373,4610048,0.0
16033,360.1041564941406,371,4610048,0.0
16034,338.52166748046875,348,4610048,0.0
16035,340.936279296875,352,4610304,0.0
16036,344.2887268066406,352,4610304,0.0
16037,365.1041259765625,375,4610304,0.0
16038,323.7197265625,333,4610304,0.0
16039,365.905029296875,376,4610304,0.0
16040,362.7474365234375,374,4610304,0.0
16041,346.9952087402344,357,4610304,0.0
16042,345.92755126953125,358,4610304,0.0
16043,348.08050537109375,359,4610304,0.0
16044,348.4493713378906,359,4610304,0.0
16045,343.0630798339844,353,4610304,0.0
16046,364.99774169921875,376,4610304,0.0
16047,350.4193420410156,361,4610304,0.0
16048,344.3703308105469,352,4610304,0.0
16049,367.26129150390625,378,4610304,0.0
16050,346.4788513183594,355,4610304,0.0
16051,362.7804870605469,374,4610304,0.0
16052,344.5566101074219,357,4610560,0.0
16053,347.5563659667969,358,4610560,0.0
16054,340.90643310546875,351,4610560,0.0
16055,346.9637451171875,357,4610560,0.0
16056,351.0142822265625,362,4610560,0.0
16057,344.55609130859375,357,4610560,0.0
16058,347.8110046386719,359,4610560,0.0
16059,365.1396789550781,376,4610560,0.0
16060,365.8275146484375,377,4610560,0.0
16061,348.8533935546875,359,4610816,0.0
16062,365.9951171875,379,4610816,0.0
16063,361.4977111816406,373,4610816,0.0
16064,343.4310302734375,354,4610816,0.0
16065,348.1651611328125,358,4610816,0.0
16066,301.09393310546875,313,4610816,0.0
16067,361.56927490234375,373,4610816,0.0
16068,347.2637634277344,359,4610816,0.0
16069,352.6769104003906,366,4610816,0.0
16070,343.44549560546875,354,4611072,0.0
16071,345.0140075683594,355,4611072,0.0
16072,337.41705322265625,349,4611072,0.0
16073,369.2960205078125,382,4611072,0.0
16074,352.2341613769531,365,4611072,0.0
16075,344.2461853027344,357,4611072,0.0
16076,373.1031188964844,385,4611072,0.0
16077,359.2818298339844,372,4611072,0.0
16078,361.9132385253906,375,4611072,0.0
16079,338.4110107421875,350,4611072,0.0
16080,349.0638122558594,361,4611072,0.0
16081,350.5583190917969,364,4611072,0.0
16082,352.26708984375,363,4611328,0.0
16083,345.02471923828125,355,4611328,0.0
16084,348.064208984375,360,4611328,0.0
16085,365.71661376953125,377,4611328,0.0
16086,342.05438232421875,354,4611328,0.0
16087,350.3584289550781,361,4611328,0.0
16088,369.5127868652344,380,4611328,0.0
16089,348.4397888183594,358,4611328,0.0
16090,363.000732421875,376,4611328,0.0
16091,348.906494140625,358,4611328,0.0
16092,354.18731689453125,366,4611328,0.0
16093,343.1572570800781,356,4611328,0.0
16094,345.4483337402344,359,4611328,0.0
16095,350.0990295410156,361,4611584,0.0
16096,369.3404235839844,382,4611584,0.0
16097,360.3878479003906,371,4611584,0.0
16098,353.3879089355469,362,4611584,0.0
16099,357.5003662109375,370,4611584,0.0
16100,352.6460266113281,365,4611584,0.0
16101,344.8611145019531,358,4611584,0.0
16102,368.30316162109375,381,4611584,0.0
16103,344.95660400390625,358,4611840,0.0
16104,351.9447021484375,364,4611840,0.0
16105,342.2828063964844,356,4611840,0.0
16106,341.3269348144531,352,4611840,0.0
16107,352.6654052734375,366,4611840,0.0
16108,344.2647705078125,358,4611840,0.0
16109,352.43408203125,365,4611840,0.0
16110,359.98138427734375,374,4611840,0.0
16111,321.04644775390625,333,4612096,0.0
16112,349.30780029296875,361,4612096,0.0
16113,344.1893615722656,360,4612096,0.0
16114,344.4370422363281,359,4612096,0.0
16115,374.87640380859375,387,4612096,0.0
16116,348.3031005859375,360,4612096,0.0
16117,350.9457092285156,363,4612352,0.0
16118,352.15631103515625,367,4612352,0.0
16119,347.415283203125,362,4612352,0.0
16120,350.1976318359375,366,4612608,0.0
16121,351.1927185058594,366,4612608,0.0
16122,369.619140625,385,4612608,0.0
16123,369.2419128417969,382,4612608,0.0
16124,354.7337646484375,369,4612608,0.0
16125,347.3182373046875,359,4612608,0.0
16126,348.07379150390625,357,4612608,0.0
16127,268.8796691894531,281,4612608,0.0
16128,347.4775085449219,361,4612608,0.0
16129,364.4921875,378,4612608,0.0
16130,352.1792297363281,368,4612608,0.0
16131,353.25433349609375,368,4612608,0.0
16132,348.2834167480469,364,4612864,0.0
16133,378.50701904296875,391,4612864,0.0
16134,347.54949951171875,359,4612864,0.0
16135,376.355224609375,390,4612864,0.0
16136,349.65081787109375,360,4612864,0.0
16137,350.0838317871094,365,4612864,0.0
16138,341.69415283203125,365,4612864,0.0
16139,369.4408874511719,386,4612864,0.0
16140,351.4910583496094,366,4613120,0.0
16141,270.01654052734375,280,4613120,0.0
16142,374.92193603515625,391,4613120,0.0
16143,368.1298828125,384,4613120,0.0
16144,356.6018981933594,369,4613120,0.0
16145,348.2783508300781,364,4613376,0.0
16146,375.18914794921875,390,4613376,0.0
16147,360.2642517089844,388,4613632,0.0
16148,376.2098388671875,389,4613888,0.0
16149,373.57171630859375,389,4614144,0.0
16150,285.3293151855469,297,4614144,0.0
16151,351.31280517578125,367,4614400,0.0
16152,348.85723876953125,368,4614656,0.0
16153,385.949462890625,401,4615168,0.0
16154,309.5484924316406,320,4615168,0.0
16155,377.3246765136719,397,4615168,0.0
16156,245.88534545898438,255,4615168,0.0
16157,374.0531005859375,389,4615168,0.0
16158,380.3572082519531,398,4615168,0.0
16159,322.0956115722656,335,4615424,0.0
16160,356.2008056640625,373,4615424,0.0
16161,375.5986022949219,399,4615424,0.0
16162,264.341064453125,274,4615680,0.0
16163,369.90618896484375,395,4615680,0.0
16164,358.9596862792969,376,4616192,0.0
16165,377.0937805175781,394,4616448,0.0
16166,369.9671325683594,391,4616448,0.0
16167,265.3123779296875,274,4616704,0.0
16168,382.138916015625,406,4617472,0.0
16169,379.1189270019531,402,4617984,0.0
16170,392.2035217285156,410,4618240,0.0
16171,255.00860595703125,263,4618496,0.0
16172,383.7262268066406,405,4619264,0.0
16173,225.14297485351562,234,4619264,0.0
16174,219.18435668945312,227,4619520,0.0
16175,277.62799072265625,287,4620288,0.0
16176,248.45584106445312,258,4620288,0.0
16177,261.5270080566406,269,4620544,0.0
16178,217.0243682861328,226,4621056,0.0
16179,281.5921325683594,294,4621312,0.0
16180,273.0979309082031,283,4621312,0.0
16181,289.67840576171875,300,4621568,0.0
16182,228.93690490722656,239,4622336,0.0
16183,217.39144897460938,225,4622592,0.0
16184,225.71966552734375,234,4622848,0.0
16185,212.47341918945312,219,4623104,0.0
16186,240.29261779785156,250,4623104,0.0
16187,243.4617919921875,251,4623616,0.0
16188,239.33401489257812,248,4623872,0.0
16189,246.48692321777344,255,4624128,0.0
16190,238.8177947998047,248,4624128,0.0
16191,229.0928192138672,238,4624640,0.0
16192,231.3555908203125,238,4625152,0.0
16193,282.2809143066406,293,4625152,0.0
16194,231.474365234375,239,4625408,0.0
16195,242.97207641601562,252,4625408,0.0
16196,241.69419860839844,251,4625408,0.0
16197,253.49343872070312,263,4625664,0.0
16198,227.1615753173828,234,4625664,0.0
16199,275.3804626464844,284,4625664,0.0
16200,120.40991973876953,133,4625920,0.0
16201,249.35719299316406,258,4625920,0.0
16202,231.8271942138672,242,4626688,0.0
16203,220.08859252929688,227,4626688,0.0
16204,208.939453125,217,4626944,0.0
16205,271.9288635253906,283,4626944,0.0
16206,255.42056274414062,264,4627200,0.0
16207,221.56834411621094,230,4627456,0.0
16208,258.6175537109375,267,4627456,0.0
16209,114.65483093261719,128,4627968,0.0
16210,231.79104614257812,238,4628224,0.0
16211,275.38372802734375,285,4628224,0.0
16212,237.64158630371094,247,4628480,0.0
16213,120.90643310546875,133,4629760,0.0
16214,70.65099334716797,83,4630272,0.0
16215,231.93069458007812,239,4630272,0.0
16216,63.97323226928711,77,4630528,0.0
16217,63.76211166381836,77,4630528,0.0
16218,252.1157989501953,260,4630784,0.0
16219,72.6276626586914,86,4631040,0.0
16220,117.80695343017578,130,4631040,0.0
16221,248.12527465820312,258,4631296,0.0
16222,71.3296127319336,84,4631296,0.0
16223,126.44949340820312,138,4631296,0.0
16224,112.24308013916016,124,4631552,0.0
16225,73.24432373046875,86,4631552,0.0
16226,77.57928466796875,90,4631552,0.0
16227,242.84107971191406,252,4631552,0.0
16228,75.18387603759766,88,4631552,0.0
16229,277.477294921875,288,4631808,0.0
16230,72.3401870727539,85,4632064,0.0
16231,263.67608642578125,274,4632064,0.0
16232,75.94403839111328,89,4632320,0.0
16233,75.04706573486328,88,4632320,0.0
16234,78.63190460205078,91,4632576,0.0
16235,186.55117797851562,194,4632576,0.0
16236,77.85224914550781,90,4632832,0.0
16237,79.44429779052734,92,4632832,0.0
16238,81.29106903076172,94,4633344,0.0
16239,79.57846069335938,92,4633600,0.0
16240,72.11237335205078,85,4633600,0.0
16241,72.32117462158203,85,4633600,0.0
16242,82.05921936035156,95,4633856,0.0
16243,84.23683166503906,96,4633856,0.0
16244,79.22706604003906,92,4633856,0.0
16245,86.09198760986328,98,4634112,0.0
16246,82.79576873779297,95,4634112,0.0
16247,84.39398193359375,97,4634112,0.0
16248,80.22612762451172,93,4634112,0.0
16249,123.33056640625,134,4634112,0.0
16250,232.7908172607422,240,4634368,0.0
16251,89.05219268798828,101,4634368,0.0
16252,78.74397277832031,91,4634368,0.0
16253,130.28184509277344,142,4634368,0.0
16254,78.06636047363281,90,4634624,0.0
16255,83.82918548583984,96,4634624,0.0
16256,84.00799560546875,96,4634624,0.0
16257,236.28866577148438,245,4634880,0.0
16258,78.65973663330078,92,4634880,0.0
16259,81.4176025390625,94,4635136,0.0
16260,81.40995025634766,94,4635136,0.0
16261,122.58307647705078,135,4635136,0.0
16262,88.86799621582031,101,4635392,0.0
16263,72.46105194091797,86,4635392,0.0
16264,75.16902160644531,88,4635392,0.0
16265,92.15042877197266,105,4635392,0.0
16266,83.54598236083984,95,4635392,0.0
16267,86.18595123291016,99,4635648,0.0
16268,244.25418090820312,252,4635648,0.0
16269,69.00269317626953,82,4635648,0.0
16270,90.73963165283203,103,4635648,0.0
16271,88.65547180175781,101,4635904,0.0
16272,85.81770324707031,97,4635904,0.0
16273,84.16680908203125,96,4635904,0.0
16274,69.0458755493164,82,4636160,0.0
16275,79.3810806274414,91,4636160,0.0
16276,88.455322265625,101,4636160,0.0
16277,94.0270004272461,106,4636160,0.0
16278,85.0171127319336,97,4636160,0.0
16279,78.46994018554688,91,4636416,0.0
16280,93.28545379638672,106,4636416,0.0
16281,91.47440338134766,103,4636416,0.0
16282,80.32997131347656,93,4636416,0.0
16283,100.70601654052734,112,4636672,0.0
16284,85.33475494384766,98,4636672,0.0
16285,85.97872924804688,98,4636672,0.0
16286,87.4373779296875,99,4636672,0.0
16287,97.26338195800781,110,4636672,0.0
16288,88.81973266601562,101,4636672,0.0
16289,88.94741821289062,102,4636672,0.0
16290,90.53900909423828,103,4636928,0.0
16291,94.84710693359375,107,4636928,0.0
16292,88.09264373779297,100,4636928,0.0
16293,94.7363510131836,107,4636928,0.0
16294,89.26264190673828,101,4636928,0.0
16295,91.68628692626953,104,4636928,0.0
16296,92.68380737304688,106,4636928,0.0
16297,90.38803100585938,103,4637184,0.0
16298,85.93634796142578,98,4637184,0.0
16299,89.87442016601562,102,4637184,0.0
16300,69.14289093017578,82,4637184,0.0
16301,89.27275848388672,102,4637184,0.0
16302,93.86585998535156,105,4637184,0.0
16303,150.52703857421875,161,4637184,0.0
16304,90.88435363769531,103,4637440,0.0
16305,93.23814392089844,106,4637440,0.0
16306,92.28706359863281,106,4637696,0.0
16307,97.8775634765625,111,4637696,0.0
16308,90.57989501953125,102,4637696,0.0
16309,89.30104064941406,102,4637696,0.0
16310,95.18416595458984,108,4637696,0.0
16311,98.78179931640625,113,4637952,0.0
16312,96.11481475830078,108,4637952,0.0
16313,92.22256469726562,104,4637952,0.0
16314,103.13827514648438,114,4637952,0.0
16315,85.74375915527344,98,4637952,0.0
16316,87.06143188476562,100,4638208,0.0
16317,92.04949951171875,104,4638208,0.0
16318,102.45082092285156,114,4638208,0.0
16319,100.75029754638672,113,4638208,0.0
16320,98.62361907958984,110,4638208,0.0
16321,93.99054718017578,107,4638208,0.0
16322,165.29164123535156,176,4638464,0.0
16323,84.1364974975586,96,4638720,0.0
16324,98.40648651123047,110,4638720,0.0
16325,89.72412872314453,102,4638720,0.0
16326,99.06487274169922,111,4638720,0.0
16327,90.11283874511719,103,4638720,0.0
16328,102.60344696044922,116,4638976,0.0
16329,80.62779235839844,93,4638976,0.0
16330,92.81246185302734,106,4638976,0.0
16331,88.42530059814453,100,4638976,0.0
16332,98.63143157958984,111,4638976,0.0
16333,96.23242950439453,109,4638976,0.0
16334,89.35882568359375,102,4639232,0.0
16335,100.82138061523438,114,4639232,0.0
16336,95.52670288085938,108,4639232,0.0
16337,102.57453155517578,114,4639232,0.0
16338,103.33621215820312,115,4639232,0.0
16339,99.74625396728516,113,4639488,0.0
16340,101.08460998535156,114,4639488,0.0
16341,105.23701477050781,117,4639488,0.0
16342,92.4272232055664,105,4639488,0.0
16343,102.0083999633789,114,4639488,0.0
16344,92.42568969726562,105,4639488,0.0
16345,101.19215393066406,114,4639488,0.0
16346,100.48600769042969,113,4639744,0.0
16347,109.05715942382812,121,4639744,0.0
16348,80.87728118896484,94,4639744,0.0
16349,101.62779998779297,113,4639744,0.0
16350,107.54705047607422,120,4640000,0.0
16351,93.4866714477539,105,4640000,0.0
16352,103.75090789794922,115,4640000,0.0
16353,100.29744720458984,112,4640000,0.0
16354,102.8724365234375,115,4640000,0.0
16355,108.14427185058594,120,4640000,0.0
16356,98.60643768310547,112,4640000,0.0
16357,97.98555755615234,110,4640256,0.0
16358,106.82792663574219,120,4640256,0.0
16359,108.36927795410156,121,4640256,0.0
16360,107.88249206542969,120,4640256,0.0
16361,108.71626281738281,121,4640256,0.0
16362,105.35147094726562,117,4640256,0.0
16363,105.76124572753906,117,4640256,0.0
16364,106.54934692382812,119,4640256,0.0
16365,102.84799194335938,115,4640512,0.0
16366,104.36061096191406,118,4640512,0.0
16367,99.2161865234375,112,4640512,0.0
16368,99.25000762939453,111,4640512,0.0
16369,105.67963409423828,117,4640768,0.0
16370,110.80361938476562,122,4641024,0.0
16371,109.84709167480469,121,4641024,0.0
16372,98.1452407836914,111,4641280,0.0
16373,94.98053741455078,106,4641280,0.0
16374,102.54534912109375,115,4641280,0.0
16375,103.61241149902344,115,4641280,0.0
16376,100.99872589111328,114,4641280,0.0
16377,107.24243927001953,119,4641280,0.0
16378,103.68739318847656,116,4641536,0.0
16379,97.39232635498047,111,4641536,0.0
16380,99.89344024658203,112,4641536,0.0
16381,97.35282897949219,109,4641536,0.0
16382,117.09260559082031,128,4641536,0.0
16383,104.6375961303711,118,4641536,0.0
16384,105.99491119384766,118,4641536,0.0
16385,102.12689208984375,114,4641792,0.0
16386,89.97386932373047,103,4641792,0.0
16387,108.12975311279297,120,4641792,0.0
16388,105.08070373535156,118,4641792,0.0
16389,109.76496887207031,122,4641792,0.0
16390,99.73370361328125,113,4641792,0.0
16391,95.21011352539062,107,4641792,0.0
16392,103.21375274658203,114,4641792,0.0
16393,103.20487976074219,115,4642048,0.0
16394,81.81449890136719,94,4642048,0.0
16395,88.23020935058594,100,4642048,0.0
16396,86.16606903076172,99,4642048,0.0
16397,104.93392181396484,116,4642048,0.0
16398,92.2065200805664,105,4642048,0.0
16399,115.05892944335938,127,4642048,0.0
16400,68.5607681274414,81,4642304,0.0
16401,114.9836196899414,127,4642304,0.0
16402,97.9206771850586,111,4642304,0.0
16403,85.22895050048828,97,4642304,0.0
16404,89.76899719238281,101,4642304,0.0
16405,103.1751480102539,116,4642304,0.0
16406,115.63500213623047,127,4642304,0.0
16407,104.95955657958984,117,4642560,0.0
16408,92.55195617675781,105,4642560,0.0
16409,116.12946319580078,127,4642816,0.0
16410,111.48792266845703,123,4642816,0.0
16411,106.08993530273438,119,4642816,0.0
16412,96.07819366455078,108,4642816,0.0
16413,110.93685913085938,124,4643072,0.0
16414,112.37134552001953,124,4643072,0.0
16415,110.21939086914062,121,4643072,0.0
16416,96.86666870117188,109,4643328,0.0
16417,107.36814880371094,120,4643584,0.0
16418,108.1292953491211,120,4643584,0.0
16419,108.40567016601562,121,4643584,0.0
16420,98.8750991821289,112,4643840,0.0
16421,84.46163177490234,96,4643840,0.0
16422,100.8335189819336,112,4643840,0.0
16423,61.96385192871094,74,4644096,0.0
16424,112.51485443115234,124,4644352,0.0
16425,113.32984924316406,126,4644352,0.0
16426,114.24182891845703,127,4644352,0.0
16427,111.12324523925781,124,4644864,0.0
16428,93.9124526977539,105,4645120,0.0
16429,92.74530029296875,105,4646144,0.0
16430,89.3177719116211,101,4646144,0.0
16431,92.2431869506836,105,4646400,0.0
16432,87.64900970458984,100,4646912,0.0
16433,56.7673225402832,64,4646912,0.0
16434,74.98246765136719,87,4647680,0.0
16435,80.70218658447266,93,4647680,0.0
16436,92.8304443359375,104,4647936,0.0
16437,57.047584533691406,69,4647936,0.0
16438,115.77169036865234,128,4648192,0.0
16439,35.69172286987305,44,4648192,0.0
16440,77.647705078125,90,4648448,0.0
16441,87.74341583251953,100,4648448,0.0
16442,106.63844299316406,119,4648960,0.0
16443,97.04519653320312,109,4648960,0.0
16444,89.09872436523438,101,4648960,0.0
16445,98.28231811523438,112,4648960,0.0
16446,62.14232635498047,70,4649472,0.0
16447,50.91682434082031,62,4649728,0.0
16448,78.89598846435547,90,4649984,0.0
16449,83.79402160644531,95,4649984,0.0
16450,86.72640991210938,99,4650496,0.0
16451,47.8755989074707,58,4650752,0.0
16452,98.65057373046875,112,4651264,0.0
16453,85.13140869140625,97,4651520,0.0
16454,94.66614532470703,107,4651520,0.0
16455,99.66983032226562,111,4651520,0.0
16456,69.6044921875,81,4651776,0.0
16457,73.91271209716797,86,4652288,0.0
16458,112.24171447753906,124,4652288,0.0
16459,29.88985252380371,37,4652544,0.0
16460,88.92803192138672,100,4652544,0.0
16461,58.765899658203125,70,4652544,0.0
16462,102.18714904785156,114,4652800,0.0
16463,64.72532653808594,76,4652800,0.0
16464,36.03670120239258,44,4653056,0.0
16465,47.387081146240234,58,4653056,0.0
16466,62.42449188232422,74,4653056,0.0
16467,54.818565368652344,66,4653056,0.0
16468,90.16564178466797,102,4653312,0.0
16469,103.27543640136719,115,4653568,0.0
16470,88.194580078125,100,4653568,0.0
16471,94.57363891601562,106,4653824,0.0
16472,86.60127258300781,99,4653824,0.0
16473,96.84750366210938,109,4653824,0.0
16474,67.16238403320312,79,4653824,0.0
16475,99.49176788330078,111,4654080,0.0
16476,48.50357437133789,59,4654080,0.0
16477,66.15213012695312,78,4654080,0.0
16478,102.1612777709961,113,4654336,0.0
16479,98.44720458984375,112,4654336,0.0
16480,63.12213897705078,75,4654336,0.0
16481,113.61149597167969,125,4654336,0.0
16482,90.02876281738281,102,4654336,0.0
16483,93.24046325683594,105,4654336,0.0
16484,64.52546691894531,76,4654592,0.0
16485,78.42371368408203,90,4654592,0.0
16486,78.97795867919922,91,4654592,0.0
16487,56.40910720825195,68,4654592,0.0
16488,60.569889068603516,70,4654592,0.0
16489,94.8624267578125,106,4654592,0.0
16490,68.39934539794922,80,4654848,0.0
16491,65.92243957519531,78,4654848,0.0
16492,77.1733169555664,89,4654848,0.0
16493,64.24700164794922,73,4655104,0.0
16494,80.7960433959961,92,4655104,0.0
16495,80.96573638916016,93,4655104,0.0
16496,82.38322448730469,94,4655104,0.0
16497,68.21671295166016,80,4655104,0.0
16498,103.17738342285156,115,4655360,0.0
16499,108.11924743652344,120,4655360,0.0
16500,73.33984375,85,4655616,0.0
16501,75.57609558105469,87,4655872,0.0
16502,55.69895553588867,67,4655872,0.0
16503,68.15547943115234,80,4655872,0.0
16504,64.67314910888672,76,4655872,0.0
16505,95.88302612304688,108,4655872,0.0
16506,64.71955871582031,76,4656128,0.0
16507,79.67497253417969,92,4656128,0.0
16508,68.08159637451172,79,4656384,0.0
16509,82.4629898071289,94,4656384,0.0
16510,60.263465881347656,72,4656640,0.0
16511,72.15398406982422,83,4656640,0.0
16512,62.09257125854492,73,4656640,0.0
16513,92.37483215332031,105,4656640,0.0
16514,82.84918212890625,94,4656896,0.0
16515,74.32585906982422,86,4656896,0.0
16516,93.0875473022461,104,4657152,0.0
16517,59.99544143676758,71,4657152,0.0
16518,73.32877349853516,85,4657152,0.0
16519,78.62535095214844,90,4657152,0.0
16520,88.1371078491211,99,4657408,0.0
16521,58.74922561645508,70,4657408,0.0
16522,87.91754150390625,99,4657664,0.0
16523,47.695411682128906,58,4657664,0.0
16524,66.51954650878906,78,4657664,0.0
16525,90.2719497680664,101,4657664,0.0
16526,53.09418487548828,64,4657664,0.0
16527,70.7288589477539,82,4657664,0.0
16528,90.3525390625,102,4657664,0.0
16529,93.60211944580078,105,4657664,0.0
16530,54.08942413330078,65,4658176,0.0
16531,83.60983276367188,95,4658176,0.0
16532,58.78887176513672,70,4658176,0.0
16533,64.43283081054688,76,4658432,0.0
16534,60.21781921386719,68,4658432,0.0
16535,77.38642120361328,89,4658432,0.0
16536,75.25898742675781,86,4658432,0.0
16537,89.24334716796875,101,4658432,0.0
16538,73.82628631591797,85,4658688,0.0
16539,62.40525817871094,73,4658688,0.0
16540,93.9565200805664,106,4658688,0.0
16541,74.04033660888672,85,4658688,0.0
16542,62.32257080078125,74,4658688,0.0
16543,90.02311706542969,102,4658944,0.0
16544,65.0090560913086,76,4658944,0.0
16545,74.61394500732422,86,4658944,0.0
16546,82.11849975585938,94,4659200,0.0
16547,81.45083618164062,93,4659200,0.0
16548,66.66692352294922,78,4659200,0.0
16549,66.68492889404297,78,4659200,0.0
16550,69.6390609741211,81,4659200,0.0
16551,56.765079498291016,67,4659456,0.0
16552,76.61942291259766,88,4659456,0.0
16553,79.35499572753906,91,4659456,0.0
16554,64.29905700683594,76,4659456,0.0
16555,87.3666000366211,99,4659712,0.0
16556,82.1292724609375,94,4659712,0.0
16557,73.53401947021484,85,4659712,0.0
16558,99.71693420410156,111,4659712,0.0
16559,59.944549560546875,71,4659968,0.0
16560,80.13481903076172,91,4659968,0.0
16561,57.891075134277344,69,4659968,0.0
16562,78.3763427734375,89,4659968,0.0
16563,72.75605773925781,85,4659968,0.0
16564,84.23722076416016,96,4659968,0.0
16565,78.31182098388672,90,4660224,0.0
16566,83.8436279296875,95,4660224,0.0
16567,78.0459976196289,90,4660224,0.0
16568,82.22659301757812,94,4660224,0.0
16569,53.9200325012207,65,4660224,0.0
16570,62.546382904052734,74,4660480,0.0
16571,61.6406135559082,73,4660480,0.0
16572,68.75870513916016,80,4660480,0.0
16573,76.46085357666016,88,4660480,0.0
16574,91.52032470703125,104,4660736,0.0
16575,77.88459014892578,90,4660736,0.0
16576,75.50453186035156,87,4660992,0.0
16577,79.21653747558594,90,4660992,0.0
16578,83.75790405273438,95,4660992,0.0
16579,79.04454040527344,90,4660992,0.0
16580,72.29862976074219,83,4660992,0.0
16581,72.45950317382812,84,4660992,0.0
16582,79.60418701171875,91,4660992,0.0
16583,63.198707580566406,74,4660992,0.0
16584,91.90532684326172,105,4660992,0.0
16585,88.45137786865234,100,4661248,0.0
16586,93.11731719970703,105,4661248,0.0
16587,64.74185180664062,76,4661248,0.0
16588,81.60811614990234,93,4661248,0.0
16589,83.86508178710938,96,4661504,0.0
16590,70.92140197753906,82,4661504,0.0
16591,75.4070816040039,87,4661760,0.0
16592,66.79633331298828,78,4661760,0.0
16593,65.6234359741211,77,4662016,0.0
16594,59.014888763427734,70,4662016,0.0
16595,98.48882293701172,111,4662016,0.0
16596,84.40811157226562,96,4662272,0.0
16597,87.11116790771484,100,4662272,0.0
16598,91.64131164550781,103,4662272,0.0
16599,87.2501220703125,98,4662272,0.0
16600,86.2127456665039,98,4662272,0.0
16601,75.78277587890625,87,4662272,0.0
16602,88.3095932006836,100,4662272,0.0
16603,68.25482940673828,79,4662272,0.0
16604,93.43167114257812,105,4662528,0.0
16605,85.15061950683594,97,4662528,0.0
16606,74.91212463378906,86,4662528,0.0
16607,61.74365234375,73,4662528,0.0
16608,81.48149871826172,93,4662528,0.0
16609,64.18035125732422,75,4662784,0.0
16610,82.36595916748047,94,4662784,0.0
16611,72.3280258178711,83,4662784,0.0
16612,72.3332290649414,84,4662784,0.0
16613,72.1999282836914,83,4663040,0.0
16614,68.893310546875,78,4663040,0.0
16615,76.82548522949219,88,4663040,0.0
16616,72.34736633300781,83,4663296,0.0
16617,93.54562377929688,106,4663296,0.0
16618,90.25962829589844,101,4663296,0.0
16619,87.46437072753906,98,4663296,0.0
16620,101.04962158203125,113,4663296,0.0
16621,82.34642028808594,94,4663552,0.0
16622,85.45508575439453,97,4663552,0.0
16623,82.46369171142578,94,4663552,0.0
16624,84.33771514892578,96,4663552,0.0
16625,87.02884674072266,99,4663552,0.0
16626,102.23822784423828,113,4663552,0.0
16627,71.13953399658203,82,4663808,0.0
16628,93.60186004638672,105,4663808,0.0
16629,53.12601089477539,64,4664064,0.0
16630,81.71205139160156,93,4664064,0.0
16631,82.53111267089844,93,4664064,0.0
16632,80.62271118164062,92,4664064,0.0
16633,72.81071472167969,84,4664064,0.0
16634,73.33377075195312,85,4664064,0.0
16635,85.63530731201172,98,4664320,0.0
16636,84.70265197753906,96,4664320,0.0
16637,74.59893035888672,86,4664576,0.0
16638,78.03009796142578,90,4664576,0.0
16639,84.8741455078125,97,4664576,0.0
16640,87.98536682128906,100,4664576,0.0
16641,98.74243927001953,111,4664832,0.0
16642,80.56983184814453,92,4664832,0.0
16643,89.18220520019531,101,4664832,0.0
16644,85.62184143066406,97,4665088,0.0
16645,87.96802520751953,99,4665344,0.0
16646,87.52774047851562,98,4665344,0.0
16647,87.53761291503906,99,4665600,0.0
16648,99.53367614746094,111,4665600,0.0
16649,83.33052062988281,95,4665600,0.0
16650,83.14289093017578,94,4665600,0.0
16651,65.71228790283203,76,4665600,0.0
16652,88.2391357421875,100,4665856,0.0
16653,93.12621307373047,104,4665856,0.0
16654,80.82371520996094,93,4666112,0.0
16655,99.9039306640625,111,4666624,0.0
16656,95.6923599243164,107,4666624,0.0
16657,84.19831085205078,96,4666624,0.0
16658,92.09062194824219,104,4666624,0.0
16659,91.99473571777344,104,4666624,0.0
16660,79.64826965332031,91,4666624,0.0
16661,88.13119506835938,100,4666880,0.0
16662,88.9791488647461,100,4666880,0.0
16663,89.43473815917969,102,4667136,0.0
16664,85.3848876953125,97,4667136,0.0
16665,86.9407730102539,98,4667136,0.0
16666,88.44005584716797,100,4667392,0.0
16667,36.87831497192383,45,4667392,0.0
16668,94.80966186523438,106,4667392,0.0
16669,64.72227478027344,76,4667648,0.0
16670,85.05104064941406,97,4667648,0.0
16671,49.56364440917969,60,4667904,0.0
16672,89.74491119384766,101,4668160,0.0
16673,82.75232696533203,93,4668160,0.0
16674,49.09029006958008,60,4668416,0.0
16675,58.06724166870117,69,4668416,0.0
16676,84.830810546875,96,4668416,0.0
16677,67.87678527832031,79,4668416,0.0
16678,93.57813262939453,105,4668416,0.0
16679,90.26953887939453,103,4668416,0.0
16680,101.32469177246094,113,4668416,0.0
16681,91.1133041381836,104,4668416,0.0
16682,63.93484115600586,75,4668672,0.0
16683,92.40287780761719,104,4668672,0.0
16684,94.21076202392578,106,4668672,0.0
16685,48.45252227783203,59,4668672,0.0
16686,71.1090316772461,82,4668928,0.0
16687,60.323856353759766,72,4668928,0.0
16688,81.20037841796875,93,4668928,0.0
16689,91.36573791503906,103,4669440,0.0
16690,64.268310546875,76,4669440,0.0
16691,100.0760726928711,112,4669440,0.0
16692,53.391685485839844,64,4669440,0.0
16693,80.06060028076172,91,4669696,0.0
16694,51.45582580566406,62,4670208,0.0
16695,89.96041870117188,101,4670208,0.0
16696,96.45806884765625,108,4670464,0.0
16697,75.7475814819336,87,4670720,0.0
16698,81.53606414794922,93,4670720,0.0
16699,93.33226776123047,106,4670720,0.0
16700,75.56047821044922,87,4671232,0.0
16701,57.71698760986328,69,4671232,0.0
16702,98.04539489746094,110,4672000,0.0
16703,54.402099609375,65,4672000,0.0
16704,69.8884048461914,82,4672256,0.0
16705,97.15567779541016,109,4672256,0.0
16706,76.5371322631836,88,4672256,0.0
16707,78.94966125488281,91,4672256,0.0
16708,83.10345458984375,95,4672256,0.0
16709,60.053565979003906,71,4672256,0.0
16710,59.9489631652832,71,4672512,0.0
16711,69.93046569824219,81,4672512,0.0
16712,55.04747772216797,66,4672768,0.0
16713,67.83499908447266,79,4673024,0.0
16714,93.48878479003906,106,4673280,0.0
16715,70.24439239501953,82,4673536,0.0
16716,55.98796081542969,68,4673536,0.0
16717,93.0910873413086,104,4673536,0.0
16718,102.2513427734375,114,4674048,0.0
16719,65.49507141113281,77,4674048,0.0
16720,64.60810852050781,76,4674560,0.0
16721,78.79183959960938,90,4674560,0.0
16722,67.19945526123047,79,4674816,0.0
16723,66.87773895263672,78,4675072,0.0
16724,70.41636657714844,82,4675072,0.0
16725,92.58354949951172,105,4675328,0.0
16726,70.69818115234375,82,4675328,0.0
16727,94.8073501586914,108,4675328,0.0
16728,94.7319564819336,108,4676608,0.0
16729,61.8593864440918,74,4676608,0.0
16730,62.50874710083008,75,4677632,0.0
16731,92.59847259521484,104,4678144,0.0
16732,63.470035552978516,76,4678144,0.0
16733,78.16983032226562,90,4678144,0.0
16734,98.51842498779297,111,4678400,0.0
16735,63.934391021728516,76,4678912,0.0
16736,89.58423614501953,102,4678912,0.0
16737,63.31414031982422,75,4679168,0.0
16738,76.06080627441406,88,4679168,0.0
16739,93.97666931152344,106,4679424,0.0
16740,105.26531982421875,119,4679424,0.0
16741,63.22776794433594,75,4679424,0.0
16742,77.88628387451172,89,4679936,0.0
16743,77.349853515625,89,4680192,0.0
16744,88.63668823242188,100,4680192,0.0
16745,75.70917510986328,88,4680192,0.0
16746,65.55758666992188,79,4680192,0.0
16747,86.32352447509766,98,4680448,0.0
16748,64.95760345458984,77,4680704,0.0
16749,85.83710479736328,97,4680704,0.0
16750,74.45816802978516,87,4680960,0.0
16751,90.46780395507812,102,4680960,0.0
16752,96.61520385742188,109,4680960,0.0
16753,69.17579650878906,82,4681472,0.0
16754,74.3474349975586,87,4681984,0.0
16755,93.56965637207031,107,4681984,0.0
16756,83.10448455810547,95,4681984,0.0
16757,94.42203521728516,107,4681984,0.0
16758,70.16255187988281,83,4681984,0.0
16759,70.91078186035156,83,4682240,0.0
16760,85.4996109008789,97,4682496,0.0
16761,77.00798034667969,89,4682752,0.0
16762,80.90607452392578,93,4682752,0.0
16763,85.25621795654297,97,4683008,0.0
16764,99.62786102294922,111,4683008,0.0
16765,92.26551818847656,104,4683264,0.0
16766,82.9919204711914,96,4683520,0.0
16767,77.70787811279297,91,4683520,0.0
16768,104.2249984741211,117,4683776,0.0
16769,90.4843521118164,102,4683776,0.0
16770,113.7745132446289,126,4683776,0.0
16771,77.10832977294922,90,4684032,0.0
16772,86.42040252685547,99,4684032,0.0
16773,106.65624237060547,118,4684032,0.0
16774,95.74942779541016,108,4684032,0.0
16775,74.84471893310547,87,4684544,0.0
16776,103.36681365966797,116,4684800,0.0
16777,113.49056243896484,127,4684800,0.0
16778,77.6424331665039,90,4684800,0.0
16779,100.21049499511719,112,4684800,0.0
16780,95.24671936035156,107,4685056,0.0
16781,110.70228576660156,123,4685312,0.0
16782,115.3177719116211,128,4685312,0.0
16783,79.45323944091797,91,4685568,0.0
16784,93.45299530029297,105,4685568,0.0
16785,114.95361328125,127,4685568,0.0
16786,84.25305938720703,97,4685824,0.0
16787,117.03115844726562,128,4686080,0.0
16788,108.9612808227539,122,4686080,0.0
16789,98.5463638305664,111,4686080,0.0
16790,113.11775207519531,125,4686336,0.0
16791,117.0415267944336,129,4686848,0.0
16792,94.83415222167969,107,4687104,0.0
16793,80.31891632080078,92,4687104,0.0
16794,87.6156005859375,101,4687104,0.0
16795,91.00336456298828,104,4687360,0.0
16796,91.69293975830078,103,4687616,0.0
16797,90.15853118896484,103,4687616,0.0
16798,88.00764465332031,100,4687872,0.0
16799,105.4836196899414,117,4688128,0.0
16800,109.40006256103516,122,4688384,0.0
16801,114.05081176757812,127,4689408,0.0
16802,125.88365936279297,139,4689920,0.0
16803,118.90813446044922,130,4689920,0.0
16804,129.9539337158203,143,4691200,0.0
16805,115.18592071533203,127,4691968,0.0
16806,118.814453125,130,4691968,0.0
16807,119.15740203857422,132,4692224,0.0
16808,123.70362854003906,136,4692480,0.0
16809,99.4513168334961,112,4692480,0.0
16810,101.74202728271484,114,4692736,0.0
16811,105.0765151977539,118,4693248,0.0
16812,135.9879913330078,149,4693248,0.0
16813,99.55541229248047,112,4693248,0.0
16814,119.6476058959961,132,4693504,0.0
16815,112.48471069335938,124,4693760,0.0
16816,124.37248992919922,135,4694016,0.0
16817,120.65494537353516,133,4694016,0.0
16818,105.58404541015625,118,4694016,0.0
16819,128.39181518554688,141,4694272,0.0
16820,113.10225677490234,124,4694272,0.0
16821,120.02124786376953,132,4694272,0.0
16822,148.5252227783203,160,4695040,0.0
16823,139.0721893310547,153,4695040,0.0
16824,136.0114288330078,150,4695296,0.0
16825,139.61756896972656,152,4695296,0.0
16826,141.9645233154297,155,4695552,0.0
16827,121.70651245117188,134,4695552,0.0
16828,111.60633087158203,124,4695808,0.0
16829,107.93445587158203,121,4696320,0.0
16830,121.90960693359375,134,4696320,0.0
16831,131.76173400878906,144,4696832,0.0
16832,134.64230346679688,147,4697344,0.0
16833,126.45625305175781,138,4697600,0.0
16834,157.07666015625,169,4698112,0.0
16835,142.7318115234375,156,4698368,0.0
16836,144.8786163330078,157,4699392,0.0
16837,120.17060089111328,133,4700160,0.0
16838,156.45484924316406,168,4700416,0.0
16839,149.24566650390625,161,4700416,0.0
16840,160.1769561767578,172,4701184,0.0
16841,138.8011016845703,151,4701440,0.0
16842,143.49822998046875,154,4701952,0.0
16843,141.5269775390625,153,4702464,0.0
16844,126.31029510498047,139,4702720,0.0
16845,158.79281616210938,170,4702976,0.0
16846,133.05526733398438,146,4703232,0.0
16847,169.9782257080078,182,4703232,0.0
16848,175.6842498779297,187,4705024,0.0
16849,138.98785400390625,151,4705280,0.0
16850,151.4604949951172,162,4705536,0.0
16851,167.43287658691406,178,4706560,0.0
16852,161.71910095214844,170,4707584,0.0
16853,176.76840209960938,185,4708352,0.0
16854,164.60765075683594,174,4709376,0.0
16855,203.0290985107422,211,4709632,0.0
16856,187.7415771484375,200,4710144,0.0
16857,209.9698028564453,221,4715008,0.0
16858,212.7919921875,224,4716544,0.0
16859,296.8113098144531,309,4739328,0.0
16860,291.91619873046875,302,4740096,0.0
16861,269.7049560546875,280,4740096,0.0
16862,291.4555969238281,302,4743936,0.0
16863,315.2370300292969,328,4746496,0.0
16864,298.8973083496094,309,4749312,0.0
16865,991.0254516601562,1000,4914432,0.0
16866,991.777587890625,1000,4915200,0.0
16867,990.669189453125,1000,4915200,0.0
16868,991.996337890625,1000,4915968,0.0
16869,991.5044555664062,1000,4916224,0.0
16870,992.5957641601562,1000,4916224,0.0
16871,991.9441528320312,1000,4916480,0.0
16872,992.9059448242188,1000,4916480,0.0
16873,991.2140502929688,1000,4916992,0.0
16874,990.4579467773438,1000,4916992,0.0
16875,989.6605224609375,1000,4916992,0.0
16876,990.6685180664062,1000,4917504,0.0
16877,992.0509033203125,1000,4917504,0.0
16878,994.1439208984375,1000,4917760,0.0
16879,992.8096313476562,1000,4918016,0.0
16880,992.7144165039062,1000,4918272,0.0
16881,993.19091796875,1000,4918272,0.0
16882,994.3294677734375,1000,4918272,0.0
16883,992.950927734375,1000,4918272,0.0
16884,991.2068481445312,1000,4918528,0.0
16885,994.6009521484375,1000,4918528,0.0
16886,993.928466796875,1000,4918784,0.0
16887,993.2915649414062,1000,4918784,0.0
16888,992.5050659179688,1000,4919040,0.0
16889,992.638671875,1000,4919040,0.0
16890,993.7493896484375,1000,4919296,0.0
16891,992.5252075195312,1000,4919296,0.0
16892,992.7849731445312,1000,4919296,0.0
16893,994.5853881835938,1000,4919296,0.0
16894,992.5828247070312,1000,4919552,0.0
16895,991.8126831054688,1000,4919552,0.0
16896,992.327880859375,1000,4919552,0.0
16897,994.0552368164062,1000,4919552,0.0
16898,992.598876953125,1000,4920064,0.0
16899,992.6676635742188,1000,4920064,0.0
16900,993.2860717773438,1000,4920064,0.0
16901,990.5111694335938,1000,4920320,0.0
16902,995.59228515625,1000,4920320,0.0
16903,990.2754516601562,1000,4920576,0.0
16904,993.1539306640625,1000,4920576,0.0
16905,992.4111938476562,1000,4920576,0.0
16906,993.5285034179688,1000,4920832,0.0
16907,992.0723266601562,1000,4920832,0.0
16908,993.964111328125,1000,4921088,0.0
16909,992.9851684570312,1000,4921344,0.0
16910,994.9046630859375,1000,4921600,0.0
16911,994.6713256835938,1000,4921600,0.0
16912,995.0632934570312,1000,4921600,0.0
16913,996.1122436523438,1000,4921600,0.0
16914,994.3056640625,1000,4921600,0.0
16915,993.5218505859375,1000,4921856,0.0
16916,991.713623046875,1000,4922624,0.0
16917,995.17138671875,1000,4922624,0.0
16918,994.6478881835938,1000,4922624,0.0
16919,995.8004150390625,1000,4922624,0.0
16920,994.7001342773438,1000,4922880,0.0
16921,993.503173828125,1000,4922880,0.0
16922,996.5732421875,1000,4923136,0.0
16923,994.8139038085938,1000,4923136,0.0
16924,993.1766357421875,1000,4923392,0.0
16925,995.50537109375,1000,4923392,0.0
16926,993.7843017578125,1000,4923392,0.0
16927,995.1088256835938,1000,4923648,0.0
16928,993.3695678710938,1000,4923648,0.0
16929,996.02392578125,1000,4923904,0.0
16930,993.6875610351562,1000,4924160,0.0
16931,996.1276245117188,1000,4924160,0.0
16932,995.8709106445312,1000,4924416,0.0
16933,996.2976684570312,1000,4924416,0.0
16934,994.181884765625,1000,4924416,0.0
16935,995.4008178710938,1000,4924416,0.0
16936,996.1257934570312,1000,4924416,0.0
16937,995.861083984375,1000,4924416,0.0
16938,995.5934448242188,1000,4924416,0.0
16939,993.3182983398438,1000,4924672,0.0
16940,995.0376586914062,1000,4924672,0.0
16941,995.569580078125,1000,4924672,0.0
16942,994.4639892578125,1000,4924672,0.0
16943,994.2465209960938,1000,4924928,0.0
16944,994.463134765625,1000,4924928,0.0
16945,995.5208740234375,1000,4924928,0.0
16946,996.5243530273438,1000,4925440,0.0
16947,996.62353515625,1000,4925440,0.0
16948,996.232421875,1000,4925440,0.0
16949,995.7322998046875,1000,4925440,0.0
16950,995.9310913085938,1000,4925696,0.0
16951,994.05126953125,1000,4926208,0.0
16952,994.7798461914062,1000,4926464,0.0
16953,995.1053466796875,1000,4926720,0.0
16954,991.65380859375,1000,4926720,0.0
16955,993.9737548828125,1000,4926720,0.0
16956,990.7411499023438,1000,4927232,0.0
16957,996.4046020507812,1000,4927232,0.0
16958,995.9495849609375,1000,4928000,0.0
16959,994.6136474609375,1000,4928000,0.0
16960,992.6773071289062,1000,4928256,0.0
16961,996.3522338867188,1000,4928256,0.0
16962,994.1005249023438,1000,4928256,0.0
16963,995.3372802734375,1000,4928256,0.0
16964,994.99951171875,1000,4928256,0.0
16965,996.8132934570312,1000,4928256,0.0
16966,996.94921875,1000,4928512,0.0
16967,995.89697265625,1000,4928512,0.0
16968,996.4764404296875,1000,4928768,0.0
16969,993.8308715820312,1000,4929024,0.0
16970,992.9614868164062,1000,4929280,0.0
16971,996.5211181640625,1000,4929536,0.0
16972,995.870849609375,1000,4929536,0.0
16973,994.783935546875,1000,4929536,0.0
16974,995.6610107421875,1000,4930048,0.0
16975,997.7363891601562,1000,4930048,0.0
16976,995.7803955078125,1000,4930560,0.0
16977,993.9563598632812,1000,4930560,0.0
16978,996.7012939453125,1000,4930816,0.0
16979,997.2157592773438,1000,4931072,0.0
16980,996.346923828125,1000,4931072,0.0
16981,996.1570434570312,1000,4931328,0.0
16982,997.8470458984375,1000,4931328,0.0
16983,995.87158203125,1000,4931328,0.0
16984,994.6539916992188,1000,4932608,0.0
16985,998.0220947265625,1000,4932608,0.0
16986,997.1727905273438,1000,4933632,0.0
16987,997.6254272460938,1000,4934144,0.0
16988,997.2411499023438,1000,4934144,0.0
16989,997.1080932617188,1000,4934144,0.0
16990,997.9386596679688,1000,4934400,0.0
16991,996.8477172851562,1000,4934912,0.0
16992,996.1376953125,1000,4934912,0.0
16993,996.9257202148438,1000,4935168,0.0
16994,996.779052734375,1000,4935168,0.0
16995,994.2100219726562,1000,4935424,0.0
16996,996.62158203125,1000,4935424,0.0
16997,995.6412353515625,1000,4935424,0.0
16998,997.3661499023438,1000,4935936,0.0
16999,997.7130737304688,1000,4936192,0.0
17000,997.5130615234375,1000,4936192,0.0
17001,996.4752807617188,1000,4936192,0.0
17002,995.759033203125,1000,4936192,0.0
17003,998.2086181640625,1000,4936448,0.0
17004,996.0125732421875,1000,4936704,0.0
17005,997.1152954101562,1000,4936704,0.0
17006,997.76513671875,1000,4936960,0.0
17007,997.177001953125,1000,4936960,0.0
17008,997.1190185546875,1000,4936960,0.0
17009,995.541259765625,1000,4937472,0.0
17010,998.1213989257812,1000,4937984,0.0
17011,997.95849609375,1000,4937984,0.0
17012,998.32373046875,1000,4937984,0.0
17013,995.499755859375,1000,4937984,0.0
17014,996.8975219726562,1000,4937984,0.0
17015,997.0454711914062,1000,4938240,0.0
17016,996.555419921875,1000,4938496,0.0
17017,997.5520629882812,1000,4938752,0.0
17018,996.89111328125,1000,4938752,0.0
17019,996.7569580078125,1000,4939008,0.0
17020,997.3696899414062,1000,4939008,0.0
17021,997.6896362304688,1000,4939264,0.0
17022,995.9155883789062,1000,4939520,0.0
17023,997.5364990234375,1000,4939520,0.0
17024,996.030029296875,1000,4939776,0.0
17025,996.210693359375,1000,4939776,0.0
17026,997.08203125,1000,4939776,0.0
17027,997.7628784179688,1000,4940032,0.0
17028,998.470703125,1000,4940032,0.0
17029,995.4413452148438,1000,4940032,0.0
17030,996.8861694335938,1000,4940032,0.0
17031,997.430908203125,1000,4940544,0.0
17032,996.9505615234375,1000,4940800,0.0
17033,996.3025512695312,1000,4940800,0.0
17034,996.0726318359375,1000,4940800,0.0
17035,996.8613891601562,1000,4940800,0.0
17036,997.4197387695312,1000,4941056,0.0
17037,998.377685546875,1000,4941312,0.0
17038,997.6687622070312,1000,4941312,0.0
17039,997.755859375,1000,4941568,0.0
17040,998.228515625,1000,4941568,0.0
17041,997.4364013671875,1000,4941568,0.0
17042,995.2607421875,1000,4941824,0.0
17043,996.2538452148438,1000,4942080,0.0
17044,997.2291870117188,1000,4942080,0.0
17045,996.8471069335938,1000,4942080,0.0
17046,998.348388671875,1000,4942336,0.0
17047,998.299072265625,1000,4942848,0.0
17048,996.6213989257812,1000,4943104,0.0
17049,997.0313110351562,1000,4943104,0.0
17050,997.175537109375,1000,4943104,0.0
17051,995.7775268554688,1000,4943360,0.0
17052,998.3507080078125,1000,4943616,0.0
17053,997.1250610351562,1000,4943616,0.0
17054,997.9005126953125,1000,4943872,0.0
17055,996.8640747070312,1000,4944128,0.0
17056,996.5994262695312,1000,4944384,0.0
17057,996.1827392578125,1000,4945408,0.0
17058,997.2157592773438,1000,4945920,0.0
17059,996.5836181640625,1000,4945920,0.0
17060,995.89794921875,1000,4947200,0.0
17061,997.26513671875,1000,4947968,0.0
17062,996.8488159179688,1000,4947968,0.0
17063,996.9331665039062,1000,4948224,0.0
17064,997.7925415039062,1000,4948480,0.0
17065,997.1434936523438,1000,4948480,0.0
17066,997.6249389648438,1000,4948736,0.0
17067,996.9658813476562,1000,4949248,0.0
17068,996.5309448242188,1000,4949248,0.0
17069,997.8543090820312,1000,4949248,0.0
17070,997.5046997070312,1000,4949504,0.0
17071,998.29296875,1000,4949760,0.0
17072,998.1690673828125,1000,4950016,0.0
17073,997.01904296875,1000,4950016,0.0
17074,998.5130615234375,1000,4950016,0.0
17075,997.3631591796875,1000,4950272,0.0
17076,997.0440673828125,1000,4950272,0.0
17077,997.9752807617188,1000,4950272,0.0
17078,996.9630126953125,1000,4951040,0.0
17079,996.91064453125,1000,4951040,0.0
17080,997.447265625,1000,4951296,0.0
17081,998.1354370117188,1000,4951296,0.0
17082,996.2734375,1000,4951552,0.0
17083,996.7610473632812,1000,4951552,0.0
17084,997.7168579101562,1000,4951808,0.0
17085,996.5457763671875,1000,4952320,0.0
17086,997.9867553710938,1000,4952320,0.0
17087,997.567138671875,1000,4952832,0.0
17088,997.8214721679688,1000,4953344,0.0
17089,995.0447387695312,1000,4953600,0.0
17090,997.5635375976562,1000,4954112,0.0
17091,998.4143676757812,1000,4954368,0.0
17092,995.3970336914062,1000,4955392,0.0
17093,997.5513305664062,1000,4956160,0.0
17094,996.1006469726562,1000,4956416,0.0
17095,997.9949951171875,1000,4956416,0.0
17096,997.0281982421875,1000,4957184,0.0
17097,997.2255859375,1000,4957440,0.0
17098,996.3859252929688,1000,4957952,0.0
17099,996.7487182617188,1000,4958464,0.0
17100,997.737060546875,1000,4958720,0.0
17101,997.2948608398438,1000,4958976,0.0
17102,997.8056030273438,1000,4959232,0.0
17103,996.4502563476562,1000,4959232,0.0
17104,996.6449584960938,1000,4961024,0.0
17105,996.8461303710938,1000,4961280,0.0
17106,997.8695678710938,1000,4961536,0.0
17107,845.757568359375,851,4961792,0.0
17108,997.1416625976562,1000,4962560,0.0
17109,840.4615478515625,845,4962816,0.0
17110,997.585693359375,1000,4963584,0.0
17111,998.9147338867188,1000,4964352,0.0
17112,836.3478393554688,840,4964352,0.0
17113,872.4613647460938,877,4964608,0.0
17114,996.6400756835938,1000,4965376,0.0
17115,875.3987426757812,880,4965376,0.0
17116,998.71044921875,1000,4965632,0.0
17117,997.7296752929688,1000,4966144,0.0
17118,884.0372314453125,888,4966656,0.0
17119,978.6102294921875,983,4968192,0.0
17120,989.3850708007812,993,4969216,0.0
17121,529.6243286132812,535,5051392,0.0
17122,514.2235107421875,520,5051392,0.0
17123,517.4630737304688,523,5052928,0.0
17124,513.5328979492188,520,5053184,0.0
17125,523.0771484375,528,5056768,0.0
17126,518.0425415039062,524,5057792,0.0
17127,534.559326171875,541,5058048,0.0
17128,542.1781616210938,547,5058560,0.0
17129,518.0057373046875,524,5058560,0.0
17130,543.2611083984375,548,5058816,0.0
17131,526.7161254882812,534,5059328,0.0
17132,553.0164184570312,558,5059328,0.0
17133,556.6925659179688,563,5059328,0.0
17134,544.60205078125,549,5059328,0.0
17135,536.4103393554688,543,5059584,0.0
17136,554.41455078125,559,5060096,0.0
17137,546.0286865234375,551,5060096,0.0
17138,533.2548828125,538,5060352,0.0
17139,564.9700927734375,569,5060864,0.0
17140,508.1083068847656,514,5061120,0.0
17141,518.330810546875,523,5061120,0.0
17142,560.45751953125,566,5061888,0.0
17143,543.3236083984375,548,5062144,0.0
17144,548.7926025390625,553,5062656,0.0
17145,521.3359985351562,527,5062912,0.0
17146,542.492431640625,547,5062912,0.0
17147,539.2955932617188,544,5063168,0.0
17148,557.1544799804688,562,5063168,0.0
17149,568.7059936523438,574,5063168,0.0
17150,569.313720703125,574,5063424,0.0
17151,564.94677734375,570,5063424,0.0
17152,523.0279541015625,528,5063424,0.0
17153,529.515869140625,535,5063680,0.0
17154,567.9757080078125,572,5063936,0.0
17155,558.016845703125,564,5063936,0.0
17156,540.0218505859375,545,5064192,0.0
17157,515.7047119140625,521,5064704,0.0
17158,529.782470703125,535,5065472,0.0
17159,563.5479125976562,568,5065984,0.0
17160,546.8211059570312,552,5066240,0.0
17161,548.7572021484375,554,5066240,0.0
17162,560.5333251953125,565,5066240,0.0
17163,512.0152587890625,517,5066496,0.0
17164,548.9004516601562,555,5066752,0.0
17165,575.6890258789062,580,5066752,0.0
17166,565.7032470703125,570,5067264,0.0
17167,552.2535400390625,557,5067264,0.0
17168,537.705322265625,544,5067520,0.0
17169,515.4616088867188,521,5067520,0.0
17170,561.552734375,566,5067520,0.0
17171,522.5028076171875,528,5067776,0.0
17172,510.9901428222656,517,5067776,0.0
17173,571.23486328125,577,5068032,0.0
17174,576.289794921875,581,5068032,0.0
17175,494.1064147949219,500,5068032,0.0
17176,507.5929260253906,513,5068032,0.0
17177,536.1641235351562,542,5068032,0.0
17178,511.5085144042969,516,5068032,0.0
17179,561.574951171875,567,5068288,0.0
17180,560.6529541015625,566,5068288,0.0
17181,536.492431640625,542,5068288,0.0
17182,544.0762939453125,548,5068544,0.0
17183,578.8864135742188,584,5068800,0.0
17184,573.6806030273438,579,5068800,0.0
17185,543.3375244140625,548,5069056,0.0
17186,578.5917358398438,583,5069312,0.0
17187,556.0769653320312,561,5069312,0.0
17188,492.7243957519531,498,5069568,0.0
17189,557.8489990234375,563,5069568,0.0
17190,506.1263427734375,512,5069568,0.0
17191,513.35400390625,519,5069824,0.0
17192,503.6565246582031,509,5069824,0.0
17193,587.0894165039062,592,5069824,0.0
17194,563.7029418945312,568,5069824,0.0
17195,519.1211547851562,524,5070592,0.0
17196,570.8388671875,575,5070592,0.0
17197,511.67327880859375,518,5070592,0.0
17198,587.0621948242188,591,5070592,0.0
17199,577.1192626953125,582,5070592,0.0
17200,523.2548828125,530,5070848,0.0
17201,568.2996215820312,573,5070848,0.0
17202,512.2904052734375,517,5071104,0.0
17203,507.41387939453125,513,5071104,0.0
17204,520.5598754882812,527,5071104,0.0
17205,552.8341064453125,558,5071104,0.0
17206,491.36907958984375,497,5071104,0.0
17207,584.59765625,589,5071104,0.0
17208,542.9529418945312,548,5071104,0.0
17209,565.15576171875,570,5071360,0.0
17210,584.3496704101562,589,5071616,0.0
17211,570.5035400390625,575,5071616,0.0
17212,575.958740234375,581,5071872,0.0
17213,522.48779296875,527,5071872,0.0
17214,556.9454956054688,562,5072128,0.0
17215,495.5648193359375,502,5072128,0.0
17216,578.3545532226562,584,5072128,0.0
17217,597.8982543945312,603,5072384,0.0
17218,587.0275268554688,592,5072384,0.0
17219,559.8193359375,564,5072384,0.0
17220,497.855712890625,504,5072384,0.0
17221,500.0379638671875,505,5072384,0.0
17222,514.0665893554688,519,5072640,0.0
17223,532.7072143554688,537,5072640,0.0
17224,568.4906005859375,573,5072896,0.0
17225,570.775634765625,576,5072896,0.0
17226,478.915283203125,486,5072896,0.0
17227,536.7449951171875,542,5072896,0.0
17228,550.5598754882812,555,5073152,0.0
17229,597.5411987304688,603,5073152,0.0
17230,608.3169555664062,613,5073152,0.0
17231,506.0222473144531,512,5073152,0.0
17232,486.5054626464844,492,5073152,0.0
17233,470.6347351074219,477,5073152,0.0
17234,576.4331665039062,581,5073152,0.0
17235,576.9114990234375,581,5073408,0.0
17236,555.499755859375,560,5073408,0.0
17237,595.1715087890625,601,5073408,0.0
17238,556.3856201171875,561,5073664,0.0
17239,503.42645263671875,508,5073664,0.0
17240,525.3430786132812,530,5073664,0.0
17241,602.123779296875,608,5073920,0.0
17242,547.4071044921875,552,5073920,0.0
17243,584.56689453125,589,5074176,0.0
17244,570.9530639648438,577,5074176,0.0
17245,580.1983642578125,586,5074432,0.0
17246,566.5452270507812,571,5074432,0.0
17247,517.0286865234375,522,5074432,0.0
17248,570.3143920898438,575,5074432,0.0
17249,559.8294067382812,564,5074944,0.0
17250,518.5203247070312,523,5074944,0.0
17251,476.95379638671875,482,5074944,0.0
17252,558.029541015625,562,5075200,0.0
17253,516.8480224609375,522,5075200,0.0
17254,483.40185546875,490,5075200,0.0
17255,524.718017578125,529,5075200,0.0
17256,547.2251586914062,553,5075200,0.0
17257,520.0636596679688,525,5075200,0.0
17258,482.95355224609375,490,5075456,0.0
17259,589.171875,594,5075712,0.0
17260,520.8963623046875,525,5075712,0.0
17261,614.6666259765625,620,5075712,0.0
17262,542.93505859375,548,5075712,0.0
17263,581.3052368164062,587,5075712,0.0
17264,566.9580688476562,572,5075968,0.0
17265,520.2924194335938,525,5075968,0.0
17266,619.4561767578125,625,5075968,0.0
17267,579.3001708984375,584,5076224,0.0
17268,532.3906860351562,538,5076480,0.0
17269,487.3138427734375,494,5076480,0.0
17270,524.9227905273438,530,5076480,0.0
17271,506.0902404785156,511,5076736,0.0
17272,497.77276611328125,503,5076736,0.0
17273,591.2709350585938,596,5076736,0.0
17274,530.7955322265625,535,5076992,0.0
17275,590.6154174804688,596,5076992,0.0
17276,528.4769287109375,533,5076992,0.0
17277,550.247314453125,555,5076992,0.0
17278,490.20989990234375,495,5076992,0.0
17279,566.2854614257812,571,5077248,0.0
17280,596.6640014648438,603,5077248,0.0
17281,611.6043701171875,617,5077504,0.0
17282,609.7596435546875,615,5077504,0.0
17283,584.2294311523438,589,5077504,0.0
17284,491.3285827636719,497,5077504,0.0
17285,479.80096435546875,486,5077760,0.0
17286,591.92822265625,597,5077760,0.0
17287,489.8994140625,495,5077760,0.0
17288,540.9541625976562,546,5077760,0.0
17289,489.12823486328125,495,5078016,0.0
17290,548.0430908203125,553,5078272,0.0
17291,544.154052734375,550,5078272,0.0
17292,500.57427978515625,506,5078272,0.0
17293,531.4813232421875,537,5078272,0.0
17294,514.00927734375,519,5078272,0.0
17295,620.74560546875,627,5078272,0.0
17296,531.163818359375,536,5078528,0.0
17297,499.14453125,505,5078528,0.0
17298,555.6173706054688,562,5078784,0.0
17299,520.8648071289062,526,5078784,0.0
17300,608.3656616210938,614,5078784,0.0
17301,595.9237670898438,601,5078784,0.0
17302,492.2174377441406,497,5079040,0.0
17303,455.6484680175781,461,5079296,0.0
17304,495.44207763671875,500,5079296,0.0
17305,547.972412109375,553,5079552,0.0
17306,577.3646240234375,583,5079808,0.0
17307,530.3916015625,535,5079808,0.0
17308,612.3978881835938,618,5079808,0.0
17309,554.6392822265625,562,5080064,0.0
17310,587.1677856445312,592,5080064,0.0
17311,470.87640380859375,477,5080064,0.0
17312,555.8253784179688,560,5080320,0.0
17313,535.7733764648438,541,5080320,0.0
17314,557.8624877929688,563,5080320,0.0
17315,585.4400634765625,592,5080576,0.0
17316,533.1200561523438,538,5080832,0.0
17317,449.2816467285156,455,5080832,0.0
17318,495.6625671386719,500,5080832,0.0
17319,563.6871337890625,569,5081088,0.0
17320,509.70654296875,515,5081088,0.0
17321,547.9360961914062,555,5081088,0.0
17322,510.837890625,515,5081344,0.0
17323,451.8562927246094,457,5081344,0.0
17324,529.8772583007812,536,5081600,0.0
17325,561.1127319335938,568,5081600,0.0
17326,582.086669921875,588,5081856,0.0
17327,514.9150390625,521,5081856,0.0
17328,509.8450927734375,514,5081856,0.0
17329,541.7320556640625,546,5081856,0.0
17330,558.005126953125,563,5082112,0.0
17331,475.82757568359375,482,5082112,0.0
17332,504.55322265625,510,5082112,0.0
17333,572.2440185546875,577,5082112,0.0
17334,475.9920654296875,481,5082368,0.0
17335,558.6800537109375,565,5082880,0.0
17336,529.66064453125,535,5082880,0.0
17337,500.8978576660156,506,5083136,0.0
17338,492.7522277832031,497,5083392,0.0
17339,489.5263366699219,496,5083392,0.0
17340,557.7279663085938,564,5083648,0.0
17341,463.072998046875,470,5083904,0.0
17342,496.74957275390625,503,5084160,0.0
17343,474.2106018066406,479,5084160,0.0
17344,468.7925109863281,474,5084160,0.0
17345,552.3237915039062,558,5084416,0.0
17346,503.206298828125,508,5084416,0.0
17347,485.1953430175781,490,5084416,0.0
17348,506.4115295410156,511,5084928,0.0
17349,564.361083984375,570,5084928,0.0
17350,462.6131591796875,467,5085184,0.0
17351,552.7802124023438,559,5085440,0.0
17352,480.6927490234375,486,5085440,0.0
17353,531.8946533203125,538,5085696,0.0
17354,563.5433959960938,569,5085696,0.0
17355,515.8263549804688,521,5085696,0.0
17356,524.94775390625,530,5085696,0.0
17357,464.4647216796875,470,5085696,0.0
17358,462.7831115722656,467,5086208,0.0
17359,533.484375,539,5086208,0.0
17360,567.9468994140625,574,5086464,0.0
17361,491.7118225097656,497,5086464,0.0
17362,466.1006164550781,470,5086464,0.0
17363,570.6187744140625,577,5087744,0.0
17364,503.3014221191406,510,5087744,0.0
17365,484.25634765625,489,5087744,0.0
17366,501.3556213378906,507,5088256,0.0
17367,562.5979614257812,569,5088768,0.0
17368,491.2026062011719,497,5089024,0.0
17369,528.3118896484375,534,5089024,0.0
17370,463.4134826660156,468,5089024,0.0
17371,509.5319519042969,515,5089280,0.0
17372,542.0120849609375,548,5089536,0.0
17373,515.9589233398438,521,5089792,0.0
17374,471.65802001953125,477,5090304,0.0
17375,485.72943115234375,490,5090816,0.0
17376,495.7757873535156,501,5092864,0.0
