episode,global_step,ep_return,ep_length
0,6144,18.81723403930664,24
1,6144,18.862045288085938,24
2,6400,20.054319381713867,25
3,6400,19.79845428466797,25
4,6656,20.80313491821289,26
5,6656,20.843868255615234,26
6,6912,21.74209976196289,27
7,6912,21.841060638427734,27
8,6912,21.572097778320312,27
9,6912,21.715194702148438,27
10,6912,21.851131439208984,27
11,6912,21.60224151611328,27
12,6912,21.860519409179688,27
13,7168,22.767475128173828,28
14,7168,22.690448760986328,28
15,7168,22.98113441467285,28
16,7168,22.889366149902344,28
17,7168,22.725439071655273,28
18,7424,23.69928741455078,29
19,7424,23.4508056640625,29
20,7424,23.563966751098633,29
21,7424,24.13858985900879,29
22,7424,23.749055862426758,29
23,7424,23.920555114746094,29
24,7424,23.55965805053711,29
25,7680,24.862455368041992,30
26,7680,24.456396102905273,30
27,7680,24.680465698242188,30
28,7680,24.89885139465332,30
29,7680,24.663066864013672,30
30,7680,24.492738723754883,30
31,7680,24.772262573242188,30
32,7936,25.413000106811523,31
33,7936,25.927709579467773,31
34,7936,25.600236892700195,31
35,7936,25.792476654052734,31
36,7936,25.637611389160156,31
37,7936,25.810646057128906,31
38,8192,26.26870346069336,32
39,8192,26.64101791381836,32
40,8192,26.608482360839844,32
41,8192,26.474401473999023,32
42,8192,26.430706024169922,32
43,8192,26.788320541381836,32
44,8192,26.44939422607422,32
45,8192,26.637130737304688,32
46,8192,26.840635299682617,32
47,8192,27.015827178955078,32
48,8192,26.57665252685547,32
49,8448,27.481769561767578,33
50,8448,27.23253631591797,33
51,8448,27.860309600830078,33
52,8448,27.668617248535156,33
53,8448,27.643430709838867,33
54,8448,27.597518920898438,33
55,8704,28.57443618774414,34
56,8704,28.359216690063477,34
57,8704,28.35394859313965,34
58,8704,28.39446258544922,34
59,8704,28.748903274536133,34
60,8704,28.795530319213867,34
61,8704,28.834095001220703,34
62,8960,29.831308364868164,35
63,8960,30.04288101196289,35
64,8960,29.525657653808594,35
65,8960,29.54218292236328,35
66,8960,29.979658126831055,35
67,8960,29.776601791381836,35
68,8960,29.513948440551758,35
69,9216,30.48365020751953,36
70,9216,30.398883819580078,36
71,9216,30.66243553161621,36
72,9216,30.290103912353516,36
73,9216,30.77616310119629,36
74,9216,30.605052947998047,36
75,9216,30.303165435791016,36
76,9216,30.321752548217773,36
77,9216,30.322063446044922,36
78,9472,31.824899673461914,37
79,9472,31.820648193359375,37
80,9472,31.73737144470215,37
81,9472,31.174453735351562,37
82,9472,31.627397537231445,37
83,9728,32.781494140625,38
84,9728,32.71915817260742,38
85,9728,32.418060302734375,38
86,9728,32.29378128051758,38
87,9984,33.52763366699219,39
88,9984,33.235328674316406,39
89,9984,33.5936164855957,39
90,9984,33.492156982421875,39
91,9984,33.86970901489258,39
92,9984,33.47990798950195,39
93,9984,33.346187591552734,39
94,10240,34.828895568847656,40
95,10240,34.37050247192383,40
96,10240,34.481449127197266,40
97,10240,34.44847106933594,40
98,10240,34.785301208496094,40
99,10240,34.220890045166016,40
100,10240,34.81834030151367,40
101,10240,34.19818878173828,40
102,10240,34.926212310791016,40
103,10240,34.76958084106445,40
104,10240,34.654258728027344,40
105,10240,34.483219146728516,40
106,10240,34.353668212890625,40
107,10496,35.95433807373047,41
108,10496,35.06102752685547,41
109,10496,35.664573669433594,41
110,10496,35.82199478149414,41
111,10496,35.71982955932617,41
112,10496,35.04585647583008,41
113,10752,36.69733428955078,42
114,10752,36.76874923706055,42
115,10752,36.61686325073242,42
116,11008,37.462158203125,43
117,11008,38.01984405517578,43
118,11008,37.93204879760742,43
119,11008,37.66098403930664,43
120,11008,37.506290435791016,43
121,11264,38.26786422729492,44
122,11264,38.897071838378906,44
123,11264,38.88142395019531,44
124,11264,38.65142059326172,44
125,11264,38.11846160888672,44
126,11264,38.302101135253906,44
127,11264,38.90446472167969,44
128,11264,38.8145751953125,44
129,11520,39.59734344482422,45
130,11520,39.6453857421875,45
131,11520,39.16764831542969,45
132,11520,39.62356185913086,45
133,11520,39.85503005981445,45
134,11520,39.32432174682617,45
135,11776,41.077728271484375,46
136,11776,40.18267822265625,46
137,11776,40.59630584716797,46
138,11776,40.59202575683594,46
139,11776,40.89450454711914,46
140,11776,40.805049896240234,46
141,11776,41.11262512207031,46
142,12032,41.578094482421875,47
143,12288,42.1644287109375,48
144,12288,42.44047546386719,48
145,12288,42.52798843383789,48
146,12288,42.98188781738281,48
147,12288,42.40690612792969,48
148,12288,42.63219451904297,48
149,12288,42.28058624267578,48
150,12544,43.8891716003418,49
151,12544,43.53424835205078,49
152,12544,43.75456619262695,49
153,12544,43.45289993286133,49
154,12800,44.60047912597656,50
155,12800,44.79670715332031,50
156,12800,44.87664031982422,50
157,13056,18.989805221557617,24
158,13056,45.78213119506836,51
159,13056,45.82139587402344,51
160,13056,44.65236282348633,51
161,13056,45.61310958862305,51
162,13056,45.502540588378906,51
163,13312,46.57145690917969,52
164,13312,46.64207458496094,52
165,13312,46.97814178466797,52
166,13312,47.0419921875,52
167,13312,46.7781867980957,52
168,13312,46.515621185302734,52
169,13312,22.832828521728516,28
170,13312,45.99260711669922,52
171,13568,48.016883850097656,53
172,13568,47.43605422973633,53
173,13568,47.719749450683594,53
174,13568,47.882747650146484,53
175,13824,48.81492614746094,54
176,13824,19.68031120300293,25
177,13824,48.86720275878906,54
178,14080,49.36510467529297,55
179,14080,50.104000091552734,55
180,14080,50.0958251953125,55
181,14336,50.4893684387207,56
182,14336,50.40570831298828,56
183,14336,20.90370750427246,26
184,14336,23.59494400024414,29
185,14592,51.931983947753906,57
186,14592,21.653034210205078,27
187,14592,21.847469329833984,27
188,14592,52.0107421875,57
189,14592,51.46504211425781,57
190,14592,20.043292999267578,25
191,14592,51.48414993286133,57
192,14592,51.877098083496094,57
193,14848,18.839576721191406,24
194,14848,52.69367599487305,58
195,14848,52.57011795043945,58
196,15104,19.91765785217285,25
197,15104,53.34651184082031,59
198,15104,53.84651184082031,59
199,15104,53.13227081298828,59
200,15104,53.83585739135742,59
201,15104,53.62754821777344,59
202,15104,26.518020629882812,32
203,15360,15.273079872131348,20
204,15360,24.645023345947266,30
205,15360,23.951053619384766,29
206,15360,54.685302734375,60
207,15616,55.61245346069336,61
208,15616,25.079599380493164,30
209,15616,29.361026763916016,35
210,15616,18.00981903076172,23
211,15616,55.3200798034668,61
212,15872,56.882598876953125,62
213,15872,57.06311798095703,62
214,16128,57.6358757019043,63
215,16128,57.997215270996094,63
216,16128,58.053070068359375,63
217,16384,58.63935852050781,64
218,16384,28.47879409790039,34
219,16384,34.43677520751953,39
220,16384,32.616275787353516,38
221,16384,58.92538833618164,64
222,16640,59.76951599121094,65
223,16640,25.779842376708984,31
224,16640,19.830354690551758,25
225,16896,28.963394165039062,34
226,16896,25.760469436645508,31
227,16896,36.51547622680664,42
228,16896,19.599327087402344,25
229,16896,60.6656608581543,66
230,16896,61.01899337768555,66
231,16896,28.215946197509766,34
232,17152,34.23735427856445,40
233,17152,61.7320556640625,67
234,17152,28.721574783325195,34
235,17152,62.03681564331055,67
236,17152,29.90792465209961,35
237,17152,22.05689811706543,27
238,17408,62.80699157714844,68
239,17408,62.872920989990234,68
240,17664,63.30076599121094,69
241,17664,29.9656925201416,35
242,17664,22.884613037109375,28
243,17664,38.1972541809082,44
244,17664,63.70237350463867,69
245,17920,32.188873291015625,38
246,17920,37.97565841674805,43
247,17920,21.80609893798828,27
248,17920,18.960561752319336,24
249,18176,65.58724975585938,71
250,18176,34.04977798461914,40
251,18176,26.40092658996582,32
252,18176,38.76413345336914,44
253,18432,34.99464416503906,40
254,18432,31.605255126953125,37
255,18432,67.02102661132812,72
256,18432,27.686586380004883,33
257,18688,30.192415237426758,36
258,18688,67.62188720703125,73
259,18688,38.93769073486328,44
260,18688,67.79154205322266,73
261,18688,67.93159484863281,73
262,18688,68.23564910888672,73
263,18688,23.033004760742188,28
264,18688,25.676942825317383,31
265,18944,68.68109130859375,74
266,18944,23.6508846282959,29
267,18944,31.267841339111328,37
268,18944,68.44278717041016,74
269,18944,31.667821884155273,37
270,18944,20.729049682617188,26
271,18944,68.8850326538086,74
272,18944,69.03902435302734,74
273,19200,27.730220794677734,33
274,19200,69.57649230957031,75
275,19200,28.647274017333984,34
276,19456,27.644868850708008,33
277,19456,70.73677825927734,76
278,19712,71.50515747070312,77
279,19712,28.61475372314453,33
280,19712,32.96699523925781,38
281,19712,71.6157455444336,77
282,19712,71.79947662353516,77
283,19712,71.92990112304688,77
284,19712,71.45565795898438,77
285,19712,35.52522277832031,41
286,19712,25.416141510009766,31
287,19968,17.240503311157227,22
288,19968,44.25541687011719,49
289,19968,72.7253189086914,78
290,19968,72.64834594726562,78
291,19968,26.91586685180664,32
292,20224,74.0204849243164,79
293,20224,43.62189483642578,49
294,20224,38.56803894042969,44
295,20224,45.07524108886719,51
296,20224,41.80542755126953,47
297,20224,20.760093688964844,26
298,20224,73.71683502197266,79
299,20224,29.791595458984375,35
300,20224,73.89466857910156,79
301,20224,35.375465393066406,40
302,20480,74.41157531738281,80
303,20480,75.2020263671875,80
304,20480,74.59026336669922,80
305,20480,74.64173889160156,80
306,20736,34.72544479370117,40
307,20736,40.121734619140625,45
308,20736,75.86626434326172,81
309,20736,40.330421447753906,46
310,20992,28.571693420410156,34
311,20992,33.69685745239258,39
312,20992,36.416141510009766,42
313,20992,21.03335189819336,26
314,20992,42.24224090576172,48
315,20992,76.62419128417969,82
316,21248,33.67934036254883,39
317,21248,30.928165435791016,36
318,21248,35.009761810302734,40
319,21504,32.786338806152344,38
320,21760,41.326778411865234,46
321,21760,79.8546371459961,85
322,21760,44.203243255615234,49
323,21760,27.2874698638916,33
324,21760,31.345365524291992,37
325,21760,35.93373107910156,41
326,22016,28.757038116455078,34
327,22016,51.115821838378906,57
328,22016,35.67606735229492,41
329,22016,39.79353713989258,45
330,22016,33.09258270263672,38
331,22016,47.402069091796875,53
332,22272,48.587764739990234,54
333,22272,81.59090423583984,87
334,22272,24.93117332458496,30
335,22528,34.63141632080078,40
336,22528,82.76481628417969,88
337,22528,82.78436279296875,88
338,22528,55.02169418334961,60
339,22784,48.41600799560547,54
340,22784,40.87065887451172,46
341,22784,50.90206527709961,56
342,22784,49.77223587036133,55
343,22784,83.77565002441406,89
344,23040,18.95026969909668,24
345,23040,44.21967315673828,50
346,23296,19.80484962463379,25
347,23296,39.540855407714844,45
348,23296,53.087825775146484,59
349,23296,34.3814697265625,40
350,23296,54.05947494506836,59
351,23552,42.065311431884766,47
352,23552,86.87162780761719,92
353,23552,27.416805267333984,33
354,23552,26.49455451965332,32
355,23552,42.42203903198242,48
356,23808,38.936431884765625,44
357,23808,47.587554931640625,53
358,23808,87.5417251586914,93
359,23808,39.67483139038086,45
360,23808,55.04883575439453,60
361,23808,49.53169250488281,55
362,24064,43.0472297668457,48
363,24064,52.52571487426758,58
364,24064,88.94200134277344,94
365,24064,88.53179168701172,94
366,24064,37.454681396484375,43
367,24064,43.0413818359375,48
368,24064,49.17228317260742,55
369,24320,19.860946655273438,25
370,24320,30.719961166381836,36
371,24320,38.05201721191406,43
372,24320,52.95140075683594,58
373,24576,57.182762145996094,62
374,24576,18.245948791503906,23
375,24832,55.52449417114258,61
376,24832,54.113121032714844,59
377,24832,29.977197647094727,35
378,24832,62.6855583190918,68
379,24832,25.151264190673828,30
380,24832,17.99740982055664,23
381,24832,55.89043426513672,61
382,24832,35.89143371582031,42
383,24832,39.80783462524414,45
384,25088,47.79187774658203,53
385,25088,92.69508361816406,98
386,25088,28.45749282836914,34
387,25088,26.03511619567871,31
388,25344,57.52967071533203,63
389,25344,34.63457107543945,40
390,25344,27.874774932861328,33
391,25344,25.134035110473633,30
392,25344,27.646211624145508,33
393,25344,94.07852172851562,99
394,25600,40.085548400878906,46
395,25600,44.097145080566406,49
396,25600,49.99762725830078,55
397,25600,66.63378143310547,72
398,25600,34.957847595214844,40
399,25856,42.735870361328125,48
400,25856,41.5527458190918,47
401,25856,36.43671417236328,42
402,25856,41.5206298828125,47
403,25856,19.700672149658203,25
404,25856,60.2857780456543,66
405,25856,24.957548141479492,30
406,26112,67.78399658203125,74
407,26112,22.920108795166016,28
408,26112,39.278926849365234,45
409,26112,96.55778503417969,102
410,26368,47.46221923828125,53
411,26368,44.18210220336914,50
412,26368,27.33307456970215,33
413,26624,41.87624740600586,48
414,26624,69.90357208251953,75
415,26624,60.60061264038086,66
416,26624,38.417205810546875,44
417,26624,66.66522216796875,72
418,26624,34.39720153808594,40
419,26624,20.09813117980957,25
420,26880,34.04691696166992,39
421,26880,32.272422790527344,38
422,26880,44.874908447265625,50
423,26880,50.34968948364258,56
424,26880,72.63948059082031,78
425,27136,56.42909240722656,62
426,27136,68.36723327636719,74
427,27136,32.57384490966797,38
428,27392,21.714801788330078,27
429,27392,30.55670928955078,36
430,27392,40.968299865722656,46
431,27392,22.647987365722656,28
432,27392,45.09088134765625,50
433,27648,51.04119110107422,56
434,27648,66.0304946899414,71
435,27648,25.523107528686523,31
436,27904,52.516475677490234,58
437,27904,31.614774703979492,37
438,27904,25.044189453125,30
439,27904,72.35406494140625,78
440,27904,39.77525329589844,45
441,28160,41.70638656616211,47
442,28160,60.518436431884766,66
443,28160,46.67661666870117,52
444,28416,27.834426879882812,33
445,28416,24.055431365966797,29
446,28416,69.96533203125,75
447,28672,66.81806945800781,72
448,28672,32.63568878173828,38
449,28672,78.99105834960938,84
450,28672,29.790006637573242,35
451,28672,56.717777252197266,62
452,28672,58.78670883178711,64
453,28928,67.3370361328125,73
454,28928,51.0015869140625,56
455,28928,38.72412872314453,44
456,28928,23.355697631835938,28
457,28928,22.56473731994629,28
458,28928,31.93619155883789,38
459,29184,28.685176849365234,34
460,29184,49.75335693359375,55
461,29440,30.225543975830078,36
462,29440,48.29860305786133,54
463,29440,79.57803344726562,85
464,29440,31.798072814941406,37
465,29440,42.52113723754883,48
466,29696,39.60009765625,45
467,29696,72.03197479248047,77
468,29696,37.617828369140625,43
469,29952,18.866334915161133,24
470,29952,34.72589874267578,40
471,29952,80.51300811767578,86
472,30208,26.522138595581055,32
473,30208,49.0144157409668,55
474,30208,16.06306266784668,21
475,30208,43.72492980957031,49
476,30208,61.26860427856445,67
477,30464,73.87165069580078,79
478,30464,48.45314407348633,54
479,30464,24.666671752929688,30
480,30464,35.82016372680664,41
481,30464,39.14363479614258,45
482,30464,28.767192840576172,34
483,30720,57.50953674316406,63
484,30720,47.74238204956055,53
485,30720,40.90571594238281,46
486,30720,49.884525299072266,55
487,30720,43.41584777832031,49
488,30976,55.8878059387207,61
489,30976,52.02104187011719,57
490,30976,49.72300338745117,55
491,30976,41.77253341674805,47
492,30976,37.4106559753418,43
493,30976,54.42784118652344,60
494,30976,22.52469825744629,28
495,30976,47.94719314575195,53
496,30976,33.79116439819336,39
497,31232,59.32600402832031,65
498,31232,43.85909652709961,49
499,31232,27.72254753112793,33
500,31232,28.97212791442871,34
501,31232,53.66756057739258,59
502,31488,58.528690338134766,64
503,31488,77.9156494140625,83
504,31488,41.02808380126953,46
505,31744,67.07695770263672,72
506,31744,85.8775405883789,91
507,31744,42.87267303466797,48
508,32000,27.291343688964844,33
509,32000,42.796226501464844,48
510,32000,53.8745002746582,59
511,32000,25.576393127441406,31
512,32000,46.76324462890625,52
513,32256,53.89333724975586,59
514,32256,42.51806640625,48
515,32256,31.822601318359375,37
516,32256,76.5199203491211,82
517,32256,41.02390670776367,46
518,32256,40.10413360595703,45
519,32256,24.07078742980957,29
520,32256,37.719974517822266,43
521,32512,65.65982818603516,71
522,32512,29.544647216796875,35
523,32512,21.67772102355957,27
524,32512,60.33123779296875,66
525,32768,49.61866760253906,55
526,32768,40.747154235839844,47
527,32768,22.023468017578125,27
528,32768,122.72200012207031,128
529,32768,48.93779373168945,55
530,33024,41.82408905029297,47
531,33024,24.947200775146484,30
532,33024,42.56181716918945,48
533,33024,94.18516540527344,100
534,33024,36.765350341796875,42
535,33024,22.546043395996094,28
536,33280,21.98758888244629,27
537,33280,30.277816772460938,36
538,33280,34.4516487121582,40
539,33280,41.53801345825195,48
540,33280,23.59476661682129,29
541,33536,53.82334518432617,59
542,33536,66.68452453613281,72
543,33536,73.8533935546875,79
544,33536,85.10418701171875,91
545,33536,52.862300872802734,58
546,33792,35.246891021728516,41
547,33792,126.98892211914062,132
548,33792,33.9779167175293,40
549,33792,22.99685287475586,28
550,33792,49.78721618652344,55
551,34048,92.31900024414062,98
552,34048,30.69365119934082,36
553,34048,79.0302734375,84
554,34048,55.733436584472656,61
555,34048,34.936344146728516,41
556,34048,74.69818878173828,80
557,34048,18.018474578857422,23
558,34304,42.861209869384766,48
559,34304,35.038185119628906,41
560,34304,34.93440246582031,41
561,34304,40.510562896728516,46
562,34304,97.8150634765625,103
563,34304,53.6196174621582,60
564,34304,42.222190856933594,48
565,34304,53.655006408691406,59
566,34304,34.039852142333984,40
567,34304,79.36672973632812,85
568,34304,47.33468246459961,52
569,34560,41.61762237548828,47
570,34560,46.19202423095703,51
571,34816,41.510406494140625,47
572,34816,73.48577880859375,79
573,34816,23.70956802368164,29
574,35072,27.81191635131836,33
575,35072,35.242591857910156,40
576,35072,51.78180694580078,57
577,35328,20.789411544799805,26
578,35328,18.09073257446289,23
579,35328,25.736356735229492,31
580,35328,62.076393127441406,68
581,35328,41.558509826660156,47
582,35328,32.624671936035156,38
583,35328,37.84269332885742,43
584,35584,72.30199432373047,77
585,35584,26.704315185546875,32
586,35584,38.9803352355957,44
587,35840,31.38149642944336,37
588,35840,22.933204650878906,28
589,35840,24.378868103027344,30
590,35840,47.72753143310547,53
591,36096,44.48130798339844,50
592,36096,21.614919662475586,27
593,36352,38.78579330444336,44
594,36608,36.1836051940918,41
595,36608,51.31380844116211,57
596,36608,38.73212432861328,44
597,36608,38.498252868652344,44
598,36608,36.45958709716797,42
599,36608,24.99272918701172,30
600,36608,80.71587371826172,86
601,36864,26.83542251586914,32
602,37120,50.959983825683594,57
603,37120,18.939178466796875,24
604,37120,42.94938278198242,48
605,37120,62.867862701416016,68
606,37120,41.11175537109375,46
607,37376,21.61212730407715,27
608,37376,35.09173583984375,40
609,37376,32.46248245239258,38
610,37376,38.093379974365234,43
611,37376,63.90285873413086,69
612,37376,21.731828689575195,27
613,37376,99.44657135009766,105
614,37376,34.047691345214844,39
615,37376,24.00799560546875,29
616,37632,28.505685806274414,34
617,37632,36.23826217651367,42
618,37632,43.317047119140625,49
619,37632,20.857322692871094,26
620,37632,37.809818267822266,43
621,37888,59.704368591308594,65
622,38144,35.71257019042969,41
623,38144,39.41531753540039,45
624,38144,34.775386810302734,40
625,38144,68.2183609008789,74
626,38400,46.162593841552734,52
627,38400,23.64024543762207,29
628,38400,44.71251678466797,50
629,38400,27.53887176513672,33
630,38400,65.76451110839844,71
631,38400,39.6229362487793,45
632,38656,39.23263168334961,45
633,38656,87.36664581298828,93
634,38656,33.8521614074707,39
635,38912,44.633392333984375,50
636,38912,104.69894409179688,110
637,38912,41.21632766723633,47
638,38912,42.4824333190918,48
639,39168,36.302452087402344,41
640,39168,23.711536407470703,29
641,39168,61.356597900390625,67
642,39168,147.6300048828125,153
643,39168,54.08073806762695,60
644,39168,34.28251266479492,40
645,39424,33.537357330322266,39
646,39424,53.65401077270508,60
647,39424,78.76692199707031,84
648,39424,51.02061080932617,57
649,39424,69.928955078125,75
650,39424,49.07566833496094,55
651,39680,48.08457565307617,54
652,39680,27.427900314331055,33
653,39680,55.360862731933594,61
654,39680,63.947349548339844,69
655,39936,25.4361515045166,31
656,39936,76.39302825927734,82
657,39936,46.44035339355469,52
658,39936,26.3358154296875,32
659,39936,47.552494049072266,54
660,40192,26.020793914794922,31
661,40192,33.35799789428711,39
662,40192,36.9051399230957,43
663,40192,32.17559051513672,38
664,40448,29.988168716430664,36
665,40448,26.38901138305664,32
666,40448,152.608642578125,158
667,40448,83.76101684570312,89
668,40448,62.71964645385742,68
669,40448,79.64659881591797,85
670,40448,101.71304321289062,107
671,40448,88.20904541015625,93
672,40704,45.05746078491211,50
673,40704,81.6126708984375,87
674,40704,24.951786041259766,30
675,40960,41.268436431884766,47
676,40960,31.66779136657715,37
677,40960,57.9219856262207,63
678,41216,35.03779983520508,41
679,41216,155.56686401367188,161
680,41216,34.93510437011719,40
681,41472,71.42176818847656,77
682,41472,66.0145263671875,71
683,41472,71.34900665283203,77
684,41472,51.86354064941406,57
685,41472,45.50479507446289,51
686,41472,36.9952278137207,42
687,41728,32.71505355834961,38
688,41728,38.7558479309082,44
689,41728,48.95994186401367,55
690,41728,47.17498779296875,52
691,41728,63.815486907958984,69
692,41728,29.546491622924805,35
693,41984,58.7412109375,64
694,41984,39.11170196533203,45
695,41984,40.776817321777344,46
696,41984,48.58909606933594,54
697,41984,31.086822509765625,37
698,41984,75.75531768798828,81
699,42240,37.53075408935547,43
700,42240,44.03208923339844,50
701,42240,46.83249282836914,52
702,42240,38.735984802246094,44
703,42240,21.9088134765625,27
704,42240,44.43778610229492,50
705,42240,33.19037628173828,39
706,42240,72.59656524658203,78
707,42496,27.580059051513672,33
708,42496,63.61763000488281,69
709,42496,27.488079071044922,33
710,42496,62.46760940551758,68
711,42496,28.841655731201172,34
712,42752,82.12744140625,88
713,42752,67.05805206298828,72
714,42752,67.37710571289062,73
715,42752,54.75322341918945,60
716,42752,57.869361877441406,63
717,43008,73.91153717041016,79
718,43008,67.60802459716797,73
719,43008,23.245895385742188,28
720,43008,31.986249923706055,38
721,43264,48.300865173339844,54
722,43264,42.31510925292969,48
723,43264,33.008487701416016,39
724,43264,19.109865188598633,24
725,43520,65.50430297851562,71
726,43520,45.342838287353516,51
727,43520,31.39279556274414,37
728,43520,23.91342544555664,29
729,43776,30.179641723632812,36
730,43776,20.74858856201172,26
731,43776,35.93635177612305,42
732,43776,34.65702819824219,40
733,43776,38.084468841552734,43
734,43776,18.94712257385254,24
735,43776,49.4100341796875,55
736,44032,18.020376205444336,23
737,44032,87.7032241821289,93
738,44032,49.34790802001953,55
739,44288,41.683597564697266,47
740,44288,66.9582290649414,72
741,44288,33.150665283203125,39
742,44288,104.08602142333984,109
743,44288,70.80174255371094,76
744,44288,21.89281463623047,27
745,44544,29.2161808013916,35
746,44544,42.311363220214844,48
747,44544,16.079877853393555,21
748,44544,107.90050506591797,113
749,44544,55.94209289550781,61
750,44800,40.65789794921875,46
751,44800,35.84467315673828,41
752,44800,69.73529815673828,75
753,44800,88.95182800292969,94
754,44800,34.165245056152344,40
755,44800,49.50532150268555,55
756,44800,38.00837707519531,43
757,45056,23.847379684448242,29
758,45056,59.829185485839844,65
759,45056,134.31088256835938,140
760,45312,39.71670913696289,46
761,45312,131.65289306640625,137
762,45568,43.91896057128906,50
763,45568,43.41316223144531,50
764,45568,25.62601661682129,31
765,45568,27.05023193359375,32
766,45568,39.193607330322266,45
767,45824,121.69766998291016,127
768,45824,47.05420684814453,52
769,45824,94.45934295654297,100
770,45824,21.013099670410156,26
771,45824,34.99040222167969,41
772,46080,66.36498260498047,71
773,46080,89.35193634033203,95
774,46080,40.499568939208984,46
775,46080,43.56484603881836,49
776,46336,22.957897186279297,28
777,46336,54.18112564086914,60
778,46592,45.6896858215332,51
779,46592,32.93052673339844,38
780,46592,31.381797790527344,37
781,46592,80.4672622680664,86
782,46848,71.5163345336914,77
783,46848,20.716354370117188,26
784,46848,34.35700607299805,40
785,46848,39.53744888305664,45
786,47104,44.95151138305664,50
787,47104,27.721210479736328,33
788,47104,16.235061645507812,21
789,47104,44.969234466552734,50
790,47104,76.70578002929688,82
791,47104,32.45671844482422,38
792,47360,54.132080078125,60
793,47360,139.73443603515625,145
794,47616,57.53923797607422,63
795,47616,37.80837631225586,43
796,47616,25.532615661621094,31
797,47616,21.696792602539062,27
798,47872,29.568906784057617,35
799,47872,24.084007263183594,29
800,47872,35.85360336303711,41
801,47872,49.60346984863281,55
802,48128,37.7358512878418,43
803,48128,40.33592224121094,46
804,48128,52.778099060058594,58
805,48128,44.584651947021484,50
806,48128,48.97328186035156,54
807,48128,91.32543182373047,97
808,48384,57.02012634277344,62
809,48384,54.653812408447266,60
810,48384,129.03892517089844,134
811,48384,46.06943130493164,52
812,48384,29.172842025756836,35
813,48640,28.830713272094727,34
814,48640,50.78985595703125,56
815,48896,67.73199462890625,73
816,48896,39.30949401855469,45
817,48896,31.19820785522461,37
818,48896,20.801441192626953,26
819,48896,34.69194412231445,40
820,49152,21.80145263671875,27
821,49152,62.50808334350586,68
822,49152,55.35647964477539,61
823,49152,57.12844467163086,62
824,49152,85.19532012939453,91
825,49152,61.59172058105469,67
826,49408,58.60514450073242,64
827,49408,31.774072647094727,37
828,49408,29.200273513793945,35
829,49408,48.554405212402344,54
830,49408,61.682777404785156,67
831,49664,48.784751892089844,54
832,49664,34.78406524658203,40
833,49664,45.750328063964844,51
834,49664,51.96897888183594,58
835,49920,25.87087059020996,31
836,49920,49.51411437988281,55
837,49920,107.82879638671875,113
838,49920,19.92536735534668,25
839,49920,46.4803466796875,52
840,50176,38.06105422973633,44
841,50176,140.23004150390625,146
842,50176,24.74078941345215,30
843,50176,41.71171569824219,47
844,50176,67.45099639892578,73
845,50176,57.74309158325195,63
846,50176,53.810428619384766,59
847,50432,25.000225067138672,30
848,50432,27.77960205078125,33
849,50688,42.33414840698242,48
850,50688,43.92123794555664,49
851,50688,28.66731071472168,34
852,50688,96.46067810058594,102
853,50688,25.59349250793457,31
854,50944,38.57464599609375,44
855,50944,35.30257797241211,41
856,50944,101.69306182861328,107
857,50944,22.61655616760254,28
858,50944,36.36284637451172,42
859,51200,69.62368774414062,75
860,51200,30.063377380371094,35
861,51200,28.50122833251953,34
862,51200,72.55430603027344,78
863,51456,56.83735656738281,62
864,51456,43.73176574707031,49
865,51456,44.971195220947266,51
866,51456,34.453880310058594,40
867,51456,137.4310760498047,143
868,51456,45.0047607421875,51
869,51456,29.433414459228516,35
870,51456,46.95949935913086,52
871,51456,69.11263275146484,75
872,51456,35.32106399536133,41
873,51712,28.76803970336914,34
874,51712,119.64044952392578,125
875,51712,38.04661560058594,44
876,51712,60.72848892211914,66
877,51712,78.59236907958984,84
878,51712,49.325904846191406,55
879,51968,22.588573455810547,28
880,51968,52.71331024169922,58
881,51968,75.50543975830078,81
882,51968,61.88913345336914,67
883,51968,25.869308471679688,31
884,52224,29.792348861694336,35
885,52224,55.91029739379883,61
886,52224,72.73709869384766,78
887,52224,68.92979431152344,75
888,52224,49.78309631347656,56
889,52224,40.55869674682617,46
890,52480,66.07845306396484,71
891,52480,26.70891761779785,32
892,52480,62.06068420410156,67
893,52736,25.69300651550293,31
894,52736,54.47333526611328,60
895,52736,36.01710510253906,41
896,52736,84.21277618408203,90
897,52736,37.20585250854492,43
898,52992,31.318233489990234,37
899,52992,42.48439025878906,49
900,52992,68.0738754272461,73
901,52992,27.78348731994629,33
902,53248,34.70380783081055,40
903,53248,82.37469482421875,88
904,53248,50.02107620239258,55
905,53248,84.32852935791016,90
906,53248,86.5016098022461,92
907,53248,56.485809326171875,62
908,53504,43.25389862060547,49
909,53504,37.50756072998047,43
910,53504,46.3918342590332,52
911,53504,30.176931381225586,36
912,53504,57.96533203125,63
913,53504,91.60745239257812,97
914,53504,34.17586135864258,40
915,53760,33.32851791381836,39
916,53760,49.627235412597656,55
917,53760,48.386348724365234,54
918,53760,77.76333618164062,83
919,53760,61.12569046020508,67
920,53760,37.32413101196289,42
921,53760,71.3475341796875,77
922,54016,30.716135025024414,36
923,54016,28.49187660217285,34
924,54016,72.74152374267578,78
925,54016,34.90523910522461,40
926,54272,31.668819427490234,37
927,54272,36.345279693603516,42
928,54272,72.85934448242188,78
929,54272,55.23801040649414,61
930,54528,45.069091796875,51
931,54528,37.14673614501953,42
932,54528,45.6717529296875,51
933,54528,62.04539108276367,67
934,54528,43.784942626953125,49
935,54784,78.53558349609375,84
936,54784,37.84596252441406,43
937,54784,42.825992584228516,49
938,55040,53.71705627441406,59
939,55040,51.93895721435547,57
940,55040,50.46034622192383,56
941,55040,35.21213912963867,41
942,55296,37.52124786376953,43
943,55296,30.46015167236328,36
944,55296,39.70301055908203,46
945,55296,23.84880828857422,29
946,55296,27.722089767456055,33
947,55552,46.21125030517578,52
948,55552,50.00486755371094,55
949,55552,27.613584518432617,33
950,55552,36.196495056152344,42
951,55552,58.17728805541992,64
952,55552,49.45619583129883,55
953,55552,52.810874938964844,58
954,55808,45.62281799316406,51
955,55808,46.19459533691406,52
956,55808,103.98400115966797,109
957,55808,34.67359161376953,40
958,56064,52.51517105102539,58
959,56064,36.79083251953125,42
960,56064,33.41947937011719,39
961,56064,30.445785522460938,36
962,56064,27.783531188964844,33
963,56320,93.97913360595703,99
964,56576,33.41014099121094,39
965,56576,38.00917434692383,43
966,56576,23.822542190551758,29
967,56576,40.70669937133789,46
968,56832,45.421730041503906,51
969,56832,40.97490310668945,46
970,56832,55.81772994995117,61
971,56832,82.43675994873047,88
972,56832,44.3520393371582,50
973,57088,55.45762252807617,61
974,57088,41.34785079956055,47
975,57088,67.95266723632812,73
976,57088,31.870220184326172,37
977,57344,86.66390991210938,92
978,57344,33.62312316894531,39
979,57344,30.22136688232422,36
980,57344,113.7915267944336,119
981,57344,33.49633026123047,39
982,57600,43.60478210449219,49
983,57600,51.44650650024414,57
984,57600,28.661785125732422,34
985,57600,23.980161666870117,29
986,57856,57.09892272949219,63
987,57856,31.502521514892578,37
988,57856,47.97831344604492,53
989,57856,28.390993118286133,34
990,57856,32.30503463745117,38
991,58112,34.09021759033203,40
992,58112,54.830684661865234,60
993,58112,43.50642395019531,49
994,58112,38.95305252075195,44
995,58112,71.50994110107422,77
996,58112,19.83672332763672,25
997,58368,68.73028564453125,74
998,58624,60.70756530761719,66
999,58624,56.857879638671875,62
1000,58624,32.934165954589844,38
1001,58624,36.98040771484375,43
1002,58624,22.713626861572266,28
1003,58624,45.742919921875,51
1004,58880,39.862369537353516,46
1005,58880,74.3377914428711,80
1006,58880,154.89718627929688,161
1007,58880,28.71544075012207,34
1008,59136,23.665821075439453,29
1009,59136,54.50632858276367,60
1010,59136,22.407629013061523,28
1011,59392,70.72076416015625,76
1012,59392,34.2994384765625,40
1013,59392,46.112789154052734,52
1014,59392,68.54129791259766,74
1015,59648,72.30209350585938,78
1016,59904,54.255210876464844,60
1017,59904,18.01527214050293,23
1018,59904,52.70548629760742,59
1019,59904,37.77470016479492,44
1020,60160,40.17341995239258,46
1021,60160,49.0220947265625,54
1022,60160,28.51678466796875,34
1023,60160,41.28862762451172,47
1024,60160,82.63442993164062,88
1025,60160,66.22209930419922,72
1026,60160,19.817764282226562,25
1027,60416,42.764244079589844,49
1028,60416,46.94466018676758,52
1029,60416,70.71411895751953,76
1030,60672,59.23298263549805,65
1031,60672,77.2766342163086,83
1032,60672,28.85282325744629,34
1033,60672,32.98710632324219,38
1034,60672,49.049774169921875,55
1035,60672,37.67645263671875,43
1036,60672,51.65049362182617,57
1037,60672,31.06221580505371,37
1038,60928,41.254032135009766,47
1039,60928,36.609256744384766,42
1040,60928,39.678260803222656,45
1041,61184,101.63755798339844,107
1042,61184,27.328847885131836,33
1043,61184,29.440488815307617,35
1044,61184,39.943603515625,46
1045,61184,28.650405883789062,34
1046,61440,38.99224090576172,45
1047,61440,51.5475959777832,57
1048,61440,25.662250518798828,31
1049,61696,31.10667610168457,37
1050,61696,38.51112747192383,44
1051,61696,50.61135482788086,57
1052,61696,23.190793991088867,28
1053,61696,35.055294036865234,41
1054,61696,44.040042877197266,49
1055,61696,26.320276260375977,32
1056,61952,28.628868103027344,34
1057,61952,99.59132385253906,105
1058,61952,71.53422546386719,77
1059,61952,52.84383010864258,58
1060,61952,28.260961532592773,34
1061,61952,63.63053894042969,69
1062,62208,27.240880966186523,32
1063,62208,24.784587860107422,30
1064,62208,36.10325622558594,42
1065,62208,39.579917907714844,45
1066,62464,51.96893310546875,57
1067,62464,30.217082977294922,36
1068,62720,119.4600830078125,125
1069,62720,86.67889404296875,92
1070,62720,81.99774169921875,88
1071,62720,43.45425796508789,49
1072,62720,32.45050811767578,38
1073,62976,49.00135803222656,54
1074,62976,40.580039978027344,46
1075,62976,34.532230377197266,40
1076,62976,66.39073944091797,72
1077,62976,37.57710266113281,43
1078,63232,19.8811092376709,25
1079,63232,62.86879348754883,68
1080,63232,52.393802642822266,58
1081,63232,52.39482116699219,58
1082,63488,47.805606842041016,54
1083,63488,53.981746673583984,60
1084,63488,63.30009841918945,69
1085,63488,40.73974609375,46
1086,63488,46.704158782958984,52
1087,63744,46.366939544677734,52
1088,63744,27.361793518066406,33
1089,63744,43.279640197753906,49
1090,63744,61.715675354003906,67
1091,64000,46.87620162963867,52
1092,64000,43.41062927246094,49
1093,64000,46.057090759277344,51
1094,64000,32.44978713989258,38
1095,64000,75.39237976074219,81
1096,64000,53.7297477722168,59
1097,64256,24.603219985961914,30
1098,64256,57.86699676513672,63
1099,64512,36.59437942504883,42
1100,64512,35.48418045043945,41
1101,64768,41.66501998901367,47
1102,64768,24.757259368896484,30
1103,64768,63.271793365478516,69
1104,64768,48.82557678222656,54
1105,64768,59.694271087646484,65
1106,65024,44.91487503051758,50
1107,65024,47.339088439941406,53
1108,65024,33.600318908691406,39
1109,65024,53.24454879760742,59
1110,65024,37.9205436706543,44
1111,65280,48.15618896484375,54
1112,65280,40.44841384887695,46
1113,65280,55.03851318359375,60
1114,65280,21.74884605407715,27
1115,65280,54.183536529541016,60
1116,65536,57.455772399902344,63
1117,65536,48.15898895263672,53
1118,65536,33.66361618041992,39
1119,65536,24.417898178100586,30
1120,65536,49.232200622558594,55
1121,65792,44.03314971923828,50
1122,65792,42.11497497558594,48
1123,65792,27.33731460571289,33
1124,65792,34.069313049316406,40
1125,66048,35.947452545166016,41
1126,66048,40.98527908325195,47
1127,66048,49.692012786865234,55
1128,66048,41.183353424072266,46
1129,66048,59.7745361328125,65
1130,66304,36.124454498291016,42
1131,66304,53.14619445800781,58
1132,66304,160.7490692138672,166
1133,66304,36.703609466552734,43
1134,66304,101.77926635742188,107
1135,66304,62.67026901245117,68
1136,66304,41.96510696411133,47
1137,66560,25.17478370666504,30
1138,66560,29.369884490966797,35
1139,66560,27.16699981689453,33
1140,66560,76.49761962890625,82
1141,66560,49.554443359375,55
1142,66816,51.70503616333008,57
1143,66816,40.68326950073242,46
1144,66816,39.55852508544922,45
1145,67072,37.05980682373047,43
1146,67072,47.83359909057617,54
1147,67072,34.89258575439453,41
1148,67072,118.48491668701172,124
1149,67072,21.546154022216797,27
1150,67072,64.94253540039062,70
1151,67072,91.20230865478516,97
1152,67072,147.40890502929688,153
1153,67328,41.20838165283203,47
1154,67328,39.45611572265625,45
1155,67328,78.76423645019531,84
1156,67328,34.31211471557617,40
1157,67584,33.20573043823242,39
1158,67584,61.02152633666992,66
1159,67584,40.976749420166016,47
1160,67584,35.202003479003906,41
1161,67584,63.21277618408203,70
1162,67584,68.25626373291016,74
1163,67840,21.55953598022461,27
1164,67840,40.104923248291016,46
1165,67840,90.2110595703125,96
1166,67840,78.32150268554688,84
1167,68096,18.79205322265625,24
1168,68096,23.421846389770508,29
1169,68096,28.674524307250977,34
1170,68096,119.72306823730469,125
1171,68096,97.67988586425781,103
1172,68096,30.591157913208008,36
1173,68096,67.56817626953125,73
1174,68608,34.768558502197266,41
1175,68608,45.87383270263672,51
1176,68608,64.40399932861328,70
1177,68608,42.09878158569336,48
1178,68608,60.038692474365234,66
1179,68608,88.3702621459961,94
1180,68608,28.354612350463867,34
1181,68608,119.35418701171875,125
1182,68864,44.7220458984375,50
1183,68864,125.76808166503906,131
1184,68864,99.34070587158203,105
1185,69120,75.29049682617188,81
1186,69120,35.38673400878906,41
1187,69120,41.04495620727539,47
1188,69120,25.356306076049805,31
1189,69376,50.785369873046875,56
1190,69376,186.2593231201172,192
1191,69376,55.62722396850586,61
1192,69376,56.583229064941406,62
1193,69376,29.801429748535156,35
1194,69376,32.591949462890625,38
1195,69376,101.38470458984375,107
1196,69632,31.524263381958008,37
1197,69632,25.67717742919922,31
1198,69888,53.3140754699707,59
1199,69888,62.636878967285156,68
1200,70144,40.7149658203125,47
1201,70144,62.76629638671875,68
1202,70144,29.518692016601562,35
1203,70144,46.6801643371582,52
1204,70144,43.28300476074219,49
1205,70144,86.75996398925781,92
1206,70400,23.16775131225586,28
1207,70400,47.8176383972168,53
1208,70656,45.186100006103516,50
1209,70656,29.824403762817383,35
1210,70656,46.67929458618164,52
1211,70912,61.74751281738281,67
1212,70912,67.64291381835938,73
1213,70912,25.95050811767578,31
1214,70912,109.3490219116211,115
1215,70912,34.808021545410156,40
1216,70912,23.752277374267578,29
1217,70912,30.20578956604004,36
1218,71168,62.21650314331055,68
1219,71168,30.374021530151367,36
1220,71168,24.56052589416504,30
1221,71168,40.25843811035156,46
1222,71424,36.46544647216797,42
1223,71424,26.350400924682617,32
1224,71424,65.76689147949219,71
1225,71424,77.25523376464844,83
1226,71424,100.64530944824219,106
1227,71424,55.60776901245117,61
1228,71680,26.465103149414062,32
1229,71680,21.737592697143555,27
1230,71680,72.93330383300781,79
1231,71680,59.76433563232422,65
1232,71680,20.935781478881836,26
1233,71936,33.980133056640625,39
1234,72192,27.613365173339844,33
1235,72192,58.60387420654297,64
1236,72448,41.38842010498047,48
1237,72448,75.5451431274414,81
1238,72704,30.185768127441406,36
1239,72704,30.19363021850586,36
1240,72704,42.42782211303711,49
1241,72704,38.67437744140625,44
1242,72704,68.98528289794922,74
1243,72704,36.18933868408203,42
1244,72960,32.42496109008789,38
1245,72960,23.669601440429688,29
1246,72960,20.916757583618164,26
1247,72960,60.484981536865234,66
1248,72960,27.23403549194336,33
1249,72960,35.50614547729492,41
1250,73216,39.305633544921875,45
1251,73216,48.588523864746094,54
1252,73216,30.908966064453125,36
1253,73472,45.11741256713867,50
1254,73472,35.99700164794922,41
1255,73728,47.091957092285156,53
1256,73728,76.71299743652344,82
1257,73728,69.47953033447266,75
1258,73728,142.7959442138672,148
1259,73728,161.8533477783203,167
1260,73728,37.51565933227539,43
1261,73728,36.98323059082031,42
1262,73984,53.73736572265625,60
1263,73984,43.58012008666992,49
1264,73984,32.98099899291992,39
1265,74240,88.70956420898438,94
1266,74240,40.67546081542969,46
1267,74240,39.96226501464844,45
1268,74496,30.352962493896484,36
1269,74496,99.68077087402344,105
1270,74496,41.91618728637695,48
1271,74496,58.906471252441406,65
1272,74496,26.895517349243164,32
1273,74496,28.561599731445312,34
1274,74496,32.34192657470703,38
1275,74496,40.253662109375,46
1276,74752,26.512954711914062,32
1277,74752,32.67868423461914,38
1278,74752,87.55081939697266,93
1279,74752,50.943668365478516,57
1280,74752,107.18954467773438,113
1281,74752,57.81385803222656,63
1282,75008,75.35040283203125,81
1283,75008,70.8858871459961,76
1284,75008,19.894351959228516,25
1285,75008,23.089866638183594,28
1286,75008,37.61347961425781,43
1287,75264,81.9438247680664,87
1288,75264,50.570430755615234,56
1289,75264,28.491430282592773,34
1290,75520,33.28033447265625,39
1291,75520,58.74268341064453,64
1292,76032,96.18895721435547,102
1293,76032,60.25772476196289,66
1294,76032,78.27240753173828,84
1295,76032,54.49514389038086,60
1296,76032,32.48686218261719,38
1297,76032,38.425498962402344,44
1298,76032,44.56446075439453,50
1299,76032,53.86343002319336,59
1300,76032,83.51551818847656,89
1301,76288,49.62984848022461,56
1302,76288,67.46662902832031,73
1303,76288,29.25893211364746,35
1304,76288,63.40555953979492,69
1305,76544,25.40139389038086,31
1306,76544,44.536293029785156,50
1307,76544,32.0499267578125,38
1308,76544,29.779125213623047,35
1309,76544,38.71912384033203,44
1310,76544,67.69511413574219,73
1311,76544,166.1500701904297,171
1312,76544,69.51194763183594,75
1313,76544,95.73017120361328,101
1314,76800,32.462188720703125,38
1315,76800,57.41246795654297,63
1316,76800,24.525671005249023,30
1317,76800,17.848247528076172,23
1318,77056,52.775604248046875,58
1319,77056,44.73186111450195,50
1320,77056,71.6163330078125,77
1321,77056,61.10377502441406,67
1322,77312,45.603302001953125,52
1323,77312,102.5765609741211,108
1324,77312,36.443138122558594,42
1325,77312,34.39981460571289,40
1326,77312,92.26214599609375,98
1327,77312,38.846351623535156,45
1328,77312,82.4583969116211,88
1329,77568,46.63772964477539,52
1330,77568,54.502689361572266,60
1331,77824,57.958168029785156,63
1332,77824,44.24887466430664,50
1333,77824,44.39454650878906,50
1334,77824,40.67436599731445,46
1335,77824,32.54652404785156,38
1336,77824,36.06503677368164,42
1337,78080,35.58079528808594,41
1338,78080,40.49773406982422,46
1339,78080,72.58744812011719,78
1340,78080,63.88340759277344,69
1341,78080,33.062255859375,39
1342,78336,70.80770874023438,76
1343,78336,79.76422119140625,85
1344,78336,44.510589599609375,50
1345,78336,42.81932067871094,48
1346,78592,92.71630859375,98
1347,78592,68.65508270263672,75
1348,78592,72.42195129394531,78
1349,78592,42.28229522705078,48
1350,78592,22.452707290649414,28
1351,78592,64.25669860839844,70
1352,78848,30.040647506713867,35
1353,79104,60.80908966064453,66
1354,79104,30.549226760864258,36
1355,79104,32.32889175415039,38
1356,79104,68.11722564697266,74
1357,79104,69.44005584716797,75
1358,79360,33.446529388427734,39
1359,79616,58.89293670654297,65
1360,79616,56.66798400878906,62
1361,79616,31.473766326904297,37
1362,79616,36.63838577270508,42
1363,79872,27.56374168395996,33
1364,79872,45.75413513183594,51
1365,79872,76.72566986083984,83
1366,79872,24.757591247558594,30
1367,79872,49.434608459472656,55
1368,79872,82.57251739501953,88
1369,79872,34.25238037109375,40
1370,80128,18.897235870361328,24
1371,80128,29.008874893188477,35
1372,80384,24.230573654174805,29
1373,80384,67.65884399414062,73
1374,80384,52.287845611572266,58
1375,80384,26.77471160888672,32
1376,80640,49.970272064208984,56
1377,80640,93.54203796386719,99
1378,80896,26.647672653198242,32
1379,80896,55.241600036621094,61
1380,80896,20.02403450012207,25
1381,80896,45.72148513793945,51
1382,80896,50.43156433105469,56
1383,80896,44.606056213378906,50
1384,80896,61.2869758605957,67
1385,81152,34.40285110473633,40
1386,81152,36.95600509643555,43
1387,81152,75.70418548583984,81
1388,81152,53.36714553833008,59
1389,81152,55.92585754394531,61
1390,81152,56.806480407714844,62
1391,81152,40.4231071472168,46
1392,81408,62.23090362548828,68
1393,81408,70.03608703613281,76
1394,81408,34.171531677246094,40
1395,81408,71.1801528930664,77
1396,81408,34.149375915527344,40
1397,81408,44.48234176635742,50
1398,81408,44.456642150878906,50
1399,81664,28.359373092651367,34
1400,81664,21.71068572998047,27
1401,81664,27.311044692993164,33
1402,81920,55.72180938720703,61
1403,81920,40.50474548339844,46
1404,81920,29.58092498779297,35
1405,81920,112.28315734863281,118
1406,82176,85.47100067138672,91
1407,82176,136.36495971679688,142
1408,82176,23.53266716003418,29
1409,82176,27.62485122680664,33
1410,82432,39.84903335571289,45
1411,82432,53.652320861816406,59
1412,82432,98.30337524414062,104
1413,82432,58.21715545654297,64
1414,82432,77.63865661621094,83
1415,82432,26.37013816833496,32
1416,82432,162.33839416503906,168
1417,82432,64.51670837402344,70
1418,82432,28.4843807220459,34
1419,82688,40.193729400634766,46
1420,82688,43.07286834716797,49
1421,82944,49.24295425415039,55
1422,82944,49.585933685302734,55
1423,82944,30.15943717956543,36
1424,83200,41.76960372924805,48
1425,83200,43.13298034667969,48
1426,83200,51.61775588989258,57
1427,83200,45.53213119506836,51
1428,83200,25.280479431152344,31
1429,83200,57.434608459472656,63
1430,83456,45.7425537109375,51
1431,83456,75.5630874633789,81
1432,83456,89.4375,95
1433,83712,30.54412841796875,36
1434,83712,55.491432189941406,61
1435,83712,120.37409210205078,126
1436,83968,27.301374435424805,33
1437,83968,50.34634780883789,56
1438,83968,108.48892211914062,114
1439,83968,72.49224853515625,78
1440,83968,56.654075622558594,62
1441,83968,18.983173370361328,24
1442,84224,17.997779846191406,23
1443,84224,37.82563018798828,44
1444,84224,39.34336471557617,45
1445,84224,20.714496612548828,26
1446,84224,57.583953857421875,63
1447,84480,78.74918365478516,84
1448,84480,45.442752838134766,51
1449,84480,50.756874084472656,56
1450,84480,39.13831329345703,45
1451,84480,32.96741485595703,39
1452,84480,45.17711639404297,51
1453,84480,33.08954620361328,39
1454,84736,68.41210174560547,74
1455,84992,29.520437240600586,35
1456,84992,46.601768493652344,52
1457,84992,18.019203186035156,23
1458,84992,29.431859970092773,35
1459,85248,100.43252563476562,106
1460,85248,57.04176330566406,62
1461,85504,66.56674194335938,72
1462,85504,34.11380386352539,39
1463,85504,53.99922561645508,59
1464,85504,51.692604064941406,58
1465,85504,47.810935974121094,53
1466,85504,33.850990295410156,40
1467,85504,44.569557189941406,50
1468,85760,30.438743591308594,36
1469,85760,24.753828048706055,30
1470,85760,41.75324249267578,47
1471,85760,39.71327209472656,46
1472,85760,76.20665740966797,82
1473,85760,37.179080963134766,43
1474,86016,31.657550811767578,37
1475,86016,50.818817138671875,56
1476,86016,46.085716247558594,52
1477,86016,40.608070373535156,46
1478,86016,31.300403594970703,37
1479,86016,59.49221420288086,65
1480,86016,32.9597282409668,38
1481,86272,132.69427490234375,138
1482,86272,29.281564712524414,35
1483,86272,24.898616790771484,30
1484,86272,25.540945053100586,31
1485,86272,41.022491455078125,46
1486,86272,122.51747131347656,128
1487,86528,27.468441009521484,33
1488,86784,39.67023849487305,46
1489,86784,33.8244743347168,39
1490,86784,47.928260803222656,53
1491,86784,24.352102279663086,30
1492,87040,34.91259002685547,41
1493,87040,97.54660034179688,103
1494,87040,57.19379806518555,63
1495,87040,38.07840347290039,43
1496,87040,22.765798568725586,28
1497,87296,47.75124740600586,53
1498,87552,37.04151153564453,43
1499,87552,23.469432830810547,29
1500,87552,109.47197723388672,115
1501,87552,36.83997344970703,42
1502,87552,55.456546783447266,62
1503,87552,68.36721801757812,74
1504,87808,45.29700469970703,51
1505,87808,111.5099868774414,117
1506,88064,80.79579162597656,86
1507,88064,29.690258026123047,35
1508,88064,44.36529541015625,50
1509,88320,40.49477767944336,46
1510,88320,69.17374420166016,75
1511,88320,47.19043731689453,52
1512,88320,71.43499755859375,77
1513,88320,39.21732711791992,45
1514,88320,74.3080825805664,80
1515,88320,31.85279083251953,37
1516,88320,33.85398864746094,40
1517,88320,32.6967658996582,38
1518,88320,29.36559295654297,35
1519,88320,43.021331787109375,48
1520,88576,56.14719009399414,62
1521,88576,36.245018005371094,42
1522,88576,25.61501693725586,31
1523,88832,23.617155075073242,29
1524,88832,120.80330657958984,126
1525,88832,70.5609130859375,76
1526,88832,24.523792266845703,30
1527,88832,88.48804473876953,94
1528,88832,58.19333267211914,64
1529,89088,135.22393798828125,141
1530,89088,35.05954360961914,41
1531,89088,37.502906799316406,43
1532,89088,22.69623374938965,28
1533,89088,49.68901443481445,55
1534,89088,77.97705078125,83
1535,89088,30.249313354492188,36
1536,89088,25.32023811340332,31
1537,89088,20.701135635375977,26
1538,89088,102.97269439697266,109
1539,89344,52.5251579284668,58
1540,89344,55.40623474121094,61
1541,89344,36.88823699951172,42
1542,89344,81.7475814819336,87
1543,89344,82.51420593261719,88
1544,89344,28.403316497802734,34
1545,89600,66.6585922241211,72
1546,89600,52.278141021728516,58
1547,89600,89.7684097290039,95
1548,89600,51.92497634887695,57
1549,89600,74.30097961425781,80
1550,89600,28.5576171875,34
1551,89856,39.751060485839844,45
1552,89856,23.859455108642578,29
1553,89856,40.239742279052734,46
1554,89856,46.16927719116211,52
1555,89856,41.498313903808594,47
1556,89856,54.77296829223633,60
1557,90112,21.653240203857422,27
1558,90368,56.09428787231445,61
1559,90368,31.61456298828125,37
1560,90368,25.442588806152344,31
1561,90624,108.3172836303711,114
1562,90624,50.82508087158203,56
1563,90624,51.62637710571289,57
1564,90624,18.80979347229004,24
1565,90880,45.62406539916992,51
1566,90880,85.60279083251953,91
1567,90880,127.3100357055664,133
1568,90880,38.293907165527344,44
1569,90880,110.36530303955078,116
1570,90880,29.58655548095703,35
1571,90880,60.58731460571289,66
1572,91136,25.309701919555664,31
1573,91136,39.50560760498047,45
1574,91136,21.77880096435547,27
1575,91392,34.669464111328125,40
1576,91392,50.89685821533203,56
1577,91392,50.56905746459961,56
1578,91392,27.507652282714844,33
1579,91392,54.73454284667969,60
1580,91648,30.366090774536133,36
1581,91648,29.14009666442871,35
1582,91648,67.69822692871094,73
1583,91648,32.12751007080078,38
1584,91904,41.61943435668945,47
1585,92160,61.287532806396484,67
1586,92160,28.8682861328125,34
1587,92416,91.52863311767578,97
1588,92416,48.71622848510742,54
1589,92416,36.12642288208008,42
1590,92416,26.369779586791992,32
1591,92416,29.021581649780273,35
1592,92416,54.463096618652344,60
1593,92672,38.10277557373047,44
1594,92672,50.70577621459961,56
1595,92672,69.73856353759766,75
1596,92672,34.744014739990234,40
1597,92928,53.609405517578125,59
1598,93184,59.453514099121094,65
1599,93184,40.33333969116211,46
1600,93184,41.69062042236328,47
1601,93184,18.902362823486328,24
1602,93184,56.06816101074219,62
1603,93184,78.1607666015625,84
1604,93440,31.73333168029785,37
1605,93440,50.75191116333008,56
1606,93440,58.931766510009766,64
1607,93440,61.81726837158203,67
1608,93440,20.817848205566406,26
1609,93696,72.7612533569336,78
1610,93696,98.58424377441406,104
1611,93696,26.209484100341797,32
1612,93696,42.545658111572266,48
1613,93952,139.54156494140625,145
1614,93952,37.21941375732422,43
1615,93952,44.96601486206055,51
1616,93952,70.40100860595703,76
1617,93952,59.582847595214844,65
1618,94208,50.64719009399414,56
1619,94208,49.68181228637695,55
1620,94464,41.6377067565918,47
1621,94464,61.81306457519531,67
1622,94464,46.0142707824707,52
1623,94464,48.807586669921875,55
1624,94464,33.20494842529297,39
1625,94720,130.96707153320312,136
1626,94720,88.17921447753906,94
1627,94720,56.696468353271484,63
1628,94976,65.765625,71
1629,94976,46.464027404785156,52
1630,94976,31.519489288330078,37
1631,94976,94.4225082397461,100
1632,94976,37.24361038208008,43
1633,94976,23.798133850097656,29
1634,94976,146.34666442871094,152
1635,94976,54.4256706237793,60
1636,95232,64.09941864013672,70
1637,95232,63.85361099243164,69
1638,95232,40.228294372558594,46
1639,95232,87.42942810058594,93
1640,95232,34.14872741699219,40
1641,95232,42.94335174560547,49
1642,95232,64.2593002319336,70
1643,95488,154.51669311523438,160
1644,95488,31.39103889465332,37
1645,95488,51.5680046081543,57
1646,95488,27.017900466918945,33
1647,95488,103.70333862304688,109
1648,95744,92.33514404296875,98
1649,95744,38.661407470703125,44
1650,96000,31.71006202697754,37
1651,96000,53.40713882446289,59
1652,96000,39.440208435058594,45
1653,96000,52.56573486328125,58
1654,96000,70.89139556884766,77
1655,96000,106.87930297851562,112
1656,96000,50.99785614013672,57
1657,96000,34.71314239501953,40
1658,96000,53.41912841796875,59
1659,96000,36.20780944824219,42
1660,96256,27.13375473022461,32
1661,96256,45.598785400390625,51
1662,96512,40.82834243774414,46
1663,96512,39.16050338745117,45
1664,97024,27.258426666259766,33
1665,97024,128.15377807617188,134
1666,97280,44.2817497253418,50
1667,97280,104.65461730957031,110
1668,97280,106.40118408203125,112
1669,97280,28.069849014282227,33
1670,97280,62.831809997558594,68
1671,97536,27.639724731445312,33
1672,97536,42.68419647216797,48
1673,97536,89.42391967773438,95
1674,97536,24.757156372070312,30
1675,97536,26.557865142822266,32
1676,97792,51.88936996459961,57
1677,97792,93.43988800048828,99
1678,97792,30.848358154296875,37
1679,97792,55.594512939453125,61
1680,97792,28.150880813598633,34
1681,97792,35.969669342041016,42
1682,98048,53.586830139160156,59
1683,98048,41.2442512512207,47
1684,98048,115.59961700439453,121
1685,98048,31.968942642211914,38
1686,98048,66.30464935302734,72
1687,98048,27.807838439941406,33
1688,98304,22.010974884033203,27
1689,98304,49.847286224365234,55
1690,98304,64.51036834716797,70
1691,98304,46.66133499145508,52
1692,98304,81.58113098144531,87
1693,98560,38.61138916015625,44
1694,98560,80.43544006347656,86
1695,98560,100.11858367919922,106
1696,98560,42.74614715576172,48
1697,98560,44.56291961669922,51
1698,98560,43.290889739990234,49
1699,98816,29.738780975341797,35
1700,98816,52.48369216918945,58
1701,98816,45.190513610839844,51
1702,98816,36.516761779785156,42
1703,98816,36.79008483886719,43
1704,98816,26.567441940307617,32
1705,99072,36.20918273925781,42
1706,99072,84.66075897216797,90
1707,99072,31.809242248535156,37
1708,99072,56.02732849121094,62
1709,99072,47.529205322265625,53
1710,99072,63.99522399902344,70
1711,99072,79.52386474609375,85
1712,99328,21.51220703125,27
1713,99328,45.337528228759766,52
1714,99328,39.891727447509766,46
1715,99328,61.60621643066406,67
1716,99328,22.437297821044922,28
1717,99328,66.28294372558594,72
1718,99328,60.54197311401367,66
1719,99584,38.72233963012695,44
1720,99584,58.81468200683594,64
1721,99584,61.237003326416016,67
1722,99584,33.610111236572266,39
1723,99584,43.82649612426758,50
1724,99584,37.30833435058594,43
1725,99840,65.8033676147461,72
1726,99840,50.5245361328125,56
1727,99840,48.3454704284668,54
1728,99840,65.60055541992188,71
1729,99840,32.245853424072266,38
1730,99840,34.88581848144531,41
1731,100096,95.51981353759766,101
1732,100096,38.09959030151367,44
1733,100096,71.13075256347656,77
1734,100096,51.54222869873047,57
1735,100096,27.68394660949707,33
1736,100096,16.980457305908203,22
1737,100352,38.527252197265625,44
1738,100608,21.971973419189453,27
1739,100608,30.491039276123047,36
1740,100608,29.636333465576172,35
1741,100608,22.728071212768555,28
1742,100608,38.29848861694336,44
1743,100864,45.30613327026367,51
1744,100864,73.943603515625,80
1745,100864,37.2562370300293,43
1746,100864,31.732576370239258,37
1747,100864,68.73823547363281,74
1748,101120,44.398494720458984,50
1749,101120,22.61162567138672,28
1750,101120,57.199615478515625,63
1751,101632,34.61808395385742,40
1752,101632,43.58395004272461,49
1753,101632,40.81681823730469,47
1754,101632,64.24330139160156,70
1755,101632,42.96235275268555,49
1756,101888,31.84939193725586,38
1757,101888,28.720237731933594,34
1758,101888,30.831735610961914,36
1759,102144,139.3492431640625,145
1760,102144,51.50734329223633,57
1761,102656,30.321008682250977,36
1762,102656,31.30122947692871,37
1763,102656,23.701417922973633,29
1764,102656,40.08253479003906,46
1765,102656,24.009206771850586,29
1766,102912,74.87036895751953,80
1767,102912,47.90843963623047,53
1768,102912,40.92205810546875,47
1769,102912,32.491294860839844,38
1770,102912,26.521547317504883,32
1771,102912,27.30380630493164,33
1772,102912,23.457183837890625,29
1773,103168,30.458797454833984,36
1774,103168,85.72687530517578,91
1775,103168,26.256975173950195,32
1776,103168,76.65428161621094,82
1777,103168,62.523719787597656,68
1778,103168,27.603527069091797,33
1779,103424,26.509998321533203,32
1780,103424,34.00654220581055,40
1781,103424,63.52470016479492,69
1782,103424,43.744415283203125,50
1783,103424,62.983497619628906,68
1784,103680,87.34657287597656,93
1785,103680,54.29256820678711,60
1786,103680,72.331298828125,78
1787,103936,49.19471740722656,55
1788,103936,55.5073127746582,61
1789,103936,28.873363494873047,34
1790,103936,53.63685607910156,59
1791,103936,63.301815032958984,69
1792,104192,61.80091094970703,68
1793,104192,64.24040985107422,70
1794,104192,33.46147155761719,39
1795,104448,31.357410430908203,37
1796,104448,28.23880958557129,34
1797,104448,47.453521728515625,53
1798,104448,41.0810661315918,47
1799,104448,37.64649963378906,43
1800,104448,66.13180541992188,72
1801,104704,38.20981216430664,44
1802,104704,42.622962951660156,48
1803,104704,56.74770736694336,62
1804,104704,73.60057067871094,79
1805,104960,56.242958068847656,62
1806,104960,33.42020034790039,39
1807,104960,29.339717864990234,35
1808,104960,75.23910522460938,81
1809,105216,50.902915954589844,57
1810,105216,141.3863525390625,147
1811,105216,33.592262268066406,39
1812,105216,30.46953773498535,36
1813,105216,118.68508911132812,124
1814,105472,66.64707946777344,72
1815,105728,49.002296447753906,55
1816,105728,78.34477996826172,84
1817,105728,37.88026809692383,43
1818,105728,89.77848815917969,95
1819,105984,59.47674560546875,65
1820,105984,42.45272445678711,48
1821,105984,31.70264434814453,37
1822,105984,27.464439392089844,33
1823,105984,25.652891159057617,31
1824,105984,104.4912109375,110
1825,106240,64.55506896972656,70
1826,106240,72.27766418457031,78
1827,106240,74.0190658569336,80
1828,106240,21.662986755371094,27
1829,106240,48.485206604003906,54
1830,106496,25.22119903564453,31
1831,106496,65.062744140625,71
1832,106496,150.12811279296875,156
1833,106496,54.964576721191406,61
1834,106496,83.32540893554688,89
1835,106752,145.5702667236328,151
1836,106752,40.23945617675781,46
1837,106752,27.520803451538086,33
1838,106752,29.704315185546875,35
1839,107008,24.559112548828125,30
1840,107008,23.699193954467773,29
1841,107264,24.92782974243164,30
1842,107264,30.505102157592773,36
1843,107520,33.10195541381836,39
1844,107520,86.89249420166016,92
1845,107520,32.61223220825195,38
1846,107520,47.0704345703125,53
1847,107520,47.62794876098633,54
1848,107520,58.17707824707031,64
1849,107776,40.143165588378906,46
1850,107776,35.47186279296875,41
1851,107776,50.31296920776367,56
1852,107776,47.30349349975586,53
1853,108032,50.0618782043457,56
1854,108032,34.016605377197266,40
1855,108032,62.93950271606445,69
1856,108032,34.2161865234375,40
1857,108032,60.15171813964844,66
1858,108288,26.60643768310547,32
1859,108288,43.64338684082031,49
1860,108288,66.537353515625,72
1861,108288,27.6706600189209,33
1862,108544,46.71671676635742,52
1863,108544,51.290138244628906,57
1864,108544,47.611454010009766,53
1865,108800,33.19188690185547,39
1866,108800,73.75169372558594,79
1867,108800,55.707645416259766,61
1868,108800,64.45515441894531,70
1869,108800,33.93915557861328,40
1870,108800,82.54450988769531,88
1871,108800,58.63563919067383,64
1872,109056,32.41667175292969,38
1873,109056,32.109066009521484,38
1874,109056,33.406532287597656,39
1875,109056,27.849416732788086,33
1876,109056,79.71404266357422,86
1877,109056,123.19581604003906,129
1878,109056,31.226945877075195,37
1879,109056,37.6063232421875,43
1880,109056,44.38856887817383,50
1881,109312,41.32113265991211,47
1882,109312,46.314598083496094,52
1883,109312,48.450992584228516,54
1884,109312,93.27330017089844,99
1885,109568,67.8600845336914,73
1886,109568,47.567962646484375,53
1887,109568,27.809612274169922,33
1888,109568,87.75721740722656,93
1889,109568,71.27513122558594,77
1890,109568,36.797706604003906,42
1891,109824,21.724960327148438,27
1892,109824,73.15747833251953,79
1893,109824,54.340370178222656,60
1894,109824,51.22163009643555,58
1895,110080,45.70619201660156,51
1896,110080,59.82777786254883,66
1897,110080,77.93553924560547,83
1898,110080,42.99140548706055,49
1899,110080,23.752323150634766,29
1900,110080,77.45213317871094,83
1901,110080,31.092254638671875,37
1902,110080,144.7361297607422,150
1903,110336,30.555994033813477,36
1904,110336,54.76388168334961,60
1905,110336,52.90093231201172,58
1906,110336,39.69550323486328,46
1907,110592,163.92730712890625,169
1908,110592,64.16629028320312,70
1909,110592,73.69170379638672,79
1910,110592,76.031494140625,82
1911,110848,56.29928970336914,62
1912,110848,78.47325897216797,84
1913,110848,55.158790588378906,61
1914,110848,58.153656005859375,64
1915,111104,41.04514694213867,46
1916,111104,41.444000244140625,47
1917,111104,107.40835571289062,113
1918,111104,83.19023895263672,89
1919,111104,43.74761962890625,49
1920,111104,24.537012100219727,30
1921,111360,27.347673416137695,33
1922,111360,99.1948013305664,105
1923,111360,44.992088317871094,51
1924,111360,40.0380744934082,46
1925,111360,25.794219970703125,31
1926,111360,73.3962631225586,79
1927,111360,45.64017105102539,51
1928,111616,44.0189094543457,50
1929,111616,57.59915542602539,63
1930,111872,40.69781494140625,46
1931,111872,94.52459716796875,100
1932,111872,25.908100128173828,31
1933,111872,44.67536163330078,50
1934,111872,89.3845443725586,95
1935,111872,44.67285919189453,50
1936,112128,46.20439910888672,52
1937,112128,27.532146453857422,33
1938,112128,29.218528747558594,35
1939,112384,56.41307067871094,62
1940,112384,30.26133155822754,36
1941,112640,41.334861755371094,47
1942,112640,46.16969680786133,51
1943,112640,75.50467681884766,81
1944,112640,26.3940486907959,32
1945,112640,49.89020538330078,56
1946,112640,47.626068115234375,54
1947,112640,44.4312858581543,50
1948,112640,71.96649169921875,77
1949,112640,33.1358642578125,39
1950,112640,61.7681770324707,67
1951,112896,26.416736602783203,32
1952,112896,55.19586181640625,61
1953,112896,34.16851043701172,40
1954,112896,55.266109466552734,61
1955,113152,18.900856018066406,24
1956,113152,45.681339263916016,51
1957,113152,54.43730545043945,60
1958,113152,23.67162322998047,29
1959,113152,34.10301208496094,40
1960,113408,128.19281005859375,134
1961,113408,21.438945770263672,27
1962,113664,51.51280212402344,57
1963,113920,56.38347244262695,62
1964,113920,26.38833999633789,32
1965,113920,51.7798957824707,58
1966,113920,40.2003173828125,46
1967,114176,49.54490280151367,56
1968,114176,26.522884368896484,32
1969,114176,32.96468734741211,38
1970,114176,106.64813232421875,112
1971,114432,19.841094970703125,25
1972,114432,21.719606399536133,27
1973,114432,33.58137512207031,39
1974,114688,61.45315170288086,67
1975,114944,22.74833106994629,28
1976,114944,37.66160583496094,44
1977,114944,64.70144653320312,70
1978,114944,49.1754035949707,55
1979,114944,68.42906188964844,74
1980,115200,34.53034973144531,40
1981,115200,56.66630935668945,62
1982,115200,95.61489868164062,102
1983,115456,26.154008865356445,32
1984,115456,36.44351577758789,42
1985,115456,24.87145233154297,30
1986,115712,32.36910629272461,38
1987,115712,98.52967071533203,104
1988,115712,107.44142150878906,113
1989,115968,23.368343353271484,29
1990,115968,32.58541488647461,38
1991,115968,63.979766845703125,70
1992,115968,59.184207916259766,65
1993,115968,58.408668518066406,64
1994,116224,90.7757797241211,96
1995,116224,51.312232971191406,57
1996,116224,31.51685333251953,37
1997,116224,72.50254821777344,78
1998,116224,106.47528839111328,112
1999,116224,22.68000602722168,28
2000,116480,82.51203918457031,88
2001,116480,29.810749053955078,35
2002,116480,56.60218811035156,62
2003,116480,47.130165100097656,53
2004,116480,62.77215576171875,68
2005,116736,56.45043182373047,62
2006,116736,25.808347702026367,31
2007,116736,41.614501953125,47
2008,116992,123.33365631103516,129
2009,116992,50.203956604003906,56
2010,116992,23.458938598632812,29
2011,117248,26.332294464111328,32
2012,117248,104.6810531616211,110
2013,117248,20.024248123168945,25
2014,117248,41.30059814453125,47
2015,117248,36.08130645751953,42
2016,117248,31.856107711791992,38
2017,117248,66.1387710571289,72
2018,117248,34.86769104003906,40
2019,117504,39.17772674560547,45
2020,117504,108.4515609741211,114
2021,117504,92.86315155029297,98
2022,117504,51.65259552001953,57
2023,117760,39.95071792602539,45
2024,117760,62.79903030395508,69
2025,117760,24.822160720825195,30
2026,117760,44.71479034423828,50
2027,117760,79.85694885253906,85
2028,118016,36.3654899597168,42
2029,118016,39.350135803222656,45
2030,118016,75.35191345214844,81
2031,118016,31.369827270507812,37
2032,118016,18.9998779296875,24
2033,118016,52.16184616088867,58
2034,118272,100.99524688720703,107
2035,118272,112.58610534667969,118
2036,118272,51.6734504699707,57
2037,118272,45.31559753417969,51
2038,118272,102.77565002441406,108
2039,118528,61.930503845214844,68
2040,118528,39.614288330078125,46
2041,118528,22.69892692565918,28
2042,118528,33.180667877197266,39
2043,118528,60.262454986572266,66
2044,118528,26.396772384643555,32
2045,118528,35.53108596801758,41
2046,118784,101.60562896728516,107
2047,118784,32.05754470825195,37
2048,118784,50.39051818847656,56
2049,118784,26.9548397064209,33
2050,118784,51.3121223449707,57
2051,118784,174.48841857910156,180
2052,119040,29.187898635864258,35
2053,119040,45.91313171386719,51
2054,119040,45.53652572631836,52
2055,119040,62.4446907043457,68
2056,119296,47.40085220336914,53
2057,119296,37.50434875488281,43
2058,119296,30.547679901123047,36
2059,119296,34.983951568603516,41
2060,119552,71.51490020751953,77
2061,119552,27.346803665161133,33
2062,119552,48.950721740722656,55
2063,119808,28.844196319580078,34
2064,120064,35.596092224121094,41
2065,120064,42.52911376953125,48
2066,120064,37.991024017333984,44
2067,120320,49.471866607666016,55
2068,120320,35.35179901123047,41
2069,120320,21.871212005615234,27
2070,120320,49.216739654541016,55
2071,120320,50.14832305908203,56
2072,120320,111.69213104248047,117
2073,120320,53.51213836669922,59
2074,120320,102.48090362548828,108
2075,120576,43.17091369628906,49
2076,120576,31.827228546142578,37
2077,120576,39.2933464050293,45
2078,120832,20.769962310791016,26
2079,120832,29.589385986328125,35
2080,120832,32.82882308959961,38
2081,120832,43.0089111328125,49
2082,121088,26.399555206298828,32
2083,121088,25.458393096923828,31
2084,121344,77.96279907226562,83
2085,121344,33.08408737182617,39
2086,121344,35.927223205566406,41
2087,121344,45.14101791381836,51
2088,121600,35.17027282714844,41
2089,121600,30.353763580322266,36
2090,121856,41.66944122314453,47
2091,121856,40.24717330932617,46
2092,121856,85.52692413330078,91
2093,121856,63.67396545410156,69
2094,121856,69.31595611572266,75
2095,121856,34.9591178894043,41
2096,121856,23.633914947509766,29
2097,122112,50.19391632080078,56
2098,122112,49.29304504394531,55
2099,122112,43.684471130371094,49
2100,122368,73.3145980834961,79
2101,122368,30.28016471862793,36
2102,122368,31.392446517944336,37
2103,122368,39.43038558959961,45
2104,122368,42.694618225097656,48
2105,122368,35.9160041809082,42
2106,122368,73.90814971923828,80
2107,122368,75.23965454101562,81
2108,122368,32.35987091064453,38
2109,122624,46.51523971557617,53
2110,122624,67.71980285644531,73
2111,122624,46.073081970214844,51
2112,122624,90.0606689453125,96
2113,122880,80.74427032470703,86
2114,122880,43.03358459472656,48
2115,122880,104.95210266113281,111
2116,122880,47.16965866088867,53
2117,122880,54.1051025390625,60
2118,123136,52.04340362548828,58
2119,123136,35.20592498779297,41
2120,123392,36.39377975463867,42
2121,123392,35.90138244628906,42
2122,123648,19.8592529296875,25
2123,123648,68.57354736328125,74
2124,123648,71.12865447998047,77
2125,123648,22.577205657958984,28
2126,123648,83.85127258300781,89
2127,123648,83.28659057617188,89
2128,123904,52.37169647216797,58
2129,123904,96.58911895751953,102
2130,123904,31.033401489257812,37
2131,123904,130.5408935546875,136
2132,124160,76.36563110351562,82
2133,124160,45.53047180175781,51
2134,124160,97.98109436035156,104
2135,124416,31.382253646850586,37
2136,124416,76.15038299560547,82
2137,124416,29.214054107666016,35
2138,124416,21.726970672607422,27
2139,124672,51.10942459106445,57
2140,124672,35.197113037109375,41
2141,124672,38.49296569824219,45
2142,124672,32.95709228515625,38
2143,124672,27.426328659057617,33
2144,124672,36.09120559692383,42
2145,124672,65.56964874267578,71
2146,124928,30.835968017578125,37
2147,124928,65.41300964355469,71
2148,124928,92.59574890136719,98
2149,124928,62.448829650878906,68
2150,125184,93.68295288085938,99
2151,125184,28.702123641967773,34
2152,125184,68.67430877685547,74
2153,125184,34.67090606689453,40
2154,125184,98.07984924316406,104
2155,125184,41.866676330566406,48
2156,125184,76.75788879394531,83
2157,125184,47.864078521728516,54
2158,125184,27.784791946411133,33
2159,125440,44.56437301635742,50
2160,125440,121.92033386230469,128
2161,125440,91.80905151367188,97
2162,125440,58.56802749633789,64
2163,125696,87.54940795898438,93
2164,125696,88.51800537109375,94
2165,125696,42.83778762817383,48
2166,125696,110.47166442871094,116
2167,125952,33.70139694213867,39
2168,125952,72.72224426269531,78
2169,125952,55.67734146118164,61
2170,125952,28.968460083007812,35
2171,125952,54.87702560424805,61
2172,125952,33.807308197021484,39
2173,125952,28.43981170654297,34
2174,126208,34.85382080078125,41
2175,126208,24.321596145629883,30
2176,126208,52.137237548828125,58
2177,126208,35.800411224365234,42
2178,126464,62.882720947265625,69
2179,126464,48.209022521972656,54
2180,126464,113.83340454101562,119
2181,126464,33.32590103149414,39
2182,126464,84.7638168334961,91
2183,126720,39.52486801147461,46
2184,126720,59.657588958740234,65
2185,126720,91.53965759277344,97
2186,126976,51.59820556640625,57
2187,126976,48.81846237182617,54
2188,126976,64.75345611572266,71
2189,126976,32.56732940673828,38
2190,126976,45.3125,51
2191,126976,30.965667724609375,37
2192,127232,25.482177734375,31
2193,127232,63.92876434326172,70
2194,127232,54.875205993652344,60
2195,127232,38.29957580566406,45
2196,127232,33.079071044921875,39
2197,127232,36.7048454284668,42
2198,127488,34.107975006103516,40
2199,127488,27.328739166259766,33
2200,127488,67.59454345703125,73
2201,127488,25.46969985961914,31
2202,127488,51.99637222290039,58
2203,127744,67.42304992675781,73
2204,127744,34.16888427734375,40
2205,127744,67.57601165771484,73
2206,127744,35.42778015136719,41
2207,128000,86.77706146240234,92
2208,128000,34.614891052246094,40
2209,128000,74.63011169433594,80
2210,128000,40.52241134643555,47
2211,128256,29.165475845336914,35
2212,128256,84.12200927734375,90
2213,128256,85.28247833251953,91
2214,128256,55.392333984375,61
2215,128256,39.56480026245117,45
2216,128512,30.310012817382812,36
2217,128512,32.058841705322266,38
2218,128512,41.7719841003418,48
2219,128768,95.23308563232422,101
2220,128768,122.10511779785156,128
2221,128768,41.661651611328125,48
2222,128768,68.38692474365234,74
2223,128768,69.44534301757812,75
2224,129024,94.1971435546875,100
2225,129024,69.68649291992188,75
2226,129024,60.45294189453125,66
2227,129024,42.037574768066406,48
2228,129024,39.521793365478516,45
2229,129024,28.741409301757812,34
2230,129024,41.481510162353516,47
2231,129280,54.4369010925293,60
2232,129280,37.04270935058594,43
2233,129280,60.689090728759766,67
2234,129280,37.585330963134766,44
2235,129280,42.21320724487305,48
2236,129280,29.571208953857422,35
2237,129280,95.114990234375,101
2238,129792,64.37039947509766,70
2239,129792,64.60697937011719,70
2240,130048,32.64079284667969,38
2241,130048,31.10886001586914,37
2242,130304,50.109825134277344,56
2243,130304,34.3958625793457,40
2244,130304,44.081504821777344,49
2245,130560,39.3715705871582,45
2246,130560,64.2331314086914,70
2247,130560,32.90874481201172,38
2248,130560,40.284610748291016,47
2249,130560,27.235681533813477,33
2250,130816,51.342018127441406,57
2251,130816,56.54023742675781,62
2252,130816,68.76991271972656,74
2253,130816,22.643733978271484,28
2254,130816,88.51274871826172,94
2255,131072,73.3607177734375,79
2256,131072,25.55333137512207,31
2257,131328,82.6930923461914,88
2258,131328,49.064048767089844,55
2259,131584,166.48519897460938,172
2260,131584,47.291481018066406,52
2261,131584,54.434661865234375,60
2262,131584,76.72242736816406,82
2263,131840,59.55343246459961,65
2264,131840,22.58521270751953,28
2265,132096,28.060182571411133,34
2266,132096,34.71230697631836,40
2267,132096,23.93694496154785,29
2268,132352,41.15962219238281,47
2269,132352,79.77230834960938,85
2270,132352,36.08870315551758,42
2271,132352,25.421222686767578,31
2272,132352,26.297971725463867,32
2273,132352,34.10368347167969,40
2274,132608,50.22511291503906,56
2275,132608,67.65044403076172,73
2276,132608,33.49020767211914,39
2277,132608,49.349449157714844,55
2278,132608,41.71744155883789,47
2279,132608,66.38706970214844,72
2280,132864,52.493324279785156,58
2281,132864,30.142601013183594,36
2282,132864,37.811668395996094,43
2283,132864,53.3081169128418,59
2284,132864,38.80942153930664,44
2285,132864,43.63542938232422,49
2286,132864,21.587974548339844,27
2287,133120,25.42236328125,31
2288,133120,29.91496467590332,35
2289,133120,60.576419830322266,66
2290,133376,19.776012420654297,25
2291,133376,51.13834762573242,57
2292,133376,28.32936668395996,34
2293,133376,34.199249267578125,40
2294,133376,32.53205108642578,38
2295,133376,51.17093276977539,57
2296,133632,62.494258880615234,68
2297,133632,53.61158752441406,59
2298,133632,40.31641387939453,46
2299,133632,45.66190719604492,51
2300,133632,37.398590087890625,43
2301,133632,42.53052520751953,48
2302,133632,56.2414665222168,62
2303,133888,68.16149139404297,73
2304,133888,35.08015441894531,41
2305,133888,32.17683029174805,38
2306,133888,34.606849670410156,40
2307,133888,89.58403778076172,95
2308,134144,26.351255416870117,32
2309,134144,28.09959602355957,34
2310,134144,91.79177856445312,97
2311,134144,23.613548278808594,29
2312,134400,29.924467086791992,36
2313,134400,35.24624252319336,41
2314,134656,59.14823532104492,65
2315,134656,30.67436408996582,36
2316,134656,30.997446060180664,37
2317,134656,73.70413970947266,79
2318,134656,47.1584587097168,53
2319,134912,49.655311584472656,55
2320,134912,23.335786819458008,29
2321,134912,32.701629638671875,38
2322,134912,38.33015441894531,44
2323,134912,20.84968376159668,26
2324,134912,27.187458038330078,33
2325,135168,30.342464447021484,36
2326,135168,30.444278717041016,36
2327,135168,30.19324493408203,36
2328,135424,44.64076232910156,50
2329,135424,120.38729095458984,126
2330,135680,43.719505310058594,50
2331,135680,45.8391227722168,52
2332,135680,66.53558349609375,72
2333,135680,88.54725646972656,94
2334,135680,63.50381851196289,69
2335,135680,30.19784164428711,36
2336,135680,59.522891998291016,65
2337,135680,35.9066047668457,41
2338,135936,28.650501251220703,34
2339,135936,62.88098907470703,69
2340,135936,31.16666030883789,37
2341,135936,134.25692749023438,140
2342,136192,49.00522994995117,55
2343,136192,30.447471618652344,36
2344,136192,36.42376708984375,42
2345,136192,25.014013290405273,30
2346,136192,54.33706283569336,60
2347,136192,48.509037017822266,54
2348,136448,49.114986419677734,55
2349,136448,116.99177551269531,123
2350,136448,61.6553840637207,68
2351,136448,24.56258773803711,30
2352,136704,57.38072204589844,64
2353,136704,41.71877670288086,47
2354,136704,42.653968811035156,48
2355,136704,37.230804443359375,43
2356,136704,48.1014289855957,54
2357,136960,66.02490234375,72
2358,137216,33.07582473754883,39
2359,137216,56.29402160644531,62
2360,137216,54.172176361083984,60
2361,137216,92.5103759765625,98
2362,137216,37.59541702270508,43
2363,137216,39.389400482177734,45
2364,137472,43.5973014831543,49
2365,137472,28.316608428955078,34
2366,137472,43.70267105102539,49
2367,137728,38.9893913269043,45
2368,137728,46.31332015991211,52
2369,137728,44.216453552246094,50
2370,137984,60.84284210205078,66
2371,137984,67.56221008300781,73
2372,137984,81.55097198486328,87
2373,137984,72.37968444824219,78
2374,138240,23.50368881225586,29
2375,138240,35.94805145263672,41
2376,138240,32.935997009277344,39
2377,138240,70.40589904785156,76
2378,138240,30.602205276489258,36
2379,138240,112.66445922851562,118
2380,138496,65.54806518554688,71
2381,138496,57.28339385986328,63
2382,138496,35.093528747558594,41
2383,138752,65.65616607666016,72
2384,138752,144.61253356933594,150
2385,138752,62.52811813354492,68
2386,139008,59.15480041503906,65
2387,139008,129.15940856933594,135
2388,139008,36.492855072021484,42
2389,139008,61.10636520385742,67
2390,139008,107.6725845336914,113
2391,139008,50.928749084472656,57
2392,139008,27.46293830871582,33
2393,139008,47.5859260559082,54
2394,139264,45.399959564208984,51
2395,139520,21.55831527709961,27
2396,139776,62.63441467285156,68
2397,139776,108.76937103271484,114
2398,139776,34.919193267822266,41
2399,139776,76.97430419921875,82
2400,139776,77.86439514160156,83
2401,140032,156.9792938232422,163
2402,140032,74.1689224243164,80
2403,140032,53.29851150512695,59
2404,140032,62.229705810546875,68
2405,140288,30.648927688598633,36
2406,140288,40.95576858520508,47
2407,140288,81.42083740234375,87
2408,140288,41.93128967285156,48
2409,140288,43.93738555908203,49
2410,140544,43.28843688964844,49
2411,140544,60.56455993652344,66
2412,140544,56.73643493652344,62
2413,140544,108.50724792480469,114
2414,141056,40.85708236694336,47
2415,141056,51.88093566894531,57
2416,141312,65.88444519042969,72
2417,141312,98.49246978759766,104
2418,141312,30.13683319091797,36
2419,141568,32.17234420776367,38
2420,141568,29.092470169067383,35
2421,141568,121.55426025390625,127
2422,141568,105.2125015258789,111
2423,141568,31.76283073425293,38
2424,141568,112.47087097167969,118
2425,141568,50.25128936767578,56
2426,141568,30.510934829711914,36
2427,141568,39.13052749633789,45
2428,141824,37.511478424072266,43
2429,141824,43.81043243408203,50
2430,141824,54.495304107666016,60
2431,141824,52.51129150390625,58
2432,141824,85.89739990234375,91
2433,141824,21.724098205566406,27
2434,142080,47.06199645996094,53
2435,142080,35.33021545410156,41
2436,142080,69.68653106689453,75
2437,142080,20.63789176940918,26
2438,142080,30.699939727783203,37
2439,142080,50.23911666870117,56
2440,142080,30.838613510131836,37
2441,142080,38.445560455322266,44
2442,142080,42.34532928466797,48
2443,142336,33.61167907714844,39
2444,142336,47.6370735168457,53
2445,142336,30.905887603759766,37
2446,142336,38.95542526245117,45
2447,142592,35.32770538330078,41
2448,142592,37.12248229980469,43
2449,142592,54.079803466796875,60
2450,142592,110.20889282226562,116
2451,142592,40.47677230834961,47
2452,142848,55.734012603759766,62
2453,143104,38.715911865234375,45
2454,143104,77.2553482055664,83
2455,143104,36.15253448486328,42
2456,143104,61.79619216918945,67
2457,143360,48.959327697753906,55
2458,143360,64.34043884277344,70
2459,143616,58.034446716308594,64
2460,143616,36.24393844604492,42
2461,143616,32.37958908081055,38
2462,143616,52.7346076965332,58
2463,143872,26.5565185546875,32
2464,143872,84.72760772705078,90
2465,143872,30.39350700378418,36
2466,143872,33.501243591308594,39
2467,144128,68.22547149658203,74
2468,144128,59.84446716308594,65
2469,144384,38.178184509277344,44
2470,144384,55.38868713378906,62
2471,144384,40.5750846862793,46
2472,144640,59.30154037475586,65
2473,144640,36.106300354003906,42
2474,144640,64.65104675292969,70
2475,144640,60.72012710571289,66
2476,144640,61.46868133544922,67
2477,144896,30.19823455810547,36
2478,144896,55.514373779296875,61
2479,144896,29.647998809814453,35
2480,144896,55.382545471191406,61
2481,145152,49.107505798339844,55
2482,145152,115.45758819580078,121
2483,145152,38.99188232421875,45
2484,145152,34.47014236450195,40
2485,145408,160.51943969726562,166
2486,145408,93.66092681884766,99
2487,145408,25.46562957763672,31
2488,145408,41.402183532714844,47
2489,145408,24.526336669921875,30
2490,145664,52.43382263183594,59
2491,145664,59.283668518066406,65
2492,145664,40.92295837402344,47
2493,145664,41.34803009033203,47
2494,145664,34.93571472167969,41
2495,145664,21.447219848632812,27
2496,145664,123.56564331054688,129
2497,145664,85.29605102539062,91
2498,145664,33.16939163208008,39
2499,145664,29.31479263305664,35
2500,145920,59.31117630004883,65
2501,145920,36.973915100097656,43
2502,145920,77.4272232055664,83
2503,146176,39.81238555908203,46
2504,146176,32.44619369506836,38
2505,146176,46.37522506713867,52
2506,146176,41.00668716430664,47
2507,146176,35.446434020996094,41
2508,146432,46.63039016723633,52
2509,146688,24.3653564453125,30
2510,146688,48.39424133300781,54
2511,146688,37.64854049682617,43
2512,146944,76.92384338378906,83
2513,146944,20.731060028076172,26
2514,146944,32.08384704589844,38
2515,146944,29.474449157714844,35
2516,147200,32.41358947753906,38
2517,147200,42.50802230834961,49
2518,147200,62.56520462036133,68
2519,147200,40.035160064697266,45
2520,147200,45.5765495300293,51
2521,147200,26.438505172729492,32
2522,147200,84.57874298095703,91
2523,147456,47.74693298339844,54
2524,147456,38.438358306884766,44
2525,147456,53.6058349609375,59
2526,147712,39.710548400878906,45
2527,147712,54.0637092590332,60
2528,147712,40.086204528808594,46
2529,147712,36.89788055419922,43
2530,147712,76.54862213134766,82
2531,147968,64.11508178710938,70
2532,147968,29.552078247070312,35
2533,147968,104.30381774902344,110
2534,148224,64.29863739013672,70
2535,148224,53.8293571472168,60
2536,148224,52.35824203491211,58
2537,148480,64.36458587646484,70
2538,148480,28.932836532592773,34
2539,148480,69.42654418945312,76
2540,148480,55.396514892578125,61
2541,148736,52.405670166015625,58
2542,148736,47.56459045410156,54
2543,148736,58.815574645996094,65
2544,148736,70.5787582397461,76
2545,148992,87.68614959716797,93
2546,148992,43.707611083984375,49
2547,148992,28.879165649414062,35
2548,148992,80.49059295654297,86
2549,148992,24.395286560058594,30
2550,148992,62.27788543701172,68
2551,149248,56.53213119506836,62
2552,149248,44.8483772277832,51
2553,149248,108.49793243408203,114
2554,149248,28.336591720581055,34
2555,149248,171.44656372070312,177
2556,149248,24.6029052734375,30
2557,149504,59.89191436767578,66
2558,149504,38.52302932739258,44
2559,149504,73.34140014648438,79
2560,149760,62.143863677978516,68
2561,150016,48.03147888183594,54
2562,150016,100.12898254394531,106
2563,150016,127.36758422851562,133
2564,150016,44.58775329589844,51
2565,150272,42.69974899291992,48
2566,150272,77.33167266845703,83
2567,150272,60.01408386230469,66
2568,150272,62.45787811279297,68
2569,150272,53.453880310058594,59
2570,150528,53.31989669799805,59
2571,150528,56.679832458496094,62
2572,150528,166.25587463378906,172
2573,150528,29.278013229370117,35
2574,150528,56.05997085571289,62
2575,150528,42.3675537109375,49
2576,150528,46.413917541503906,52
2577,150528,33.197044372558594,39
2578,150784,92.27037048339844,98
2579,150784,39.131202697753906,45
2580,151040,48.433265686035156,54
2581,151040,39.17213439941406,45
2582,151296,53.89362716674805,59
2583,151296,19.632715225219727,25
2584,151296,72.17153930664062,78
2585,151552,64.24099731445312,70
2586,151552,96.95421600341797,103
2587,151552,34.43199920654297,41
2588,151552,124.32675170898438,130
2589,151808,31.362388610839844,37
2590,151808,49.66625213623047,55
2591,151808,25.264225006103516,31
2592,151808,39.76291275024414,46
2593,152064,35.024749755859375,41
2594,152064,48.175453186035156,54
2595,152064,87.46260833740234,93
2596,152064,40.3056755065918,46
2597,152320,76.49073028564453,82
2598,152576,54.790828704833984,60
2599,152576,33.55480194091797,39
2600,152576,28.834455490112305,34
2601,152576,19.880735397338867,25
2602,152576,49.70135498046875,55
2603,152576,183.34803771972656,189
2604,152576,24.347551345825195,30
2605,152576,48.63795471191406,54
2606,152832,71.33248138427734,77
2607,153088,38.230613708496094,44
2608,153088,28.20152473449707,34
2609,153088,35.82307052612305,42
2610,153088,33.44683074951172,39
2611,153088,55.86042022705078,62
2612,153344,51.56645965576172,57
2613,153344,109.2550277709961,115
2614,153344,28.284208297729492,34
2615,153344,26.33049774169922,32
2616,153344,49.996795654296875,56
2617,153344,45.97355651855469,52
2618,153344,68.28824615478516,74
2619,153344,24.44205093383789,30
2620,153600,61.698612213134766,67
2621,153600,38.81260681152344,45
2622,153856,43.672691345214844,49
2623,153856,27.536266326904297,33
2624,154112,34.513519287109375,40
2625,154112,47.922698974609375,54
2626,154112,40.9237060546875,47
2627,154112,55.45210266113281,61
2628,154112,117.7934341430664,124
2629,154112,37.15309143066406,43
2630,154112,72.22901916503906,78
2631,154368,121.07721710205078,127
2632,154368,31.533748626708984,37
2633,154368,73.67770385742188,79
2634,154368,186.1544952392578,192
2635,154368,70.48052215576172,76
2636,154624,57.98999786376953,64
2637,154624,55.58009338378906,61
2638,154624,154.54937744140625,160
2639,154624,67.99098205566406,74
2640,154624,42.577392578125,49
2641,154624,38.092350006103516,44
2642,154880,56.196624755859375,62
2643,154880,73.53810119628906,79
2644,154880,103.05995178222656,109
2645,155136,25.334861755371094,31
2646,155136,52.326072692871094,58
2647,155392,49.639007568359375,56
2648,155392,42.863948822021484,49
2649,155392,61.01063919067383,67
2650,155392,103.41255187988281,109
2651,155392,55.35697937011719,61
2652,155392,54.692138671875,60
2653,155392,35.577518463134766,42
2654,155392,32.7409553527832,38
2655,155904,66.46724700927734,72
2656,156160,23.720991134643555,29
2657,156672,52.52145004272461,58
2658,156928,97.96712493896484,104
2659,156928,53.941932678222656,60
2660,156928,47.182769775390625,53
2661,156928,49.70237731933594,56
2662,157184,99.39261627197266,105
2663,157184,41.1668815612793,47
2664,157184,29.344972610473633,35
2665,157184,69.67671203613281,75
2666,157184,31.164241790771484,37
2667,157184,33.8729362487793,40
2668,157184,69.47228240966797,76
2669,157184,46.39990997314453,52
2670,157440,35.34821319580078,41
2671,157440,39.96406936645508,45
2672,157440,111.74512481689453,117
2673,157440,32.47911071777344,38
2674,157440,50.27996063232422,56
2675,157440,48.7372932434082,54
2676,157696,50.942298889160156,57
2677,157696,55.34713363647461,61
2678,157696,34.932884216308594,41
2679,157696,57.379600524902344,63
2680,157696,41.52513122558594,48
2681,157952,41.07075119018555,47
2682,157952,56.80321502685547,63
2683,157952,61.84157943725586,68
2684,157952,55.50218200683594,61
2685,157952,147.2025146484375,153
2686,157952,126.99593353271484,133
2687,157952,31.920957565307617,37
2688,157952,144.5935516357422,150
2689,158208,29.94847297668457,36
2690,158208,57.405941009521484,63
2691,158208,84.24652099609375,90
2692,158208,89.60572814941406,95
2693,158208,90.67061614990234,96
2694,158720,59.037132263183594,65
2695,158720,43.545257568359375,49
2696,158720,23.540437698364258,29
2697,158720,31.16446304321289,37
2698,158976,41.30369567871094,47
2699,158976,82.1463851928711,88
2700,159232,42.064369201660156,48
2701,159232,34.296165466308594,40
2702,159232,128.84811401367188,135
2703,159232,47.12849426269531,53
2704,159488,27.56857681274414,33
2705,159488,30.644081115722656,36
2706,159488,38.823204040527344,45
2707,159488,124.2343521118164,130
2708,159744,72.7888412475586,78
2709,159744,115.657470703125,121
2710,160000,33.724124908447266,39
2711,160000,48.48838806152344,54
2712,160000,31.524044036865234,37
2713,160000,43.294525146484375,49
2714,160000,107.85580444335938,114
2715,160000,42.01304626464844,48
2716,160256,37.500648498535156,43
2717,160256,65.2090835571289,71
2718,160256,27.078781127929688,33
2719,160256,55.72498321533203,62
2720,160256,33.67611312866211,39
2721,160512,67.63531494140625,73
2722,160512,100.31403350830078,106
2723,160512,129.53753662109375,135
2724,160512,55.96778106689453,62
2725,160512,37.83153533935547,44
2726,160512,68.30736541748047,74
2727,160768,36.03379440307617,42
2728,161024,36.44711685180664,42
2729,161024,27.258045196533203,33
2730,161024,47.34858322143555,53
2731,161024,24.73352813720703,30
2732,161024,31.143770217895508,37
2733,161024,173.70416259765625,179
2734,161280,55.28314208984375,61
2735,161280,57.56682205200195,63
2736,161280,91.6549072265625,98
2737,161280,46.8473014831543,53
2738,161280,90.4581527709961,96
2739,161280,61.196990966796875,67
2740,161280,83.42789459228516,89
2741,161280,30.67098045349121,36
2742,161280,41.547515869140625,47
2743,161280,62.73488235473633,69
2744,161536,26.86285972595215,32
2745,161536,23.486812591552734,29
2746,161536,26.513565063476562,32
2747,161536,44.4769401550293,50
2748,161792,26.374469757080078,32
2749,161792,44.51594543457031,51
2750,161792,70.86511993408203,77
2751,161792,56.8148193359375,63
2752,162048,29.30757713317871,35
2753,162048,40.26234817504883,46
2754,162048,41.217159271240234,47
2755,162048,149.62188720703125,155
2756,162048,66.44226837158203,72
2757,162304,106.74170684814453,112
2758,162304,39.58143615722656,45
2759,162304,56.61222457885742,62
2760,162304,59.475486755371094,65
2761,162304,59.62241744995117,65
2762,162560,40.96426773071289,47
2763,162560,33.577816009521484,39
2764,162560,99.15388488769531,105
2765,162560,38.59027862548828,44
2766,162816,157.00975036621094,162
2767,162816,41.51237869262695,48
2768,162816,84.7515869140625,90
2769,162816,57.08911895751953,63
2770,162816,59.98263931274414,66
2771,162816,32.81298065185547,39
2772,162816,59.14295196533203,65
2773,163072,27.406312942504883,33
2774,163072,51.16285705566406,57
2775,163072,52.44981384277344,58
2776,163328,122.35399627685547,128
2777,163328,56.54121398925781,62
2778,163328,51.28288650512695,57
2779,163328,79.81829071044922,85
2780,163328,25.614253997802734,31
2781,163328,57.053871154785156,63
2782,163328,105.30974578857422,111
2783,163328,62.81542205810547,69
2784,163584,45.558624267578125,51
2785,163584,90.65706634521484,96
2786,163584,39.280029296875,45
2787,163584,56.575035095214844,62
2788,163584,40.51808547973633,46
2789,163840,30.43061065673828,36
2790,163840,28.507741928100586,34
2791,163840,45.56142044067383,51
2792,163840,91.50965881347656,97
2793,163840,32.834964752197266,38
2794,164096,28.328269958496094,34
2795,164096,66.08202362060547,72
2796,164096,42.50277328491211,49
2797,164352,67.16513061523438,73
2798,164352,38.778472900390625,44
2799,164352,53.527687072753906,59
2800,164608,24.308425903320312,30
2801,164608,39.76311492919922,45
2802,164608,38.64961624145508,45
2803,164608,40.56159973144531,47
2804,164608,44.54964828491211,50
2805,164608,44.88205337524414,51
2806,164864,35.645851135253906,41
2807,165120,51.072898864746094,57
2808,165120,108.01498413085938,114
2809,165120,25.196699142456055,31
2810,165120,24.43747901916504,30
2811,165376,44.06298065185547,50
2812,165376,44.34459686279297,50
2813,165632,53.38555145263672,59
2814,165632,84.30347442626953,90
2815,165632,78.12358093261719,84
2816,165632,73.49811553955078,79
2817,165888,25.817962646484375,31
2818,165888,40.11714172363281,46
2819,165888,67.11888885498047,73
2820,165888,47.972930908203125,54
2821,165888,27.293949127197266,33
2822,165888,27.979293823242188,34
2823,166144,37.80780029296875,44
2824,166144,46.55438995361328,53
2825,166144,29.708967208862305,35
2826,166144,30.296138763427734,36
2827,166144,29.266016006469727,35
2828,166144,50.61534881591797,56
2829,166400,60.34926223754883,66
2830,166400,73.50824737548828,79
2831,166400,82.1409683227539,89
2832,166400,87.15708923339844,93
2833,166400,184.8223114013672,190
2834,166656,80.55403900146484,86
2835,166656,93.19384765625,99
2836,166912,32.46759796142578,38
2837,166912,32.3431396484375,38
2838,166912,31.4920597076416,37
2839,166912,41.50870895385742,48
2840,167168,21.380592346191406,27
2841,167168,73.93714141845703,80
2842,167168,39.677188873291016,46
2843,167424,70.23444366455078,76
2844,167424,94.20164489746094,100
2845,167424,112.63140106201172,118
2846,167424,28.341373443603516,34
2847,167680,43.39119338989258,49
2848,167680,45.974491119384766,52
2849,167680,93.0579605102539,99
2850,167680,58.86146545410156,65
2851,167680,35.41293716430664,41
2852,167680,96.41944885253906,102
2853,167936,34.222774505615234,40
2854,167936,46.33818054199219,52
2855,167936,49.134063720703125,55
2856,168192,117.33432006835938,123
2857,168192,55.677589416503906,61
2858,168192,50.935691833496094,57
2859,168192,71.63910675048828,77
2860,168448,53.351417541503906,59
2861,168448,28.345731735229492,34
2862,168448,37.536293029785156,43
2863,168448,47.29615020751953,53
2864,168448,58.260257720947266,64
2865,168448,29.319690704345703,35
2866,168704,24.588115692138672,30
2867,168704,85.22459411621094,91
2868,168960,41.08308029174805,47
2869,168960,29.567583084106445,35
2870,168960,29.34000015258789,35
2871,168960,87.0208740234375,93
2872,169216,82.30209350585938,88
2873,169216,109.10475158691406,115
2874,169216,32.923927307128906,39
2875,169472,49.22493362426758,55
2876,169472,65.55343627929688,71
2877,169472,38.70335388183594,44
2878,169728,40.61737823486328,46
2879,169728,55.75998306274414,61
2880,169728,58.148155212402344,64
2881,169728,22.66384506225586,28
2882,169984,137.28932189941406,143
2883,169984,74.57972717285156,80
2884,169984,35.235328674316406,41
2885,170240,55.56912612915039,62
2886,170240,23.57668113708496,29
2887,170240,33.61315155029297,39
2888,170240,59.89558792114258,66
2889,170240,55.62057113647461,61
2890,170240,77.42611694335938,83
2891,170496,28.21014404296875,34
2892,170496,61.40135192871094,67
2893,170496,85.36286163330078,91
2894,170752,27.43963050842285,33
2895,170752,45.22060012817383,51
2896,170752,36.12120056152344,42
2897,170752,43.84735107421875,50
2898,170752,57.55582046508789,63
2899,170752,113.19425964355469,119
2900,171008,44.99723815917969,51
2901,171008,26.36371612548828,32
2902,171008,33.15001678466797,39
2903,171008,59.06465148925781,65
2904,171008,98.46057891845703,104
2905,171264,25.28949737548828,31
2906,171264,58.14777374267578,64
2907,171264,36.80561828613281,43
2908,171264,53.05101013183594,59
2909,171264,40.07411193847656,46
2910,171264,49.67478561401367,55
2911,171264,31.396034240722656,37
2912,171520,29.54514503479004,35
2913,171520,33.43579864501953,39
2914,171520,32.110496520996094,38
2915,171776,51.92384338378906,58
2916,171776,45.39808654785156,51
2917,171776,35.450843811035156,41
2918,171776,25.636287689208984,31
2919,172032,30.36708641052246,36
2920,172032,40.75598907470703,46
2921,172288,43.7285041809082,50
2922,172288,37.10074234008789,43
2923,172288,85.9578628540039,91
2924,172288,30.44896697998047,36
2925,172288,89.30946350097656,95
2926,172288,170.39901733398438,176
2927,172544,39.128814697265625,45
2928,172800,54.11154556274414,60
2929,172800,87.32391357421875,93
2930,172800,49.35947036743164,55
2931,172800,47.84815216064453,54
2932,172800,30.06509017944336,36
2933,172800,53.12531661987305,59
2934,173056,29.79853630065918,36
2935,173056,115.11478424072266,121
2936,173056,38.48322677612305,45
2937,173056,63.64411926269531,69
2938,173056,44.783294677734375,51
2939,173056,63.53264236450195,69
2940,173056,68.49034881591797,74
2941,173312,83.93684387207031,90
2942,173312,105.69991302490234,111
2943,173312,26.671825408935547,32
2944,173312,140.44276428222656,146
2945,173312,83.16065216064453,89
2946,173568,89.82785034179688,96
2947,173568,50.26969528198242,56
2948,173824,25.179975509643555,31
2949,173824,90.0291519165039,96
2950,174080,81.57855224609375,88
2951,174080,34.275081634521484,40
2952,174080,95.09442138671875,101
2953,174080,44.42300033569336,50
2954,174336,42.1604118347168,48
2955,174336,39.79826354980469,46
2956,174592,111.10409545898438,117
2957,174592,44.45720672607422,51
2958,174592,92.45050048828125,98
2959,174592,38.25825119018555,45
2960,174848,50.31407165527344,56
2961,174848,43.75138854980469,50
2962,174848,60.136146545410156,66
2963,174848,59.42340850830078,66
2964,174848,136.9979248046875,143
2965,174848,58.698368072509766,65
2966,174848,38.635162353515625,44
2967,175104,46.7575569152832,53
2968,175104,52.60569381713867,59
2969,175104,39.46324157714844,45
2970,175360,175.72752380371094,181
2971,175360,36.86960983276367,43
2972,175360,41.05833053588867,47
2973,175360,44.756988525390625,50
2974,175616,78.56025695800781,84
2975,175872,31.280900955200195,37
2976,175872,63.730079650878906,69
2977,175872,83.25379943847656,89
2978,175872,59.76523971557617,66
2979,176128,58.177940368652344,64
2980,176128,40.271297454833984,46
2981,176128,47.91122817993164,54
2982,176128,94.31777954101562,100
2983,176128,29.747676849365234,35
2984,176128,28.41710090637207,34
2985,176128,52.167850494384766,58
2986,176128,51.94624710083008,58
2987,176128,46.262550354003906,52
2988,176128,46.880859375,52
2989,176128,102.22412872314453,108
2990,176384,44.763519287109375,51
2991,176384,53.06955337524414,59
2992,176640,131.3418731689453,137
2993,176640,22.701950073242188,28
2994,176640,42.91518783569336,49
2995,176640,36.254981994628906,42
2996,176896,110.0202407836914,116
2997,176896,55.911476135253906,62
2998,176896,73.55694580078125,79
2999,176896,55.662296295166016,61
3000,176896,46.48218536376953,53
3001,177152,83.27986907958984,89
3002,177152,37.42607879638672,43
3003,177152,85.56410217285156,91
3004,177152,54.13825225830078,60
3005,177152,79.14036560058594,85
3006,177152,43.191978454589844,49
3007,177408,41.65310287475586,48
3008,177408,69.07955932617188,75
3009,177664,51.92320251464844,58
3010,177664,33.84477233886719,39
3011,177664,37.80110549926758,44
3012,177920,42.96559143066406,49
3013,177920,103.7818374633789,110
3014,177920,72.02713775634766,78
3015,177920,155.23947143554688,161
3016,177920,49.52150344848633,56
3017,177920,48.75251770019531,55
3018,177920,67.26618194580078,73
3019,177920,35.9939079284668,42
3020,178176,23.573774337768555,29
3021,178176,42.393646240234375,48
3022,178176,28.376224517822266,34
3023,178176,35.142967224121094,41
3024,178432,38.961448669433594,45
3025,178688,47.99298858642578,54
3026,178688,53.680763244628906,60
3027,178688,38.97294616699219,45
3028,178688,53.07609176635742,60
3029,178944,52.962589263916016,59
3030,178944,107.03850555419922,113
3031,179200,26.423309326171875,32
3032,179200,78.60044860839844,84
3033,179200,75.7694091796875,82
3034,179200,44.254295349121094,50
3035,179200,99.6393814086914,105
3036,179200,34.474853515625,40
3037,179200,67.59614562988281,73
3038,179456,47.886619567871094,54
3039,179456,53.92623519897461,60
3040,179456,35.980716705322266,42
3041,179712,46.62200164794922,52
3042,179712,70.50193786621094,76
3043,179968,39.12654495239258,45
3044,179968,52.2401008605957,58
3045,179968,40.71339416503906,46
3046,179968,89.88971710205078,96
3047,180224,42.95866012573242,49
3048,180224,33.455326080322266,39
3049,180480,55.113861083984375,62
3050,180736,24.393451690673828,30
3051,180736,43.71132278442383,49
3052,180992,68.0682373046875,74
3053,181248,134.21070861816406,140
3054,181504,127.81706237792969,134
3055,181504,31.40666961669922,37
3056,181504,103.75769805908203,110
3057,181504,60.95729064941406,67
3058,181760,155.4740447998047,161
3059,181760,50.43446350097656,56
3060,181760,28.690845489501953,34
3061,181760,84.75867462158203,90
3062,182016,40.4691162109375,46
3063,182016,49.929317474365234,57
3064,182016,68.47161102294922,74
3065,182272,42.64216613769531,49
3066,182272,50.68998718261719,57
3067,182272,59.16281509399414,65
3068,182272,65.65644836425781,71
3069,182272,73.54717254638672,79
3070,182272,40.79710006713867,46
3071,182272,76.3484878540039,82
3072,182272,40.31053161621094,46
3073,182272,29.669649124145508,35
3074,182272,36.28607940673828,42
3075,182528,45.1676139831543,51
3076,182528,23.623750686645508,29
3077,182528,62.49652862548828,68
3078,182528,39.618587493896484,46
3079,182528,59.17731475830078,65
3080,182528,54.999874114990234,61
3081,182784,81.85127258300781,87
3082,182784,80.90884399414062,87
3083,182784,59.172420501708984,65
3084,183040,44.612266540527344,50
3085,183040,28.330049514770508,34
3086,183040,60.126651763916016,66
3087,183040,48.62892532348633,55
3088,183040,27.325069427490234,33
3089,183040,32.21010971069336,38
3090,183040,53.14292526245117,59
3091,183296,81.64176940917969,87
3092,183296,35.004234313964844,41
3093,183296,37.22986602783203,43
3094,183296,61.538818359375,67
3095,183296,170.23513793945312,176
3096,183552,53.70713424682617,59
3097,183552,93.68257904052734,100
3098,183552,36.217247009277344,42
3099,183552,56.347530364990234,63
3100,183552,58.9591178894043,65
3101,183808,69.25859069824219,75
3102,183808,47.05520248413086,53
3103,183808,64.13551330566406,70
3104,184064,48.083351135253906,54
3105,184320,53.52458953857422,59
3106,184320,37.03842544555664,43
3107,184320,54.73204040527344,61
3108,184320,41.482398986816406,47
3109,184320,31.044536590576172,37
3110,184576,52.82183074951172,58
3111,184576,52.5667724609375,58
3112,184576,24.638538360595703,30
3113,184576,85.96919250488281,92
3114,184576,77.103271484375,83
3115,184576,48.2098388671875,54
3116,184576,31.502771377563477,37
3117,184576,66.09827423095703,72
3118,184832,52.354339599609375,58
3119,184832,48.6578483581543,55
3120,184832,83.23606872558594,89
3121,184832,45.31681442260742,51
3122,184832,24.52048110961914,30
3123,185088,68.39366912841797,74
3124,185088,48.5304069519043,54
3125,185088,42.48371124267578,48
3126,185088,29.546171188354492,35
3127,185088,56.125587463378906,62
3128,185344,48.364559173583984,54
3129,185344,34.46162033081055,41
3130,185344,43.05174255371094,49
3131,185344,35.650691986083984,42
3132,185600,38.75763702392578,45
3133,185600,54.78270721435547,61
3134,185600,61.619285583496094,67
3135,185600,61.9424934387207,68
3136,185600,38.12913513183594,44
3137,185600,94.66231536865234,100
3138,185856,27.37662124633789,33
3139,185856,65.38188171386719,71
3140,185856,71.6453857421875,78
3141,185856,51.341583251953125,57
3142,186112,58.5018424987793,64
3143,186112,51.88884353637695,58
3144,186368,35.43412780761719,41
3145,186368,30.631786346435547,37
3146,186368,44.230796813964844,50
3147,186368,27.241065979003906,33
3148,186368,63.940399169921875,70
3149,186368,71.48316192626953,77
3150,186624,166.11094665527344,172
3151,186624,127.73090362548828,133
3152,186624,36.10403823852539,42
3153,186880,55.600006103515625,61
3154,186880,56.54931640625,62
3155,186880,101.64952850341797,108
3156,186880,51.35026168823242,57
3157,186880,50.89621353149414,57
3158,186880,35.87760543823242,42
3159,186880,36.43398666381836,42
3160,186880,47.0191650390625,53
3161,187136,49.556339263916016,55
3162,187136,91.45679473876953,97
3163,187392,38.078338623046875,44
3164,187392,28.362672805786133,34
3165,187392,92.15910339355469,98
3166,187392,36.22291564941406,42
3167,187648,51.28186798095703,58
3168,187648,54.52396774291992,60
3169,187904,32.3641242980957,39
3170,187904,28.13428497314453,34
3171,188160,113.07398223876953,119
3172,188160,44.1948127746582,50
3173,188416,24.56574058532715,30
3174,188416,32.4434928894043,38
3175,188416,52.73623275756836,59
3176,188416,55.575294494628906,62
3177,188416,38.70173645019531,45
3178,188416,61.83749771118164,68
3179,188416,27.401994705200195,33
3180,188672,46.63719177246094,52
3181,188672,37.59183120727539,43
3182,188672,63.489532470703125,69
3183,188672,51.127197265625,57
3184,188928,49.540042877197266,56
3185,188928,41.64564514160156,48
3186,188928,44.05274963378906,50
3187,188928,89.3591079711914,95
3188,188928,43.930728912353516,50
3189,188928,50.17204666137695,56
3190,188928,18.085350036621094,23
3191,189184,78.19523620605469,84
3192,189184,53.7891731262207,60
3193,189184,103.33277130126953,109
3194,189184,81.34330749511719,87
3195,189184,106.34992218017578,112
3196,189184,49.77669143676758,56
3197,189184,60.202449798583984,66
3198,189184,37.372467041015625,43
3199,189184,28.865224838256836,35
3200,189440,41.91508102416992,48
3201,189440,51.213165283203125,57
3202,189696,23.699262619018555,29
3203,189696,75.41240692138672,81
3204,189696,84.30827331542969,90
3205,189952,48.33369445800781,54
3206,189952,48.22534942626953,55
3207,189952,46.12330627441406,52
3208,189952,107.7417984008789,114
3209,190208,48.752227783203125,55
3210,190208,39.35540771484375,45
3211,190208,44.62361145019531,51
3212,190464,66.82421112060547,73
3213,190464,66.02033233642578,72
3214,190464,81.3689956665039,87
3215,190464,43.56224822998047,49
3216,190464,33.81158447265625,40
3217,190464,104.4373779296875,110
3218,190464,71.25357818603516,77
3219,190720,39.53057861328125,45
3220,190720,82.97444152832031,89
3221,190720,44.38359832763672,51
3222,190720,27.772579193115234,33
3223,190976,79.02186584472656,85
3224,190976,39.73374938964844,46
3225,190976,94.5312728881836,100
3226,190976,31.32410430908203,37
3227,191232,41.145729064941406,47
3228,191232,32.07917785644531,38
3229,191488,74.38316345214844,80
3230,191488,70.80720520019531,77
3231,191488,84.13983917236328,90
3232,191744,71.94194030761719,78
3233,191744,31.662769317626953,37
3234,191744,57.6403923034668,63
3235,191744,55.363914489746094,61
3236,192000,47.418357849121094,54
3237,192000,74.0412826538086,80
3238,192256,23.71692657470703,29
3239,192256,31.380361557006836,37
3240,192512,66.11270141601562,72
3241,192512,35.3220329284668,41
3242,192512,36.186126708984375,42
3243,192512,50.212867736816406,56
3244,192512,51.996543884277344,58
3245,192768,55.169776916503906,61
3246,192768,34.06389236450195,40
3247,192768,26.567745208740234,32
3248,192768,36.71479415893555,42
3249,193024,22.45376968383789,28
3250,193024,63.02631378173828,69
3251,193024,72.72388458251953,78
3252,193280,26.74797821044922,32
3253,193280,36.211280822753906,42
3254,193280,40.375022888183594,46
3255,193280,113.23271942138672,119
3256,193280,46.32170867919922,53
3257,193536,29.277944564819336,35
3258,193536,40.94912338256836,47
3259,193792,36.0775032043457,42
3260,193792,39.30634689331055,45
3261,193792,51.290809631347656,57
3262,193792,61.11552810668945,67
3263,193792,36.73505783081055,43
3264,193792,48.96929168701172,55
3265,193792,48.64689636230469,54
3266,193792,58.79413604736328,65
3267,193792,51.74174880981445,58
3268,194048,63.2979736328125,69
3269,194304,37.23809814453125,43
3270,194304,70.98107147216797,76
3271,194304,31.265737533569336,37
3272,194560,70.91192626953125,77
3273,194816,43.43579864501953,49
3274,194816,27.188037872314453,33
3275,194816,30.4132137298584,36
3276,194816,28.52895736694336,34
3277,194816,41.4056282043457,48
3278,195072,32.258331298828125,38
3279,195072,52.407958984375,59
3280,195072,72.76068115234375,79
3281,195072,63.825191497802734,69
3282,195072,34.916690826416016,41
3283,195328,36.720054626464844,43
3284,195584,71.07418823242188,77
3285,195584,40.64907455444336,47
3286,195584,62.86751937866211,69
3287,195584,69.08702850341797,75
3288,195584,63.236026763916016,69
3289,195584,38.588462829589844,45
3290,195584,130.88839721679688,137
3291,195584,40.710575103759766,47
3292,195840,67.66653442382812,73
3293,195840,59.43845748901367,65
3294,195840,22.657058715820312,28
3295,195840,29.04920196533203,35
3296,196096,68.98664855957031,75
3297,196096,30.02961540222168,36
3298,196096,34.34580993652344,40
3299,196096,42.25861358642578,48
3300,196352,48.71696853637695,55
3301,196352,46.11606216430664,52
3302,196352,23.490253448486328,29
3303,196352,32.97298812866211,39
3304,196352,23.765111923217773,29
3305,196608,47.67267990112305,53
3306,196608,30.282428741455078,36
3307,196608,21.410602569580078,27
3308,196608,37.405609130859375,43
3309,196608,32.1092529296875,38
3310,196864,47.08601760864258,53
3311,196864,40.824317932128906,47
3312,196864,47.98223876953125,54
3313,196864,116.4141616821289,122
3314,196864,49.17079544067383,55
3315,197120,63.163055419921875,69
3316,197120,49.58453369140625,55
3317,197120,108.38060760498047,114
3318,197120,51.120635986328125,57
3319,197120,25.316017150878906,31
3320,197376,66.54228973388672,72
3321,197376,122.73015594482422,128
3322,197376,64.16508483886719,70
3323,197376,34.534793853759766,40
3324,197632,123.20533752441406,129
3325,197632,45.23709487915039,52
3326,197632,88.04132080078125,94
3327,197632,45.14424133300781,51
3328,197632,100.73445129394531,107
3329,197632,48.08719253540039,54
3330,197888,60.175838470458984,67
3331,197888,66.1898422241211,72
3332,197888,28.367897033691406,34
3333,198144,46.584014892578125,52
3334,198144,128.99978637695312,135
3335,198144,117.95581817626953,124
3336,198144,30.3264102935791,36
3337,198400,81.35536193847656,87
3338,198400,40.386756896972656,46
3339,198400,33.33418273925781,39
3340,198656,25.2532958984375,31
3341,198656,57.55406951904297,63
3342,198656,41.921104431152344,48
3343,198656,140.12277221679688,146
3344,198912,32.89656448364258,39
3345,198912,95.32793426513672,101
3346,198912,45.61039733886719,52
3347,199168,50.92109680175781,57
3348,199168,31.457704544067383,37
3349,199168,64.26646423339844,70
3350,199168,45.1648063659668,51
3351,199168,156.9365234375,163
3352,199168,108.64585876464844,114
3353,199424,49.28590774536133,55
3354,199424,34.587806701660156,40
3355,199424,73.5990982055664,79
3356,199424,41.59879684448242,47
3357,199424,47.897613525390625,54
3358,199424,26.31835174560547,32
3359,199424,93.40980529785156,99
3360,199680,85.81829071044922,92
3361,199680,34.15019607543945,40
3362,199680,57.764739990234375,63
3363,199680,54.174983978271484,60
3364,199936,31.31694221496582,37
3365,200192,45.9098014831543,52
3366,200192,58.62773895263672,65
3367,200448,117.281005859375,123
3368,200448,32.97138595581055,39
3369,200448,111.13787841796875,117
3370,200448,42.08833694458008,48
3371,200448,45.20226287841797,51
3372,200448,28.208383560180664,34
3373,200448,64.90147399902344,71
3374,200448,40.01652526855469,46
3375,200704,49.759437561035156,56
3376,200704,24.46097183227539,30
3377,200704,53.391841888427734,59
3378,200704,99.16903686523438,105
3379,200704,64.87171936035156,71
3380,200960,37.368431091308594,43
3381,200960,26.661535263061523,32
3382,201216,48.26659393310547,54
3383,201216,85.75961303710938,91
3384,201216,68.29952239990234,74
3385,201216,28.259424209594727,34
3386,201216,42.97378158569336,48
3387,201216,104.48008728027344,110
3388,201472,78.18973541259766,84
3389,201472,42.05006408691406,48
3390,201472,123.27584075927734,129
3391,201728,46.34345626831055,52
3392,201728,91.20231628417969,97
3393,201728,41.31367111206055,47
3394,201984,66.92306518554688,73
3395,201984,45.88346862792969,52
3396,201984,30.898361206054688,37
3397,201984,26.305418014526367,32
3398,202240,29.193214416503906,35
3399,202240,38.48189163208008,44
3400,202240,51.10029983520508,57
3401,202240,49.35191345214844,55
3402,202240,47.534637451171875,54
3403,202496,29.11892318725586,35
3404,202496,48.105567932128906,54
3405,202496,75.42012786865234,81
3406,202496,61.10641098022461,67
3407,202496,116.34069061279297,122
3408,202496,55.95186233520508,62
3409,202752,58.176536560058594,64
3410,202752,29.193735122680664,35
3411,203008,37.948123931884766,44
3412,203008,44.23536682128906,50
3413,203008,34.550724029541016,40
3414,203008,37.05967712402344,43
3415,203008,88.95919799804688,95
3416,203264,77.04017639160156,83
3417,203264,46.382205963134766,52
3418,203264,91.15406799316406,97
3419,203264,57.97601318359375,64
3420,203264,65.50418853759766,71
3421,203520,71.8866958618164,78
3422,203520,46.03907012939453,53
3423,203520,25.380964279174805,31
3424,203776,70.78041076660156,76
3425,203776,235.6678009033203,242
3426,203776,37.99452209472656,44
3427,204032,51.72379684448242,58
3428,204032,35.316650390625,41
3429,204032,42.00732421875,48
3430,204032,59.915321350097656,66
3431,204032,61.274444580078125,67
3432,204288,53.24638366699219,59
3433,204288,48.7370719909668,55
3434,204288,190.21182250976562,196
3435,204544,33.89456558227539,40
3436,204544,48.732147216796875,55
3437,204544,48.4346923828125,54
3438,204544,44.67693328857422,51
3439,204544,71.84431457519531,78
3440,204544,63.072669982910156,69
3441,204800,30.320680618286133,36
3442,204800,37.15174102783203,43
3443,204800,42.180328369140625,48
3444,204800,30.333534240722656,36
3445,205056,43.88302230834961,50
3446,205056,69.82135009765625,76
3447,205056,51.823429107666016,58
3448,205056,44.214683532714844,50
3449,205312,60.64582061767578,66
3450,205312,43.11653137207031,49
3451,205312,80.58992767333984,86
3452,205312,31.877962112426758,38
3453,205312,78.03767395019531,84
3454,205568,159.16163635253906,165
3455,205568,29.223108291625977,35
3456,205824,48.65285110473633,55
3457,205824,44.347137451171875,50
3458,205824,36.369632720947266,42
3459,205824,86.3372802734375,92
3460,206080,34.79814529418945,41
3461,206080,94.10417175292969,100
3462,206080,30.970439910888672,37
3463,206080,78.33939361572266,84
3464,206080,54.873924255371094,61
3465,206336,34.47419357299805,40
3466,206336,61.89109802246094,68
3467,206336,38.199466705322266,44
3468,206336,88.11029052734375,94
3469,206592,72.9698486328125,79
3470,206592,153.73683166503906,160
3471,206592,30.702722549438477,37
3472,206592,53.490753173828125,59
3473,206592,31.70899200439453,38
3474,206592,115.85179138183594,122
3475,206848,71.8267822265625,78
3476,206848,55.72247314453125,62
3477,207104,37.3642463684082,43
3478,207104,47.85752868652344,54
3479,207104,88.64285278320312,94
3480,207360,36.27873229980469,42
3481,207360,64.66767120361328,71
3482,207360,37.245296478271484,44
3483,207616,37.880332946777344,44
3484,207616,44.065528869628906,50
3485,207872,66.96018981933594,73
3486,207872,49.1218376159668,55
3487,208128,40.031707763671875,46
3488,208128,138.0006866455078,144
3489,208128,61.34839630126953,67
3490,208128,38.13749694824219,44
3491,208128,39.85022735595703,46
3492,208128,61.07619857788086,67
3493,208384,75.57280731201172,81
3494,208384,88.07843017578125,94
3495,208384,64.0990982055664,70
3496,208384,32.24234390258789,38
3497,208384,37.27368927001953,43
3498,208640,49.5656623840332,56
3499,208640,30.01572036743164,36
3500,208640,30.53304672241211,36
3501,208640,64.10896301269531,70
3502,208896,27.25404930114746,33
3503,208896,48.880619049072266,55
3504,208896,37.336055755615234,43
3505,209152,52.133975982666016,58
3506,209152,50.26527786254883,56
3507,209152,21.501007080078125,27
3508,209408,41.987735748291016,48
3509,209408,47.98567199707031,54
3510,209408,36.2452392578125,42
3511,209408,89.8781967163086,96
3512,209408,40.565040588378906,47
3513,209664,28.970090866088867,35
3514,209664,50.31073760986328,56
3515,210176,37.06717300415039,43
3516,210176,94.14703369140625,100
3517,210432,38.31668472290039,44
3518,210432,132.1748046875,138
3519,210688,46.67686080932617,53
3520,210688,39.51042556762695,45
3521,210688,52.05546569824219,58
3522,210944,122.9878158569336,129
3523,210944,31.060108184814453,37
3524,210944,82.20084381103516,88
3525,210944,38.74359130859375,45
3526,210944,61.21006393432617,67
3527,211200,32.97935485839844,39
3528,211200,43.23363494873047,49
3529,211200,76.75294494628906,83
3530,211456,64.9565658569336,71
3531,211456,54.9749755859375,61
3532,211456,62.88615036010742,69
3533,211456,27.3157901763916,33
3534,211456,81.9818115234375,88
3535,211712,45.84907531738281,52
3536,211712,85.24911499023438,91
3537,211968,50.80934524536133,56
3538,211968,38.180965423583984,44
3539,212224,58.35116195678711,64
3540,212224,48.63669967651367,55
3541,212224,42.232601165771484,49
3542,212480,26.48335838317871,32
3543,212480,36.00804138183594,42
3544,212480,51.94621658325195,58
3545,212480,55.113548278808594,61
3546,212480,34.673133850097656,41
3547,212480,37.22005844116211,44
3548,212736,156.1011199951172,162
3549,212736,149.88746643066406,156
3550,212736,28.08249282836914,34
3551,212736,18.774002075195312,24
3552,212992,35.75733947753906,42
3553,212992,40.080970764160156,46
3554,212992,34.554237365722656,41
3555,212992,42.05274963378906,48
3556,212992,115.99143981933594,122
3557,213248,30.511123657226562,36
3558,213248,25.256032943725586,31
3559,213248,65.22904968261719,71
3560,213248,44.52839279174805,50
3561,213248,151.14105224609375,157
3562,213248,55.98155212402344,62
3563,213248,27.29715919494629,33
3564,213248,26.243858337402344,32
3565,213504,60.19292068481445,66
3566,213504,55.99774169921875,62
3567,213504,58.032188415527344,64
3568,213760,68.575927734375,74
3569,213760,95.34305572509766,101
3570,213760,24.375900268554688,30
3571,214016,26.53493309020996,32
3572,214016,26.174983978271484,32
3573,214016,73.3927001953125,79
3574,214016,36.38856887817383,42
3575,214016,37.133636474609375,44
3576,214272,77.34138488769531,83
3577,214272,25.548358917236328,31
3578,214272,61.81523132324219,68
3579,214272,102.60873413085938,108
3580,214528,53.01326370239258,59
3581,214528,39.23377227783203,45
3582,214528,36.931861877441406,43
3583,214784,65.53595733642578,71
3584,214784,56.044700622558594,62
3585,214784,71.51569366455078,78
3586,214784,25.270627975463867,31
3587,214784,70.46504974365234,77
3588,215040,166.514892578125,173
3589,215040,55.82987976074219,62
3590,215040,58.75238037109375,65
3591,215040,61.4730339050293,68
3592,215296,44.05564880371094,50
3593,215296,53.31282424926758,59
3594,215296,95.3392105102539,101
3595,215552,57.443870544433594,64
3596,215552,29.42595672607422,35
3597,215552,41.222068786621094,47
3598,215552,60.499874114990234,66
3599,215552,45.38706970214844,52
3600,215552,57.741310119628906,64
3601,215552,126.33069610595703,132
3602,215808,72.70760345458984,79
3603,216064,64.2371597290039,70
3604,216064,59.270240783691406,65
3605,216320,42.871639251708984,49
3606,216320,41.755859375,48
3607,216320,58.89010238647461,65
3608,216320,31.028308868408203,37
3609,216320,39.82997512817383,46
3610,216576,27.01375389099121,33
3611,216576,59.02402877807617,65
3612,216576,101.17091369628906,107
3613,216832,89.3564682006836,95
3614,216832,117.92671203613281,124
3615,216832,60.93614959716797,67
3616,217088,40.35334777832031,46
3617,217088,39.237667083740234,45
3618,217088,59.351741790771484,65
3619,217088,48.606201171875,55
3620,217344,148.32875061035156,154
3621,217344,58.90874481201172,65
3622,217344,52.42839050292969,58
3623,217344,29.16531753540039,35
3624,217344,33.06047058105469,39
3625,217344,108.90272521972656,115
3626,217600,57.618919372558594,64
3627,217600,33.78593826293945,40
3628,217600,55.337581634521484,62
3629,217600,87.16744232177734,93
3630,217600,42.114952087402344,48
3631,217600,45.28458023071289,51
3632,217856,74.86093139648438,81
3633,217856,55.674556732177734,62
3634,217856,52.047035217285156,58
3635,217856,109.02204895019531,115
3636,218112,32.033565521240234,38
3637,218112,49.54136276245117,55
3638,218112,44.55048370361328,51
3639,218368,57.87228775024414,64
3640,218368,33.865177154541016,40
3641,218368,29.45337677001953,35
3642,218368,32.357215881347656,38
3643,218624,125.18474578857422,131
3644,218624,92.95785522460938,99
3645,218624,68.24105072021484,74
3646,218624,34.82936096191406,41
3647,218880,77.5910415649414,84
3648,218880,92.28233337402344,98
3649,218880,66.90608978271484,73
3650,219136,59.62507247924805,65
3651,219136,55.646339416503906,62
3652,219136,57.71155548095703,64
3653,219392,44.07191848754883,50
3654,219392,84.61089324951172,90
3655,219392,135.38812255859375,141
3656,219392,25.35369300842285,31
3657,219648,91.95953369140625,98
3658,219648,37.666831970214844,44
3659,219904,31.894826889038086,38
3660,219904,46.39849853515625,53
3661,219904,98.27800750732422,104
3662,220160,66.00797271728516,72
3663,220160,39.269378662109375,45
3664,220160,49.176612854003906,55
3665,220416,102.61690521240234,108
3666,220416,59.74946975708008,66
3667,220416,69.47525024414062,76
3668,220416,71.2580337524414,77
3669,220416,56.1759147644043,63
3670,220416,30.791385650634766,37
3671,220416,45.862300872802734,52
3672,220672,41.52718734741211,48
3673,220672,73.55001831054688,79
3674,220928,24.04172134399414,30
3675,220928,77.83114624023438,84
3676,220928,73.76021575927734,80
3677,220928,46.43840026855469,53
3678,220928,68.41197204589844,74
3679,221184,135.10708618164062,141
3680,221184,38.92972946166992,45
3681,221184,84.17208862304688,90
3682,221184,90.9876480102539,97
3683,221184,71.93488311767578,78
3684,221184,64.55714416503906,70
3685,221184,62.29476547241211,68
3686,221440,84.15121459960938,90
3687,221440,59.221099853515625,65
3688,221440,22.582551956176758,28
3689,221440,67.65802001953125,74
3690,221440,55.1038932800293,61
3691,221440,33.960323333740234,40
3692,221696,135.65040588378906,142
3693,221952,28.483551025390625,34
3694,221952,71.04078674316406,77
3695,222208,61.7374382019043,68
3696,222208,53.22966766357422,59
3697,222208,63.706199645996094,70
3698,222208,27.493778228759766,33
3699,222208,39.00785827636719,45
3700,222464,77.25562286376953,83
3701,222464,51.757530212402344,58
3702,222464,57.75214385986328,64
3703,222720,51.104698181152344,57
3704,222720,24.524702072143555,30
3705,222720,59.205936431884766,65
3706,222720,30.077096939086914,36
3707,222720,81.36347198486328,87
3708,222720,25.2729549407959,31
3709,222720,31.782291412353516,38
3710,222720,47.17585754394531,53
3711,222976,35.266754150390625,41
3712,222976,35.815223693847656,42
3713,222976,45.363746643066406,52
3714,223232,28.105331420898438,34
3715,223488,55.4976806640625,61
3716,223488,68.02349090576172,74
3717,223488,63.556724548339844,69
3718,223488,117.15258026123047,123
3719,223744,43.74592208862305,50
3720,223744,44.50550842285156,50
3721,223744,31.145734786987305,37
3722,223744,56.717254638671875,63
3723,224000,95.20890045166016,101
3724,224000,74.76447296142578,81
3725,224000,41.417747497558594,47
3726,224000,57.6253547668457,63
3727,224000,125.72099304199219,131
3728,224000,50.86993408203125,57
3729,224256,38.618492126464844,44
3730,224256,54.160606384277344,60
3731,224256,69.00732421875,75
3732,224512,174.0493927001953,181
3733,224512,83.67798614501953,90
3734,224512,27.366500854492188,33
3735,224512,53.407928466796875,59
3736,224512,126.86699676513672,133
3737,224512,48.400943756103516,54
3738,224512,63.491973876953125,70
3739,224512,35.23216247558594,41
3740,224512,71.34503936767578,77
3741,224768,107.16050720214844,113
3742,224768,89.06318664550781,95
3743,224768,85.02642059326172,91
3744,224768,31.119638442993164,37
3745,225024,100.00174713134766,106
3746,225024,24.55035972595215,30
3747,225024,50.73255157470703,57
3748,225280,68.93795776367188,75
3749,225280,129.05490112304688,135
3750,225280,53.50794982910156,59
3751,225280,50.287391662597656,56
3752,225536,42.37856674194336,48
3753,225792,38.434017181396484,44
3754,225792,32.40933609008789,38
3755,225792,112.72311401367188,118
3756,226048,129.64920043945312,136
3757,226048,115.24993896484375,121
3758,226304,60.23961639404297,66
3759,226560,30.141117095947266,36
3760,226560,70.14561462402344,76
3761,226816,43.3162841796875,49
3762,226816,37.53578186035156,44
3763,226816,42.45804214477539,48
3764,226816,35.010746002197266,41
3765,226816,47.34226608276367,54
3766,226816,89.08918762207031,95
3767,226816,73.29646301269531,79
3768,226816,54.873294830322266,61
3769,226816,46.35771560668945,52
3770,226816,32.10743713378906,38
3771,227072,51.24124526977539,57
3772,227072,68.10739135742188,74
3773,227328,50.2199821472168,56
3774,227328,30.917469024658203,37
3775,227584,60.74988555908203,67
3776,227584,52.19233703613281,58
3777,227584,36.38422393798828,42
3778,227584,24.573705673217773,30
3779,227840,29.91620635986328,36
3780,227840,31.93416976928711,38
3781,227840,54.19472885131836,61
3782,227840,157.40235900878906,164
3783,228096,25.268470764160156,31
3784,228096,43.929744720458984,49
3785,228096,38.892738342285156,45
3786,228096,34.442256927490234,41
3787,228352,36.634090423583984,43
3788,228352,36.85083770751953,43
3789,228352,52.660614013671875,59
3790,228608,104.06856536865234,110
3791,228608,53.34809875488281,60
3792,228608,46.553436279296875,52
3793,228608,56.20022964477539,63
3794,228864,62.183040618896484,68
3795,228864,38.67838668823242,45
3796,228864,65.26138305664062,71
3797,228864,54.03118896484375,60
3798,229120,52.739105224609375,59
3799,229120,43.13566207885742,49
3800,229120,31.933185577392578,38
3801,229120,56.13153839111328,62
3802,229120,47.18075942993164,53
3803,229376,44.965980529785156,51
3804,229376,40.277801513671875,46
3805,229376,58.320777893066406,64
3806,229632,26.2154541015625,32
3807,229632,100.38549041748047,107
3808,229888,134.25904846191406,140
3809,229888,57.26301574707031,63
3810,229888,29.679645538330078,35
3811,229888,55.54874801635742,62
3812,229888,123.4142074584961,129
3813,229888,59.27003860473633,65
3814,229888,32.5951042175293,38
3815,229888,36.86890411376953,43
3816,229888,39.518402099609375,45
3817,229888,126.25863647460938,132
3818,229888,114.90458679199219,121
3819,230144,33.062416076660156,39
3820,230144,35.98076629638672,42
3821,230144,43.4869384765625,49
3822,230400,38.40279769897461,45
3823,230400,29.467803955078125,36
3824,230400,45.10306930541992,51
3825,230400,29.04558563232422,35
3826,230656,34.29022216796875,40
3827,230656,47.13371276855469,53
3828,230656,122.93201446533203,129
3829,230656,60.443580627441406,66
3830,230656,98.98335266113281,105
3831,230912,34.99093246459961,41
3832,230912,59.334075927734375,65
3833,230912,55.89052200317383,62
3834,230912,48.32756423950195,54
3835,231168,39.88669204711914,47
3836,231168,57.92756652832031,64
3837,231424,33.4796142578125,39
3838,231680,39.89448928833008,46
3839,231680,91.61992645263672,98
3840,231680,69.17046356201172,75
3841,231680,192.0284423828125,198
3842,231680,70.30522918701172,77
3843,231680,32.34684371948242,38
3844,231680,102.23297882080078,108
3845,231680,52.184329986572266,58
3846,231936,85.1536636352539,91
3847,231936,57.0993537902832,63
3848,231936,46.460487365722656,53
3849,231936,57.85161590576172,64
3850,232192,37.01459503173828,43
3851,232192,34.60874938964844,41
3852,232192,42.01144027709961,48
3853,232192,129.33297729492188,135
3854,232192,106.99022674560547,113
3855,232192,30.128297805786133,36
3856,232192,100.37001037597656,106
3857,232448,96.77437591552734,102
3858,232448,51.77326965332031,58
3859,232448,153.864990234375,160
3860,232448,54.46611022949219,61
3861,232448,25.97975730895996,31
3862,232704,50.48855209350586,57
3863,232704,39.926109313964844,46
3864,232704,26.201168060302734,32
3865,232704,61.67074966430664,68
3866,232704,22.532459259033203,28
3867,232960,39.53816223144531,46
3868,232960,50.38874435424805,56
3869,232960,87.16602325439453,93
3870,232960,27.265226364135742,33
3871,232960,98.17145538330078,104
3872,232960,52.65670394897461,59
3873,233216,119.82830810546875,126
3874,233216,68.39917755126953,75
3875,233216,78.23231506347656,84
3876,233472,30.79570770263672,37
3877,233472,102.50897979736328,109
3878,233472,52.72708511352539,59
3879,233472,32.5662956237793,38
3880,233728,82.19853973388672,88
3881,233728,107.81798553466797,114
3882,233728,76.02363586425781,82
3883,233728,48.16868591308594,55
3884,233728,33.89589309692383,40
3885,233984,66.35924530029297,72
3886,233984,82.03268432617188,88
3887,233984,57.111297607421875,63
3888,233984,29.01815414428711,35
3889,233984,115.02632141113281,121
3890,233984,77.66204071044922,84
3891,233984,182.12525939941406,188
3892,233984,37.02170944213867,43
3893,234240,45.03578186035156,51
3894,234496,108.15088653564453,114
3895,234496,56.599300384521484,63
3896,234496,39.946319580078125,46
3897,234752,35.22834396362305,41
3898,234752,49.108482360839844,55
3899,234752,46.30552673339844,52
3900,235008,58.42237091064453,64
3901,235008,24.69629669189453,30
3902,235008,43.26871871948242,50
3903,235264,64.88373565673828,71
3904,235264,57.1521110534668,63
3905,235520,50.28010559082031,56
3906,235520,101.01094055175781,107
3907,235520,24.352489471435547,30
3908,235520,30.21795654296875,36
3909,235776,57.423377990722656,64
3910,235776,45.47478485107422,51
3911,235776,35.49727249145508,41
3912,235776,75.16927337646484,81
3913,236032,100.87931823730469,107
3914,236032,39.16114044189453,45
3915,236032,39.28397750854492,45
3916,236032,45.66313171386719,52
3917,236032,39.85892105102539,46
3918,236032,28.647192001342773,34
3919,236288,53.90346145629883,60
3920,236288,144.0255584716797,150
3921,236288,39.85066223144531,46
3922,236800,105.56443786621094,111
3923,236800,32.87554931640625,39
3924,236800,28.440311431884766,34
3925,237056,38.100276947021484,44
3926,237312,30.75893211364746,37
3927,237312,103.51270294189453,109
3928,237312,26.242563247680664,32
3929,237312,85.32975769042969,91
3930,237312,50.708961486816406,57
3931,237568,44.026798248291016,50
3932,237568,89.02880859375,95
3933,237568,52.4310302734375,59
3934,237568,52.34920120239258,58
3935,237824,146.31491088867188,152
3936,238080,39.29041290283203,45
3937,238336,73.22651672363281,79
3938,238336,28.238876342773438,34
3939,238336,38.646751403808594,45
3940,238336,70.76435852050781,77
3941,238592,110.51338195800781,116
3942,238592,47.638179779052734,54
3943,238592,36.7121467590332,43
3944,238592,30.714807510375977,36
3945,238592,65.30060577392578,71
3946,238592,81.06226348876953,87
3947,238592,39.34703063964844,46
3948,238848,29.02685546875,35
3949,238848,50.01919937133789,56
3950,238848,32.339176177978516,38
3951,238848,47.13162612915039,53
3952,238848,33.85577392578125,40
3953,239104,65.7701416015625,72
3954,239104,42.49182891845703,48
3955,239104,78.4144515991211,84
3956,239104,59.17982482910156,66
3957,239104,48.59501647949219,55
3958,239360,67.933349609375,74
3959,239360,45.433753967285156,52
3960,239616,28.3411865234375,34
3961,239616,113.85212707519531,120
3962,240128,32.9014778137207,39
3963,240384,58.036399841308594,64
3964,240384,71.55641174316406,78
3965,240384,39.32691192626953,45
3966,240384,42.851234436035156,49
3967,240384,64.70829010009766,70
3968,240384,46.747962951660156,53
3969,240384,59.83855438232422,66
3970,240640,35.95563507080078,42
3971,240640,63.92625045776367,70
3972,240640,31.945859909057617,38
3973,240640,68.4961929321289,75
3974,240640,70.95254516601562,77
3975,240896,36.74729537963867,43
3976,240896,80.22676849365234,86
3977,240896,104.25677490234375,110
3978,240896,48.51099395751953,55
3979,240896,61.16897201538086,67
3980,241152,108.41807556152344,115
3981,241152,67.71416473388672,74
3982,241152,73.09968566894531,79
3983,241152,29.188915252685547,35
3984,241152,85.72999572753906,92
3985,241408,56.87785720825195,63
3986,241408,63.084659576416016,69
3987,241408,327.8628234863281,334
3988,241408,28.800886154174805,35
3989,241408,44.48272705078125,51
3990,241408,36.841243743896484,43
3991,241408,68.1633529663086,74
3992,241664,55.861083984375,62
3993,241664,39.178138732910156,45
3994,241664,93.24353790283203,99
3995,241664,26.594711303710938,32
3996,241920,33.11943435668945,39
3997,241920,64.6596908569336,71
3998,241920,35.76686096191406,42
3999,241920,61.926090240478516,68
4000,242176,66.54512023925781,73
4001,242176,63.8577880859375,70
4002,242176,32.9317512512207,39
4003,242176,75.72303009033203,82
4004,242176,44.13646697998047,50
4005,242176,100.41307067871094,106
4006,242432,162.51141357421875,168
4007,242432,31.197834014892578,37
4008,242432,124.0361328125,130
4009,242432,48.3836669921875,55
4010,242688,74.36670684814453,80
4011,242688,85.88075256347656,92
4012,242688,46.39530563354492,53
4013,242688,36.56033706665039,43
4014,242688,35.082984924316406,41
4015,242688,28.901132583618164,35
4016,242944,70.3406753540039,76
4017,242944,54.12657165527344,60
4018,242944,45.94843673706055,52
4019,242944,37.22982406616211,43
4020,242944,53.43681716918945,59
4021,242944,33.539894104003906,40
4022,243200,62.42842483520508,68
4023,243200,27.508459091186523,33
4024,243456,81.34580993652344,87
4025,243456,52.122154235839844,58
4026,243456,93.96498107910156,100
4027,243712,47.46293640136719,54
4028,243712,44.363651275634766,50
4029,243968,48.03009796142578,55
4030,244224,45.30058670043945,52
4031,244224,72.3790054321289,79
4032,244224,80.72725677490234,87
4033,244224,26.282447814941406,32
4034,244480,43.22293472290039,49
4035,244480,35.31909942626953,41
4036,244480,61.86786651611328,68
4037,244480,80.14102172851562,87
4038,244480,38.979984283447266,45
4039,244736,63.300025939941406,70
4040,244736,41.12367630004883,48
4041,244736,41.74925231933594,48
4042,244736,44.54536437988281,51
4043,244736,49.0286865234375,56
4044,244736,151.00625610351562,157
4045,244992,33.026798248291016,39
4046,244992,39.897422790527344,46
4047,244992,40.7633171081543,47
4048,244992,56.21079635620117,63
4049,245248,37.386260986328125,44
4050,245248,53.785194396972656,60
4051,245248,65.07740020751953,71
4052,245504,46.55685806274414,53
4053,245504,76.22441864013672,82
4054,245504,34.24968719482422,40
4055,245760,127.81109619140625,134
4056,245760,123.30641174316406,129
4057,245760,115.00596618652344,121
4058,245760,75.47291564941406,81
4059,245760,45.9052848815918,52
4060,246016,153.49098205566406,159
4061,246016,80.15494537353516,86
4062,246016,156.322998046875,162
4063,246272,48.30316925048828,55
4064,246272,72.68437194824219,79
4065,246528,56.42094421386719,62
4066,246528,63.045772552490234,69
4067,246528,81.53265380859375,88
4068,246528,29.352327346801758,35
4069,246784,40.12180709838867,46
4070,246784,43.971492767333984,50
4071,247040,57.774112701416016,64
4072,247040,48.4532470703125,55
4073,247040,73.42738342285156,79
4074,247296,62.24355697631836,68
4075,247296,56.59941864013672,63
4076,247296,90.0359115600586,96
4077,247296,21.48504066467285,27
4078,247552,67.35337829589844,73
4079,247808,87.13371276855469,93
4080,248064,68.538330078125,74
4081,248064,34.85786437988281,41
4082,248064,35.2304801940918,41
4083,248064,75.9705810546875,83
4084,248064,40.56481170654297,47
4085,248064,52.04109573364258,59
4086,248320,62.536956787109375,69
4087,248320,86.367431640625,92
4088,248320,66.12600708007812,72
4089,248576,136.48207092285156,142
4090,248576,72.29428100585938,78
4091,248576,69.95625305175781,76
4092,248576,40.144691467285156,46
4093,248576,58.60734558105469,64
4094,248576,76.30386352539062,82
4095,248832,126.85008239746094,133
4096,248832,33.77983856201172,40
4097,248832,53.966888427734375,61
4098,248832,45.67580795288086,52
4099,249088,59.633358001708984,66
4100,249088,69.48947143554688,75
4101,249088,62.34590148925781,68
4102,249088,81.71060180664062,88
4103,249344,25.266904830932617,31
4104,249344,29.217683792114258,35
4105,249344,57.06521987915039,63
4106,249344,62.5028190612793,69
4107,249344,36.746986389160156,43
4108,249344,49.784568786621094,56
4109,249344,79.10684967041016,85
4110,249344,44.794151306152344,51
4111,249344,35.03549575805664,41
4112,249600,47.92472457885742,54
4113,249600,27.290786743164062,33
4114,249600,26.575061798095703,32
4115,249600,69.62744903564453,75
4116,249600,52.83613967895508,59
4117,249856,65.54361724853516,71
4118,249856,36.132118225097656,42
4119,249856,38.75712585449219,45
4120,249856,50.831748962402344,57
4121,250112,80.40194702148438,86
4122,250112,61.179927825927734,68
4123,250368,50.469600677490234,57
4124,250368,44.63160705566406,51
4125,250368,73.84136199951172,80
4126,250368,25.943023681640625,32
4127,250368,36.11775588989258,42
4128,250368,142.49551391601562,148
4129,250368,43.03955078125,49
4130,250624,27.088117599487305,33
4131,250624,58.54921340942383,65
4132,250624,102.82369232177734,109
4133,250624,82.09672546386719,88
4134,250624,32.29088592529297,38
4135,250880,116.30323791503906,122
4136,250880,74.386962890625,80
4137,251136,151.34335327148438,157
4138,251136,45.35014724731445,51
4139,251136,30.98366355895996,37
4140,251136,113.43775177001953,120
4141,251136,53.29281234741211,59
4142,251392,41.62789535522461,48
4143,251392,90.50666809082031,96
4144,251392,33.729515075683594,40
4145,251392,59.51015853881836,65
4146,251648,63.45728302001953,69
4147,251648,62.86237335205078,69
4148,251648,50.64225387573242,56
4149,251648,37.222225189208984,43
4150,251904,45.60641860961914,52
4151,251904,66.64961242675781,72
4152,251904,54.71491622924805,61
4153,252160,86.55046081542969,92
4154,252416,55.420166015625,61
4155,252416,48.84795379638672,55
4156,252416,47.824623107910156,54
4157,252416,71.56121826171875,78
4158,252416,37.714759826660156,44
4159,252672,23.48834800720215,29
4160,252672,24.551803588867188,30
4161,252672,26.294559478759766,32
4162,252672,68.47523498535156,74
4163,252928,83.10421752929688,90
4164,252928,35.44989013671875,42
4165,252928,139.75015258789062,146
4166,252928,36.25356674194336,42
4167,253184,43.3333854675293,49
4168,253184,62.9955940246582,69
4169,253184,35.763092041015625,42
4170,253440,74.11377716064453,81
4171,253440,92.8896255493164,99
4172,253440,40.465755462646484,46
4173,253440,25.327037811279297,31
4174,253696,139.3113250732422,145
4175,253952,65.99893951416016,72
4176,253952,47.055877685546875,53
4177,253952,37.63800811767578,44
4178,254208,54.37285614013672,60
4179,254464,66.30740356445312,72
4180,254464,88.93203735351562,95
4181,254464,32.87858963012695,39
4182,254464,148.59718322753906,155
4183,254464,44.693424224853516,51
4184,254464,62.551910400390625,68
4185,254464,36.712364196777344,43
4186,254464,72.28057861328125,78
4187,254720,49.084983825683594,55
4188,254720,47.4381103515625,54
4189,254720,117.80462646484375,124
4190,254976,51.03094482421875,57
4191,255232,38.01322555541992,44
4192,255232,83.8302993774414,90
4193,255232,78.87469482421875,85
4194,255232,58.791866302490234,65
4195,255232,79.05741882324219,85
4196,255488,32.06330490112305,38
4197,255488,55.92937088012695,62
4198,255488,35.65216827392578,42
4199,255744,77.08892822265625,83
4200,255744,59.70743942260742,66
4201,255744,37.28194808959961,44
4202,256000,45.58523178100586,52
4203,256000,45.61835479736328,51
4204,256000,43.1806755065918,49
4205,256000,76.90381622314453,83
4206,256256,35.01161193847656,41
4207,256256,29.24587631225586,35
4208,256256,44.29575729370117,51
4209,256256,116.63346099853516,123
4210,256256,47.228485107421875,53
4211,256512,57.10340118408203,63
4212,256768,40.38933563232422,47
4213,256768,36.876033782958984,43
4214,256768,51.8068733215332,59
4215,256768,49.194454193115234,55
4216,257024,71.65031433105469,77
4217,257024,63.84973907470703,70
4218,257280,71.90577697753906,78
4219,257280,43.63434600830078,50
4220,257280,49.63983154296875,56
4221,257536,45.42479705810547,52
4222,257536,95.54759979248047,101
4223,257536,42.94731140136719,49
4224,257792,31.886383056640625,38
4225,257792,46.821388244628906,53
4226,257792,174.9435577392578,181
4227,257792,49.998130798339844,56
4228,257792,38.59589767456055,45
4229,257792,32.68068313598633,38
4230,257792,96.1042251586914,102
4231,257792,55.94029235839844,62
4232,257792,56.00157928466797,63
4233,258048,69.1208724975586,75
4234,258048,31.23426055908203,37
4235,258048,88.83060455322266,95
4236,258304,31.453868865966797,37
4237,258304,28.94793128967285,35
4238,258304,38.64872741699219,44
4239,258304,98.89375305175781,105
4240,258304,36.89790344238281,43
4241,258304,67.97212219238281,74
4242,258560,72.051025390625,78
4243,258560,56.94473648071289,63
4244,258560,62.769287109375,69
4245,258560,139.03823852539062,145
4246,258560,55.2812614440918,61
4247,258816,62.658485412597656,68
4248,258816,48.00715255737305,54
4249,258816,41.976470947265625,48
4250,258816,56.52163314819336,63
4251,258816,90.87916564941406,97
4252,258816,31.00627899169922,37
4253,258816,71.28775024414062,77
4254,258816,59.91523742675781,66
4255,259072,37.52471923828125,43
4256,259072,65.14664459228516,71
4257,259328,97.88935852050781,104
4258,259328,114.63021087646484,121
4259,259328,50.104854583740234,57
4260,259328,51.95130157470703,58
4261,259584,102.55452728271484,109
4262,259584,36.759151458740234,43
4263,259584,162.52545166015625,169
4264,259584,31.84331512451172,38
4265,259840,147.9065399169922,154
4266,259840,66.82667541503906,73
4267,259840,82.42738342285156,88
4268,260352,68.52308654785156,74
4269,260608,71.9878921508789,78
4270,260608,38.02781677246094,44
4271,260608,115.6958236694336,122
4272,260608,29.475173950195312,35
4273,260864,64.00834655761719,70
4274,260864,42.42599868774414,49
4275,260864,64.09013366699219,70
4276,260864,42.98432159423828,50
4277,260864,91.52071380615234,97
4278,260864,72.11447143554688,79
4279,261120,35.17851257324219,41
4280,261120,53.69676208496094,60
4281,261120,68.01739501953125,74
4282,261120,42.9744987487793,49
4283,261120,49.984962463378906,56
4284,261120,85.47386932373047,92
4285,261120,91.14164733886719,97
4286,261120,34.88570785522461,41
4287,261376,100.7530746459961,107
4288,261376,60.92533874511719,67
4289,261376,92.62846374511719,99
4290,261376,113.67034149169922,120
4291,261376,21.701587677001953,27
4292,261376,45.30510330200195,52
4293,261632,34.463584899902344,41
4294,261632,77.85250854492188,84
4295,261632,58.02242660522461,64
4296,261632,58.63996124267578,65
4297,261632,50.50503158569336,57
4298,261888,46.4737548828125,53
4299,261888,55.494049072265625,62
4300,261888,45.75566101074219,52
4301,261888,144.70603942871094,151
4302,261888,42.52798080444336,49
4303,262144,74.90123748779297,81
4304,262144,36.987579345703125,43
4305,262144,45.61533737182617,51
4306,262400,97.85586547851562,104
4307,262400,43.6083869934082,50
4308,262400,77.98530578613281,84
4309,262656,71.46455383300781,78
4310,262656,107.00704193115234,113
4311,262912,163.86947631835938,170
4312,262912,47.28955078125,54
4313,262912,55.438785552978516,62
4314,262912,140.7657470703125,147
4315,263168,73.34117126464844,79
4316,263424,32.5203742980957,38
4317,263424,83.80531311035156,90
4318,263424,59.82121276855469,66
4319,263424,40.58960723876953,47
4320,263680,38.5904426574707,45
4321,263680,36.239013671875,42
4322,263680,52.06965255737305,58
4323,263680,91.83308410644531,98
4324,263936,75.11608123779297,81
4325,263936,43.63103485107422,50
4326,263936,31.388545989990234,37
4327,264192,106.0332260131836,112
4328,264192,30.664302825927734,36
4329,264448,26.461835861206055,32
4330,264448,30.118629455566406,36
4331,264448,48.342063903808594,55
4332,264448,56.10810470581055,62
4333,264448,52.55721664428711,59
4334,264704,38.220191955566406,44
4335,264704,53.7521858215332,60
4336,264704,40.56014633178711,47
4337,264960,40.40699768066406,47
4338,264960,32.36607360839844,38
4339,265216,27.26410484313965,33
4340,265216,98.08419799804688,104
4341,265216,29.15752601623535,35
4342,265472,62.796600341796875,69
4343,265472,44.65524673461914,51
4344,265472,48.412696838378906,54
4345,265472,54.903526306152344,62
4346,265984,58.29800033569336,64
4347,265984,49.0103645324707,55
4348,266240,25.398374557495117,31
4349,266240,38.858524322509766,45
4350,266240,34.565311431884766,40
4351,266240,86.618896484375,93
4352,266240,39.82001495361328,46
4353,266240,59.46860122680664,66
4354,266496,88.16449737548828,94
4355,266752,72.25515747070312,79
4356,266752,42.108577728271484,48
4357,266752,93.27804565429688,99
4358,266752,42.79875946044922,49
4359,267008,42.48234939575195,49
4360,267008,55.03036117553711,61
4361,267008,62.24906921386719,68
4362,267008,33.21105194091797,39
4363,267008,62.345985412597656,68
4364,267264,39.605438232421875,46
4365,267264,92.80828094482422,99
4366,267264,35.13353729248047,41
4367,267520,60.100502014160156,67
4368,267520,72.22933197021484,78
4369,267520,61.65046691894531,68
4370,267520,28.118249893188477,34
4371,267520,59.92485046386719,66
4372,267776,53.68764877319336,60
4373,267776,61.0451545715332,67
4374,267776,42.80662536621094,49
4375,267776,62.67927932739258,69
4376,268032,59.23073959350586,65
4377,268032,51.739078521728516,57
4378,268032,95.61287689208984,102
4379,268032,94.9661865234375,101
4380,268288,78.89988708496094,85
4381,268544,44.848819732666016,52
4382,268544,36.49885940551758,42
4383,268544,35.68781280517578,42
4384,268544,43.28814697265625,50
4385,268800,108.92766571044922,115
4386,268800,33.37526321411133,39
4387,268800,39.90386199951172,46
4388,268800,83.2103042602539,89
4389,269056,58.21427917480469,64
4390,269056,36.61042404174805,43
4391,269312,34.65214538574219,41
4392,269312,62.46004104614258,68
4393,269312,107.00874328613281,113
4394,269312,59.256778717041016,66
4395,269312,25.28367042541504,31
4396,269312,39.60273361206055,45
4397,269312,34.939029693603516,41
4398,269568,35.985450744628906,42
4399,269824,79.1440658569336,85
4400,269824,65.07525634765625,71
4401,269824,30.488832473754883,36
4402,269824,29.939390182495117,36
4403,269824,135.2053985595703,141
4404,270080,29.97386932373047,36
4405,270080,107.3975601196289,113
4406,270080,70.28630828857422,77
4407,270080,30.28899383544922,36
4408,270080,63.373416900634766,69
4409,270336,60.889862060546875,67
4410,270336,76.09095764160156,82
4411,270336,43.35447692871094,50
4412,270336,76.02936553955078,82
4413,270336,60.991275787353516,68
4414,270592,118.20072937011719,124
4415,270592,32.117454528808594,38
4416,270592,73.39099884033203,79
4417,270848,75.92622375488281,82
4418,270848,45.157840728759766,51
4419,270848,65.2667236328125,71
4420,270848,80.1235580444336,86
4421,270848,53.97275924682617,60
4422,271104,41.97883987426758,48
4423,271104,43.65922164916992,50
4424,271104,210.77142333984375,217
4425,271360,47.51411056518555,54
4426,271360,138.6962890625,145
4427,271360,71.59942626953125,78
4428,271616,64.96720123291016,71
4429,271616,48.231876373291016,54
4430,271616,34.9811897277832,41
4431,271616,62.786041259765625,69
4432,271616,77.4525146484375,83
4433,271616,124.014404296875,130
4434,271872,52.47637176513672,59
4435,271872,103.8134994506836,110
4436,271872,46.25632095336914,53
4437,271872,45.64249801635742,52
4438,271872,73.28047180175781,79
4439,272128,33.849788665771484,40
4440,272128,61.89281463623047,68
4441,272128,78.97679901123047,85
4442,272128,63.045352935791016,69
4443,272128,37.33134841918945,43
4444,272128,46.809696197509766,53
4445,272384,77.99192810058594,84
4446,272384,99.89960479736328,106
4447,272384,45.08195877075195,51
4448,272384,38.447898864746094,44
4449,272384,84.74225616455078,91
4450,272640,52.29536819458008,58
4451,272640,45.91682052612305,52
4452,273152,126.97881317138672,133
4453,273408,61.05872344970703,67
4454,273408,73.69564819335938,80
4455,273408,32.76009750366211,39
4456,273408,39.29945373535156,45
4457,273408,58.595672607421875,65
4458,273408,83.11206817626953,89
4459,273408,42.725433349609375,49
4460,273920,41.2697868347168,48
4461,273920,53.85718536376953,60
4462,273920,39.318084716796875,46
4463,273920,48.43041229248047,55
4464,273920,55.13718795776367,61
4465,274176,34.91912841796875,41
4466,274176,44.8951416015625,51
4467,274432,94.3976821899414,100
4468,274432,48.03716278076172,54
4469,274432,67.31608581542969,73
4470,274432,46.46640396118164,53
4471,274432,34.91980743408203,41
4472,274432,48.53706741333008,55
4473,274432,76.88092041015625,82
4474,274688,86.1141586303711,92
4475,274688,71.97576904296875,78
4476,274944,58.00481033325195,64
4477,274944,45.19493103027344,52
4478,274944,43.06724548339844,49
4479,274944,61.392906188964844,67
4480,274944,33.60387420654297,40
4481,275200,41.97248458862305,48
4482,275456,46.3292350769043,52
4483,275456,30.185808181762695,36
4484,275712,73.7502212524414,80
4485,275712,46.99897766113281,53
4486,275968,71.80973815917969,78
4487,276480,39.724029541015625,46
4488,276480,53.708045959472656,60
4489,276480,44.08055877685547,50
4490,276736,45.21157455444336,51
4491,276736,150.1901397705078,156
4492,276736,86.33785247802734,92
4493,276736,68.20498657226562,74
4494,276736,37.692237854003906,44
4495,276736,55.0970458984375,61
4496,276736,73.91001892089844,80
4497,276736,54.04534912109375,60
4498,276992,76.15379333496094,82
4499,276992,50.61888885498047,57
4500,276992,39.921043395996094,46
4501,277248,29.050071716308594,35
4502,277248,85.06714630126953,91
4503,277248,77.43889617919922,83
4504,277248,59.08842086791992,65
4505,277248,64.09174346923828,70
4506,277248,46.04109191894531,53
4507,277248,47.11620330810547,54
4508,277504,101.85888671875,108
4509,277504,65.70475006103516,72
4510,277504,44.0047721862793,51
4511,277760,34.304874420166016,40
4512,277760,50.15688705444336,56
4513,277760,29.30197525024414,35
4514,277760,118.98999786376953,125
4515,278272,122.27141571044922,128
4516,278272,47.606689453125,54
4517,278528,172.26998901367188,178
4518,278784,53.960567474365234,61
4519,278784,77.13175201416016,84
4520,278784,40.38134765625,47
4521,278784,47.368534088134766,54
4522,279040,38.74898147583008,45
4523,279040,61.30758285522461,68
4524,279040,69.84481811523438,76
4525,279040,71.27339935302734,78
4526,279040,75.8254165649414,82
4527,279296,118.8206558227539,125
4528,279296,114.04342651367188,120
4529,279552,33.972251892089844,40
4530,279552,76.25398254394531,83
4531,279552,60.384517669677734,67
4532,279552,45.63594436645508,51
4533,279552,59.18155288696289,65
4534,279808,39.85870361328125,46
4535,279808,85.15036010742188,91
4536,279808,40.621315002441406,47
4537,280064,26.297937393188477,32
4538,280064,42.311744689941406,49
4539,280064,132.19342041015625,138
4540,280064,66.10272979736328,72
4541,280064,87.07353973388672,93
4542,280064,108.07196044921875,114
4543,280064,42.340084075927734,49
4544,280320,52.798248291015625,59
4545,280320,128.1353759765625,134
4546,280320,102.57803344726562,109
4547,280320,180.24916076660156,186
4548,280320,37.173255920410156,43
4549,280320,68.07801818847656,74
4550,280320,32.744407653808594,39
4551,280576,75.91949462890625,82
4552,280576,40.41603088378906,47
4553,280576,111.73210144042969,118
4554,280576,31.028833389282227,37
4555,280576,95.68132781982422,102
4556,280832,118.37583923339844,124
4557,280832,54.09465026855469,60
4558,280832,38.3780403137207,44
4559,280832,41.00099182128906,47
4560,280832,61.87539291381836,68
4561,280832,81.91840362548828,88
4562,280832,69.84024810791016,76
4563,280832,169.87432861328125,176
4564,280832,31.070270538330078,37
4565,281088,48.95042037963867,56
4566,281088,49.41961669921875,56
4567,281088,48.39221954345703,54
4568,281088,54.670005798339844,61
4569,281088,30.284748077392578,36
4570,281344,32.14957809448242,38
4571,281600,78.75591278076172,85
4572,281600,42.24898910522461,49
4573,281600,86.97908782958984,93
4574,281600,99.60243225097656,106
4575,281856,57.68002700805664,64
4576,281856,34.61666488647461,41
4577,281856,46.399200439453125,52
4578,281856,60.06486511230469,66
4579,282112,34.812583923339844,41
4580,282112,44.42255783081055,50
4581,282112,48.588802337646484,55
4582,282112,25.018047332763672,31
4583,282112,62.73643493652344,69
4584,282112,32.089603424072266,38
4585,282368,34.76793670654297,41
4586,282368,56.95264434814453,63
4587,282624,58.55746841430664,65
4588,282624,76.97071838378906,83
4589,282624,57.7187614440918,64
4590,282624,71.23685455322266,77
4591,283136,56.662086486816406,63
4592,283136,48.210418701171875,54
4593,283136,43.28239822387695,49
4594,283136,124.19185638427734,130
4595,283136,42.4011116027832,48
4596,283136,29.742218017578125,35
4597,283136,80.00425720214844,86
4598,283136,36.72615432739258,43
4599,283136,45.90555191040039,52
4600,283392,78.98393249511719,85
4601,283392,27.531877517700195,33
4602,283648,59.813838958740234,66
4603,283648,74.96086883544922,81
4604,283904,39.50165557861328,46
4605,283904,76.62089538574219,83
4606,284160,44.33442306518555,51
4607,284160,63.85658264160156,70
4608,284160,24.484527587890625,30
4609,284160,46.953460693359375,53
4610,284672,52.33755111694336,58
4611,284672,73.01874542236328,79
4612,284672,82.95755004882812,89
4613,284672,51.331573486328125,57
4614,284672,37.64803695678711,44
4615,284672,38.26133346557617,44
4616,284928,150.98675537109375,157
4617,284928,59.958152770996094,66
4618,284928,45.68097686767578,52
4619,284928,49.6226806640625,56
4620,284928,75.25714111328125,82
4621,284928,52.92106628417969,59
4622,284928,47.68360137939453,54
4623,285184,58.2796630859375,64
4624,285184,35.89717102050781,42
4625,285184,124.08203125,130
4626,285184,44.60598373413086,51
4627,285440,87.50624084472656,94
4628,285440,26.16034507751465,32
4629,285696,70.72396087646484,77
4630,285696,102.29560852050781,108
4631,285696,67.39038848876953,73
4632,285952,106.48469543457031,112
4633,285952,42.08323669433594,49
4634,285952,85.02213287353516,91
4635,285952,37.02225875854492,43
4636,285952,87.65689086914062,94
4637,286208,29.340017318725586,35
4638,286464,38.72098922729492,45
4639,286464,56.80915451049805,63
4640,286464,132.36004638671875,138
4641,286464,50.073463439941406,56
4642,286720,45.79115676879883,52
4643,286720,58.36516189575195,65
4644,286720,152.2299041748047,158
4645,286976,27.046138763427734,33
4646,286976,83.26665496826172,89
4647,286976,51.0860710144043,57
4648,286976,47.10203170776367,53
4649,286976,51.85582733154297,58
4650,287232,101.29383087158203,108
4651,287232,75.5512924194336,82
4652,287232,36.14189910888672,42
4653,287488,52.07542037963867,59
4654,287744,28.015953063964844,34
4655,287744,46.17462921142578,52
4656,287744,108.55374908447266,114
4657,287744,73.5661392211914,80
4658,288000,46.60215759277344,53
4659,288000,23.53380584716797,29
4660,288000,60.78501892089844,67
4661,288000,62.875091552734375,69
4662,288256,166.2854766845703,172
4663,288256,107.42200469970703,113
4664,288512,40.0167236328125,46
4665,288512,71.63218688964844,78
4666,288512,48.669189453125,55
4667,288768,70.56352996826172,76
4668,289024,77.40379333496094,83
4669,289024,22.73682975769043,28
4670,289024,25.97079849243164,32
4671,289024,103.30558013916016,109
4672,289024,72.24717712402344,78
4673,289024,35.9817008972168,42
4674,289024,46.21527099609375,52
4675,289024,41.410919189453125,48
4676,289280,28.736160278320312,35
4677,289280,51.97943115234375,58
4678,289536,41.85968780517578,48
4679,289536,37.63745880126953,44
4680,289536,173.26837158203125,179
4681,289536,110.02029418945312,116
4682,289536,65.05797576904297,71
4683,289536,54.377559661865234,61
4684,289792,78.88925170898438,85
4685,289792,75.72681427001953,82
4686,290048,19.678621292114258,25
4687,290048,44.48954772949219,51
4688,290304,96.04943084716797,102
4689,290304,33.80221176147461,40
4690,290560,38.06901550292969,45
4691,290560,44.22700119018555,50
4692,290560,76.55181121826172,83
4693,290560,130.0791015625,136
4694,290816,34.97281265258789,41
4695,290816,110.64339447021484,117
4696,290816,67.11128234863281,74
4697,290816,75.41199493408203,82
4698,290816,56.464088439941406,63
4699,290816,45.42724609375,52
4700,290816,132.05882263183594,138
4701,291072,33.90029525756836,40
4702,291072,75.32415771484375,81
4703,291072,29.8709659576416,36
4704,291328,70.931640625,77
4705,291328,33.8028564453125,40
4706,291328,34.841739654541016,41
4707,291328,29.770431518554688,36
4708,291584,127.24755096435547,133
4709,291584,72.12273406982422,78
4710,291584,38.337989807128906,45
4711,291840,38.24595642089844,45
4712,291840,79.91334533691406,86
4713,291840,42.56728744506836,49
4714,292096,69.60803985595703,76
4715,292352,47.00418472290039,53
4716,292352,42.554832458496094,49
4717,292352,54.74607467651367,61
4718,292352,23.54326629638672,29
4719,292608,43.328407287597656,50
4720,292608,101.05686950683594,107
4721,292864,43.38137435913086,49
4722,292864,132.47532653808594,139
4723,292864,46.04419708251953,52
4724,292864,94.90059661865234,101
4725,293120,83.56806182861328,90
4726,293120,128.0557098388672,134
4727,293632,32.0042839050293,38
4728,293632,59.86405944824219,66
4729,293888,37.4090461730957,44
4730,293888,131.05006408691406,137
4731,293888,41.23298645019531,47
4732,293888,38.43861389160156,45
4733,293888,55.94977569580078,63
4734,293888,98.73173522949219,105
4735,294144,48.53837585449219,55
4736,294144,31.270397186279297,37
4737,294144,47.223854064941406,53
4738,294144,22.483736038208008,28
4739,294144,28.14239501953125,34
4740,294400,49.683738708496094,56
4741,294400,58.36971664428711,65
4742,294400,62.89417266845703,69
4743,294656,29.299087524414062,35
4744,294656,33.45637130737305,39
4745,294656,38.94974899291992,45
4746,294656,74.79907989501953,81
4747,294656,54.71359634399414,61
4748,294656,44.35293960571289,51
4749,294656,41.69464111328125,48
4750,294656,56.282249450683594,62
4751,294656,95.552001953125,102
4752,294912,53.02371597290039,60
4753,294912,47.918888092041016,54
4754,294912,39.828731536865234,46
4755,294912,154.429931640625,160
4756,294912,89.2568130493164,96
4757,294912,186.5570526123047,193
4758,295168,42.691959381103516,49
4759,295168,40.62516403198242,47
4760,295168,62.60478210449219,69
4761,295168,33.1956672668457,39
4762,295168,49.249427795410156,56
4763,295168,44.5,51
4764,295168,64.40351867675781,70
4765,295168,48.01820373535156,55
4766,295424,125.20020294189453,131
4767,295424,49.76859664916992,56
4768,295424,35.42158508300781,41
4769,295424,45.42801284790039,52
4770,295680,51.17776870727539,58
4771,295680,35.77730941772461,42
4772,295680,39.417724609375,45
4773,295936,28.896268844604492,35
4774,295936,116.2620620727539,122
4775,295936,193.74560546875,200
4776,296192,50.35939025878906,57
4777,296448,79.96852111816406,86
4778,296448,42.35990524291992,49
4779,296448,93.91984558105469,100
4780,296448,46.05186462402344,52
4781,296448,105.42578125,112
4782,296448,58.917144775390625,65
4783,296704,44.577754974365234,51
4784,296704,45.5572624206543,52
4785,296704,31.32546043395996,37
4786,296704,35.7430419921875,42
4787,296704,56.37617111206055,62
4788,296704,78.65605926513672,85
4789,296960,184.4202423095703,190
4790,297216,27.4195556640625,33
4791,297216,84.63973999023438,91
4792,297472,58.601844787597656,65
4793,297472,190.36683654785156,196
4794,297472,42.428279876708984,49
4795,297728,60.443363189697266,67
4796,297984,32.10689926147461,38
4797,297984,75.88467407226562,82
4798,298240,22.644582748413086,28
4799,298240,62.445159912109375,69
4800,298240,44.19416046142578,51
4801,298240,77.2003402709961,83
4802,298240,68.08595275878906,75
4803,298240,70.12237548828125,76
4804,298496,42.84708786010742,49
4805,298752,47.464359283447266,54
4806,299008,39.536861419677734,46
4807,299008,49.78299331665039,56
4808,299008,103.71102142333984,110
4809,299008,55.55712890625,62
4810,299008,92.22728729248047,98
4811,299008,107.23783874511719,113
4812,299008,62.504817962646484,69
4813,299264,79.68116760253906,86
4814,299264,72.08100891113281,78
4815,299520,89.87254333496094,96
4816,299776,69.70721435546875,76
4817,299776,107.32316589355469,113
4818,300032,44.795921325683594,51
4819,300032,30.080936431884766,36
4820,300032,56.31248474121094,62
4821,300032,85.91236114501953,92
4822,300288,41.909080505371094,48
4823,300288,91.16700744628906,97
4824,300288,37.78346633911133,44
4825,300288,30.015125274658203,36
4826,300544,53.72423553466797,60
4827,300544,61.508914947509766,68
4828,300544,93.05892944335938,99
4829,300544,75.04098510742188,82
4830,300544,52.19744110107422,58
4831,300800,155.57461547851562,161
4832,300800,62.865333557128906,69
4833,301056,50.623268127441406,57
4834,301056,69.09430694580078,76
4835,301056,136.89060974121094,143
4836,301056,117.61832427978516,124
4837,301056,75.61090850830078,82
4838,301312,82.11251831054688,88
4839,301312,39.89616394042969,46
4840,301312,36.10752868652344,42
4841,301312,88.0776596069336,94
4842,301312,64.51824951171875,71
4843,301312,53.436100006103516,60
4844,301312,32.305809020996094,38
4845,301312,98.90887451171875,105
4846,301312,64.61278533935547,71
4847,301312,79.30937194824219,85
4848,301312,76.7831802368164,83
4849,301312,105.9291000366211,112
4850,301568,58.99896240234375,66
4851,301568,51.78166198730469,59
4852,301568,48.239356994628906,54
4853,301824,38.3184700012207,45
4854,301824,48.666263580322266,54
4855,301824,31.02017593383789,37
4856,301824,133.0533447265625,139
4857,302080,20.747455596923828,26
4858,302080,79.82894134521484,86
4859,302080,44.60721206665039,51
4860,302080,71.3011245727539,78
4861,302336,48.01314163208008,54
4862,302336,25.51984405517578,31
4863,302592,77.79903411865234,84
4864,302592,32.13478088378906,38
4865,302592,35.75651550292969,42
4866,302592,62.48101043701172,68
4867,302848,95.24322509765625,102
4868,302848,64.11980438232422,70
4869,302848,55.97788619995117,63
4870,302848,75.1250228881836,81
4871,303104,31.373720169067383,37
4872,303104,189.0325469970703,195
4873,303104,132.27008056640625,138
4874,303104,134.4063720703125,141
4875,303360,28.166255950927734,34
4876,303360,103.33354187011719,109
4877,303360,93.9781265258789,100
4878,303360,95.84870147705078,102
4879,303360,63.54479217529297,70
4880,303360,98.18316650390625,104
4881,303360,82.92868041992188,89
4882,303360,43.16028594970703,50
4883,303360,44.674705505371094,51
4884,303616,32.44249725341797,38
4885,303616,73.63839721679688,79
4886,303616,82.30216979980469,89
4887,303616,50.824180603027344,57
4888,303616,49.2399787902832,55
4889,303872,36.703826904296875,43
4890,303872,117.06929016113281,123
4891,303872,48.686946868896484,55
4892,303872,52.23065948486328,58
4893,304128,42.22766876220703,48
4894,304128,62.64725112915039,69
4895,304128,86.93958282470703,93
4896,304384,104.96919250488281,111
4897,304384,49.40629577636719,56
4898,304384,34.12696838378906,40
4899,304384,113.0503921508789,119
4900,304640,197.36398315429688,203
4901,304640,28.462257385253906,34
4902,304640,48.81825256347656,55
4903,304896,32.175010681152344,38
4904,304896,43.164283752441406,49
4905,305152,50.51585006713867,56
4906,305152,36.1383056640625,42
4907,305152,83.77825927734375,91
4908,305408,38.718467712402344,45
4909,305664,39.67588424682617,46
4910,305664,86.13482666015625,92
4911,305664,58.177650451660156,64
4912,305664,55.82509994506836,62
4913,305920,34.689632415771484,41
4914,305920,64.3543930053711,71
4915,305920,108.07743072509766,114
4916,305920,76.95833587646484,83
4917,305920,68.256591796875,75
4918,305920,73.24107360839844,79
4919,306176,27.02991485595703,33
4920,306176,31.35561752319336,37
4921,306176,38.61193084716797,45
4922,306176,52.28392028808594,58
4923,306432,37.42687225341797,44
4924,306688,69.79706573486328,76
4925,306688,78.37195587158203,85
4926,306688,79.80948638916016,86
4927,306688,43.15183639526367,50
4928,306688,41.98825454711914,48
4929,306944,37.678077697753906,44
4930,306944,61.95458984375,68
4931,306944,73.520751953125,80
4932,307200,148.97927856445312,155
4933,307456,68.17598724365234,75
4934,307456,64.83985900878906,71
4935,307456,43.29719924926758,50
4936,307456,134.01905822753906,140
4937,307456,58.168174743652344,64
4938,307456,293.7069396972656,300
4939,307712,44.484554290771484,51
4940,307712,99.02952575683594,105
4941,307712,58.83510971069336,66
4942,307968,124.02725219726562,130
4943,307968,25.989778518676758,32
4944,307968,37.646732330322266,44
4945,307968,44.99760818481445,51
4946,308224,33.99806594848633,40
4947,308224,51.61412048339844,57
4948,308224,39.40792465209961,46
4949,308224,38.58221435546875,45
4950,308480,46.34334945678711,52
4951,308480,88.55303955078125,95
4952,308480,56.131832122802734,62
4953,308736,31.902509689331055,38
4954,308736,50.33342361450195,57
4955,308736,235.36935424804688,242
4956,308736,89.93851470947266,96
4957,308992,156.9252166748047,163
4958,309248,76.42948913574219,83
4959,309248,29.4261417388916,35
4960,309760,111.60974884033203,118
4961,309760,24.425065994262695,30
4962,310016,67.36666870117188,73
4963,310016,87.77369689941406,94
4964,310016,40.37022018432617,46
4965,310016,71.16304016113281,78
4966,310272,52.911354064941406,59
4967,310272,142.6845703125,149
4968,310272,53.5821418762207,60
4969,310528,68.24021911621094,74
4970,310528,111.51771545410156,118
4971,310528,44.42172622680664,51
4972,310528,88.64120483398438,95
4973,310528,59.04292297363281,65
4974,310784,39.30428695678711,46
4975,310784,40.31389617919922,46
4976,310784,36.97719955444336,43
4977,310784,55.28693771362305,62
4978,311040,79.85384368896484,86
4979,311296,57.37629318237305,63
4980,311296,57.18428039550781,63
4981,311296,37.491790771484375,44
4982,311296,74.00985717773438,80
4983,311296,36.03278350830078,42
4984,311552,34.153587341308594,40
4985,311552,73.13797760009766,79
4986,311552,52.906612396240234,59
4987,311808,45.120914459228516,52
4988,311808,82.52549743652344,89
4989,311808,71.59442901611328,78
4990,312064,31.767131805419922,38
4991,312064,47.40532684326172,54
4992,312064,76.49478149414062,83
4993,312064,53.53428268432617,60
4994,312064,128.8270721435547,135
4995,312064,51.244083404541016,57
4996,312320,46.33740234375,52
4997,312320,77.48892211914062,84
4998,312320,37.062374114990234,43
4999,312320,24.509506225585938,30
5000,312320,68.47128295898438,75
5001,312576,41.9611701965332,48
5002,312576,87.57988739013672,94
5003,312576,25.938718795776367,32
5004,312576,29.35671615600586,35
5005,312576,47.94366455078125,54
5006,312832,27.96600914001465,34
5007,312832,73.95063018798828,80
5008,312832,32.96335220336914,39
5009,312832,57.96605682373047,64
5010,313088,65.92700958251953,72
5011,313088,39.38503646850586,46
5012,313088,58.939659118652344,65
5013,313088,46.48674011230469,53
5014,313344,31.951236724853516,38
5015,313344,37.76645278930664,44
5016,313600,51.495155334472656,57
5017,313600,27.34095573425293,33
5018,313856,32.862552642822266,39
5019,313856,66.07225036621094,72
5020,313856,27.812509536743164,34
5021,313856,142.96286010742188,149
5022,314112,93.72529602050781,100
5023,314112,68.8437271118164,75
5024,314368,69.70795440673828,76
5025,314368,36.89813995361328,43
5026,314368,98.01506042480469,104
5027,314624,132.5436248779297,139
5028,314624,57.489959716796875,64
5029,314624,53.86506652832031,61
5030,314624,91.5407943725586,98
5031,314624,38.83209991455078,45
5032,314880,72.77967834472656,79
5033,314880,47.13154983520508,53
5034,314880,79.95699310302734,86
5035,314880,40.828887939453125,47
5036,314880,59.003929138183594,65
5037,315136,67.33450317382812,73
5038,315136,86.2320556640625,92
5039,315136,80.64778900146484,87
5040,315392,52.32223892211914,58
5041,315392,38.63176727294922,45
5042,315392,76.51820373535156,83
5043,315392,40.609230041503906,47
5044,315648,48.06229019165039,54
5045,315648,52.86693572998047,59
5046,315904,27.377765655517578,33
5047,315904,123.9848861694336,130
5048,315904,106.03746795654297,113
5049,315904,45.43356704711914,52
5050,315904,86.67051696777344,93
5051,316160,77.88434600830078,84
5052,316160,33.61781692504883,40
5053,316160,43.682167053222656,50
5054,316160,56.72997283935547,63
5055,316160,50.982398986816406,57
5056,316160,63.15428161621094,70
5057,316416,46.201412200927734,52
5058,316416,78.26425170898438,85
5059,316416,57.13551712036133,64
5060,316416,34.52985382080078,41
5061,316672,110.23782348632812,116
5062,316672,72.66592407226562,79
5063,316672,111.0403823852539,117
5064,316672,44.957176208496094,51
5065,316928,28.091968536376953,34
5066,316928,89.18482208251953,95
5067,316928,108.97181701660156,115
5068,316928,57.37273025512695,64
5069,316928,53.9132080078125,60
5070,317184,35.36484909057617,41
5071,317440,36.44546127319336,42
5072,317440,105.04180908203125,111
5073,317440,50.88676452636719,57
5074,317696,134.7071075439453,141
5075,317696,49.73752975463867,56
5076,317696,51.46250534057617,57
5077,317952,61.01891326904297,67
5078,318208,40.572227478027344,47
5079,318208,74.90351104736328,81
5080,318208,34.97850799560547,41
5081,318208,31.306257247924805,37
5082,318208,32.05967330932617,38
5083,318208,51.640647888183594,58
5084,318464,68.52620697021484,75
5085,318464,57.38200378417969,64
5086,318464,48.632965087890625,55
5087,318464,43.48476791381836,49
5088,318464,82.14872741699219,88
5089,318976,84.33096313476562,91
5090,318976,60.81134033203125,67
5091,318976,81.17725372314453,87
5092,319232,60.888607025146484,67
5093,319232,91.9606704711914,98
5094,319232,39.98243713378906,46
5095,319232,63.531005859375,70
5096,319488,80.82723999023438,87
5097,319488,66.17540740966797,72
5098,319488,178.04100036621094,184
5099,319744,78.11611938476562,84
5100,319744,56.581993103027344,63
5101,319744,39.26173782348633,45
5102,319744,66.43470001220703,72
5103,319744,107.13411712646484,113
5104,320000,89.25251007080078,96
5105,320256,33.73636245727539,40
5106,320256,57.26671600341797,64
5107,320512,66.75150299072266,73
5108,320512,36.310096740722656,42
5109,320768,33.961387634277344,40
5110,320768,178.46148681640625,185
5111,320768,67.98821258544922,74
5112,320768,90.81426239013672,97
5113,321024,34.632904052734375,41
5114,321024,116.4924087524414,123
5115,321536,100.41102600097656,107
5116,321536,46.766136169433594,53
5117,321536,58.565391540527344,65
5118,321536,88.9464340209961,95
5119,321536,33.99979019165039,40
5120,321536,50.03900909423828,57
5121,321536,61.370792388916016,68
5122,321792,134.0906524658203,140
5123,321792,31.7894344329834,38
5124,321792,52.61237335205078,59
5125,322048,220.9464111328125,227
5126,322048,50.6265869140625,57
5127,322048,147.73379516601562,154
5128,322048,121.7320327758789,127
5129,322048,56.21274948120117,63
5130,322304,47.33802032470703,53
5131,322304,62.891136169433594,69
5132,322304,31.1147403717041,37
5133,322304,39.8574104309082,46
5134,322304,186.2885284423828,192
5135,322560,59.12628173828125,66
5136,322560,46.03054428100586,52
5137,322560,31.943552017211914,38
5138,322560,65.96731567382812,72
5139,322560,39.49959945678711,46
5140,322560,42.62444305419922,49
5141,322816,58.04634475708008,65
5142,322816,82.9096908569336,89
5143,322816,193.0866241455078,199
5144,323072,36.66158676147461,43
5145,323072,44.972572326660156,52
5146,323072,43.21212387084961,49
5147,323328,43.31096649169922,49
5148,323328,60.65283203125,67
5149,323328,112.3729019165039,118
5150,323584,72.13623046875,78
5151,323840,94.10459899902344,101
5152,323840,84.95213317871094,91
5153,323840,35.677005767822266,42
5154,324096,43.415931701660156,50
5155,324096,22.368877410888672,28
5156,324096,111.69436645507812,118
5157,324096,53.41726303100586,60
5158,324352,30.639148712158203,36
5159,324352,39.64952087402344,46
5160,324352,73.17057800292969,80
5161,324608,54.10145950317383,60
5162,324608,132.9567413330078,139
5163,324608,66.20603942871094,73
5164,324608,85.95623016357422,92
5165,324608,76.85990905761719,83
5166,324864,30.95950698852539,37
5167,324864,44.632965087890625,51
5168,325120,78.8809814453125,85
5169,325120,126.32125091552734,132
5170,325120,195.4202117919922,202
5171,325376,88.74609375,95
5172,325376,107.99079132080078,114
5173,325376,111.505859375,118
5174,325376,59.78559112548828,66
5175,325632,88.87759399414062,95
5176,325632,27.98012924194336,34
5177,325888,91.57002258300781,97
5178,325888,31.584474563598633,38
5179,325888,88.84024810791016,95
5180,325888,48.74232864379883,55
5181,325888,55.88359069824219,62
5182,325888,64.65693664550781,71
5183,326144,212.16131591796875,219
5184,326144,51.74343490600586,58
5185,326400,95.92388916015625,102
5186,326400,30.733346939086914,37
5187,326400,74.58454895019531,81
5188,326400,38.529747009277344,45
5189,326400,34.34070587158203,40
5190,326400,45.110939025878906,51
5191,326656,40.70326232910156,47
5192,326656,56.782020568847656,63
5193,326656,27.53319549560547,33
5194,326912,75.77567291259766,82
5195,326912,37.879615783691406,44
5196,326912,27.225263595581055,33
5197,326912,86.24200439453125,92
5198,326912,68.34225463867188,75
5199,326912,48.670955657958984,55
5200,327168,36.84781265258789,43
5201,327168,51.207550048828125,58
5202,327168,29.33839988708496,35
5203,327168,103.92892456054688,110
5204,327424,40.48823928833008,47
5205,327424,31.977100372314453,38
5206,327424,33.51781463623047,39
5207,327424,76.7170639038086,83
5208,327424,47.85948944091797,54
5209,327424,96.58720397949219,103
5210,327424,70.19161224365234,76
5211,327680,97.04539489746094,103
5212,327680,31.509490966796875,38
5213,327936,150.90040588378906,157
5214,328192,82.34989166259766,88
5215,328192,58.55743408203125,65
5216,328192,41.886695861816406,48
5217,328192,40.82449722290039,47
5218,328192,45.259422302246094,52
5219,328448,54.47206115722656,60
5220,328448,33.745277404785156,40
5221,328448,85.18175506591797,92
5222,328704,47.23876190185547,53
5223,328704,41.61886978149414,48
5224,328960,104.08915710449219,110
5225,328960,48.7852897644043,55
5226,328960,29.524507522583008,35
5227,329216,64.45594787597656,70
5228,329216,79.14019775390625,85
5229,329216,103.1319351196289,109
5230,329216,22.473548889160156,28
5231,329216,50.74406051635742,57
5232,329472,58.44395446777344,65
5233,329472,107.33403015136719,114
5234,329472,48.35006332397461,55
5235,329472,59.54513931274414,66
5236,329728,82.15111541748047,89
5237,329728,26.315919876098633,32
5238,329984,82.78668975830078,89
5239,329984,70.16863250732422,77
5240,329984,100.2878189086914,106
5241,330240,68.80623626708984,75
5242,330240,95.27769470214844,101
5243,330496,48.766483306884766,55
5244,330496,92.48733520507812,99
5245,330752,74.88167572021484,81
5246,330752,84.80207824707031,91
5247,330752,79.00247192382812,86
5248,330752,50.80949783325195,58
5249,330752,144.08511352539062,150
5250,331008,59.371864318847656,66
5251,331008,46.366668701171875,53
5252,331008,68.0167236328125,74
5253,331008,82.52220153808594,89
5254,331008,53.218963623046875,60
5255,331008,39.603851318359375,46
5256,331008,41.39475631713867,47
5257,331008,161.93629455566406,168
5258,331008,80.15703582763672,86
5259,331264,28.027814865112305,34
5260,331264,56.44013214111328,63
5261,331264,58.76555252075195,65
5262,331264,84.74259185791016,91
5263,331520,35.89839553833008,42
5264,331520,56.81711959838867,63
5265,331776,71.30015563964844,77
5266,331776,52.74626541137695,59
5267,331776,59.139896392822266,66
5268,331776,70.13880157470703,76
5269,331776,48.83182907104492,55
5270,332032,73.03531646728516,79
5271,332032,100.83506774902344,107
5272,332288,54.302085876464844,61
5273,332288,75.70071411132812,82
5274,332288,43.787166595458984,51
5275,332288,140.20361328125,146
5276,332544,95.21456909179688,101
5277,332544,57.99237823486328,64
5278,332544,64.91801452636719,71
5279,332544,70.0654067993164,76
5280,332544,110.91505432128906,117
5281,333056,38.83540344238281,45
5282,333312,34.61857986450195,41
5283,333312,92.8802719116211,99
5284,333312,46.142948150634766,53
5285,333312,58.517799377441406,65
5286,333312,47.9761962890625,54
5287,333312,59.920352935791016,66
5288,333568,39.206214904785156,45
5289,333568,67.6028823852539,74
5290,333568,39.90806579589844,46
5291,333824,37.653106689453125,44
5292,333824,45.071624755859375,51
5293,334080,121.6819076538086,128
5294,334080,86.11328887939453,93
5295,334080,54.577701568603516,61
5296,334336,164.7658233642578,171
5297,334336,38.722564697265625,45
5298,334336,85.61518859863281,92
5299,334336,94.8027572631836,101
5300,334336,78.37519073486328,85
5301,334336,73.30929565429688,80
5302,334592,60.92997360229492,67
5303,334592,49.36273956298828,56
5304,334592,34.517417907714844,40
5305,334592,88.97859191894531,95
5306,334592,131.9882049560547,138
5307,334848,35.893611907958984,42
5308,334848,54.38957595825195,61
5309,334848,87.68348693847656,94
5310,335104,34.07633590698242,40
5311,335104,26.32862091064453,32
5312,335104,28.3181095123291,34
5313,335104,28.037107467651367,34
5314,335360,41.383384704589844,48
5315,335360,152.9886474609375,159
5316,335360,75.58991241455078,82
5317,335616,46.77168655395508,53
5318,335616,36.57929229736328,43
5319,335872,45.895450592041016,53
5320,336128,31.76904296875,38
5321,336128,58.39213943481445,64
5322,336128,40.931331634521484,47
5323,336128,50.47671127319336,57
5324,336384,149.05233764648438,155
5325,336384,74.26863861083984,80
5326,336384,32.08143997192383,38
5327,336384,63.762840270996094,70
5328,336384,29.55082130432129,36
5329,336640,89.2493667602539,96
5330,336640,48.368507385253906,55
5331,336896,70.92534637451172,77
5332,336896,60.876731872558594,67
5333,336896,52.02130126953125,58
5334,336896,89.60113525390625,96
5335,336896,47.18601989746094,54
5336,336896,36.93878936767578,43
5337,337152,67.60057830810547,74
5338,337152,51.64555740356445,58
5339,337152,53.82741165161133,60
5340,337152,59.055625915527344,65
5341,337152,35.67713928222656,42
5342,337152,31.009620666503906,37
5343,337408,63.56997299194336,70
5344,337408,85.92999267578125,93
5345,337408,53.42497253417969,60
5346,337408,50.96912384033203,58
5347,337664,78.80542755126953,85
5348,337664,31.131725311279297,37
5349,337664,49.583194732666016,56
5350,337664,51.7446403503418,58
5351,337664,60.69874572753906,67
5352,337920,51.79824447631836,58
5353,337920,76.94464874267578,83
5354,337920,46.04978561401367,52
5355,338176,134.19430541992188,140
5356,338176,121.32490539550781,128
5357,338176,48.778568267822266,55
5358,338176,56.32859420776367,62
5359,338176,43.002197265625,49
5360,338432,121.74235534667969,128
5361,338688,82.94062042236328,89
5362,338688,79.1554183959961,85
5363,338688,96.92455291748047,103
5364,338688,119.97899627685547,126
5365,338688,56.51801681518555,63
5366,338944,41.147605895996094,47
5367,339200,98.27243041992188,104
5368,339200,62.196754455566406,69
5369,339200,30.280460357666016,36
5370,339200,49.827903747558594,57
5371,339200,32.67531204223633,39
5372,339456,66.5164566040039,73
5373,339456,160.08731079101562,166
5374,339456,46.41844940185547,53
5375,339456,37.34089660644531,44
5376,339712,76.31482696533203,83
5377,339712,167.5614776611328,174
5378,339712,26.125049591064453,32
5379,339712,166.10499572753906,172
5380,339712,122.28470611572266,129
5381,339712,48.80577087402344,56
5382,339968,139.95285034179688,146
5383,339968,37.558494567871094,44
5384,339968,102.58810424804688,109
5385,340224,75.11466217041016,81
5386,340224,35.64149856567383,42
5387,340224,69.82762145996094,76
5388,340480,66.46588897705078,73
5389,340480,106.07903289794922,113
5390,340480,38.30994415283203,44
5391,340736,68.67660522460938,75
5392,340736,57.81694030761719,64
5393,340992,33.46467971801758,39
5394,340992,101.62889862060547,108
5395,340992,29.2059268951416,35
5396,341248,83.77915954589844,90
5397,341248,63.12825012207031,69
5398,341248,41.75801086425781,48
5399,341504,56.512691497802734,63
5400,341504,40.242408752441406,47
5401,341504,107.94625854492188,114
5402,341504,30.583059310913086,37
5403,341760,34.47614669799805,41
5404,342016,52.206146240234375,59
5405,342016,47.54709243774414,54
5406,342016,48.98421859741211,55
5407,342016,147.8112335205078,154
5408,342272,39.9435920715332,46
5409,342272,56.47766876220703,63
5410,342272,71.98420715332031,78
5411,342272,59.18546676635742,66
5412,342528,106.02284240722656,112
5413,342528,154.92611694335938,161
5414,342528,41.80619430541992,48
5415,342784,86.6054458618164,92
5416,342784,39.1373176574707,46
5417,342784,66.01826477050781,72
5418,342784,43.828514099121094,50
5419,342784,45.584251403808594,52
5420,343040,55.021026611328125,61
5421,343040,106.0299072265625,112
5422,343296,37.161407470703125,43
5423,343296,66.01461791992188,72
5424,343296,40.08045196533203,46
5425,343296,27.914541244506836,34
5426,343552,62.73543167114258,69
5427,343552,42.560569763183594,49
5428,343808,53.38898468017578,60
5429,343808,35.310298919677734,41
5430,343808,106.87981414794922,113
5431,343808,148.0674591064453,154
5432,343808,159.8004608154297,166
5433,344064,59.32254409790039,66
5434,344064,70.04806518554688,76
5435,344064,65.67716217041016,72
5436,344064,30.851795196533203,37
5437,344320,92.51028442382812,99
5438,344320,64.20684051513672,70
5439,344320,41.907127380371094,49
5440,344320,40.132808685302734,46
5441,344576,71.90873718261719,78
5442,344832,48.49000930786133,55
5443,344832,68.50660705566406,74
5444,344832,28.860191345214844,35
5445,344832,86.38867950439453,93
5446,344832,91.61520385742188,98
5447,344832,52.916587829589844,59
5448,345088,32.13572311401367,38
5449,345088,67.85186004638672,74
5450,345344,107.08621215820312,113
5451,345344,46.52242660522461,53
5452,345344,48.47077941894531,55
5453,345600,35.70275115966797,42
5454,345600,40.55610656738281,47
5455,345600,25.696016311645508,32
5456,345600,51.507789611816406,58
5457,345856,60.561729431152344,67
5458,346112,41.620487213134766,48
5459,346112,104.3675765991211,111
5460,346112,30.088584899902344,36
5461,346112,101.15802001953125,108
5462,346112,119.83300018310547,126
5463,346112,75.6720962524414,82
5464,346368,68.17051696777344,74
5465,346368,31.631244659423828,38
5466,346368,70.29281616210938,76
5467,346368,58.49236297607422,65
5468,346368,41.260719299316406,47
5469,346624,64.49903106689453,71
5470,346624,27.209619522094727,33
5471,346624,54.25105667114258,61
5472,346624,67.41879272460938,74
5473,346624,75.16517639160156,81
5474,346880,69.56218719482422,76
5475,346880,40.111228942871094,46
5476,347136,55.1371955871582,62
5477,347136,128.6089324951172,135
5478,347392,47.80354309082031,54
5479,347392,101.59800720214844,108
5480,347392,31.10804557800293,37
5481,347392,36.97144317626953,43
5482,347392,73.27682495117188,80
5483,347392,92.20032501220703,98
5484,347648,58.851959228515625,65
5485,347648,44.60715103149414,51
5486,347904,35.022132873535156,41
5487,347904,27.308576583862305,33
5488,348160,67.33263397216797,74
5489,348416,72.06587982177734,79
5490,348416,35.88095474243164,42
5491,348416,51.81574630737305,59
5492,348416,34.637657165527344,41
5493,348672,28.87941551208496,35
5494,348672,50.66812515258789,57
5495,348672,112.8865966796875,119
5496,348928,33.5872917175293,40
5497,348928,47.90718460083008,54
5498,348928,39.63325881958008,46
5499,348928,66.87185668945312,73
5500,348928,30.144649505615234,36
5501,349184,78.37185668945312,85
5502,349184,36.76133346557617,43
5503,349440,20.432350158691406,26
5504,349440,41.7049560546875,48
5505,349696,31.53512954711914,38
5506,349952,98.4316177368164,104
5507,349952,74.80232238769531,81
5508,349952,51.55601501464844,58
5509,350208,98.47770690917969,105
5510,350208,56.31039047241211,62
5511,350208,90.49234008789062,97
5512,350464,56.039642333984375,63
5513,350464,92.85714721679688,99
5514,350720,45.7667350769043,52
5515,350720,109.28791046142578,116
5516,350720,85.72601318359375,92
5517,350720,58.62871170043945,65
5518,350720,31.917848587036133,38
5519,350720,107.92144012451172,114
5520,350720,29.654842376708984,36
5521,350720,39.373714447021484,46
5522,350976,27.170589447021484,33
5523,350976,65.23016357421875,72
5524,351232,52.622772216796875,59
5525,351232,161.74078369140625,168
5526,351232,81.04339599609375,87
5527,351232,46.05681610107422,53
5528,351488,68.1923828125,74
5529,351488,37.62192916870117,44
5530,351744,45.015750885009766,52
5531,352000,55.69055938720703,62
5532,352000,60.293365478515625,67
5533,352000,42.05067443847656,48
5534,352256,53.532657623291016,60
5535,352512,71.12666320800781,78
5536,352512,73.48668670654297,79
5537,352512,26.90526008605957,33
5538,352768,47.13035202026367,53
5539,352768,38.30887222290039,44
5540,352768,70.37374114990234,76
5541,352768,95.5196304321289,102
5542,352768,39.665748596191406,46
5543,352768,48.53907775878906,55
5544,353024,187.2576141357422,194
5545,353024,43.27650451660156,49
5546,353024,83.34487915039062,90
5547,353024,79.55186462402344,86
5548,353280,43.303131103515625,50
5549,353280,77.7248306274414,84
5550,353280,36.852684020996094,43
5551,353280,88.6762466430664,95
5552,353280,74.76826477050781,81
5553,353280,37.656951904296875,44
5554,353536,93.10037231445312,99
5555,353536,55.98416519165039,62
5556,353536,83.13508605957031,90
5557,353536,47.62487030029297,55
5558,353536,47.463768005371094,53
5559,353536,37.79665756225586,44
5560,353536,60.56382369995117,67
5561,353792,57.420745849609375,64
5562,353792,175.2587432861328,181
5563,353792,64.40007019042969,71
5564,354048,25.237802505493164,31
5565,354048,83.40326690673828,90
5566,354048,60.218109130859375,67
5567,354048,64.17620086669922,70
5568,354048,111.53045654296875,118
5569,354304,81.76030731201172,88
5570,354304,51.241580963134766,58
5571,354304,27.96747589111328,34
5572,354560,57.92250442504883,64
5573,354816,36.98876953125,43
5574,354816,45.612831115722656,52
5575,354816,56.28738784790039,63
5576,354816,78.07808685302734,84
5577,354816,119.26443481445312,126
5578,355072,35.02134323120117,41
5579,355072,35.8341178894043,42
5580,355328,61.25297164916992,67
5581,355328,52.97404098510742,59
5582,355584,66.98582458496094,73
5583,355840,39.24324417114258,45
5584,355840,160.5818634033203,167
5585,355840,104.36666870117188,111
5586,355840,39.63772201538086,46
5587,356096,50.38943862915039,57
5588,356352,79.59732818603516,86
5589,356352,38.90046310424805,45
5590,356352,72.02718353271484,78
5591,356352,46.18737030029297,53
5592,356352,92.60967254638672,98
5593,356608,76.60348510742188,83
5594,356608,38.03779220581055,44
5595,356608,39.4471435546875,46
5596,356608,80.08793640136719,86
5597,356864,40.85337448120117,47
5598,356864,82.38826751708984,89
5599,356864,74.4507064819336,81
5600,356864,71.22118377685547,78
5601,356864,52.76817321777344,59
5602,357120,80.3746337890625,86
5603,357120,40.27857971191406,47
5604,357120,105.84831237792969,112
5605,357120,59.94630432128906,66
5606,357376,30.81942367553711,37
5607,357376,65.11807250976562,71
5608,357376,37.20907974243164,43
5609,357376,191.15676879882812,197
5610,357376,144.10037231445312,150
5611,357376,112.14630889892578,118
5612,357632,43.782203674316406,50
5613,357632,39.365692138671875,45
5614,357888,48.8211784362793,55
5615,357888,36.726295471191406,43
5616,357888,34.59567642211914,41
5617,358144,84.09947204589844,91
5618,358144,36.72747039794922,43
5619,358144,100.91214752197266,107
5620,358144,29.068164825439453,35
5621,358144,176.2056121826172,182
5622,358144,73.75221252441406,80
5623,358400,92.47096252441406,99
5624,358400,37.672760009765625,44
5625,358400,115.10406494140625,121
5626,358400,68.83831024169922,75
5627,358400,42.039466857910156,48
5628,358400,106.52986907958984,113
5629,358656,99.39910125732422,105
5630,358656,40.70964050292969,47
5631,358656,68.72049713134766,75
5632,358656,52.078399658203125,59
5633,358912,75.10769653320312,82
5634,358912,169.52679443359375,176
5635,359168,79.53654479980469,86
5636,359168,60.46345901489258,67
5637,359424,52.84325408935547,59
5638,359424,77.21736907958984,83
5639,359680,60.811519622802734,67
5640,359680,38.789424896240234,45
5641,359680,37.337432861328125,44
5642,359680,61.56507873535156,68
5643,359936,49.607757568359375,56
5644,360192,37.10762405395508,44
5645,360192,73.53327178955078,80
5646,360192,59.97361373901367,67
5647,360192,42.52323532104492,49
5648,360192,67.73859405517578,74
5649,360192,68.38638305664062,75
5650,360448,115.56975555419922,122
5651,360448,108.63768768310547,115
5652,360704,58.987178802490234,66
5653,360704,46.193687438964844,52
5654,360704,30.41090202331543,36
5655,360704,58.41839599609375,65
5656,360960,147.56576538085938,154
5657,360960,35.71400833129883,42
5658,361216,67.19023895263672,74
5659,361216,100.20668029785156,107
5660,361216,93.8847427368164,100
5661,361216,72.12380981445312,78
5662,361216,63.039390563964844,69
5663,361472,62.605960845947266,69
5664,361472,78.8276138305664,85
5665,361472,90.7403564453125,97
5666,361472,53.03826904296875,60
5667,361728,76.7601089477539,83
5668,361728,222.85726928710938,229
5669,361728,105.10749816894531,111
5670,361984,109.86764526367188,116
5671,361984,59.88326644897461,66
5672,362240,30.577646255493164,37
5673,362240,72.65238189697266,79
5674,362240,47.961055755615234,54
5675,362496,52.63650894165039,59
5676,362496,55.03200912475586,62
5677,362496,39.78215789794922,46
5678,362752,94.59403991699219,100
5679,362752,86.98649597167969,94
5680,362752,41.41047286987305,47
5681,363008,96.94315338134766,104
5682,363008,72.16463470458984,79
5683,363264,34.808380126953125,41
5684,363264,79.72611999511719,86
5685,363264,59.2972412109375,66
5686,363264,96.0696792602539,102
5687,363520,45.160892486572266,52
5688,363520,56.02389907836914,62
5689,363520,54.693965911865234,61
5690,363520,186.52664184570312,193
5691,363520,94.16289520263672,101
5692,363776,112.57579803466797,119
5693,363776,86.7123031616211,93
5694,363776,89.91458892822266,96
5695,363776,99.63699340820312,107
5696,363776,60.94404983520508,67
5697,364032,149.63995361328125,156
5698,364032,68.59232330322266,75
5699,364288,151.73019409179688,158
5700,364288,75.8521957397461,82
5701,364288,45.80419921875,53
5702,364288,110.61396789550781,117
5703,364288,42.904632568359375,49
5704,364544,39.30522918701172,46
5705,364544,48.935672760009766,55
5706,364544,110.40644073486328,117
5707,364544,67.38814544677734,74
5708,364544,111.76294708251953,118
5709,364800,39.999656677246094,46
5710,364800,53.935855865478516,60
5711,365056,53.215660095214844,60
5712,365056,78.97129821777344,86
5713,365056,43.393211364746094,50
5714,365312,128.72714233398438,135
5715,365312,39.90929412841797,46
5716,365312,41.28871154785156,48
5717,365312,127.72978210449219,134
5718,365568,49.109046936035156,56
5719,365568,37.393211364746094,44
5720,365824,68.9542007446289,76
5721,366080,31.841135025024414,38
5722,366080,39.65438461303711,46
5723,366080,41.15359115600586,47
5724,366336,63.497859954833984,70
5725,366336,41.5220947265625,48
5726,366592,115.7728500366211,122
5727,366592,40.0601806640625,46
5728,366848,26.11433982849121,32
5729,366848,56.21018981933594,63
5730,366848,75.12964630126953,81
5731,367104,49.74281692504883,56
5732,367104,31.96491813659668,38
5733,367360,61.22549057006836,68
5734,367360,46.28301239013672,53
5735,367360,81.67056274414062,88
5736,367360,104.78616333007812,112
5737,367616,51.22136688232422,57
5738,367872,89.4880142211914,96
5739,368128,30.935104370117188,37
5740,368128,100.00125122070312,107
5741,368128,32.81724166870117,39
5742,368128,77.27964782714844,84
5743,368384,34.776100158691406,41
5744,368384,57.8155403137207,64
5745,368384,89.91866302490234,96
5746,368384,42.66081237792969,49
5747,368384,39.358299255371094,46
5748,368640,63.39760971069336,70
5749,368640,109.01245880126953,115
5750,368640,64.23948669433594,70
5751,368896,83.64344024658203,90
5752,368896,43.61208724975586,49
5753,368896,103.71786499023438,110
5754,369152,63.602378845214844,70
5755,369152,56.44092559814453,63
5756,369152,72.64213562011719,79
5757,369152,100.10438537597656,106
5758,369408,54.9839973449707,62
5759,369408,91.41917419433594,98
5760,369408,58.68110656738281,65
5761,369664,40.3571662902832,47
5762,369664,48.422386169433594,55
5763,369664,42.15325164794922,49
5764,369664,44.24362564086914,51
5765,369664,80.37335205078125,87
5766,369920,146.9599609375,153
5767,370176,33.186458587646484,39
5768,370176,36.7154426574707,43
5769,370432,46.25956726074219,52
5770,370432,40.93004608154297,47
5771,370432,75.91443634033203,83
5772,370432,45.633323669433594,52
5773,370432,34.51998519897461,41
5774,370688,53.39476776123047,60
5775,370944,62.084964752197266,68
5776,370944,90.6346206665039,97
5777,370944,98.283935546875,105
5778,371456,80.98690032958984,88
5779,371456,40.65999984741211,47
5780,371456,35.132728576660156,41
5781,371456,63.455810546875,70
5782,371456,57.48283386230469,64
5783,371456,51.71392059326172,58
5784,371712,54.46061325073242,61
5785,371712,62.2812385559082,69
5786,371712,60.047698974609375,66
5787,371712,93.10054016113281,99
5788,371712,59.2325439453125,65
5789,371968,48.98247528076172,55
5790,371968,35.85090637207031,42
5791,371968,48.59861755371094,55
5792,371968,97.8755874633789,104
5793,372224,29.253875732421875,35
5794,372224,36.31804275512695,42
5795,372224,80.74888610839844,87
5796,372224,85.66201782226562,92
5797,372224,46.935585021972656,53
5798,372224,67.14905548095703,73
5799,372224,41.27016830444336,47
5800,372480,213.35458374023438,220
5801,372480,53.06168746948242,59
5802,372480,77.08113861083984,83
5803,372480,68.05936431884766,74
5804,372480,45.52577590942383,52
5805,372736,55.332000732421875,62
5806,372736,94.26194763183594,101
5807,372992,77.76422119140625,84
5808,372992,79.98645782470703,86
5809,372992,27.314626693725586,33
5810,372992,73.36213684082031,80
5811,373248,39.24276351928711,46
5812,373248,72.07184600830078,78
5813,373248,51.893516540527344,58
5814,373248,57.053409576416016,63
5815,373504,45.034446716308594,51
5816,373504,75.58092498779297,82
5817,373760,67.89899444580078,74
5818,373760,62.194705963134766,68
5819,373760,38.90437316894531,45
5820,373760,113.4211654663086,119
5821,374016,65.8183364868164,73
5822,374016,55.48396301269531,62
5823,374016,54.68687057495117,61
5824,374016,71.70307922363281,78
5825,374272,63.454139709472656,70
5826,374272,60.20054244995117,66
5827,374272,32.35658264160156,38
5828,374528,33.71902847290039,40
5829,374784,32.14313507080078,38
5830,374784,60.3719482421875,67
5831,374784,228.8406524658203,235
5832,374784,207.08868408203125,213
5833,375296,65.97367095947266,72
5834,375296,50.3140869140625,57
5835,375296,156.4898681640625,163
5836,375552,53.722747802734375,60
5837,375552,41.49748611450195,48
5838,375552,31.15163803100586,37
5839,375552,40.351417541503906,46
5840,375552,31.757247924804688,38
5841,375808,38.05265426635742,44
5842,375808,100.63253784179688,107
5843,375808,191.97715759277344,198
5844,375808,49.35192108154297,56
5845,376064,39.7043571472168,46
5846,376064,63.19926834106445,70
5847,376320,199.21144104003906,205
5848,376320,62.987892150878906,70
5849,376320,98.65827178955078,105
5850,376320,70.60441589355469,77
5851,376320,188.31915283203125,194
5852,376320,62.26997375488281,68
5853,376320,83.61852264404297,89
5854,376320,40.440460205078125,47
5855,376576,37.59785842895508,44
5856,376832,80.3741226196289,87
5857,377088,114.24234771728516,120
5858,377088,46.01612854003906,52
5859,377088,57.555015563964844,64
5860,377088,70.69406127929688,77
5861,377344,118.66175842285156,125
5862,377344,33.106746673583984,39
5863,377344,33.82452392578125,40
5864,377344,30.240264892578125,37
5865,377600,43.64283752441406,50
5866,377600,53.83323287963867,61
5867,377600,170.94253540039062,177
5868,377856,75.29013061523438,82
5869,377856,45.587646484375,52
5870,377856,60.37286376953125,67
5871,377856,107.7387466430664,114
5872,377856,94.40602111816406,101
5873,378112,42.50619888305664,49
5874,378112,66.0489501953125,72
5875,378112,76.60472869873047,83
5876,378368,40.60748291015625,47
5877,378368,28.111839294433594,34
5878,378368,88.97868347167969,95
5879,378624,92.64925384521484,99
5880,378624,46.79879379272461,54
5881,378624,66.48686981201172,72
5882,378624,54.49715042114258,61
5883,378624,42.38957214355469,49
5884,378880,107.1705093383789,113
5885,378880,54.321590423583984,61
5886,378880,79.49181365966797,86
5887,378880,61.753509521484375,69
5888,378880,101.79977416992188,108
5889,379136,51.02970504760742,58
5890,379136,42.005680084228516,49
5891,379136,29.23684310913086,35
5892,379648,57.0098876953125,63
5893,379648,114.11700439453125,120
5894,379648,48.67269515991211,55
5895,379648,44.697200775146484,51
5896,379648,99.61624145507812,106
5897,380160,98.58470153808594,105
5898,380416,122.88591766357422,129
5899,380416,57.935096740722656,64
5900,380416,93.23916625976562,100
5901,380672,99.03582000732422,105
5902,380928,40.39769744873047,47
5903,380928,35.89188003540039,42
5904,380928,81.9728012084961,89
5905,381184,56.33568572998047,62
5906,381184,35.9254035949707,42
5907,381440,68.88695526123047,75
5908,381440,44.30772018432617,51
5909,381440,70.6280288696289,77
5910,381440,206.91824340820312,213
5911,381440,100.0362548828125,106
5912,381696,42.274070739746094,49
5913,381696,31.231386184692383,37
5914,381696,49.36029052734375,56
5915,381952,128.864990234375,135
5916,381952,42.55104064941406,49
5917,381952,169.35501098632812,176
5918,381952,58.97129440307617,66
5919,381952,74.57978057861328,81
5920,382208,32.749977111816406,39
5921,382208,53.515830993652344,60
5922,382464,63.141910552978516,70
5923,382464,148.60287475585938,155
5924,382464,56.210792541503906,63
5925,382720,49.43772888183594,56
5926,382720,249.8512420654297,257
5927,382720,69.17759704589844,75
5928,382720,49.712467193603516,56
5929,382976,50.43657302856445,57
5930,382976,44.62425231933594,51
5931,383232,34.89099884033203,41
5932,383488,75.57685852050781,82
5933,383488,37.754573822021484,44
5934,383744,80.26350402832031,86
5935,384000,51.94796371459961,58
5936,384000,54.65403747558594,60
5937,384000,214.82638549804688,221
5938,384000,54.303199768066406,62
5939,384000,51.033355712890625,58
5940,384256,98.7807388305664,105
5941,384512,78.66320037841797,85
5942,384512,96.99385070800781,103
5943,384512,90.27103424072266,97
5944,384512,105.83827209472656,112
5945,384768,76.12184143066406,82
5946,384768,107.08515930175781,113
5947,384768,45.47724151611328,52
5948,385024,224.77732849121094,231
5949,385024,76.58213806152344,83
5950,385280,81.9720458984375,89
5951,385280,39.113521575927734,46
5952,385280,148.82150268554688,155
5953,385536,109.64673614501953,116
5954,385536,30.86051368713379,37
5955,385536,39.34130096435547,46
5956,385792,81.126953125,88
5957,385792,101.93180084228516,108
5958,386048,121.97816467285156,128
5959,386048,49.93658447265625,56
5960,386048,50.04218673706055,56
5961,386048,109.95529174804688,116
5962,386048,119.48452758789062,126
5963,386304,44.3624153137207,51
5964,386304,23.383270263671875,29
5965,386304,53.643489837646484,60
5966,386560,73.46641540527344,80
5967,386560,117.71402740478516,124
5968,386560,45.54271697998047,52
5969,386560,95.37808227539062,101
5970,386816,53.96097183227539,60
5971,386816,31.661653518676758,38
5972,386816,50.41251754760742,57
5973,386816,124.89051818847656,131
5974,387072,136.9706573486328,143
5975,387072,151.8555908203125,158
5976,387072,91.56394958496094,98
5977,387072,69.72025299072266,76
5978,387072,66.91046142578125,74
5979,387072,55.78105926513672,63
5980,387328,39.388484954833984,46
5981,387328,80.02409362792969,86
5982,387328,66.8986587524414,73
5983,387328,51.779258728027344,58
5984,387584,81.71936798095703,88
5985,387584,90.9046630859375,97
5986,387584,39.823970794677734,46
5987,387584,34.41106033325195,41
5988,387584,108.10375213623047,114
5989,387840,42.03385925292969,48
5990,387840,57.94830322265625,64
5991,387840,45.37506103515625,52
5992,387840,88.86491394042969,95
5993,387840,97.5611343383789,104
5994,388096,74.63562774658203,81
5995,388096,140.49598693847656,146
5996,388352,36.680782318115234,43
5997,388352,63.44137191772461,70
5998,388352,235.9376983642578,242
5999,388608,97.1176528930664,103
6000,388608,64.24479675292969,71
6001,388608,111.03790283203125,117
6002,388608,52.510982513427734,60
6003,388608,89.3646469116211,96
6004,388608,43.5625,50
6005,388608,59.72119903564453,66
6006,388864,99.98023223876953,106
6007,388864,53.71459197998047,61
6008,389120,53.322288513183594,60
6009,389120,43.49898910522461,50
6010,389120,135.3704376220703,142
6011,389120,55.37113571166992,61
6012,389120,72.8002700805664,79
6013,389632,112.10595703125,118
6014,389632,39.81142044067383,46
6015,389632,105.29039764404297,112
6016,389888,46.32686996459961,53
6017,389888,41.30025863647461,48
6018,389888,43.39448928833008,50
6019,390144,76.56211853027344,83
6020,390144,79.67698669433594,86
6021,390144,53.84823989868164,60
6022,390144,79.41157531738281,86
6023,390400,99.13259887695312,105
6024,390656,39.98276901245117,47
6025,390656,102.04244232177734,108
6026,390656,35.52728271484375,41
6027,390656,87.35603332519531,93
6028,390912,32.446956634521484,38
6029,390912,58.62638854980469,65
6030,390912,65.89008331298828,72
6031,391168,141.5380096435547,148
6032,391168,48.99303436279297,55
6033,391168,41.15299606323242,48
6034,391424,127.2991714477539,133
6035,391680,68.06256866455078,75
6036,391680,48.332244873046875,55
6037,391680,47.345272064208984,54
6038,391936,197.95901489257812,204
6039,391936,104.31446838378906,110
6040,392448,52.445396423339844,59
6041,392448,56.65712356567383,63
6042,392448,62.716407775878906,69
6043,392448,35.130802154541016,41
6044,392704,51.48931884765625,58
6045,392704,39.593502044677734,46
6046,392704,68.2088394165039,74
6047,392960,58.69654846191406,65
6048,392960,46.12632369995117,52
6049,392960,45.93653869628906,52
6050,392960,109.4851303100586,115
6051,392960,76.65094757080078,83
6052,392960,61.83042907714844,68
6053,393216,130.1161651611328,136
6054,393216,36.57492446899414,43
6055,393216,24.445165634155273,30
6056,393216,125.11670684814453,131
6057,393472,123.02403259277344,129
6058,393472,36.457916259765625,43
6059,393472,51.08368682861328,58
6060,393728,27.08661651611328,33
6061,393728,96.63285064697266,103
6062,393728,104.10784149169922,111
6063,393728,55.195884704589844,62
6064,393728,32.01856231689453,38
6065,393984,169.53074645996094,176
6066,393984,64.3201904296875,71
6067,393984,70.7778091430664,77
6068,394240,37.880367279052734,44
6069,394240,76.71919250488281,83
6070,394240,84.64485931396484,91
6071,394496,163.77029418945312,170
6072,394496,60.450477600097656,67
6073,394496,37.59489059448242,44
6074,394496,68.98250579833984,75
6075,394496,28.718914031982422,35
6076,394752,35.636802673339844,42
6077,394752,60.94729232788086,67
6078,394752,81.48868560791016,88
6079,394752,57.170867919921875,64
6080,394752,37.63774871826172,44
6081,394752,58.820457458496094,65
6082,395008,92.13338470458984,99
6083,395008,35.595088958740234,42
6084,395008,74.83851623535156,81
6085,395008,66.91461944580078,73
6086,395264,51.729225158691406,58
6087,395264,71.80603790283203,78
6088,395264,66.69013977050781,74
6089,395264,58.828433990478516,65
6090,395520,36.991294860839844,43
6091,395520,77.24147033691406,84
6092,395520,71.76732635498047,78
6093,395776,31.83392333984375,38
6094,395776,27.697519302368164,34
6095,395776,122.93008422851562,129
6096,396288,51.87016296386719,58
6097,396288,171.57315063476562,178
6098,396288,137.17788696289062,143
6099,396288,63.451759338378906,70
6100,396288,86.88536071777344,93
6101,396544,174.6273651123047,181
6102,396544,203.74588012695312,210
6103,396544,64.27043151855469,71
6104,396800,110.66606903076172,117
6105,396800,90.25912475585938,97
6106,396800,49.444610595703125,56
6107,397056,53.94789505004883,60
6108,397056,72.71292877197266,79
6109,397056,30.8281307220459,37
6110,397056,64.46916198730469,71
6111,397312,184.13368225097656,190
6112,397312,41.57695388793945,48
6113,397312,39.44256591796875,46
6114,397312,43.52191162109375,50
6115,397568,98.53604125976562,105
6116,397824,29.372604370117188,35
6117,397824,96.2545394897461,103
6118,397824,89.92906951904297,97
6119,397824,58.16046142578125,64
6120,398080,109.65729522705078,116
6121,398080,40.643218994140625,47
6122,398336,208.5467071533203,215
6123,398336,73.22883605957031,80
6124,398592,64.83920288085938,71
6125,398592,25.29230308532715,31
6126,398592,34.20232391357422,40
6127,398848,56.9658088684082,63
6128,398848,43.61625289916992,50
6129,398848,60.09385681152344,66
6130,399104,75.62850952148438,82
6131,399104,35.01359939575195,41
6132,399360,66.08483123779297,72
6133,399360,64.25695037841797,70
6134,399360,42.32243347167969,48
6135,399360,99.85491180419922,106
6136,399360,61.31358337402344,67
6137,399616,42.4316520690918,48
6138,399616,63.76202392578125,70
6139,399616,43.962162017822266,51
6140,399616,27.818574905395508,34
6141,399872,85.867431640625,92
6142,399872,45.165897369384766,52
6143,399872,63.62759017944336,70
6144,399872,61.55364227294922,68
6145,400128,55.661216735839844,61
6146,400128,99.49362182617188,106
6147,400128,110.158203125,116
6148,400128,77.9110336303711,84
6149,400128,104.29317474365234,111
6150,400128,61.07362747192383,67
6151,400384,39.32135772705078,46
6152,400384,43.39198303222656,50
6153,400384,141.83078002929688,148
6154,400384,43.015960693359375,49
6155,400640,103.01144409179688,110
6156,400640,45.24482345581055,52
6157,400896,41.811946868896484,48
6158,400896,99.17170715332031,105
6159,400896,51.56999969482422,58
6160,400896,39.62408447265625,46
6161,400896,50.492984771728516,57
6162,400896,45.31275939941406,51
6163,401152,38.649383544921875,45
6164,401152,61.7138786315918,68
6165,401152,117.20442199707031,123
6166,401408,47.866966247558594,54
6167,401408,105.45503234863281,112
6168,401408,49.18816375732422,56
6169,401408,59.01793670654297,66
6170,401408,27.958484649658203,34
6171,401408,61.47541046142578,68
6172,401664,83.3841552734375,90
6173,401664,108.972412109375,116
6174,401664,70.35165405273438,77
6175,401664,245.0625762939453,252
6176,401920,51.17182922363281,58
6177,402176,55.63139343261719,62
6178,402432,85.42367553710938,92
6179,402432,43.2250862121582,50
6180,402688,52.56281280517578,59
6181,402688,106.09144592285156,112
6182,402944,49.07926559448242,56
6183,403200,145.06863403320312,152
6184,403200,46.38953399658203,53
6185,403456,58.24734115600586,65
6186,403456,74.93809509277344,81
6187,403456,125.71723175048828,132
6188,403456,116.75068664550781,123
6189,403456,78.50708770751953,85
6190,403712,100.09691619873047,106
6191,403712,61.23930740356445,67
6192,403712,117.3489990234375,124
6193,403712,61.60516357421875,68
6194,403968,102.4900894165039,109
6195,403968,33.73809814453125,40
6196,403968,71.7831802368164,78
6197,404224,118.48943328857422,125
6198,404224,31.02452278137207,37
6199,404224,33.90265655517578,40
6200,404224,45.894676208496094,53
6201,404224,37.00980758666992,43
6202,404224,107.21601867675781,113
6203,404224,197.99176025390625,204
6204,404224,38.14467239379883,44
6205,404224,111.27656555175781,118
6206,404480,69.96459197998047,77
6207,404480,79.24293518066406,85
6208,404992,51.86011505126953,58
6209,404992,85.60609436035156,92
6210,404992,40.627986907958984,47
6211,404992,35.88382339477539,42
6212,404992,46.38700866699219,53
6213,404992,48.33202362060547,54
6214,404992,80.87948608398438,87
6215,405248,100.1039047241211,106
6216,405248,49.24296569824219,55
6217,405504,85.74391174316406,92
6218,405504,27.006267547607422,33
6219,405504,90.19816589355469,96
6220,405504,37.45695495605469,44
6221,405760,31.140295028686523,37
6222,405760,35.062068939208984,41
6223,405760,49.955448150634766,57
6224,405760,44.7454948425293,51
6225,406016,54.888275146484375,62
6226,406016,136.39175415039062,143
6227,406016,44.25608444213867,51
6228,406016,128.4148712158203,135
6229,406272,49.49298095703125,56
6230,406528,37.099971771240234,44
6231,406528,70.28656005859375,77
6232,406528,95.47064971923828,102
6233,406528,46.33076477050781,52
6234,406528,48.814754486083984,55
6235,406784,142.7378387451172,149
6236,406784,45.39137268066406,51
6237,406784,34.96321487426758,41
6238,406784,93.77751922607422,100
6239,406784,45.48429870605469,52
6240,406784,44.28131866455078,51
6241,407040,42.49748229980469,49
6242,407040,40.77708435058594,47
6243,407296,21.54123306274414,27
6244,407296,26.212366104125977,32
6245,407552,68.9769058227539,75
6246,407552,98.03153991699219,105
6247,407552,128.3666229248047,135
6248,407808,140.0694122314453,146
6249,407808,38.146385192871094,44
6250,407808,78.66799926757812,85
6251,408064,31.025875091552734,37
6252,408064,41.82400894165039,48
6253,408064,57.2905158996582,64
6254,408064,39.657291412353516,46
6255,408320,61.967674255371094,69
6256,408320,107.18017578125,114
6257,408320,30.728771209716797,37
6258,408576,66.4657211303711,73
6259,408832,122.72412109375,129
6260,408832,183.9755401611328,190
6261,408832,72.8214340209961,79
6262,408832,61.238468170166016,67
6263,408832,75.9331283569336,82
6264,409088,41.633705139160156,48
6265,409088,55.76630783081055,62
6266,409088,58.76365661621094,65
6267,409088,53.69337463378906,60
6268,409088,157.70452880859375,164
6269,409088,39.962669372558594,46
6270,409088,46.61818313598633,53
6271,409344,43.72300338745117,50
6272,409344,57.13317108154297,64
6273,409344,149.90341186523438,156
6274,409344,40.7400016784668,47
6275,409600,90.25999450683594,97
6276,409600,47.92660903930664,55
6277,409600,31.80335235595703,38
6278,409600,86.5096664428711,93
6279,409856,128.0409698486328,134
6280,409856,62.60888671875,68
6281,409856,46.22431564331055,53
6282,410112,184.69122314453125,191
6283,410112,45.22203826904297,51
6284,410112,39.23759841918945,46
6285,410368,126.92684936523438,133
6286,410368,56.787452697753906,63
6287,410368,92.03215026855469,99
6288,410624,42.831809997558594,49
6289,410624,66.70738220214844,74
6290,410880,49.604496002197266,57
6291,410880,57.377906799316406,64
6292,410880,86.2519760131836,93
6293,410880,48.387290954589844,55
6294,411136,42.36022186279297,49
6295,411136,139.72462463378906,146
6296,411392,117.76799011230469,124
6297,411392,46.48619842529297,53
6298,411648,78.20379638671875,85
6299,411648,40.02064514160156,46
6300,411648,82.84266662597656,90
6301,411648,150.8994903564453,157
6302,411648,35.9055061340332,42
6303,411648,86.91010284423828,93
6304,411904,48.57126998901367,55
6305,411904,41.81976318359375,48
6306,411904,33.68927764892578,40
6307,412160,48.077476501464844,55
6308,412160,77.93675994873047,84
6309,412160,50.69871139526367,58
6310,412160,38.06501007080078,45
6311,412160,43.44002914428711,50
6312,412416,197.44052124023438,204
6313,412416,50.201332092285156,57
6314,412416,43.21085739135742,50
6315,412416,87.48733520507812,94
6316,412416,43.66990280151367,50
6317,412416,55.2667121887207,62
6318,412416,62.989105224609375,69
6319,412416,66.2909164428711,73
6320,412672,123.08068084716797,129
6321,412672,162.2159423828125,168
6322,412928,60.104652404785156,67
6323,412928,86.80884552001953,93
6324,412928,90.32440948486328,97
6325,412928,35.73781204223633,42
6326,412928,47.9569091796875,55
6327,413184,56.428466796875,62
6328,413184,34.70586013793945,41
6329,413184,133.54782104492188,140
6330,413440,118.2664566040039,125
6331,413440,53.69640350341797,61
6332,413440,81.12033081054688,88
6333,413440,31.477275848388672,38
6334,413696,68.14201354980469,74
6335,413696,58.4958610534668,65
6336,413696,99.03800201416016,105
6337,413952,36.60302734375,43
6338,413952,75.70895385742188,82
6339,413952,169.10943603515625,175
6340,414208,78.47240447998047,84
6341,414208,68.95800018310547,76
6342,414208,91.702880859375,98
6343,414464,70.77835845947266,77
6344,414464,45.62379837036133,53
6345,414464,101.39620208740234,108
6346,414720,45.84344482421875,52
6347,414720,46.64799499511719,53
6348,414976,63.34867477416992,70
6349,415232,38.150733947753906,44
6350,415232,51.52311706542969,58
6351,415488,37.82675552368164,44
6352,415488,53.29952621459961,60
6353,415488,78.94161987304688,86
6354,415488,40.686195373535156,47
6355,415744,48.97794723510742,56
6356,415744,38.76007843017578,45
6357,415744,215.46878051757812,222
6358,415744,54.25611114501953,61
6359,416000,49.88908004760742,57
6360,416000,49.500267028808594,56
6361,416256,51.8892707824707,58
6362,416512,42.0634765625,48
6363,416512,106.29845428466797,113
6364,416512,75.8863525390625,82
6365,416512,31.81363296508789,38
6366,416768,55.465003967285156,62
6367,416768,28.250595092773438,34
6368,417024,141.71986389160156,148
6369,417280,82.81969451904297,89
6370,417280,45.43644332885742,52
6371,417280,83.05215454101562,89
6372,417536,39.8505973815918,46
6373,417536,68.66803741455078,75
6374,417536,59.8680534362793,66
6375,417536,58.13405227661133,65
6376,417792,65.70499420166016,72
6377,417792,65.67713928222656,72
6378,418304,84.19354248046875,90
6379,418560,41.58785629272461,48
6380,418560,45.29963684082031,52
6381,418560,107.86357879638672,115
6382,418560,65.49993133544922,72
6383,418560,61.1982307434082,68
6384,419072,50.42525863647461,57
6385,419072,40.52031326293945,47
6386,419072,68.58273315429688,75
6387,419072,149.57736206054688,156
6388,419072,94.3600845336914,101
6389,419072,39.06182861328125,46
6390,419072,54.895477294921875,62
6391,419072,44.29550552368164,51
6392,419584,55.41773223876953,62
6393,419584,30.874242782592773,37
6394,419584,108.02058410644531,115
6395,419840,44.69523239135742,51
6396,419840,27.943965911865234,34
6397,419840,80.72114562988281,87
6398,420096,48.860107421875,55
6399,420096,46.96730422973633,53
6400,420096,27.152870178222656,33
6401,420096,51.4732551574707,58
6402,420096,40.137733459472656,47
6403,420096,119.94062805175781,126
6404,420096,52.63872528076172,59
6405,420352,37.7200927734375,44
6406,420352,84.69454956054688,92
6407,420352,69.6747817993164,76
6408,420864,39.86484146118164,46
6409,420864,58.97871780395508,66
6410,420864,154.5719757080078,161
6411,420864,40.041542053222656,46
6412,421120,46.28021240234375,53
6413,421120,50.0568962097168,57
6414,421120,46.13523864746094,52
6415,421120,33.969200134277344,40
6416,421376,40.435768127441406,47
6417,421376,77.82295227050781,85
6418,421376,59.6527099609375,67
6419,421376,126.91388702392578,133
6420,421376,41.669612884521484,48
6421,421376,79.7560806274414,86
6422,421376,63.85900115966797,70
6423,421632,103.40013885498047,110
6424,421632,72.54117584228516,79
6425,421632,130.46934509277344,137
6426,421632,135.23251342773438,142
6427,421632,99.23615264892578,105
6428,421888,64.47872161865234,71
6429,421888,56.493534088134766,64
6430,422144,99.04022979736328,106
6431,422400,110.41736602783203,117
6432,422400,231.6494598388672,238
6433,422400,67.48941040039062,74
6434,422400,43.17185592651367,50
6435,422400,34.55464553833008,41
6436,422400,46.96582794189453,53
6437,422656,55.7308235168457,62
6438,422912,51.14919662475586,57
6439,423168,49.43882369995117,56
6440,423168,62.97789764404297,69
6441,423424,49.637054443359375,56
6442,423424,134.56427001953125,141
6443,423680,150.91946411132812,157
6444,423680,75.49950408935547,82
6445,423680,69.61323547363281,76
6446,423936,47.332157135009766,54
6447,423936,67.03260040283203,74
6448,423936,40.84357452392578,47
6449,423936,131.5953369140625,138
6450,424192,40.53258514404297,47
6451,424192,71.33053588867188,78
6452,424192,58.5238151550293,65
6453,424448,75.66029357910156,82
6454,424448,67.45452880859375,74
6455,424704,90.3702621459961,97
6456,424704,40.98312759399414,48
6457,424960,56.30254364013672,62
6458,424960,189.69895935058594,196
6459,424960,78.04621887207031,84
6460,424960,90.05449676513672,97
6461,424960,42.33302307128906,49
6462,424960,68.80963897705078,76
6463,424960,134.7222137451172,141
6464,425216,316.8478088378906,323
6465,425216,65.94811248779297,72
6466,425216,56.559669494628906,63
6467,425216,85.62968444824219,93
6468,425472,120.62348175048828,127
6469,425472,139.63412475585938,146
6470,425472,61.07428741455078,68
6471,425472,52.844356536865234,59
6472,425728,34.84254455566406,41
6473,425728,43.04966735839844,50
6474,425984,118.97872161865234,125
6475,425984,87.85554504394531,94
6476,425984,58.0586051940918,65
6477,425984,97.61712646484375,104
6478,426240,72.82987976074219,80
6479,426240,50.388912200927734,57
6480,426240,43.63681411743164,50
6481,426496,90.94905090332031,97
6482,426496,77.52330017089844,84
6483,426752,61.00425720214844,67
6484,426752,45.713035583496094,52
6485,426752,36.2405891418457,42
6486,426752,136.96142578125,144
6487,427008,68.81535339355469,76
6488,427008,122.0739974975586,129
6489,427008,76.10309600830078,83
6490,427008,50.95036697387695,58
6491,427008,45.745704650878906,52
6492,427008,71.19351196289062,78
6493,427264,90.51908111572266,97
6494,427520,80.85649108886719,88
6495,427520,31.931581497192383,38
6496,427520,160.11585998535156,167
6497,427520,107.14407348632812,113
6498,427776,159.5736083984375,166
6499,427776,78.84578704833984,85
6500,428032,42.36143112182617,49
6501,428288,72.86663055419922,79
6502,428544,88.33728790283203,95
6503,428544,43.24498748779297,50
6504,428800,92.18389892578125,98
6505,428800,82.11781311035156,89
6506,428800,69.85601806640625,76
6507,429056,55.60569381713867,62
6508,429056,47.84858703613281,54
6509,429056,106.7907943725586,113
6510,429056,52.61771011352539,59
6511,429056,105.97348022460938,112
6512,429312,74.30338287353516,81
6513,429312,57.63920974731445,64
6514,429312,70.9371337890625,78
6515,429312,101.1436767578125,108
6516,429312,55.360260009765625,63
6517,429568,146.85220336914062,154
6518,429568,60.897789001464844,67
6519,429824,108.2717514038086,115
6520,429824,67.6673812866211,74
6521,429824,71.5358657836914,78
6522,429824,51.137962341308594,58
6523,430080,38.56282043457031,45
6524,430080,77.35714721679688,83
6525,430336,86.6883544921875,93
6526,430336,66.50491333007812,73
6527,430336,78.253662109375,84
6528,430592,48.29826354980469,55
6529,430592,28.26946258544922,34
6530,430848,64.91876220703125,72
6531,431104,47.523277282714844,54
6532,431104,45.41716384887695,52
6533,431104,72.50623321533203,79
6534,431104,30.30983543395996,36
6535,431360,59.26420974731445,66
6536,431360,111.25923919677734,118
6537,431360,41.410762786865234,48
6538,431360,81.16461944580078,88
6539,431616,49.85206604003906,56
6540,431616,66.8638687133789,73
6541,431616,33.93906021118164,40
6542,431616,64.80838775634766,71
6543,431872,91.38541412353516,98
6544,431872,100.82388305664062,107
6545,431872,149.8765411376953,156
6546,431872,45.71247482299805,52
6547,431872,33.77481460571289,40
6548,432128,54.74091339111328,62
6549,432128,54.79171371459961,61
6550,432384,71.69464111328125,79
6551,432384,62.837188720703125,69
6552,432640,157.3376922607422,163
6553,432640,75.1192855834961,82
6554,432640,39.081138610839844,46
6555,432640,65.93495178222656,72
6556,432896,43.914886474609375,50
6557,432896,172.88925170898438,179
6558,432896,80.29178619384766,87
6559,432896,65.25001525878906,72
6560,433152,104.23086547851562,110
6561,433152,92.56880950927734,99
6562,433152,76.76905822753906,83
6563,433664,49.91156768798828,57
6564,433920,97.98114013671875,104
6565,433920,37.29152297973633,44
6566,434176,126.57272338867188,133
6567,434176,44.445621490478516,51
6568,434176,36.54750442504883,43
6569,434176,29.401111602783203,36
6570,434432,31.02157974243164,37
6571,434432,66.26203155517578,73
6572,434432,56.020503997802734,62
6573,434688,112.75273132324219,119
6574,434688,147.3141326904297,154
6575,434944,89.86309814453125,96
6576,434944,80.81107330322266,87
6577,434944,46.1866569519043,53
6578,434944,86.06998443603516,92
6579,435200,56.98572540283203,63
6580,435200,92.99402618408203,99
6581,435200,67.9884262084961,75
6582,435200,81.94500732421875,89
6583,435456,44.929840087890625,51
6584,435456,77.36946105957031,84
6585,435456,168.82818603515625,176
6586,435712,79.21083068847656,86
6587,435712,153.98695373535156,161
6588,435712,66.83452606201172,74
6589,435712,33.64597702026367,40
6590,435968,34.652130126953125,41
6591,435968,52.90180969238281,59
6592,436224,41.33637619018555,48
6593,436224,49.9085693359375,57
6594,436224,154.46640014648438,161
6595,436224,118.66862487792969,125
6596,436224,48.102012634277344,55
6597,436480,43.98046875,51
6598,436480,28.739391326904297,35
6599,436736,53.520111083984375,60
6600,436736,87.73141479492188,94
6601,436736,62.339820861816406,69
6602,436736,67.48854064941406,75
6603,436992,77.0391845703125,83
6604,436992,38.75590896606445,45
6605,436992,63.76841735839844,70
6606,436992,88.86991882324219,96
6607,436992,94.65239715576172,101
6608,436992,33.53140640258789,40
6609,437248,67.41609191894531,74
6610,437248,57.71542739868164,64
6611,437504,41.75065994262695,48
6612,437504,65.48344421386719,72
6613,437760,56.722389221191406,63
6614,437760,38.21828079223633,44
6615,438016,49.8051872253418,57
6616,438016,57.989013671875,66
6617,438272,44.70181655883789,52
6618,438272,41.112281799316406,48
6619,438272,66.50847625732422,72
6620,438528,30.47142219543457,36
6621,438528,134.98634338378906,141
6622,438528,87.70458984375,94
6623,438528,56.672767639160156,63
6624,439040,209.16439819335938,215
6625,439040,67.60472106933594,74
6626,439040,95.09656524658203,102
6627,439296,67.22750091552734,75
6628,439296,102.61415100097656,109
6629,439552,82.34115600585938,89
6630,439808,34.60475540161133,41
6631,439808,50.44631576538086,57
6632,440064,153.91661071777344,160
6633,440064,66.15206909179688,72
6634,440320,120.7478256225586,127
6635,440320,43.08633804321289,50
6636,440320,128.4625701904297,135
6637,440320,67.31927490234375,74
6638,440320,103.40308380126953,110
6639,440320,101.39918518066406,109
6640,440320,147.62521362304688,154
6641,440320,40.51954650878906,47
6642,440576,32.657596588134766,39
6643,440832,111.05435943603516,118
6644,440832,56.02475357055664,62
6645,440832,57.972076416015625,64
6646,440832,126.07662200927734,133
6647,441088,94.05337524414062,100
6648,441088,85.91270446777344,92
6649,441088,91.88711547851562,99
6650,441088,66.7823715209961,73
6651,441088,79.94258880615234,86
6652,441088,55.405029296875,62
6653,441344,100.287109375,107
6654,441344,98.38592529296875,104
6655,441344,237.61187744140625,244
6656,441344,49.59496307373047,56
6657,441344,67.39470672607422,74
6658,441600,51.70453643798828,58
6659,441600,33.87184524536133,40
6660,441856,62.90981674194336,69
6661,441856,119.75608825683594,126
6662,441856,77.41874694824219,85
6663,441856,38.322174072265625,45
6664,441856,104.73320770263672,111
6665,442112,139.03826904296875,145
6666,442112,42.01821517944336,48
6667,442112,78.57936096191406,85
6668,442112,41.32326126098633,48
6669,442112,93.32349395751953,100
6670,442112,125.27581787109375,132
6671,442112,177.61929321289062,184
6672,442624,53.71737289428711,60
6673,442624,75.70242309570312,83
6674,442880,52.47897720336914,59
6675,442880,105.7242202758789,112
6676,442880,108.23170471191406,114
6677,442880,105.76742553710938,112
6678,442880,44.947139739990234,52
6679,443136,64.56027221679688,72
6680,443136,54.2740364074707,61
6681,443392,59.04225540161133,67
6682,443392,117.63468933105469,124
6683,443392,40.81624221801758,47
6684,443392,61.776527404785156,69
6685,443392,42.01166915893555,48
6686,443392,65.15265655517578,72
6687,443392,85.9605484008789,93
6688,443392,57.32199478149414,65
6689,443648,219.30618286132812,226
6690,443648,30.513507843017578,37
6691,443648,103.6051025390625,110
6692,443648,58.49330520629883,65
6693,443904,71.27482604980469,78
6694,443904,87.38702392578125,94
6695,443904,43.91990280151367,50
6696,444160,40.182456970214844,46
6697,444416,124.21341705322266,131
6698,444416,55.64126968383789,62
6699,444416,75.1153793334961,81
6700,444416,74.59890747070312,81
6701,444416,48.61590576171875,55
6702,444672,62.463233947753906,69
6703,444672,89.90801239013672,96
6704,444672,101.9709243774414,108
6705,444928,45.26851272583008,52
6706,444928,93.26167297363281,99
6707,444928,55.596893310546875,62
6708,444928,32.90121078491211,39
6709,444928,78.36555480957031,85
6710,445184,32.8552360534668,39
6711,445184,86.99858093261719,94
6712,445184,57.22288513183594,64
6713,445440,93.43748474121094,100
6714,445696,74.5689468383789,81
6715,445696,44.78227996826172,51
6716,445696,71.00416564941406,77
6717,445952,48.190582275390625,54
6718,445952,31.651782989501953,38
6719,446208,32.90365219116211,39
6720,446464,38.56907653808594,45
6721,446464,142.47445678710938,149
6722,446720,48.55121994018555,55
6723,446720,135.3498992919922,142
6724,446720,62.863712310791016,69
6725,446720,103.38396453857422,110
6726,446720,66.54669952392578,73
6727,446976,57.639583587646484,64
6728,446976,68.76982116699219,75
6729,446976,60.55659866333008,67
6730,447232,47.715518951416016,55
6731,447232,71.64390563964844,79
6732,447232,63.83507537841797,71
6733,447488,91.12134552001953,98
6734,447488,49.72721481323242,56
6735,447488,221.6690216064453,228
6736,447744,51.46271896362305,59
6737,447744,101.15080261230469,108
6738,447744,96.61878967285156,103
6739,448000,36.51346969604492,43
6740,448000,185.35321044921875,192
6741,448000,56.66054153442383,64
6742,448256,26.878616333007812,33
6743,448768,83.3561019897461,90
6744,448768,102.37612915039062,108
6745,448768,50.008644104003906,56
6746,449024,91.99427032470703,99
6747,449280,52.4423828125,59
6748,449536,84.43604278564453,91
6749,449536,87.64886474609375,96
6750,449536,58.40366744995117,65
6751,449536,137.06112670898438,143
6752,449536,117.89676666259766,125
6753,449536,48.29667663574219,55
6754,449792,70.07064056396484,77
6755,449792,119.3198013305664,126
6756,449792,28.235095977783203,34
6757,449792,62.82272720336914,70
6758,449792,56.39814376831055,63
6759,449792,140.5171661376953,147
6760,450048,150.8975372314453,157
6761,450304,111.60757446289062,118
6762,450304,69.12673950195312,75
6763,450304,152.86656188964844,159
6764,450304,56.815818786621094,63
6765,450304,66.58255004882812,73
6766,450560,76.29795837402344,83
6767,450560,46.89554214477539,54
6768,450560,92.08772277832031,98
6769,450560,69.00907897949219,76
6770,450560,55.07839584350586,62
6771,450560,46.853485107421875,54
6772,450560,45.908939361572266,52
6773,450560,50.795753479003906,58
6774,450560,52.042484283447266,58
6775,450816,49.47030258178711,56
6776,450816,119.7867660522461,126
6777,451072,68.16053771972656,75
6778,451072,174.00157165527344,180
6779,451072,49.97359085083008,56
6780,451072,33.74541473388672,40
6781,451328,95.34500885009766,102
6782,451328,53.789337158203125,60
6783,451328,26.16522979736328,32
6784,451584,115.83428955078125,122
6785,451584,44.03048324584961,51
6786,451584,119.05851745605469,125
6787,451840,148.03114318847656,154
6788,451840,34.910423278808594,41
6789,451840,116.48036193847656,123
6790,451840,72.88978576660156,79
6791,451840,72.38475799560547,80
6792,451840,43.34580993652344,50
6793,451840,34.69309997558594,41
6794,451840,51.32533645629883,58
6795,452352,185.28384399414062,192
6796,452608,82.9614028930664,90
6797,452608,93.67797088623047,100
6798,452864,26.231361389160156,32
6799,452864,174.2473907470703,181
6800,452864,55.46662902832031,62
6801,452864,55.60413360595703,62
6802,452864,42.19081497192383,49
6803,452864,298.67266845703125,305
6804,453120,58.8936767578125,66
6805,453120,217.36264038085938,224
6806,453120,41.68082809448242,48
6807,453120,31.663818359375,38
6808,453120,111.35578918457031,118
6809,453120,76.2242431640625,82
6810,453120,30.71319007873535,37
6811,453376,134.28712463378906,141
6812,453376,37.67945861816406,44
6813,453376,64.73450469970703,71
6814,453632,119.74292755126953,126
6815,453632,64.61553192138672,71
6816,453632,49.16257858276367,56
6817,453632,89.72977447509766,96
6818,453888,152.4757537841797,159
6819,453888,46.06942367553711,53
6820,454144,72.9720687866211,79
6821,454144,61.20897674560547,68
6822,454144,43.32501220703125,49
6823,454144,112.10198211669922,118
6824,454400,58.23762893676758,65
6825,454400,101.508056640625,108
6826,454400,85.56681060791016,92
6827,454400,92.90755462646484,99
6828,454656,47.06010055541992,53
6829,454656,90.25418090820312,97
6830,454912,124.00344848632812,130
6831,454912,48.8277587890625,55
6832,454912,143.32565307617188,150
6833,454912,46.64726638793945,53
6834,454912,39.12249755859375,45
6835,455168,56.22205352783203,63
6836,455168,35.21906280517578,41
6837,455168,134.48373413085938,141
6838,455168,108.23703002929688,114
6839,455936,48.166568756103516,55
6840,455936,117.06661224365234,124
6841,455936,40.91691589355469,47
6842,455936,48.57492446899414,55
6843,455936,38.66122817993164,45
6844,456192,152.59251403808594,159
6845,456192,64.733642578125,71
6846,456448,101.94169616699219,108
6847,456448,64.49893951416016,71
6848,456448,89.7851791381836,96
6849,456704,60.474327087402344,67
6850,456704,54.213829040527344,61
6851,456960,128.88702392578125,135
6852,456960,44.84234619140625,52
6853,456960,31.91577911376953,38
6854,456960,37.91485595703125,44
6855,457216,36.2076530456543,43
6856,457216,43.850135803222656,50
6857,457216,83.79862213134766,90
6858,457472,83.9968032836914,90
6859,457472,46.467628479003906,53
6860,457472,90.8214111328125,97
6861,457472,44.694461822509766,51
6862,457472,80.52696990966797,87
6863,457728,34.25564193725586,40
6864,457728,54.61037063598633,61
6865,457728,33.851768493652344,40
6866,457984,59.31243896484375,66
6867,457984,78.12733459472656,85
6868,457984,60.178043365478516,66
6869,458240,59.748558044433594,67
6870,458240,61.71553039550781,68
6871,458240,84.43142700195312,91
6872,458240,57.13368225097656,64
6873,458496,63.6937370300293,71
6874,458496,62.60389709472656,70
6875,458496,51.44021224975586,59
6876,458496,76.64962768554688,84
6877,458496,31.703611373901367,38
6878,458496,36.30937576293945,42
6879,458752,94.01766204833984,101
6880,458752,109.02579498291016,115
6881,458752,61.6119499206543,68
6882,459008,45.44164276123047,52
6883,459008,90.21288299560547,96
6884,459008,49.76464080810547,56
6885,459008,27.49039649963379,33
6886,459264,37.985633850097656,44
6887,459264,124.20659637451172,130
6888,459264,57.04007339477539,64
6889,459264,96.4922866821289,103
6890,459264,75.8547592163086,82
6891,459264,88.96048736572266,95
6892,459520,107.77030944824219,114
6893,459520,109.08204650878906,115
6894,459520,63.597476959228516,70
6895,459776,33.0952033996582,39
6896,459776,123.81581115722656,130
6897,459776,70.49297332763672,77
6898,460032,131.3052520751953,138
6899,460288,147.8547821044922,154
6900,460288,72.85629272460938,79
6901,460288,45.76567077636719,53
6902,460288,61.761600494384766,68
6903,460544,90.36402893066406,97
6904,460544,36.94977951049805,43
6905,460800,38.115745544433594,44
6906,460800,85.26053619384766,92
6907,460800,43.84242630004883,50
6908,460800,40.4122428894043,47
6909,461056,60.86721420288086,68
6910,461056,68.22016906738281,75
6911,461056,48.06316375732422,55
6912,461056,64.26184844970703,71
6913,461056,193.03286743164062,199
6914,461312,97.04686737060547,104
6915,461312,36.27946090698242,43
6916,461312,68.774658203125,75
6917,461312,57.351478576660156,63
6918,461312,79.98023986816406,87
6919,461568,37.85493087768555,44
6920,461568,62.88147735595703,70
6921,461568,72.28889465332031,79
6922,461568,51.466156005859375,58
6923,461824,70.7677230834961,77
6924,461824,53.41091537475586,59
6925,462080,39.10224151611328,45
6926,462080,86.07528686523438,92
6927,462080,60.52303695678711,67
6928,462080,34.099178314208984,40
6929,462080,106.75634765625,114
6930,462336,50.117374420166016,56
6931,462336,96.69857025146484,103
6932,462336,48.0048713684082,55
6933,462592,28.987459182739258,35
6934,462592,55.53913879394531,62
6935,462592,61.17449188232422,67
6936,462592,45.87690734863281,53
6937,462848,88.45333862304688,95
6938,462848,135.8785858154297,143
6939,462848,55.205081939697266,62
6940,462848,68.66159057617188,76
6941,462848,131.3987274169922,138
6942,463104,37.47772979736328,44
6943,463104,39.379451751708984,46
6944,463104,76.28582763671875,82
6945,463104,54.10391616821289,61
6946,463360,68.74552917480469,75
6947,463360,30.907970428466797,37
6948,463616,84.07555389404297,91
6949,463616,115.3754653930664,122
6950,463616,44.38741683959961,51
6951,464128,38.92239761352539,45
6952,464128,71.1650619506836,77
6953,464128,44.5655632019043,51
6954,464128,75.509765625,82
6955,464128,36.787742614746094,43
6956,464128,29.029067993164062,35
6957,464384,42.81543731689453,49
6958,464384,78.8053970336914,85
6959,464640,96.98269653320312,104
6960,464640,43.69581985473633,50
6961,464640,140.29576110839844,147
6962,464640,43.63240051269531,50
6963,464896,90.21076965332031,96
6964,464896,47.36509323120117,54
6965,464896,83.34382629394531,90
6966,464896,39.428401947021484,46
6967,464896,33.21942901611328,39
6968,464896,61.80403137207031,69
6969,464896,59.69855499267578,67
6970,464896,47.59864044189453,54
6971,465152,42.69134521484375,49
6972,465152,40.99626159667969,47
6973,465408,124.19757843017578,131
6974,465408,101.72463989257812,109
6975,465664,55.91242599487305,62
6976,465664,52.659637451171875,59
6977,465920,54.516578674316406,61
6978,466176,97.87709045410156,105
6979,466688,35.59905242919922,42
6980,466688,142.49197387695312,149
6981,466688,46.53886413574219,53
6982,466688,131.60296630859375,138
6983,466688,139.29286193847656,146
6984,466688,46.232032775878906,53
6985,466688,46.93871307373047,54
6986,466944,96.77494812011719,104
6987,466944,57.33598327636719,64
6988,466944,116.93827056884766,124
6989,467200,42.559871673583984,49
6990,467200,55.10287094116211,61
6991,467200,53.75407028198242,60
6992,467456,80.24075317382812,87
6993,467456,29.408489227294922,35
6994,467456,26.034814834594727,32
6995,467456,36.790000915527344,43
6996,467712,50.68960189819336,57
6997,467712,127.84071350097656,135
6998,467712,57.36123275756836,64
6999,467968,36.5283088684082,43
7000,467968,112.40282440185547,118
7001,467968,55.975921630859375,63
7002,467968,127.12934112548828,133
7003,468224,84.33361053466797,91
7004,468224,59.928688049316406,67
7005,468480,94.44322967529297,101
7006,468736,49.5504264831543,56
7007,468736,64.04949188232422,70
7008,468992,31.626033782958984,38
7009,469248,37.490631103515625,44
7010,469248,55.11579132080078,62
7011,469248,45.462738037109375,52
7012,469248,34.57832717895508,41
7013,469248,51.72834396362305,59
7014,469248,48.939720153808594,56
7015,469504,52.358177185058594,59
7016,469760,41.188812255859375,48
7017,469760,96.10166931152344,103
7018,469760,116.77426147460938,123
7019,469760,87.50753021240234,94
7020,469760,53.881675720214844,61
7021,469760,34.67222595214844,41
7022,470016,97.98448944091797,104
7023,470016,91.0094223022461,98
7024,470016,127.40087890625,134
7025,470528,60.03048324584961,68
7026,470528,89.66649627685547,96
7027,470528,41.17517852783203,48
7028,470528,50.07958984375,57
7029,470528,124.66486358642578,131
7030,470784,75.70921325683594,82
7031,470784,63.58756637573242,70
7032,471040,44.602783203125,52
7033,471040,176.3570556640625,183
7034,471040,89.7998046875,96
7035,471040,60.01999282836914,66
7036,471040,34.043636322021484,40
7037,471296,107.55000305175781,114
7038,471296,62.291263580322266,69
7039,471296,39.57113265991211,45
7040,471552,37.737548828125,44
7041,471552,53.102294921875,60
7042,471808,50.72420883178711,58
7043,471808,41.339752197265625,47
7044,471808,123.81983947753906,130
7045,471808,80.84239196777344,87
7046,472064,77.53962707519531,84
7047,472320,84.5510482788086,92
7048,472320,42.18696975708008,49
7049,472320,47.91801071166992,55
7050,472320,33.608314514160156,40
7051,472320,81.94403076171875,89
7052,472320,30.798114776611328,37
7053,472320,60.907779693603516,68
7054,472576,26.96875762939453,33
7055,472576,109.41773986816406,116
7056,472576,32.84660720825195,39
7057,472832,51.506919860839844,58
7058,472832,69.5216293334961,76
7059,472832,136.87571716308594,143
7060,472832,109.52912139892578,117
7061,473088,64.09986877441406,72
7062,473088,45.594364166259766,53
7063,473088,56.54239273071289,63
7064,473088,252.92250061035156,260
7065,473600,48.59354782104492,55
7066,473600,50.29975509643555,57
7067,473600,58.565330505371094,65
7068,473856,44.89237976074219,52
7069,473856,67.04023742675781,73
7070,473856,61.03462600708008,68
7071,473856,44.10752868652344,50
7072,473856,28.947017669677734,35
7073,474112,107.49925231933594,114
7074,474112,44.41128158569336,51
7075,474112,84.7311019897461,91
7076,474624,69.95610809326172,77
7077,474624,28.03597640991211,34
7078,474624,60.583534240722656,67
7079,474624,90.74855041503906,97
7080,475136,129.3502197265625,136
7081,475392,94.540283203125,101
7082,475392,118.27363586425781,125
7083,475648,68.37201690673828,74
7084,475648,57.04899978637695,63
7085,475648,66.71239471435547,74
7086,475648,142.78076171875,149
7087,475648,73.80236053466797,80
7088,475904,44.38850784301758,51
7089,476160,64.14957427978516,71
7090,476160,30.95804786682129,37
7091,476160,79.24323272705078,86
7092,476160,245.3631134033203,252
7093,476160,108.36672973632812,115
7094,476160,37.94462585449219,44
7095,476160,46.106204986572266,53
7096,476160,93.76949310302734,100
7097,476160,67.91813659667969,74
7098,476416,62.05406951904297,68
7099,476416,84.83355712890625,92
7100,476672,83.08670806884766,90
7101,476928,49.80901336669922,57
7102,476928,112.13431549072266,119
7103,476928,40.821231842041016,47
7104,476928,100.02887725830078,106
7105,477184,34.71089172363281,41
7106,477184,71.48848724365234,77
7107,477440,125.82618713378906,133
7108,477440,72.7633285522461,79
7109,477440,53.05133819580078,60
7110,477440,100.93301391601562,108
7111,477440,50.00259780883789,57
7112,477440,60.94700241088867,67
7113,477440,39.2985954284668,46
7114,477696,71.38836669921875,78
7115,477696,32.76035690307617,39
7116,477696,66.63229370117188,73
7117,477696,55.765323638916016,63
7118,477696,80.46634674072266,88
7119,477952,101.74058532714844,108
7120,478208,60.35036087036133,68
7121,478208,78.41030883789062,85
7122,478208,89.7160873413086,96
7123,478208,92.99960327148438,99
7124,478464,54.4466438293457,61
7125,478464,128.87608337402344,135
7126,478464,70.78084564208984,78
7127,478464,49.9332160949707,56
7128,478720,47.88362121582031,54
7129,478720,90.17060852050781,97
7130,478720,59.22940444946289,66
7131,478720,75.39060974121094,82
7132,478720,73.02222442626953,79
7133,478720,71.86473846435547,79
7134,478976,52.450809478759766,60
7135,478976,60.291160583496094,68
7136,478976,58.93779373168945,65
7137,479232,26.163158416748047,32
7138,479232,96.41010284423828,103
7139,479744,62.52680587768555,69
7140,479744,48.76053237915039,56
7141,479744,62.0865478515625,68
7142,479744,50.06290817260742,57
7143,480000,27.84492301940918,34
7144,480000,27.861328125,34
7145,480000,110.93914031982422,117
7146,480000,81.54427337646484,88
7147,480256,54.76987075805664,61
7148,480256,34.09487533569336,41
7149,480256,76.7497787475586,84
7150,480256,142.20578002929688,149
7151,480256,81.50926208496094,89
7152,480256,43.1331787109375,50
7153,480256,46.093589782714844,52
7154,480768,45.13649368286133,51
7155,480768,78.89368438720703,85
7156,480768,80.08000183105469,87
7157,480768,151.58261108398438,158
7158,480768,125.20521545410156,132
7159,480768,34.24243927001953,40
7160,480768,37.315799713134766,43
7161,481024,104.5948257446289,112
7162,481024,112.83356475830078,120
7163,481024,65.39281463623047,72
7164,481024,67.69914245605469,74
7165,481280,168.46107482910156,175
7166,481280,45.50307083129883,52
7167,481280,87.70863342285156,94
7168,481280,103.55500793457031,109
7169,481280,72.16072845458984,78
7170,481536,51.02436828613281,57
7171,481536,56.40044403076172,62
7172,481536,110.99723815917969,118
7173,481792,37.92499542236328,44
7174,482048,75.25363159179688,83
7175,482304,39.74370193481445,46
7176,482304,45.97020721435547,53
7177,482560,49.65470886230469,57
7178,482560,45.08358383178711,52
7179,482816,192.51986694335938,199
7180,482816,36.013973236083984,43
7181,482816,44.125762939453125,50
7182,482816,178.69482421875,185
7183,482816,74.36402130126953,81
7184,483072,32.70509719848633,39
7185,483072,63.20988082885742,69
7186,483072,57.07390213012695,64
7187,483072,78.7793197631836,86
7188,483072,37.49345397949219,44
7189,483328,121.70249938964844,128
7190,483584,59.20849609375,66
7191,483584,74.65589904785156,81
7192,483584,107.07010650634766,114
7193,483840,50.546932220458984,57
7194,483840,39.210628509521484,45
7195,484096,93.17597961425781,101
7196,484096,33.7116813659668,40
7197,484096,145.99432373046875,153
7198,484096,61.18333435058594,67
7199,484352,93.95577239990234,100
7200,484608,62.258094787597656,68
7201,484608,230.4281005859375,237
7202,484608,29.060169219970703,35
7203,484864,38.06895446777344,44
7204,484864,229.33465576171875,236
7205,484864,47.69643020629883,54
7206,484864,62.20470428466797,69
7207,484864,72.14156341552734,78
7208,484864,54.936546325683594,62
7209,484864,74.67539978027344,81
7210,485120,83.56143951416016,91
7211,485120,97.98312377929688,104
7212,485120,55.662105560302734,62
7213,485120,65.78448486328125,72
7214,485120,33.141475677490234,39
7215,485120,98.37692260742188,105
7216,485120,62.19419860839844,68
7217,485120,213.11085510253906,220
7218,485376,50.20720672607422,56
7219,485376,133.2348175048828,140
7220,485376,43.74144744873047,51
7221,485376,109.12445068359375,115
7222,485632,88.6556625366211,95
7223,485888,89.0987319946289,96
7224,486144,47.14785385131836,54
7225,486144,79.44143676757812,86
7226,486144,90.67772674560547,97
7227,486400,92.11776733398438,99
7228,486400,129.54612731933594,136
7229,486400,49.737823486328125,56
7230,486400,63.2110710144043,69
7231,486400,43.08012390136719,50
7232,486400,35.69633483886719,42
7233,486656,55.74440002441406,63
7234,486656,51.300655364990234,58
7235,486656,43.20338439941406,50
7236,486912,30.927160263061523,37
7237,486912,86.40887451171875,93
7238,486912,46.3320426940918,52
7239,486912,48.73121643066406,56
7240,487168,146.93067932128906,154
7241,487168,81.90135955810547,88
7242,487168,81.62556457519531,88
7243,487168,157.80014038085938,164
7244,487424,58.974693298339844,65
7245,487424,38.06504440307617,44
7246,487424,60.453514099121094,68
7247,487424,51.19640350341797,59
7248,487680,101.69677734375,108
7249,487680,46.583309173583984,53
7250,487680,63.97277069091797,71
7251,487936,48.61577606201172,55
7252,488192,47.85213088989258,55
7253,488448,91.9122543334961,98
7254,488448,36.82639694213867,43
7255,488704,48.25783157348633,55
7256,488704,102.93711853027344,109
7257,488704,51.487693786621094,58
7258,488704,108.476318359375,115
7259,488704,80.30496215820312,86
7260,488704,38.44440841674805,45
7261,488960,40.57078552246094,47
7262,488960,93.76702117919922,101
7263,488960,64.1396484375,72
7264,488960,42.85986328125,49
7265,488960,167.05889892578125,174
7266,489216,35.2995719909668,41
7267,489216,140.3730926513672,147
7268,489216,101.58517456054688,109
7269,489472,102.16801452636719,109
7270,489472,45.78034210205078,52
7271,489472,136.10935974121094,143
7272,489728,108.19051361083984,115
7273,489728,41.15357208251953,48
7274,489728,80.42261505126953,87
7275,489984,27.9344425201416,34
7276,489984,59.820396423339844,67
7277,490496,92.1916275024414,100
7278,490496,62.9703483581543,69
7279,490496,49.55908203125,56
7280,490496,94.68046569824219,102
7281,490752,51.59962463378906,59
7282,490752,63.969573974609375,70
7283,490752,42.0953483581543,49
7284,491008,77.02230072021484,83
7285,491008,156.14862060546875,163
7286,491008,43.790157318115234,50
7287,491008,102.24481201171875,109
7288,491008,169.56997680664062,176
7289,491008,64.24219512939453,71
7290,491008,41.84767532348633,48
7291,491008,35.47316360473633,42
7292,491008,69.26541137695312,76
7293,491008,97.74821472167969,104
7294,491008,53.758262634277344,60
7295,491264,82.8811264038086,89
7296,491264,40.71951675415039,47
7297,491520,62.259700775146484,69
7298,491520,48.86213302612305,55
7299,491776,105.62630462646484,112
7300,491776,43.282108306884766,50
7301,492032,36.771202087402344,43
7302,492032,36.756221771240234,43
7303,492288,61.9423713684082,69
7304,492288,47.65580749511719,54
7305,492544,84.64845275878906,91
7306,492544,119.13567352294922,126
7307,492800,124.28278350830078,131
7308,492800,102.35330200195312,109
7309,492800,69.21243286132812,77
7310,493056,41.92499542236328,48
7311,493312,55.617889404296875,62
7312,493312,36.0130729675293,42
7313,493312,51.1504020690918,58
7314,493312,87.9405288696289,94
7315,493312,60.18056106567383,67
7316,493312,87.30455017089844,94
7317,493312,73.1963882446289,79
7318,493568,203.2793426513672,210
7319,493824,51.95167541503906,59
7320,493824,58.87029266357422,65
7321,493824,66.18414306640625,72
7322,493824,61.23893737792969,68
7323,493824,82.58270263671875,89
7324,494080,57.754974365234375,64
7325,494336,54.23088836669922,61
7326,494336,40.212371826171875,47
7327,494336,89.11431121826172,96
7328,494336,148.8167724609375,156
7329,494336,61.76258850097656,68
7330,494592,39.867916107177734,46
7331,494592,47.609352111816406,54
7332,494848,102.60503387451172,108
7333,494848,116.77462005615234,123
7334,495104,32.895877838134766,39
7335,495360,99.78639221191406,106
7336,495616,93.938232421875,101
7337,495616,181.85633850097656,189
7338,495616,48.4564208984375,55
7339,495616,102.57205200195312,108
7340,495872,84.2105484008789,91
7341,495872,53.729637145996094,61
7342,496128,65.4047622680664,72
7343,496128,31.568954467773438,38
7344,496128,70.14866638183594,78
7345,496128,118.87152862548828,125
7346,496128,49.892757415771484,57
7347,496128,86.59872436523438,93
7348,496384,79.8258285522461,87
7349,496384,37.91564178466797,44
7350,496384,57.95486068725586,65
7351,496640,168.40426635742188,175
7352,496640,39.68071746826172,46
7353,496640,73.65921020507812,80
7354,496640,59.43839645385742,66
7355,496896,40.02111053466797,46
7356,496896,116.73978424072266,124
7357,496896,41.61899948120117,48
7358,496896,123.25405883789062,130
7359,496896,50.46773147583008,57
7360,497152,72.17351531982422,79
7361,497152,45.741668701171875,52
7362,497408,45.768497467041016,52
7363,497664,89.88057708740234,96
7364,497664,58.08778762817383,66
7365,497664,134.7288360595703,141
7366,497664,70.75580596923828,78
7367,497920,49.537132263183594,56
7368,497920,97.45840454101562,103
7369,498176,51.221046447753906,58
7370,498176,65.59636688232422,72
7371,498432,80.82989501953125,87
7372,498432,86.15631866455078,93
7373,498944,55.78462600708008,63
7374,498944,59.19725036621094,67
7375,498944,35.4338493347168,42
7376,498944,56.0936279296875,62
7377,498944,166.10948181152344,172
7378,498944,37.5387077331543,44
7379,498944,75.8958969116211,84
7380,499200,50.042076110839844,56
7381,499200,183.29600524902344,190
7382,499200,34.032020568847656,40
7383,499200,49.783172607421875,56
7384,499456,71.00334167480469,79
7385,499712,54.3742790222168,61
7386,499712,28.185457229614258,34
7387,499712,75.8019790649414,82
7388,499968,111.62236785888672,118
7389,499968,64.24112701416016,72
7390,499968,120.7347412109375,127
7391,500224,43.39950180053711,50
7392,500224,61.19974136352539,68
7393,500224,59.04676055908203,65
7394,500736,109.111083984375,116
7395,500736,45.251705169677734,52
7396,500736,81.44661712646484,88
7397,501248,65.67359924316406,73
7398,501248,68.57830047607422,75
7399,501248,56.797428131103516,64
7400,501504,109.06243896484375,116
7401,501504,49.64643096923828,57
7402,501504,64.95602416992188,72
7403,501760,59.98863983154297,66
7404,502016,33.14316177368164,39
7405,502016,67.63253784179688,74
7406,502016,76.83763885498047,83
7407,502016,79.08036041259766,85
7408,502016,51.92387390136719,58
7409,502016,58.82143020629883,65
7410,502272,37.654476165771484,44
7411,502272,59.543190002441406,67
7412,502272,28.69892120361328,35
7413,502528,32.670753479003906,39
7414,502528,80.64999389648438,87
7415,502528,55.16396713256836,63
7416,502528,66.90335083007812,74
7417,502784,90.76890563964844,97
7418,502784,39.04656219482422,46
7419,502784,57.757625579833984,65
7420,502784,86.6674575805664,93
7421,503040,33.2122802734375,39
7422,503040,62.29127502441406,69
7423,503040,61.64805221557617,68
7424,503040,77.11276245117188,85
7425,503296,158.5026397705078,165
7426,503296,81.98727416992188,88
7427,503296,23.458084106445312,29
7428,503296,51.18710708618164,58
7429,503296,41.6548957824707,48
7430,503296,38.486534118652344,45
7431,503296,60.14646911621094,66
7432,503552,145.97320556640625,152
7433,503552,55.9914665222168,63
7434,503552,62.049842834472656,68
7435,503552,94.65800476074219,101
7436,503552,57.636348724365234,65
7437,503808,43.6326904296875,51
7438,503808,145.48138427734375,152
7439,503808,162.27194213867188,169
7440,504064,76.16049194335938,83
7441,504320,141.88241577148438,149
7442,504320,62.48265075683594,69
7443,504320,85.1562728881836,91
7444,504576,84.78709411621094,91
7445,504576,43.559471130371094,50
7446,504576,96.45647430419922,102
7447,505088,36.05463790893555,42
7448,505088,106.65816497802734,113
7449,505088,184.77784729003906,191
7450,505344,35.147308349609375,41
7451,505344,144.85165405273438,151
7452,505344,153.77235412597656,161
7453,505344,35.90882873535156,42
7454,505344,31.944305419921875,38
7455,505600,43.674171447753906,50
7456,505600,142.66265869140625,149
7457,505600,88.37963104248047,95
7458,505856,88.94063568115234,96
7459,505856,50.1189079284668,57
7460,505856,71.21560668945312,78
7461,505856,34.33475112915039,40
7462,505856,94.34011840820312,101
7463,506112,43.73755645751953,50
7464,506112,59.848243713378906,67
7465,506368,53.568504333496094,60
7466,506368,62.51197052001953,69
7467,506368,56.328487396240234,62
7468,506368,84.02654266357422,91
7469,506624,47.27883529663086,54
7470,506624,40.5882682800293,47
7471,506880,40.230712890625,47
7472,506880,72.5948486328125,80
7473,506880,42.126712799072266,49
7474,507136,35.84650802612305,42
7475,507136,180.5211944580078,187
7476,507392,70.75402069091797,79
7477,507392,38.00822448730469,44
7478,507392,55.700923919677734,63
7479,507648,65.5832290649414,72
7480,507904,73.70878601074219,81
7481,507904,120.25177001953125,127
7482,507904,83.71792602539062,90
7483,507904,39.176292419433594,46
7484,507904,85.57117462158203,93
7485,508160,29.452360153198242,35
7486,508160,56.10306167602539,62
7487,508160,82.2465591430664,90
7488,508160,51.21715545654297,58
7489,508416,70.94645690917969,77
7490,508416,26.18476104736328,32
7491,508416,101.82968139648438,108
7492,508672,67.31016540527344,74
7493,508672,36.068634033203125,43
7494,508672,53.21520233154297,60
7495,508672,28.97176742553711,35
7496,508672,59.30630874633789,67
7497,508928,66.97053527832031,75
7498,508928,40.33621597290039,47
7499,509184,47.996456146240234,54
7500,509184,70.70906066894531,79
7501,509184,68.47891998291016,76
7502,509184,85.70457458496094,93
7503,509440,121.19476318359375,128
7504,509440,45.97932052612305,52
7505,509696,44.68735885620117,52
7506,509696,106.83686828613281,113
7507,509696,88.47756958007812,96
7508,509696,82.58168029785156,89
7509,509696,35.78069305419922,42
7510,509952,140.20835876464844,147
7511,509952,56.53469467163086,64
7512,509952,121.0863037109375,129
7513,509952,90.59013366699219,97
7514,510208,30.925716400146484,37
7515,510208,47.91227722167969,54
7516,510208,132.969482421875,139
7517,510464,46.69048309326172,54
7518,510464,29.893646240234375,36
7519,510464,91.6939468383789,98
7520,510720,130.74227905273438,137
7521,510720,61.01294708251953,68
7522,510720,111.74202728271484,119
7523,510976,71.06940460205078,78
7524,510976,150.8649444580078,157
7525,510976,45.119258880615234,52
7526,510976,37.91893768310547,45
7527,510976,80.72186279296875,88
7528,511232,56.589595794677734,63
7529,511488,79.35829162597656,87
7530,511488,70.98088836669922,78
7531,511488,74.44300842285156,82
7532,511744,46.29884338378906,53
7533,511744,74.76399230957031,81
7534,511744,61.67797088623047,68
7535,512000,74.74462127685547,82
7536,512000,148.72543334960938,155
7537,512000,118.35272979736328,125
7538,512000,118.64413452148438,126
7539,512256,126.94100952148438,133
7540,512256,42.13252639770508,49
7541,512512,81.85650634765625,88
7542,512768,34.18916320800781,41
7543,512768,84.81659698486328,92
7544,512768,46.93259811401367,54
7545,513024,42.291648864746094,48
7546,513024,127.89959716796875,134
7547,513024,86.86505126953125,94
7548,513024,37.106712341308594,43
7549,513024,55.30019760131836,62
7550,513280,40.90697479248047,47
7551,513280,49.61741638183594,56
7552,513280,152.473388671875,159
7553,513280,35.96562576293945,42
7554,513280,98.21484375,104
7555,513280,69.13044738769531,76
7556,513536,106.8587646484375,114
7557,513536,45.00807189941406,52
7558,513536,90.54927825927734,97
7559,513536,120.60130310058594,127
7560,513792,84.63594055175781,90
7561,514048,60.11071014404297,67
7562,514048,126.52067565917969,133
7563,514048,125.69324493408203,132
7564,514048,54.7978401184082,63
7565,514048,92.0798110961914,99
7566,514048,33.360294342041016,40
7567,514048,73.38651275634766,79
7568,514304,102.16241455078125,109
7569,514304,91.03535461425781,97
7570,514304,42.83118438720703,49
7571,514304,43.19893264770508,50
7572,514304,101.66338348388672,108
7573,514560,134.6207733154297,141
7574,514560,43.121673583984375,49
7575,514816,88.41336059570312,95
7576,514816,62.88819885253906,69
7577,515072,39.640140533447266,46
7578,515072,80.22795104980469,87
7579,515072,100.74840545654297,107
7580,515072,177.2935333251953,184
7581,515328,112.10102844238281,118
7582,515328,88.7986831665039,95
7583,515328,87.37268829345703,95
7584,515328,60.414398193359375,67
7585,515328,198.6780548095703,206
7586,515584,37.19706726074219,44
7587,515840,70.85881042480469,77
7588,515840,42.6832160949707,49
7589,515840,81.0596923828125,88
7590,515840,42.87056350708008,50
7591,515840,71.5014419555664,79
7592,516096,106.05908203125,112
7593,516096,41.4190673828125,48
7594,516352,26.462778091430664,32
7595,516352,33.155860900878906,39
7596,516352,73.88009643554688,81
7597,516352,110.60344696044922,118
7598,516608,46.23660659790039,53
7599,516864,45.834800720214844,52
7600,516864,50.24614334106445,56
7601,516864,30.92365074157715,37
7602,517120,109.16818237304688,115
7603,517120,70.14283752441406,77
7604,517120,64.52603912353516,71
7605,517376,64.49961853027344,71
7606,517376,143.743408203125,150
7607,517632,70.07611846923828,77
7608,517632,102.00687408447266,110
7609,517888,44.73884963989258,52
7610,517888,51.67670440673828,58
7611,518144,102.32027435302734,108
7612,518144,77.65176391601562,84
7613,518144,151.2349090576172,158
7614,518400,69.40045166015625,76
7615,518400,56.873451232910156,64
7616,518400,89.46946716308594,96
7617,518400,74.99858093261719,81
7618,518656,53.6622200012207,60
7619,518656,94.45657348632812,102
7620,518912,126.93818664550781,133
7621,519168,46.70256042480469,53
7622,519168,57.88254928588867,64
7623,519168,46.03585433959961,53
7624,519424,47.597476959228516,54
7625,519424,80.06752014160156,88
7626,519680,147.79161071777344,155
7627,519680,105.70307159423828,112
7628,519936,50.925811767578125,57
7629,519936,35.756107330322266,42
7630,519936,82.23577117919922,90
7631,520192,116.53065490722656,123
7632,520192,38.75435256958008,45
7633,520192,58.095481872558594,65
7634,520192,41.20041275024414,48
7635,520448,87.1008071899414,95
7636,520448,136.8278045654297,143
7637,520448,46.82845687866211,53
7638,520448,70.82251739501953,77
7639,520704,125.46249389648438,132
7640,520704,37.59361267089844,44
7641,520704,52.79608917236328,60
7642,520704,42.34272384643555,48
7643,520960,51.797607421875,59
7644,520960,66.97608184814453,74
7645,521216,76.28230285644531,84
7646,521216,141.37388610839844,149
7647,521472,137.16168212890625,144
7648,521472,35.503150939941406,41
7649,521728,78.28693389892578,85
7650,521728,58.582183837890625,65
7651,521984,48.448631286621094,54
7652,521984,57.332725524902344,63
7653,521984,172.015380859375,179
7654,522240,56.80887222290039,63
7655,522240,53.97816467285156,60
7656,522240,197.6369171142578,204
7657,522240,64.79795837402344,73
7658,522240,120.90794372558594,128
7659,522240,132.69924926757812,140
7660,522496,56.74586486816406,63
7661,522496,70.47956848144531,76
7662,522496,54.976905822753906,63
7663,522496,71.05447387695312,79
7664,522496,41.63578414916992,48
7665,522752,74.1494140625,83
7666,523008,33.058658599853516,39
7667,523008,47.23402786254883,54
7668,523264,50.604034423828125,58
7669,523776,148.8942108154297,155
7670,523776,90.26444244384766,97
7671,523776,68.7670669555664,75
7672,523776,31.43312644958496,38
7673,524032,42.86431121826172,49
7674,524032,73.09261322021484,81
7675,524032,113.98978424072266,120
7676,524032,86.55255126953125,93
7677,524288,112.972412109375,119
7678,524288,52.338783264160156,60
7679,524544,73.22853088378906,79
7680,524544,65.6594467163086,73
7681,524544,61.11595916748047,68
7682,524800,47.792781829833984,54
7683,525056,78.68769073486328,85
7684,525056,56.02887725830078,62
7685,525056,185.2655792236328,192
7686,525056,33.770023345947266,40
7687,525312,52.789085388183594,60
7688,525312,122.70960235595703,129
7689,525312,114.37681579589844,122
7690,525568,116.27745056152344,124
7691,525568,62.904232025146484,69
7692,525568,65.26990509033203,71
7693,525824,125.32044982910156,132
7694,525824,54.81647491455078,62
7695,525824,56.393184661865234,63
7696,526080,79.81012725830078,86
7697,526080,138.60235595703125,145
7698,526080,48.161808013916016,55
7699,526336,173.2332763671875,180
7700,526592,88.30310821533203,96
7701,526592,133.28636169433594,140
7702,526592,47.46623992919922,54
7703,526592,84.57022857666016,91
7704,526592,72.0773696899414,78
7705,526848,101.05229187011719,108
7706,526848,88.48725128173828,96
7707,526848,47.30952072143555,53
7708,526848,59.73006057739258,67
7709,527104,48.66569137573242,56
7710,527360,37.65882110595703,45
7711,527360,160.7754669189453,167
7712,527360,80.56420135498047,87
7713,527360,44.02725601196289,50
7714,527616,55.79250717163086,62
7715,527616,79.9720458984375,87
7716,527872,274.0729675292969,281
7717,527872,109.52111053466797,115
7718,527872,124.26226043701172,131
7719,528128,48.60206604003906,55
7720,528128,47.9034309387207,54
7721,528128,50.84512710571289,57
7722,528384,49.87364196777344,56
7723,528384,51.912109375,59
7724,528384,86.88204193115234,93
7725,528384,67.26170349121094,74
7726,528640,60.667484283447266,67
7727,528640,49.2780647277832,56
7728,528640,49.319557189941406,56
7729,528640,82.04305267333984,89
7730,528640,53.862972259521484,60
7731,528896,72.20504760742188,78
7732,528896,55.69843673706055,62
7733,528896,74.36038970947266,82
7734,528896,150.1602325439453,157
7735,529152,41.30592727661133,48
7736,529408,30.01524543762207,36
7737,529408,64.25464630126953,71
7738,529408,249.9575653076172,257
7739,529408,72.703369140625,81
7740,529408,44.82865524291992,51
7741,529408,158.88568115234375,165
7742,529664,75.43046569824219,82
7743,529664,28.630416870117188,35
7744,529664,62.48062515258789,70
7745,529664,93.8558349609375,101
7746,529664,63.38546371459961,70
7747,529920,60.24946975708008,67
7748,529920,58.24545669555664,65
7749,529920,50.4530143737793,57
7750,530176,42.7436408996582,49
7751,530432,97.5876693725586,105
7752,530432,46.750606536865234,53
7753,530432,81.40931701660156,88
7754,530432,46.30713653564453,53
7755,530688,38.49444580078125,45
7756,530688,70.81635284423828,78
7757,530688,116.52155303955078,123
7758,530944,109.56562042236328,116
7759,530944,63.12888717651367,70
7760,530944,98.10401916503906,104
7761,531200,60.89263153076172,67
7762,531456,89.92642974853516,97
7763,531456,89.92496490478516,96
7764,531456,35.23324966430664,41
7765,531712,96.9170913696289,103
7766,531712,129.73126220703125,136
7767,531968,86.47852325439453,93
7768,531968,54.20844268798828,61
7769,531968,58.79222106933594,66
7770,532224,109.08748626708984,115
7771,532224,111.27527618408203,118
7772,532480,80.46745300292969,88
7773,532480,132.82716369628906,140
7774,532480,95.18034362792969,102
7775,532480,98.14303588867188,106
7776,532480,59.3242073059082,67
7777,532736,68.84846496582031,75
7778,532736,35.413238525390625,42
7779,532736,125.79582214355469,132
7780,532992,89.13997650146484,95
7781,532992,71.50775146484375,78
7782,532992,63.39034652709961,71
7783,533248,54.106666564941406,60
7784,533248,102.88629150390625,110
7785,533248,117.16183471679688,124
7786,533504,71.31388092041016,77
7787,533504,54.716957092285156,61
7788,533504,56.834228515625,63
7789,533504,82.10464477539062,88
7790,534016,80.2345199584961,86
7791,534016,33.88262939453125,40
7792,534016,48.999813079833984,55
7793,534016,29.090160369873047,35
7794,534016,94.82215881347656,102
7795,534272,239.30284118652344,246
7796,534272,39.483177185058594,46
7797,534272,74.53192901611328,82
7798,534528,252.47726440429688,259
7799,534528,40.502227783203125,47
7800,534528,77.91827392578125,84
7801,534528,87.04566192626953,94
7802,534784,119.89862823486328,126
7803,534784,42.0855598449707,49
7804,534784,40.886287689208984,48
7805,535040,145.2527618408203,152
7806,535040,67.04615020751953,74
7807,535040,44.88664245605469,51
7808,535296,31.93252182006836,38
7809,535296,44.689414978027344,51
7810,535296,52.11471176147461,59
7811,535296,47.12962341308594,53
7812,535552,71.21800994873047,79
7813,535552,80.50279235839844,87
7814,535552,55.78013610839844,62
7815,535552,93.78875732421875,101
7816,535808,73.43801879882812,81
7817,535808,58.18191909790039,65
7818,535808,39.75879669189453,46
7819,536064,93.92084503173828,101
7820,536064,92.45242309570312,99
7821,536320,91.74681854248047,99
7822,536320,90.96387481689453,97
7823,536320,39.424400329589844,46
7824,536320,58.80261993408203,65
7825,536320,37.08695602416992,43
7826,536576,78.99871826171875,86
7827,536832,97.85182189941406,104
7828,536832,46.648162841796875,53
7829,536832,81.001953125,89
7830,536832,40.18650436401367,47
7831,537088,58.27924728393555,64
7832,537088,26.069259643554688,32
7833,537088,57.38894271850586,64
7834,537088,56.946651458740234,64
7835,537088,77.89494323730469,85
7836,537088,76.11245727539062,84
7837,537344,140.23854064941406,146
7838,537344,89.45829772949219,98
7839,537344,95.1851806640625,103
7840,537344,91.3348617553711,99
7841,537344,65.4139404296875,74
7842,537344,74.42863464355469,81
7843,537600,30.8585205078125,37
7844,537600,102.32320404052734,109
7845,537600,51.508758544921875,58
7846,537600,65.03218841552734,71
7847,537600,77.40191650390625,85
7848,537600,46.697357177734375,53
7849,537856,78.4301528930664,86
7850,537856,55.21194839477539,61
7851,537856,62.05327606201172,68
7852,537856,45.964111328125,52
7853,538112,72.05534362792969,78
7854,538112,63.99531555175781,70
7855,538112,58.36320877075195,66
7856,538368,68.45084381103516,76
7857,538368,47.701805114746094,54
7858,538368,41.950008392333984,49
7859,538624,45.73182678222656,53
7860,538624,88.85729217529297,95
7861,538880,102.99164581298828,111
7862,539136,48.10265350341797,54
7863,539392,40.48064041137695,47
7864,539392,34.60732650756836,41
7865,539392,152.95651245117188,160
7866,539648,49.52391815185547,57
7867,539648,62.039878845214844,68
7868,539648,22.499868392944336,28
7869,540160,139.593994140625,146
7870,540160,43.460758209228516,50
7871,540416,79.5136489868164,87
7872,540416,96.29117584228516,103
7873,540416,41.02716827392578,48
7874,540672,99.80101776123047,106
7875,540672,48.75212478637695,55
7876,540928,81.6869888305664,88
7877,540928,36.07858657836914,42
7878,540928,39.27210235595703,45
7879,540928,99.48273468017578,107
7880,541184,73.0824966430664,81
7881,541184,64.04039001464844,71
7882,541184,27.291370391845703,33
7883,541440,77.77100372314453,84
7884,541440,50.444549560546875,57
7885,541440,35.62135696411133,42
7886,541440,86.55872344970703,93
7887,541696,88.61991882324219,96
7888,541696,49.722938537597656,56
7889,541696,54.32948303222656,61
7890,541696,53.788177490234375,61
7891,541696,39.620277404785156,46
7892,541952,33.70930099487305,40
7893,541952,93.73902130126953,100
7894,541952,143.475341796875,150
7895,541952,56.79550552368164,64
7896,542208,46.430782318115234,53
7897,542208,50.389564514160156,57
7898,542208,47.837257385253906,54
7899,542208,129.23963928222656,136
7900,542208,53.31128692626953,60
7901,542464,80.6963119506836,87
7902,542464,39.72710418701172,46
7903,542464,70.42308044433594,79
7904,542720,113.54346466064453,120
7905,542720,127.10115814208984,134
7906,542976,148.6623992919922,155
7907,542976,60.941070556640625,67
7908,542976,47.23984909057617,53
7909,543488,78.35948944091797,85
7910,543488,184.6186981201172,192
7911,543488,83.14765167236328,90
7912,543744,29.86040496826172,36
7913,543744,133.7605743408203,141
7914,544000,60.14008331298828,68
7915,544000,98.01022338867188,105
7916,544256,55.45246887207031,62
7917,544256,77.6577377319336,85
7918,544256,51.48726272583008,59
7919,544256,56.436214447021484,63
7920,544512,106.36697387695312,114
7921,544512,130.99346923828125,138
7922,544512,55.235721588134766,62
7923,544512,58.5259895324707,65
7924,544768,104.16014099121094,111
7925,544768,51.45252227783203,59
7926,544768,42.08891677856445,48
7927,545024,41.92765808105469,49
7928,545024,74.326904296875,81
7929,545024,59.86469650268555,67
7930,545280,103.89013671875,110
7931,545280,57.535762786865234,65
7932,545792,147.6032257080078,155
7933,545792,51.92692184448242,58
7934,546048,45.451332092285156,52
7935,546048,27.68303680419922,34
7936,546048,70.3310317993164,78
7937,546048,44.76144027709961,51
7938,546048,83.86842346191406,92
7939,546304,50.909725189208984,58
7940,546304,52.33384704589844,58
7941,546304,36.84527587890625,43
7942,546560,46.56196212768555,53
7943,546560,32.02735900878906,38
7944,546560,136.62371826171875,143
7945,546560,45.21183776855469,52
7946,546560,44.4851188659668,51
7947,546560,92.63135528564453,100
7948,546816,35.023616790771484,41
7949,546816,46.17656707763672,53
7950,547328,225.33607482910156,232
7951,547328,168.41818237304688,175
7952,547328,30.03066635131836,36
7953,547328,63.844905853271484,72
7954,547328,106.99127197265625,114
7955,547584,188.60830688476562,195
7956,547584,74.11060333251953,80
7957,547584,72.21037292480469,79
7958,547584,42.516693115234375,49
7959,547840,55.020381927490234,61
7960,547840,146.40919494628906,153
7961,547840,47.35376739501953,54
7962,548096,83.17411041259766,90
7963,548096,30.910602569580078,37
7964,548352,133.88194274902344,141
7965,548352,110.07234954833984,116
7966,548352,47.55034637451172,55
7967,548352,68.42710876464844,74
7968,548608,249.84628295898438,257
7969,548608,39.670631408691406,46
7970,548608,66.84203338623047,75
7971,548608,67.08441925048828,74
7972,548864,68.46112060546875,75
7973,548864,172.739013671875,180
7974,548864,156.1505584716797,163
7975,549120,40.31493377685547,47
7976,549120,47.46381378173828,54
7977,549120,57.6075553894043,64
7978,549376,29.23015785217285,35
7979,549632,45.87164306640625,52
7980,549632,27.99532127380371,34
7981,549632,47.05576705932617,53
7982,549888,53.67821502685547,60
7983,549888,83.8795166015625,90
7984,549888,115.7175521850586,123
7985,549888,101.67711639404297,108
7986,550144,228.37680053710938,235
7987,550400,57.66404342651367,64
7988,550400,106.50039672851562,114
7989,550656,57.79328536987305,65
7990,550656,96.97021484375,104
7991,550656,191.52354431152344,198
7992,550912,91.29591369628906,99
7993,550912,47.02899169921875,53
7994,551168,79.0190658569336,85
7995,551168,59.998374938964844,66
7996,551168,26.135162353515625,32
7997,551168,94.90131378173828,101
7998,551424,52.36493682861328,59
7999,551424,70.52046203613281,78
8000,551424,138.7762908935547,146
8001,551424,50.21438980102539,56
8002,551424,54.30633544921875,61
8003,551680,48.82714080810547,55
8004,551680,110.09403991699219,118
8005,551680,101.55060577392578,109
8006,551680,48.57061004638672,55
8007,552192,53.19486618041992,59
8008,552192,62.196128845214844,68
8009,552192,59.499977111816406,68
8010,552192,86.3874740600586,92
8011,552448,157.4278564453125,164
8012,552704,136.9960174560547,143
8013,552704,70.41829681396484,77
8014,553216,97.6886978149414,104
8015,553216,164.17396545410156,170
8016,553216,69.6284408569336,77
8017,553472,48.825782775878906,55
8018,553472,52.86558532714844,59
8019,553728,81.15287017822266,89
8020,553728,215.7213134765625,223
8021,553728,57.66023254394531,65
8022,553728,129.68630981445312,137
8023,553984,40.89054489135742,47
8024,553984,84.46047973632812,91
8025,554240,87.37493896484375,95
8026,554240,72.99139404296875,79
8027,554240,104.50244140625,111
8028,554240,56.212196350097656,64
8029,554240,35.95136260986328,42
8030,554496,64.9538345336914,71
8031,554496,33.70600509643555,40
8032,554496,53.30794906616211,59
8033,554496,122.44300079345703,129
8034,554752,48.653682708740234,55
8035,554752,67.17131042480469,75
8036,554752,88.82698059082031,95
8037,554752,88.87295532226562,95
8038,554752,100.48540496826172,109
8039,554752,75.21562194824219,81
8040,555008,47.31163024902344,53
8041,555008,145.8366241455078,153
8042,555008,82.07328033447266,88
8043,555008,166.9395751953125,173
8044,555264,100.87013244628906,107
8045,555264,60.84999084472656,67
8046,555264,29.671001434326172,36
8047,555520,48.514827728271484,55
8048,555520,71.67672729492188,78
8049,555520,177.76673889160156,185
8050,555520,50.23478698730469,56
8051,555520,99.68893432617188,106
8052,555776,161.58250427246094,169
8053,555776,151.256103515625,159
8054,555776,81.9277572631836,88
8055,556032,49.01921081542969,56
8056,556032,39.57195281982422,46
8057,556032,42.98525619506836,49
8058,556288,36.743350982666016,43
8059,556288,301.10430908203125,308
8060,556544,51.83530807495117,59
8061,556544,106.09721374511719,113
8062,556544,38.346981048583984,45
8063,556544,76.78517150878906,84
8064,556800,153.41343688964844,160
8065,557056,88.3507308959961,96
8066,557056,52.21844482421875,60
8067,557056,62.16614532470703,68
8068,557056,81.29964447021484,88
8069,557056,56.24245834350586,62
8070,557312,72.58550262451172,79
8071,557312,132.16201782226562,138
8072,557312,69.30288696289062,77
8073,557312,140.5830841064453,148
8074,557312,24.494495391845703,30
8075,557312,36.815311431884766,43
8076,557568,102.80548858642578,109
8077,557568,65.25625610351562,72
8078,557824,97.56896209716797,105
8079,557824,53.65317916870117,61
8080,557824,45.395259857177734,52
8081,557824,150.44509887695312,158
8082,557824,37.408424377441406,44
8083,558080,55.74711990356445,62
8084,558080,94.4615707397461,102
8085,558080,44.11076354980469,51
8086,558336,105.18719482421875,113
8087,558592,102.74668884277344,110
8088,558592,58.82807540893555,65
8089,558592,56.95439147949219,64
8090,558592,77.00362396240234,83
8091,558592,64.82720184326172,72
8092,558592,118.12054443359375,125
8093,558592,58.08131408691406,64
8094,558592,48.57013702392578,56
8095,558592,54.20112609863281,61
8096,558848,64.73733520507812,73
8097,558848,48.2396240234375,55
8098,558848,87.69029235839844,95
8099,558848,33.573001861572266,40
8100,558848,111.08772277832031,119
8101,559104,60.90426254272461,67
8102,559360,47.1156005859375,53
8103,559360,77.04200744628906,85
8104,559616,56.80772018432617,63
8105,559616,82.56076049804688,90
8106,559872,41.8954963684082,48
8107,559872,45.16435241699219,52
8108,560128,58.08587646484375,64
8109,560128,43.73737335205078,50
8110,560128,71.76805114746094,80
8111,560384,104.62577819824219,112
8112,560384,65.678466796875,72
8113,560384,110.66932678222656,119
8114,560640,71.34139251708984,79
8115,560640,42.79457092285156,49
8116,560640,208.04173278808594,214
8117,560896,52.028411865234375,58
8118,560896,247.10281372070312,254
8119,560896,44.53397750854492,51
8120,560896,83.4736328125,90
8121,561152,44.902156829833984,52
8122,561408,120.57466125488281,128
8123,561408,92.57278442382812,100
8124,561664,59.13324737548828,67
8125,561664,85.67137908935547,92
8126,561664,52.31059646606445,59
8127,561664,49.17908477783203,55
8128,561920,113.54856872558594,120
8129,561920,51.1720085144043,57
8130,561920,98.97759246826172,106
8131,562176,120.14665222167969,127
8132,562176,45.832061767578125,53
8133,562176,142.72406005859375,149
8134,562432,61.243507385253906,68
8135,562432,106.9021224975586,113
8136,562432,146.3740234375,154
8137,562432,157.28468322753906,164
8138,562432,57.50554656982422,64
8139,562432,41.57856369018555,48
8140,562688,57.261505126953125,64
8141,562688,52.95378112792969,60
8142,562688,114.23062896728516,120
8143,562688,101.27203369140625,108
8144,562944,70.62128448486328,78
8145,562944,113.29598999023438,121
8146,562944,105.53406524658203,112
8147,563200,76.17591857910156,84
8148,563200,53.74920654296875,60
8149,563200,29.535425186157227,36
8150,563200,49.36349105834961,56
8151,563456,41.247440338134766,47
8152,563456,146.18357849121094,153
8153,563456,102.48896026611328,109
8154,563456,28.830015182495117,35
8155,563456,40.78895568847656,47
8156,563712,43.47808837890625,51
8157,563712,91.0902328491211,97
8158,563712,79.39767456054688,86
8159,563968,149.1924591064453,157
8160,563968,42.240116119384766,48
8161,564224,69.24198913574219,77
8162,564224,44.02811050415039,51
8163,564480,99.88163757324219,106
8164,564480,44.75908660888672,51
8165,564480,64.36504364013672,71
8166,564736,63.55888366699219,70
8167,564736,113.4464340209961,122
8168,564992,90.22329711914062,96
8169,565248,93.28547668457031,101
8170,565248,34.606876373291016,41
8171,565248,93.42908477783203,100
8172,565504,38.24561309814453,45
8173,565504,102.35894775390625,109
8174,565504,34.24945068359375,41
8175,565760,65.19329833984375,71
8176,565760,68.76457977294922,75
8177,566016,32.84253692626953,39
8178,566272,52.44492721557617,60
8179,566272,106.2085189819336,115
8180,566272,180.89991760253906,187
8181,566272,40.41881561279297,47
8182,566272,86.6124038696289,93
8183,566272,69.29481506347656,76
8184,566528,50.26106262207031,56
8185,566528,25.259275436401367,31
8186,566528,86.81980895996094,93
8187,566528,36.34972381591797,43
8188,566528,44.31572723388672,51
8189,566784,49.66836929321289,56
8190,566784,94.63992309570312,101
8191,566784,104.45895385742188,111
8192,566784,109.02236938476562,115
8193,567040,72.3550796508789,80
8194,567296,30.620086669921875,37
8195,567296,40.137550354003906,46
8196,567296,117.2538833618164,124
8197,567552,29.144798278808594,35
8198,567552,23.25537109375,29
8199,567808,60.987728118896484,67
8200,567808,94.69267272949219,102
8201,567808,60.238853454589844,67
8202,567808,34.76225662231445,41
8203,567808,34.564273834228516,41
8204,568064,45.24724578857422,51
8205,568064,67.80914306640625,74
8206,568064,64.57622528076172,71
8207,568064,73.29881286621094,80
8208,568320,27.044269561767578,33
8209,568320,28.156112670898438,34
8210,568576,55.829345703125,62
8211,568576,44.673526763916016,51
8212,568832,47.133026123046875,55
8213,568832,122.28509521484375,129
8214,568832,49.106937408447266,55
8215,568832,65.9200668334961,74
8216,568832,63.10758972167969,69
8217,569088,49.56915283203125,56
8218,569344,48.24956512451172,55
8219,569344,73.35231018066406,82
8220,569344,74.34963989257812,83
8221,569344,120.76915740966797,127
8222,569344,69.90258026123047,76
8223,569600,106.24352264404297,113
8224,569600,44.499229431152344,51
8225,569856,52.06313705444336,60
8226,569856,74.6307601928711,81
8227,569856,84.69776916503906,91
8228,569856,39.323387145996094,46
8229,570112,73.96342468261719,80
8230,570112,66.09661102294922,72
8231,570368,53.19843673706055,60
8232,570368,64.92755889892578,71
8233,570624,123.55245971679688,131
8234,570624,47.77429962158203,55
8235,570880,26.344425201416016,32
8236,570880,122.59248352050781,131
8237,570880,47.1477165222168,54
8238,571136,47.88314437866211,55
8239,571136,42.7139778137207,49
8240,571392,62.763858795166016,71
8241,571392,51.61001205444336,59
8242,571392,53.808876037597656,61
8243,571648,59.681068420410156,66
8244,571648,76.71422576904297,85
8245,571648,50.515525817871094,57
8246,571904,84.02092742919922,90
8247,571904,128.33668518066406,134
8248,571904,45.29464340209961,52
8249,572160,33.95572280883789,40
8250,572160,218.6465606689453,226
8251,572160,81.87483978271484,88
8252,572160,136.1800079345703,144
8253,572416,76.05134582519531,82
8254,572416,70.21989440917969,77
8255,572416,59.06419372558594,66
8256,572416,28.89550018310547,35
8257,572416,86.34944152832031,94
8258,572416,90.78050231933594,98
8259,572416,74.49168395996094,81
8260,572672,86.58891296386719,93
8261,572672,80.64871978759766,87
8262,572928,87.34536743164062,95
8263,572928,49.1939582824707,56
8264,573184,89.82920837402344,96
8265,573184,75.83161926269531,82
8266,573184,37.562583923339844,43
8267,573440,55.876712799072266,62
8268,573696,62.191654205322266,69
8269,573952,35.32441711425781,42
8270,574208,34.60295104980469,40
8271,574464,83.49421691894531,91
8272,574464,49.78578567504883,58
8273,574464,26.55451011657715,32
8274,574976,166.40362548828125,174
8275,574976,72.84745788574219,80
8276,574976,47.61528015136719,54
8277,574976,148.48208618164062,155
8278,574976,81.35455322265625,89
8279,575232,41.15475845336914,47
8280,575488,64.71922302246094,71
8281,575488,75.3321762084961,83
8282,575488,39.00212860107422,46
8283,575488,39.52659606933594,46
8284,575488,59.95254135131836,66
8285,575744,121.8781509399414,130
8286,575744,53.40703201293945,60
8287,575744,71.3727798461914,78
8288,575744,88.4006118774414,95
8289,575744,44.54326629638672,52
8290,576000,176.06800842285156,184
8291,576000,67.67044830322266,74
8292,576000,39.274234771728516,46
8293,576256,141.9993896484375,148
8294,576512,39.666053771972656,46
8295,576512,115.03086853027344,122
8296,576512,36.440818786621094,43
8297,576512,74.78547668457031,81
8298,576512,56.09025573730469,62
8299,576768,33.835819244384766,40
8300,577024,64.72269439697266,71
8301,577024,52.45624542236328,60
8302,577024,56.90579605102539,63
8303,577024,120.53524780273438,128
8304,577024,54.00856399536133,60
8305,577024,190.23802185058594,197
8306,577024,94.65396118164062,102
8307,577280,49.887203216552734,56
8308,577280,32.263118743896484,39
8309,577536,37.523834228515625,44
8310,577536,202.94981384277344,210
8311,577536,52.97020721435547,59
8312,577536,103.62062072753906,111
8313,577536,26.475385665893555,32
8314,577536,29.826753616333008,36
8315,577792,65.52958679199219,73
8316,578048,131.51942443847656,138
8317,578048,82.96892547607422,91
8318,578048,87.34822845458984,95
8319,578048,57.0557861328125,63
8320,578304,36.236724853515625,43
8321,578304,134.76661682128906,141
8322,578560,87.65088653564453,95
8323,578560,67.27483367919922,73
8324,578816,42.246910095214844,48
8325,578816,85.49554443359375,92
8326,578816,42.80943298339844,49
8327,578816,63.801639556884766,71
8328,579072,40.86821746826172,47
8329,579072,31.57498550415039,38
8330,579072,70.82465362548828,79
8331,579072,38.44773483276367,45
8332,579072,91.74053192138672,99
8333,579072,141.66705322265625,149
8334,579328,155.21322631835938,162
8335,579328,50.698551177978516,58
8336,579328,124.95777893066406,131
8337,579584,78.80689239501953,85
8338,579840,45.134521484375,52
8339,579840,78.527587890625,86
8340,579840,58.22697448730469,66
8341,579840,44.70058059692383,51
8342,580096,46.00144958496094,52
8343,580096,96.25495910644531,103
8344,580096,34.31377029418945,41
8345,580096,88.65185546875,94
8346,580352,36.92220687866211,43
8347,580352,67.13014221191406,74
8348,580352,59.457557678222656,66
8349,580608,35.023380279541016,42
8350,580864,149.2689208984375,155
8351,580864,168.5286102294922,175
8352,581120,64.68887329101562,71
8353,581376,138.55845642089844,147
8354,581376,65.5527572631836,75
8355,581376,42.716983795166016,49
8356,581632,94.33795166015625,103
8357,581632,71.69120025634766,78
8358,581632,51.85517883300781,58
8359,581888,61.41801834106445,68
8360,581888,31.141992568969727,37
8361,581888,140.6757354736328,148
8362,581888,46.411468505859375,53
8363,581888,30.817907333374023,37
8364,582144,59.93958282470703,66
8365,582144,70.7195053100586,77
8366,582144,75.67525482177734,83
8367,582400,66.55581665039062,74
8368,582400,50.33610534667969,57
8369,582400,83.53931427001953,92
8370,582656,77.01940155029297,85
8371,582656,61.50443649291992,68
8372,582656,91.60725402832031,98
8373,582656,47.27988815307617,54
8374,582656,42.12650680541992,48
8375,582912,85.77659606933594,92
8376,583168,103.48585510253906,112
8377,583168,48.1400146484375,54
8378,583168,44.74040603637695,51
8379,583168,75.67888641357422,83
8380,583168,120.6174087524414,128
8381,583424,62.594417572021484,69
8382,583424,88.38626098632812,96
8383,583424,216.02011108398438,223
8384,583680,37.744388580322266,44
8385,583680,153.2113037109375,161
8386,583680,70.79478454589844,79
8387,583680,85.8351058959961,92
8388,583680,75.37322998046875,82
8389,583680,83.69221496582031,90
8390,583680,43.20903778076172,50
8391,583680,48.8984260559082,55
8392,583680,90.8338394165039,99
8393,583936,140.95083618164062,148
8394,583936,65.14484405517578,72
8395,583936,34.224979400634766,40
8396,584192,104.31741333007812,112
8397,584192,41.276161193847656,48
8398,584192,42.079994201660156,49
8399,584192,86.2354736328125,93
8400,584192,49.71609115600586,56
8401,584448,135.04531860351562,141
8402,584448,264.3216552734375,271
8403,584448,79.76202392578125,86
8404,584704,82.67628479003906,90
8405,584704,37.70759201049805,44
8406,584704,95.79373168945312,102
8407,584960,43.3598747253418,50
8408,584960,175.03160095214844,181
8409,585216,35.691062927246094,42
8410,585216,183.0398406982422,191
8411,585216,77.59586334228516,85
8412,585472,124.30750274658203,132
8413,585472,32.27449417114258,38
8414,585728,62.084232330322266,70
8415,585728,70.02760314941406,76
8416,585728,58.712406158447266,66
8417,585728,104.88710021972656,111
8418,585984,155.9409942626953,164
8419,585984,169.81138610839844,176
8420,585984,108.90924072265625,115
8421,585984,67.55318450927734,75
8422,586240,56.75004577636719,63
8423,586240,74.77706146240234,81
8424,586496,106.26963806152344,112
8425,586496,70.32313537597656,78
8426,586496,45.07466125488281,53
8427,586752,38.59779739379883,46
8428,587008,55.03683090209961,61
8429,587008,206.58889770507812,214
8430,587008,132.77137756347656,140
8431,587264,106.0205078125,114
8432,587264,87.79835510253906,96
8433,587264,84.59038543701172,91
8434,587520,56.76640319824219,64
8435,587520,86.39009857177734,93
8436,587776,109.83658599853516,116
8437,587776,109.3062744140625,117
8438,588032,157.48599243164062,164
8439,588032,115.67829895019531,124
8440,588032,113.7283706665039,120
8441,588288,34.58602523803711,41
8442,588544,71.3907470703125,77
8443,588544,40.55131530761719,47
8444,588544,165.666259765625,172
8445,588800,49.71797561645508,57
8446,588800,59.97638702392578,68
8447,588800,57.824947357177734,64
8448,588800,59.922996520996094,67
8449,589056,40.37731170654297,47
8450,589056,69.08073425292969,75
8451,589056,117.38858032226562,124
8452,589312,89.28209686279297,96
8453,589568,58.189422607421875,66
8454,589568,34.882232666015625,41
8455,590080,87.08878326416016,95
8456,590080,37.00423049926758,43
8457,590080,102.22776794433594,109
8458,590080,159.72186279296875,167
8459,590336,197.4710693359375,205
8460,590336,50.95674133300781,57
8461,590592,44.46635437011719,51
8462,590592,88.32219696044922,94
8463,590592,25.327146530151367,31
8464,590848,94.81529998779297,103
8465,590848,115.96707916259766,123
8466,590848,35.59514617919922,42
8467,591104,53.52347183227539,60
8468,591104,49.85266876220703,57
8469,591360,121.03948211669922,127
8470,591360,41.63038635253906,48
8471,591360,50.09197235107422,56
8472,591616,92.29731750488281,100
8473,591872,80.67919921875,88
8474,591872,159.71347045898438,166
8475,591872,57.18184280395508,64
8476,591872,31.627696990966797,38
8477,592128,52.83354949951172,59
8478,592128,78.58538055419922,85
8479,592128,73.33067321777344,79
8480,592128,47.23251724243164,54
8481,592384,57.287315368652344,65
8482,592384,41.64056396484375,48
8483,592384,88.52801513671875,95
8484,592640,45.55527877807617,52
8485,592640,62.62752914428711,69
8486,592896,54.448089599609375,61
8487,592896,57.87461853027344,64
8488,592896,76.28202056884766,84
8489,593152,27.78832244873047,34
8490,593408,91.80188751220703,99
8491,593408,67.74149322509766,74
8492,593408,36.718326568603516,43
8493,593920,106.19680786132812,113
8494,593920,57.97919464111328,64
8495,593920,77.54349517822266,84
8496,593920,30.952056884765625,37
8497,593920,40.36507034301758,47
8498,593920,129.9771728515625,138
8499,594176,48.67530822753906,55
8500,594176,108.42330169677734,117
8501,594176,96.19659423828125,103
8502,594176,68.8919906616211,75
8503,594176,153.92369079589844,160
8504,594432,153.74522399902344,161
8505,594432,42.810150146484375,49
8506,594688,45.23134994506836,52
8507,594688,37.57179641723633,44
8508,594688,38.667686462402344,45
8509,594944,118.15974426269531,124
8510,595456,151.3500518798828,158
8511,595456,122.49512481689453,129
8512,595456,102.44524383544922,109
8513,595456,66.0513916015625,72
8514,595712,95.463134765625,104
8515,595712,113.091552734375,119
8516,595712,145.50904846191406,153
8517,595712,99.62191009521484,106
8518,595968,289.1986999511719,297
8519,595968,41.985713958740234,48
8520,596224,73.91217041015625,82
8521,596224,46.64715576171875,53
8522,596224,123.47473907470703,132
8523,596224,41.36056137084961,48
8524,596736,64.89287567138672,71
8525,596736,89.82060241699219,96
8526,596736,52.26613998413086,59
8527,596992,77.29833221435547,84
8528,596992,98.33572387695312,106
8529,596992,36.253562927246094,43
8530,596992,45.7850341796875,52
8531,596992,92.45025634765625,99
8532,597248,28.048419952392578,34
8533,597504,44.07445526123047,50
8534,597504,62.68567657470703,71
8535,597504,68.10944366455078,75
8536,597504,50.606910705566406,57
8537,597760,88.45101165771484,97
8538,597760,53.91813659667969,61
8539,597760,68.0270004272461,74
8540,597760,86.26799774169922,93
8541,597760,187.1481170654297,193
8542,597760,56.855316162109375,63
8543,597760,62.88822937011719,71
8544,598016,53.84212112426758,60
8545,598016,136.80084228515625,143
8546,598016,41.92469024658203,48
8547,598016,35.02642822265625,41
8548,598016,118.22132873535156,124
8549,598016,57.15631103515625,63
8550,598272,46.88082504272461,53
8551,598528,75.11792755126953,82
8552,598528,202.91848754882812,210
8553,598528,70.93415832519531,77
8554,598528,72.20750427246094,80
8555,598528,44.03022003173828,51
8556,598784,82.47219848632812,89
8557,598784,63.50251007080078,72
8558,598784,52.7493782043457,60
8559,599040,98.28904724121094,105
8560,599040,89.8567123413086,96
8561,599040,79.95533752441406,86
8562,599296,98.19510650634766,104
8563,599296,84.75479125976562,93
8564,599296,114.45024108886719,122
8565,599296,134.06658935546875,141
8566,599296,63.06541061401367,70
8567,599296,49.879798889160156,58
8568,599552,79.95681762695312,86
8569,599552,27.163345336914062,33
8570,599552,35.23102951049805,42
8571,599808,65.60546875,73
8572,600064,119.12019348144531,126
8573,600320,121.57685852050781,129
8574,600576,77.41788482666016,84
8575,600576,77.94979095458984,85
8576,600832,32.956138610839844,39
8577,600832,100.68185424804688,108
8578,601088,52.22783279418945,60
8579,601344,62.05912780761719,68
8580,601344,37.10782241821289,43
8581,601344,91.01850128173828,98
8582,601344,166.16281127929688,173
8583,601344,83.16658020019531,91
8584,601856,94.31230163574219,101
8585,601856,39.3472900390625,46
8586,602112,58.66297149658203,66
8587,602112,317.5380554199219,324
8588,602112,39.37179183959961,46
8589,602624,52.72146224975586,60
8590,602624,50.79502868652344,57
8591,602624,68.29342651367188,75
8592,602880,126.46878814697266,134
8593,602880,36.9367790222168,43
8594,602880,100.2981948852539,107
8595,602880,80.47459411621094,89
8596,602880,185.7436981201172,192
8597,603136,53.270904541015625,61
8598,603136,188.16122436523438,194
8599,603136,61.772430419921875,68
8600,603136,84.70543670654297,91
8601,603392,53.26288604736328,60
8602,603392,57.09931182861328,64
8603,603392,70.93009185791016,77
8604,603392,78.75443267822266,85
8605,603392,31.012004852294922,37
8606,603648,51.94029235839844,58
8607,603648,59.136802673339844,67
8608,603648,86.77742767333984,93
8609,603648,41.731082916259766,48
8610,603648,62.108848571777344,69
8611,603904,56.602813720703125,63
8612,603904,92.16036987304688,98
8613,603904,36.529823303222656,43
8614,603904,98.03119659423828,105
8615,604160,84.23011016845703,93
8616,604160,54.64775848388672,61
8617,604160,79.22566223144531,87
8618,604160,72.0651626586914,79
8619,604672,48.60458755493164,55
8620,604672,65.70613861083984,72
8621,604928,87.65827178955078,95
8622,604928,52.9476318359375,60
8623,604928,158.2802734375,165
8624,605184,68.33069610595703,77
8625,605184,57.12668228149414,63
8626,605440,136.12767028808594,143
8627,605440,31.47787857055664,37
8628,605440,76.70670318603516,83
8629,605696,69.56177520751953,77
8630,605696,128.6342010498047,135
8631,605952,124.24871063232422,132
8632,605952,57.424373626708984,65
8633,606208,39.33964920043945,45
8634,606208,79.23875427246094,86
8635,606208,172.87271118164062,179
8636,606208,48.619415283203125,55
8637,606208,69.49783325195312,76
8638,606208,109.8440170288086,116
8639,606208,54.4113883972168,61
8640,606464,37.223609924316406,43
8641,606720,46.304588317871094,52
8642,606720,31.737863540649414,38
8643,606720,54.61944580078125,63
8644,606720,85.83822631835938,94
8645,606720,32.783504486083984,39
8646,606976,74.94140625,83
8647,606976,60.063331604003906,66
8648,606976,55.47862243652344,62
8649,606976,77.90399932861328,86
8650,606976,43.089988708496094,50
8651,606976,30.810251235961914,37
8652,606976,44.59062194824219,51
8653,606976,83.02039337158203,91
8654,606976,52.35131072998047,59
8655,607232,106.19725799560547,114
8656,607488,125.92173767089844,134
8657,607488,53.21551513671875,59
8658,607488,87.66996765136719,95
8659,607488,32.244422912597656,38
8660,607488,147.2343292236328,154
8661,607744,128.5780487060547,135
8662,607744,104.71258544921875,111
8663,607744,117.40716552734375,125
8664,608000,88.97212219238281,95
8665,608000,90.4505844116211,97
8666,608000,68.17335510253906,75
8667,608000,139.4802703857422,146
8668,608000,35.29783630371094,41
8669,608768,93.97682189941406,100
8670,608768,112.96028900146484,120
8671,609024,92.86974334716797,99
8672,609024,41.262184143066406,47
8673,609024,71.67167663574219,78
8674,609280,35.004180908203125,41
8675,609280,119.64691162109375,126
8676,609280,46.86043930053711,53
8677,609280,121.892333984375,128
8678,609536,34.746177673339844,41
8679,609536,57.40464782714844,65
8680,609536,75.58081817626953,82
8681,609792,114.07710266113281,120
8682,609792,77.80533599853516,85
8683,609792,259.3963317871094,267
8684,609792,91.36559295654297,100
8685,610048,193.6182098388672,201
8686,610048,61.6642951965332,70
8687,610048,43.22321319580078,50
8688,610304,87.21340942382812,94
8689,610304,45.70488739013672,52
8690,610304,39.55959701538086,46
8691,610304,189.13433837890625,196
8692,610304,248.53269958496094,256
8693,610816,31.340471267700195,37
8694,611072,115.94888305664062,122
8695,611072,126.02945709228516,132
8696,611072,34.99410629272461,41
8697,611072,91.49528503417969,98
8698,611072,47.17001724243164,53
8699,611328,135.55050659179688,142
8700,611584,105.77842712402344,114
8701,611584,41.22653579711914,48
8702,611840,61.41284942626953,68
8703,611840,29.101417541503906,35
8704,611840,123.66546630859375,130
8705,611840,42.171932220458984,49
8706,612096,72.84505462646484,79
8707,612096,78.81494140625,88
8708,612096,35.77519226074219,42
8709,612352,87.08070373535156,96
8710,612608,70.8351821899414,77
8711,612608,48.999515533447266,55
8712,612608,95.79906463623047,102
8713,612864,36.00068283081055,42
8714,612864,150.09365844726562,158
8715,612864,65.60186767578125,74
8716,612864,69.53095245361328,76
8717,612864,65.58599853515625,74
8718,613120,66.1446533203125,72
8719,613120,26.020347595214844,32
8720,613120,30.733165740966797,37
8721,613120,65.49324035644531,74
8722,613120,78.22945404052734,87
8723,613120,157.5124053955078,165
8724,613376,54.96879196166992,61
8725,613376,85.37249755859375,91
8726,613376,63.87384796142578,70
8727,613376,68.54971313476562,75
8728,613888,155.9865264892578,162
8729,613888,109.7243423461914,118
8730,614400,109.82632446289062,116
8731,614400,79.41685485839844,87
8732,614400,159.74710083007812,166
8733,614400,109.66045379638672,118
8734,614400,66.53291320800781,73
8735,614656,118.34194946289062,125
8736,614656,82.57987976074219,91
8737,614656,59.025428771972656,65
8738,614656,55.317344665527344,61
8739,614912,120.42575073242188,127
8740,614912,37.61757278442383,44
8741,614912,84.5615463256836,91
8742,615168,37.94014358520508,44
8743,615168,27.06415367126465,33
8744,615680,50.398353576660156,57
8745,615680,51.648773193359375,58
8746,615680,81.75804901123047,90
8747,615936,112.07083129882812,120
8748,615936,106.45652770996094,113
8749,616192,30.723979949951172,37
8750,616192,182.4336395263672,189
8751,616192,114.06412506103516,121
8752,616192,61.82644271850586,70
8753,616448,88.51819610595703,95
8754,616448,107.29464721679688,114
8755,616448,151.09593200683594,158
8756,616448,236.80650329589844,243
8757,616704,74.37290954589844,80
8758,616704,46.07823944091797,52
8759,616704,64.67911529541016,71
8760,616960,47.742286682128906,54
8761,616960,67.4564437866211,74
8762,617216,76.98021697998047,85
8763,617216,65.16581726074219,72
8764,617216,46.76545715332031,53
8765,617472,125.75894927978516,132
8766,617472,51.16012954711914,57
8767,617472,105.11629486083984,112
8768,617728,33.076210021972656,39
8769,617728,32.929290771484375,39
8770,617728,71.82199096679688,78
8771,617984,195.72879028320312,202
8772,617984,50.76066207885742,57
8773,617984,73.56063079833984,80
8774,617984,94.840576171875,104
8775,618240,150.727783203125,159
8776,618240,177.15904235839844,185
8777,618240,103.9305191040039,110
8778,618240,88.55230712890625,95
8779,618240,25.29732894897461,31
8780,618496,73.95672607421875,80
8781,618496,69.4104995727539,75
8782,618752,24.23603630065918,30
8783,618752,40.97488021850586,47
8784,618752,67.00027465820312,74
8785,618752,36.01604461669922,42
8786,619008,147.65805053710938,156
8787,619008,67.82479858398438,76
8788,619008,38.78522491455078,45
8789,619264,157.83340454101562,166
8790,619520,40.86179733276367,47
8791,619520,31.014772415161133,37
8792,619520,57.6130485534668,64
8793,619776,107.35343933105469,113
8794,619776,77.72662353515625,85
8795,619776,91.5229721069336,100
8796,620288,65.6406021118164,74
8797,620288,160.23634338378906,167
8798,620544,22.433353424072266,28
8799,620544,90.29910278320312,97
8800,621056,48.412391662597656,55
8801,621056,227.80442810058594,235
8802,621056,134.78416442871094,141
8803,621056,254.17173767089844,261
8804,621056,40.973480224609375,47
8805,621056,46.034202575683594,53
8806,621056,190.90673828125,197
8807,621568,46.763187408447266,53
8808,621824,82.2350845336914,88
8809,621824,36.17032241821289,42
8810,621824,27.86210060119629,34
8811,621824,125.15499114990234,131
8812,622080,65.57946014404297,72
8813,622080,86.25043487548828,95
8814,622080,43.47630310058594,50
8815,622080,104.20649719238281,113
8816,622336,36.86998748779297,43
8817,622336,35.35201644897461,41
8818,622336,50.648841857910156,58
8819,622336,96.25801849365234,102
8820,622336,41.0849494934082,47
8821,622592,48.51308822631836,54
8822,622592,98.1714859008789,104
8823,622592,99.5448989868164,106
8824,622592,29.744218826293945,36
8825,622848,63.845367431640625,70
8826,622848,110.12240600585938,118
8827,622848,56.21543502807617,62
8828,622848,51.49711608886719,58
8829,622848,49.0115966796875,55
8830,623104,33.00328063964844,39
8831,623104,81.55552673339844,90
8832,623104,75.96562194824219,82
8833,623104,60.37775802612305,67
8834,623104,42.90488815307617,50
8835,623104,67.91744995117188,74
8836,623104,76.06446075439453,82
8837,623360,27.815074920654297,34
8838,623872,160.0615234375,168
8839,623872,36.296592712402344,43
8840,624128,38.624969482421875,45
8841,624128,60.5988883972168,67
8842,624128,99.9301986694336,106
8843,624640,54.880001068115234,61
8844,624640,69.7732162475586,76
8845,624640,39.37321090698242,46
8846,624640,164.71554565429688,171
8847,624896,64.05042266845703,70
8848,624896,60.86643981933594,67
8849,624896,97.49848175048828,106
8850,624896,61.521427154541016,68
8851,624896,66.77745819091797,73
8852,624896,64.87574005126953,71
8853,624896,38.6381950378418,45
8854,624896,65.24272918701172,72
8855,625152,28.92994499206543,35
8856,625152,121.60194396972656,128
8857,625408,85.4916000366211,92
8858,625408,155.4357452392578,163
8859,625408,65.49972534179688,73
8860,625408,51.975215911865234,60
8861,625664,84.08982849121094,90
8862,625664,71.90196228027344,78
8863,625664,65.72037506103516,72
8864,626432,63.97958755493164,72
8865,626432,78.9783706665039,85
8866,626688,80.10980987548828,89
8867,626688,100.497802734375,109
8868,626688,138.15933227539062,147
8869,626944,96.33998107910156,103
8870,626944,74.72520446777344,81
8871,627200,105.58345031738281,112
8872,627200,32.17277526855469,39
8873,627456,68.93389892578125,76
8874,627456,37.95174789428711,44
8875,627456,55.722896575927734,62
8876,627712,124.68836212158203,131
8877,627712,67.03058624267578,73
8878,627712,87.91217803955078,95
8879,627968,42.15860366821289,48
8880,628224,201.79995727539062,208
8881,628224,135.53598022460938,142
8882,628224,31.84173583984375,38
8883,628224,102.22228240966797,109
8884,628224,91.78948211669922,98
8885,628480,58.009037017822266,64
8886,628480,58.4720458984375,64
8887,628480,42.03852844238281,49
8888,628480,99.75732421875,106
8889,628736,181.17356872558594,189
8890,628736,108.16041564941406,115
8891,628992,119.80111694335938,126
8892,629248,133.44320678710938,140
8893,629248,57.26856994628906,63
8894,629504,96.99881744384766,103
8895,629504,158.7522430419922,165
8896,629504,66.46529388427734,73
8897,629760,37.44192123413086,43
8898,629760,64.21404266357422,73
8899,629760,111.48021697998047,118
8900,630016,120.16261291503906,129
8901,630016,112.9528579711914,121
8902,630016,172.65219116210938,179
8903,630272,98.45306396484375,107
8904,630528,94.7586898803711,101
8905,630528,66.59477233886719,73
8906,630784,38.14952850341797,44
8907,630784,48.8518180847168,56
8908,630784,48.94947052001953,55
8909,631040,51.188148498535156,58
8910,631040,75.2101821899414,81
8911,631040,28.993898391723633,35
8912,631296,54.65528869628906,61
8913,631296,79.88745880126953,86
8914,631552,76.67601013183594,83
8915,631552,27.03731918334961,33
8916,631552,67.07220458984375,73
8917,631552,122.34220886230469,131
8918,631808,54.61469650268555,61
8919,632064,44.95130157470703,51
8920,632064,98.14161682128906,104
8921,632064,121.46075439453125,128
8922,632064,105.89283752441406,115
8923,632064,138.4097900390625,145
8924,632320,30.675994873046875,37
8925,632576,39.08292770385742,45
8926,632576,56.77463912963867,63
8927,632576,107.3610610961914,116
8928,632576,72.0813980102539,79
8929,632576,52.380069732666016,58
8930,632832,85.08706665039062,92
8931,632832,108.79536437988281,115
8932,632832,102.82996368408203,112
8933,633088,100.80106353759766,108
8934,633088,144.24795532226562,153
8935,633088,104.13811492919922,110
8936,633344,35.1363525390625,41
8937,633344,67.73125457763672,74
8938,633344,97.51558685302734,106
8939,633344,59.521385192871094,66
8940,633344,46.57351303100586,54
8941,633600,68.33574676513672,77
8942,633600,76.25114440917969,82
8943,633600,220.12124633789062,227
8944,633600,72.50749206542969,79
8945,633600,111.27957153320312,117
8946,633600,36.84027099609375,43
8947,633600,100.5356674194336,107
8948,633856,89.79481506347656,96
8949,633856,63.840476989746094,70
8950,633856,36.08203125,42
8951,634112,83.43181610107422,90
8952,634112,78.29360961914062,84
8953,634112,78.79637145996094,87
8954,634368,68.84754180908203,78
8955,634368,40.93141555786133,47
8956,634368,69.18147277832031,75
8957,634624,112.55355072021484,120
8958,634624,87.8306884765625,97
8959,634880,102.84297180175781,109
8960,634880,296.68927001953125,305
8961,635136,57.42407989501953,63
8962,635136,74.49726104736328,80
8963,635136,100.53858947753906,110
8964,635136,107.57222747802734,117
8965,635392,60.3558464050293,67
8966,635392,94.35671997070312,101
8967,635392,75.52831268310547,82
8968,635648,53.18626022338867,60
8969,635648,55.82865524291992,62
8970,635648,77.25819396972656,83
8971,635648,76.20271301269531,82
8972,635904,64.88116455078125,71
8973,635904,45.556400299072266,52
8974,635904,146.7527618408203,153
8975,635904,133.81124877929688,142
8976,636160,206.0502471923828,214
8977,636160,36.63755416870117,43
8978,636416,37.88895034790039,45
8979,636416,130.89675903320312,137
8980,636416,206.34278869628906,213
8981,636416,39.87913513183594,46
8982,636672,53.720680236816406,61
8983,636928,60.132591247558594,68
8984,636928,123.08497619628906,131
8985,637184,153.3339080810547,160
8986,637184,45.435916900634766,51
8987,637184,56.43901824951172,63
8988,637184,48.48857116699219,55
8989,637440,53.93858337402344,60
8990,637440,100.65931701660156,107
8991,637440,96.9379653930664,103
8992,637440,89.7825927734375,99
8993,637440,69.59989929199219,76
8994,637440,63.72190475463867,72
8995,637440,190.51724243164062,197
8996,637696,144.255126953125,153
8997,637696,149.91299438476562,156
8998,637696,72.51638793945312,81
8999,637696,74.00240325927734,80
9000,637696,100.19034576416016,109
9001,637696,53.48801803588867,60
9002,637952,90.25244903564453,97
9003,638208,32.65412521362305,39
9004,638208,57.08676528930664,64
9005,638208,54.670921325683594,61
9006,638208,71.73462677001953,78
9007,638208,84.09053039550781,91
9008,638208,33.87931442260742,40
9009,638464,66.72535705566406,75
9010,638464,37.56346130371094,43
9011,638976,46.63518142700195,53
9012,638976,18.73995018005371,24
9013,638976,118.29737091064453,125
9014,638976,35.06820297241211,41
9015,638976,225.00152587890625,231
9016,639232,89.08501434326172,95
9017,639232,73.23761749267578,82
9018,639488,43.38808822631836,49
9019,639488,57.342933654785156,64
9020,639488,83.6548843383789,90
9021,639744,37.375572204589844,44
9022,639744,124.89521789550781,131
9023,639744,59.77140426635742,66
9024,640000,158.500244140625,165
9025,640000,46.516178131103516,53
9026,640000,52.66315841674805,59
9027,640256,124.44966125488281,133
9028,640256,220.09759521484375,227
9029,640256,71.69452667236328,78
9030,640256,92.65983581542969,101
9031,640512,62.81639099121094,69
9032,640512,101.09947204589844,107
9033,640512,52.49409484863281,59
9034,640512,67.67239379882812,74
9035,640512,90.57620239257812,97
9036,640512,51.79193115234375,58
9037,640768,102.44657135009766,109
9038,640768,217.16949462890625,225
9039,640768,64.41857147216797,71
9040,640768,95.81367492675781,102
9041,641024,129.3490447998047,136
9042,641280,31.51218032836914,38
9043,641280,39.52935791015625,46
9044,641280,34.771728515625,41
9045,641280,27.98657989501953,34
9046,641280,84.19453430175781,90
9047,641536,142.6858367919922,151
9048,641536,73.00833892822266,82
9049,641536,41.67350387573242,48
9050,642304,90.88786315917969,97
9051,642304,28.14769172668457,34
9052,642304,71.69561004638672,78
9053,642304,61.88646697998047,68
9054,642560,144.48675537109375,151
9055,642560,48.32405471801758,55
9056,642560,84.6237564086914,93
9057,642816,34.72979736328125,41
9058,642816,188.1579132080078,197
9059,642816,137.02365112304688,145
9060,642816,30.832172393798828,37
9061,642816,60.205177307128906,67
9062,643072,122.44205474853516,131
9063,643072,86.79277801513672,95
9064,643072,125.25711822509766,131
9065,643072,67.6292953491211,74
9066,643328,69.28935241699219,76
9067,643328,95.14176940917969,101
9068,643328,79.25315856933594,87
9069,643328,65.92884826660156,73
9070,643328,33.14945983886719,39
9071,643328,139.34226989746094,146
9072,643584,154.24966430664062,163
9073,643584,59.656883239746094,66
9074,643840,119.18370056152344,126
9075,643840,185.7711181640625,193
9076,643840,50.638160705566406,57
9077,643840,60.201637268066406,67
9078,644096,35.388702392578125,42
9079,644096,57.97768783569336,65
9080,644096,76.3519287109375,82
9081,644352,219.670166015625,226
9082,644352,98.73745727539062,105
9083,644352,187.77101135253906,194
9084,644608,69.8331527709961,77
9085,644608,55.916419982910156,62
9086,644608,76.94259643554688,84
9087,644864,48.603416442871094,56
9088,644864,75.84016418457031,82
9089,644864,45.780479431152344,52
9090,645120,153.3103790283203,160
9091,645120,73.34262084960938,79
9092,645376,42.67974853515625,49
9093,645376,164.9896240234375,174
9094,645376,71.7030029296875,78
9095,645376,66.39453887939453,73
9096,645888,84.65188598632812,93
9097,646144,91.46627807617188,100
9098,646144,104.37086486816406,111
9099,646400,44.063716888427734,50
9100,646400,76.08056640625,85
9101,646656,190.6439208984375,197
9102,646656,41.60580825805664,47
9103,646656,84.25372314453125,91
9104,647168,52.32661056518555,59
9105,647168,43.99191665649414,51
9106,647424,40.94816970825195,48
9107,647424,33.22194290161133,39
9108,647424,49.852569580078125,56
9109,647424,31.879146575927734,38
9110,647680,43.93907928466797,50
9111,647680,46.33995819091797,53
9112,647680,119.70218658447266,128
9113,647680,70.79792022705078,78
9114,647936,32.2989616394043,38
9115,647936,47.697837829589844,55
9116,647936,34.7163200378418,41
9117,648192,104.20179748535156,111
9118,648192,34.77241897583008,41
9119,648192,60.24486541748047,66
9120,648192,84.0871353149414,90
9121,648192,49.6187629699707,56
9122,648448,33.4620361328125,40
9123,648704,34.4353141784668,41
9124,648704,73.86834716796875,80
9125,648704,113.79100799560547,120
9126,648960,92.72398376464844,101
9127,649216,44.26483917236328,51
9128,649216,131.6337890625,138
9129,649472,56.38835144042969,62
9130,649472,159.789794921875,166
9131,649472,29.018756866455078,35
9132,649472,68.03024291992188,76
9133,649472,30.134489059448242,36
9134,649728,81.74005889892578,88
9135,649728,62.32978820800781,69
9136,649984,49.48986053466797,56
9137,649984,99.95597839355469,106
9138,650240,81.08049011230469,88
9139,650240,44.910919189453125,51
9140,650496,83.38914489746094,89
9141,650496,92.27021026611328,98
9142,650752,94.35196685791016,101
9143,650752,82.80547332763672,92
9144,650752,73.72903442382812,80
9145,651008,142.37030029296875,149
9146,651008,69.51538848876953,76
9147,651008,57.80306625366211,64
9148,651520,30.386249542236328,36
9149,651776,55.13102722167969,61
9150,652032,80.51813507080078,86
9151,652288,73.44566345214844,82
9152,652288,58.603355407714844,65
9153,652288,100.85970306396484,107
9154,652288,127.4641342163086,134
9155,652544,73.228759765625,80
9156,652544,125.0158920288086,134
9157,652544,124.34012603759766,132
9158,652544,68.1303482055664,74
9159,652544,29.643739700317383,36
9160,652544,215.2813720703125,222
9161,652800,40.8916015625,48
9162,653056,69.32572174072266,76
9163,653056,50.74092102050781,58
9164,653056,69.68690490722656,76
9165,653056,76.7417984008789,83
9166,653312,117.43505859375,126
9167,653312,94.73668670654297,101
9168,653312,98.46465301513672,108
9169,653312,174.81788635253906,181
9170,653568,137.09339904785156,143
9171,653568,53.03546905517578,60
9172,653824,82.57300567626953,89
9173,653824,44.99661636352539,51
9174,653824,78.45695495605469,85
9175,653824,77.37659454345703,83
9176,653824,55.359649658203125,63
9177,653824,48.00779724121094,55
9178,654080,92.92317962646484,101
9179,654336,38.03221893310547,44
9180,654336,48.428123474121094,55
9181,654336,144.3503875732422,153
9182,654336,36.76323318481445,43
9183,654336,183.2021484375,191
9184,654336,42.75209045410156,50
9185,654336,65.42951202392578,72
9186,654592,77.5346450805664,84
9187,654592,68.44011688232422,74
9188,654592,87.00456237792969,94
9189,654848,36.03995895385742,42
9190,654848,71.26659393310547,78
9191,655104,92.69951629638672,99
9192,655104,65.9752197265625,72
9193,655104,49.859130859375,56
9194,655104,31.66522789001465,38
9195,655360,72.28778839111328,79
9196,655360,40.50349426269531,47
9197,655872,171.5685272216797,180
9198,655872,82.8899917602539,89
9199,655872,124.5299301147461,133
9200,656128,173.33657836914062,181
9201,656128,58.015220642089844,64
9202,656384,61.917320251464844,68
9203,656384,98.7037124633789,105
9204,656384,116.49617004394531,123
9205,656384,47.3521842956543,54
9206,656384,129.27012634277344,138
9207,656640,47.11606216430664,53
9208,656640,82.81135559082031,89
9209,656640,147.853271484375,154
9210,656896,35.9642448425293,42
9211,656896,62.84225845336914,69
9212,656896,43.3240966796875,50
9213,656896,76.37295532226562,85
9214,657152,119.70196533203125,127
9215,657152,64.18126678466797,71
9216,657152,86.67731475830078,93
9217,657408,147.60513305664062,154
9218,657664,56.84081268310547,65
9219,657664,98.9773178100586,108
9220,657664,106.09355926513672,113
9221,657664,42.58506774902344,48
9222,657920,67.7118148803711,74
9223,657920,44.67168426513672,51
9224,657920,77.84059143066406,84
9225,658176,134.87863159179688,142
9226,658176,24.205554962158203,30
9227,658432,77.15950012207031,84
9228,658432,106.12461853027344,112
9229,658432,35.28019332885742,42
9230,658688,35.32188034057617,42
9231,658688,66.58953857421875,73
9232,658688,76.01969146728516,83
9233,658688,111.2694091796875,118
9234,658944,213.57289123535156,220
9235,658944,102.9451675415039,110
9236,658944,78.46139526367188,85
9237,659200,109.8721694946289,116
9238,659200,138.9947967529297,146
9239,659200,37.239295959472656,43
9240,659456,44.919925689697266,51
9241,659456,97.44744110107422,104
9242,659456,40.111568450927734,46
9243,659712,105.18903350830078,112
9244,659712,52.87959289550781,59
9245,659712,99.60130310058594,106
9246,659968,59.77657699584961,65
9247,659968,85.95117950439453,92
9248,659968,112.51464080810547,121
9249,659968,80.15755462646484,86
9250,660224,100.70870208740234,110
9251,660224,91.01679229736328,97
9252,660224,89.1209716796875,95
9253,660224,34.898597717285156,41
9254,660480,47.03159713745117,54
9255,660736,74.0388412475586,80
9256,660992,122.50354766845703,128
9257,660992,71.42253112792969,80
9258,661248,50.05925750732422,57
9259,661248,37.66006088256836,44
9260,661248,38.11642837524414,44
9261,661504,48.58122253417969,55
9262,661760,84.70584106445312,91
9263,661760,188.9422607421875,195
9264,662016,76.92200469970703,83
9265,662016,104.23827362060547,111
9266,662016,74.9284896850586,81
9267,662272,59.844058990478516,66
9268,662272,220.53175354003906,227
9269,662272,75.37869262695312,82
9270,662272,164.48287963867188,171
9271,662528,124.83423614501953,134
9272,662784,95.85218811035156,105
9273,663040,69.05662536621094,75
9274,663040,101.99409484863281,108
9275,663040,99.4236068725586,109
9276,663040,60.6027946472168,67
9277,663296,98.99366760253906,105
9278,663296,66.30059814453125,73
9279,663296,55.460689544677734,62
9280,663296,35.3165397644043,42
9281,663552,74.19166564941406,83
9282,663552,32.08620071411133,38
9283,663808,154.92091369628906,162
9284,664064,98.96182250976562,105
9285,664320,52.00846481323242,58
9286,664320,74.76821899414062,81
9287,664576,64.08576965332031,71
9288,664576,29.66836166381836,36
9289,664576,78.06238555908203,84
9290,664576,91.72528839111328,98
9291,664576,61.615753173828125,68
9292,664576,83.70855712890625,91
9293,664832,98.42747497558594,107
9294,664832,28.355798721313477,34
9295,665088,35.91150665283203,42
9296,665088,72.38323211669922,81
9297,665088,57.132972717285156,63
9298,665088,113.53462982177734,120
9299,665600,65.70121765136719,72
9300,665600,44.30743408203125,51
9301,665600,84.62215423583984,91
9302,665600,57.847557067871094,63
9303,665600,25.37479591369629,31
9304,665856,38.49664306640625,45
9305,665856,29.862712860107422,36
9306,665856,93.78597259521484,100
9307,665856,60.210662841796875,67
9308,666368,48.357906341552734,55
9309,666368,94.90998840332031,104
9310,666368,48.72827911376953,55
9311,666624,52.24091720581055,59
9312,666624,106.67340087890625,113
9313,666624,80.12310791015625,89
9314,666624,130.41839599609375,139
9315,666624,202.84202575683594,209
9316,666624,148.3596954345703,155
9317,666880,66.478515625,73
9318,666880,35.42982864379883,41
9319,667136,43.539100646972656,50
9320,667136,82.43470001220703,89
9321,667136,46.5357666015625,53
9322,667136,24.37398338317871,30
9323,667136,122.11433410644531,129
9324,667136,45.93646240234375,52
9325,667392,70.03716278076172,76
9326,667392,97.6485824584961,104
9327,667392,100.58650970458984,110
9328,667648,90.05992889404297,96
9329,667648,48.08660125732422,54
9330,667904,42.8385124206543,50
9331,667904,100.59333038330078,107
9332,667904,55.287010192871094,62
9333,667904,45.31187438964844,52
9334,668160,73.76235961914062,81
9335,668160,39.47805404663086,46
9336,668160,110.44338989257812,120
9337,668160,90.41444396972656,97
9338,668416,63.400909423828125,69
9339,668672,52.5208625793457,59
9340,668672,45.859317779541016,52
9341,668672,95.34245300292969,101
9342,668672,74.04646301269531,80
9343,668928,78.05403137207031,84
9344,668928,80.80780029296875,87
9345,668928,42.58721160888672,49
9346,669184,90.06798553466797,96
9347,669184,32.715816497802734,39
9348,669184,125.83647155761719,132
9349,669184,85.35527038574219,93
9350,669440,39.95659255981445,46
9351,669440,187.7056121826172,194
9352,669696,115.56273651123047,125
9353,669696,56.67918014526367,64
9354,669696,199.76414489746094,207
9355,669696,104.66812133789062,111
9356,669952,177.88929748535156,186
9357,669952,163.66050720214844,170
9358,669952,31.651626586914062,38
9359,670208,80.2401351928711,86
9360,670208,92.50735473632812,99
9361,670208,100.75360870361328,107
9362,670208,55.16191101074219,62
9363,670208,102.78592681884766,109
9364,670208,38.81468200683594,45
9365,670464,98.08818054199219,105
9366,670464,82.01776123046875,89
9367,670720,135.27249145507812,142
9368,670720,61.03833770751953,68
9369,670976,31.814319610595703,38
9370,670976,77.77176666259766,84
9371,671232,63.85258102416992,70
9372,671232,50.09103012084961,56
9373,671232,69.97393798828125,79
9374,671488,138.49298095703125,145
9375,671488,79.3713150024414,85
9376,671744,39.831565856933594,46
9377,671744,64.00740814208984,70
9378,671744,127.54440307617188,134
9379,671744,283.05194091796875,288
9380,671744,120.92121124267578,130
9381,672000,52.46012878417969,59
9382,672000,39.36086654663086,45
9383,672512,52.18151092529297,58
9384,672512,194.31124877929688,201
9385,672512,68.63304138183594,76
9386,672768,26.184261322021484,32
9387,672768,59.387142181396484,66
9388,672768,115.47101593017578,122
9389,673024,50.38479232788086,57
9390,673024,117.8332290649414,124
9391,673024,146.38919067382812,155
9392,673024,107.61754608154297,114
9393,673280,50.806556701660156,57
9394,673280,59.97636795043945,67
9395,673280,27.20654296875,33
9396,673280,112.19622802734375,119
9397,673280,87.51245880126953,94
9398,673280,66.92813873291016,73
9399,673536,131.01004028320312,140
9400,673536,58.89191436767578,65
9401,673792,25.22022247314453,31
9402,674048,41.70374298095703,48
9403,674048,194.21900939941406,203
9404,674048,137.03106689453125,144
9405,674048,56.123863220214844,63
9406,674048,85.14652252197266,92
9407,674048,109.18891143798828,116
9408,674304,93.56498718261719,100
9409,674304,90.74301147460938,100
9410,674304,168.10784912109375,174
9411,674304,32.30695343017578,38
9412,674304,131.91517639160156,138
9413,674816,116.15376281738281,123
9414,674816,123.06354522705078,130
9415,674816,46.96760940551758,54
9416,674816,81.39246368408203,87
9417,674816,39.06833267211914,45
9418,674816,106.62036895751953,116
9419,675072,80.60221862792969,87
9420,675072,51.38197326660156,58
9421,675072,72.656005859375,79
9422,675328,44.712284088134766,51
9423,675328,92.25414276123047,98
9424,675328,66.7130126953125,73
9425,675328,67.62133026123047,74
9426,675584,130.09085083007812,137
9427,675584,29.061307907104492,35
9428,675840,62.0146598815918,69
9429,675840,36.629905700683594,43
9430,675840,146.8350067138672,156
9431,676096,43.15994644165039,50
9432,676096,60.831851959228516,67
9433,676096,50.058570861816406,57
9434,676352,144.30123901367188,154
9435,676352,48.16455841064453,55
9436,676352,71.55392456054688,78
9437,676608,33.684104919433594,40
9438,676608,41.860374450683594,48
9439,676864,86.38138580322266,93
9440,676864,100.35865783691406,107
9441,676864,95.07512664794922,101
9442,676864,26.248403549194336,32
9443,677120,92.33155822753906,99
9444,677632,129.9212188720703,137
9445,677632,108.73230743408203,116
9446,677888,67.14510345458984,73
9447,678144,72.38722229003906,79
9448,678144,34.04937744140625,40
9449,678144,132.94883728027344,139
9450,678400,34.312808990478516,40
9451,678656,76.99678802490234,84
9452,678656,204.08270263671875,213
9453,678656,93.68678283691406,100
9454,678656,67.48748779296875,74
9455,678912,37.05439376831055,43
9456,679168,70.14887237548828,77
9457,679424,148.31578063964844,156
9458,679424,47.64728546142578,54
9459,679424,77.88215637207031,84
9460,679424,26.659860610961914,32
9461,679424,69.98970794677734,76
9462,679680,43.986289978027344,50
9463,679680,45.11142349243164,51
9464,679680,44.13351058959961,51
9465,679680,147.86929321289062,155
9466,679680,148.3937225341797,157
9467,679680,96.043212890625,103
9468,679936,145.21226501464844,154
9469,679936,31.499141693115234,38
9470,679936,40.96187210083008,47
9471,680448,52.74623489379883,60
9472,680448,65.31004333496094,72
9473,680448,161.81716918945312,168
9474,680448,116.20691680908203,126
9475,680704,242.91014099121094,250
9476,680704,63.14466857910156,69
9477,680960,154.05029296875,164
9478,680960,27.10839080810547,33
9479,680960,36.05820846557617,42
9480,680960,97.35536193847656,104
9481,680960,167.292724609375,174
9482,681216,160.89315795898438,168
9483,681216,46.99050521850586,53
9484,681216,65.01191711425781,72
9485,681216,97.43669128417969,104
9486,681216,32.263099670410156,38
9487,681216,98.52166748046875,105
9488,681472,100.24711608886719,106
9489,681472,55.87909698486328,62
9490,681472,29.32990837097168,35
9491,681728,62.47571563720703,69
9492,681728,173.91806030273438,180
9493,681728,116.87455749511719,123
9494,681728,50.37793731689453,57
9495,681728,78.49263000488281,85
9496,681728,81.52652740478516,89
9497,681728,145.517333984375,152
9498,681728,58.218685150146484,65
9499,681984,33.84033966064453,40
9500,681984,57.692752838134766,64
9501,681984,38.19364547729492,45
9502,682240,97.0404052734375,103
9503,682240,42.09668731689453,48
9504,682240,73.42080688476562,79
9505,682240,29.093894958496094,35
9506,682240,87.06695556640625,93
9507,682496,54.536834716796875,60
9508,682496,72.51505279541016,79
9509,682496,111.77934265136719,118
9510,682496,35.87837600708008,42
9511,682752,60.121986389160156,66
9512,682752,29.922914505004883,36
9513,682752,64.96322631835938,71
9514,683008,61.57023620605469,68
9515,683008,112.43746185302734,119
9516,683264,113.46617126464844,120
9517,683264,33.201820373535156,39
9518,683520,124.52376556396484,134
9519,683776,145.62429809570312,152
9520,684032,40.06148910522461,47
9521,684032,31.926000595092773,38
9522,684032,79.62136840820312,85
9523,684032,49.672752380371094,56
9524,684288,38.21294403076172,44
9525,684544,137.27694702148438,144
9526,684544,60.29612350463867,67
9527,684544,83.23456573486328,89
9528,684544,117.38802337646484,123
9529,684544,134.9739532470703,141
9530,684800,113.83920288085938,120
9531,684800,51.0239143371582,59
9532,684800,67.49347686767578,74
9533,684800,117.36763763427734,127
9534,685056,83.46720886230469,90
9535,685056,28.877349853515625,35
9536,685056,153.0403594970703,160
9537,685056,202.9952850341797,209
9538,685056,115.87228393554688,122
9539,685056,41.752445220947266,48
9540,685312,83.13723754882812,89
9541,685312,62.47425842285156,69
9542,685312,38.83484649658203,45
9543,685312,41.92384338378906,49
9544,685312,56.17768859863281,62
9545,685568,68.22073364257812,74
9546,685824,208.95542907714844,215
9547,685824,72.24492645263672,78
9548,685824,39.83620834350586,46
9549,685824,113.92066192626953,121
9550,686080,56.098609924316406,63
9551,686080,34.20317077636719,40
9552,686080,80.95650482177734,89
9553,686336,79.0345458984375,85
9554,686336,106.80073547363281,116
9555,686336,70.50270080566406,77
9556,686592,132.287841796875,139
9557,686592,45.424068450927734,52
9558,686592,62.01183319091797,69
9559,686592,92.8408432006836,99
9560,686848,80.69367218017578,87
9561,686848,32.692893981933594,39
9562,686848,39.17153549194336,46
9563,686848,127.25263977050781,134
9564,687104,85.6668701171875,92
9565,687104,53.38447952270508,60
9566,687104,153.92286682128906,160
9567,687104,66.1790771484375,72
9568,687360,36.70038986206055,43
9569,687360,101.97746276855469,108
9570,687360,64.47650146484375,71
9571,687360,42.71743392944336,49
9572,687616,157.21524047851562,166
9573,687616,112.85043334960938,119
9574,687616,37.541622161865234,44
9575,687616,64.24126434326172,70
9576,687872,75.72593688964844,82
9577,687872,118.732666015625,125
9578,687872,82.59220886230469,89
9579,687872,45.2425651550293,51
9580,688128,52.11156463623047,58
9581,688128,110.43248748779297,117
9582,688384,73.45796966552734,79
9583,688384,41.92626953125,48
9584,688640,110.91462707519531,117
9585,688896,212.4133758544922,220
9586,688896,46.95011520385742,54
9587,689408,72.79720306396484,79
9588,689664,39.928226470947266,46
9589,689664,76.94243621826172,83
9590,689664,69.70944213867188,76
9591,689664,33.919830322265625,40
9592,689664,66.8808364868164,73
9593,689920,58.77263259887695,65
9594,689920,146.7022247314453,153
9595,690176,88.98161315917969,96
9596,690176,54.039756774902344,60
9597,690176,36.4493522644043,42
9598,690176,46.067901611328125,52
9599,690432,180.1488037109375,186
9600,690432,29.911027908325195,36
9601,690432,112.90819549560547,122
9602,690688,32.50956726074219,38
9603,690688,30.294296264648438,36
9604,690688,72.46588897705078,78
9605,690944,62.977264404296875,69
9606,690944,41.670318603515625,48
9607,690944,36.472476959228516,43
9608,690944,110.49161529541016,117
9609,690944,58.9036979675293,66
9610,691200,53.6377067565918,61
9611,691200,31.27112579345703,37
9612,691200,34.601863861083984,41
9613,691200,103.74759674072266,110
9614,691456,116.0635757446289,122
9615,691456,51.96173095703125,58
9616,691456,117.91514587402344,124
9617,691456,53.45998001098633,60
9618,691456,71.41484069824219,77
9619,691712,127.02437591552734,134
9620,691712,44.89717483520508,52
9621,691968,31.12537384033203,37
9622,691968,154.4986114501953,161
9623,691968,224.99014282226562,232
9624,692224,179.90597534179688,189
9625,692480,81.74694061279297,87
9626,692480,122.15830993652344,129
9627,692480,40.51826095581055,47
9628,692480,76.19209289550781,83
9629,692480,88.98707580566406,95
9630,692736,55.357276916503906,62
9631,692736,57.36371612548828,64
9632,692992,67.11967468261719,74
9633,692992,47.64432907104492,54
9634,692992,140.98577880859375,148
9635,692992,41.62180709838867,48
9636,692992,36.28876876831055,42
9637,693248,109.60071563720703,116
9638,693248,83.70942687988281,90
9639,693504,134.05555725097656,140
9640,693504,62.63515853881836,70
9641,693504,87.58772277832031,93
9642,694016,58.551483154296875,64
9643,694016,26.383636474609375,32
9644,694016,132.35824584960938,139
9645,694016,76.07406616210938,82
9646,694272,60.506954193115234,68
9647,694272,151.4929962158203,158
9648,694272,40.88368606567383,48
9649,694272,50.34162902832031,57
9650,694272,71.24545288085938,78
9651,694272,93.73043060302734,100
9652,694272,99.59642028808594,106
9653,694272,28.88534164428711,35
9654,694272,111.33895874023438,117
9655,694528,99.90492248535156,106
9656,694784,104.0189208984375,111
9657,694784,95.98334503173828,102
9658,695040,94.14447021484375,100
9659,695296,150.51556396484375,157
9660,695296,60.87608337402344,67
9661,695296,101.9600601196289,109
9662,695552,77.15802001953125,83
9663,695552,97.70359802246094,104
9664,695552,73.57011413574219,83
9665,695808,92.43546295166016,98
9666,695808,50.0768928527832,57
9667,695808,97.54208374023438,104
9668,695808,120.76897430419922,127
9669,695808,35.60279083251953,42
9670,695808,47.15443801879883,54
9671,696064,80.35469055175781,86
9672,696064,76.36038208007812,83
9673,696320,58.50428009033203,65
9674,696320,49.93247985839844,57
9675,696320,51.31140899658203,57
9676,696320,65.09231567382812,71
9677,696320,75.92649841308594,82
9678,696320,33.701263427734375,40
9679,696320,118.03522491455078,124
9680,696320,42.71123123168945,48
9681,696576,42.47613525390625,49
9682,696576,48.58729934692383,54
9683,696576,131.80970764160156,138
9684,696832,77.67106628417969,84
9685,696832,54.166011810302734,60
9686,697088,61.412452697753906,68
9687,697344,79.38451385498047,86
9688,697344,27.2747745513916,33
9689,697344,113.92449951171875,120
9690,697344,127.49838256835938,134
9691,697344,54.95315170288086,61
9692,697600,149.81954956054688,159
9693,697600,139.62660217285156,146
9694,697600,67.16036987304688,73
9695,697600,37.6603889465332,44
9696,697600,63.962860107421875,70
9697,697856,34.02519607543945,40
9698,697856,84.51860809326172,90
9699,698112,48.909122467041016,55
9700,698112,112.08943176269531,118
9701,698368,60.94454574584961,67
9702,698368,76.89875030517578,83
9703,698368,40.48146057128906,47
9704,698368,43.91270446777344,50
9705,698368,107.6172866821289,114
9706,698624,49.17539596557617,56
9707,698624,46.14765930175781,53
9708,698624,89.89537048339844,96
9709,698624,89.30702209472656,96
9710,698624,103.4832992553711,110
9711,698624,64.46349334716797,71
9712,698880,42.08780288696289,48
9713,698880,54.52757263183594,61
9714,699136,107.2055435180664,113
9715,699392,51.366920471191406,57
9716,699392,77.4510269165039,83
9717,699392,38.10333251953125,44
9718,699392,54.81293487548828,61
9719,699392,147.07080078125,154
9720,699392,39.43747329711914,45
9721,699648,40.52278137207031,47
9722,699648,28.872638702392578,35
9723,699648,52.77259826660156,58
9724,699904,42.90312957763672,49
9725,699904,42.556880950927734,50
9726,700160,66.02887725830078,72
9727,700160,161.33779907226562,168
9728,700416,170.36737060546875,177
9729,700416,108.8339614868164,115
9730,700416,101.81114959716797,108
9731,700416,104.7559585571289,111
9732,700416,92.95276641845703,99
9733,700672,62.6702995300293,69
9734,700672,137.4676971435547,147
9735,700672,101.37020874023438,108
9736,700928,78.19060516357422,84
9737,700928,34.34616470336914,40
9738,700928,231.43234252929688,238
9739,700928,69.0076675415039,75
9740,701184,37.0391960144043,43
9741,701184,58.48257827758789,65
9742,701184,67.9212417602539,75
9743,701184,32.5305061340332,38
9744,701184,51.42665481567383,58
9745,701440,95.88468933105469,102
9746,701440,68.76799774169922,75
9747,701696,74.79342651367188,80
9748,701696,107.63977813720703,114
9749,701952,85.11106872558594,91
9750,701952,24.281949996948242,30
9751,701952,48.50323486328125,54
9752,702208,49.85013198852539,56
9753,702208,72.40132904052734,83
9754,702208,29.674137115478516,36
9755,702464,101.00634002685547,108
9756,702464,35.0040283203125,41
9757,702464,91.10958099365234,97
9758,702720,62.60723114013672,68
9759,702720,55.38029861450195,62
9760,702720,53.07935333251953,60
9761,702720,31.02674102783203,37
9762,702720,54.599639892578125,61
9763,702976,52.00637435913086,59
9764,702976,133.8646240234375,140
9765,702976,80.42855834960938,86
9766,703232,40.86185073852539,47
9767,703232,35.9290657043457,42
9768,703744,64.50309753417969,70
9769,703744,71.26665496826172,77
9770,703744,42.98371887207031,49
9771,703744,45.76747131347656,52
9772,703744,86.31805419921875,93
9773,703744,69.56576538085938,75
9774,704000,58.64461898803711,65
9775,704000,57.9999885559082,66
9776,704000,30.371994018554688,36
9777,704256,60.819915771484375,67
9778,704256,91.26396179199219,97
9779,704512,152.20277404785156,159
9780,704512,69.31237030029297,75
9781,704768,55.56990432739258,62
9782,704768,68.27400207519531,74
9783,704768,80.89688110351562,87
9784,704768,37.1188850402832,44
9785,705024,116.8701171875,123
9786,705024,86.70944213867188,93
9787,705024,125.2915267944336,132
9788,705024,28.173908233642578,34
9789,705024,127.48578643798828,137
9790,705024,174.3452606201172,181
9791,705024,28.399173736572266,34
9792,705280,51.702796936035156,58
9793,705280,36.51002502441406,42
9794,705536,45.20585632324219,51
9795,705536,42.86549758911133,49
9796,705536,64.59419250488281,70
9797,705792,140.91152954101562,147
9798,705792,56.04821014404297,62
9799,705792,110.79090881347656,117
9800,705792,81.0639419555664,87
9801,705792,38.67153549194336,45
9802,706048,44.36953353881836,51
9803,706048,50.02092361450195,56
9804,706304,49.13277816772461,56
9805,706304,36.246307373046875,43
9806,706560,69.76599884033203,78
9807,706560,88.57827758789062,95
9808,706560,27.03325080871582,33
9809,706560,87.46353912353516,93
9810,706560,92.43428039550781,99
9811,706816,78.16141510009766,85
9812,706816,170.8209686279297,180
9813,706816,104.13842010498047,110
9814,706816,65.81869506835938,72
9815,706816,130.0394744873047,137
9816,706816,42.076560974121094,49
9817,706816,125.6478042602539,132
9818,707072,53.76893615722656,60
9819,707072,142.2608184814453,149
9820,707328,24.5037784576416,30
9821,707328,88.67562103271484,95
9822,707328,97.83485412597656,108
9823,707584,82.46855926513672,89
9824,707584,159.7662353515625,166
9825,707584,81.34954071044922,87
9826,707584,88.78035736083984,95
9827,707840,62.023193359375,69
9828,707840,154.85641479492188,162
9829,708096,30.723844528198242,37
9830,708096,221.712890625,229
9831,708096,56.49700164794922,62
9832,708096,27.959794998168945,34
9833,708352,65.62367248535156,73
9834,708352,185.71969604492188,193
9835,708352,96.23812866210938,102
9836,708608,60.522071838378906,67
9837,709120,104.02202606201172,110
9838,709120,42.98289108276367,50
9839,709120,81.13839721679688,87
9840,709120,36.389915466308594,43
9841,709120,90.4838638305664,96
9842,709120,33.443138122558594,39
9843,709376,159.3197021484375,165
9844,709376,51.025489807128906,57
9845,709376,26.231311798095703,32
9846,709376,72.33692169189453,78
9847,709376,38.99922561645508,46
9848,709376,48.84131622314453,55
9849,709376,35.554351806640625,42
9850,709632,66.59325408935547,73
9851,709888,50.243343353271484,57
9852,710400,38.2865104675293,45
9853,710400,114.3426742553711,121
9854,710400,43.713626861572266,50
9855,710656,69.94782257080078,75
9856,710656,42.42284393310547,48
9857,710912,115.64250183105469,122
9858,710912,107.53861999511719,114
9859,710912,95.22628784179688,101
9860,710912,164.47561645507812,171
9861,710912,41.46099090576172,48
9862,710912,100.74679565429688,110
9863,711168,53.88256072998047,60
9864,711168,98.31085205078125,104
9865,711168,71.64427185058594,79
9866,711168,63.593631744384766,69
9867,711168,44.09212875366211,50
9868,711424,121.8398666381836,128
9869,711424,65.30902099609375,71
9870,711424,26.50234603881836,32
9871,711424,107.74018859863281,114
9872,711424,40.350196838378906,46
9873,711424,52.590606689453125,59
9874,711680,87.2707290649414,93
9875,711680,34.33269500732422,40
9876,711680,52.69352340698242,59
9877,711680,48.83998107910156,55
9878,711936,62.659751892089844,69
9879,711936,98.82918548583984,105
9880,712192,61.18516159057617,67
9881,712192,90.9494400024414,97
9882,712192,92.57831573486328,99
9883,712448,27.027315139770508,33
9884,712448,83.71712493896484,89
9885,712448,91.03192138671875,97
9886,712448,80.68153381347656,86
9887,712704,77.30608367919922,83
9888,712704,83.40441131591797,89
9889,712704,44.29990005493164,50
9890,712960,61.901588439941406,68
9891,712960,32.84762954711914,39
9892,713216,26.896915435791016,33
9893,713216,27.984935760498047,34
9894,713216,26.87563133239746,33
9895,713472,59.663578033447266,66
9896,713728,99.61226654052734,106
9897,713728,87.40534973144531,94
9898,713728,43.3438835144043,50
9899,713728,106.66050720214844,113
9900,713728,62.506290435791016,68
9901,713984,124.70246887207031,131
9902,713984,80.68511199951172,88
9903,713984,44.17040252685547,50
9904,713984,37.51422119140625,44
9905,713984,106.11325073242188,112
9906,714240,47.654029846191406,53
9907,714240,101.689697265625,108
9908,714240,55.09523391723633,61
9909,714496,90.81204986572266,97
9910,714496,50.17719268798828,56
9911,714752,36.20458984375,42
9912,714752,41.39897537231445,48
9913,715008,63.71855926513672,69
9914,715008,127.78634643554688,135
9915,715264,127.00987243652344,134
9916,715264,43.235538482666016,49
9917,715264,130.73553466796875,138
9918,715264,68.23567199707031,74
9919,715264,76.48355102539062,83
9920,715264,113.90350341796875,120
9921,715520,93.86799621582031,99
9922,715520,43.64030075073242,50
9923,715520,61.13508224487305,67
9924,715520,34.9667854309082,41
9925,715520,52.0733642578125,59
9926,715520,78.42321014404297,84
9927,715776,64.20852661132812,70
9928,715776,94.07701873779297,100
9929,715776,102.74730682373047,113
9930,715776,128.2212371826172,134
9931,715776,66.86943054199219,73
9932,715776,58.19024658203125,64
9933,715776,77.17701721191406,84
9934,716032,69.42304992675781,75
9935,716032,99.97095489501953,107
9936,716032,79.20601654052734,85
9937,716032,66.00050354003906,72
9938,716032,41.51801300048828,48
9939,716288,51.87805938720703,58
9940,716288,87.0294189453125,93
9941,716544,86.84825134277344,93
9942,716544,49.960262298583984,56
9943,716800,49.87699890136719,56
9944,716800,74.59735107421875,80
9945,717056,74.43702697753906,80
9946,717312,97.88873291015625,104
9947,717312,41.49342346191406,48
9948,717312,46.214576721191406,52
9949,717312,87.37938690185547,93
9950,717568,89.12234497070312,96
9951,717568,39.92483901977539,47
9952,717568,71.90447998046875,78
9953,717568,85.1070785522461,92
9954,717824,70.58332061767578,76
9955,717824,41.11616134643555,47
9956,717824,131.2562713623047,138
9957,717824,117.45684814453125,124
9958,717824,62.260101318359375,68
9959,718080,80.35769653320312,87
9960,718080,98.5958251953125,105
9961,718080,35.78162384033203,42
9962,718336,62.424137115478516,68
9963,718336,54.22170639038086,60
9964,718336,100.35000610351562,107
9965,718336,158.5289764404297,166
9966,718336,156.3612060546875,163
9967,718336,28.171249389648438,34
9968,718592,120.2481460571289,127
9969,718592,124.18024444580078,131
9970,718592,56.24989318847656,62
9971,718848,96.45438385009766,103
9972,718848,52.59574508666992,59
9973,718848,55.859764099121094,62
9974,718848,32.15132522583008,38
9975,719104,43.1922607421875,49
9976,719104,65.02985382080078,71
9977,719104,168.3588104248047,175
9978,719104,38.223201751708984,44
9979,719104,49.217079162597656,55
9980,719360,69.48815155029297,76
9981,719360,43.35034942626953,49
9982,719360,55.13151931762695,61
9983,719360,104.58160400390625,111
9984,719616,51.444305419921875,57
9985,719616,87.43270874023438,94
9986,719616,92.97493743896484,99
9987,719616,98.93147277832031,105
9988,719872,70.61766815185547,76
9989,719872,43.613101959228516,51
9990,719872,63.034244537353516,70
9991,719872,64.42961883544922,70
9992,720128,99.83594512939453,106
9993,720128,51.932830810546875,58
9994,720128,67.98930358886719,74
9995,720128,40.461997985839844,46
9996,720128,182.8784637451172,190
9997,720128,24.08991241455078,30
9998,720640,42.74643325805664,48
9999,720640,73.6407241821289,79
10000,720640,30.217525482177734,36
10001,720640,31.616018295288086,37
10002,720896,103.41619873046875,113
10003,720896,44.72907638549805,50
10004,720896,61.498409271240234,67
10005,721152,88.95185852050781,95
10006,721152,39.273704528808594,46
10007,721152,110.8032455444336,117
10008,721152,98.62239837646484,105
10009,721152,111.45548248291016,118
10010,721152,147.41688537597656,154
10011,721408,95.06236267089844,101
10012,721408,82.67003631591797,89
10013,721408,72.35745239257812,79
10014,721664,36.18163299560547,42
10015,721664,107.59910583496094,114
10016,721664,58.148860931396484,64
10017,721664,95.0401840209961,101
10018,721920,96.76317596435547,102
10019,721920,81.0090560913086,87
10020,722176,55.697998046875,62
10021,722176,36.26718521118164,43
10022,722176,44.302894592285156,50
10023,722176,67.68464660644531,74
10024,722432,149.20187377929688,156
10025,722432,73.05752563476562,79
10026,722688,57.40817642211914,63
10027,722688,65.68742370605469,71
10028,722944,33.978572845458984,40
10029,722944,54.4846076965332,61
10030,722944,85.8786849975586,92
10031,722944,56.133766174316406,62
10032,722944,128.41741943359375,135
10033,722944,75.3055419921875,81
10034,722944,85.49163055419922,92
10035,722944,69.39630889892578,75
10036,722944,27.923480987548828,34
10037,723200,38.7138786315918,45
10038,723200,86.72798919677734,93
10039,723200,78.76834869384766,84
10040,723456,31.317602157592773,37
10041,723456,32.620662689208984,38
10042,723712,51.068809509277344,56
10043,723712,28.411880493164062,34
10044,723968,78.23845672607422,84
10045,724224,59.77114486694336,65
10046,724480,52.828346252441406,60
10047,724480,37.86424255371094,44
10048,724480,112.73473358154297,119
10049,724480,50.8604736328125,57
10050,724480,86.65785217285156,93
10051,724480,41.9693603515625,48
10052,724736,36.223365783691406,43
10053,724736,29.215911865234375,35
10054,724736,46.930442810058594,54
10055,724736,105.5186996459961,112
10056,724992,31.49850845336914,37
10057,725248,87.41433715820312,94
10058,725248,84.5263671875,91
10059,725248,56.63653564453125,62
10060,725248,108.04474639892578,115
10061,725248,146.46665954589844,154
10062,725504,98.84921264648438,105
10063,725504,109.3178482055664,116
10064,725760,68.81013488769531,75
10065,725760,45.27025604248047,51
10066,726016,105.63565826416016,112
10067,726016,97.82130432128906,104
10068,726016,52.56012725830078,59
10069,726272,117.22452545166016,125
10070,726272,77.41980743408203,83
10071,726272,25.3399715423584,31
10072,726272,112.0315933227539,118
10073,726272,42.28325271606445,49
10074,726272,23.383272171020508,29
10075,726528,54.654998779296875,61
10076,726528,68.33358764648438,74
10077,726528,40.115657806396484,47
10078,726528,93.73677062988281,100
10079,726784,31.210182189941406,37
10080,726784,107.54693603515625,113
10081,726784,76.039306640625,82
10082,727040,49.39080810546875,55
10083,727040,57.319149017333984,63
10084,727296,48.76106262207031,55
10085,727296,93.4644775390625,100
10086,727296,85.72515869140625,92
10087,727296,38.53514099121094,45
10088,727552,38.28957748413086,45
10089,727552,72.37920379638672,78
10090,727552,79.36222839355469,85
10091,727808,30.94966697692871,37
10092,727808,41.79975128173828,48
10093,727808,25.4002685546875,31
10094,728064,71.78816223144531,78
10095,728064,101.55836486816406,108
10096,728320,34.47771453857422,41
10097,728320,84.60096740722656,91
10098,728320,75.19621276855469,81
10099,728576,50.801849365234375,57
10100,728576,115.69214630126953,122
10101,728832,106.53707122802734,117
10102,728832,52.014102935791016,59
10103,728832,54.4592399597168,61
10104,728832,45.5973014831543,52
10105,728832,83.73942565917969,90
10106,729088,31.388296127319336,37
10107,729088,83.55923461914062,90
10108,729088,40.14913558959961,46
10109,729088,66.47554016113281,73
10110,729344,50.51242446899414,57
10111,729344,90.83073425292969,98
10112,729344,43.960731506347656,50
10113,729344,43.16767883300781,49
10114,729344,89.2269287109375,96
10115,729600,65.1767578125,72
10116,729600,83.97579956054688,90
10117,729600,48.42375564575195,54
10118,729856,46.16927719116211,52
10119,730112,56.446712493896484,62
10120,730368,28.26230239868164,34
10121,730368,65.66101837158203,71
10122,730368,80.96098327636719,87
10123,730624,51.82201385498047,58
10124,730624,37.79956817626953,44
10125,730880,27.25879669189453,33
10126,730880,54.469207763671875,60
10127,730880,92.0687484741211,98
10128,730880,41.308441162109375,47
10129,730880,31.573467254638672,37
10130,731136,92.16212463378906,98
10131,731136,71.40282440185547,77
10132,731136,112.37398529052734,119
10133,731136,79.18818664550781,85
10134,731136,26.405427932739258,32
10135,731392,32.9583740234375,39
10136,731392,21.336627960205078,27
10137,731648,45.98214340209961,52
10138,731648,47.98464584350586,55
10139,731648,90.81226348876953,97
10140,731904,43.1890869140625,49
10141,731904,29.01216697692871,35
10142,731904,82.63786315917969,89
10143,731904,98.59642791748047,105
10144,731904,69.00238037109375,76
10145,732160,44.83868408203125,51
10146,732160,83.9038314819336,90
10147,732160,40.57865524291992,47
10148,732160,129.8624725341797,136
10149,732160,41.071163177490234,48
10150,732672,54.54315948486328,60
10151,732672,76.97367858886719,83
10152,732672,69.17677307128906,75
10153,732672,74.87271881103516,81
10154,732672,47.684391021728516,54
10155,732672,95.68083190917969,102
10156,732928,111.958984375,118
10157,732928,52.726661682128906,59
10158,732928,48.8193244934082,56
10159,732928,37.69838333129883,44
10160,733184,63.195587158203125,70
10161,733184,73.89948272705078,80
10162,733184,105.18346405029297,111
10163,733184,68.34223937988281,74
10164,733184,96.10169982910156,102
10165,733440,50.213836669921875,56
10166,733440,83.84152221679688,89
10167,733440,82.0142822265625,88
10168,733696,38.307865142822266,45
10169,733696,80.66612243652344,87
10170,733696,34.48676681518555,40
10171,733696,88.56702423095703,95
10172,733952,63.73622131347656,71
10173,733952,30.016862869262695,36
10174,734208,27.48682975769043,33
10175,734208,38.16991424560547,44
10176,734208,101.04644012451172,107
10177,734208,64.96231842041016,71
10178,734208,126.25184631347656,133
10179,734464,55.689788818359375,61
10180,734464,18.969820022583008,24
10181,734464,22.39604377746582,28
10182,734464,81.48040771484375,87
10183,734464,71.36580657958984,78
10184,734464,39.05427932739258,45
10185,734464,106.62291717529297,113
10186,734720,107.7716293334961,114
10187,734720,70.06400299072266,76
10188,734720,100.28782653808594,107
10189,734720,103.25931549072266,109
10190,734720,47.98109436035156,55
10191,734976,51.795169830322266,58
10192,734976,71.79550170898438,78
10193,734976,40.32051086425781,47
10194,734976,97.3764419555664,104
10195,734976,32.256561279296875,38
10196,734976,85.65668487548828,91
10197,734976,53.97544479370117,59
10198,735232,171.13360595703125,178
10199,735232,69.18801879882812,75
10200,735488,61.98407745361328,67
10201,735488,27.155414581298828,33
10202,735488,138.1182861328125,145
10203,735488,107.17584991455078,114
10204,735488,36.61273193359375,43
10205,735744,63.2097282409668,70
10206,735744,78.79034423828125,85
10207,736000,89.5594482421875,95
10208,736000,102.96369934082031,109
10209,736000,97.40765380859375,104
10210,736256,82.12910461425781,88
10211,736256,67.35148620605469,73
10212,736256,94.33406066894531,100
10213,736256,27.073657989501953,33
10214,736256,63.46723556518555,70
10215,736256,80.53958892822266,87
10216,736256,38.15149688720703,44
10217,736256,52.618385314941406,59
10218,736256,59.24566650390625,65
10219,736512,72.2794189453125,79
10220,736512,51.98663330078125,58
10221,736512,53.94268798828125,60
10222,736512,33.65785598754883,40
10223,736512,55.12349319458008,62
10224,736512,95.89093017578125,102
10225,736512,44.33866500854492,50
10226,736768,96.68976593017578,103
10227,737024,63.32916259765625,69
10228,737024,94.35649108886719,100
10229,737024,103.20947265625,109
10230,737280,88.94371795654297,95
10231,737280,55.16453552246094,62
10232,737536,38.250762939453125,44
10233,737536,38.19309616088867,44
10234,737536,55.6847038269043,61
10235,737792,52.15349578857422,58
10236,737792,28.52865982055664,34
10237,738048,94.48975372314453,100
10238,738048,112.32698822021484,118
10239,738048,68.29674530029297,74
10240,738304,88.4918441772461,95
10241,738304,73.17171478271484,79
10242,738304,40.726016998291016,47
10243,738304,67.33551788330078,73
10244,738560,84.9917984008789,91
10245,738560,108.83032989501953,115
10246,738560,37.133827209472656,43
10247,738560,41.15584182739258,47
10248,738560,75.46663665771484,82
10249,738816,55.57413101196289,61
10250,738816,31.306921005249023,38
10251,738816,41.924224853515625,49
10252,738816,102.18836212158203,108
10253,738816,58.50996398925781,65
10254,739072,79.4022445678711,86
10255,739072,40.00248336791992,46
10256,739328,46.01652526855469,52
10257,739328,64.9009017944336,71
10258,739328,52.44295120239258,58
10259,739328,64.45226287841797,71
10260,739584,75.5380630493164,82
10261,739584,74.14934539794922,80
10262,739584,78.10224151611328,84
10263,739584,41.5594482421875,48
10264,739584,59.99020004272461,66
10265,739840,105.63168334960938,112
10266,739840,87.68972778320312,94
10267,739840,114.61691284179688,122
10268,739840,58.79380798339844,65
10269,739840,81.89942932128906,88
10270,739840,157.31776428222656,166
10271,740096,54.52411651611328,60
10272,740096,84.9735107421875,91
10273,740096,25.77652359008789,31
10274,740096,51.04180145263672,58
10275,740352,79.51973724365234,86
10276,740352,65.98371887207031,73
10277,740608,80.57797241210938,88
10278,740608,53.76670455932617,60
10279,740608,56.972347259521484,63
10280,740864,24.79815673828125,30
10281,740864,84.39324188232422,90
10282,740864,93.32514190673828,100
10283,740864,89.50128936767578,96
10284,740864,67.99018859863281,74
10285,741120,95.27728271484375,101
10286,741120,64.66555786132812,70
10287,741120,137.8834228515625,144
10288,741120,32.54149627685547,39
10289,741376,30.34668731689453,36
10290,741376,52.176185607910156,58
10291,741632,74.19549560546875,80
10292,741632,88.36022186279297,94
10293,741632,57.567718505859375,63
10294,741632,108.8749008178711,116
10295,741888,96.9588394165039,103
10296,741888,111.73257446289062,118
10297,741888,130.59214782714844,137
10298,742144,51.37782669067383,57
10299,742144,65.46133422851562,71
10300,742144,40.04780960083008,46
10301,742144,33.888797760009766,40
10302,742144,45.993778228759766,52
10303,742400,17.94029426574707,23
10304,742400,43.72456741333008,51
10305,742656,32.129981994628906,38
10306,742656,97.638427734375,104
10307,742912,31.729280471801758,37
10308,742912,103.06644439697266,110
10309,742912,58.35930252075195,64
10310,742912,48.33232879638672,54
10311,742912,39.33070373535156,46
10312,743168,84.30640411376953,90
10313,743168,81.30660247802734,88
10314,743168,103.58828735351562,109
10315,743168,75.80789947509766,82
10316,743168,53.966060638427734,60
10317,743168,83.76068115234375,90
10318,743424,87.34672546386719,93
10319,743424,61.40937805175781,68
10320,743424,82.91837310791016,89
10321,743680,53.77598571777344,60
10322,743680,28.020217895507812,34
10323,743680,55.80475616455078,62
10324,743680,28.420156478881836,34
10325,743680,53.42231750488281,60
10326,743680,38.747093200683594,45
10327,743936,31.611907958984375,38
10328,743936,45.51096725463867,51
10329,743936,61.49890899658203,67
10330,743936,35.72400665283203,42
10331,743936,58.2821159362793,64
10332,744192,68.46559143066406,74
10333,744192,25.068635940551758,31
10334,744192,83.91541290283203,90
10335,744192,87.25518798828125,94
10336,744448,43.49139404296875,50
10337,744704,86.78609466552734,93
10338,744704,59.033477783203125,65
10339,744704,107.62393951416016,114
10340,744960,68.89410400390625,75
10341,744960,91.05635070800781,98
10342,745216,40.98843002319336,47
10343,745216,27.877716064453125,34
10344,745472,44.15890884399414,50
10345,745472,76.25404357910156,82
10346,745472,50.08205795288086,57
10347,745472,72.43238830566406,79
10348,745472,31.106891632080078,37
10349,745728,44.71491622924805,51
10350,745984,77.61126708984375,83
10351,745984,37.405311584472656,44
10352,745984,32.33931350708008,38
10353,745984,36.344356536865234,43
10354,745984,28.30255699157715,34
10355,745984,92.16134643554688,98
10356,745984,43.38645553588867,49
10357,745984,95.33351135253906,101
10358,746240,84.7901611328125,91
10359,746240,47.336212158203125,53
10360,746240,31.82453155517578,38
10361,746240,83.51244354248047,89
10362,746496,86.88442993164062,93
10363,746496,41.51577377319336,48
10364,746496,28.97995948791504,35
10365,746496,39.6840705871582,46
10366,746752,62.04476547241211,68
10367,746752,58.10320281982422,64
10368,746752,71.23177337646484,77
10369,747008,70.47259521484375,77
10370,747008,30.21709442138672,36
10371,747008,48.56720733642578,54
10372,747264,48.685279846191406,54
10373,747264,90.90939331054688,97
10374,747264,96.38124084472656,103
10375,747264,45.467384338378906,51
10376,747520,83.35285186767578,89
10377,747520,68.5517807006836,74
10378,747520,48.37796401977539,54
10379,747520,104.027099609375,110
10380,747520,76.73201751708984,83
10381,747776,66.54598236083984,73
10382,747776,49.052066802978516,55
10383,748032,193.3960723876953,202
10384,748032,70.51242065429688,76
10385,748032,89.03694915771484,95
10386,748288,119.73774719238281,127
10387,748288,92.79537200927734,99
10388,748288,77.31698608398438,84
10389,748288,154.79086303710938,162
10390,748544,28.69801139831543,34
10391,748544,49.968502044677734,56
10392,748544,43.29218673706055,49
10393,748544,64.18439483642578,70
10394,748544,96.62100219726562,103
10395,748544,63.649635314941406,69
10396,748800,47.33794403076172,54
10397,748800,60.75577926635742,66
10398,748800,50.9453010559082,56
10399,748800,34.270118713378906,40
10400,748800,43.57030487060547,49
10401,748800,47.514312744140625,53
10402,748800,61.34215545654297,68
10403,748800,28.622785568237305,35
10404,748800,26.307666778564453,32
10405,749056,83.89815521240234,90
10406,749056,81.98934173583984,88
10407,749056,34.11589050292969,40
10408,749056,23.5900821685791,29
10409,749312,34.24831771850586,41
10410,749312,68.52127075195312,74
10411,749312,59.05616760253906,65
10412,749568,39.210601806640625,45
10413,749568,73.57342529296875,81
10414,749824,48.960693359375,55
10415,749824,74.25838470458984,80
10416,749824,67.50898742675781,73
10417,749824,52.90782928466797,59
10418,749824,37.78853225708008,44
10419,749824,76.05877685546875,82
10420,750080,72.37763214111328,78
10421,750080,52.06325912475586,57
10422,750080,19.77886199951172,25
10423,750080,60.957706451416016,67
10424,750336,75.48249053955078,81
10425,750336,117.21481323242188,124
10426,750592,57.078773498535156,63
10427,750592,76.28156280517578,82
10428,750592,101.65725708007812,108
10429,750592,47.102203369140625,53
10430,750848,129.5646514892578,136
10431,750848,28.19507598876953,34
10432,751104,58.23453140258789,65
10433,751104,33.100929260253906,39
10434,751104,84.11183166503906,90
10435,751360,82.18946075439453,88
10436,751360,33.16530990600586,39
10437,751360,34.3277473449707,40
10438,751360,30.718469619750977,37
10439,751872,41.41199493408203,47
10440,751872,26.037212371826172,31
10441,751872,41.51633071899414,47
10442,751872,55.59882736206055,61
10443,752128,66.65678405761719,72
10444,752128,74.68025207519531,80
10445,752128,47.19418716430664,54
10446,752128,31.79149627685547,37
10447,752128,85.10276794433594,91
10448,752128,40.75627899169922,47
10449,752128,64.5707778930664,70
10450,752128,61.536251068115234,68
10451,752128,20.634889602661133,26
10452,752128,97.3797378540039,104
10453,752384,74.20728302001953,80
10454,752384,128.4324188232422,135
10455,752384,31.297483444213867,37
10456,752384,43.99641036987305,50
10457,752384,73.65123748779297,79
10458,752640,67.65789794921875,73
10459,752640,43.002437591552734,49
10460,752640,48.15560531616211,54
10461,752640,94.54458618164062,101
10462,752896,47.087284088134766,53
10463,752896,45.84395980834961,51
10464,752896,58.41659927368164,64
10465,752896,41.09090805053711,48
10466,752896,31.701152801513672,37
10467,753152,78.98303985595703,85
10468,753152,105.7088394165039,112
10469,753152,62.42226028442383,68
10470,753152,38.8519172668457,46
10471,753408,39.52894973754883,45
10472,753408,29.029573440551758,35
10473,753408,50.76530838012695,57
10474,753408,42.173519134521484,49
10475,753664,62.70570373535156,68
10476,753664,87.00389099121094,94
10477,753664,23.271434783935547,29
10478,753664,50.30381774902344,56
10479,753664,49.0508918762207,56
10480,753664,67.05142211914062,73
10481,754176,69.21549987792969,75
10482,754432,153.55657958984375,164
10483,754432,89.7961654663086,96
10484,754432,46.51638412475586,52
10485,754432,68.14744567871094,74
10486,754432,77.19261932373047,84
10487,754432,47.16056823730469,53
10488,754688,40.4632453918457,46
10489,754688,65.69100952148438,71
10490,754688,75.46257019042969,81
10491,754688,77.98554992675781,85
10492,754688,55.74288558959961,62
10493,754944,89.34326934814453,95
10494,754944,38.88020324707031,45
10495,755200,86.74105834960938,92
10496,755200,134.24893188476562,141
10497,755456,28.557880401611328,34
10498,755456,63.76350021362305,70
10499,755456,28.865657806396484,35
10500,755456,69.56788635253906,75
10501,755456,85.91848754882812,92
10502,755712,37.14065170288086,43
10503,755712,38.176876068115234,45
10504,755712,63.581302642822266,69
10505,755712,69.48049926757812,75
10506,755968,88.375732421875,94
10507,755968,44.313751220703125,50
10508,755968,27.128936767578125,33
10509,755968,84.4164810180664,91
10510,756224,48.22825622558594,55
10511,756224,75.46102142333984,81
10512,756224,33.25606918334961,39
10513,756224,78.42481231689453,84
10514,756224,48.1290397644043,55
10515,756224,23.386507034301758,29
10516,756224,59.542762756347656,65
10517,756480,75.21566772460938,82
10518,756480,42.51490020751953,48
10519,756480,83.3479995727539,89
10520,756480,80.2801284790039,86
10521,756736,66.1196517944336,72
10522,756736,73.15739440917969,79
10523,756736,52.05105972290039,57
10524,756736,32.84381103515625,38
10525,756992,36.47476577758789,42
10526,756992,95.01780700683594,101
10527,756992,35.30824279785156,41
10528,757248,72.13639068603516,78
10529,757504,103.8061752319336,110
10530,757504,91.27694702148438,97
10531,757504,27.73236083984375,34
10532,757504,43.0726203918457,49
10533,757504,69.03988647460938,75
10534,757760,29.900718688964844,36
10535,757760,64.0322265625,71
10536,757760,48.688697814941406,54
10537,757760,98.56527709960938,105
10538,757760,35.81625747680664,42
10539,758016,50.583595275878906,56
10540,758016,45.79863357543945,52
10541,758016,30.058252334594727,36
10542,758272,100.11991119384766,106
10543,758272,49.972625732421875,56
10544,758272,91.9587173461914,98
10545,758272,27.903766632080078,33
10546,758528,88.00589752197266,94
10547,758528,78.904052734375,85
10548,758528,53.80543899536133,59
10549,758528,41.14220428466797,47
10550,758528,78.66471099853516,84
10551,758528,101.90420532226562,108
10552,758784,88.7249526977539,95
10553,758784,64.44246673583984,70
10554,758784,32.51076126098633,39
10555,758784,175.25108337402344,185
10556,759040,35.8080940246582,41
10557,759040,59.276676177978516,65
10558,759040,63.8653678894043,70
10559,759040,34.916046142578125,41
10560,759040,80.05070495605469,86
10561,759296,36.321407318115234,42
10562,759296,85.03890228271484,91
10563,759296,54.755130767822266,60
10564,759552,35.730613708496094,42
10565,759552,20.66973876953125,26
10566,759552,68.70866394042969,74
10567,759808,41.85659408569336,48
10568,759808,41.454524993896484,47
10569,759808,81.03565216064453,87
10570,759808,48.20602035522461,55
10571,760064,34.56450653076172,40
10572,760064,46.8861198425293,53
10573,760064,61.595672607421875,67
10574,760064,60.349483489990234,66
10575,760320,57.477500915527344,63
10576,760320,70.38056945800781,76
10577,760320,67.41535186767578,73
10578,760576,79.50530242919922,86
10579,760576,26.120418548583984,32
10580,760576,45.06773376464844,51
10581,760576,77.88508605957031,84
10582,760576,79.60369873046875,87
10583,760576,34.61793899536133,41
10584,760576,64.09356689453125,69
10585,760576,95.86731719970703,102
10586,760832,69.47566223144531,75
10587,761088,136.34249877929688,144
10588,761088,91.01914978027344,97
10589,761088,61.86144256591797,68
10590,761088,77.19243621826172,83
10591,761088,50.21340560913086,56
10592,761088,29.72230339050293,36
10593,761344,54.31968307495117,60
10594,761344,81.1128921508789,87
10595,761600,26.954299926757812,32
10596,761600,64.30465698242188,70
10597,761600,41.34733200073242,47
10598,761600,34.9189453125,41
10599,761600,49.464027404785156,55
10600,761600,70.66814422607422,77
10601,761600,34.405574798583984,40
10602,761600,36.66157150268555,43
10603,761600,42.33195877075195,48
10604,761856,48.47300720214844,54
10605,761856,24.518943786621094,30
10606,761856,31.187210083007812,37
10607,762112,71.90803527832031,78
10608,762112,56.977813720703125,63
10609,762112,82.52395629882812,88
10610,762368,96.18386840820312,102
10611,762368,53.738182067871094,59
10612,762368,62.71104431152344,68
10613,762624,42.33506393432617,48
10614,762624,48.979679107666016,54
10615,762624,43.79847717285156,50
10616,762624,87.20134735107422,94
10617,762880,71.44158935546875,77
10618,762880,41.877315521240234,48
10619,762880,32.37474060058594,39
10620,762880,100.5546646118164,107
10621,762880,50.08540725708008,56
10622,762880,59.00694274902344,65
10623,763136,103.94618225097656,110
10624,763136,31.37871742248535,37
10625,763136,37.31336975097656,43
10626,763136,36.383934020996094,42
10627,763136,85.9594497680664,92
10628,763392,74.69538879394531,81
10629,763392,70.64295196533203,76
10630,763392,43.35424041748047,49
10631,763392,65.48233032226562,71
10632,763392,24.405393600463867,30
10633,763648,36.38566589355469,42
10634,763648,58.13353729248047,64
10635,763648,29.677886962890625,35
10636,763648,51.30122756958008,57
10637,763648,105.0953369140625,111
10638,763648,39.11226272583008,45
10639,763648,73.73365783691406,80
10640,763648,85.52816772460938,91
10641,763904,95.1290054321289,101
10642,763904,76.60498809814453,82
10643,763904,101.74229431152344,108
10644,763904,26.25130844116211,32
10645,764160,67.68558502197266,73
10646,764160,27.791736602783203,34
10647,764160,27.955535888671875,34
10648,764416,77.90472412109375,83
10649,764416,44.037818908691406,49
10650,764672,58.45686340332031,64
10651,764672,87.37181854248047,93
10652,764672,44.68359375,50
10653,764672,75.74732971191406,82
10654,764672,43.06807327270508,49
10655,764672,89.93468475341797,96
10656,765184,42.17042541503906,48
10657,765184,28.993389129638672,35
10658,765184,28.79380226135254,35
10659,765184,25.13901138305664,30
10660,765440,49.97325134277344,55
10661,765440,66.37744140625,72
10662,765440,34.99034881591797,40
10663,765696,26.4129638671875,32
10664,765696,42.35603332519531,49
10665,765696,37.71659851074219,44
10666,765952,34.6772575378418,41
10667,765952,66.83399963378906,73
10668,765952,63.50299072265625,69
10669,765952,43.035484313964844,49
10670,765952,47.753055572509766,54
10671,765952,95.15042114257812,101
10672,765952,51.82234573364258,57
10673,765952,39.86993408203125,45
10674,766208,64.67823028564453,71
10675,766208,46.8268928527832,53
10676,766464,56.247379302978516,62
10677,766464,35.6783447265625,42
10678,766464,58.30381774902344,65
10679,766464,33.54668426513672,39
10680,766720,35.581851959228516,41
10681,766720,80.2837142944336,86
10682,766720,71.8674087524414,78
10683,766720,37.36582946777344,43
10684,766720,63.8768196105957,69
10685,766976,65.31010437011719,71
10686,766976,76.04261779785156,82
10687,766976,19.68801498413086,25
10688,767232,61.391075134277344,67
10689,767232,28.924936294555664,35
10690,767232,86.84371185302734,92
10691,767232,99.36541748046875,105
10692,767488,54.832740783691406,60
10693,767488,68.7911376953125,75
10694,767488,20.634422302246094,26
10695,767488,26.29705238342285,32
10696,767488,77.94298553466797,84
10697,767744,49.29951477050781,55
10698,767744,78.63421630859375,85
10699,767744,25.446598052978516,31
10700,768000,31.039562225341797,37
10701,768000,47.14314651489258,53
10702,768000,47.28071975708008,53
10703,768000,51.86094665527344,58
10704,768256,64.74144744873047,72
10705,768256,82.42034912109375,89
10706,768256,112.49647521972656,119
10707,768256,56.004005432128906,62
10708,768256,60.464012145996094,66
10709,768512,64.18730163574219,70
10710,768512,68.50434112548828,74
10711,768512,38.04364013671875,44
10712,768512,81.74079895019531,88
10713,768512,69.294189453125,75
10714,768768,68.06934356689453,74
10715,768768,48.32762145996094,56
10716,768768,135.87933349609375,143
10717,768768,109.24266815185547,115
10718,768768,30.571046829223633,36
10719,768768,22.49199867248535,28
10720,769024,78.4244613647461,84
10721,769024,41.286705017089844,47
10722,769024,90.8579330444336,97
10723,769024,47.794254302978516,54
10724,769536,41.35390090942383,47
10725,769536,62.58740234375,68
10726,769536,147.02467346191406,157
10727,769536,66.6395263671875,72
10728,769792,89.23616790771484,95
10729,769792,73.43545532226562,80
10730,769792,63.63330078125,69
10731,770048,22.940624237060547,28
10732,770048,20.511316299438477,26
10733,770304,42.589210510253906,48
10734,770304,40.061214447021484,45
10735,770304,79.15914154052734,85
10736,770304,28.568838119506836,34
10737,770304,41.30793762207031,47
10738,770304,66.29841613769531,72
10739,770304,42.4547233581543,49
10740,770304,49.330909729003906,55
10741,770560,56.427642822265625,62
10742,770560,23.496150970458984,29
10743,770560,35.53025436401367,42
10744,770560,60.675376892089844,66
10745,770560,64.15192413330078,70
10746,770560,78.20619201660156,84
10747,770816,54.9827880859375,60
10748,770816,61.4153938293457,67
10749,770816,52.77558517456055,58
10750,770816,52.12860107421875,58
10751,770816,91.24739074707031,97
10752,770816,48.7502326965332,54
10753,770816,51.41096496582031,58
10754,771072,59.50806427001953,65
10755,771072,27.152149200439453,33
10756,771072,84.57893371582031,91
10757,771328,88.47962188720703,94
10758,771328,52.54816818237305,58
10759,771584,26.102087020874023,32
10760,771584,40.00239562988281,46
10761,771584,66.46570587158203,73
10762,771584,16.919246673583984,22
10763,771584,78.31494140625,84
10764,771840,26.15755271911621,32
10765,771840,86.59715270996094,92
10766,771840,83.68522644042969,90
10767,771840,36.82280349731445,42
10768,771840,94.83871459960938,101
10769,771840,67.5674819946289,73
10770,771840,37.72047424316406,44
10771,772096,53.88539505004883,60
10772,772096,108.77674865722656,116
10773,772096,40.37010955810547,46
10774,772096,45.323402404785156,51
10775,772096,50.06724548339844,56
10776,772352,51.70772933959961,57
10777,772352,52.082374572753906,57
10778,772352,46.31764221191406,52
10779,772608,40.269588470458984,47
10780,772608,78.61844635009766,85
10781,772608,78.48225402832031,84
10782,772864,44.25690841674805,50
10783,772864,82.97477722167969,89
10784,772864,49.298824310302734,55
10785,773120,101.37706756591797,108
10786,773120,63.304073333740234,69
10787,773120,70.30860900878906,77
10788,773120,83.1068344116211,89
10789,773120,58.67266845703125,65
10790,773376,23.38311195373535,29
10791,773376,35.011192321777344,41
10792,773376,89.64295959472656,96
10793,773376,39.293758392333984,46
10794,773376,53.425453186035156,59
10795,773376,24.704816818237305,30
10796,773376,76.10871887207031,82
10797,773632,44.57222366333008,51
10798,773632,90.63369750976562,96
10799,773632,57.760372161865234,63
10800,773632,49.9528923034668,56
10801,773632,29.56702423095703,35
10802,773632,67.72611999511719,74
10803,773632,40.981842041015625,46
10804,773632,59.945587158203125,66
10805,773888,77.39946746826172,83
10806,773888,46.500762939453125,53
10807,773888,75.16149139404297,81
10808,773888,118.60928344726562,126
10809,774144,34.84146499633789,40
10810,774144,32.89698028564453,38
10811,774400,53.75925064086914,60
10812,774400,38.38609313964844,44
10813,774400,41.601829528808594,48
10814,774656,39.725425720214844,46
10815,774656,38.6276741027832,44
10816,774656,34.749839782714844,40
10817,774656,59.79498291015625,65
10818,774656,51.98830795288086,57
10819,774912,82.89566040039062,89
10820,774912,46.726646423339844,53
10821,775168,59.855812072753906,65
10822,775168,117.69222259521484,125
10823,775168,55.767311096191406,62
10824,775168,51.99330520629883,57
10825,775168,39.694759368896484,45
10826,775424,135.33279418945312,144
10827,775424,78.82685089111328,85
10828,775424,75.03850555419922,81
10829,775680,55.12305450439453,61
10830,775680,29.349872589111328,35
10831,775680,65.57566833496094,71
10832,775680,23.600833892822266,29
10833,775936,26.356660842895508,32
10834,775936,50.54924011230469,56
10835,776192,50.30176544189453,56
10836,776192,39.66545867919922,45
10837,776192,64.78311920166016,70
10838,776448,27.127912521362305,32
10839,776448,64.45974731445312,70
10840,776448,34.35893630981445,41
10841,776448,46.478912353515625,52
10842,776704,84.8761978149414,91
10843,776704,55.70708465576172,61
10844,776704,90.73189544677734,96
10845,776704,31.01873779296875,37
10846,776704,73.25118255615234,79
10847,776704,45.62618637084961,51
10848,776704,26.132083892822266,32
10849,776960,28.47981834411621,34
10850,776960,73.73204803466797,79
10851,776960,64.12113952636719,70
10852,776960,60.65986251831055,67
10853,776960,39.318084716796875,46
10854,776960,44.849246978759766,51
10855,776960,87.78070831298828,95
10856,777216,38.41459655761719,44
10857,777216,51.04741668701172,56
10858,777216,35.179561614990234,41
10859,777216,48.57622146606445,55
10860,777216,76.37789154052734,82
10861,777216,27.523244857788086,33
10862,777472,36.5905876159668,42
10863,777472,53.21826171875,59
10864,777472,36.23854064941406,42
10865,777472,68.77574920654297,74
10866,777472,32.12022399902344,38
10867,777472,77.90876770019531,83
10868,777728,71.59973907470703,77
10869,777728,45.743221282958984,51
10870,777728,35.10212707519531,41
10871,777728,53.76738739013672,60
10872,777728,47.62129211425781,54
10873,777984,27.06460189819336,33
10874,777984,51.14387130737305,57
10875,777984,84.09879302978516,90
10876,777984,58.796329498291016,65
10877,777984,58.86299514770508,66
10878,778496,56.104652404785156,62
10879,778496,24.208942413330078,30
10880,778752,61.61914825439453,67
10881,778752,81.96508026123047,88
10882,778752,38.80247497558594,44
10883,778752,88.2828598022461,94
10884,778752,27.236190795898438,33
10885,779008,80.81485748291016,86
10886,779008,97.1042251586914,105
10887,779008,60.394229888916016,66
10888,779008,64.79615020751953,72
10889,779008,43.49905776977539,50
10890,779008,80.99151611328125,87
10891,779008,35.59735870361328,41
10892,779008,48.403648376464844,54
10893,779008,87.90380096435547,94
10894,779264,34.127933502197266,40
10895,779520,63.64396286010742,69
10896,779520,47.11198806762695,53
10897,779776,77.72604370117188,83
10898,779776,59.05868148803711,67
10899,779776,48.43745040893555,54
10900,779776,56.84346008300781,63
10901,779776,54.93689727783203,61
10902,780032,32.480709075927734,38
10903,780032,20.72903823852539,26
10904,780032,43.8613395690918,50
10905,780288,82.05581665039062,88
10906,780288,50.2104377746582,57
10907,780288,21.558162689208984,27
10908,780544,68.23696899414062,74
10909,780544,52.5814323425293,58
10910,780544,23.496868133544922,29
10911,780544,51.757049560546875,57
10912,780544,39.10971450805664,46
10913,780544,39.289520263671875,46
10914,780544,25.029441833496094,31
10915,780800,56.62688446044922,63
10916,780800,49.62646484375,55
10917,780800,80.1493911743164,86
10918,780800,33.87531661987305,39
10919,780800,74.3925552368164,81
10920,780800,38.73432922363281,44
10921,781056,42.693992614746094,48
10922,781056,55.51559066772461,61
10923,781056,101.34968566894531,107
10924,781056,132.62350463867188,140
10925,781056,78.11962127685547,84
10926,781056,25.99678611755371,31
10927,781312,73.3021469116211,79
10928,781312,40.1642951965332,46
10929,781312,35.451961517333984,43
10930,781312,32.489280700683594,38
10931,781312,72.94265747070312,79
10932,781312,50.137489318847656,56
10933,781312,52.724937438964844,59
10934,781312,45.33396911621094,51
10935,781312,73.46115112304688,79
10936,781568,35.137332916259766,41
10937,781568,32.82789993286133,38
10938,781568,93.6159439086914,100
10939,781568,43.57259750366211,49
10940,782080,55.61277770996094,61
10941,782080,42.26544952392578,48
10942,782336,50.74248123168945,56
10943,782336,75.0739517211914,81
10944,782336,86.3006591796875,92
10945,782336,36.62361145019531,42
10946,782336,67.35997009277344,73
10947,782592,72.48541259765625,78
10948,782592,49.74613571166992,55
10949,782592,47.28517150878906,53
10950,782848,77.38506317138672,83
10951,782848,35.51469802856445,41
10952,782848,42.741859436035156,49
10953,782848,53.10054397583008,60
10954,783104,72.76766204833984,79
10955,783360,131.16632080078125,138
10956,783360,67.71082305908203,73
10957,783360,53.688289642333984,60
10958,783360,89.13229370117188,95
10959,783360,83.817626953125,90
10960,783360,32.580902099609375,38
10961,783616,52.58537292480469,58
10962,783616,67.86349487304688,74
10963,783616,29.08543586730957,35
10964,783616,61.67253494262695,67
10965,783616,33.71906661987305,39
10966,783616,44.00932312011719,50
10967,783872,23.45977210998535,29
10968,783872,81.2542953491211,87
10969,783872,48.94968795776367,55
10970,784128,40.32142639160156,47
10971,784128,32.42777633666992,38
10972,784128,22.30990982055664,28
10973,784128,75.05812072753906,81
10974,784128,72.68851470947266,78
10975,784128,47.056236267089844,52
10976,784128,36.416107177734375,42
10977,784384,42.540950775146484,49
10978,784384,46.84444808959961,54
10979,784384,28.559730529785156,34
10980,784384,60.743309020996094,66
10981,784384,21.477603912353516,27
10982,784640,36.08921813964844,42
10983,784640,75.0850601196289,81
10984,784640,42.127140045166016,47
10985,784896,77.47695922851562,83
10986,784896,97.12350463867188,103
10987,784896,33.91347122192383,39
10988,784896,25.18219566345215,31
10989,785152,22.548250198364258,28
10990,785152,40.752017974853516,46
10991,785152,29.24271583557129,35
10992,785152,35.16416931152344,41
10993,785408,51.24153518676758,57
10994,785408,39.551795959472656,45
10995,785408,72.33519744873047,78
10996,785408,36.62368392944336,42
10997,785408,66.45907592773438,72
10998,785408,90.33223724365234,97
10999,785664,59.797122955322266,65
11000,785664,47.540130615234375,53
11001,785664,35.260887145996094,41
11002,785664,84.74357604980469,91
11003,785664,48.502830505371094,54
11004,785920,28.603260040283203,34
11005,785920,40.35055160522461,46
11006,785920,49.9535026550293,56
11007,785920,30.448387145996094,36
11008,786176,50.81488037109375,56
11009,786176,64.29349517822266,70
11010,786176,82.31737518310547,88
11011,786176,93.54727935791016,100
11012,786432,67.1625747680664,73
11013,786432,56.44308090209961,63
11014,786432,68.3575210571289,74
11015,786432,33.74986267089844,39
11016,786432,85.30392456054688,91
11017,786432,68.2686538696289,74
11018,786688,46.940223693847656,52
11019,786944,45.42529296875,51
11020,786944,87.9651870727539,94
11021,786944,45.96040344238281,51
11022,787200,55.35384750366211,62
11023,787200,39.98334503173828,46
11024,787200,22.794862747192383,28
11025,787200,49.752601623535156,58
11026,787456,27.13460922241211,33
11027,787456,42.49927520751953,48
11028,787456,54.20634460449219,59
11029,787456,38.33009719848633,44
11030,787456,35.27218246459961,41
11031,787712,65.17679595947266,71
11032,787712,50.00896072387695,55
11033,787712,51.33526611328125,57
11034,787712,29.109188079833984,35
11035,787712,77.1532211303711,83
11036,787712,27.31180191040039,33
11037,787968,54.036685943603516,59
11038,787968,62.477867126464844,68
11039,787968,42.961978912353516,48
11040,788224,81.5704116821289,87
11041,788224,31.666616439819336,37
11042,788480,32.15589141845703,38
11043,788480,60.09046936035156,66
11044,788480,88.94229888916016,95
11045,788480,48.24922180175781,54
11046,788480,85.45597839355469,91
11047,788736,58.0489501953125,63
11048,788736,52.625274658203125,59
11049,788992,37.086421966552734,43
11050,788992,55.731101989746094,61
11051,788992,24.75836181640625,30
11052,788992,25.307979583740234,31
11053,788992,55.149131774902344,61
11054,789248,24.290477752685547,30
11055,789248,93.8803939819336,100
11056,789504,54.031776428222656,59
11057,789760,23.316688537597656,29
11058,789760,101.46749877929688,108
11059,789760,30.540525436401367,36
11060,789760,51.49324035644531,57
11061,790016,46.252925872802734,52
11062,790016,35.425148010253906,41
11063,790272,73.44593811035156,79
11064,790272,52.39198684692383,58
11065,790272,59.96531677246094,65
11066,790272,67.17647552490234,73
11067,790272,33.06886291503906,38
11068,790272,42.272003173828125,48
11069,790272,21.66879653930664,27
11070,790528,75.20853424072266,81
11071,790528,41.29619598388672,47
11072,790528,70.83377838134766,77
11073,790528,72.10230255126953,78
11074,790528,26.965633392333984,32
11075,790784,63.248016357421875,69
11076,790784,73.0001449584961,79
11077,790784,33.725372314453125,39
11078,791040,94.87862396240234,101
11079,791040,69.21590423583984,75
11080,791296,66.77653503417969,72
11081,791296,66.17708587646484,72
11082,791296,58.961463928222656,64
11083,791552,51.674373626708984,57
11084,791552,48.62782287597656,54
11085,791552,23.812349319458008,29
11086,791552,91.54319763183594,98
11087,791552,52.36737060546875,58
11088,791552,23.57085609436035,29
11089,791552,33.88526153564453,40
11090,791552,35.559471130371094,41
11091,791552,41.38260269165039,47
11092,791552,31.748859405517578,37
11093,791552,74.92792510986328,82
11094,791808,27.032440185546875,33
11095,791808,52.90130615234375,59
11096,791808,46.78929138183594,54
11097,791808,28.96804428100586,35
11098,791808,79.27466583251953,85
11099,791808,119.43170166015625,126
11100,791808,49.30187225341797,55
11101,791808,67.38113403320312,73
11102,791808,75.08380126953125,81
11103,792064,54.52831268310547,60
11104,792064,40.06178283691406,45
11105,792064,45.2342529296875,51
11106,792064,31.984928131103516,37
11107,792064,55.78963851928711,61
11108,792064,27.224851608276367,33
11109,792320,27.2790470123291,33
11110,792320,77.02635955810547,83
11111,792576,47.18648910522461,53
11112,792576,42.97536087036133,48
11113,792832,69.31952667236328,75
11114,792832,82.12890625,88
11115,792832,23.354148864746094,29
11116,792832,26.720809936523438,32
11117,793088,82.56597900390625,89
11118,793088,70.98155975341797,76
11119,793088,79.20240020751953,85
11120,793088,75.84062957763672,82
11121,793088,46.8369026184082,52
11122,793088,41.25708770751953,49
11123,793088,26.860994338989258,32
11124,793344,24.06844711303711,29
11125,793344,33.20192337036133,40
11126,793344,32.9827880859375,39
11127,793344,71.6924819946289,77
11128,793344,33.31273651123047,39
11129,793344,83.63429260253906,89
11130,793600,48.954315185546875,54
11131,793600,32.625,39
11132,793600,93.45410919189453,100
11133,793856,42.95805740356445,49
11134,793856,52.460365295410156,58
11135,793856,43.06964874267578,48
11136,794112,54.455711364746094,60
11137,794112,29.591583251953125,35
11138,794112,59.38345718383789,65
11139,794112,105.79839324951172,112
11140,794112,52.22062683105469,60
11141,794368,81.16121673583984,87
11142,794368,25.3264217376709,31
11143,794368,33.705772399902344,40
11144,794368,69.08892059326172,75
11145,794368,100.80948638916016,107
11146,794368,60.54214859008789,66
11147,794368,26.277454376220703,32
11148,794368,81.95295715332031,87
11149,794624,60.74637222290039,66
11150,794624,50.61369323730469,56
11151,794624,34.92658996582031,40
11152,794624,29.27749252319336,35
11153,794624,86.9205322265625,95
11154,794624,62.471519470214844,68
11155,794880,92.25202941894531,103
11156,794880,37.466468811035156,43
11157,794880,34.33670425415039,41
11158,794880,23.403860092163086,29
11159,794880,67.77589416503906,73
11160,794880,68.6893310546875,74
11161,795136,63.51969528198242,69
11162,795136,98.55381774902344,104
11163,795136,67.45487213134766,73
11164,795136,71.45659637451172,77
11165,795136,34.973876953125,41
11166,795392,34.92845153808594,41
11167,795392,58.358154296875,64
11168,795392,53.9002799987793,59
11169,795648,55.43916702270508,61
11170,795648,66.69635009765625,72
11171,795648,76.88611602783203,83
11172,795904,61.48979568481445,68
11173,795904,51.309818267822266,57
11174,795904,36.16706466674805,42
11175,795904,40.558319091796875,46
11176,795904,91.9021987915039,98
11177,795904,39.622947692871094,45
11178,795904,59.57209777832031,66
11179,795904,31.20581817626953,37
11180,795904,65.68765258789062,71
11181,795904,43.19706726074219,49
11182,796160,69.53515625,75
11183,796160,53.900123596191406,60
11184,796160,37.00975799560547,42
11185,796416,89.5899658203125,96
11186,796416,68.7160415649414,74
11187,796416,33.78276824951172,40
11188,796416,71.45930480957031,77
11189,796416,74.70547485351562,81
11190,796672,31.837648391723633,37
11191,796672,36.5314826965332,43
11192,796672,90.56708526611328,97
11193,796672,79.68793487548828,86
11194,796672,69.80547332763672,76
11195,796672,24.40127944946289,30
11196,796928,55.365901947021484,61
11197,796928,36.60676193237305,42
11198,796928,61.46324157714844,67
11199,796928,55.91518783569336,61
11200,796928,27.2426700592041,33
11201,796928,41.684959411621094,47
11202,797184,62.93741226196289,68
11203,797184,28.455764770507812,34
11204,797184,47.4360466003418,53
11205,797440,57.464962005615234,63
11206,797440,41.40746307373047,47
11207,797440,27.15869903564453,33
11208,797440,58.171268463134766,64
11209,797440,66.62944030761719,72
11210,797440,71.68038177490234,78
11211,797440,73.23206329345703,79
11212,797696,75.09312438964844,81
11213,797696,56.43251037597656,63
11214,797696,31.116859436035156,37
11215,797696,107.38343048095703,113
11216,797696,48.0307731628418,53
11217,797952,61.412315368652344,67
11218,797952,59.02632141113281,64
11219,797952,38.82554626464844,44
11220,797952,34.60847473144531,40
11221,797952,53.301265716552734,60
11222,798208,74.18034362792969,80
11223,798464,50.95631408691406,57
11224,798720,38.0157470703125,44
11225,798720,21.6700439453125,27
11226,798720,86.25736999511719,92
11227,798720,64.75800323486328,70
11228,798720,57.402278900146484,63
11229,798720,35.311485290527344,42
11230,798976,81.25202178955078,87
11231,798976,55.205867767333984,61
11232,798976,65.2093505859375,71
11233,798976,72.62686920166016,78
11234,799232,80.12879943847656,86
11235,799232,53.01790237426758,58
11236,799232,117.55443572998047,125
11237,799232,60.236324310302734,66
11238,799232,36.773529052734375,42
11239,799232,35.02381134033203,41
11240,799232,23.222694396972656,29
11241,799488,35.20394515991211,41
11242,799488,59.81303787231445,65
11243,799488,25.384750366210938,31
11244,799488,54.65745162963867,60
11245,799744,50.781333923339844,56
11246,799744,86.80931854248047,93
11247,800000,42.29017639160156,48
11248,800000,52.12519454956055,58
11249,800000,70.55756378173828,76
11250,800000,48.04304504394531,53
11251,800000,35.28327941894531,41
11252,800256,43.15456008911133,49
11253,800256,39.19084548950195,45
11254,800256,78.00078582763672,83
11255,800512,91.1619644165039,97
11256,800512,57.93067169189453,64
11257,800512,66.57601928710938,72
11258,800768,97.53123474121094,104
11259,800768,25.89929962158203,31
11260,800768,30.909252166748047,36
11261,800768,28.679298400878906,34
11262,800768,32.021663665771484,37
11263,800768,86.7625732421875,93
11264,801024,65.8919906616211,71
11265,801024,35.89375305175781,41
11266,801280,47.088768005371094,52
11267,801280,122.35564422607422,130
11268,801536,21.780559539794922,27
11269,801536,41.18425750732422,46
11270,801536,57.52945327758789,63
11271,801536,21.031726837158203,26
11272,801536,48.99425506591797,54
11273,801536,35.277259826660156,40
11274,801792,23.356754302978516,29
11275,801792,61.86381530761719,67
11276,801792,47.589962005615234,53
11277,801792,53.37687301635742,60
11278,802048,60.02379608154297,65
11279,802048,27.345897674560547,33
11280,802048,50.88204574584961,56
11281,802048,35.29689025878906,41
11282,802304,61.69432830810547,67
11283,802304,53.7921028137207,59
11284,802304,76.567626953125,83
11285,802304,53.79724884033203,59
11286,802304,57.02238845825195,62
11287,802304,58.17217254638672,64
11288,802560,80.34286499023438,86
11289,802560,68.50215148925781,74
11290,802560,40.123199462890625,46
11291,802816,61.027523040771484,66
11292,802816,47.78932189941406,53
11293,802816,69.24146270751953,75
11294,803072,23.149173736572266,29
11295,803072,22.76847267150879,28
11296,803072,36.70566177368164,43
11297,803072,48.824867248535156,54
11298,803072,57.40482711791992,63
11299,803072,60.42316436767578,68
11300,803328,32.032501220703125,37
11301,803328,46.99778747558594,53
11302,803328,34.84358596801758,40
11303,803328,23.609094619750977,29
11304,803328,80.09770965576172,86
11305,803328,74.51778411865234,80
11306,803328,85.25192260742188,92
11307,803328,56.65785217285156,62
11308,803584,39.6596565246582,45
11309,803584,77.54120635986328,83
11310,803584,21.790027618408203,27
11311,803584,45.70471954345703,51
11312,803584,82.48438262939453,90
11313,803584,46.03070831298828,51
11314,803840,64.45516204833984,70
11315,803840,31.17580795288086,37
11316,803840,70.54146575927734,76
11317,803840,33.87639617919922,39
11318,803840,41.83393096923828,48
11319,803840,42.551422119140625,48
11320,804096,30.892494201660156,36
11321,804096,24.512720108032227,30
11322,804096,59.31720733642578,67
11323,804096,22.408615112304688,28
11324,804352,85.11708068847656,91
11325,804352,17.08367156982422,22
11326,804352,30.32050895690918,36
11327,804352,67.56109619140625,73
11328,804608,17.951589584350586,23
11329,804608,89.32858276367188,96
11330,804864,45.08106231689453,51
11331,804864,45.73453903198242,51
11332,804864,50.31610107421875,55
11333,805120,42.2305793762207,48
11334,805120,52.78378677368164,58
11335,805120,33.01161193847656,39
11336,805120,67.58910369873047,73
11337,805120,46.896514892578125,52
11338,805376,37.53364562988281,43
11339,805376,66.8245849609375,72
11340,805376,30.651397705078125,36
11341,805376,44.728511810302734,50
11342,805376,53.4193000793457,59
11343,805632,29.050498962402344,35
11344,805632,65.72093963623047,71
11345,805632,34.82866668701172,40
11346,805632,40.707237243652344,47
11347,805632,80.4066162109375,86
11348,805632,57.01805877685547,62
11349,805632,60.76106262207031,67
11350,805888,44.62430953979492,50
11351,805888,60.80870056152344,66
11352,805888,39.79478454589844,45
11353,805888,85.82614135742188,92
11354,806144,39.663875579833984,45
11355,806144,31.684371948242188,37
11356,806144,77.17457580566406,83
11357,806144,92.854736328125,99
11358,806400,53.063560485839844,58
11359,806400,57.04338455200195,63
11360,806400,52.49842834472656,58
11361,806400,93.45035552978516,99
11362,806400,46.58830261230469,52
11363,806400,50.720848083496094,56
11364,806400,33.85573196411133,40
11365,806400,57.94120407104492,63
11366,806400,91.96246337890625,98
11367,806656,48.34607696533203,54
11368,806656,43.76449966430664,49
11369,806656,41.079891204833984,46
11370,806656,19.73981475830078,25
11371,806656,36.5132942199707,42
11372,806656,31.584239959716797,37
11373,806912,46.9967041015625,53
11374,806912,68.22553253173828,74
11375,806912,22.652812957763672,28
11376,807168,36.59910583496094,42
11377,807168,26.397594451904297,32
11378,807168,57.62218475341797,63
11379,807168,46.60359573364258,52
11380,807168,38.80458068847656,44
11381,807424,42.900272369384766,49
11382,807424,54.75275421142578,60
11383,807424,21.119871139526367,26
11384,807680,28.955913543701172,34
11385,807680,61.10286331176758,66
11386,807936,58.53431701660156,64
11387,807936,74.295166015625,80
11388,807936,57.902095794677734,63
11389,807936,27.914093017578125,33
11390,807936,48.71141815185547,54
11391,808192,60.49289321899414,66
11392,808192,63.74847412109375,69
11393,808192,71.25265502929688,77
11394,808192,59.847415924072266,65
11395,808192,47.906982421875,53
11396,808192,45.85856246948242,51
11397,808192,52.59766387939453,58
11398,808448,37.13542938232422,43
11399,808448,66.56809997558594,72
11400,808448,40.625511169433594,46
11401,808704,61.91209411621094,67
11402,808704,81.8490219116211,88
11403,808704,65.9845199584961,72
11404,808704,27.998069763183594,34
11405,808704,29.79488182067871,35
11406,808960,52.592262268066406,58
11407,808960,54.85316467285156,60
11408,808960,48.14031219482422,53
11409,808960,23.74201011657715,29
11410,808960,41.1576042175293,46
11411,808960,28.21248435974121,33
11412,808960,56.695735931396484,62
11413,808960,60.41874694824219,66
11414,808960,34.20439529418945,40
11415,809216,78.57380676269531,84
11416,809216,80.39202117919922,86
11417,809216,56.98725891113281,62
11418,809216,39.97602844238281,45
11419,809216,51.93294906616211,57
11420,809216,62.614322662353516,68
11421,809216,34.40214157104492,40
11422,809216,62.22736358642578,68
11423,809472,25.61958885192871,31
11424,809472,47.551361083984375,53
11425,809472,69.81109619140625,75
11426,809472,43.92274475097656,49
11427,809728,61.22730255126953,68
11428,809728,72.47578430175781,78
11429,809728,37.80138397216797,43
11430,809728,53.854209899902344,59
11431,809728,71.62255859375,77
11432,809728,46.180694580078125,52
11433,809728,42.05236053466797,48
11434,809728,32.53618621826172,38
11435,809728,22.86762237548828,28
11436,809984,54.930416107177734,61
11437,809984,39.49583435058594,46
11438,809984,30.006452560424805,36
11439,809984,49.971309661865234,55
11440,810240,61.31599426269531,67
11441,810496,36.23409652709961,41
11442,810496,37.03398513793945,44
11443,810496,51.428035736083984,58
11444,810752,57.923152923583984,64
11445,810752,46.66348648071289,52
11446,810752,59.5700569152832,65
11447,810752,54.814537048339844,60
11448,811008,66.44287109375,72
11449,811008,74.70004272460938,80
11450,811008,30.074020385742188,36
11451,811008,69.56399536132812,75
11452,811008,64.78311920166016,70
11453,811008,47.89173126220703,53
11454,811264,31.087928771972656,37
11455,811264,58.1595458984375,63
11456,811264,61.56267166137695,67
11457,811264,58.10447692871094,63
11458,811264,25.813188552856445,31
11459,811520,43.042057037353516,48
11460,811520,72.16710662841797,78
11461,811520,29.674602508544922,35
11462,811520,26.402790069580078,32
11463,811520,94.39672088623047,101
11464,811520,34.114051818847656,40
11465,811776,54.25188064575195,60
11466,811776,59.150909423828125,66
11467,811776,32.02162551879883,37
11468,811776,51.712257385253906,58
11469,812032,28.131839752197266,34
11470,812032,43.98311233520508,49
11471,812288,27.646827697753906,33
11472,812288,30.9639949798584,37
11473,812288,51.51738739013672,57
11474,812288,36.626930236816406,42
11475,812544,24.420368194580078,30
11476,812544,52.951377868652344,58
11477,812544,73.23982238769531,79
11478,812544,81.20947265625,87
11479,812544,39.60786056518555,45
11480,812800,53.223663330078125,59
11481,812800,20.75434112548828,26
11482,812800,57.12123107910156,63
11483,812800,65.51265716552734,71
11484,812800,49.31593704223633,55
11485,812800,54.2720832824707,60
11486,812800,72.48003387451172,78
11487,812800,53.15467071533203,58
11488,812800,37.00720977783203,43
11489,812800,28.973323822021484,35
11490,813056,30.711801528930664,36
11491,813056,38.67334747314453,44
11492,813056,53.70830154418945,59
11493,813056,71.4790267944336,77
11494,813312,32.923641204833984,39
11495,813312,48.93946838378906,55
11496,813312,62.919677734375,68
11497,813312,73.04246520996094,79
11498,813312,30.24828338623047,36
11499,813312,47.056663513183594,54
11500,813312,42.79801559448242,48
11501,813312,38.84279251098633,44
11502,813312,25.782405853271484,31
11503,813568,82.28846740722656,88
11504,813568,38.18770217895508,44
11505,813568,26.850299835205078,32
11506,813568,56.97756576538086,63
11507,813568,35.2373161315918,41
11508,813568,34.19661331176758,40
11509,813824,70.49226379394531,76
11510,813824,22.558727264404297,28
11511,813824,38.375675201416016,45
11512,813824,62.75664520263672,68
11513,813824,44.68838882446289,51
11514,814080,27.694067001342773,33
11515,814080,37.553680419921875,43
11516,814336,72.96805572509766,78
11517,814336,70.31578826904297,76
11518,814336,41.19363021850586,48
11519,814336,32.41087341308594,39
11520,814336,28.700868606567383,34
11521,814592,38.16071319580078,44
11522,814592,59.223052978515625,65
11523,814592,33.52595138549805,40
11524,814592,37.824554443359375,43
11525,814848,63.2166748046875,68
11526,814848,40.40182876586914,46
11527,814848,57.36029052734375,63
11528,814848,53.04717254638672,58
11529,814848,49.89155197143555,55
11530,814848,23.800621032714844,29
11531,814848,26.869892120361328,32
11532,815104,32.33150100708008,38
11533,815104,56.62174606323242,62
11534,815104,62.36013412475586,67
11535,815360,56.83317947387695,62
11536,815360,31.896934509277344,37
11537,815616,50.65763854980469,56
11538,815616,71.14043426513672,77
11539,815872,82.04557800292969,88
11540,815872,41.921875,48
11541,815872,67.42253112792969,73
11542,815872,64.50684356689453,70
11543,815872,72.60203552246094,78
11544,815872,31.13410186767578,37
11545,815872,25.3279972076416,31
11546,816128,23.686031341552734,29
11547,816128,52.108882904052734,57
11548,816128,70.42992401123047,76
11549,816128,73.57769012451172,79
11550,816128,32.887630462646484,38
11551,816384,33.657501220703125,39
11552,816384,42.50298309326172,49
11553,816640,50.5491943359375,57
11554,816640,63.30536651611328,69
11555,816640,53.5344352722168,59
11556,816640,45.62466812133789,51
11557,816640,58.97763442993164,64
11558,816640,33.27971267700195,40
11559,816896,50.795650482177734,56
11560,816896,43.8272590637207,49
11561,816896,83.38311004638672,92
11562,817152,26.319997787475586,32
11563,817152,17.87805938720703,23
11564,817152,59.77845764160156,65
11565,817408,77.34402465820312,83
11566,817408,46.71453857421875,52
11567,817408,46.027679443359375,52
11568,817408,31.629257202148438,38
11569,817408,34.66398239135742,41
11570,817664,29.939807891845703,35
11571,817920,38.42034912109375,44
11572,817920,39.01396942138672,45
11573,817920,26.64884376525879,32
11574,817920,47.182315826416016,52
11575,817920,55.681068420410156,61
11576,817920,53.93899917602539,59
11577,817920,67.60382843017578,73
11578,818176,59.43790054321289,65
11579,818176,77.38667297363281,83
11580,818176,41.94500732421875,47
11581,818176,38.8937873840332,44
11582,818432,149.75721740722656,158
11583,818432,37.96738815307617,44
11584,818688,38.2690315246582,43
11585,818688,43.01301193237305,48
11586,818688,58.3365364074707,64
11587,818688,47.076412200927734,53
11588,818688,64.32837677001953,70
11589,818688,43.00504684448242,49
11590,818688,109.35917663574219,116
11591,818688,52.584110260009766,58
11592,818944,45.14521408081055,52
11593,818944,66.48043060302734,72
11594,818944,80.21438598632812,86
11595,818944,65.45436096191406,71
11596,818944,49.18001174926758,54
11597,818944,18.863161087036133,24
11598,818944,40.882102966308594,46
11599,819200,27.379108428955078,33
11600,819200,43.33225631713867,49
11601,819200,30.737106323242188,36
11602,819200,34.792694091796875,40
11603,819456,45.42649841308594,51
11604,819456,50.548858642578125,56
11605,819456,31.76036834716797,37
11606,819456,79.34674072265625,85
11607,819456,43.040462493896484,48
11608,819456,48.887184143066406,54
11609,819712,50.588294982910156,56
11610,819712,38.13990020751953,43
11611,819968,60.500431060791016,66
11612,819968,78.78116607666016,84
11613,819968,27.553661346435547,33
11614,819968,50.25716781616211,55
11615,819968,53.797386169433594,59
11616,819968,19.849761962890625,25
11617,819968,60.53036880493164,66
11618,819968,35.5737419128418,41
11619,820224,89.70097351074219,96
11620,820224,52.995704650878906,58
11621,820224,28.758255004882812,34
11622,820224,72.1032485961914,78
11623,820224,32.70508575439453,38
11624,820224,76.8144302368164,82
11625,820480,42.91495895385742,48
11626,820480,54.887569427490234,60
11627,820480,31.14204978942871,37
11628,820480,39.60224151611328,45
11629,820480,22.947328567504883,28
11630,820480,53.080711364746094,58
11631,820736,43.14698028564453,49
11632,820736,53.6776008605957,59
11633,820736,39.47227096557617,45
11634,820736,44.751041412353516,50
11635,820992,22.440292358398438,28
11636,820992,48.89414978027344,54
11637,820992,62.513675689697266,68
11638,820992,41.98900604248047,47
11639,820992,75.76654815673828,82
11640,821248,45.11958312988281,50
11641,821248,39.882537841796875,45
11642,821248,60.880950927734375,66
11643,821248,62.305545806884766,68
11644,821504,36.38796615600586,42
11645,821504,31.7027587890625,38
11646,821760,23.742340087890625,29
11647,821760,36.3548698425293,42
11648,821760,27.802642822265625,33
11649,821760,29.90686798095703,36
11650,821760,36.757450103759766,42
11651,822016,52.046226501464844,57
11652,822016,26.426015853881836,32
11653,822016,43.10752487182617,48
11654,822016,36.95221710205078,42
11655,822016,48.183712005615234,53
11656,822272,63.40921401977539,69
11657,822272,62.501522064208984,68
11658,822272,47.211395263671875,52
11659,822272,39.77372360229492,45
11660,822528,66.7012710571289,72
11661,822528,69.29751586914062,75
11662,822528,49.16277313232422,54
11663,822528,93.71754455566406,100
11664,822528,41.75482177734375,47
11665,822528,56.577571868896484,62
11666,822784,48.43315887451172,54
11667,822784,44.157554626464844,51
11668,822784,57.053070068359375,62
11669,822784,57.07098388671875,64
11670,822784,47.186279296875,53
11671,822784,25.2965030670166,31
11672,822784,40.140567779541016,46
11673,822784,55.007667541503906,60
11674,822784,33.284053802490234,39
11675,823040,56.56352615356445,62
11676,823040,52.04987716674805,57
11677,823296,73.616455078125,80
11678,823296,36.1464958190918,42
11679,823296,70.9056396484375,77
11680,823296,59.4188346862793,65
11681,823296,37.044822692871094,43
11682,823552,56.1317138671875,61
11683,823552,46.45785903930664,52
11684,823552,77.9451904296875,84
11685,823552,33.867889404296875,39
11686,823552,34.294822692871094,40
11687,823552,64.7513427734375,70
11688,823552,51.262237548828125,57
11689,823552,39.2412223815918,44
11690,823552,47.489723205566406,54
11691,823808,45.10273742675781,50
11692,823808,31.63418197631836,37
11693,823808,63.561954498291016,69
11694,823808,52.955501556396484,58
11695,823808,73.2722396850586,79
11696,823808,36.79281234741211,42
11697,823808,64.35916137695312,70
11698,823808,50.57960891723633,56
11699,823808,62.784423828125,68
11700,824064,31.731109619140625,37
11701,824064,74.79352569580078,81
11702,824320,66.42619323730469,72
11703,824320,26.277929306030273,32
11704,824320,27.339326858520508,33
11705,824320,36.82256317138672,42
11706,824320,22.54174041748047,28
11707,824320,32.84268569946289,38
11708,824576,55.141727447509766,60
11709,824576,54.76647186279297,60
11710,824576,92.67207336425781,99
11711,824576,53.563232421875,59
11712,824576,45.6654167175293,51
11713,824576,78.0430908203125,84
11714,824832,33.58216857910156,39
11715,824832,20.77461814880371,26
11716,824832,42.52897262573242,48
11717,824832,24.736886978149414,30
11718,824832,38.69697952270508,44
11719,825088,45.97760772705078,51
11720,825344,58.053260803222656,63
11721,825344,55.693748474121094,61
11722,825344,61.72066116333008,67
11723,825344,45.48151397705078,51
11724,825344,61.78202819824219,67
11725,825344,49.305755615234375,55
11726,825344,52.961395263671875,58
11727,825344,28.808883666992188,34
11728,825344,34.785606384277344,40
11729,825344,43.02363586425781,49
11730,825344,38.09470748901367,43
11731,825344,20.809629440307617,26
11732,825344,37.100101470947266,43
11733,825344,61.73097229003906,67
11734,825344,56.739013671875,62
11735,825344,32.088008880615234,37
11736,825344,23.501707077026367,29
11737,825344,49.19156265258789,56
11738,825344,23.69415283203125,29
11739,825600,48.733856201171875,54
11740,825600,50.870811462402344,56
11741,825600,63.69300842285156,69
11742,825856,20.738460540771484,26
11743,825856,27.486309051513672,33
11744,825856,60.06756591796875,65
11745,825856,24.734193801879883,30
11746,826112,86.94222259521484,93
11747,826112,27.627552032470703,33
11748,826112,58.01014709472656,63
11749,826112,47.799442291259766,53
11750,826368,31.798439025878906,38
11751,826368,65.0041732788086,71
11752,826368,39.52769088745117,45
11753,826624,20.666868209838867,26
11754,826624,39.62766647338867,45
11755,826624,47.07745361328125,52
11756,826624,47.71337890625,53
11757,826624,53.85234832763672,59
11758,826624,66.09199523925781,72
11759,826624,21.672121047973633,27
11760,826624,40.26204299926758,47
11761,826880,49.84773254394531,55
11762,826880,25.506250381469727,31
11763,826880,31.304317474365234,37
11764,826880,68.23486328125,74
11765,826880,47.43767547607422,53
11766,826880,29.674959182739258,35
11767,826880,61.09310531616211,66
11768,827136,34.42849349975586,40
11769,827136,53.204898834228516,59
11770,827136,47.38202667236328,52
11771,827136,37.92192077636719,43
11772,827392,43.28313446044922,48
11773,827392,81.42680358886719,87
11774,827392,21.65728759765625,27
11775,827648,48.08921432495117,54
11776,827648,31.83428382873535,37
11777,827648,57.842994689941406,63
11778,827648,45.13629150390625,51
11779,827648,38.24826431274414,43
11780,827904,23.16625213623047,28
11781,827904,29.682510375976562,35
11782,827904,51.569297790527344,57
11783,827904,45.08551788330078,51
11784,827904,37.287662506103516,43
11785,828160,19.92810821533203,25
11786,828160,20.841054916381836,26
11787,828160,66.39363098144531,72
11788,828416,67.81611633300781,73
11789,828416,29.201932907104492,35
11790,828416,28.398662567138672,33
11791,828416,30.334421157836914,36
11792,828416,69.37995147705078,75
11793,828416,43.598514556884766,50
11794,828416,25.307613372802734,31
11795,828416,27.247873306274414,32
11796,828672,64.78150939941406,70
11797,828672,27.84933090209961,34
11798,828928,18.926700592041016,24
11799,828928,17.10565948486328,22
11800,828928,57.97837448120117,63
11801,828928,45.031463623046875,50
11802,828928,20.582035064697266,26
11803,828928,54.971038818359375,60
11804,829184,72.2203369140625,78
11805,829184,38.962005615234375,44
11806,829184,26.486042022705078,32
11807,829184,28.163169860839844,34
11808,829184,27.7153377532959,33
11809,829184,61.775638580322266,69
11810,829440,18.033580780029297,23
11811,829440,34.401973724365234,39
11812,829440,45.68267059326172,51
11813,829440,31.096908569335938,36
11814,829440,28.53644561767578,34
11815,829440,60.32393264770508,66
11816,829440,28.971500396728516,34
11817,829696,25.41645050048828,31
11818,829696,58.141990661621094,64
11819,829696,43.98853302001953,50
11820,829696,38.047607421875,43
11821,829952,61.60478210449219,67
11822,829952,53.52784729003906,59
11823,829952,43.957069396972656,49
11824,829952,55.009544372558594,61
11825,829952,29.99404525756836,35
11826,830208,34.01742935180664,39
11827,830208,60.782047271728516,66
11828,830208,74.35370635986328,80
11829,830208,62.804412841796875,68
11830,830464,78.96818542480469,85
11831,830464,67.76468658447266,73
11832,830464,40.61006546020508,46
11833,830720,65.20015716552734,72
11834,830720,50.93504333496094,56
11835,830720,51.827674865722656,57
11836,830976,60.9651985168457,66
11837,830976,28.118494033813477,34
11838,830976,63.000396728515625,68
11839,831232,33.696083068847656,39
11840,831488,52.34720230102539,58
11841,831488,28.306827545166016,34
11842,831488,59.62556838989258,65
11843,831488,46.22944259643555,51
11844,831744,26.650409698486328,32
11845,831744,26.303768157958984,32
11846,831744,51.10651397705078,56
11847,831744,40.695579528808594,46
11848,831744,44.354618072509766,50
11849,832000,47.06574249267578,53
11850,832000,57.54690933227539,63
11851,832000,56.552818298339844,62
11852,832000,68.67355346679688,74
11853,832256,31.435585021972656,37
11854,832256,35.47762680053711,41
11855,832256,59.30682373046875,65
11856,832256,65.72299194335938,71
11857,832256,38.69095230102539,44
11858,832256,60.72600173950195,66
11859,832256,34.60710906982422,40
11860,832256,68.46112060546875,74
11861,832256,55.53826141357422,61
11862,832256,46.523311614990234,52
11863,832256,47.08991622924805,53
11864,832256,30.258302688598633,36
11865,832512,43.0850715637207,48
11866,832512,51.45336151123047,57
11867,832512,46.74793243408203,52
11868,832512,71.57991790771484,77
11869,832512,26.19296646118164,32
11870,832512,61.069149017333984,67
11871,832512,63.243804931640625,69
11872,832512,59.670265197753906,65
11873,832512,77.04299926757812,83
11874,832512,58.90788269042969,65
11875,832768,53.04618453979492,58
11876,832768,48.83134078979492,54
11877,833024,43.67180633544922,49
11878,833024,37.45842361450195,43
11879,833024,49.78396224975586,55
11880,833280,20.02971839904785,25
11881,833280,41.3842887878418,46
11882,833280,25.543296813964844,31
11883,833536,46.33610916137695,51
11884,833536,37.46751403808594,43
11885,833536,32.617271423339844,39
11886,833536,90.20384216308594,96
11887,833536,24.40631866455078,30
11888,833536,50.41518020629883,56
11889,833536,38.488731384277344,43
11890,833536,63.319332122802734,69
11891,833792,28.180591583251953,34
11892,833792,64.5307388305664,70
11893,833792,45.196266174316406,50
11894,834048,35.71026611328125,41
11895,834048,35.080528259277344,41
11896,834048,40.39451217651367,46
11897,834304,32.091285705566406,37
11898,834304,34.90868377685547,41
11899,834304,32.55025100708008,38
11900,834304,77.30677795410156,83
11901,834304,42.99187088012695,48
11902,834304,54.87409973144531,60
11903,834304,52.78337478637695,58
11904,834304,33.537574768066406,40
11905,834560,25.121458053588867,30
11906,834560,58.3604736328125,64
11907,834560,53.18002700805664,59
11908,834560,75.66968536376953,81
11909,834560,29.647916793823242,35
11910,834816,56.606849670410156,63
11911,834816,38.058074951171875,43
11912,834816,27.11056137084961,32
11913,834816,31.09095001220703,36
11914,834816,57.04267501831055,63
11915,835072,27.075727462768555,33
11916,835072,45.5501823425293,51
11917,835072,53.724300384521484,59
11918,835072,81.13752746582031,87
11919,835072,81.47999572753906,87
11920,835072,31.623929977416992,38
11921,835072,66.7359390258789,72
11922,835072,39.23247146606445,44
11923,835328,37.798397064208984,43
11924,835328,49.618568420410156,55
11925,835328,32.7578010559082,39
11926,835328,34.04673767089844,39
11927,835584,42.471195220947266,48
11928,835584,65.89037322998047,71
11929,835584,25.498794555664062,31
11930,835584,55.17111587524414,61
11931,835584,55.06322479248047,60
11932,835584,53.40808868408203,59
11933,835584,55.721736907958984,61
11934,835584,60.61528396606445,66
11935,835840,41.01078796386719,46
11936,835840,42.05908203125,47
11937,835840,45.65227127075195,52
11938,836096,59.41933059692383,65
11939,836096,46.52797317504883,52
11940,836352,33.80519104003906,40
11941,836352,58.91670227050781,64
11942,836352,29.09576416015625,34
11943,836352,19.93859100341797,25
11944,836352,53.79928207397461,59
11945,836352,28.437206268310547,34
11946,836352,30.595285415649414,36
11947,836608,90.73725891113281,97
11948,836608,25.320756912231445,31
11949,836608,61.027748107910156,66
11950,836864,23.967756271362305,29
11951,836864,33.7516975402832,39
11952,836864,41.74142074584961,47
11953,836864,29.094526290893555,34
11954,837120,72.5523452758789,78
11955,837120,48.10686492919922,53
11956,837120,33.465965270996094,39
11957,837120,68.05979919433594,75
11958,837120,36.03498077392578,42
11959,837376,29.59955406188965,35
11960,837376,44.767616271972656,51
11961,837376,45.815704345703125,51
11962,837376,51.986454010009766,57
11963,837632,38.7573356628418,45
11964,837632,59.84236145019531,65
11965,837632,30.534160614013672,36
11966,837632,30.521848678588867,36
11967,837632,28.536380767822266,34
11968,837632,45.87548828125,51
11969,837632,28.52033805847168,34
11970,837888,32.022254943847656,37
11971,837888,28.187665939331055,34
11972,837888,47.20881271362305,52
11973,837888,24.204450607299805,30
11974,838144,58.9976921081543,64
11975,838144,52.93709945678711,58
11976,838144,50.75435256958008,56
11977,838144,60.617095947265625,66
11978,838144,56.68790817260742,62
11979,838400,48.965721130371094,54
11980,838400,43.896514892578125,51
11981,838400,29.21946907043457,35
11982,838400,35.70951461791992,42
11983,838400,58.62556457519531,64
11984,838656,46.96375274658203,52
11985,838656,53.1262321472168,58
11986,838912,26.112104415893555,31
11987,838912,58.97248458862305,64
11988,838912,51.28520965576172,57
11989,838912,48.33823776245117,53
11990,838912,49.6751594543457,55
11991,838912,57.421810150146484,63
11992,838912,56.88665008544922,62
11993,838912,37.99184036254883,43
11994,838912,16.926807403564453,22
11995,838912,42.17295837402344,47
11996,839168,51.56890869140625,57
11997,839168,59.97583770751953,65
11998,839168,26.252687454223633,32
11999,839168,33.219017028808594,39
12000,839168,34.93345642089844,40
12001,839168,28.240087509155273,34
12002,839168,32.68411636352539,38
12003,839168,49.05790328979492,54
12004,839168,36.41878128051758,42
12005,839424,34.121620178222656,39
12006,839424,56.29845428466797,62
12007,839424,46.252166748046875,51
12008,839424,49.973392486572266,55
12009,839424,27.53568458557129,33
12010,839680,48.7225227355957,54
12011,839680,22.83861541748047,28
12012,839680,60.33670425415039,66
12013,839680,58.75965118408203,64
12014,839680,36.849910736083984,42
12015,839936,43.692413330078125,49
12016,839936,39.18753433227539,45
12017,839936,38.02450180053711,43
12018,839936,30.697118759155273,36
12019,839936,41.98958969116211,47
12020,839936,51.500972747802734,57
12021,839936,25.277969360351562,31
12022,839936,74.31290435791016,80
12023,840192,46.996822357177734,52
12024,840192,53.115543365478516,58
12025,840192,72.51456451416016,78
12026,840192,47.4544677734375,53
12027,840192,47.69654083251953,53
12028,840192,43.12514114379883,48
12029,840448,53.952423095703125,59
12030,840448,26.752321243286133,32
12031,840448,20.97227668762207,26
12032,840448,57.72776794433594,63
12033,840704,31.11161231994629,36
12034,840704,57.794437408447266,63
12035,840704,24.562856674194336,30
12036,840704,27.88456916809082,33
12037,840704,36.12312316894531,41
12038,840704,56.82537841796875,62
12039,840704,46.728782653808594,52
12040,840704,39.17837905883789,45
12041,840960,31.00836944580078,37
12042,840960,55.654876708984375,61
12043,840960,49.11644744873047,54
12044,840960,55.56015396118164,61
12045,840960,38.02545166015625,44
12046,840960,18.961977005004883,24
12047,841216,30.838134765625,36
12048,841216,58.28897476196289,64
12049,841216,66.23198699951172,72
12050,841216,21.892078399658203,27
12051,841216,53.868263244628906,59
12052,841216,46.416526794433594,52
12053,841216,61.97058868408203,68
12054,841216,24.41357421875,30
12055,841216,70.29076385498047,76
12056,841216,50.343711853027344,56
12057,841472,19.966394424438477,25
12058,841472,83.1244888305664,89
12059,841472,67.28658294677734,73
12060,841472,55.97501754760742,61
12061,841728,34.61637496948242,40
12062,841984,44.86664962768555,50
12063,841984,57.839271545410156,63
12064,841984,52.36818313598633,57
12065,841984,59.334686279296875,65
12066,841984,19.93389320373535,25
12067,841984,21.77942657470703,27
12068,841984,24.397680282592773,30
12069,842240,45.19655227661133,50
12070,842240,46.747886657714844,52
12071,842240,60.13460922241211,65
12072,842240,68.42549133300781,74
12073,842240,28.13772964477539,34
12074,842240,17.90915298461914,23
12075,842240,71.68038940429688,77
12076,842240,60.579200744628906,66
12077,842240,55.0466194152832,61
12078,842240,32.748722076416016,38
12079,842496,24.93392562866211,31
12080,842496,50.059967041015625,55
12081,842496,44.80713653564453,51
12082,842496,41.984004974365234,47
12083,842496,52.00067138671875,57
12084,842752,58.32566452026367,63
12085,842752,68.47621154785156,74
12086,842752,57.0235481262207,62
12087,842752,28.14150619506836,33
12088,842752,30.93090057373047,36
12089,843008,58.22112274169922,65
12090,843008,46.29228591918945,51
12091,843008,42.48527908325195,48
12092,843008,38.53418731689453,43
12093,843008,43.952640533447266,49
12094,843264,64.22782135009766,70
12095,843264,61.75497055053711,67
12096,843264,36.6378059387207,42
12097,843520,56.8933219909668,62
12098,843520,54.70433044433594,60
12099,843520,30.182392120361328,35
12100,843520,38.949974060058594,44
12101,843520,27.197200775146484,33
12102,843520,18.988502502441406,24
12103,843520,30.2520809173584,36
12104,843776,66.19751739501953,72
12105,843776,31.573083877563477,37
12106,843776,55.065086364746094,60
12107,843776,47.9942626953125,53
12108,844032,33.266502380371094,39
12109,844032,40.97136688232422,46
12110,844032,60.597068786621094,66
12111,844032,50.3481559753418,56
12112,844032,36.4183464050293,42
12113,844032,52.35897445678711,57
12114,844032,32.668636322021484,38
12115,844288,20.955331802368164,26
12116,844288,30.63747787475586,36
12117,844288,46.001121520996094,51
12118,844288,43.98857879638672,49
12119,844288,40.60209274291992,46
12120,844288,25.305871963500977,31
12121,844288,38.985870361328125,45
12122,844544,27.003007888793945,32
12123,844544,23.753833770751953,29
12124,844544,64.43365478515625,70
12125,844544,41.24674606323242,47
12126,844544,21.670629501342773,27
12127,844800,24.630691528320312,30
12128,844800,55.0858154296875,61
12129,844800,42.51121139526367,49
12130,844800,25.91695785522461,31
12131,844800,35.573097229003906,41
12132,845056,34.45953369140625,40
12133,845056,39.71310043334961,45
12134,845056,66.60982513427734,72
12135,845312,19.858211517333984,25
12136,845312,26.607057571411133,32
12137,845312,43.198123931884766,48
12138,845312,39.198482513427734,44
12139,845312,36.23139190673828,42
12140,845312,59.6606330871582,65
12141,845568,30.716856002807617,36
12142,845568,24.840185165405273,30
12143,845568,17.02446174621582,22
12144,845568,34.26303482055664,39
12145,845568,49.104248046875,54
12146,845568,36.420475006103516,42
12147,845824,40.74237060546875,47
12148,845824,56.358394622802734,62
12149,846080,39.17207717895508,44
12150,846080,30.99485969543457,36
12151,846080,37.17026901245117,43
12152,846080,35.498226165771484,42
12153,846080,64.00674438476562,70
12154,846080,50.830589294433594,56
12155,846336,22.839338302612305,28
12156,846336,61.51206970214844,67
12157,846336,41.11769485473633,46
12158,846336,44.939109802246094,50
12159,846336,55.59166717529297,61
12160,846592,38.02935791015625,43
12161,846592,50.79861068725586,56
12162,846592,77.78009796142578,83
12163,846592,30.012622833251953,35
12164,846848,42.4172477722168,48
12165,846848,27.398435592651367,33
12166,846848,53.61204528808594,59
12167,846848,53.88374710083008,59
12168,846848,59.593475341796875,65
12169,846848,50.678077697753906,57
12170,846848,27.633384704589844,33
12171,846848,18.05086898803711,23
12172,846848,42.360652923583984,47
12173,846848,85.07979583740234,90
12174,847104,53.769317626953125,59
12175,847104,47.84377670288086,53
12176,847104,62.317317962646484,68
12177,847360,33.00702667236328,38
12178,847360,63.32061004638672,69
12179,847360,27.645668029785156,33
12180,847360,62.73120880126953,68
12181,847360,31.148229598999023,36
12182,847360,41.427757263183594,48
12183,847360,21.437183380126953,27
12184,847360,16.363513946533203,21
12185,847360,28.196910858154297,33
12186,847616,52.34388732910156,58
12187,847616,54.984291076660156,60
12188,847616,54.4736328125,60
12189,847616,40.932647705078125,47
12190,847872,42.94375228881836,48
12191,847872,22.542072296142578,28
12192,847872,32.002593994140625,38
12193,847872,29.166894912719727,34
12194,848128,41.242889404296875,46
12195,848128,32.369407653808594,38
12196,848128,26.751920700073242,32
12197,848128,43.44268035888672,49
12198,848128,21.470815658569336,27
12199,848128,54.1889533996582,59
12200,848384,42.494117736816406,48
12201,848384,35.84617614746094,41
12202,848384,30.932024002075195,37
12203,848384,40.35439682006836,46
12204,848640,40.02604293823242,46
12205,848640,31.830400466918945,37
12206,848640,61.23717498779297,67
12207,848640,67.42656707763672,73
12208,848640,57.57611083984375,63
12209,848896,28.87754249572754,34
12210,848896,55.603057861328125,61
12211,848896,43.03159713745117,48
12212,849152,39.90568542480469,45
12213,849152,31.265079498291016,36
12214,849152,41.94593811035156,47
12215,849152,47.16619873046875,52
12216,849408,39.388240814208984,44
12217,849408,36.843685150146484,42
12218,849408,49.50975799560547,55
12219,849408,55.72880935668945,62
12220,849408,36.854408264160156,42
12221,849408,34.20789337158203,40
12222,849408,31.94708251953125,37
12223,849664,47.09358596801758,52
12224,849664,20.656991958618164,26
12225,849664,96.08232879638672,102
12226,849664,54.467864990234375,60
12227,849664,42.0550537109375,48
12228,849664,49.59248733520508,56
12229,849920,23.54465675354004,29
12230,849920,35.26622009277344,40
12231,849920,62.7474479675293,68
12232,849920,62.60845184326172,68
12233,850176,32.47150421142578,37
12234,850176,29.1141414642334,34
12235,850176,64.34015655517578,70
12236,850176,63.98417282104492,69
12237,850176,37.76721954345703,43
12238,850432,18.963258743286133,24
12239,850432,48.35517883300781,53
12240,850432,42.58086013793945,49
12241,850432,19.658899307250977,25
12242,850432,58.901309967041016,64
12243,850432,65.3675537109375,71
12244,850432,27.042497634887695,32
12245,850432,52.79473876953125,58
12246,850688,51.06079864501953,56
12247,850688,26.818742752075195,32
12248,850688,64.86470031738281,71
12249,850688,31.207603454589844,37
12250,850688,21.8095645904541,27
12251,850944,44.351383209228516,50
12252,850944,18.813793182373047,24
12253,850944,35.76428985595703,41
12254,850944,41.70813751220703,47
12255,850944,42.092124938964844,47
12256,851200,27.919719696044922,33
12257,851200,39.83163833618164,46
12258,851456,43.32270431518555,48
12259,851456,42.863624572753906,48
12260,851456,25.791786193847656,31
12261,851456,49.940189361572266,55
12262,851456,58.82515335083008,64
12263,851456,29.841014862060547,35
12264,851456,25.122581481933594,30
12265,851712,24.839025497436523,30
12266,851712,32.04373550415039,37
12267,851712,53.82259750366211,59
12268,851712,28.01426124572754,34
12269,851712,21.778942108154297,27
12270,851712,32.14397430419922,37
12271,851968,51.02949905395508,56
12272,851968,51.64393615722656,57
12273,851968,58.96287536621094,64
12274,851968,36.85649108886719,42
12275,851968,41.40373229980469,46
12276,852224,38.01319122314453,44
12277,852224,51.20615768432617,57
12278,852224,42.61000061035156,48
12279,852224,42.163211822509766,47
12280,852224,58.86920166015625,64
12281,852224,49.65241241455078,55
12282,852224,66.88327026367188,72
12283,852224,60.866172790527344,67
12284,852224,34.84471130371094,40
12285,852224,37.60817337036133,43
12286,852224,36.21111297607422,42
12287,852224,19.89461898803711,25
12288,852480,37.4392204284668,43
12289,852480,42.78623962402344,48
12290,852480,59.91014099121094,65
12291,852480,44.6577033996582,50
12292,852736,49.08998107910156,54
12293,852736,40.0787353515625,45
12294,852736,62.729522705078125,68
12295,852736,30.854755401611328,36
12296,852736,32.78670120239258,38
12297,852736,22.68136215209961,28
12298,853248,37.795654296875,43
12299,853248,37.43975830078125,43
12300,853248,31.111255645751953,36
12301,853248,43.434173583984375,48
12302,853248,76.6207275390625,82
12303,853248,38.75214385986328,44
12304,853248,41.538612365722656,47
12305,853504,53.1266975402832,59
12306,853504,43.1119384765625,48
12307,853760,48.366539001464844,54
12308,853760,48.97530746459961,54
12309,853760,43.76652526855469,49
12310,854016,57.74629211425781,63
12311,854016,53.67840576171875,59
12312,854016,35.82552719116211,41
12313,854016,19.827556610107422,25
12314,854016,32.47843551635742,38
12315,854272,65.39136505126953,71
12316,854272,22.39353370666504,28
12317,854272,31.01826286315918,36
12318,854272,37.71662902832031,43
12319,854272,47.318023681640625,53
12320,854272,26.440786361694336,32
12321,854272,32.459476470947266,38
12322,854272,43.09819793701172,48
12323,854528,24.28453254699707,30
12324,854528,53.95158386230469,59
12325,854528,49.01028060913086,54
12326,854528,53.04872512817383,58
12327,854528,32.08589553833008,37
12328,854528,41.129547119140625,46
12329,854528,47.255577087402344,52
12330,854528,38.09597396850586,43
12331,854784,25.8980655670166,31
12332,854784,55.795166015625,61
12333,854784,43.80780029296875,49
12334,854784,41.463531494140625,47
12335,854784,39.371971130371094,45
12336,854784,32.195865631103516,37
12337,854784,41.80828094482422,47
12338,854784,22.029842376708984,27
12339,855040,31.700143814086914,37
12340,855040,53.58361053466797,59
12341,855040,28.18299102783203,33
12342,855040,50.122928619384766,55
12343,855040,43.11808776855469,48
12344,855040,32.228172302246094,37
12345,855040,32.69023132324219,38
12346,855296,51.657936096191406,57
12347,855296,35.10894012451172,41
12348,855296,51.85200500488281,57
12349,855296,56.78695297241211,62
12350,855296,37.09431076049805,43
12351,855296,25.612228393554688,31
12352,855296,26.972822189331055,33
12353,855296,57.511962890625,63
12354,855296,58.79214859008789,64
12355,855296,36.993228912353516,42
12356,855296,46.09735107421875,51
12357,855552,30.176389694213867,36
12358,855552,42.25346755981445,47
12359,855552,56.72032928466797,62
12360,855552,31.17372703552246,36
12361,855808,52.95600891113281,58
12362,855808,24.858509063720703,30
12363,856064,31.17474937438965,36
12364,856064,48.66301727294922,54
12365,856064,51.245887756347656,56
12366,856064,30.667917251586914,36
12367,856064,58.7015266418457,64
12368,856064,34.09033966064453,39
12369,856320,43.238040924072266,48
12370,856320,50.66735076904297,56
12371,856320,20.711698532104492,26
12372,856320,56.94055938720703,62
12373,856576,84.56307220458984,90
12374,856576,49.921173095703125,55
12375,856576,48.17976379394531,53
12376,856576,50.01559829711914,55
12377,856576,26.396900177001953,32
12378,856576,56.81504821777344,62
12379,856832,42.42176055908203,47
12380,856832,33.80278396606445,39
12381,856832,66.69320678710938,72
12382,856832,23.584089279174805,29
12383,856832,44.34370040893555,49
12384,856832,64.7710189819336,70
12385,856832,60.09039306640625,65
12386,857088,64.09391784667969,69
12387,857088,34.582366943359375,40
12388,857344,64.70928955078125,70
12389,857344,59.05950927734375,64
12390,857600,62.611385345458984,68
12391,857600,20.883811950683594,26
12392,857600,74.49566650390625,80
12393,857600,39.36474609375,44
12394,857600,55.28714370727539,61
12395,857600,43.03313064575195,48
12396,857600,49.7103385925293,55
12397,857856,25.789281845092773,31
12398,857856,61.8976936340332,67
12399,857856,23.49987030029297,29
12400,857856,48.18525314331055,53
12401,857856,33.561004638671875,39
12402,858112,31.37430191040039,37
12403,858112,47.68416976928711,53
12404,858112,24.478992462158203,30
12405,858368,24.69957160949707,30
12406,858368,26.0606746673584,31
12407,858368,48.09356689453125,53
12408,858368,50.1097297668457,55
12409,858368,38.459285736083984,43
12410,858368,43.05408477783203,49
12411,858368,39.58926010131836,45
12412,858368,37.08597946166992,43
12413,858624,46.98043441772461,52
12414,858624,45.865665435791016,51
12415,858624,26.95223617553711,32
12416,858624,59.040565490722656,64
12417,858624,24.861894607543945,30
12418,858880,31.154024124145508,37
12419,858880,47.81875228881836,53
12420,858880,53.86663818359375,59
12421,858880,28.64796257019043,34
12422,858880,62.757625579833984,68
12423,859136,57.3035888671875,63
12424,859136,36.18155288696289,41
12425,859136,43.41335678100586,48
12426,859136,37.334129333496094,42
12427,859136,61.95583724975586,67
12428,859136,17.903518676757812,23
12429,859136,44.099491119384766,49
12430,859136,54.804534912109375,60
12431,859392,43.212093353271484,48
12432,859392,47.09478759765625,52
12433,859392,45.37508773803711,50
12434,859392,26.292282104492188,32
12435,859392,54.07765197753906,60
12436,859392,41.71881866455078,47
12437,859392,16.20977020263672,21
12438,859648,23.944074630737305,29
12439,859648,30.807756423950195,37
12440,859648,39.392608642578125,45
12441,859648,46.614341735839844,52
12442,859648,26.344451904296875,32
12443,859904,56.56480026245117,62
12444,859904,51.76688003540039,57
12445,859904,30.497154235839844,36
12446,859904,54.767608642578125,60
12447,859904,48.964874267578125,54
12448,860160,28.8704833984375,34
12449,860160,37.068599700927734,42
12450,860160,49.760231018066406,55
12451,860160,51.75861358642578,57
12452,860416,42.20906448364258,47
12453,860416,60.589073181152344,66
12454,860416,49.757991790771484,55
12455,860416,29.29892349243164,34
12456,860416,58.334922790527344,64
12457,860672,27.395708084106445,33
12458,860672,45.357215881347656,51
12459,860672,26.993309020996094,33
12460,860672,36.62901306152344,43
12461,860672,30.862247467041016,36
12462,860928,32.18882751464844,37
12463,860928,38.04286575317383,44
12464,860928,39.22300338745117,45
12465,861184,71.67113494873047,78
12466,861184,28.337696075439453,33
12467,861440,22.171342849731445,27
12468,861440,42.72722625732422,48
12469,861440,47.1427001953125,52
12470,861440,31.020071029663086,37
12471,861440,30.46164894104004,36
12472,861440,51.746055603027344,57
12473,861440,69.4084243774414,75
12474,861440,31.993141174316406,38
12475,861696,32.21714782714844,38
12476,861696,45.456058502197266,51
12477,861696,47.0374870300293,52
12478,861696,31.695884704589844,37
12479,861696,44.264869689941406,49
12480,861696,49.29987335205078,54
12481,861952,48.995723724365234,54
12482,861952,57.04352569580078,62
12483,861952,26.588756561279297,32
12484,861952,41.77326965332031,47
12485,861952,29.03240203857422,34
12486,861952,27.8073787689209,33
12487,862208,26.383615493774414,32
12488,862208,45.0918083190918,50
12489,862208,24.30328369140625,30
12490,862208,45.119380950927734,50
12491,862208,52.89942169189453,58
12492,862208,63.54418182373047,69
12493,862464,34.97380828857422,40
12494,862464,53.51054763793945,59
12495,862464,62.66590118408203,68
12496,862464,54.0218391418457,59
12497,862464,35.4145393371582,40
12498,862464,40.692264556884766,46
12499,862464,65.92311096191406,71
12500,862464,55.20173263549805,60
12501,862464,28.22138786315918,34
12502,862720,46.272315979003906,51
12503,862720,55.1110954284668,60
12504,862720,53.59412384033203,59
12505,862720,45.948402404785156,51
12506,862720,48.975162506103516,54
12507,862720,61.73430633544922,67
12508,862720,40.01720428466797,45
12509,862976,42.29509353637695,47
12510,862976,46.0998649597168,51
12511,862976,25.2364444732666,30
12512,863232,22.758623123168945,28
12513,863232,31.099828720092773,36
12514,863232,72.82379913330078,78
12515,863232,44.12944030761719,49
12516,863488,41.13135528564453,46
12517,863488,25.197412490844727,31
12518,863488,16.959096908569336,22
12519,863488,22.563953399658203,28
12520,863488,38.860164642333984,44
12521,863488,34.482574462890625,40
12522,863488,21.139381408691406,26
12523,863744,29.904720306396484,35
12524,863744,30.39084815979004,36
12525,863744,55.7373161315918,61
12526,863744,42.417850494384766,48
12527,864000,53.780921936035156,59
12528,864000,41.07003402709961,46
12529,864000,29.828182220458984,35
12530,864000,48.68033218383789,54
12531,864000,28.326040267944336,34
12532,864000,47.15872573852539,52
12533,864000,40.35405731201172,46
12534,864000,31.450878143310547,37
12535,864000,52.071224212646484,57
12536,864000,30.63737678527832,36
12537,864256,26.392486572265625,31
12538,864256,32.60182571411133,38
12539,864256,38.418766021728516,43
12540,864512,31.51999282836914,37
12541,864512,61.84266662597656,67
12542,864512,21.596435546875,27
12543,864512,29.744997024536133,36
12544,864512,30.205097198486328,35
12545,864512,43.347740173339844,48
12546,864512,56.816402435302734,62
12547,864768,56.8443489074707,63
12548,864768,30.30984115600586,35
12549,864768,48.586875915527344,54
12550,864768,45.13276290893555,50
12551,864768,33.14775848388672,39
12552,864768,51.600791931152344,57
12553,865024,33.98602294921875,39
12554,865024,33.18227005004883,38
12555,865024,60.606746673583984,66
12556,865024,21.999698638916016,27
12557,865024,66.73204803466797,72
12558,865024,42.792057037353516,48
12559,865024,20.822898864746094,26
12560,865280,33.11625289916992,39
12561,865280,41.96760940551758,47
12562,865280,21.63617515563965,27
12563,865280,58.41200637817383,64
12564,865280,63.89757537841797,69
12565,865280,52.882652282714844,58
12566,865536,45.23903274536133,50
12567,865536,59.157344818115234,64
12568,865536,19.006649017333984,24
12569,865536,39.37015151977539,44
12570,865536,49.99675369262695,55
12571,865536,30.397384643554688,35
12572,865536,33.54017639160156,40
12573,865792,56.95529556274414,62
12574,865792,33.11857604980469,38
12575,865792,33.855777740478516,40
12576,865792,28.14529037475586,33
12577,865792,29.000391006469727,35
12578,865792,21.52129554748535,27
12579,865792,38.40314865112305,43
12580,866048,46.897117614746094,52
12581,866048,51.11772155761719,56
12582,866048,39.40718460083008,44
12583,866048,41.24251174926758,46
12584,866048,21.250560760498047,26
12585,866048,40.137760162353516,46
12586,866304,43.1578483581543,48
12587,866304,36.204830169677734,43
12588,866304,46.490352630615234,53
12589,866304,42.35862731933594,47
12590,866304,33.182071685791016,38
12591,866304,49.14212417602539,54
12592,866304,66.3315658569336,72
12593,866560,51.80059814453125,57
12594,866560,52.801475524902344,58
12595,866560,23.649765014648438,29
12596,866560,35.74896240234375,41
12597,866816,20.021968841552734,25
12598,866816,30.934083938598633,36
12599,866816,37.283958435058594,42
12600,866816,54.51201629638672,60
12601,866816,47.58100128173828,53
12602,866816,57.006675720214844,62
12603,866816,58.63569641113281,64
12604,867072,41.744239807128906,47
12605,867072,31.291040420532227,37
12606,867072,50.00376510620117,56
12607,867072,55.07221603393555,60
12608,867072,59.64533996582031,65
12609,867328,27.554418563842773,33
12610,867328,54.791053771972656,60
12611,867328,44.02959060668945,49
12612,867328,24.928911209106445,30
12613,867328,29.564918518066406,34
12614,867328,33.37368392944336,38
12615,867584,25.13840675354004,30
12616,867584,25.937166213989258,31
12617,867584,31.278671264648438,36
12618,867584,29.888036727905273,36
12619,867584,40.0064697265625,45
12620,867584,22.145475387573242,27
12621,867584,26.446807861328125,32
12622,867584,28.346250534057617,33
12623,867584,34.21971130371094,39
12624,867840,30.68252182006836,36
12625,867840,37.99028778076172,43
12626,867840,27.892423629760742,33
12627,867840,41.313453674316406,46
12628,867840,49.02910614013672,54
12629,867840,22.850831985473633,28
12630,867840,47.12152099609375,52
12631,867840,28.24387550354004,34
12632,868096,34.24931716918945,40
12633,868096,20.966354370117188,26
12634,868096,48.390541076660156,54
12635,868096,37.90205764770508,44
12636,868352,46.89342498779297,52
12637,868352,24.90170669555664,30
12638,868352,29.174022674560547,34
12639,868352,34.21306610107422,39
12640,868352,57.13594436645508,63
12641,868352,38.648826599121094,44
12642,868352,21.196577072143555,26
12643,868352,49.81117248535156,55
12644,868608,57.713111877441406,63
12645,868864,29.9279842376709,35
12646,868864,43.26448059082031,48
12647,868864,45.655364990234375,51
12648,868864,71.66071319580078,77
12649,869120,48.79011917114258,55
12650,869120,52.76896286010742,58
12651,869120,19.03857421875,24
12652,869376,44.85379409790039,50
12653,869376,55.993194580078125,61
12654,869376,70.02677917480469,75
12655,869376,56.54898452758789,62
12656,869632,36.07463836669922,42
12657,869632,72.45614624023438,78
12658,869632,41.326446533203125,46
12659,869888,51.75407409667969,57
12660,869888,46.120948791503906,51
12661,869888,17.9221248626709,23
12662,869888,62.42397689819336,68
12663,869888,25.079456329345703,31
12664,869888,54.006771087646484,59
12665,869888,50.062007904052734,56
12666,869888,59.68931579589844,65
12667,870144,27.60602378845215,33
12668,870144,20.78805923461914,26
12669,870144,26.25396156311035,32
12670,870144,53.14085388183594,58
12671,870144,32.75634765625,38
12672,870144,49.332252502441406,54
12673,870400,48.09615707397461,53
12674,870400,35.399658203125,41
12675,870656,44.07386779785156,49
12676,870656,24.27422523498535,29
12677,870656,49.99611282348633,55
12678,870656,28.43976402282715,34
12679,870656,73.07649230957031,79
12680,870656,38.673301696777344,44
12681,870656,110.08350372314453,118
12682,870656,34.712467193603516,40
12683,870912,45.258174896240234,50
12684,870912,37.340179443359375,42
12685,871168,36.68022918701172,42
12686,871168,44.28383255004883,49
12687,871168,39.4310302734375,46
12688,871168,31.843463897705078,37
12689,871168,29.07054901123047,34
12690,871168,41.84435272216797,47
12691,871168,58.06931686401367,63
12692,871168,23.047725677490234,28
12693,871424,45.8348388671875,51
12694,871424,45.594581604003906,51
12695,871424,26.885377883911133,32
12696,871680,69.10392761230469,75
12697,871680,25.130971908569336,30
12698,871680,43.815673828125,49
12699,871680,42.18170166015625,47
12700,871680,48.86224365234375,54
12701,871680,44.01153564453125,49
12702,871680,18.969579696655273,24
12703,871936,47.20964431762695,52
12704,871936,61.839439392089844,67
12705,871936,54.0745849609375,59
12706,872192,34.2012939453125,39
12707,872192,36.85722732543945,42
12708,872192,52.058082580566406,57
12709,872192,39.31865692138672,44
12710,872448,33.42030715942383,39
12711,872448,18.095457077026367,23
12712,872448,30.71475601196289,36
12713,872448,18.035051345825195,23
12714,872704,38.13313674926758,43
12715,872704,54.56399917602539,60
12716,872704,30.806005477905273,36
12717,872704,49.56755828857422,55
12718,872960,18.99688720703125,24
12719,872960,67.92314910888672,73
12720,872960,37.05559539794922,42
12721,872960,35.15100860595703,40
12722,872960,19.34514808654785,24
12723,872960,35.658756256103516,41
12724,872960,55.094810485839844,60
12725,872960,53.98773193359375,59
12726,872960,63.6358757019043,69
12727,872960,30.19462776184082,35
12728,873216,57.480098724365234,63
12729,873216,41.340797424316406,46
12730,873216,44.22968292236328,49
12731,873216,33.1436767578125,38
12732,873216,24.0726261138916,29
12733,873216,44.93612289428711,50
12734,873472,54.195350646972656,59
12735,873472,22.22359848022461,27
12736,873472,42.082767486572266,47
12737,873472,29.986129760742188,35
12738,873472,27.484790802001953,33
12739,873472,22.820737838745117,28
12740,873472,19.677846908569336,25
12741,873728,30.452499389648438,36
12742,873728,43.17592239379883,48
12743,873728,45.38925552368164,50
12744,873728,24.6234188079834,30
12745,873728,41.173858642578125,46
12746,873728,28.000185012817383,33
12747,873728,20.639583587646484,26
12748,873728,42.63817596435547,48
12749,873728,43.039005279541016,48
12750,873984,41.33038330078125,47
12751,873984,70.69123840332031,76
12752,873984,34.40595245361328,40
12753,873984,44.28681182861328,50
12754,873984,30.176239013671875,35
12755,873984,31.839813232421875,37
12756,873984,42.31315612792969,47
12757,874240,17.113473892211914,22
12758,874240,55.10984420776367,60
12759,874240,55.17643737792969,60
12760,874240,47.97129440307617,53
12761,874240,68.46565246582031,74
12762,874496,36.320621490478516,41
12763,874496,51.97957992553711,57
12764,874496,27.77142333984375,33
12765,874496,24.583175659179688,30
12766,874496,55.02352523803711,60
12767,874496,35.26703643798828,40
12768,874496,65.07283020019531,70
12769,874496,47.612857818603516,53
12770,874752,23.7967472076416,29
12771,874752,33.317325592041016,39
12772,874752,38.66456604003906,44
12773,874752,43.16617202758789,48
12774,874752,26.125343322753906,31
12775,874752,73.37239837646484,79
12776,874752,32.12482833862305,37
12777,874752,66.52558898925781,72
12778,875008,43.11708068847656,48
12779,875008,53.7021484375,59
12780,875008,30.083539962768555,36
12781,875264,28.217620849609375,34
12782,875264,22.05537223815918,27
12783,875264,25.22188949584961,31
12784,875264,49.02708435058594,54
12785,875264,15.115604400634766,20
12786,875264,42.816062927246094,48
12787,875520,40.041748046875,45
12788,875520,54.6963005065918,60
12789,875520,36.691017150878906,43
12790,875520,21.186344146728516,26
12791,875520,28.999229431152344,34
12792,875520,57.71088790893555,63
12793,875776,37.2732048034668,42
12794,875776,25.802566528320312,31
12795,875776,19.636449813842773,25
12796,875776,19.905887603759766,25
12797,875776,48.09784698486328,53
12798,875776,35.42473220825195,40
12799,875776,46.788536071777344,52
12800,875776,37.90132522583008,43
12801,875776,24.690654754638672,30
12802,876032,27.594894409179688,33
12803,876032,37.392154693603516,42
12804,876032,39.27082824707031,44
12805,876288,52.232418060302734,57
12806,876288,47.96452331542969,53
12807,876288,57.35489273071289,63
12808,876288,21.03264808654785,26
12809,876288,34.37964630126953,40
12810,876288,47.98885726928711,53
12811,876288,51.977943420410156,57
12812,876288,47.32139587402344,55
12813,876288,31.30379867553711,36
12814,876544,49.17092514038086,54
12815,876544,49.39725112915039,55
12816,876544,40.89453887939453,46
12817,876544,26.4019775390625,32
12818,876544,40.17225646972656,45
12819,876800,63.430538177490234,69
12820,876800,51.35434341430664,57
12821,876800,56.215911865234375,61
12822,876800,39.29908752441406,44
12823,876800,22.828216552734375,28
12824,876800,51.92207717895508,57
12825,877056,39.3022575378418,44
12826,877056,29.37535285949707,34
12827,877056,38.82130813598633,44
12828,877056,62.54682159423828,68
12829,877056,36.72994613647461,42
12830,877056,44.19742202758789,49
12831,877056,31.394155502319336,37
12832,877312,20.845659255981445,26
12833,877312,46.1774787902832,51
12834,877312,18.734970092773438,24
12835,877312,47.03914260864258,52
12836,877312,39.03679656982422,44
12837,877568,32.53752517700195,38
12838,877568,44.42038345336914,49
12839,877568,24.330549240112305,29
12840,877568,28.930418014526367,34
12841,877568,34.39955520629883,39
12842,877568,45.25984191894531,50
12843,877568,47.00090026855469,53
12844,877568,44.22966003417969,50
12845,877824,18.809568405151367,24
12846,877824,51.345211029052734,57
12847,877824,32.522216796875,37
12848,878080,54.49798583984375,60
12849,878080,55.915748596191406,61
12850,878080,26.593303680419922,32
12851,878080,36.57906723022461,42
12852,878080,46.0215950012207,51
12853,878080,36.07859420776367,41
12854,878336,36.319419860839844,41
12855,878336,36.4903450012207,42
12856,878336,29.9746036529541,36
12857,878336,65.48838806152344,71
12858,878336,18.75750732421875,24
12859,878336,23.107784271240234,28
12860,878336,27.652982711791992,33
12861,878592,55.76005554199219,62
12862,878592,17.0477352142334,22
12863,878592,37.60618209838867,42
12864,878848,52.77410888671875,58
12865,878848,44.13990020751953,49
12866,878848,36.04362487792969,41
12867,878848,30.02933692932129,35
12868,878848,39.93804168701172,45
12869,878848,56.945682525634766,62
12870,878848,54.857303619384766,60
12871,878848,27.228612899780273,33
12872,878848,28.490325927734375,34
12873,879104,60.055397033691406,65
12874,879104,48.05614471435547,53
12875,879104,35.914573669433594,42
12876,879104,48.20151138305664,53
12877,879104,24.391393661499023,30
12878,879104,53.3949089050293,59
12879,879104,22.671920776367188,28
12880,879104,23.774044036865234,29
12881,879104,32.708099365234375,38
12882,879360,55.798728942871094,61
12883,879360,37.35536575317383,44
12884,879360,42.125244140625,47
12885,879360,49.103271484375,54
12886,879360,50.077457427978516,55
12887,879360,34.36503219604492,39
12888,879616,28.398435592651367,34
12889,879616,20.922494888305664,26
12890,879616,39.931610107421875,45
12891,879616,48.06555938720703,53
12892,879872,41.16185760498047,46
12893,879872,57.865177154541016,63
12894,879872,20.015789031982422,25
12895,879872,35.265201568603516,40
12896,879872,39.791587829589844,45
12897,879872,30.64065933227539,36
12898,879872,51.42340087890625,57
12899,879872,63.20204544067383,68
12900,880128,25.128690719604492,30
12901,880128,50.59394454956055,56
12902,880128,53.0290641784668,58
12903,880128,20.817638397216797,26
12904,880384,45.212013244628906,50
12905,880384,60.828060150146484,66
12906,880384,28.878559112548828,34
12907,880384,28.865646362304688,34
12908,880384,42.3044319152832,47
12909,880384,22.807567596435547,28
12910,880384,32.402557373046875,38
12911,880384,15.125238418579102,20
12912,880384,47.80405044555664,53
12913,880640,52.680946350097656,58
12914,880640,35.49929428100586,41
12915,880640,56.011573791503906,61
12916,880640,25.093175888061523,30
12917,880640,57.86345672607422,63
12918,880640,61.81470489501953,67
12919,880640,45.95018005371094,51
12920,880896,25.16295051574707,30
12921,880896,38.33085250854492,43
12922,880896,48.83587646484375,54
12923,880896,28.201736450195312,33
12924,880896,46.855377197265625,52
12925,880896,35.213294982910156,40
12926,880896,59.953277587890625,65
12927,880896,49.295623779296875,54
12928,880896,53.09090042114258,58
12929,881152,38.83677673339844,44
12930,881152,23.876951217651367,29
12931,881152,32.36841583251953,37
12932,881152,25.961566925048828,31
12933,881152,52.94963073730469,58
12934,881152,62.21284103393555,68
12935,881152,24.072021484375,29
12936,881152,47.065216064453125,52
12937,881152,47.1706657409668,52
12938,881152,51.10084533691406,56
12939,881408,42.889442443847656,48
12940,881408,27.1140193939209,33
12941,881408,48.15373229980469,53
12942,881408,56.10471725463867,61
12943,881664,61.4258918762207,67
12944,881664,29.908573150634766,35
12945,881664,34.630184173583984,40
12946,881664,30.795494079589844,36
12947,881664,23.03650665283203,28
12948,881664,21.648448944091797,27
12949,881664,51.30378723144531,56
12950,881920,26.450437545776367,32
12951,881920,18.91238021850586,24
12952,881920,55.72567367553711,61
12953,881920,23.470903396606445,29
12954,882176,47.251365661621094,52
12955,882176,25.881013870239258,31
12956,882176,26.906484603881836,33
12957,882432,24.814207077026367,30
12958,882432,57.801605224609375,63
12959,882432,15.31070327758789,20
12960,882432,43.41749954223633,49
12961,882432,20.75301170349121,26
12962,882432,35.45899200439453,41
12963,882432,30.230884552001953,35
12964,882688,15.200498580932617,20
12965,882688,25.295650482177734,30
12966,882688,17.178115844726562,22
12967,882688,58.76403045654297,64
12968,882688,36.27521514892578,41
12969,882688,60.63615417480469,67
12970,882688,47.95198440551758,53
12971,882688,45.110870361328125,50
12972,882944,54.83481216430664,60
12973,882944,41.98979568481445,47
12974,882944,40.432647705078125,46
12975,883200,33.41141128540039,38
12976,883200,36.14685821533203,41
12977,883200,31.977325439453125,37
12978,883200,21.790021896362305,27
12979,883200,54.96420669555664,60
12980,883200,30.801206588745117,36
12981,883200,44.30360412597656,49
12982,883200,50.8167724609375,56
12983,883200,34.3692626953125,39
12984,883200,34.57543182373047,39
12985,883200,23.668746948242188,29
12986,883456,28.72044563293457,34
12987,883456,46.9686164855957,52
12988,883456,35.95155334472656,41
12989,883456,32.35528564453125,37
12990,883712,42.26160430908203,47
12991,883712,46.204368591308594,51
12992,883712,27.42135238647461,32
12993,883712,32.625457763671875,38
12994,883968,32.28053665161133,37
12995,883968,28.356494903564453,33
12996,883968,48.05978012084961,53
12997,883968,46.21548843383789,52
12998,883968,22.147693634033203,27
12999,883968,29.071556091308594,34
13000,883968,21.74371910095215,27
13001,884224,46.190879821777344,51
13002,884224,42.36764144897461,47
13003,884224,27.940387725830078,33
13004,884224,24.15938949584961,29
13005,884224,34.102699279785156,39
13006,884224,36.907432556152344,42
13007,884224,46.126304626464844,51
13008,884480,40.403690338134766,45
13009,884480,21.915496826171875,27
13010,884480,44.31113815307617,49
13011,884480,46.99945831298828,54
13012,884480,43.390830993652344,48
13013,884480,32.787513732910156,38
13014,884480,34.203739166259766,39
13015,884480,51.014713287353516,56
13016,884736,37.09697341918945,42
13017,884736,23.95094108581543,29
13018,884736,41.334014892578125,46
13019,884736,38.91841125488281,44
13020,884992,30.529457092285156,36
13021,884992,41.380001068115234,46
13022,884992,20.95079803466797,26
13023,884992,37.8080940246582,44
13024,884992,37.207088470458984,42
13025,885248,27.94456672668457,33
13026,885248,43.25178146362305,48
13027,885248,18.08082389831543,23
13028,885248,45.05247497558594,50
13029,885504,20.833507537841797,26
13030,885504,40.439815521240234,45
13031,885504,35.802127838134766,41
13032,885504,38.860008239746094,44
13033,885504,41.59469223022461,46
13034,885760,49.69966506958008,55
13035,885760,39.4438591003418,44
13036,885760,45.197715759277344,50
13037,885760,28.097909927368164,33
13038,886016,32.98371887207031,38
13039,886016,26.054927825927734,31
13040,886016,57.59160232543945,63
13041,886016,23.076919555664062,28
13042,886016,20.615798950195312,26
13043,886016,33.29829025268555,38
13044,886016,36.33540344238281,41
13045,886016,22.2574405670166,27
13046,886272,33.700355529785156,39
13047,886272,27.219913482666016,33
13048,886272,43.62559509277344,49
13049,886528,36.04473876953125,41
13050,886528,33.01089859008789,38
13051,886528,37.52476119995117,43
13052,886528,29.339021682739258,35
13053,886528,34.35770034790039,39
13054,886528,54.92314529418945,60
13055,886528,25.663524627685547,30
13056,886528,33.551109313964844,39
13057,886784,23.754941940307617,29
13058,886784,55.90879440307617,61
13059,886784,25.056154251098633,30
13060,886784,30.845008850097656,36
13061,886784,40.31964874267578,45
13062,887040,34.0546875,39
13063,887040,44.896888732910156,50
13064,887040,50.388126373291016,56
13065,887040,22.791996002197266,28
13066,887040,40.199703216552734,45
13067,887040,31.859180450439453,37
13068,887040,19.790721893310547,25
13069,887040,19.946990966796875,25
13070,887040,32.79512405395508,38
13071,887040,46.160858154296875,51
13072,887040,21.004060745239258,26
13073,887296,43.73703384399414,49
13074,887296,56.739013671875,62
13075,887296,21.755224227905273,27
13076,887296,40.12442398071289,45
13077,887552,43.30548858642578,48
13078,887552,32.131351470947266,37
13079,887552,58.88999938964844,64
13080,887552,18.084823608398438,23
13081,887808,29.595476150512695,35
13082,887808,38.27476501464844,43
13083,887808,42.36344909667969,47
13084,887808,21.713298797607422,27
13085,887808,45.19599533081055,50
13086,887808,31.32300567626953,36
13087,887808,53.9473876953125,59
13088,887808,33.57773971557617,39
13089,887808,24.951923370361328,30
13090,887808,39.39751052856445,44
13091,887808,45.722747802734375,51
13092,887808,15.1280517578125,20
13093,888064,35.53830337524414,41
13094,888064,51.872291564941406,57
13095,888064,27.96327018737793,33
13096,888064,37.324745178222656,42
13097,888320,48.84705352783203,54
13098,888320,38.657718658447266,44
13099,888320,23.707124710083008,29
13100,888320,49.789710998535156,57
13101,888320,43.221893310546875,48
13102,888320,18.80328941345215,24
13103,888320,22.589143753051758,28
13104,888320,30.927974700927734,36
13105,888320,15.250890731811523,20
13106,888576,19.050329208374023,24
13107,888576,44.12052536010742,49
13108,888576,35.17364501953125,40
13109,888576,55.76966857910156,61
13110,888576,26.784221649169922,32
13111,888576,32.7437629699707,38
13112,888576,50.16156768798828,55
13113,888832,43.12151336669922,48
13114,888832,28.30497169494629,33
13115,888832,51.289703369140625,56
13116,888832,44.368446350097656,49
13117,889088,51.03538131713867,56
13118,889088,35.396453857421875,40
13119,889088,27.312646865844727,33
13120,889088,37.45105743408203,42
13121,889344,36.23189926147461,41
13122,889344,28.15546417236328,33
13123,889344,28.981666564941406,34
13124,889344,30.48131561279297,35
13125,889344,22.335622787475586,27
13126,889600,27.090648651123047,32
13127,889600,24.508167266845703,30
13128,889600,24.0725154876709,29
13129,889600,29.457578659057617,34
13130,889600,23.219329833984375,28
13131,889856,50.13790512084961,55
13132,889856,52.083221435546875,57
13133,889856,28.543228149414062,34
13134,889856,37.81355667114258,43
13135,889856,47.868255615234375,53
13136,889856,36.711788177490234,42
13137,890112,52.95288848876953,58
13138,890112,48.805397033691406,54
13139,890112,21.94025993347168,27
13140,890112,28.52098846435547,33
13141,890112,39.17613220214844,44
13142,890368,30.819679260253906,36
13143,890368,48.06523513793945,53
13144,890368,32.2435188293457,37
13145,890368,29.626953125,34
13146,890368,26.29786491394043,32
13147,890368,52.05037307739258,57
13148,890368,25.59281349182129,30
13149,890624,37.44547653198242,42
13150,890624,44.26479721069336,49
13151,890624,32.072547912597656,37
13152,890624,37.464019775390625,43
13153,890624,17.859590530395508,23
13154,890880,20.671573638916016,26
13155,890880,49.606929779052734,55
13156,890880,44.3599967956543,49
13157,890880,45.12060546875,50
13158,891136,50.026668548583984,55
13159,891136,48.15141677856445,53
13160,891136,40.286705017089844,45
13161,891136,41.94206619262695,47
13162,891392,36.05049514770508,41
13163,891392,43.2672119140625,48
13164,891392,29.42490005493164,34
13165,891392,23.563800811767578,29
13166,891392,28.329925537109375,33
13167,891392,25.10087776184082,30
13168,891392,22.85837745666504,28
13169,891392,45.034515380859375,50
13170,891648,28.470600128173828,33
13171,891648,42.45957946777344,47
13172,891648,61.1948127746582,66
13173,891648,56.54341125488281,63
13174,891904,32.963565826416016,39
13175,891904,41.22538375854492,46
13176,891904,49.21773147583008,54
13177,891904,46.066436767578125,52
13178,892160,29.843820571899414,35
13179,892160,38.784637451171875,44
13180,892160,42.42524337768555,48
13181,892160,48.4935417175293,55
13182,892160,24.12751007080078,30
13183,892416,42.28451919555664,47
13184,892416,20.235050201416016,25
13185,892416,39.017578125,44
13186,892416,37.19660186767578,42
13187,892416,57.84144973754883,63
13188,892416,66.47440338134766,72
13189,892416,30.603713989257812,36
13190,892416,29.71863555908203,35
13191,892672,48.01294708251953,53
13192,892672,51.134002685546875,56
13193,892672,32.31942367553711,37
13194,892672,28.31132698059082,33
13195,892928,17.93081283569336,23
13196,892928,19.93475341796875,25
13197,892928,23.28534507751465,29
13198,892928,32.04188919067383,37
13199,892928,29.814470291137695,35
13200,892928,53.967342376708984,59
13201,892928,22.251750946044922,27
13202,892928,41.13948440551758,46
13203,892928,57.100215911865234,62
13204,892928,55.10380935668945,60
13205,893184,60.78007125854492,66
13206,893184,20.961393356323242,26
13207,893184,19.265972137451172,24
13208,893184,47.13426208496094,52
13209,893184,29.97430419921875,35
13210,893184,49.08282470703125,54
13211,893184,26.696149826049805,32
13212,893184,43.57768249511719,49
13213,893440,47.85823440551758,53
13214,893440,43.254539489746094,48
13215,893440,41.44758605957031,46
13216,893440,47.91470718383789,53
13217,893440,54.073219299316406,59
13218,893440,29.636911392211914,35
13219,893440,46.817283630371094,52
13220,893440,21.710670471191406,27
13221,893696,32.28837966918945,37
13222,893696,48.05748748779297,53
13223,893696,20.792888641357422,26
13224,893696,43.050567626953125,48
13225,893696,38.37064743041992,43
13226,893952,21.73877716064453,27
13227,893952,38.320518493652344,43
13228,893952,23.851579666137695,29
13229,893952,40.07170104980469,45
13230,893952,47.408729553222656,52
13231,894208,38.01035690307617,43
13232,894208,32.059425354003906,37
13233,894208,24.512460708618164,29
13234,894208,18.03887939453125,23
13235,894208,46.16987228393555,51
13236,894208,63.9848747253418,69
13237,894208,51.02191925048828,56
13238,894464,24.797895431518555,30
13239,894464,39.20107650756836,44
13240,894720,33.1474609375,39
13241,894720,42.21428680419922,47
13242,894720,43.20060348510742,48
13243,894720,43.475013732910156,48
13244,894720,45.15831756591797,50
13245,894720,27.150793075561523,32
13246,894976,51.8789176940918,57
13247,894976,47.06389236450195,52
13248,894976,36.524200439453125,41
13249,894976,32.751399993896484,38
13250,894976,50.01802444458008,55
13251,894976,19.991117477416992,25
13252,895232,56.78750228881836,62
13253,895232,36.42679214477539,41
13254,895232,21.56995391845703,26
13255,895232,28.872676849365234,34
13256,895232,54.906288146972656,60
13257,895232,57.656986236572266,63
13258,895232,31.518510818481445,36
13259,895232,35.430049896240234,40
13260,895488,49.803123474121094,55
13261,895488,25.10617446899414,30
13262,895488,43.02656555175781,48
13263,895488,40.09904861450195,45
13264,895488,57.53203201293945,63
13265,895488,24.917709350585938,30
13266,895488,48.03559875488281,53
13267,895488,38.34287643432617,43
13268,895744,37.43415069580078,42
13269,895744,52.85051727294922,58
13270,895744,37.54664993286133,42
13271,895744,32.218563079833984,37
13272,895744,39.05073547363281,44
13273,896000,35.64292907714844,41
13274,896000,46.022743225097656,51
13275,896000,33.94923400878906,39
13276,896000,28.040231704711914,33
13277,896256,45.95926284790039,51
13278,896256,27.422531127929688,33
13279,896512,33.31844711303711,38
13280,896512,31.265338897705078,36
13281,896512,45.82353591918945,51
13282,896512,54.02350997924805,59
13283,896768,66.9205551147461,72
13284,896768,43.169071197509766,48
13285,896768,51.127113342285156,56
13286,896768,39.5632438659668,45
13287,896768,27.122255325317383,33
13288,896768,26.446521759033203,32
13289,896768,35.2785530090332,42
13290,896768,37.34152603149414,42
13291,896768,44.95035171508789,51
13292,896768,38.1046028137207,43
13293,897024,33.8884391784668,39
13294,897024,30.249372482299805,35
13295,897024,45.636566162109375,51
13296,897024,46.299964904785156,51
13297,897024,35.315914154052734,40
13298,897024,59.569366455078125,65
13299,897024,54.62602615356445,60
13300,897024,41.18107223510742,46
13301,897024,34.08927536010742,39
13302,897024,41.216190338134766,46
13303,897280,23.357423782348633,28
13304,897280,45.83298110961914,51
13305,897280,46.859622955322266,52
13306,897280,23.69795799255371,29
13307,897280,57.52471923828125,63
13308,897536,48.800724029541016,54
13309,897536,51.0399284362793,56
13310,897536,47.823970794677734,53
13311,897536,31.639001846313477,36
13312,897536,40.241641998291016,45
13313,897536,38.39237976074219,43
13314,897536,38.21790313720703,43
13315,897792,26.796459197998047,32
13316,897792,40.600608825683594,46
13317,897792,42.89217758178711,48
13318,897792,62.535316467285156,68
13319,897792,50.58428192138672,56
13320,897792,33.310569763183594,38
13321,897792,47.33701705932617,52
13322,897792,41.93804931640625,47
13323,897792,59.60307693481445,65
13324,897792,47.764591217041016,53
13325,898048,36.43643569946289,41
13326,898048,25.490053176879883,30
13327,898048,20.21721076965332,25
13328,898048,35.145240783691406,40
13329,898048,54.82969665527344,60
13330,898048,47.87506103515625,53
13331,898304,33.60416030883789,38
13332,898304,42.377254486083984,47
13333,898304,36.00214385986328,41
13334,898304,67.25313568115234,75
13335,898304,18.13272476196289,23
13336,898304,38.956268310546875,44
13337,898816,34.355812072753906,39
13338,898816,36.00151443481445,41
13339,898816,35.50171661376953,40
13340,898816,25.336532592773438,30
13341,898816,31.687623977661133,37
13342,898816,35.0699577331543,41
13343,899072,47.200435638427734,52
13344,899072,21.238624572753906,26
13345,899072,34.07881546020508,39
13346,899072,50.23598861694336,55
13347,899072,21.686655044555664,27
13348,899328,32.894432067871094,38
13349,899328,20.243831634521484,25
13350,899328,59.86967849731445,65
13351,899584,19.893186569213867,25
13352,899584,49.85417175292969,55
13353,899584,35.18913269042969,40
13354,899584,17.225473403930664,22
13355,899584,68.32632446289062,74
13356,899584,34.411434173583984,39
13357,899584,36.65095138549805,42
13358,899840,22.73214340209961,28
13359,899840,38.46483612060547,43
13360,899840,42.145286560058594,47
13361,899840,31.775163650512695,37
13362,900096,17.921689987182617,23
13363,900096,23.224275588989258,28
13364,900096,32.19474411010742,38
13365,900096,28.041366577148438,33
13366,900096,21.665863037109375,26
13367,900096,38.46802520751953,43
13368,900096,27.92898941040039,34
13369,900352,46.88929748535156,52
13370,900352,32.711727142333984,38
13371,900352,42.33955383300781,47
13372,900352,23.395923614501953,28
13373,900352,40.42958450317383,45
13374,900352,37.99985122680664,44
13375,900352,28.135732650756836,33
13376,900352,23.750808715820312,29
13377,900608,20.956613540649414,26
13378,900608,46.28582763671875,51
13379,900608,44.0809211730957,49
13380,900608,51.01100158691406,56
13381,900864,48.921669006347656,54
13382,900864,36.99322509765625,42
13383,900864,25.595609664916992,31
13384,900864,17.13007354736328,22
13385,900864,20.761594772338867,26
13386,900864,25.531442642211914,31
13387,900864,44.42009353637695,49
13388,900864,46.177242279052734,51
13389,900864,46.701683044433594,52
13390,900864,30.04020118713379,35
13391,900864,46.22251510620117,51
13392,900864,15.396120071411133,20
13393,900864,39.45209503173828,44
13394,900864,40.32928466796875,45
13395,900864,54.03720474243164,59
13396,901120,34.97476577758789,40
13397,901120,38.5504264831543,43
13398,901120,37.74064636230469,44
13399,901120,48.98578643798828,54
13400,901120,46.019813537597656,51
13401,901120,38.43767547607422,43
13402,901120,51.109764099121094,56
13403,901376,27.480396270751953,33
13404,901376,22.54465675354004,28
13405,901376,29.5109920501709,34
13406,901376,33.75613021850586,39
13407,901376,35.326778411865234,40
13408,901632,63.99182891845703,70
13409,901632,21.921720504760742,27
13410,901632,38.9616584777832,44
13411,901888,19.816547393798828,25
13412,901888,34.25761795043945,40
13413,901888,19.039491653442383,24
13414,901888,38.078033447265625,43
13415,901888,51.94203186035156,57
13416,901888,41.02189636230469,46
13417,901888,52.91262435913086,58
13418,901888,23.09353256225586,28
13419,901888,47.09942626953125,52
13420,901888,36.29648971557617,41
13421,901888,39.37749099731445,44
13422,902144,50.9820671081543,56
13423,902144,35.0982666015625,40
13424,902144,49.16263961791992,54
13425,902144,21.334178924560547,26
13426,902144,38.990455627441406,44
13427,902144,46.182559967041016,51
13428,902144,17.97822380065918,23
13429,902144,15.190267562866211,20
13430,902144,37.45460510253906,42
13431,902144,34.429561614990234,39
13432,902144,15.913496017456055,21
13433,902400,32.368438720703125,37
13434,902400,21.480796813964844,26
13435,902400,33.39394760131836,38
13436,902400,43.964088439941406,49
13437,902400,71.23657989501953,77
13438,902400,29.805782318115234,35
13439,902400,52.43362808227539,57
13440,902400,41.409217834472656,46
13441,902400,53.75768280029297,59
13442,902656,45.33045196533203,50
13443,902656,45.21199035644531,50
13444,902656,45.318546295166016,50
13445,902656,52.11818313598633,58
13446,902656,47.06455612182617,52
13447,902656,43.34889221191406,48
13448,902656,35.058406829833984,40
13449,902656,42.144222259521484,47
13450,902912,35.95984649658203,41
13451,902912,36.37815856933594,41
13452,902912,21.807519912719727,27
13453,902912,25.319772720336914,30
13454,902912,43.232177734375,48
13455,902912,26.36366844177246,32
13456,902912,40.47372817993164,46
13457,902912,47.08888626098633,52
13458,903168,35.17802429199219,40
13459,903168,25.072824478149414,30
13460,903168,38.250587463378906,43
13461,903168,52.87406539916992,58
13462,903168,25.380970001220703,30
13463,903168,33.88481903076172,39
13464,903424,46.24440002441406,51
13465,903680,37.002601623535156,42
13466,903680,33.327327728271484,38
13467,903680,27.11667823791504,32
13468,903680,26.930749893188477,32
13469,903936,37.342857360839844,42
13470,903936,57.747886657714844,63
13471,903936,31.956039428710938,37
13472,903936,15.154777526855469,20
13473,903936,46.20211410522461,51
13474,903936,66.7599105834961,72
13475,903936,52.39625930786133,57
13476,903936,43.129276275634766,48
13477,904192,46.3780403137207,51
13478,904192,36.70949172973633,42
13479,904192,38.53822708129883,43
13480,904192,20.948123931884766,26
13481,904192,29.58477783203125,35
13482,904192,23.23105239868164,28
13483,904448,56.933265686035156,62
13484,904448,20.323848724365234,25
13485,904448,30.781991958618164,36
13486,904448,33.39152526855469,38
13487,904704,40.10106658935547,45
13488,904704,26.041807174682617,31
13489,904704,46.8610954284668,52
13490,904704,25.510028839111328,30
13491,904960,32.47930145263672,37
13492,904960,48.04636001586914,53
13493,904960,64.73177337646484,70
13494,904960,31.647581100463867,36
13495,904960,43.17413330078125,48
13496,904960,45.227622985839844,50
13497,904960,40.28308868408203,45
13498,904960,47.87263107299805,53
13499,904960,45.15684509277344,50
13500,905216,40.38152313232422,45
13501,905216,33.860626220703125,39
13502,905216,17.13030242919922,22
13503,905216,34.38846969604492,39
13504,905216,43.12904357910156,48
13505,905472,32.65408706665039,37
13506,905472,43.240989685058594,48
13507,905472,37.17035675048828,42
13508,905472,22.403322219848633,28
13509,905472,47.9213752746582,53
13510,905728,42.47499084472656,47
13511,905728,26.920700073242188,32
13512,905728,28.13619041442871,33
13513,905728,43.14279556274414,48
13514,905984,26.95491600036621,32
13515,905984,41.420257568359375,46
13516,905984,31.047300338745117,36
13517,905984,51.78515625,57
13518,905984,30.347412109375,35
13519,905984,41.86407470703125,47
13520,905984,24.50224494934082,30
13521,905984,32.57504653930664,37
13522,905984,31.26517677307129,36
13523,905984,29.82357406616211,35
13524,906240,18.65142059326172,24
13525,906240,38.59907913208008,44
13526,906240,44.461708068847656,50
13527,906240,56.94641876220703,62
13528,906240,39.44222640991211,44
13529,906240,25.85681915283203,31
13530,906240,32.48610305786133,37
13531,906240,38.18684768676758,43
13532,906496,43.09514617919922,48
13533,906496,34.707035064697266,40
13534,906496,40.260711669921875,45
13535,906496,28.465496063232422,34
13536,906496,45.26543426513672,50
13537,906496,24.620532989501953,30
13538,906752,45.78474044799805,51
13539,906752,34.3018684387207,39
13540,906752,17.986215591430664,23
13541,907008,49.08443069458008,54
13542,907008,30.208707809448242,35
13543,907008,27.215091705322266,32
13544,907008,22.3026123046875,27
13545,907008,31.453222274780273,36
13546,907008,46.060733795166016,51
13547,907008,48.18375015258789,53
13548,907008,36.570343017578125,41
13549,907264,39.18370056152344,44
13550,907264,20.345746994018555,25
13551,907264,20.220829010009766,25
13552,907264,35.1460075378418,40
13553,907520,24.31316375732422,29
13554,907520,34.39662170410156,39
13555,907520,46.995643615722656,52
13556,907520,25.592243194580078,31
13557,907520,16.01251983642578,21
13558,907520,35.38011932373047,40
13559,907520,34.923709869384766,40
13560,907776,29.160480499267578,34
13561,907776,38.24665451049805,43
13562,907776,47.983558654785156,53
13563,907776,28.91968536376953,34
13564,907776,54.90909957885742,60
13565,908032,37.41899108886719,42
13566,908032,35.197120666503906,40
13567,908032,50.72475051879883,56
13568,908032,34.6012077331543,40
13569,908032,46.1242790222168,51
13570,908032,36.369808197021484,41
13571,908032,39.324703216552734,44
13572,908032,17.977628707885742,23
13573,908032,31.202701568603516,36
13574,908032,40.04294204711914,45
13575,908032,42.23663330078125,47
13576,908288,36.21548080444336,41
13577,908288,48.47964859008789,53
13578,908288,26.627328872680664,31
13579,908288,31.378326416015625,36
13580,908544,42.41160583496094,47
13581,908544,33.466941833496094,38
13582,908544,29.387414932250977,34
13583,908544,40.59695053100586,45
13584,908800,58.760047912597656,64
13585,908800,41.4007568359375,46
13586,908800,21.058713912963867,26
13587,908800,54.96678924560547,60
13588,909056,59.76951599121094,65
13589,909056,33.1710205078125,38
13590,909056,18.02704429626465,23
13591,909056,37.43223571777344,42
13592,909056,50.19709777832031,55
13593,909056,19.00926971435547,24
13594,909312,30.602916717529297,35
13595,909312,29.925703048706055,35
13596,909312,53.20238494873047,58
13597,909312,26.194007873535156,31
13598,909312,24.17850685119629,29
13599,909312,43.251590728759766,48
13600,909312,48.452491760253906,53
13601,909312,44.331764221191406,49
13602,909568,39.398624420166016,44
13603,909568,24.122554779052734,29
13604,909568,13.272514343261719,18
13605,909568,30.566024780273438,36
13606,909824,35.4969596862793,40
13607,909824,52.91299057006836,58
13608,909824,22.756065368652344,28
13609,909824,31.643264770507812,37
13610,909824,18.909862518310547,24
13611,909824,36.510074615478516,41
13612,909824,22.67190933227539,28
13613,909824,38.48066329956055,43
13614,909824,42.13800811767578,47
13615,910080,23.45964241027832,28
13616,910080,21.837087631225586,27
13617,910080,42.388946533203125,47
13618,910080,33.448486328125,38
13619,910080,28.167654037475586,34
13620,910080,43.4891242980957,48
13621,910080,38.40493392944336,43
13622,910336,26.808473587036133,32
13623,910336,18.307891845703125,23
13624,910336,38.560081481933594,43
13625,910336,33.49342346191406,38
13626,910336,28.245519638061523,33
13627,910336,34.32008361816406,40
13628,910336,23.827350616455078,29
13629,910336,27.637475967407227,33
13630,910336,25.214052200317383,30
13631,910592,37.449554443359375,42
13632,910592,26.18452262878418,31
13633,910848,32.04887771606445,37
13634,910848,21.175251007080078,26
13635,910848,33.37130355834961,38
13636,910848,45.905311584472656,51
13637,910848,56.03567886352539,61
13638,910848,49.20706558227539,54
13639,910848,29.635644912719727,35
13640,910848,27.812898635864258,32
13641,911104,46.09734344482422,51
13642,911104,26.939794540405273,32
13643,911104,56.3724479675293,61
13644,911104,31.391258239746094,37
13645,911104,39.35722351074219,44
13646,911104,33.97853469848633,39
13647,911104,35.22001647949219,40
13648,911104,22.696033477783203,28
13649,911360,28.618627548217773,33
13650,911360,43.31141662597656,48
13651,911360,51.88845443725586,57
13652,911360,25.535358428955078,30
13653,911360,49.261131286621094,54
13654,911360,21.922847747802734,27
13655,911360,19.104427337646484,24
13656,911360,33.31436538696289,38
13657,911360,34.95089340209961,41
13658,911360,24.304046630859375,29
13659,911360,36.385292053222656,41
13660,911616,28.517671585083008,33
13661,911616,38.116458892822266,43
13662,911616,26.407804489135742,31
13663,911616,47.23072814941406,52
13664,911872,42.6776008605957,48
13665,911872,25.922433853149414,31
13666,911872,32.6163215637207,37
13667,911872,34.54123306274414,39
13668,911872,39.564212799072266,44
13669,911872,49.857723236083984,55
13670,911872,30.41191291809082,35
13671,911872,48.78034210205078,54
13672,911872,43.21448516845703,48
13673,911872,32.490150451660156,38
13674,912128,22.7607479095459,28
13675,912128,38.34031295776367,43
13676,912128,34.31182861328125,39
13677,912128,24.345176696777344,30
13678,912384,18.054750442504883,23
13679,912384,43.22802734375,48
13680,912384,24.583553314208984,29
13681,912384,43.0423698425293,48
13682,912384,40.29777526855469,45
13683,912384,23.308990478515625,29
13684,912640,37.446922302246094,42
13685,912640,41.38536834716797,46
13686,912640,37.313209533691406,42
13687,912640,31.9832763671875,37
13688,912640,24.921537399291992,30
13689,912640,53.641510009765625,59
13690,912640,23.662841796875,28
13691,912640,16.02115249633789,21
13692,912640,27.740615844726562,33
13693,912640,20.847070693969727,26
13694,912896,36.46335983276367,41
13695,912896,20.180503845214844,25
13696,912896,36.75117874145508,43
13697,912896,22.018291473388672,27
13698,912896,37.343605041503906,42
13699,913152,54.01615905761719,59
13700,913152,27.948606491088867,33
13701,913152,42.255924224853516,47
13702,913152,18.759477615356445,24
13703,913152,43.13678741455078,48
13704,913152,27.387258529663086,32
13705,913152,29.26919937133789,34
13706,913152,17.116113662719727,22
13707,913152,46.98583984375,53
13708,913152,45.18754577636719,50
13709,913408,22.03564453125,27
13710,913408,56.72201919555664,62
13711,913408,49.185455322265625,54
13712,913408,36.453128814697266,41
13713,913408,43.074058532714844,48
13714,913408,36.87026596069336,42
13715,913408,35.51907730102539,40
13716,913664,45.33914566040039,50
13717,913664,41.3785400390625,46
13718,913664,39.56461715698242,44
13719,913664,28.264667510986328,33
13720,913664,36.31864929199219,41
13721,913664,20.89059829711914,26
13722,913920,24.226625442504883,30
13723,913920,15.161360740661621,20
13724,913920,46.0477180480957,51
13725,914176,30.20270538330078,35
13726,914176,25.98479652404785,31
13727,914176,34.22013473510742,39
13728,914176,47.177093505859375,52
13729,914176,42.33927536010742,47
13730,914432,52.01735305786133,57
13731,914432,29.271549224853516,34
13732,914432,26.067354202270508,31
13733,914432,43.28295135498047,48
13734,914432,42.43565368652344,47
13735,914432,26.77484130859375,32
13736,914432,25.005603790283203,30
13737,914688,48.3007926940918,53
13738,914688,28.160966873168945,33
13739,914688,22.842622756958008,28
13740,914688,37.41240692138672,42
13741,914688,22.127771377563477,27
13742,914688,21.119060516357422,26
13743,914688,62.73883819580078,68
13744,914688,47.002593994140625,52
13745,914688,33.262630462646484,38
13746,914688,26.379474639892578,31
13747,914944,38.25418472290039,43
13748,914944,19.392717361450195,24
13749,914944,35.44460678100586,40
13750,914944,19.0059814453125,24
13751,914944,48.0239372253418,53
13752,914944,22.234670639038086,27
13753,914944,34.39533615112305,39
13754,914944,24.763654708862305,30
13755,915200,33.39675521850586,38
13756,915200,47.24630355834961,52
13757,915200,29.278255462646484,34
13758,915200,48.2121467590332,53
13759,915456,35.48094940185547,40
13760,915456,51.97450637817383,57
13761,915456,50.96767044067383,56
13762,915456,23.25855827331543,29
13763,915456,48.22056579589844,53
13764,915456,28.209314346313477,33
13765,915456,46.45677185058594,51
13766,915456,23.672626495361328,29
13767,915456,24.226604461669922,29
13768,915456,54.86390686035156,60
13769,915456,41.91923522949219,47
13770,915456,30.971477508544922,36
13771,915712,21.393964767456055,26
13772,915712,19.416393280029297,24
13773,915712,18.062881469726562,23
13774,915712,29.798307418823242,35
13775,915712,54.8983268737793,60
13776,915968,47.669700622558594,53
13777,915968,30.60723304748535,35
13778,915968,28.303817749023438,33
13779,915968,48.14556884765625,53
13780,916224,55.03899002075195,60
13781,916224,37.356056213378906,42
13782,916224,54.636112213134766,60
13783,916224,46.15635299682617,53
13784,916224,37.44164276123047,42
13785,916224,35.659629821777344,40
13786,916224,56.25107955932617,61
13787,916480,28.06340980529785,33
13788,916480,43.314693450927734,48
13789,916480,48.981449127197266,54
13790,916480,27.919940948486328,33
13791,916480,29.881319046020508,35
13792,916480,41.44477081298828,46
13793,916480,48.07789611816406,53
13794,916480,50.8551139831543,56
13795,916736,31.503040313720703,36
13796,916736,43.798912048339844,51
13797,916736,16.27972412109375,21
13798,916736,17.093006134033203,22
13799,916736,45.051597595214844,50
13800,916736,30.035249710083008,35
13801,916992,34.183170318603516,39
13802,916992,32.64411163330078,37
13803,917248,40.41770553588867,45
13804,917248,40.17966079711914,45
13805,917248,27.650129318237305,32
13806,917248,38.36313247680664,43
13807,917248,39.38197326660156,44
13808,917248,18.435916900634766,23
13809,917248,26.80415916442871,32
13810,917248,25.951335906982422,31
13811,917248,53.119789123535156,58
13812,917248,30.309328079223633,35
13813,917248,40.172428131103516,45
13814,917504,27.020832061767578,32
13815,917504,25.125154495239258,30
13816,917504,42.20343017578125,47
13817,917504,47.11040496826172,53
13818,917504,20.144084930419922,25
13819,917760,23.272199630737305,28
13820,917760,24.651866912841797,30
13821,917760,18.966386795043945,24
13822,917760,35.125980377197266,40
13823,917760,22.088281631469727,27
13824,917760,46.084564208984375,51
13825,918016,42.377559661865234,47
13826,918016,42.12450408935547,47
13827,918016,42.25531005859375,47
13828,918016,17.264991760253906,22
13829,918016,42.53333282470703,47
13830,918272,23.007524490356445,28
13831,918272,56.94730758666992,62
13832,918272,32.518165588378906,37
13833,918272,39.487548828125,44
13834,918272,42.18609619140625,47
13835,918272,25.651752471923828,30
13836,918272,43.25037384033203,48
13837,918272,43.29403305053711,48
13838,918528,50.796566009521484,56
13839,918784,51.081092834472656,57
13840,918784,25.54189109802246,31
13841,918784,23.78133201599121,29
13842,918784,31.60504150390625,36
13843,918784,32.152076721191406,38
13844,918784,40.03243637084961,45
13845,918784,28.38585662841797,33
13846,918784,35.546791076660156,40
13847,919040,49.796634674072266,55
13848,919040,26.076345443725586,31
13849,919040,37.13130187988281,42
13850,919040,42.56783676147461,47
13851,919040,29.893596649169922,35
13852,919040,38.6246452331543,43
13853,919040,19.780797958374023,25
13854,919040,33.38184356689453,38
13855,919296,37.071746826171875,42
13856,919296,23.420488357543945,29
13857,919296,33.96471405029297,39
13858,919296,21.84303855895996,27
13859,919296,33.61668014526367,38
13860,919296,46.516700744628906,51
13861,919296,43.27960968017578,48
13862,919296,21.205799102783203,26
13863,919296,32.23173141479492,37
13864,919296,34.26390838623047,39
13865,919296,32.38617706298828,37
13866,919296,30.511493682861328,35
13867,919296,37.83012771606445,44
13868,919296,17.202964782714844,22
13869,919296,27.3118839263916,32
13870,919552,27.041934967041016,32
13871,919552,43.31977462768555,48
13872,919552,23.83197784423828,29
13873,919552,41.107177734375,46
13874,919808,17.180253982543945,22
13875,919808,25.467769622802734,31
13876,919808,30.117694854736328,35
13877,919808,27.684297561645508,33
13878,919808,27.092548370361328,32
13879,920064,42.25841522216797,47
13880,920064,17.252580642700195,22
13881,920064,57.74794387817383,63
13882,920064,22.124853134155273,27
13883,920064,43.16323471069336,48
13884,920064,22.619108200073242,28
13885,920064,52.79093933105469,58
13886,920320,36.55130386352539,41
13887,920320,30.68330192565918,35
13888,920320,28.616329193115234,33
13889,920320,36.44950485229492,41
13890,920320,34.708892822265625,39
13891,920320,34.297054290771484,39
13892,920320,35.56350326538086,40
13893,920320,49.12256622314453,54
13894,920320,15.294543266296387,20
13895,920320,34.7209587097168,39
13896,920576,22.871492385864258,28
13897,920576,33.53805923461914,38
13898,920576,39.05271911621094,44
13899,920576,43.51954650878906,48
13900,920832,46.21385955810547,51
13901,920832,37.52659606933594,42
13902,920832,43.2403678894043,48
13903,920832,38.85969924926758,46
13904,920832,31.193078994750977,36
13905,920832,29.211740493774414,34
13906,920832,28.817909240722656,34
13907,921088,28.630456924438477,33
13908,921088,16.188148498535156,21
13909,921088,44.892578125,50
13910,921088,26.161991119384766,31
13911,921088,31.418289184570312,36
13912,921088,38.42438888549805,43
13913,921088,40.46089172363281,45
13914,921344,38.073333740234375,45
13915,921344,38.17262649536133,43
13916,921344,28.590869903564453,34
13917,921344,38.48707962036133,43
13918,921344,43.195518493652344,48
13919,921344,21.152442932128906,26
13920,921344,29.5040283203125,34
13921,921344,21.105669021606445,26
13922,921344,24.441566467285156,29
13923,921600,33.34730529785156,38
13924,921600,39.179588317871094,44
13925,921600,35.436729431152344,40
13926,921600,24.369951248168945,29
13927,921600,36.9666633605957,42
13928,921600,34.695106506347656,39
13929,921600,19.116985321044922,24
13930,921600,42.70710754394531,48
13931,921856,28.926258087158203,34
13932,921856,22.93953514099121,28
13933,922112,19.086387634277344,24
13934,922112,25.219640731811523,30
13935,922112,26.523984909057617,31
13936,922112,48.27733612060547,53
13937,922112,38.430233001708984,43
13938,922112,23.18134307861328,28
13939,922112,35.25835418701172,40
13940,922368,17.96637535095215,23
13941,922368,23.668846130371094,29
13942,922368,35.46331787109375,40
13943,922368,41.907806396484375,47
13944,922368,26.22195053100586,31
13945,922368,29.324602127075195,34
13946,922368,23.990325927734375,29
13947,922624,18.953842163085938,24
13948,922624,22.738353729248047,28
13949,922624,31.09156608581543,36
13950,922624,25.990625381469727,31
13951,922624,47.26539993286133,52
13952,922880,52.93444061279297,58
13953,922880,17.47562599182129,22
13954,922880,33.50608825683594,38
13955,923136,25.75332260131836,30
13956,923136,45.60224533081055,52
13957,923136,34.647743225097656,39
13958,923136,36.439353942871094,42
13959,923136,22.057086944580078,27
13960,923136,41.39894104003906,46
13961,923136,16.116422653198242,21
13962,923392,18.24421501159668,23
13963,923392,18.11595344543457,23
13964,923392,28.91016387939453,34
13965,923392,37.48759841918945,42
13966,923392,38.533634185791016,43
13967,923392,25.893878936767578,31
13968,923392,37.38905715942383,42
13969,923392,36.70269775390625,42
13970,923392,28.597957611083984,33
13971,923648,26.60235595703125,32
13972,923648,31.163110733032227,36
13973,923648,23.02679443359375,28
13974,923648,36.13005828857422,41
13975,923648,37.68680191040039,42
13976,923648,45.06330108642578,50
13977,923648,43.322566986083984,48
13978,923648,41.44850158691406,46
13979,923648,44.14230728149414,49
13980,923648,44.1901741027832,49
13981,923904,30.334667205810547,35
13982,923904,48.34759521484375,54
13983,923904,15.31112289428711,20
13984,924160,15.251121520996094,20
13985,924160,23.889745712280273,29
13986,924160,36.507694244384766,41
13987,924160,50.11924362182617,55
13988,924160,24.730270385742188,29
13989,924160,43.28946304321289,48
13990,924160,21.999710083007812,27
13991,924416,36.972652435302734,42
13992,924416,27.50056266784668,32
13993,924416,15.248695373535156,20
13994,924416,26.230039596557617,31
13995,924416,39.58364486694336,44
13996,924416,46.04841232299805,51
13997,924416,36.139892578125,41
13998,924672,22.05937385559082,27
13999,924672,30.94150733947754,36
14000,924672,45.288143157958984,50
14001,924672,47.09467315673828,52
14002,924672,26.52521324157715,32
14003,924672,36.48250198364258,41
14004,924672,49.37954330444336,54
14005,924928,44.21664047241211,49
14006,924928,24.53191566467285,30
14007,924928,53.7845573425293,59
14008,924928,35.24821090698242,40
14009,924928,41.420570373535156,46
14010,924928,33.61283874511719,38
14011,924928,33.814151763916016,39
14012,925184,51.251617431640625,56
14013,925184,35.97860336303711,41
14014,925184,43.27286148071289,48
14015,925184,30.705549240112305,35
14016,925184,32.48501205444336,37
14017,925184,38.097007751464844,43
14018,925184,27.21900749206543,32
14019,925184,24.06369400024414,29
14020,925440,37.56525421142578,42
14021,925440,17.4007568359375,22
14022,925440,46.10298538208008,51
14023,925440,42.48967742919922,47
14024,925440,30.27898406982422,35
14025,925440,42.348106384277344,47
14026,925440,38.522438049316406,43
14027,925440,26.53660774230957,31
14028,925440,45.1596794128418,50
14029,925696,21.211673736572266,26
14030,925696,26.648283004760742,31
14031,925696,39.34937286376953,44
14032,925696,18.07645034790039,23
14033,925696,37.15971755981445,42
14034,925696,38.35706329345703,43
14035,925696,33.53237533569336,38
14036,925952,21.930864334106445,27
14037,925952,28.860572814941406,34
14038,925952,34.347408294677734,39
14039,925952,17.422714233398438,22
14040,925952,40.31591033935547,45
14041,925952,30.640628814697266,36
14042,925952,46.33534240722656,51
14043,925952,21.734949111938477,27
14044,925952,42.37923049926758,47
14045,925952,29.461559295654297,34
14046,925952,25.164783477783203,30
14047,926208,22.75347328186035,28
14048,926208,18.892894744873047,24
14049,926208,22.823318481445312,28
14050,926208,26.33687400817871,31
14051,926208,30.066612243652344,35
14052,926208,36.54496383666992,41
14053,926208,29.421829223632812,35
14054,926208,48.32102966308594,53
14055,926208,32.45298385620117,37
14056,926208,46.092933654785156,51
14057,926464,35.479644775390625,40
14058,926464,48.25739288330078,53
14059,926720,47.054542541503906,52
14060,926720,26.236366271972656,31
14061,926720,46.2510986328125,51
14062,926720,24.479339599609375,29
14063,926720,40.4222297668457,45
14064,926720,25.942445755004883,31
14065,926720,24.279590606689453,29
14066,926720,19.1981258392334,24
14067,926976,31.52768325805664,36
14068,926976,40.336814880371094,45
14069,926976,29.16057777404785,34
14070,926976,47.35002136230469,53
14071,926976,21.06505012512207,26
14072,926976,47.11260223388672,52
14073,926976,27.59953498840332,32
14074,927232,41.2503776550293,46
14075,927232,30.370182037353516,35
14076,927232,22.305145263671875,28
14077,927232,38.086299896240234,43
14078,927232,55.08626174926758,60
14079,927232,27.584442138671875,32
14080,927232,33.28667449951172,38
14081,927488,27.288145065307617,32
14082,927488,32.578548431396484,37
14083,927488,27.299880981445312,32
14084,927488,40.19267272949219,45
14085,927488,27.37874984741211,32
14086,927488,27.578338623046875,32
14087,927488,26.334840774536133,31
14088,927744,45.056907653808594,50
14089,927744,52.261539459228516,57
14090,927744,28.297977447509766,33
14091,927744,37.281005859375,44
14092,927744,42.285335540771484,47
14093,927744,21.507938385009766,26
14094,928000,19.715290069580078,25
14095,928000,41.395423889160156,46
14096,928000,18.34667205810547,23
14097,928000,44.26347732543945,49
14098,928256,21.271692276000977,26
14099,928256,28.766738891601562,33
14100,928256,25.28247833251953,30
14101,928256,15.430047988891602,20
14102,928256,28.434396743774414,33
14103,928256,21.393489837646484,26
14104,928256,33.64105224609375,38
14105,928512,25.403915405273438,30
14106,928512,16.24376678466797,21
14107,928512,26.578542709350586,32
14108,928512,44.944488525390625,50
14109,928512,41.36894989013672,46
14110,928512,54.31698226928711,59
14111,928768,31.82596778869629,37
14112,928768,16.33720588684082,21
14113,928768,37.384098052978516,42
14114,928768,24.117395401000977,29
14115,928768,37.62069320678711,42
14116,928768,42.25385665893555,47
14117,929024,30.310550689697266,35
14118,929024,34.37235641479492,39
14119,929024,35.3525276184082,40
14120,929024,20.640329360961914,26
14121,929024,41.22631072998047,46
14122,929024,38.33180236816406,43
14123,929024,29.473934173583984,34
14124,929024,40.52473068237305,45
14125,929024,37.5898551940918,42
14126,929024,33.520816802978516,38
14127,929280,49.13601303100586,54
14128,929280,42.23579406738281,47
14129,929280,49.07270812988281,54
14130,929280,43.3150749206543,48
14131,929280,50.03326416015625,55
14132,929536,43.3870964050293,48
14133,929536,37.532962799072266,42
14134,929536,18.182872772216797,23
14135,929536,46.232444763183594,51
14136,929536,52.500728607177734,58
14137,929536,29.369598388671875,34
14138,929536,24.162689208984375,29
14139,929792,27.07425880432129,32
14140,929792,28.020090103149414,33
14141,929792,24.671998977661133,30
14142,929792,28.289323806762695,33
14143,929792,30.106727600097656,35
14144,929792,22.001914978027344,27
14145,929792,24.453166961669922,29
14146,930048,21.234920501708984,26
14147,930048,33.46633529663086,38
14148,930048,24.492965698242188,29
14149,930304,28.48734474182129,34
14150,930304,53.0169677734375,58
14151,930304,33.472816467285156,38
14152,930304,43.27167892456055,48
14153,930304,42.327083587646484,47
14154,930560,31.1677188873291,36
14155,930560,32.64149475097656,37
14156,930816,36.294761657714844,41
14157,930816,29.595056533813477,34
14158,930816,32.50523376464844,37
14159,930816,24.325777053833008,29
14160,930816,24.975059509277344,30
14161,931072,28.656335830688477,34
14162,931072,18.25827407836914,23
14163,931072,25.711660385131836,30
14164,931072,24.300792694091797,29
14165,931072,21.853384017944336,27
14166,931072,40.626834869384766,45
14167,931072,37.96036911010742,43
14168,931072,41.49112319946289,46
14169,931072,19.186325073242188,24
14170,931328,25.208829879760742,30
14171,931328,25.3192138671875,30
14172,931328,33.51148986816406,38
14173,931328,48.31062698364258,53
14174,931328,24.474916458129883,29
14175,931328,20.127483367919922,25
14176,931328,35.68076705932617,40
14177,931328,25.57256317138672,30
14178,931328,38.30180358886719,43
14179,931328,36.2140007019043,41
14180,931328,13.330963134765625,18
14181,931584,31.58700942993164,36
14182,931584,24.267841339111328,29
14183,931584,34.338138580322266,40
14184,931584,31.35297966003418,36
14185,931584,46.6624870300293,52
14186,931584,23.71568489074707,29
14187,931584,38.515254974365234,43
14188,931584,36.64485168457031,41
14189,931840,22.587003707885742,27
14190,931840,35.62211990356445,40
14191,931840,41.26988983154297,46
14192,931840,18.99294662475586,24
14193,931840,20.173242568969727,25
14194,931840,32.42642593383789,37
14195,931840,52.06157302856445,57
14196,931840,40.28691864013672,45
14197,932096,44.02878952026367,49
14198,932096,24.50041961669922,29
14199,932096,39.00362777709961,44
14200,932096,20.791141510009766,26
14201,932096,32.583580017089844,37
14202,932096,47.18067169189453,52
14203,932096,57.01509094238281,62
14204,932096,36.41056823730469,42
14205,932352,29.507661819458008,34
14206,932352,20.532621383666992,25
14207,932352,35.61677932739258,40
14208,932352,42.115623474121094,47
14209,932352,26.048351287841797,31
14210,932352,24.684310913085938,30
14211,932352,33.559837341308594,38
14212,932352,35.281593322753906,40
14213,932352,46.23451232910156,51
14214,932352,31.49155616760254,36
14215,932352,48.02692794799805,53
14216,932608,39.449180603027344,44
14217,932608,40.33552169799805,45
14218,932608,17.14901351928711,22
14219,932608,35.443275451660156,40
14220,932864,48.30195999145508,53
14221,932864,41.14273452758789,46
14222,932864,18.514497756958008,23
14223,932864,45.2541618347168,50
14224,932864,42.39285659790039,47
14225,932864,24.11810874938965,29
14226,933120,26.003231048583984,31
14227,933120,41.227577209472656,46
14228,933120,26.16522979736328,31
14229,933120,30.425472259521484,35
14230,933120,33.477020263671875,38
14231,933376,37.179527282714844,42
14232,933376,46.95712661743164,52
14233,933376,53.16370391845703,59
14234,933376,18.489938735961914,23
14235,933376,18.2731876373291,23
14236,933376,46.18002700805664,51
14237,933376,37.36817932128906,42
14238,933376,21.097980499267578,26
14239,933376,19.26108169555664,24
14240,933632,31.707448959350586,36
14241,933632,34.38950729370117,39
14242,933632,41.41343688964844,46
14243,933632,28.254453659057617,33
14244,933632,50.94244384765625,56
14245,933632,50.17155838012695,55
14246,933632,24.672582626342773,29
14247,933888,32.53115463256836,38
14248,933888,37.14495849609375,42
14249,933888,38.583675384521484,43
14250,933888,35.1163444519043,40
14251,933888,27.594135284423828,32
14252,933888,28.56809425354004,33
14253,933888,32.66387939453125,37
14254,933888,31.44754981994629,36
14255,934144,27.615341186523438,32
14256,934144,22.933273315429688,28
14257,934144,42.2695426940918,47
14258,934144,45.88999557495117,51
14259,934144,20.033578872680664,25
14260,934144,20.304231643676758,25
14261,934144,34.5634651184082,39
14262,934144,36.336753845214844,41
14263,934144,26.61290168762207,31
14264,934400,38.45790100097656,43
14265,934400,35.15062713623047,40
14266,934400,26.42184066772461,32
14267,934400,27.588619232177734,32
14268,934400,16.023178100585938,21
14269,934656,52.8604850769043,58
14270,934656,35.35025405883789,40
14271,934656,28.810508728027344,33
14272,934656,37.54808044433594,42
14273,934912,21.00003433227539,26
14274,934912,28.20432472229004,34
14275,934912,35.37702941894531,40
14276,934912,34.098506927490234,39
14277,934912,47.40379333496094,52
14278,934912,50.024478912353516,55
14279,934912,42.37918472290039,47
14280,934912,28.58000946044922,33
14281,934912,19.261398315429688,24
14282,934912,25.17616844177246,30
14283,935168,39.44316482543945,44
14284,935168,40.455047607421875,45
14285,935168,23.328479766845703,28
14286,935168,40.67951965332031,46
14287,935168,27.52338981628418,32
14288,935168,32.4453125,37
14289,935168,32.336448669433594,37
14290,935424,26.97842788696289,32
14291,935424,33.567657470703125,38
14292,935424,32.37958908081055,37
14293,935424,34.53229904174805,39
14294,935424,43.51737594604492,48
14295,935424,42.406280517578125,47
14296,935424,58.04291915893555,63
14297,935424,43.17106246948242,48
14298,935680,23.758453369140625,29
14299,935680,33.318302154541016,38
14300,935680,49.06624984741211,54
14301,935680,33.23874282836914,38
14302,935680,17.568843841552734,22
14303,935680,21.171905517578125,26
14304,935936,30.464365005493164,35
14305,935936,34.98424530029297,40
14306,935936,18.219451904296875,23
14307,935936,23.192012786865234,28
14308,935936,21.583250045776367,26
14309,936192,35.481929779052734,40
14310,936192,37.600669860839844,42
14311,936192,20.405750274658203,25
14312,936192,21.239213943481445,26
14313,936192,35.75540542602539,40
14314,936192,22.336456298828125,27
14315,936192,45.13515090942383,50
14316,936192,31.630910873413086,36
14317,936192,22.75798797607422,27
14318,936192,41.23637390136719,46
14319,936448,31.72635269165039,36
14320,936448,31.29762840270996,36
14321,936448,36.58295822143555,41
14322,936448,25.40587043762207,30
14323,936448,31.69107437133789,36
14324,936448,21.5456485748291,26
14325,936448,15.214530944824219,20
14326,936448,28.167051315307617,34
14327,936448,21.325716018676758,26
14328,936448,22.187393188476562,27
14329,936448,42.24578094482422,47
14330,936448,20.257888793945312,25
14331,936448,25.928083419799805,31
14332,936704,36.5581169128418,41
14333,936704,40.625118255615234,45
14334,936704,32.592796325683594,37
14335,936704,42.331180572509766,47
14336,936704,27.428159713745117,32
14337,936704,23.278791427612305,28
14338,936704,25.708221435546875,30
14339,936704,24.06024742126465,29
14340,936704,39.264408111572266,44
14341,936704,37.386146545410156,42
14342,936704,33.59640121459961,38
14343,936704,40.38492202758789,45
14344,936960,26.017955780029297,31
14345,936960,30.524986267089844,35
14346,936960,30.393590927124023,35
14347,936960,31.48458480834961,36
14348,937216,14.542668342590332,19
14349,937216,21.396020889282227,26
14350,937216,37.487510681152344,42
14351,937472,44.435997009277344,49
14352,937472,21.526418685913086,26
14353,937472,34.199161529541016,39
14354,937472,36.67564392089844,42
14355,937472,37.504058837890625,42
14356,937472,44.09381866455078,49
14357,937472,44.718875885009766,50
14358,937728,40.10752868652344,45
14359,937728,41.377357482910156,46
14360,937728,29.582778930664062,34
14361,937728,18.101184844970703,23
14362,937728,20.47249412536621,25
14363,937728,24.637187957763672,29
14364,937728,44.187198638916016,49
14365,937984,41.25757598876953,46
14366,937984,31.355998992919922,36
14367,937984,28.76171112060547,33
14368,937984,36.53124237060547,41
14369,937984,44.25818634033203,49
14370,937984,35.12961959838867,40
14371,937984,36.460330963134766,41
14372,937984,17.262893676757812,22
14373,938240,29.763097763061523,34
14374,938240,18.983280181884766,24
14375,938240,22.33220100402832,27
14376,938240,19.308185577392578,24
14377,938240,46.23257827758789,51
14378,938240,40.3341064453125,45
14379,938496,35.489967346191406,40
14380,938496,20.169696807861328,25
14381,938496,21.903743743896484,27
14382,938496,20.643306732177734,25
14383,938496,35.487449645996094,40
14384,938496,35.350799560546875,40
14385,938496,35.43162536621094,40
14386,938496,16.164865493774414,21
14387,938496,34.04167556762695,39
14388,938496,34.33768844604492,39
14389,938496,45.289554595947266,50
14390,938752,36.1915283203125,41
14391,938752,32.678367614746094,37
14392,938752,23.159971237182617,28
14393,938752,42.31364440917969,47
14394,938752,30.647682189941406,35
14395,938752,45.210716247558594,50
14396,938752,50.02490234375,55
14397,938752,13.403742790222168,18
14398,938752,18.96173858642578,24
14399,938752,35.350948333740234,40
14400,939008,31.715608596801758,36
14401,939008,22.183059692382812,27
14402,939008,52.246097564697266,57
14403,939008,34.38111114501953,39
14404,939008,26.13361358642578,31
14405,939008,26.006755828857422,31
14406,939264,51.23241424560547,56
14407,939264,25.491924285888672,30
14408,939264,24.133203506469727,29
14409,939264,31.791019439697266,37
14410,939264,44.121273040771484,49
14411,939264,30.702943801879883,35
14412,939264,24.59794807434082,29
14413,939264,33.5543212890625,38
14414,939264,16.405424118041992,21
14415,939264,35.461814880371094,40
14416,939520,34.55088806152344,39
14417,939520,25.602577209472656,30
14418,939520,21.6608943939209,26
14419,939520,35.732242584228516,41
14420,939520,30.797893524169922,36
14421,939520,38.382530212402344,43
14422,939520,45.318119049072266,50
14423,939520,28.216100692749023,33
14424,939520,17.93254852294922,23
14425,939520,27.663166046142578,32
14426,939520,42.2036247253418,47
14427,939520,18.5872859954834,23
14428,939520,30.025833129882812,35
14429,939776,30.734426498413086,35
14430,939776,24.68289566040039,29
14431,939776,24.18830108642578,29
14432,939776,48.18954086303711,53
14433,939776,27.771991729736328,32
14434,940032,26.68546485900879,32
14435,940032,30.503007888793945,35
14436,940032,39.373451232910156,44
14437,940032,19.016407012939453,24
14438,940032,27.548677444458008,32
14439,940288,34.5045280456543,39
14440,940288,19.127670288085938,24
14441,940288,39.5899658203125,44
14442,940544,19.988264083862305,25
14443,940544,45.21488952636719,50
14444,940544,33.21031188964844,38
14445,940544,44.37360382080078,49
14446,940544,31.652751922607422,36
14447,940544,31.2694149017334,36
14448,940544,33.678932189941406,38
14449,940544,28.282150268554688,33
14450,940800,20.295185089111328,25
14451,940800,26.32740592956543,32
14452,940800,17.14925765991211,22
14453,940800,24.32693862915039,29
14454,940800,24.484880447387695,29
14455,941056,23.375865936279297,28
14456,941056,24.930070877075195,30
14457,941056,21.33176612854004,26
14458,941056,22.550745010375977,27
14459,941056,18.30526351928711,23
14460,941056,33.57632827758789,38
14461,941056,19.252412796020508,24
14462,941312,32.48896408081055,37
14463,941312,49.18307113647461,54
14464,941312,34.360565185546875,39
14465,941312,35.434906005859375,40
14466,941312,24.314430236816406,29
14467,941312,29.55478858947754,35
14468,941312,33.54384231567383,38
14469,941312,21.213945388793945,26
14470,941312,31.259836196899414,36
14471,941568,28.0705509185791,33
14472,941568,31.317758560180664,36
14473,941568,28.60753631591797,33
14474,941568,35.326446533203125,40
14475,941568,21.297042846679688,26
14476,941568,29.650989532470703,34
14477,941568,26.06383514404297,31
14478,941568,19.35053062438965,24
14479,941568,34.03458786010742,39
14480,941824,28.752429962158203,33
14481,941824,20.228239059448242,25
14482,941824,22.313087463378906,27
14483,941824,27.466876983642578,32
14484,941824,32.49274444580078,37
14485,941824,36.95079803466797,42
14486,941824,18.89900779724121,24
14487,942080,43.20405578613281,48
14488,942080,18.17018699645996,23
14489,942080,18.120378494262695,23
14490,942080,31.536170959472656,36
14491,942080,28.781747817993164,34
14492,942080,58.81494903564453,65
14493,942080,29.43869400024414,34
14494,942080,17.216259002685547,22
14495,942336,24.335811614990234,29
14496,942336,37.509666442871094,42
14497,942336,17.0903263092041,22
14498,942336,39.595890045166016,44
14499,942336,27.23581314086914,32
14500,942336,27.288721084594727,32
14501,942592,35.642215728759766,40
14502,942592,36.447959899902344,41
14503,942592,30.389225006103516,35
14504,942592,34.25040817260742,39
14505,942592,27.265384674072266,32
14506,942592,32.551124572753906,37
14507,942592,43.383140563964844,48
14508,942848,36.618343353271484,41
14509,942848,50.38313674926758,55
14510,942848,21.146484375,26
14511,942848,40.231651306152344,45
14512,943104,20.671003341674805,25
14513,943104,40.44569396972656,45
14514,943104,22.627925872802734,27
14515,943104,20.035362243652344,25
14516,943360,36.088653564453125,41
14517,943360,21.958091735839844,27
14518,943360,32.43341827392578,37
14519,943360,42.450286865234375,47
14520,943360,36.07551193237305,41
14521,943360,24.05417251586914,29
14522,943360,24.31821632385254,29
14523,943360,29.0353946685791,34
14524,943360,25.906452178955078,31
14525,943360,21.25174903869629,26
14526,943616,30.417985916137695,35
14527,943616,35.442779541015625,40
14528,943616,25.32556915283203,30
14529,943616,45.41667938232422,50
14530,943616,17.04317283630371,22
14531,943616,30.794342041015625,35
14532,943616,22.912338256835938,28
14533,943616,18.205097198486328,23
14534,943616,44.4771728515625,49
14535,943872,19.959705352783203,25
14536,943872,28.957931518554688,34
14537,943872,29.70868682861328,34
14538,943872,40.46634292602539,45
14539,943872,23.162601470947266,28
14540,943872,30.366247177124023,35
14541,944128,21.168476104736328,26
14542,944128,16.128721237182617,21
14543,944128,26.963483810424805,32
14544,944128,54.45927810668945,59
14545,944128,28.588523864746094,33
14546,944128,40.344940185546875,45
14547,944128,24.423044204711914,29
14548,944128,34.0469856262207,39
14549,944384,27.680103302001953,32
14550,944384,28.851741790771484,34
14551,944384,32.57756423950195,37
14552,944384,18.377641677856445,23
14553,944640,36.388763427734375,41
14554,944640,43.24083709716797,48
14555,944640,40.36061096191406,45
14556,944640,26.389822006225586,32
14557,944896,38.252986907958984,43
14558,944896,27.49932861328125,32
14559,944896,32.50659942626953,37
14560,944896,16.230932235717773,21
14561,945152,18.397193908691406,23
14562,945152,47.15046310424805,52
14563,945152,23.150676727294922,28
14564,945152,15.4899263381958,20
14565,945152,24.353439331054688,30
14566,945152,41.403621673583984,46
14567,945152,28.461645126342773,33
14568,945152,30.803543090820312,35
14569,945152,26.01552963256836,31
14570,945152,19.265655517578125,24
14571,945152,27.039289474487305,32
14572,945152,39.39057540893555,44
14573,945408,44.30939483642578,49
14574,945408,39.6505126953125,44
14575,945408,41.38560485839844,46
14576,945408,30.585660934448242,35
14577,945408,38.35235595703125,43
14578,945408,42.291629791259766,47
14579,945408,23.125974655151367,28
14580,945408,19.946853637695312,25
14581,945664,39.06210708618164,44
14582,945664,31.492572784423828,36
14583,945664,22.458539962768555,27
14584,945664,13.44815444946289,18
14585,945664,17.039138793945312,22
14586,945664,33.5335693359375,38
14587,945664,36.298370361328125,41
14588,945920,38.32905197143555,43
14589,945920,52.874637603759766,58
14590,945920,14.398505210876465,19
14591,945920,22.292142868041992,28
14592,945920,37.344154357910156,42
14593,945920,32.62383270263672,37
14594,945920,27.797664642333984,33
14595,945920,42.19344711303711,47
14596,945920,23.325485229492188,28
14597,946176,21.33074188232422,26
14598,946176,36.56429672241211,41
14599,946176,21.79768180847168,27
14600,946176,27.60692596435547,32
14601,946176,23.064664840698242,28
14602,946176,33.607635498046875,38
14603,946176,21.137826919555664,26
14604,946176,29.583969116210938,34
14605,946176,30.648853302001953,35
14606,946176,25.617420196533203,30
14607,946432,20.708669662475586,26
14608,946432,25.21524429321289,30
14609,946432,40.335079193115234,45
14610,946432,18.6171932220459,23
14611,946432,21.45431900024414,26
14612,946432,33.690818786621094,38
14613,946432,28.182260513305664,33
14614,946432,22.943572998046875,28
14615,946688,19.242712020874023,24
14616,946688,24.377553939819336,29
14617,946688,23.002483367919922,28
14618,946688,31.034496307373047,36
14619,946688,27.70688247680664,32
14620,946688,35.70528793334961,40
14621,946688,30.09976577758789,35
14622,946688,40.15325164794922,45
14623,946688,39.39450454711914,44
14624,946688,23.97607421875,29
14625,946688,33.582496643066406,38
14626,946688,22.33077049255371,27
14627,946688,28.597415924072266,33
14628,946944,36.59555435180664,41
14629,946944,28.473804473876953,33
14630,946944,20.221942901611328,25
14631,946944,34.24004364013672,39
14632,946944,34.493404388427734,39
14633,946944,18.00817108154297,23
14634,946944,47.235321044921875,52
14635,947200,36.38901901245117,41
14636,947200,31.571260452270508,36
14637,947200,40.497676849365234,45
14638,947200,22.144468307495117,27
14639,947200,41.502235412597656,46
14640,947456,26.714250564575195,31
14641,947456,44.398590087890625,49
14642,947456,19.39267349243164,24
14643,947456,39.50535202026367,44
14644,947456,31.482879638671875,36
14645,947456,21.241853713989258,26
14646,947456,16.38722038269043,21
14647,947456,39.22731399536133,44
14648,947456,26.5894775390625,31
14649,947456,22.207984924316406,27
14650,947456,30.550996780395508,35
14651,947456,39.55060577392578,44
14652,947712,36.32164001464844,41
14653,947712,38.42311096191406,43
14654,947712,43.42948913574219,48
14655,947712,21.12908363342285,26
14656,947712,42.384159088134766,47
14657,947968,31.481964111328125,36
14658,947968,23.770605087280273,28
14659,947968,34.2164192199707,40
14660,947968,18.10614585876465,23
14661,947968,20.41140365600586,25
14662,947968,46.07603073120117,51
14663,947968,31.387466430664062,37
14664,947968,35.650203704833984,40
14665,947968,29.603229522705078,34
14666,948224,33.11787033081055,38
14667,948224,19.359018325805664,24
14668,948224,34.13096237182617,39
14669,948224,21.39242935180664,26
14670,948224,26.238983154296875,31
14671,948224,23.343795776367188,28
14672,948480,14.313505172729492,19
14673,948480,23.003520965576172,28
14674,948480,31.457202911376953,36
14675,948480,42.26868438720703,47
14676,948480,30.2532901763916,35
14677,948480,23.549949645996094,28
14678,948480,36.681949615478516,42
14679,948480,30.234949111938477,35
14680,948736,14.492481231689453,19
14681,948736,26.8350887298584,32
14682,948736,32.99987030029297,38
14683,948736,34.53459548950195,39
14684,948736,31.536006927490234,36
14685,948736,33.882022857666016,40
14686,948736,32.74300765991211,37
14687,948736,32.40272903442383,37
14688,948992,23.410404205322266,28
14689,948992,38.45075988769531,43
14690,948992,20.588754653930664,25
14691,948992,44.14100646972656,49
14692,948992,43.211769104003906,48
14693,948992,32.554988861083984,37
14694,948992,21.01556396484375,26
14695,948992,37.34364700317383,42
14696,948992,39.732749938964844,44
14697,948992,35.65297317504883,40
14698,948992,22.548444747924805,27
14699,948992,15.47227668762207,20
14700,948992,30.458341598510742,35
14701,949248,32.54924774169922,37
14702,949248,16.996170043945312,22
14703,949248,39.456634521484375,44
14704,949248,48.88509750366211,54
14705,949504,47.51586151123047,52
14706,949760,47.237056732177734,52
14707,949760,38.517459869384766,43
14708,949760,39.1973876953125,44
14709,949760,16.19576644897461,21
14710,949760,18.998628616333008,24
14711,949760,37.47275161743164,42
14712,949760,20.294878005981445,25
14713,950016,29.645023345947266,34
14714,950016,32.63542938232422,37
14715,950016,40.10335922241211,45
14716,950272,40.488075256347656,45
14717,950272,22.280437469482422,27
14718,950272,38.60408020019531,43
14719,950272,20.327638626098633,25
14720,950272,25.892562866210938,30
14721,950272,32.65182876586914,37
14722,950272,31.589784622192383,36
14723,950272,42.44404983520508,47
14724,950528,19.29279327392578,24
14725,950528,36.63976287841797,41
14726,950528,31.704360961914062,36
14727,950528,30.644683837890625,35
14728,950528,26.48666000366211,31
14729,950528,25.52712631225586,30
14730,950528,23.612468719482422,28
14731,950784,30.10144805908203,35
14732,950784,24.07978057861328,29
14733,950784,29.7849178314209,34
14734,950784,45.30837631225586,50
14735,950784,30.678617477416992,35
14736,950784,46.121707916259766,51
14737,950784,39.40692138671875,44
14738,951040,25.259899139404297,30
14739,951040,32.424964904785156,37
14740,951040,24.104841232299805,29
14741,951040,16.3104248046875,21
14742,951040,18.268169403076172,23
14743,951040,22.682247161865234,27
14744,951040,48.03524398803711,53
14745,951040,25.38225555419922,30
14746,951296,27.118188858032227,32
14747,951296,16.345701217651367,21
14748,951296,19.52812385559082,24
14749,951296,34.48393630981445,39
14750,951296,29.631526947021484,34
14751,951296,33.57010269165039,38
14752,951296,38.27736282348633,43
14753,951296,24.88582992553711,30
14754,951296,37.48166275024414,42
14755,951296,33.381507873535156,38
14756,951296,23.472074508666992,28
14757,951296,29.373809814453125,34
14758,951296,45.234458923339844,50
14759,951552,19.29125213623047,24
14760,951552,33.37498474121094,38
14761,951552,24.405872344970703,29
14762,951552,41.444496154785156,46
14763,951552,24.30349349975586,29
14764,951552,31.53530502319336,36
14765,951552,35.58810806274414,40
14766,951552,40.21546936035156,45
14767,951808,29.729175567626953,34
14768,951808,25.34383201599121,30
14769,951808,32.32912063598633,37
14770,951808,33.64268112182617,38
14771,951808,38.21590042114258,43
14772,951808,44.952274322509766,50
14773,951808,18.984132766723633,24
14774,951808,37.26986312866211,42
14775,952064,16.240230560302734,21
14776,952064,35.517662048339844,40
14777,952064,27.479782104492188,32
14778,952320,41.19733428955078,46
14779,952320,16.126901626586914,21
14780,952320,19.050893783569336,24
14781,952320,23.494415283203125,28
14782,952320,27.228485107421875,32
14783,952320,17.04167366027832,22
14784,952320,21.580265045166016,26
14785,952320,38.42905807495117,43
14786,952576,38.44593811035156,43
14787,952576,26.585357666015625,31
14788,952576,33.313560485839844,38
14789,952832,29.829069137573242,34
14790,952832,19.616605758666992,25
14791,952832,47.31479263305664,52
14792,952832,38.495079040527344,43
14793,952832,32.993614196777344,38
14794,952832,40.26578140258789,45
14795,952832,21.17819595336914,26
14796,953088,23.48650550842285,28
14797,953088,19.3604736328125,24
14798,953088,17.238475799560547,22
14799,953088,28.796005249023438,34
14800,953088,23.594701766967773,28
14801,953088,33.730281829833984,38
14802,953088,43.51943588256836,48
14803,953088,38.46028137207031,43
14804,953088,36.30192565917969,41
14805,953344,36.3701286315918,41
14806,953344,35.40763854980469,40
14807,953344,33.490623474121094,38
14808,953344,22.630325317382812,28
14809,953344,34.40079879760742,39
14810,953344,25.774160385131836,30
14811,953344,39.26570510864258,44
14812,953344,34.55767059326172,39
14813,953344,21.830265045166016,27
14814,953344,29.362634658813477,34
14815,953600,29.63121795654297,34
14816,953600,22.01987075805664,27
14817,953600,28.486778259277344,33
14818,953600,21.034086227416992,26
14819,953600,41.42057800292969,46
14820,953600,23.3660945892334,28
14821,953600,29.42522621154785,34
14822,953600,42.137718200683594,47
14823,953856,22.695560455322266,27
14824,953856,28.263256072998047,33
14825,953856,24.478586196899414,29
14826,953856,26.91640281677246,32
14827,953856,29.46150016784668,34
14828,953856,19.23719596862793,24
14829,953856,18.229352951049805,23
14830,953856,43.42622756958008,48
14831,953856,21.324176788330078,26
14832,953856,17.601839065551758,22
14833,953856,51.338321685791016,56
14834,953856,29.414073944091797,34
14835,953856,28.452022552490234,33
14836,953856,25.689266204833984,30
14837,953856,35.21703338623047,40
14838,954112,23.155872344970703,28
14839,954112,23.872928619384766,29
14840,954112,41.432281494140625,46
14841,954112,25.756982803344727,30
14842,954112,35.44020462036133,40
14843,954112,19.18986701965332,24
14844,954368,27.01541519165039,32
14845,954368,42.20947265625,47
14846,954368,26.82543182373047,32
14847,954368,17.433212280273438,22
14848,954368,17.315818786621094,22
14849,954368,26.079063415527344,31
14850,954368,21.62982749938965,26
14851,954368,25.78169822692871,30
14852,954624,40.359336853027344,46
14853,954624,16.49627685546875,21
14854,954624,23.144750595092773,28
14855,954624,18.48229217529297,23
14856,954624,26.077470779418945,31
14857,954880,43.17508316040039,48
14858,954880,28.54505157470703,33
14859,954880,15.263862609863281,20
14860,954880,20.851652145385742,26
14861,954880,33.52151870727539,38
14862,954880,21.906782150268555,26
14863,954880,22.328088760375977,27
14864,955136,30.651508331298828,35
14865,955136,35.57712173461914,40
14866,955136,34.57298278808594,39
14867,955136,38.3282470703125,43
14868,955136,16.29071807861328,21
14869,955136,31.638978958129883,36
14870,955136,22.63039207458496,27
14871,955136,37.351593017578125,42
14872,955392,29.46912956237793,34
14873,955392,34.43242263793945,39
14874,955392,20.17196273803711,25
14875,955392,33.70570373535156,38
14876,955392,41.57297134399414,46
14877,955392,29.698123931884766,34
14878,955392,29.532468795776367,34
14879,955392,34.54011535644531,39
14880,955648,30.253639221191406,35
14881,955648,24.88918685913086,30
14882,955648,33.29787063598633,38
14883,955648,27.12346076965332,32
14884,955648,24.699995040893555,29
14885,955648,29.240325927734375,34
14886,955648,29.388681411743164,35
14887,955648,32.664817810058594,37
14888,955904,32.65387725830078,37
14889,955904,22.5527286529541,27
14890,955904,37.428951263427734,44
14891,955904,21.387134552001953,26
14892,956160,37.57969284057617,42
14893,956160,15.366106033325195,20
14894,956160,38.25054168701172,43
14895,956160,23.680631637573242,28
14896,956160,37.39812088012695,42
14897,956160,29.733444213867188,34
14898,956160,38.375205993652344,43
14899,956160,45.46487808227539,50
14900,956160,34.49200439453125,39
14901,956416,36.98670196533203,42
14902,956416,15.31761646270752,20
14903,956416,20.357402801513672,25
14904,956416,24.617599487304688,29
14905,956416,20.87908935546875,26
14906,956416,18.84861183166504,24
14907,956416,45.096736907958984,50
14908,956416,31.332828521728516,36
14909,956672,19.252134323120117,24
14910,956672,27.539531707763672,32
14911,956672,25.669769287109375,30
14912,956672,37.47933578491211,42
14913,956928,32.54096603393555,37
14914,956928,18.291555404663086,23
14915,956928,41.39952850341797,46
14916,956928,20.82155990600586,25
14917,956928,32.695838928222656,37
14918,956928,16.011423110961914,21
14919,956928,43.40916442871094,48
14920,956928,33.68400192260742,38
14921,957184,39.36530303955078,44
14922,957184,47.173431396484375,52
14923,957184,33.123958587646484,38
14924,957184,23.127761840820312,28
14925,957184,20.126821517944336,25
14926,957184,38.414451599121094,43
14927,957184,18.731401443481445,24
14928,957440,19.116697311401367,24
14929,957440,43.08934020996094,48
14930,957440,33.651451110839844,38
14931,957440,37.470802307128906,42
14932,957440,22.5417423248291,27
14933,957440,15.29611587524414,20
14934,957440,44.654388427734375,49
14935,957440,32.35329818725586,37
14936,957440,18.036212921142578,23
14937,957440,53.99198913574219,59
14938,957440,35.40673828125,40
14939,957440,20.082094192504883,25
14940,957696,24.314502716064453,29
14941,957696,41.30964279174805,46
14942,957696,41.18882751464844,46
14943,957696,31.13229751586914,36
14944,957696,17.359699249267578,22
14945,957696,31.496912002563477,36
14946,957696,20.732633590698242,26
14947,957696,17.38945198059082,22
14948,957696,33.57265090942383,38
14949,957952,12.552226066589355,17
14950,957952,36.736209869384766,41
14951,957952,16.226730346679688,21
14952,957952,29.90043067932129,35
14953,957952,30.70591926574707,35
14954,957952,20.104215621948242,25
14955,957952,20.68510627746582,25
14956,957952,34.509639739990234,39
14957,957952,36.41383361816406,41
14958,957952,31.592411041259766,36
14959,958208,40.280548095703125,45
14960,958208,24.766191482543945,29
14961,958208,24.870967864990234,30
14962,958208,38.5435905456543,43
14963,958208,20.740842819213867,25
14964,958464,27.610654830932617,32
14965,958464,21.890644073486328,27
14966,958464,27.627227783203125,32
14967,958464,36.6644172668457,41
14968,958464,34.28373718261719,39
14969,958464,37.366641998291016,42
14970,958464,22.943809509277344,28
14971,958464,17.166976928710938,22
14972,958720,27.559917449951172,32
14973,958720,35.114784240722656,40
14974,958720,22.965240478515625,28
14975,958720,28.631345748901367,33
14976,958720,34.12364196777344,39
14977,958720,23.442310333251953,28
14978,958720,32.222389221191406,37
14979,958720,39.31844711303711,44
14980,958720,24.172264099121094,29
14981,958720,23.3894100189209,29
14982,958976,35.63643264770508,40
14983,958976,34.68819808959961,39
14984,958976,25.329463958740234,30
14985,958976,24.846477508544922,30
14986,958976,37.44389343261719,42
14987,958976,36.39187240600586,41
14988,958976,15.326780319213867,20
14989,959232,18.897417068481445,24
14990,959232,27.188051223754883,32
14991,959232,41.20635223388672,46
14992,959232,16.237533569335938,21
14993,959232,35.671512603759766,40
14994,959232,41.01002883911133,46
14995,959488,17.31023406982422,22
14996,959488,26.79804229736328,32
14997,959488,31.707185745239258,36
14998,959488,16.87732696533203,22
14999,959488,30.586862564086914,35
15000,959488,25.80169105529785,30
15001,959488,38.09947204589844,43
15002,959488,41.27141571044922,46
15003,959488,23.472240447998047,28
15004,959488,29.700435638427734,34
15005,959744,20.268482208251953,25
15006,960000,27.679893493652344,32
15007,960000,27.563518524169922,32
15008,960000,35.00365447998047,40
15009,960000,38.549617767333984,43
15010,960000,25.64790153503418,30
15011,960000,39.094364166259766,44
15012,960000,21.236270904541016,26
15013,960000,17.85939598083496,23
15014,960000,27.61198616027832,32
15015,960000,30.53578758239746,35
15016,960256,52.80842208862305,58
15017,960256,32.52027130126953,37
15018,960256,24.502338409423828,29
15019,960256,36.42435836791992,41
15020,960256,30.605812072753906,35
15021,960256,26.80541229248047,31
15022,960512,35.62114715576172,40
15023,960512,16.302274703979492,21
15024,960512,39.47358322143555,44
15025,960512,21.669166564941406,26
15026,960512,33.010353088378906,38
15027,960512,40.23805618286133,45
15028,960512,27.63335418701172,32
15029,960512,21.104732513427734,26
15030,960512,29.70199966430664,34
15031,960512,40.53962326049805,45
15032,960768,25.231212615966797,30
15033,960768,28.46756362915039,33
15034,960768,21.545961380004883,26
15035,960768,22.27894401550293,27
15036,960768,38.66299057006836,43
15037,960768,39.389408111572266,44
15038,960768,20.500585556030273,25
15039,960768,22.22955894470215,27
15040,960768,32.555633544921875,37
15041,961024,32.70857620239258,37
15042,961024,25.314390182495117,30
15043,961024,24.881881713867188,30
15044,961024,27.21428680419922,32
15045,961024,26.39841651916504,31
15046,961280,39.352569580078125,44
15047,961280,25.593158721923828,30
15048,961280,17.33190155029297,22
15049,961280,25.374706268310547,30
15050,961280,35.520538330078125,40
15051,961280,37.48188018798828,42
15052,961280,24.029172897338867,29
15053,961536,22.096233367919922,27
15054,961536,21.419477462768555,26
15055,961536,26.020784378051758,31
15056,961536,26.452165603637695,31
15057,961536,31.23976707458496,36
15058,961536,14.252452850341797,19
15059,961536,34.54055404663086,40
15060,961536,25.424413681030273,30
15061,961792,46.384891510009766,51
15062,961792,45.07352828979492,50
15063,961792,19.945899963378906,25
15064,961792,16.618005752563477,21
15065,961792,28.366613388061523,33
15066,961792,27.199525833129883,32
15067,961792,31.488483428955078,36
15068,962048,47.91710662841797,53
15069,962048,50.043949127197266,55
15070,962048,20.412494659423828,25
15071,962048,24.151735305786133,29
15072,962048,37.60944747924805,42
15073,962048,18.184141159057617,23
15074,962048,29.27511978149414,35
15075,962048,18.267549514770508,23
15076,962304,17.917999267578125,23
15077,962304,21.51580238342285,26
15078,962304,54.0858268737793,60
15079,962304,36.629146575927734,41
15080,962304,42.26227951049805,47
15081,962304,14.358119010925293,19
15082,962304,35.589691162109375,40
15083,962304,26.700773239135742,31
15084,962560,16.102989196777344,21
15085,962560,32.437862396240234,37
15086,962560,41.24376678466797,46
15087,962560,35.32527542114258,40
15088,962560,31.649690628051758,36
15089,962560,23.436511993408203,29
15090,962560,17.2001953125,22
15091,962816,22.075027465820312,27
15092,962816,33.325416564941406,38
15093,962816,23.512283325195312,28
15094,962816,21.573843002319336,26
15095,963072,18.1118221282959,23
15096,963072,16.565258026123047,21
15097,963072,29.99075698852539,35
15098,963072,27.41405487060547,33
15099,963072,34.99289321899414,40
15100,963072,32.83489990234375,38
15101,963072,19.83224105834961,25
15102,963328,44.36180877685547,49
15103,963328,20.940980911254883,26
15104,963328,28.645164489746094,33
15105,963328,32.498863220214844,37
15106,963328,32.61677932739258,37
15107,963328,29.640357971191406,34
15108,963328,35.432373046875,40
15109,963328,28.809436798095703,33
15110,963328,33.63401412963867,38
15111,963328,34.58525466918945,39
15112,963584,31.397563934326172,36
15113,963584,27.64235496520996,32
15114,963584,37.28357696533203,42
15115,963584,36.63934326171875,41
15116,963584,49.282554626464844,54
15117,963584,43.17579650878906,48
15118,963840,37.284210205078125,42
15119,963840,34.63671112060547,39
15120,963840,34.63606643676758,39
15121,963840,20.246753692626953,25
15122,963840,25.38370132446289,30
15123,964096,20.10154914855957,25
15124,964096,18.178665161132812,23
15125,964096,28.93952178955078,34
15126,964096,19.916934967041016,25
15127,964096,33.319190979003906,38
15128,964096,34.60784912109375,39
15129,964096,21.405603408813477,26
15130,964352,35.357337951660156,40
15131,964352,24.74309730529785,29
15132,964352,38.31333541870117,43
15133,964352,31.736553192138672,36
15134,964352,22.69124412536621,27
15135,964352,41.237396240234375,46
15136,964352,18.273881912231445,23
15137,964352,35.495548248291016,40
15138,964352,38.58955764770508,43
15139,964608,24.4023380279541,29
15140,964608,25.860374450683594,30
15141,964608,35.62865447998047,40
15142,964608,18.01569366455078,23
15143,964608,20.851322174072266,26
15144,964864,31.401823043823242,36
15145,964864,42.263309478759766,47
15146,964864,12.454551696777344,17
15147,964864,19.246713638305664,24
15148,964864,21.064817428588867,26
15149,964864,20.192537307739258,25
15150,964864,33.71055603027344,38
15151,964864,12.497872352600098,17
15152,965120,33.56660079956055,38
15153,965120,30.3895263671875,35
15154,965120,33.51286315917969,38
15155,965120,40.19334030151367,45
15156,965120,23.403039932250977,28
15157,965376,38.630615234375,43
15158,965376,31.664609909057617,36
15159,965376,36.28300094604492,41
15160,965376,28.329559326171875,33
15161,965376,22.45086669921875,27
15162,965632,36.51414489746094,41
15163,965632,15.340662002563477,20
15164,965632,30.724994659423828,35
15165,965632,16.97176170349121,22
15166,965632,27.501806259155273,32
15167,965632,31.625919342041016,36
15168,965632,35.6178092956543,40
15169,965632,36.599246978759766,41
15170,965632,45.23542785644531,50
15171,965888,30.706348419189453,35
15172,965888,30.425609588623047,35
15173,965888,24.624202728271484,29
15174,965888,35.406158447265625,40
15175,965888,40.45201873779297,45
15176,965888,22.292537689208984,27
15177,966144,51.12568283081055,56
15178,966144,22.349071502685547,27
15179,966144,27.063217163085938,32
15180,966144,21.751129150390625,27
15181,966144,19.306949615478516,24
15182,966144,40.444679260253906,45
15183,966144,16.22443199157715,21
15184,966144,32.979190826416016,38
15185,966144,38.5174560546875,43
15186,966144,26.437816619873047,31
15187,966144,29.51791000366211,34
15188,966144,34.37255859375,39
15189,966400,19.854557037353516,25
15190,966400,24.630924224853516,30
15191,966400,31.29532241821289,36
15192,966400,28.581066131591797,33
15193,966400,24.596702575683594,29
15194,966400,40.31757736206055,45
15195,966656,26.494747161865234,31
15196,966656,37.66731643676758,42
15197,966656,41.180320739746094,46
15198,966656,33.44615173339844,38
15199,966656,27.384307861328125,32
15200,966912,25.626876831054688,30
15201,966912,22.617801666259766,28
15202,966912,44.22393035888672,49
15203,966912,19.3406982421875,24
15204,966912,36.63982009887695,41
15205,966912,26.44043731689453,31
15206,966912,30.63103675842285,35
15207,966912,39.36094284057617,44
15208,966912,32.677249908447266,37
15209,967168,28.4051570892334,33
15210,967168,26.091907501220703,31
15211,967168,31.753175735473633,36
15212,967168,34.62787628173828,39
15213,967168,22.33323097229004,27
15214,967168,37.54566955566406,42
15215,967168,38.277732849121094,43
15216,967168,33.55736541748047,38
15217,967168,23.577905654907227,28
15218,967424,42.38680648803711,47
15219,967424,20.13125991821289,25
15220,967424,18.38128662109375,23
15221,967424,26.54759407043457,31
15222,967424,30.01235580444336,35
15223,967424,32.16109085083008,37
15224,967424,34.45747375488281,39
15225,967424,32.416751861572266,37
15226,967424,40.528968811035156,45
15227,967680,22.49699592590332,27
15228,967680,18.93768310546875,24
15229,967680,27.47060775756836,32
15230,967680,43.408077239990234,49
15231,967680,41.33744812011719,46
15232,967680,27.50530242919922,32
15233,967680,34.51941680908203,39
15234,967936,43.16263198852539,48
15235,967936,44.53017044067383,49
15236,967936,22.915069580078125,28
15237,967936,28.750486373901367,33
15238,967936,31.593929290771484,37
15239,967936,20.066844940185547,25
15240,967936,31.62043571472168,36
15241,967936,46.10513687133789,51
15242,968192,36.42127990722656,41
15243,968192,24.654804229736328,29
15244,968192,22.841886520385742,27
15245,968192,36.65975570678711,41
15246,968192,27.165929794311523,32
15247,968192,22.609081268310547,27
15248,968192,18.20540428161621,23
15249,968192,37.22838592529297,42
15250,968192,25.829875946044922,31
15251,968448,28.866296768188477,35
15252,968448,24.86368751525879,30
15253,968448,32.495059967041016,37
15254,968448,35.46957015991211,40
15255,968448,51.7630500793457,57
15256,968448,21.363454818725586,26
15257,968448,26.575958251953125,31
15258,968448,20.49138641357422,25
15259,968448,37.6047477722168,42
15260,968448,28.555931091308594,33
15261,968704,43.50947189331055,48
15262,968704,40.86803436279297,46
15263,968704,27.240646362304688,32
15264,968704,23.5122127532959,28
15265,968704,21.955698013305664,27
15266,968704,27.218711853027344,32
15267,968960,44.197975158691406,49
15268,968960,45.35889434814453,50
15269,968960,39.266014099121094,44
15270,968960,32.61582946777344,37
15271,969216,21.961332321166992,27
15272,969216,42.31340789794922,47
15273,969216,17.276002883911133,22
15274,969216,27.611970901489258,32
15275,969216,29.461088180541992,34
15276,969216,40.12086486816406,45
15277,969216,22.47657585144043,27
15278,969216,26.74163246154785,31
15279,969216,23.53875160217285,28
15280,969216,35.43953323364258,40
15281,969216,29.413204193115234,34
15282,969216,18.893535614013672,24
15283,969216,34.5390739440918,39
15284,969216,16.111604690551758,21
15285,969216,18.063522338867188,23
15286,969472,36.38298034667969,41
15287,969472,24.159250259399414,29
15288,969472,42.285194396972656,47
15289,969472,25.475698471069336,30
15290,969472,15.324930191040039,20
15291,969728,13.491070747375488,18
15292,969728,18.094364166259766,23
15293,969728,25.772262573242188,30
15294,969728,29.627967834472656,34
15295,969728,26.630212783813477,31
15296,969728,22.451387405395508,27
15297,969728,17.307918548583984,22
15298,969728,40.35386276245117,45
15299,969984,25.53470802307129,30
15300,969984,17.12525749206543,22
15301,969984,15.445257186889648,20
15302,969984,39.28495407104492,44
15303,969984,45.35739517211914,50
15304,969984,29.18374252319336,34
15305,969984,39.578147888183594,44
15306,969984,32.76218032836914,37
15307,970240,26.547021865844727,31
15308,970240,28.159412384033203,33
15309,970240,19.18602752685547,24
15310,970240,22.444231033325195,27
15311,970496,39.07674789428711,44
15312,970496,18.320886611938477,23
15313,970752,37.593196868896484,42
15314,970752,35.49724578857422,40
15315,970752,18.58424186706543,23
15316,970752,21.349992752075195,26
15317,970752,43.370391845703125,48
15318,970752,35.798301696777344,41
15319,970752,24.708261489868164,30
15320,971008,37.403236389160156,42
15321,971008,31.61658477783203,36
15322,971008,28.70405387878418,33
15323,971008,35.55968475341797,40
15324,971008,40.4921875,45
15325,971008,46.22289276123047,51
15326,971008,43.1524658203125,48
15327,971008,28.225234985351562,33
15328,971008,24.67104148864746,29
15329,971008,46.3262939453125,51
15330,971008,30.710128784179688,35
15331,971008,40.366912841796875,45
15332,971008,29.116485595703125,34
15333,971008,43.4135856628418,48
15334,971008,35.511051177978516,40
15335,971008,28.80217170715332,33
15336,971264,24.129711151123047,29
15337,971264,39.56229019165039,44
15338,971264,19.523441314697266,24
15339,971264,32.50431823730469,37
15340,971264,33.31103515625,38
15341,971264,36.292388916015625,41
15342,971264,26.279638290405273,31
15343,971264,26.455366134643555,31
15344,971264,33.56063461303711,38
15345,971520,17.287912368774414,22
15346,971520,27.727392196655273,32
15347,971520,34.61056137084961,39
15348,971520,35.47631072998047,40
15349,971776,24.451826095581055,29
15350,971776,22.294469833374023,27
15351,971776,21.588552474975586,27
15352,971776,18.428720474243164,23
15353,971776,32.55018997192383,37
15354,971776,45.035972595214844,50
15355,971776,20.38737678527832,25
15356,971776,51.01557159423828,56
15357,971776,33.46013259887695,38
15358,971776,26.54909896850586,32
15359,971776,28.56643295288086,33
15360,971776,37.34346389770508,42
15361,972032,18.20744514465332,23
15362,972032,20.282068252563477,25
15363,972032,40.13307189941406,46
15364,972032,37.62765884399414,42
15365,972032,26.550283432006836,31
15366,972032,34.148109436035156,39
15367,972032,18.554698944091797,23
15368,972032,23.599882125854492,28
15369,972032,30.622705459594727,35
15370,972032,15.430827140808105,20
15371,972288,31.08544921875,36
15372,972288,37.30442810058594,42
15373,972288,45.45448303222656,50
15374,972288,20.45221710205078,25
15375,972288,19.134260177612305,24
15376,972288,38.400970458984375,43
15377,972288,22.167495727539062,27
15378,972544,25.64263343811035,30
15379,972544,34.6038703918457,39
15380,972544,32.93218231201172,38
15381,972544,24.582870483398438,29
15382,972544,35.72535705566406,40
15383,972800,45.335723876953125,50
15384,972800,33.66715621948242,38
15385,972800,21.61276626586914,26
15386,972800,41.51738357543945,46
15387,972800,19.291292190551758,24
15388,972800,46.910308837890625,52
15389,972800,22.468843460083008,27
15390,972800,20.94534683227539,26
15391,973056,29.782909393310547,34
15392,973056,16.142850875854492,21
15393,973056,18.372577667236328,23
15394,973312,46.19453048706055,51
15395,973312,34.557777404785156,39
15396,973312,14.536712646484375,19
15397,973312,25.191204071044922,30
15398,973312,17.90476417541504,23
15399,973568,26.545970916748047,31
15400,973568,26.262187957763672,31
15401,973568,35.69526672363281,40
15402,973568,37.36857986450195,42
15403,973568,18.101654052734375,23
15404,973568,24.52705955505371,29
15405,973568,40.3731575012207,45
15406,973568,24.602514266967773,29
15407,973568,19.752490997314453,25
15408,973824,21.75527572631836,26
15409,973824,33.329864501953125,38
15410,973824,30.677820205688477,35
15411,973824,36.39682388305664,41
15412,973824,27.69202995300293,32
15413,973824,39.437862396240234,44
15414,973824,35.20723342895508,40
15415,973824,25.71120262145996,30
15416,973824,22.263219833374023,27
15417,973824,48.22331619262695,54
15418,973824,35.24468994140625,40
15419,973824,20.281673431396484,25
15420,973824,19.665668487548828,24
15421,973824,39.419517517089844,44
15422,973824,37.43471908569336,42
15423,974080,26.379894256591797,31
15424,974080,31.56438636779785,36
15425,974080,21.16135025024414,26
15426,974080,32.62070846557617,37
15427,974080,29.64911651611328,34
15428,974336,19.443077087402344,24
15429,974336,39.47959518432617,44
15430,974336,22.597841262817383,27
15431,974336,36.6070671081543,41
15432,974336,27.323970794677734,32
15433,974336,38.537628173828125,43
15434,974336,16.25077247619629,21
15435,974336,24.98273468017578,30
15436,974336,34.61741256713867,39
15437,974592,16.389480590820312,21
15438,974592,16.342609405517578,21
15439,974592,20.084617614746094,25
15440,974592,25.70257568359375,30
15441,974592,24.66536521911621,30
15442,974592,23.94590187072754,29
15443,974592,24.164981842041016,29
15444,974592,28.372713088989258,33
15445,974592,20.696760177612305,25
15446,974592,26.630342483520508,31
15447,974592,41.43964385986328,46
15448,974592,15.148170471191406,20
15449,974592,18.984912872314453,24
15450,974592,23.086254119873047,28
15451,974848,30.550085067749023,35
15452,974848,33.75457000732422,38
15453,974848,17.219114303588867,22
15454,974848,25.576766967773438,30
15455,974848,25.5915470123291,30
15456,974848,23.39893913269043,28
15457,974848,36.52330780029297,41
15458,975104,44.05615997314453,49
15459,975104,37.56498718261719,42
15460,975104,23.38141632080078,28
15461,975104,17.938804626464844,23
15462,975104,23.718177795410156,28
15463,975104,39.48958206176758,44
15464,975104,22.209386825561523,27
15465,975104,21.226234436035156,26
15466,975104,38.48210906982422,43
15467,975360,41.19944763183594,46
15468,975360,22.591066360473633,27
15469,975360,22.65658950805664,27
15470,975360,33.32382583618164,38
15471,975360,38.56904220581055,43
15472,975360,23.879610061645508,28
15473,975360,33.60143280029297,38
15474,975360,26.624448776245117,31
15475,975360,30.4873046875,35
15476,975616,34.60390853881836,39
15477,975616,40.3202018737793,45
15478,975616,38.18207931518555,43
15479,975616,36.069114685058594,41
15480,975872,36.570777893066406,41
15481,975872,21.55679702758789,26
15482,975872,23.026512145996094,28
15483,975872,25.61993980407715,30
15484,975872,32.32218551635742,37
15485,975872,19.4856014251709,24
15486,975872,32.64554214477539,37
15487,975872,39.46516418457031,44
15488,975872,21.58268165588379,26
15489,976128,40.222389221191406,45
15490,976128,18.305349349975586,23
15491,976128,36.67882537841797,41
15492,976384,21.285240173339844,26
15493,976384,22.67146873474121,27
15494,976384,30.570209503173828,35
15495,976384,34.56046676635742,39
15496,976384,23.50994873046875,28
15497,976384,31.456138610839844,36
15498,976384,32.6103630065918,37
15499,976640,23.5747013092041,28
15500,976640,17.061668395996094,22
15501,976640,29.80204200744629,34
15502,976640,43.6307258605957,48
15503,976640,27.175310134887695,32
15504,976896,22.863758087158203,28
15505,976896,25.673368453979492,30
15506,976896,30.676265716552734,35
15507,976896,36.498268127441406,41
15508,976896,30.5950984954834,35
15509,976896,32.400089263916016,37
15510,977152,23.365047454833984,28
15511,977152,36.40622329711914,41
15512,977152,35.55375289916992,40
15513,977152,24.0013427734375,29
15514,977152,30.433490753173828,35
15515,977152,22.151615142822266,27
15516,977152,32.541175842285156,37
15517,977152,18.08180046081543,23
15518,977152,35.44233703613281,40
15519,977152,33.49147033691406,38
15520,977152,38.961517333984375,44
15521,977408,18.913583755493164,24
15522,977408,36.447532653808594,41
15523,977408,42.42298889160156,47
15524,977408,15.249786376953125,20
15525,977408,30.53005027770996,35
15526,977408,18.605531692504883,23
15527,977408,29.74397850036621,34
15528,977408,20.183338165283203,25
15529,977408,27.607309341430664,32
15530,977408,30.268875122070312,35
15531,977408,31.390111923217773,36
15532,977664,28.685985565185547,33
15533,977664,34.46609115600586,39
15534,977664,20.790119171142578,26
15535,977664,14.337627410888672,19
15536,977920,29.80868148803711,34
15537,977920,23.709821701049805,28
15538,977920,21.722827911376953,27
15539,977920,40.25289535522461,45
15540,978176,20.447261810302734,25
15541,978176,26.19829559326172,31
15542,978176,33.54810333251953,38
15543,978176,42.302879333496094,47
15544,978176,24.560646057128906,29
15545,978176,24.622520446777344,29
15546,978432,28.567096710205078,33
15547,978432,39.23992156982422,44
15548,978432,36.458030700683594,41
15549,978432,33.583499908447266,38
15550,978432,20.40189552307129,25
15551,978432,31.42711639404297,36
15552,978432,14.19282341003418,19
15553,978688,37.32477569580078,42
15554,978688,21.23006248474121,26
15555,978688,24.562990188598633,30
15556,978688,24.734935760498047,30
15557,978688,30.637466430664062,35
15558,978688,14.329309463500977,19
15559,978688,24.61631965637207,29
15560,978688,22.3341007232666,27
15561,978688,25.283859252929688,30
15562,978944,36.512168884277344,41
15563,978944,22.082897186279297,27
15564,978944,34.96569061279297,40
15565,978944,30.545333862304688,35
15566,978944,22.20862579345703,27
15567,978944,18.26553726196289,23
15568,978944,32.50553894042969,37
15569,978944,23.881166458129883,28
15570,978944,34.497718811035156,39
15571,978944,23.249666213989258,28
15572,979200,24.77001190185547,29
15573,979200,44.259925842285156,49
15574,979200,15.193498611450195,20
15575,979200,26.322120666503906,31
15576,979200,30.34990882873535,35
15577,979200,27.596956253051758,32
15578,979200,33.57429504394531,38
15579,979200,23.41034698486328,28
15580,979456,15.306634902954102,20
15581,979456,36.30620574951172,41
15582,979456,28.48741912841797,33
15583,979456,44.146392822265625,49
15584,979456,21.178964614868164,26
15585,979456,32.65390396118164,37
15586,979712,28.67880630493164,33
15587,979712,38.34159851074219,43
15588,979712,41.27992248535156,46
15589,979712,36.611534118652344,41
15590,979968,23.4388370513916,28
15591,979968,30.090106964111328,35
15592,979968,35.53553771972656,40
15593,979968,19.21378517150879,24
15594,979968,23.207338333129883,28
15595,979968,30.807432174682617,35
15596,979968,27.246559143066406,32
15597,979968,29.70618438720703,34
15598,980224,21.472043991088867,26
15599,980224,39.33634948730469,44
15600,980224,18.279586791992188,23
15601,980224,17.17302703857422,22
15602,980224,35.41940689086914,40
15603,980224,30.604862213134766,35
15604,980224,27.422578811645508,32
15605,980224,21.7988338470459,26
15606,980224,12.497617721557617,17
15607,980224,30.059974670410156,35
15608,980480,27.174602508544922,32
15609,980480,29.784099578857422,34
15610,980480,45.10491180419922,50
15611,980480,34.41020965576172,39
15612,980480,26.84869956970215,31
15613,980480,18.513288497924805,23
15614,980480,39.24663162231445,44
15615,980480,26.143810272216797,31
15616,980736,27.619873046875,32
15617,980736,37.677486419677734,42
15618,980736,31.406322479248047,36
15619,980736,34.52434158325195,39
15620,980736,18.6259765625,23
15621,980736,30.657726287841797,35
15622,980736,16.092815399169922,21
15623,980992,30.76803970336914,35
15624,980992,35.47942352294922,40
15625,980992,43.122154235839844,48
15626,980992,23.124755859375,28
15627,980992,23.488494873046875,28
15628,980992,30.304283142089844,35
15629,980992,15.242273330688477,20
15630,980992,14.570672035217285,19
15631,980992,34.426509857177734,39
15632,980992,36.421485900878906,41
15633,981248,18.279329299926758,23
15634,981248,34.94113540649414,40
15635,981248,36.527305603027344,41
15636,981248,21.62945556640625,27
15637,981248,46.01149368286133,51
15638,981248,39.34006881713867,44
15639,981248,33.651493072509766,38
15640,981248,20.096975326538086,25
15641,981248,35.495357513427734,40
15642,981248,25.70672035217285,30
15643,981504,43.1525764465332,48
15644,981504,26.606830596923828,31
15645,981504,40.322547912597656,46
15646,981504,24.511783599853516,29
15647,981504,37.52544021606445,42
15648,981504,26.74295425415039,31
15649,981504,35.440792083740234,40
15650,981504,21.777442932128906,27
15651,981760,23.490829467773438,28
15652,981760,31.76997184753418,36
15653,981760,31.50803565979004,36
15654,981760,20.080860137939453,25
15655,981760,23.647554397583008,28
15656,981760,18.13552474975586,23
15657,981760,27.73731803894043,32
15658,981760,18.191707611083984,23
15659,981760,17.954994201660156,23
15660,981760,24.722394943237305,29
15661,982016,42.39920425415039,47
15662,982016,13.392119407653809,18
15663,982016,29.529720306396484,34
15664,982016,24.718341827392578,29
15665,982016,43.32549285888672,48
15666,982016,17.349170684814453,22
15667,982016,20.88922691345215,26
15668,982016,28.699792861938477,33
15669,982016,23.777027130126953,28
15670,982016,27.631210327148438,32
15671,982016,23.69974708557129,28
15672,982016,21.306148529052734,26
15673,982272,28.22796058654785,33
15674,982272,36.328643798828125,41
15675,982272,32.04768753051758,37
15676,982272,31.448854446411133,36
15677,982272,28.72798728942871,33
15678,982272,30.256031036376953,35
15679,982272,34.633243560791016,39
15680,982272,21.155685424804688,26
15681,982272,28.474210739135742,33
15682,982272,28.504552841186523,33
15683,982528,18.80445098876953,24
15684,982528,21.009218215942383,26
15685,982528,17.195833206176758,22
15686,982528,22.52940559387207,27
15687,982528,37.43910217285156,42
15688,982528,24.584041595458984,29
15689,982528,28.44532585144043,33
15690,982784,17.28711700439453,22
15691,982784,41.40092849731445,46
15692,982784,19.8148193359375,24
15693,982784,25.470409393310547,30
15694,982784,27.570711135864258,32
15695,982784,14.234960556030273,19
15696,982784,16.2926082611084,21
15697,983040,39.19633102416992,44
15698,983040,28.608116149902344,33
15699,983040,40.098941802978516,45
15700,983040,13.684806823730469,18
15701,983040,22.20896339416504,27
15702,983040,27.873943328857422,33
15703,983040,35.282840728759766,40
15704,983296,34.553855895996094,39
15705,983296,26.74928855895996,31
15706,983296,35.4389533996582,40
15707,983296,43.22916030883789,48
15708,983296,20.965347290039062,26
15709,983552,33.58896255493164,38
15710,983552,28.45834732055664,33
15711,983552,40.42758560180664,45
15712,983552,39.41448211669922,44
15713,983552,17.325538635253906,22
15714,983552,30.757240295410156,35
15715,983552,39.375404357910156,44
15716,983808,29.480167388916016,34
15717,983808,40.0865592956543,45
15718,983808,29.733322143554688,34
15719,983808,39.312042236328125,45
15720,983808,22.690967559814453,28
15721,983808,42.08300018310547,47
15722,984064,33.45212173461914,38
15723,984064,27.684677124023438,32
15724,984064,37.45335388183594,42
15725,984064,22.20903778076172,27
15726,984064,24.03350830078125,29
15727,984064,35.385189056396484,40
15728,984064,42.49071502685547,47
15729,984064,29.414030075073242,34
15730,984320,36.43637466430664,41
15731,984320,15.258487701416016,20
15732,984320,23.250782012939453,28
15733,984320,34.31062698364258,39
15734,984320,29.216472625732422,34
15735,984320,23.32100486755371,28
15736,984320,34.78315353393555,39
15737,984576,32.689292907714844,37
15738,984576,27.91438865661621,32
15739,984576,18.30887222290039,23
15740,984576,27.280929565429688,32
15741,984576,37.460269927978516,42
15742,984576,29.742921829223633,34
15743,984832,38.33066940307617,43
15744,984832,26.2705078125,31
15745,984832,33.23628616333008,38
15746,984832,19.542325973510742,24
15747,984832,28.032333374023438,33
15748,984832,41.977195739746094,47
15749,984832,37.50585174560547,42
15750,985088,19.907573699951172,25
15751,985088,37.42123794555664,42
15752,985088,39.55413818359375,44
15753,985088,18.26287078857422,23
15754,985088,40.269927978515625,45
15755,985088,27.97325325012207,33
15756,985344,23.449506759643555,28
15757,985344,22.71540641784668,27
15758,985344,26.600128173828125,31
15759,985344,22.969642639160156,28
15760,985344,26.74026107788086,31
15761,985600,21.652992248535156,26
15762,985600,28.539562225341797,33
15763,985600,28.658628463745117,33
15764,985600,31.54090118408203,36
15765,985600,31.54877471923828,36
15766,985600,25.21760368347168,30
15767,985600,40.199337005615234,45
15768,985600,26.07964324951172,31
15769,985856,38.41597366333008,43
15770,985856,28.42744255065918,33
15771,985856,37.49374008178711,42
15772,985856,39.662967681884766,44
15773,985856,16.315916061401367,21
15774,985856,38.40231704711914,43
15775,985856,24.042659759521484,29
15776,985856,22.23405647277832,27
15777,986112,40.50223922729492,45
15778,986112,30.570329666137695,35
15779,986112,47.53672790527344,52
15780,986112,40.23741912841797,45
15781,986368,35.51531219482422,40
15782,986368,20.45052146911621,25
15783,986368,24.739116668701172,29
15784,986368,24.600833892822266,30
15785,986368,16.207637786865234,21
15786,986368,18.143381118774414,23
15787,986368,29.696426391601562,34
15788,986368,31.98944664001465,37
15789,986368,16.64462661743164,21
15790,986368,19.10518455505371,24
15791,986624,33.505794525146484,38
15792,986624,17.247671127319336,22
15793,986624,15.309947967529297,20
15794,986624,23.647829055786133,28
15795,986624,43.32246017456055,48
15796,986624,24.625118255615234,29
15797,986624,16.177837371826172,21
15798,986624,39.16316223144531,44
15799,986880,32.53744125366211,37
15800,986880,42.389732360839844,47
15801,986880,33.62824630737305,38
15802,986880,34.654884338378906,39
15803,986880,32.6876106262207,37
15804,986880,21.53949737548828,27
15805,986880,28.687030792236328,33
15806,987136,16.34897804260254,21
15807,987136,33.795814514160156,38
15808,987136,32.62195587158203,37
15809,987136,24.301572799682617,29
15810,987136,40.379859924316406,45
15811,987136,26.06753921508789,31
15812,987392,23.685983657836914,28
15813,987392,42.18647003173828,47
15814,987392,16.19302749633789,21
15815,987392,16.2695255279541,21
15816,987392,23.614334106445312,28
15817,987392,31.573894500732422,36
15818,987392,29.41872215270996,34
15819,987392,31.577472686767578,36
15820,987392,34.7540283203125,39
15821,987392,23.692829132080078,28
15822,987392,29.582317352294922,34
15823,987392,45.11766052246094,50
15824,987392,20.034502029418945,25
15825,987392,33.572261810302734,38
15826,987648,17.5262451171875,22
15827,987648,23.132354736328125,28
15828,987648,20.634977340698242,25
15829,987648,50.83317947387695,56
15830,987648,36.43697738647461,41
15831,987648,29.536556243896484,34
15832,987648,25.35907554626465,30
15833,987648,35.404808044433594,40
15834,987648,30.68220329284668,35
15835,987648,37.5306282043457,42
15836,987904,16.137474060058594,21
15837,987904,24.125642776489258,29
15838,987904,25.461448669433594,30
15839,987904,30.809783935546875,35
15840,987904,34.53232955932617,39
15841,987904,20.258893966674805,25
15842,987904,18.13661766052246,23
15843,987904,30.732454299926758,35
15844,987904,19.214563369750977,24
15845,987904,20.85061264038086,26
15846,987904,31.731964111328125,36
15847,987904,33.50778579711914,38
15848,987904,42.489166259765625,47
15849,987904,19.003202438354492,24
15850,987904,17.99641990661621,23
15851,988160,20.992477416992188,26
15852,988160,30.352203369140625,35
15853,988160,24.62590980529785,29
15854,988160,31.600589752197266,36
15855,988160,38.34964370727539,43
15856,988160,33.554359436035156,38
15857,988160,15.343271255493164,20
15858,988160,33.04518127441406,38
15859,988160,27.304771423339844,32
15860,988160,16.275634765625,21
15861,988416,33.424400329589844,38
15862,988416,35.66570281982422,40
15863,988416,30.844486236572266,35
15864,988416,39.238563537597656,44
15865,988416,17.45201873779297,22
15866,988416,47.18843460083008,52
15867,988416,24.70708656311035,29
15868,988416,30.547666549682617,35
15869,988416,18.456439971923828,23
15870,988672,19.561702728271484,24
15871,988672,28.576148986816406,33
15872,988672,27.572181701660156,32
15873,988672,25.39232635498047,30
15874,988672,17.02570152282715,22
15875,988928,19.326099395751953,24
15876,988928,22.33685874938965,27
15877,988928,19.84835433959961,25
15878,988928,27.52944564819336,32
15879,988928,28.14851188659668,33
15880,988928,21.50795555114746,26
15881,989184,34.6698112487793,39
15882,989184,22.088998794555664,27
15883,989184,41.272621154785156,46
15884,989184,20.061004638671875,25
15885,989184,22.425046920776367,27
15886,989184,34.56959915161133,39
15887,989440,27.586864471435547,32
15888,989440,38.456581115722656,43
15889,989440,29.766132354736328,34
15890,989440,32.483436584472656,37
15891,989440,31.56235122680664,36
15892,989440,25.374475479125977,30
15893,989440,23.367589950561523,28
15894,989440,18.40157127380371,23
15895,989696,37.4957160949707,42
15896,989696,18.53597068786621,23
15897,989696,16.3326473236084,21
15898,989696,36.460845947265625,41
15899,989952,34.592437744140625,40
15900,989952,19.680431365966797,25
15901,989952,30.704618453979492,35
15902,989952,30.306886672973633,35
15903,989952,32.71277618408203,37
15904,989952,36.42489242553711,41
15905,989952,30.428565979003906,35
15906,990208,39.26542663574219,44
15907,990208,28.431005477905273,33
15908,990208,35.43836975097656,40
15909,990208,26.802932739257812,31
15910,990208,19.042551040649414,24
15911,990208,30.670310974121094,35
15912,990464,31.504844665527344,36
15913,990464,25.664310455322266,30
15914,990464,38.662376403808594,43
15915,990464,29.565692901611328,34
15916,990464,33.604679107666016,38
15917,990464,36.427520751953125,41
15918,990464,20.015304565429688,25
15919,990720,28.402137756347656,33
15920,990720,25.35773468017578,30
15921,990720,28.6675968170166,33
15922,990720,32.60246658325195,37
15923,990720,36.68596649169922,41
15924,990720,28.711109161376953,33
15925,990720,36.56719970703125,41
15926,990720,38.38370132446289,43
15927,990976,23.748746871948242,28
15928,990976,40.287445068359375,45
15929,990976,19.310565948486328,24
15930,990976,21.568918228149414,26
15931,990976,18.932323455810547,24
15932,990976,37.55815887451172,42
15933,990976,42.12847900390625,47
15934,991232,31.627826690673828,36
15935,991232,39.35218048095703,44
15936,991232,37.23812484741211,42
15937,991232,24.873336791992188,29
15938,991232,21.633140563964844,27
15939,991488,34.68397521972656,40
15940,991488,28.57007598876953,33
15941,991488,30.758529663085938,37
15942,991488,30.693845748901367,35
15943,991744,35.60059356689453,40
15944,991744,25.453893661499023,30
15945,991744,23.642343521118164,28
15946,991744,28.30252456665039,33
15947,991744,38.379364013671875,43
15948,991744,18.495582580566406,23
15949,991744,30.666908264160156,35
15950,991744,38.511878967285156,43
15951,992000,34.473663330078125,39
15952,992000,29.648107528686523,34
15953,992000,37.18973922729492,42
15954,992000,34.65461349487305,39
15955,992000,27.68209457397461,33
15956,992000,32.63694763183594,37
15957,992256,37.50290298461914,42
15958,992256,15.229127883911133,20
15959,992256,44.3181037902832,49
15960,992256,34.71321487426758,39
15961,992256,15.163756370544434,20
15962,992256,20.47340202331543,25
15963,992256,39.315032958984375,44
15964,992256,27.357927322387695,32
15965,992256,36.035953521728516,41
15966,992256,16.232254028320312,21
15967,992512,21.698928833007812,26
15968,992512,19.1579647064209,24
15969,992512,38.487483978271484,43
15970,992512,19.663650512695312,24
15971,992512,27.919553756713867,32
15972,992512,25.63701820373535,30
15973,992512,36.486183166503906,41
15974,992768,14.395942687988281,19
15975,992768,31.7227783203125,36
15976,992768,16.176950454711914,21
15977,992768,16.21183204650879,21
15978,992768,20.860273361206055,25
15979,992768,31.135040283203125,36
15980,993024,16.228137969970703,21
15981,993024,30.53300666809082,35
15982,993024,29.517139434814453,34
15983,993024,27.39277458190918,32
15984,993024,40.24243927001953,45
15985,993024,16.131221771240234,21
15986,993024,24.12032127380371,29
15987,993024,27.117338180541992,33
15988,993024,20.45305633544922,25
15989,993024,17.33698844909668,22
15990,993024,20.55184555053711,25
15991,993024,24.7773494720459,29
15992,993024,37.426475524902344,42
15993,993024,18.972076416015625,24
15994,993280,25.077638626098633,30
15995,993280,42.51176452636719,47
15996,993280,27.803802490234375,32
15997,993280,16.5189266204834,21
15998,993280,41.47652816772461,46
15999,993280,30.797639846801758,35
16000,993280,31.63772964477539,36
16001,993280,40.53032684326172,45
16002,993280,33.50344467163086,38
16003,993536,27.54890251159668,32
16004,993536,21.30447006225586,26
16005,993536,19.044570922851562,24
16006,993536,45.16148376464844,50
16007,993536,28.367813110351562,33
16008,993792,19.585060119628906,24
16009,993792,38.40317916870117,43
16010,993792,15.359078407287598,20
16011,993792,18.393203735351562,23
16012,993792,17.26580047607422,22
16013,993792,22.760358810424805,28
16014,993792,24.359371185302734,29
16015,993792,28.59674835205078,33
16016,993792,34.48768997192383,39
16017,994048,25.935840606689453,30
16018,994048,34.63001251220703,39
16019,994048,27.82774543762207,32
16020,994048,36.361846923828125,41
16021,994048,18.217416763305664,23
16022,994048,28.483448028564453,33
16023,994048,25.311321258544922,30
16024,994048,22.60683250427246,27
16025,994304,26.673751831054688,31
16026,994304,31.70001983642578,36
16027,994304,38.38949966430664,43
16028,994304,41.372169494628906,46
16029,994304,34.57080841064453,39
16030,994304,22.32865333557129,27
16031,994304,32.50164031982422,38
16032,994304,21.323610305786133,26
16033,994304,43.98604965209961,49
16034,994304,20.343597412109375,25
16035,994560,23.458816528320312,28
16036,994560,39.455326080322266,44
16037,994560,33.24648666381836,38
16038,994560,29.416563034057617,34
16039,994560,21.41722297668457,26
16040,994560,40.469303131103516,45
16041,994560,28.730247497558594,33
16042,994560,20.54874610900879,25
16043,994560,26.848493576049805,31
16044,994560,34.47755813598633,39
16045,994560,40.40420913696289,45
16046,994816,24.258298873901367,29
16047,994816,26.801708221435547,32
16048,994816,18.708255767822266,23
16049,994816,18.404279708862305,23
16050,994816,38.49637222290039,43
16051,994816,20.12420654296875,25
16052,994816,31.69446563720703,36
16053,994816,20.469572067260742,25
16054,994816,23.818716049194336,28
16055,995072,35.43278884887695,40
16056,995072,25.72247314453125,30
16057,995072,20.62578010559082,26
16058,995072,25.664915084838867,30
16059,995072,41.28028106689453,46
16060,995072,34.63032150268555,39
16061,995072,32.71568298339844,37
16062,995328,34.5463981628418,39
16063,995328,34.595767974853516,39
16064,995328,18.62029457092285,23
16065,995328,32.79424285888672,37
16066,995328,18.677757263183594,23
16067,995328,32.47517776489258,37
16068,995328,23.589685440063477,28
16069,995328,32.630001068115234,37
16070,995328,43.29667663574219,48
16071,995328,21.667133331298828,27
16072,995328,48.0978889465332,53
16073,995584,23.492572784423828,28
16074,995584,20.99691390991211,26
16075,995584,40.342750549316406,45
16076,995584,29.62548828125,34
16077,995584,22.184879302978516,27
16078,995584,19.03716278076172,24
16079,995584,31.533344268798828,36
16080,995584,32.768333435058594,37
16081,995584,29.65383529663086,34
16082,995840,17.214031219482422,22
16083,995840,38.5634765625,43
16084,995840,25.07380485534668,30
16085,995840,26.190109252929688,31
16086,995840,29.710277557373047,34
16087,995840,36.428585052490234,41
16088,996096,16.275110244750977,21
16089,996096,50.23017120361328,55
16090,996096,25.74216651916504,30
16091,996096,40.259342193603516,45
16092,996096,38.270843505859375,43
16093,996096,28.45867919921875,33
16094,996096,14.49852466583252,19
16095,996096,43.32537841796875,48
16096,996096,32.604469299316406,37
16097,996352,35.50699996948242,40
16098,996352,24.795549392700195,30
16099,996352,23.330081939697266,28
16100,996352,23.24054527282715,28
16101,996352,34.701690673828125,39
16102,996352,29.937511444091797,35
16103,996608,40.352630615234375,45
16104,996608,29.306106567382812,34
16105,996608,34.57391357421875,39
16106,996608,28.814926147460938,34
16107,996608,32.67750549316406,37
16108,996608,30.602584838867188,35
16109,996608,28.703121185302734,33
16110,996864,32.637638092041016,37
16111,996864,23.323503494262695,28
16112,996864,34.45868682861328,39
16113,996864,30.5683650970459,35
16114,996864,22.844158172607422,28
16115,996864,27.684724807739258,32
16116,996864,20.161922454833984,25
16117,996864,32.69492721557617,38
16118,996864,32.580726623535156,37
16119,996864,15.135805130004883,20
16120,996864,37.526729583740234,42
16121,997120,32.54243469238281,37
16122,997120,32.47683334350586,37
16123,997120,26.639371871948242,31
16124,997120,29.65852165222168,34
16125,997120,36.305660247802734,41
16126,997120,32.60832214355469,37
16127,997120,28.844865798950195,33
16128,997376,25.107486724853516,30
16129,997376,45.233863830566406,50
16130,997376,21.26706886291504,26
16131,997376,19.062694549560547,24
16132,997376,38.371429443359375,43
16133,997376,17.50374412536621,22
16134,997376,20.305856704711914,25
16135,997632,23.38888931274414,28
16136,997632,16.369415283203125,21
16137,997632,29.76226043701172,34
16138,997632,33.52434539794922,38
16139,997888,26.854280471801758,31
16140,997888,19.013996124267578,24
16141,997888,19.07115364074707,24
16142,997888,25.733741760253906,30
16143,997888,18.258159637451172,23
16144,997888,33.540199279785156,38
16145,997888,43.29449462890625,48
16146,998144,37.612518310546875,42
16147,998144,20.643478393554688,25
16148,998144,15.343729019165039,20
16149,998144,39.47960662841797,44
16150,998400,14.332443237304688,19
16151,998400,36.35424041748047,41
16152,998400,35.42420959472656,40
16153,998400,38.3010139465332,43
16154,998400,36.44012451171875,41
16155,998400,29.751087188720703,34
16156,998400,14.344303131103516,19
16157,998400,16.22187042236328,21
16158,998400,35.422306060791016,40
16159,998656,35.5467643737793,40
16160,998656,27.265762329101562,32
16161,998656,24.913963317871094,30
16162,998656,18.275413513183594,23
16163,998912,24.68682098388672,29
16164,998912,18.516895294189453,23
16165,998912,38.46891403198242,43
16166,998912,32.71894073486328,37
16167,998912,29.434038162231445,34
16168,998912,16.888994216918945,22
16169,998912,32.62157440185547,37
16170,998912,36.3968505859375,41
16171,999168,39.468135833740234,44
16172,999168,22.006694793701172,27
16173,999168,48.1634521484375,53
16174,999168,29.66519546508789,34
16175,999168,33.41474914550781,38
16176,999168,22.0190372467041,27
16177,999424,22.46754264831543,27
16178,999424,35.74848937988281,41
16179,999424,28.577455520629883,33
16180,999424,18.78746795654297,24
16181,999424,34.6253776550293,39
16182,999424,25.68634605407715,30
16183,999680,33.56430435180664,38
16184,999680,22.915605545043945,27
16185,999680,20.03577995300293,25
16186,999680,25.828237533569336,30
16187,999680,22.394285202026367,27
16188,999680,18.350683212280273,23
16189,999680,19.552478790283203,24
16190,999936,30.650785446166992,35
16191,999936,15.255910873413086,20
16192,999936,33.533756256103516,38
16193,999936,32.41862869262695,37
16194,999936,34.355438232421875,39
16195,999936,34.5353889465332,39
16196,999936,31.6313419342041,36
16197,999936,28.399383544921875,33
16198,999936,37.71323776245117,42
16199,1000192,23.725048065185547,28
16200,1000192,25.834129333496094,30
16201,1000192,18.933462142944336,24
16202,1000192,25.731874465942383,30
16203,1000192,20.292499542236328,25
16204,1000192,20.4909725189209,25
16205,1000192,31.71671485900879,36
16206,1000192,35.46918487548828,40
16207,1000192,32.606719970703125,37
16208,1000192,35.56856155395508,40
16209,1000192,38.32841491699219,43
16210,1000192,22.828519821166992,27
16211,1000192,27.83283233642578,32
16212,1000192,30.012012481689453,35
16213,1000448,43.036067962646484,48
16214,1000448,27.56459617614746,32
16215,1000448,33.36808776855469,38
16216,1000448,39.35960006713867,44
16217,1000448,33.58694839477539,38
16218,1000448,17.172000885009766,22
16219,1000448,32.46120834350586,37
16220,1000448,34.53425216674805,39
16221,1000448,17.240995407104492,22
16222,1000448,33.62516784667969,38
16223,1000704,28.75798988342285,33
16224,1000704,17.457569122314453,22
16225,1000704,16.390918731689453,21
16226,1000704,22.36587905883789,27
16227,1000704,28.785770416259766,33
16228,1000704,20.65619659423828,25
16229,1000704,35.4762077331543,40
16230,1000704,25.79200553894043,30
16231,1000704,26.976903915405273,32
16232,1000704,45.019142150878906,50
16233,1000704,21.696544647216797,26
16234,1000960,29.689258575439453,34
16235,1000960,25.4881591796875,31
16236,1000960,17.273977279663086,22
16237,1000960,20.73447608947754,25
16238,1000960,17.2171630859375,22
16239,1000960,34.58158493041992,39
16240,1000960,15.514986991882324,20
16241,1001216,23.148344039916992,28
16242,1001216,16.39919090270996,21
16243,1001216,22.578649520874023,27
16244,1001216,17.3802547454834,22
16245,1001216,14.52871322631836,19
16246,1001216,34.515602111816406,39
16247,1001216,27.541494369506836,32
16248,1001472,32.155364990234375,37
16249,1001472,22.52446174621582,27
16250,1001472,42.07577896118164,47
16251,1001472,34.62452697753906,39
16252,1001472,22.415773391723633,27
16253,1001472,28.464466094970703,33
16254,1001472,30.77260971069336,35
16255,1001472,33.7719841003418,38
16256,1001472,31.293798446655273,36
16257,1001472,30.63399314880371,35
16258,1001728,24.781387329101562,29
16259,1001728,17.183053970336914,22
16260,1001728,32.59035110473633,37
16261,1001728,30.354928970336914,35
16262,1001728,38.267051696777344,43
16263,1001728,28.77280616760254,33
16264,1001728,15.307415962219238,20
16265,1001728,45.32231521606445,50
16266,1001728,40.162017822265625,45
16267,1001984,28.623218536376953,33
16268,1001984,23.807279586791992,28
16269,1001984,30.646806716918945,35
16270,1001984,26.376834869384766,31
16271,1001984,37.56553268432617,42
16272,1001984,42.16080856323242,47
16273,1001984,22.623741149902344,27
16274,1001984,24.707077026367188,29
16275,1001984,27.433385848999023,32
16276,1001984,16.46381378173828,21
16277,1001984,25.52695655822754,30
16278,1002240,34.53237533569336,39
16279,1002240,16.479766845703125,21
16280,1002240,21.702022552490234,26
16281,1002240,15.361534118652344,20
16282,1002240,19.209911346435547,24
16283,1002496,25.805692672729492,30
16284,1002496,26.324899673461914,31
16285,1002496,24.4100399017334,30
16286,1002496,23.48026466369629,28
16287,1002496,25.885746002197266,31
16288,1002496,22.4908390045166,27
16289,1002496,28.67633628845215,33
16290,1002496,25.163829803466797,30
16291,1002496,32.501705169677734,37
16292,1002496,22.642852783203125,27
16293,1002752,34.59647750854492,39
16294,1002752,33.362430572509766,38
16295,1002752,38.3701171875,43
16296,1002752,15.152249336242676,20
16297,1002752,28.749380111694336,33
16298,1002752,43.994503021240234,49
16299,1003008,25.775924682617188,30
16300,1003008,28.319034576416016,33
16301,1003008,28.7767276763916,33
16302,1003008,40.401058197021484,45
16303,1003008,34.631744384765625,40
16304,1003008,36.35649108886719,41
16305,1003008,33.745513916015625,38
16306,1003008,13.346883773803711,18
16307,1003264,30.730802536010742,35
16308,1003264,32.618743896484375,37
16309,1003264,33.58909606933594,38
16310,1003264,20.90079689025879,26
16311,1003264,22.723392486572266,28
16312,1003264,31.62382698059082,36
16313,1003264,26.53762435913086,31
16314,1003264,26.022727966308594,31
16315,1003264,26.559431076049805,31
16316,1003264,34.63987731933594,39
16317,1003264,18.53188133239746,23
16318,1003264,39.31447219848633,44
16319,1003520,24.653223037719727,29
16320,1003520,33.605857849121094,38
16321,1003520,23.80671501159668,28
16322,1003776,17.966934204101562,23
16323,1003776,16.398826599121094,21
16324,1003776,21.906084060668945,27
16325,1003776,14.371896743774414,19
16326,1003776,27.44603729248047,32
16327,1003776,32.447731018066406,37
16328,1003776,36.54561996459961,41
16329,1003776,29.541006088256836,34
16330,1004032,38.59260177612305,43
16331,1004032,33.64112854003906,38
16332,1004032,21.222383499145508,26
16333,1004032,33.00967025756836,38
16334,1004032,27.445384979248047,32
16335,1004032,22.19516372680664,27
16336,1004032,42.2833137512207,47
16337,1004032,28.890119552612305,33
16338,1004032,21.499267578125,26
16339,1004032,13.444343566894531,18
16340,1004288,36.45246887207031,41
16341,1004288,29.485158920288086,34
16342,1004288,30.7879695892334,35
16343,1004288,35.40629196166992,40
16344,1004288,33.630828857421875,38
16345,1004288,21.70681381225586,27
16346,1004544,13.362298965454102,18
16347,1004544,28.766082763671875,34
16348,1004544,27.537979125976562,32
16349,1004544,35.422183990478516,40
16350,1004544,25.42247200012207,30
16351,1004544,25.755069732666016,30
16352,1004544,37.58201217651367,42
16353,1004544,25.443466186523438,31
16354,1004800,33.30648422241211,38
16355,1004800,41.39702606201172,46
16356,1004800,21.88443946838379,27
16357,1004800,27.671239852905273,32
16358,1004800,40.66257858276367,45
16359,1004800,22.90524673461914,28
16360,1005056,29.749420166015625,34
16361,1005056,27.228071212768555,32
16362,1005056,35.272281646728516,40
16363,1005056,35.351444244384766,40
16364,1005056,26.558320999145508,31
16365,1005312,43.25419235229492,48
16366,1005312,25.320158004760742,31
16367,1005312,26.472084045410156,31
16368,1005312,29.80516815185547,34
16369,1005312,28.807193756103516,33
16370,1005312,22.61105728149414,27
16371,1005312,21.923595428466797,27
16372,1005312,27.16691017150879,32
16373,1005312,31.75518035888672,36
16374,1005312,22.796173095703125,27
16375,1005312,35.40904235839844,40
16376,1005312,23.702648162841797,29
16377,1005568,27.817251205444336,32
16378,1005568,29.668649673461914,34
16379,1005568,16.692489624023438,21
16380,1005568,38.52806091308594,43
16381,1005568,16.248291015625,21
16382,1005568,15.207186698913574,20
16383,1005568,16.10636329650879,21
16384,1005568,36.54725646972656,41
16385,1005568,29.76268768310547,34
16386,1005568,35.4250373840332,40
16387,1005568,40.41716384887695,45
16388,1005568,35.582069396972656,40
16389,1005824,34.48799133300781,39
16390,1005824,14.34525203704834,19
16391,1005824,19.747777938842773,25
16392,1005824,22.382305145263672,27
16393,1005824,32.51060485839844,37
16394,1005824,15.479690551757812,20
16395,1005824,17.202402114868164,22
16396,1005824,21.43111801147461,26
16397,1005824,33.70604705810547,38
16398,1005824,17.078323364257812,22
16399,1006080,18.115459442138672,23
16400,1006080,36.509464263916016,41
16401,1006080,20.797822952270508,26
16402,1006080,28.735233306884766,33
16403,1006080,27.089569091796875,32
16404,1006080,30.622600555419922,35
16405,1006080,31.473453521728516,36
16406,1006336,36.46236801147461,41
16407,1006336,32.446659088134766,37
16408,1006336,24.54932403564453,29
16409,1006336,21.321426391601562,26
16410,1006336,18.540729522705078,23
16411,1006592,21.37261199951172,26
16412,1006592,16.156368255615234,21
16413,1006592,36.30339813232422,41
16414,1006592,40.45830154418945,45
16415,1006848,29.6259708404541,34
16416,1006848,14.404443740844727,19
16417,1006848,26.58353614807129,31
16418,1006848,19.341779708862305,24
16419,1006848,27.621736526489258,33
16420,1006848,19.194055557250977,24
16421,1006848,18.223861694335938,23
16422,1006848,37.49216842651367,42
16423,1006848,18.808692932128906,23
16424,1007104,28.558738708496094,33
16425,1007104,30.61876678466797,35
16426,1007104,20.141036987304688,25
16427,1007104,28.73379135131836,33
16428,1007104,31.748184204101562,36
16429,1007104,40.2726936340332,45
16430,1007104,21.583972930908203,27
16431,1007104,27.842693328857422,32
16432,1007360,21.194721221923828,26
16433,1007360,35.53213119506836,40
16434,1007360,25.780031204223633,30
16435,1007360,19.496726989746094,24
16436,1007360,29.4652099609375,34
16437,1007360,17.919782638549805,23
16438,1007360,30.164104461669922,35
16439,1007616,36.45546340942383,41
16440,1007616,26.81817054748535,31
16441,1007616,25.05107879638672,30
16442,1007616,32.73221969604492,37
16443,1007616,33.586273193359375,38
16444,1007616,19.485774993896484,24
16445,1007616,24.59343719482422,29
16446,1007872,18.043272018432617,23
16447,1007872,32.647132873535156,37
16448,1007872,20.127336502075195,25
16449,1007872,39.422855377197266,44
16450,1007872,38.29866409301758,43
16451,1007872,17.18205451965332,22
16452,1008128,24.57969856262207,29
16453,1008128,41.19247055053711,46
16454,1008128,20.249967575073242,25
16455,1008128,26.584579467773438,31
16456,1008128,24.569129943847656,29
16457,1008128,21.084522247314453,26
16458,1008128,25.918668746948242,31
16459,1008128,22.490550994873047,27
16460,1008128,30.804494857788086,35
16461,1008384,26.641098022460938,31
16462,1008384,15.189203262329102,20
16463,1008384,27.605815887451172,32
16464,1008384,29.58001136779785,34
16465,1008384,29.586105346679688,34
16466,1008384,17.535369873046875,22
16467,1008384,30.87322235107422,35
16468,1008384,37.373313903808594,42
16469,1008640,44.317867279052734,49
16470,1008640,30.686054229736328,35
16471,1008640,26.69672393798828,31
16472,1008640,34.66046905517578,39
16473,1008896,34.593502044677734,39
16474,1008896,28.433349609375,33
16475,1008896,26.572423934936523,31
16476,1008896,22.545106887817383,27
16477,1008896,26.64004135131836,31
16478,1008896,24.290863037109375,29
16479,1008896,27.251737594604492,32
16480,1008896,15.187702178955078,20
16481,1008896,30.705547332763672,35
16482,1008896,38.558433532714844,43
16483,1009152,34.439292907714844,39
16484,1009152,21.018115997314453,26
16485,1009152,31.61408042907715,36
16486,1009152,19.619176864624023,24
16487,1009152,20.187732696533203,25
16488,1009152,24.505414962768555,29
16489,1009152,31.825986862182617,36
16490,1009152,23.376502990722656,28
16491,1009408,34.60816192626953,39
16492,1009408,36.339111328125,41
16493,1009408,22.208049774169922,27
16494,1009408,23.22575569152832,28
16495,1009408,19.67296028137207,25
16496,1009408,26.003889083862305,31
16497,1009408,35.529239654541016,40
16498,1009408,17.252220153808594,22
16499,1009408,39.3709602355957,44
16500,1009408,52.98774719238281,58
16501,1009408,18.07671546936035,23
16502,1009408,36.488380432128906,41
16503,1009408,25.796600341796875,30
16504,1009408,21.428041458129883,26
16505,1009664,24.708927154541016,29
16506,1009664,14.578779220581055,19
16507,1009664,18.349403381347656,23
16508,1009664,31.78042984008789,36
16509,1009664,21.253856658935547,26
16510,1009920,40.30377960205078,45
16511,1009920,26.131771087646484,31
16512,1009920,31.567975997924805,36
16513,1009920,37.25944519042969,42
16514,1009920,29.68232536315918,34
16515,1010176,27.54269027709961,32
16516,1010176,35.48272705078125,40
16517,1010176,34.57963562011719,39
16518,1010176,22.243099212646484,27
16519,1010176,24.226272583007812,29
16520,1010432,26.726654052734375,31
16521,1010432,18.099029541015625,23
16522,1010432,36.54151916503906,41
16523,1010432,31.354528427124023,36
16524,1010432,15.528079986572266,20
16525,1010432,22.38545799255371,27
16526,1010432,21.619783401489258,26
16527,1010432,23.299365997314453,28
16528,1010432,26.169578552246094,31
16529,1010432,32.56885528564453,37
16530,1010432,34.434627532958984,39
16531,1010432,35.68162536621094,40
16532,1010688,27.427989959716797,32
16533,1010688,34.75458908081055,39
16534,1010688,30.158233642578125,35
16535,1010688,40.17726516723633,45
16536,1010688,23.948951721191406,29
16537,1010688,16.330564498901367,21
16538,1010688,24.950143814086914,29
16539,1010688,24.74567413330078,29
16540,1010944,22.448530197143555,27
16541,1010944,25.596847534179688,30
16542,1010944,34.42361068725586,39
16543,1010944,32.55356979370117,37
16544,1010944,21.39767837524414,26
16545,1010944,22.55106544494629,27
16546,1010944,30.65764617919922,35
16547,1010944,32.63675308227539,37
16548,1011200,28.50973129272461,33
16549,1011200,39.335933685302734,44
16550,1011200,29.515056610107422,34
16551,1011200,24.56566619873047,29
16552,1011200,27.682649612426758,32
16553,1011200,26.687427520751953,31
16554,1011200,20.60921287536621,25
16555,1011200,32.62879943847656,37
16556,1011200,38.738346099853516,43
16557,1011456,22.807247161865234,28
16558,1011456,18.527647018432617,23
16559,1011456,42.26736831665039,47
16560,1011456,35.516143798828125,40
16561,1011456,19.359342575073242,24
16562,1011456,30.966533660888672,36
16563,1011456,33.364925384521484,38
16564,1011456,23.62640953063965,29
16565,1011456,22.52448081970215,27
16566,1011456,38.336326599121094,43
16567,1011456,30.595195770263672,35
16568,1011712,33.237518310546875,38
16569,1011712,16.63003158569336,21
16570,1011712,26.77124786376953,31
16571,1011712,26.72733497619629,31
16572,1011712,23.417369842529297,28
16573,1011712,20.045682907104492,25
16574,1011712,25.400714874267578,30
16575,1011712,39.34574890136719,44
16576,1011712,24.19930076599121,29
16577,1011712,15.950052261352539,21
16578,1011968,21.946569442749023,27
16579,1011968,43.629478454589844,48
16580,1011968,20.287748336791992,25
16581,1011968,29.69279670715332,34
16582,1011968,24.308650970458984,29
16583,1011968,30.697372436523438,35
16584,1011968,35.478755950927734,40
16585,1011968,35.59249496459961,40
16586,1011968,28.79826545715332,33
16587,1011968,20.373743057250977,25
16588,1011968,34.376338958740234,39
16589,1011968,19.654104232788086,24
16590,1011968,36.37337112426758,41
16591,1012224,30.684825897216797,35
16592,1012224,17.323774337768555,22
16593,1012224,24.474363327026367,29
16594,1012224,21.207902908325195,26
16595,1012224,24.451183319091797,29
16596,1012224,26.708141326904297,31
16597,1012224,20.449373245239258,25
16598,1012224,34.63148498535156,39
16599,1012224,31.502811431884766,36
16600,1012224,41.24113082885742,46
16601,1012224,26.620677947998047,31
16602,1012224,18.17202377319336,23
16603,1012224,41.07969284057617,46
16604,1012224,27.852367401123047,32
16605,1012480,37.578495025634766,42
16606,1012480,17.496152877807617,22
16607,1012480,21.166078567504883,26
16608,1012480,38.264984130859375,43
16609,1012480,34.41188049316406,39
16610,1012480,23.685344696044922,28
16611,1012736,18.162349700927734,23
16612,1012736,16.857275009155273,22
16613,1012736,29.588214874267578,34
16614,1012736,23.744556427001953,28
16615,1012736,32.59398651123047,37
16616,1012736,30.798887252807617,35
16617,1012736,21.68050193786621,26
16618,1012736,17.608510971069336,22
16619,1012736,33.51521301269531,38
16620,1012736,22.725418090820312,27
16621,1012992,25.598224639892578,30
16622,1012992,13.608510971069336,18
16623,1012992,22.073410034179688,27
16624,1012992,24.576791763305664,29
16625,1012992,14.397041320800781,19
16626,1012992,15.298978805541992,20
16627,1012992,41.29845428466797,46
16628,1013248,30.619247436523438,35
16629,1013248,24.1129150390625,29
16630,1013248,23.03250503540039,28
16631,1013248,36.37666320800781,41
16632,1013248,37.378814697265625,42
16633,1013248,39.3355598449707,44
16634,1013504,30.51272201538086,35
16635,1013504,26.607418060302734,31
16636,1013504,15.204498291015625,20
16637,1013504,27.855628967285156,32
16638,1013504,40.44904708862305,45
16639,1013504,15.675775527954102,20
16640,1013504,32.71216583251953,37
16641,1013504,29.75020408630371,34
16642,1013504,24.487186431884766,29
16643,1013760,21.752809524536133,26
16644,1013760,21.57614517211914,26
16645,1013760,31.723878860473633,36
16646,1013760,27.79140853881836,32
16647,1013760,22.214632034301758,27
16648,1013760,39.26913070678711,44
16649,1014016,29.330810546875,34
16650,1014016,30.33565330505371,35
16651,1014016,21.167282104492188,26
16652,1014016,26.586872100830078,31
16653,1014272,17.256315231323242,22
16654,1014272,21.59947395324707,26
16655,1014272,31.493377685546875,36
16656,1014272,35.352603912353516,40
16657,1014528,23.751333236694336,28
16658,1014528,34.46099853515625,39
16659,1014528,34.72576141357422,39
16660,1014528,21.114112854003906,26
16661,1014528,29.713104248046875,34
16662,1014528,24.513614654541016,29
16663,1014528,25.50481605529785,30
16664,1014784,25.257200241088867,30
16665,1014784,30.464303970336914,35
16666,1014784,41.33586120605469,46
16667,1014784,27.67046546936035,32
16668,1014784,40.42433166503906,45
16669,1014784,37.441402435302734,42
16670,1014784,31.78366470336914,36
16671,1015040,33.526214599609375,38
16672,1015040,30.799579620361328,35
16673,1015040,22.336994171142578,27
16674,1015040,24.573266983032227,29
16675,1015040,17.161346435546875,22
16676,1015040,17.643484115600586,22
16677,1015040,38.374637603759766,43
16678,1015040,32.58778762817383,37
16679,1015296,29.403791427612305,34
16680,1015296,32.466129302978516,37
16681,1015296,20.179250717163086,25
16682,1015296,23.531307220458984,28
16683,1015296,32.60820007324219,37
16684,1015296,19.4022274017334,24
16685,1015296,35.5158805847168,40
16686,1015296,31.53996467590332,36
16687,1015552,29.817476272583008,34
16688,1015552,29.72857666015625,34
16689,1015552,31.422672271728516,36
16690,1015552,37.529232025146484,42
16691,1015552,36.27598571777344,41
16692,1015552,33.782657623291016,38
16693,1015552,35.58900451660156,40
16694,1015808,23.44620704650879,28
16695,1015808,27.841909408569336,32
16696,1015808,24.416553497314453,29
16697,1015808,20.29185676574707,25
16698,1015808,19.078310012817383,24
16699,1016064,21.294130325317383,26
16700,1016064,15.211389541625977,20
16701,1016064,36.538597106933594,41
16702,1016064,19.241647720336914,24
16703,1016064,28.657054901123047,33
16704,1016064,17.378482818603516,22
16705,1016320,38.59571075439453,43
16706,1016320,28.35549545288086,33
16707,1016320,23.653976440429688,28
16708,1016320,24.716564178466797,29
16709,1016320,24.375497817993164,29
16710,1016320,24.613222122192383,29
16711,1016576,23.682716369628906,28
16712,1016576,29.21054458618164,34
16713,1016576,28.416902542114258,33
16714,1016576,19.360525131225586,24
16715,1016576,29.701641082763672,34
16716,1016576,20.51561737060547,25
16717,1016576,35.368900299072266,40
16718,1016576,25.79109001159668,30
16719,1016832,18.157350540161133,23
16720,1016832,23.829618453979492,29
16721,1016832,32.36174392700195,37
16722,1016832,20.64405059814453,25
16723,1016832,34.425724029541016,39
16724,1016832,34.51115036010742,39
16725,1016832,19.048158645629883,24
16726,1016832,24.614055633544922,29
16727,1016832,32.47762680053711,37
16728,1017088,21.43717384338379,26
16729,1017088,35.43764114379883,40
16730,1017088,34.522884368896484,39
16731,1017088,26.456867218017578,31
16732,1017088,30.638957977294922,35
16733,1017088,24.345006942749023,29
16734,1017088,17.160999298095703,22
16735,1017088,41.1952018737793,46
16736,1017088,27.57435417175293,32
16737,1017088,24.79157066345215,29
16738,1017344,16.408723831176758,21
16739,1017344,19.116296768188477,24
16740,1017344,25.332693099975586,30
16741,1017344,13.386285781860352,18
16742,1017344,34.623023986816406,39
16743,1017344,24.184659957885742,29
16744,1017600,27.808868408203125,32
16745,1017600,27.607486724853516,32
16746,1017600,16.160303115844727,21
16747,1017600,31.5366153717041,36
16748,1017600,32.42204284667969,37
16749,1017600,34.61891174316406,39
16750,1017600,23.831918716430664,28
16751,1017600,35.471920013427734,40
16752,1017600,27.702295303344727,33
16753,1017600,27.351518630981445,32
16754,1017600,23.518465042114258,28
16755,1017600,31.623687744140625,36
16756,1017600,16.054298400878906,21
16757,1017856,33.64238739013672,38
16758,1017856,27.810609817504883,32
16759,1017856,24.63033103942871,29
16760,1017856,35.32909393310547,40
16761,1017856,19.89094352722168,25
16762,1017856,23.16034507751465,28
16763,1017856,19.223573684692383,24
16764,1017856,25.825252532958984,30
16765,1017856,21.143192291259766,26
16766,1017856,17.454954147338867,22
16767,1017856,32.615570068359375,37
16768,1018112,20.55339813232422,25
16769,1018112,22.181455612182617,27
16770,1018112,29.650087356567383,34
16771,1018368,20.557186126708984,25
16772,1018368,23.478818893432617,28
16773,1018368,23.51154899597168,28
16774,1018368,30.562061309814453,35
16775,1018368,26.497669219970703,31
16776,1018368,17.279008865356445,22
16777,1018368,36.63811492919922,41
16778,1018368,28.622282028198242,33
16779,1018368,31.821895599365234,36
16780,1018368,18.439428329467773,23
16781,1018624,23.603059768676758,28
16782,1018624,18.235925674438477,23
16783,1018624,25.518592834472656,30
16784,1018624,36.473785400390625,41
16785,1018624,21.20275115966797,26
16786,1018624,26.547042846679688,31
16787,1018624,25.27669334411621,30
16788,1018624,35.45616912841797,40
16789,1018880,35.17094039916992,40
16790,1018880,39.34968948364258,44
16791,1018880,24.349716186523438,29
16792,1018880,34.73904037475586,39
16793,1018880,33.08079528808594,38
16794,1018880,27.865604400634766,32
16795,1018880,41.56471633911133,46
16796,1019136,17.521377563476562,22
16797,1019136,22.278717041015625,27
16798,1019136,20.87035369873047,25
16799,1019136,28.864545822143555,33
16800,1019136,25.638246536254883,30
16801,1019136,26.746536254882812,31
16802,1019136,36.59617233276367,41
16803,1019136,23.423818588256836,28
16804,1019136,28.0705509185791,33
16805,1019136,18.69490623474121,23
16806,1019136,38.363948822021484,43
16807,1019392,17.35649299621582,22
16808,1019392,19.416982650756836,24
16809,1019392,49.04669189453125,54
16810,1019392,26.52103042602539,31
16811,1019392,25.389144897460938,30
16812,1019392,18.333961486816406,23
16813,1019648,23.489253997802734,28
16814,1019648,36.49468994140625,41
16815,1019648,35.49751663208008,40
16816,1019648,20.072755813598633,25
16817,1019648,32.676597595214844,37
16818,1019648,31.731788635253906,36
16819,1019648,35.498905181884766,40
16820,1019904,30.54704475402832,35
16821,1019904,38.61159133911133,43
16822,1019904,24.787494659423828,29
16823,1020160,29.844179153442383,34
16824,1020160,31.73971939086914,36
16825,1020160,24.406164169311523,29
16826,1020160,29.620220184326172,35
16827,1020160,26.063270568847656,31
16828,1020160,28.168642044067383,33
16829,1020160,33.166996002197266,38
16830,1020160,28.49283218383789,33
16831,1020160,45.10445022583008,50
16832,1020160,28.85108184814453,33
16833,1020160,19.947254180908203,25
16834,1020160,19.34009552001953,24
16835,1020160,26.620229721069336,31
16836,1020160,32.61738204956055,37
16837,1020416,26.353153228759766,31
16838,1020416,33.629669189453125,38
16839,1020416,35.446170806884766,40
16840,1020416,34.538944244384766,39
16841,1020416,30.86594009399414,35
16842,1020416,27.064491271972656,32
16843,1020672,30.78424644470215,35
16844,1020672,17.568660736083984,22
16845,1020672,40.736080169677734,45
16846,1020672,41.257904052734375,46
16847,1020672,28.69529914855957,33
16848,1020672,15.34549331665039,20
16849,1020672,26.617530822753906,31
16850,1020672,28.588544845581055,33
16851,1020672,23.720144271850586,28
16852,1020928,38.390235900878906,43
16853,1020928,20.519311904907227,25
16854,1020928,24.434024810791016,29
16855,1020928,27.74268341064453,32
16856,1020928,30.48822021484375,35
16857,1020928,23.055763244628906,28
16858,1020928,28.159645080566406,33
16859,1020928,30.66387939453125,35
16860,1020928,38.53003692626953,43
16861,1021184,20.336181640625,25
16862,1021184,43.128211975097656,48
16863,1021184,22.67877197265625,28
16864,1021184,31.29132652282715,36
16865,1021184,26.73729133605957,31
16866,1021184,35.526573181152344,40
16867,1021184,30.719030380249023,35
16868,1021184,37.53471374511719,42
16869,1021184,28.690967559814453,33
16870,1021184,16.35883331298828,21
16871,1021440,29.401187896728516,34
16872,1021440,34.548439025878906,39
16873,1021440,27.729013442993164,32
16874,1021440,23.34119415283203,28
16875,1021440,36.50098419189453,41
16876,1021440,35.493595123291016,40
16877,1021440,22.438791275024414,27
16878,1021440,21.362030029296875,26
16879,1021696,36.548126220703125,41
16880,1021696,21.375829696655273,26
16881,1021696,33.66156768798828,38
16882,1021696,27.68329620361328,32
16883,1021696,54.03163146972656,59
16884,1021696,34.406002044677734,39
16885,1021952,34.68805694580078,39
16886,1021952,14.26717472076416,19
16887,1021952,33.64888381958008,38
16888,1021952,23.663034439086914,28
16889,1021952,22.18161392211914,27
16890,1022208,36.67059326171875,41
16891,1022208,28.45479393005371,33
16892,1022208,31.799652099609375,36
16893,1022208,31.71872329711914,36
16894,1022208,28.143455505371094,33
16895,1022208,18.18071937561035,23
16896,1022208,35.49894714355469,40
16897,1022208,23.55362319946289,28
16898,1022208,35.04330825805664,40
16899,1022464,36.55617141723633,41
16900,1022464,16.270845413208008,21
16901,1022464,23.149349212646484,28
16902,1022464,20.39331817626953,25
16903,1022464,25.54683494567871,31
16904,1022464,32.655609130859375,37
16905,1022720,30.796091079711914,35
16906,1022720,44.00196075439453,49
16907,1022720,24.310714721679688,29
16908,1022720,21.47306251525879,26
16909,1022720,29.767070770263672,34
16910,1022720,39.301143646240234,44
16911,1022720,29.48734474182129,34
16912,1022976,32.63105010986328,37
16913,1022976,34.54971694946289,39
16914,1022976,28.281383514404297,33
16915,1022976,18.523942947387695,23
16916,1022976,23.781953811645508,28
16917,1022976,16.41127586364746,21
16918,1022976,39.42255783081055,44
16919,1022976,20.323122024536133,25
16920,1022976,25.58380126953125,30
16921,1022976,37.576988220214844,42
16922,1023232,21.083383560180664,26
16923,1023232,36.59619903564453,41
16924,1023232,30.744388580322266,35
16925,1023232,38.434844970703125,43
16926,1023232,35.703121185302734,40
16927,1023232,16.593408584594727,21
16928,1023488,35.12571334838867,40
16929,1023488,22.210988998413086,27
16930,1023488,29.730222702026367,34
16931,1023488,21.642227172851562,26
16932,1023488,36.5797119140625,41
16933,1023744,43.124412536621094,48
16934,1023744,29.5688533782959,34
16935,1023744,35.51282501220703,40
16936,1023744,29.70220375061035,34
16937,1023744,18.631813049316406,23
16938,1023744,30.519115447998047,35
16939,1023744,19.011266708374023,24
16940,1023744,31.74652099609375,36
16941,1023744,39.51036834716797,44
16942,1023744,20.84650421142578,25
16943,1023744,18.797367095947266,23
16944,1023744,28.654834747314453,33
16945,1024000,33.49216842651367,38
16946,1024000,38.496299743652344,43
16947,1024000,27.577194213867188,32
16948,1024000,31.50290298461914,36
16949,1024000,25.529701232910156,30
16950,1024000,21.968114852905273,27
16951,1024000,27.749191284179688,32
16952,1024000,16.57657241821289,21
16953,1024000,27.837936401367188,33
16954,1024000,19.377487182617188,24
16955,1024256,20.142547607421875,25
16956,1024256,25.040220260620117,30
16957,1024256,21.563568115234375,26
16958,1024256,29.44209098815918,34
16959,1024256,28.5642032623291,33
16960,1024256,33.487125396728516,38
16961,1024256,23.4146785736084,28
16962,1024512,22.652175903320312,28
16963,1024512,22.349573135375977,27
16964,1024512,30.811622619628906,35
16965,1024512,28.558101654052734,33
16966,1024512,30.46836280822754,35
16967,1024512,31.71034049987793,36
16968,1024512,23.57910919189453,28
16969,1024512,44.30935287475586,49
16970,1024512,31.6505184173584,36
16971,1024512,28.76214599609375,33
16972,1024512,15.184455871582031,20
16973,1024512,26.361103057861328,31
16974,1024512,22.562808990478516,27
16975,1024512,27.69245147705078,32
16976,1024512,23.65616226196289,28
16977,1024768,19.478342056274414,24
16978,1024768,28.804550170898438,33
16979,1024768,44.05751419067383,49
16980,1024768,27.343948364257812,32
16981,1025024,37.562957763671875,42
16982,1025024,35.62376022338867,40
16983,1025024,40.122074127197266,45
16984,1025280,21.133726119995117,26
16985,1025280,24.56539535522461,29
16986,1025280,17.073823928833008,22
16987,1025280,29.78166961669922,34
16988,1025280,41.44430160522461,46
16989,1025280,29.477794647216797,34
16990,1025536,25.70939064025879,30
16991,1025536,26.83786964416504,31
16992,1025536,28.719526290893555,33
16993,1025536,25.900772094726562,30
16994,1025536,29.77347755432129,34
16995,1025536,38.54811096191406,43
16996,1025536,23.24877166748047,28
16997,1025536,34.32352828979492,39
16998,1025536,21.887271881103516,27
16999,1025536,13.488504409790039,18
17000,1025536,36.4231071472168,41
17001,1025536,23.439048767089844,28
17002,1025536,16.181926727294922,21
17003,1025792,36.44948959350586,41
17004,1025792,21.35228729248047,26
17005,1025792,30.562559127807617,35
17006,1025792,35.537315368652344,40
17007,1025792,18.952556610107422,24
17008,1025792,21.326406478881836,26
17009,1025792,22.61446189880371,27
17010,1025792,28.09221649169922,33
17011,1025792,26.863012313842773,31
17012,1025792,29.52056312561035,34
17013,1026048,28.793590545654297,33
17014,1026048,23.415800094604492,28
17015,1026048,22.720703125,28
17016,1026048,22.201622009277344,27
17017,1026048,29.631277084350586,34
17018,1026304,29.490190505981445,34
17019,1026304,32.755435943603516,37
17020,1026304,29.71234893798828,34
17021,1026304,17.292137145996094,22
17022,1026304,31.693342208862305,36
17023,1026304,26.366334915161133,31
17024,1026560,17.370975494384766,22
17025,1026560,35.57568359375,40
17026,1026560,18.341819763183594,23
17027,1026560,25.471908569335938,30
17028,1026560,27.77680206298828,32
17029,1026560,40.490074157714844,45
17030,1026560,33.582977294921875,38
17031,1026560,36.39842987060547,41
17032,1026560,28.72882652282715,33
17033,1026816,25.71328353881836,30
17034,1026816,28.706117630004883,33
17035,1026816,18.330703735351562,23
17036,1026816,36.585662841796875,41
17037,1026816,34.579952239990234,39
17038,1026816,13.419268608093262,18
17039,1026816,31.389822006225586,36
17040,1026816,29.705013275146484,34
17041,1026816,28.72827911376953,33
17042,1026816,31.617910385131836,36
17043,1026816,34.415016174316406,39
17044,1026816,26.47148323059082,31
17045,1027072,38.54895782470703,43
17046,1027072,21.459867477416992,26
17047,1027072,23.145509719848633,28
17048,1027072,22.728160858154297,27
17049,1027072,27.998443603515625,33
17050,1027328,19.975963592529297,25
17051,1027328,30.324491500854492,35
17052,1027328,29.69120216369629,34
17053,1027328,27.53420066833496,32
17054,1027328,19.252586364746094,24
17055,1027328,30.65953826904297,35
17056,1027328,34.788414001464844,40
17057,1027328,22.38665008544922,27
17058,1027584,19.376768112182617,24
17059,1027584,28.41407585144043,33
17060,1027584,23.260860443115234,28
17061,1027584,22.332746505737305,27
17062,1027584,20.278343200683594,25
17063,1027584,16.290361404418945,21
17064,1027584,26.203842163085938,31
17065,1027584,37.46879196166992,42
17066,1027584,25.134719848632812,30
17067,1027584,37.666175842285156,42
17068,1027840,35.38093566894531,40
17069,1027840,37.530391693115234,42
17070,1027840,25.602367401123047,30
17071,1027840,28.373897552490234,33
17072,1027840,18.457324981689453,23
17073,1027840,25.167936325073242,30
17074,1027840,29.307575225830078,34
17075,1027840,27.502809524536133,32
17076,1027840,44.32889175415039,49
17077,1027840,14.56733512878418,19
17078,1028096,25.920536041259766,30
17079,1028096,16.158641815185547,21
17080,1028096,36.25187683105469,41
17081,1028096,35.458984375,40
17082,1028096,30.820537567138672,35
17083,1028096,28.606067657470703,33
17084,1028352,25.723163604736328,30
17085,1028352,34.68072509765625,39
17086,1028352,35.463165283203125,40
17087,1028352,28.77366828918457,33
17088,1028608,28.284990310668945,33
17089,1028608,18.1031551361084,23
17090,1028608,31.71941375732422,36
17091,1028608,17.138153076171875,22
17092,1028608,21.7144775390625,26
17093,1028608,31.59615707397461,36
17094,1028608,32.538719177246094,37
17095,1028864,35.45718002319336,40
17096,1028864,29.63658905029297,34
17097,1028864,35.01900863647461,40
17098,1028864,27.640615463256836,32
17099,1028864,29.736112594604492,34
17100,1028864,24.53382110595703,29
17101,1028864,16.13471221923828,21
17102,1028864,36.44146728515625,41
17103,1029120,34.62849426269531,39
17104,1029120,24.575632095336914,29
17105,1029120,13.46670913696289,18
17106,1029120,35.5009880065918,40
17107,1029120,25.164709091186523,30
17108,1029120,39.15388488769531,44
17109,1029120,26.50238800048828,31
17110,1029376,16.31509017944336,21
17111,1029376,22.54706382751465,27
17112,1029376,24.34126853942871,29
17113,1029376,33.40060043334961,38
17114,1029376,16.16347885131836,21
17115,1029376,31.60585594177246,36
17116,1029632,26.81962776184082,31
17117,1029632,20.733850479125977,25
17118,1029632,19.41858673095703,24
17119,1029632,30.63833999633789,35
17120,1029632,27.653413772583008,32
17121,1029632,32.62965393066406,37
17122,1029632,32.64201354980469,37
17123,1029888,19.885812759399414,25
17124,1029888,14.250268936157227,19
17125,1029888,22.66152572631836,27
17126,1029888,31.490676879882812,36
17127,1029888,24.131044387817383,29
17128,1029888,22.997472763061523,28
17129,1030144,29.612224578857422,34
17130,1030144,17.45989227294922,22
17131,1030144,30.672788619995117,35
17132,1030144,34.55561447143555,39
17133,1030144,17.012123107910156,22
17134,1030144,28.623748779296875,33
17135,1030144,32.42852020263672,37
17136,1030400,18.242918014526367,23
17137,1030400,24.668601989746094,29
17138,1030400,26.382892608642578,32
17139,1030400,18.20298957824707,23
17140,1030400,20.670631408691406,25
17141,1030400,27.705793380737305,32
17142,1030400,38.42866134643555,43
17143,1030400,28.814966201782227,33
17144,1030656,22.215978622436523,27
17145,1030656,17.0716609954834,22
17146,1030656,31.49224090576172,36
17147,1030656,33.56598663330078,38
17148,1030656,30.712032318115234,35
17149,1030656,33.513282775878906,38
17150,1030656,38.4793586730957,43
17151,1030656,15.412041664123535,20
17152,1030656,27.645296096801758,32
17153,1030656,35.464500427246094,40
17154,1030656,28.559246063232422,33
17155,1030912,15.465398788452148,20
17156,1030912,23.204856872558594,28
17157,1030912,27.8516845703125,32
17158,1030912,31.64228630065918,36
17159,1030912,31.53277587890625,36
17160,1030912,26.33389663696289,31
17161,1030912,23.8453369140625,28
17162,1030912,28.8138427734375,33
17163,1030912,25.726167678833008,30
17164,1030912,30.65980339050293,35
17165,1030912,37.6248779296875,42
17166,1030912,17.551509857177734,22
17167,1030912,37.49681854248047,42
17168,1030912,34.47195816040039,39
17169,1030912,19.188541412353516,24
17170,1030912,22.671188354492188,27
17171,1030912,17.0470027923584,22
17172,1031168,43.198787689208984,48
17173,1031168,16.045135498046875,21
17174,1031168,23.152517318725586,29
17175,1031168,23.190488815307617,28
17176,1031168,25.058839797973633,30
17177,1031168,36.44921875,41
17178,1031168,42.35982894897461,47
17179,1031168,27.549468994140625,32
17180,1031168,17.35926628112793,22
17181,1031424,22.371902465820312,27
17182,1031424,27.77094841003418,32
17183,1031424,27.8145751953125,32
17184,1031424,27.468935012817383,32
17185,1031424,34.68130111694336,39
17186,1031424,38.20409393310547,43
17187,1031424,36.45942306518555,41
17188,1031424,18.288402557373047,23
17189,1031424,31.5666446685791,36
17190,1031424,21.153854370117188,26
17191,1031424,19.752037048339844,24
17192,1031680,24.141944885253906,29
17193,1031680,19.482397079467773,24
17194,1031680,32.70793533325195,37
17195,1031680,37.41548538208008,42
17196,1031680,29.672910690307617,34
17197,1031680,30.592073440551758,35
17198,1031680,43.238224029541016,48
17199,1031680,18.898143768310547,24
17200,1031680,36.49123001098633,41
17201,1031936,31.547395706176758,36
17202,1031936,37.45087814331055,42
17203,1031936,23.807575225830078,29
17204,1031936,32.468013763427734,37
17205,1031936,26.500194549560547,31
17206,1031936,20.192039489746094,25
17207,1031936,12.562202453613281,17
17208,1031936,37.150516510009766,42
17209,1032192,28.773883819580078,33
17210,1032192,37.45412063598633,42
17211,1032192,27.49378204345703,33
17212,1032192,27.351093292236328,32
17213,1032192,25.819976806640625,30
17214,1032192,21.070634841918945,26
17215,1032448,19.079526901245117,24
17216,1032448,30.10708236694336,35
17217,1032448,21.12144660949707,26
17218,1032448,23.80685806274414,28
17219,1032448,19.54226303100586,24
17220,1032704,20.614377975463867,25
17221,1032704,40.39718246459961,45
17222,1032704,29.709089279174805,34
17223,1032704,29.712209701538086,34
17224,1032960,41.307010650634766,46
17225,1032960,21.88995933532715,27
17226,1032960,19.40634536743164,24
17227,1032960,45.035858154296875,50
17228,1032960,22.17881202697754,27
17229,1032960,20.374610900878906,25
17230,1032960,17.539203643798828,22
17231,1032960,35.454193115234375,40
17232,1032960,24.483293533325195,29
17233,1032960,31.506183624267578,36
17234,1033216,15.156091690063477,20
17235,1033216,42.3099365234375,47
17236,1033216,37.26637649536133,42
17237,1033216,20.049917221069336,25
17238,1033216,27.222501754760742,32
17239,1033216,34.59828567504883,39
17240,1033216,29.154190063476562,34
17241,1033216,29.700857162475586,34
17242,1033472,22.12594223022461,27
17243,1033472,33.214019775390625,38
17244,1033472,15.451231956481934,20
17245,1033472,30.685543060302734,35
17246,1033472,33.66063690185547,38
17247,1033472,31.51913070678711,36
17248,1033472,26.643423080444336,31
17249,1033472,26.206811904907227,31
17250,1033472,33.54005813598633,38
17251,1033472,32.05952453613281,37
17252,1033728,22.75982093811035,28
17253,1033728,32.582420349121094,37
17254,1033728,32.66382598876953,37
17255,1033728,22.843469619750977,28
17256,1033728,40.555694580078125,45
17257,1033984,31.698238372802734,36
17258,1033984,16.224340438842773,21
17259,1033984,21.458208084106445,26
17260,1033984,17.476329803466797,22
17261,1033984,35.47205352783203,40
17262,1033984,21.526031494140625,26
17263,1033984,32.44567108154297,37
17264,1033984,33.6998405456543,38
17265,1033984,18.636943817138672,23
17266,1034240,27.70388412475586,32
17267,1034240,28.068111419677734,33
17268,1034240,24.49701690673828,29
17269,1034240,23.554180145263672,28
17270,1034240,25.687700271606445,30
17271,1034496,18.46656608581543,23
17272,1034496,22.807601928710938,27
17273,1034496,21.136329650878906,26
17274,1034496,21.31108856201172,26
17275,1034496,22.102645874023438,27
17276,1034496,23.43480682373047,28
17277,1034496,35.46980667114258,40
17278,1034496,35.65470504760742,40
17279,1034752,30.69586181640625,35
17280,1034752,31.69223976135254,36
17281,1034752,23.325510025024414,28
17282,1034752,26.199447631835938,31
17283,1034752,25.28559684753418,30
17284,1034752,32.53514862060547,37
17285,1034752,27.42919158935547,32
17286,1034752,29.80196189880371,35
17287,1034752,30.666908264160156,35
17288,1035008,28.330198287963867,33
17289,1035008,27.225605010986328,32
17290,1035008,20.801849365234375,25
17291,1035008,22.448564529418945,27
17292,1035008,42.17753601074219,47
17293,1035008,42.29551315307617,47
17294,1035008,24.76017951965332,29
17295,1035008,28.57674789428711,33
17296,1035008,36.55140686035156,41
17297,1035264,24.696823120117188,29
17298,1035264,33.49351119995117,38
17299,1035264,43.20559310913086,48
17300,1035264,20.20639419555664,25
17301,1035264,46.44839859008789,51
17302,1035264,26.506694793701172,31
17303,1035520,25.23976707458496,30
17304,1035520,32.70451354980469,37
17305,1035520,37.39852523803711,42
17306,1035520,29.677648544311523,34
17307,1035520,19.207191467285156,24
17308,1035520,24.25904655456543,29
17309,1035520,19.167003631591797,24
17310,1035520,16.48841094970703,21
17311,1035520,19.222801208496094,24
17312,1035520,25.68771743774414,30
17313,1035520,34.60049057006836,39
17314,1035520,38.25536346435547,43
17315,1035520,21.800865173339844,26
17316,1035776,32.536537170410156,37
17317,1035776,30.519073486328125,35
17318,1035776,30.5308780670166,35
17319,1035776,42.394630432128906,47
17320,1035776,30.629690170288086,35
17321,1035776,21.630908966064453,26
17322,1035776,27.240934371948242,32
17323,1035776,34.481239318847656,39
17324,1035776,27.66839599609375,32
17325,1035776,31.61392593383789,36
17326,1036032,30.608671188354492,35
17327,1036032,33.509010314941406,38
17328,1036032,26.3529052734375,31
17329,1036288,24.295400619506836,29
17330,1036288,21.39398765563965,26
17331,1036288,36.68437576293945,41
17332,1036288,20.24637794494629,25
17333,1036288,27.72528648376465,32
17334,1036288,32.431278228759766,37
17335,1036288,36.789554595947266,41
17336,1036288,29.64238739013672,34
17337,1036288,34.60919952392578,39
17338,1036288,41.14156723022461,46
17339,1036544,39.42377471923828,44
17340,1036544,26.58791732788086,31
17341,1036544,18.416851043701172,23
17342,1036544,27.62693977355957,32
17343,1036544,17.1691837310791,22
17344,1036800,23.716890335083008,28
17345,1036800,33.470062255859375,38
17346,1036800,30.797374725341797,35
17347,1036800,22.468772888183594,27
17348,1036800,37.45840835571289,42
17349,1036800,34.579811096191406,39
17350,1036800,31.828826904296875,37
17351,1037056,20.180166244506836,25
17352,1037056,27.436756134033203,32
17353,1037056,33.738407135009766,38
17354,1037056,20.81641960144043,26
17355,1037056,26.806461334228516,31
17356,1037056,24.776968002319336,29
17357,1037056,33.493656158447266,38
17358,1037056,31.735855102539062,36
17359,1037056,21.957904815673828,27
17360,1037312,25.267789840698242,30
17361,1037312,27.51384162902832,32
17362,1037312,20.321990966796875,25
17363,1037312,28.54075050354004,33
17364,1037312,19.974302291870117,25
17365,1037568,20.43895721435547,25
17366,1037568,21.189435958862305,26
17367,1037568,23.771602630615234,28
17368,1037568,29.838790893554688,34
17369,1037568,29.71459197998047,34
17370,1037568,26.900522232055664,32
17371,1037568,21.44173240661621,26
17372,1037568,23.28669548034668,28
17373,1037568,24.506967544555664,29
17374,1037824,23.8303165435791,28
17375,1037824,30.780744552612305,35
17376,1037824,19.208683013916016,24
17377,1037824,14.460372924804688,19
17378,1037824,38.32638168334961,43
17379,1037824,28.275468826293945,33
17380,1037824,34.63990783691406,39
17381,1037824,29.212114334106445,34
17382,1037824,31.64826774597168,36
17383,1037824,27.70340347290039,32
17384,1038080,36.426204681396484,41
17385,1038080,26.28424835205078,31
17386,1038080,26.33542251586914,31
17387,1038080,29.52121925354004,34
17388,1038080,19.281015396118164,24
17389,1038080,23.839176177978516,28
17390,1038080,22.966060638427734,28
17391,1038080,27.467653274536133,32
17392,1038080,18.768291473388672,24
17393,1038336,24.66912269592285,29
17394,1038336,39.28511428833008,44
17395,1038336,22.50644302368164,27
17396,1038336,25.753684997558594,30
17397,1038336,22.457448959350586,27
17398,1038336,21.491741180419922,26
17399,1038336,31.522659301757812,36
17400,1038336,24.76856231689453,29
17401,1038336,28.735721588134766,33
17402,1038336,24.045373916625977,30
17403,1038336,26.375768661499023,31
17404,1038336,21.55088233947754,26
17405,1038336,24.421621322631836,29
17406,1038592,27.656436920166016,32
17407,1038592,23.0844669342041,28
17408,1038592,22.027799606323242,27
17409,1038592,22.374238967895508,27
17410,1038592,20.012378692626953,25
17411,1038592,17.31329345703125,22
17412,1038592,20.93315315246582,26
17413,1038592,17.521421432495117,22
17414,1038592,23.688112258911133,28
17415,1038848,22.19292640686035,27
17416,1038848,28.630260467529297,34
17417,1038848,33.437034606933594,38
17418,1038848,31.647907257080078,36
17419,1038848,38.56818771362305,43
17420,1038848,27.56838607788086,32
17421,1038848,39.50652313232422,44
17422,1038848,17.523067474365234,22
17423,1038848,35.466068267822266,40
17424,1039104,34.620845794677734,39
17425,1039104,32.54389572143555,37
17426,1039104,27.45699691772461,32
17427,1039104,28.65274429321289,33
17428,1039104,31.536453247070312,36
17429,1039104,39.482086181640625,44
17430,1039104,31.63553237915039,36
17431,1039104,20.012527465820312,25
17432,1039104,30.56964874267578,35
17433,1039360,38.345947265625,43
17434,1039360,22.437149047851562,27
17435,1039360,29.26018714904785,34
17436,1039360,37.33721923828125,42
17437,1039360,27.827611923217773,32
17438,1039360,30.627235412597656,35
17439,1039616,17.483531951904297,22
17440,1039616,29.593406677246094,34
17441,1039616,18.31439971923828,23
17442,1039616,19.383464813232422,24
17443,1039616,20.437984466552734,25
17444,1039616,25.665969848632812,30
17445,1039616,19.794727325439453,25
17446,1039616,21.67401885986328,26
17447,1039616,25.29299545288086,30
17448,1039872,22.411516189575195,27
17449,1039872,29.339027404785156,34
17450,1039872,17.096511840820312,22
17451,1039872,30.56081199645996,35
17452,1040128,13.438481330871582,18
17453,1040128,33.50212860107422,38
17454,1040128,30.694477081298828,35
17455,1040128,25.167274475097656,30
17456,1040128,18.333070755004883,23
17457,1040128,14.614163398742676,19
17458,1040128,30.043973922729492,35
17459,1040128,32.52284240722656,37
17460,1040128,22.163602828979492,27
17461,1040384,22.358835220336914,27
17462,1040384,24.116004943847656,29
17463,1040384,24.447162628173828,30
17464,1040384,24.444936752319336,29
17465,1040384,26.696535110473633,32
17466,1040384,29.542518615722656,34
17467,1040384,28.578765869140625,34
17468,1040640,23.02151870727539,28
17469,1040640,29.67837905883789,34
17470,1040640,17.312641143798828,22
17471,1040640,23.269784927368164,28
17472,1040640,30.6165714263916,35
17473,1040896,16.226299285888672,21
17474,1040896,15.270666122436523,20
17475,1040896,28.323123931884766,33
17476,1040896,24.840564727783203,30
17477,1040896,22.648231506347656,27
17478,1040896,20.263566970825195,25
17479,1040896,18.901565551757812,24
17480,1040896,36.49829864501953,41
17481,1041152,35.34866714477539,40
17482,1041152,19.10823631286621,24
17483,1041152,35.388004302978516,40
17484,1041152,30.618385314941406,35
17485,1041152,19.997785568237305,25
17486,1041152,27.392467498779297,32
17487,1041152,34.52638244628906,39
17488,1041152,33.54719543457031,38
17489,1041152,34.50416946411133,39
17490,1041408,26.262985229492188,31
17491,1041408,37.349998474121094,42
17492,1041408,24.013774871826172,29
17493,1041408,30.56436538696289,35
17494,1041408,22.309171676635742,27
17495,1041408,21.30253791809082,26
17496,1041664,17.939441680908203,23
17497,1041664,38.571781158447266,43
17498,1041664,35.525787353515625,40
17499,1041920,20.281644821166992,25
17500,1041920,28.045921325683594,33
17501,1041920,27.195161819458008,32
17502,1041920,23.268686294555664,28
17503,1041920,23.31912612915039,28
17504,1041920,26.412294387817383,32
17505,1041920,20.98125648498535,26
17506,1041920,25.41549301147461,30
17507,1041920,16.447330474853516,21
17508,1041920,35.59317398071289,40
17509,1042176,21.471532821655273,26
17510,1042176,37.531105041503906,42
17511,1042176,21.427549362182617,26
17512,1042176,27.122283935546875,32
17513,1042176,19.852354049682617,25
17514,1042176,19.16016387939453,24
17515,1042176,21.192668914794922,26
17516,1042176,19.166545867919922,24
17517,1042176,38.354496002197266,43
17518,1042432,21.150070190429688,26
17519,1042432,40.2334098815918,45
17520,1042432,18.503271102905273,23
17521,1042432,26.42411994934082,31
17522,1042432,24.557371139526367,29
17523,1042432,35.48676681518555,40
17524,1042688,29.563636779785156,34
17525,1042688,33.66096496582031,38
17526,1042688,25.832294464111328,31
17527,1042688,39.41178512573242,44
17528,1042688,37.02891540527344,42
17529,1042688,19.268983840942383,24
17530,1042688,23.54782485961914,28
17531,1042688,24.24077606201172,29
17532,1042688,29.580080032348633,34
17533,1042688,30.228702545166016,35
17534,1042944,21.423917770385742,26
17535,1042944,42.365455627441406,47
17536,1042944,36.53002166748047,41
17537,1042944,27.634532928466797,32
17538,1042944,35.392578125,40
17539,1042944,30.681415557861328,35
17540,1043200,30.21871566772461,35
17541,1043200,30.532562255859375,35
17542,1043200,41.1946907043457,46
17543,1043200,34.57097244262695,39
17544,1043200,36.54261016845703,41
17545,1043200,24.748430252075195,30
17546,1043200,19.06256675720215,24
17547,1043200,18.358627319335938,23
17548,1043200,24.918094635009766,30
17549,1043456,30.38105010986328,35
17550,1043456,20.585556030273438,25
17551,1043456,30.77680206298828,35
17552,1043456,17.33749771118164,22
17553,1043456,36.34395217895508,41
17554,1043456,23.007898330688477,28
17555,1043456,28.49178695678711,33
17556,1043456,16.17787742614746,21
17557,1043456,17.553890228271484,22
17558,1043456,19.335731506347656,24
17559,1043456,28.73977279663086,33
17560,1043712,40.34902572631836,45
17561,1043712,42.98701858520508,48
17562,1043712,16.369873046875,21
17563,1043712,17.197118759155273,22
17564,1043712,23.893762588500977,29
17565,1043712,16.323251724243164,21
17566,1043712,27.307937622070312,32
17567,1043712,36.32381820678711,41
17568,1043968,28.86039924621582,34
17569,1043968,19.273727416992188,24
17570,1043968,35.5010986328125,40
17571,1043968,27.576200485229492,32
17572,1043968,23.473186492919922,28
17573,1043968,36.40985870361328,41
17574,1043968,36.48931884765625,41
17575,1044224,24.489757537841797,29
17576,1044224,31.52028465270996,36
17577,1044224,26.192697525024414,31
17578,1044224,26.105548858642578,31
17579,1044224,28.17125129699707,33
17580,1044480,30.738168716430664,35
17581,1044480,18.224529266357422,23
17582,1044480,19.345685958862305,24
17583,1044480,13.483543395996094,18
17584,1044480,36.29149627685547,41
17585,1044480,22.227149963378906,27
17586,1044480,27.57847785949707,32
17587,1044480,18.40808868408203,23
17588,1044480,18.935882568359375,24
17589,1044736,27.080490112304688,32
17590,1044736,17.566438674926758,22
17591,1044736,33.27126693725586,38
17592,1044736,47.334144592285156,52
17593,1044736,31.54570770263672,36
17594,1044736,15.67060661315918,20
17595,1044736,37.24814224243164,42
17596,1044992,21.659255981445312,26
17597,1044992,29.73671531677246,34
17598,1044992,23.577016830444336,28
17599,1044992,20.247535705566406,25
17600,1044992,31.401277542114258,36
17601,1044992,27.805648803710938,32
17602,1044992,48.93144226074219,54
17603,1045248,22.361814498901367,27
17604,1045248,23.183639526367188,28
17605,1045248,41.200191497802734,46
17606,1045248,37.39167785644531,42
17607,1045248,35.45587158203125,40
17608,1045248,33.534095764160156,38
17609,1045248,24.147953033447266,29
17610,1045248,29.31406021118164,35
17611,1045248,31.77081871032715,36
17612,1045248,22.342613220214844,27
17613,1045504,43.30912399291992,48
17614,1045504,25.665178298950195,30
17615,1045504,46.987327575683594,52
17616,1045504,22.14461898803711,27
17617,1045504,17.832794189453125,23
17618,1045504,36.54166030883789,41
17619,1045504,20.676618576049805,26
17620,1045504,21.640762329101562,26
17621,1045760,25.353233337402344,30
17622,1045760,14.352479934692383,19
17623,1045760,36.48896026611328,41
17624,1045760,30.4487247467041,35
17625,1045760,23.857044219970703,28
17626,1045760,15.157681465148926,20
17627,1045760,38.40111541748047,43
17628,1045760,19.33301544189453,24
17629,1045760,36.37646484375,41
17630,1045760,17.622211456298828,22
17631,1046016,39.41625213623047,44
17632,1046016,28.6241455078125,33
17633,1046016,20.24114418029785,25
17634,1046016,28.672100067138672,33
17635,1046016,40.563350677490234,45
17636,1046272,27.253021240234375,32
17637,1046272,29.580835342407227,34
17638,1046272,19.358247756958008,24
17639,1046272,41.18349075317383,46
17640,1046272,45.12950897216797,50
17641,1046272,24.74970054626465,29
17642,1046528,19.457990646362305,24
17643,1046528,26.619125366210938,31
17644,1046528,20.132591247558594,25
17645,1046784,26.481809616088867,31
17646,1046784,38.28708267211914,43
17647,1046784,30.725982666015625,35
17648,1046784,18.6472225189209,23
17649,1046784,33.62076187133789,38
17650,1046784,31.532894134521484,36
17651,1046784,33.66149139404297,38
17652,1047040,14.373645782470703,19
17653,1047040,32.64982604980469,37
17654,1047040,26.127525329589844,31
17655,1047040,33.32315444946289,38
17656,1047040,20.02897834777832,25
17657,1047040,28.412038803100586,33
17658,1047040,35.46251678466797,40
17659,1047040,30.663408279418945,35
17660,1047040,35.56058883666992,40
17661,1047296,25.57271385192871,31
17662,1047296,13.394685745239258,18
17663,1047296,20.202497482299805,25
17664,1047296,35.461708068847656,40
17665,1047296,35.571144104003906,40
17666,1047296,38.417869567871094,43
17667,1047296,27.628992080688477,32
17668,1047296,37.31395721435547,42
17669,1047296,22.320981979370117,27
17670,1047296,35.48178482055664,40
17671,1047296,27.40801239013672,32
17672,1047552,24.513187408447266,29
17673,1047552,41.19664001464844,46
17674,1047552,31.411136627197266,36
17675,1047552,37.5989990234375,42
17676,1047552,17.38136863708496,22
17677,1047552,27.454368591308594,32
17678,1047552,41.15482711791992,46
17679,1047552,17.06157112121582,22
17680,1047552,31.403987884521484,36
17681,1047552,16.51277732849121,21
17682,1047552,34.47526550292969,39
17683,1047552,34.49500274658203,39
17684,1047552,19.33565902709961,24
17685,1047552,29.7198429107666,34
17686,1047552,33.51409149169922,38
17687,1047808,18.558032989501953,23
17688,1047808,29.777912139892578,34
17689,1047808,27.43376350402832,32
17690,1047808,31.878726959228516,37
17691,1047808,30.344303131103516,35
17692,1047808,27.541940689086914,32
17693,1048064,31.628538131713867,36
17694,1048064,30.547182083129883,35
17695,1048064,38.56018829345703,43
17696,1048064,29.27183723449707,34
17697,1048064,36.46553421020508,41
17698,1048064,23.2752742767334,28
17699,1048320,28.424936294555664,33
17700,1048320,36.66883850097656,41
17701,1048320,27.12409210205078,32
17702,1048320,39.438045501708984,44
17703,1048320,33.399566650390625,38
17704,1048320,21.69050407409668,26
17705,1048320,27.706613540649414,32
17706,1048320,34.604740142822266,39
17707,1048320,33.48692321777344,38
17708,1048320,23.423986434936523,28
17709,1048576,36.39337921142578,41
17710,1048576,31.525127410888672,36
17711,1048576,26.53790855407715,31
17712,1048576,22.33777618408203,28
17713,1048576,39.408817291259766,44
17714,1048576,24.53333282470703,29
17715,1048576,18.08635711669922,23
17716,1048576,19.323514938354492,24
17717,1048576,26.304035186767578,31
17718,1048576,18.9549503326416,24
17719,1048576,18.495084762573242,23
17720,1048576,37.186405181884766,42
17721,1048576,25.590106964111328,30
17722,1048576,23.662656784057617,28
17723,1048832,20.001798629760742,25
17724,1048832,20.323810577392578,25
17725,1048832,21.51828384399414,26
17726,1048832,25.577533721923828,30
17727,1048832,28.337894439697266,33
17728,1048832,32.57014083862305,37
17729,1048832,21.047409057617188,26
17730,1048832,24.886945724487305,30
17731,1048832,34.436256408691406,39
17732,1048832,27.539596557617188,32
17733,1048832,26.542211532592773,31
17734,1048832,29.45016098022461,34
17735,1049088,19.58184051513672,24
17736,1049088,25.48516845703125,30
17737,1049088,35.52433776855469,40
17738,1049088,37.5245475769043,42
17739,1049088,17.4436092376709,22
17740,1049344,23.2515926361084,28
17741,1049344,33.534820556640625,38
17742,1049344,20.312725067138672,25
17743,1049344,30.595291137695312,35
17744,1049344,17.326452255249023,22
17745,1049344,42.310829162597656,47
17746,1049344,18.045764923095703,23
17747,1049344,38.114418029785156,43
17748,1049600,16.403667449951172,21
17749,1049600,32.17393493652344,37
17750,1049600,36.0421142578125,41
17751,1049600,19.816207885742188,25
17752,1049600,32.413455963134766,37
17753,1049600,22.157251358032227,27
17754,1049600,47.04930114746094,52
17755,1049856,37.32704162597656,42
17756,1049856,29.580434799194336,34
17757,1049856,14.361501693725586,19
17758,1049856,20.302366256713867,25
17759,1049856,29.65511703491211,34
17760,1049856,25.642004013061523,31
17761,1049856,30.79983901977539,35
17762,1050112,26.190677642822266,31
17763,1050112,16.258785247802734,21
17764,1050112,30.739002227783203,35
17765,1050112,30.544513702392578,35
17766,1050112,26.749027252197266,31
17767,1050112,15.418699264526367,20
17768,1050368,19.358610153198242,24
17769,1050368,22.442903518676758,27
17770,1050368,24.43394660949707,29
17771,1050368,22.42603302001953,27
17772,1050624,21.25992202758789,26
17773,1050624,16.194717407226562,21
17774,1050624,22.278120040893555,27
17775,1050624,29.656448364257812,34
17776,1050624,39.380287170410156,44
17777,1050624,44.04490661621094,49
17778,1050880,45.14896011352539,50
17779,1050880,19.35487174987793,24
17780,1050880,27.185338973999023,32
17781,1050880,32.39311218261719,37
17782,1050880,29.552019119262695,34
17783,1050880,20.99800682067871,26
17784,1050880,39.44499969482422,44
17785,1050880,15.225275993347168,20
17786,1051136,27.49817657470703,32
17787,1051136,40.262664794921875,45
17788,1051136,39.442989349365234,44
17789,1051136,22.092561721801758,27
17790,1051136,31.431249618530273,36
17791,1051136,20.154163360595703,25
17792,1051392,38.36763000488281,43
17793,1051392,40.451717376708984,45
17794,1051392,36.52688217163086,41
17795,1051392,22.432266235351562,27
17796,1051392,24.429689407348633,29
17797,1051392,38.14137268066406,43
17798,1051392,31.444732666015625,37
17799,1051648,27.587400436401367,32
17800,1051648,31.629610061645508,36
17801,1051904,20.562255859375,25
17802,1051904,27.80940818786621,32
17803,1051904,30.663318634033203,35
17804,1051904,35.26018524169922,40
17805,1051904,29.729280471801758,34
17806,1051904,21.070154190063477,26
17807,1051904,19.429548263549805,24
17808,1051904,24.266983032226562,29
17809,1051904,31.444780349731445,36
17810,1051904,21.35311508178711,26
17811,1052160,35.45283508300781,40
17812,1052160,24.735919952392578,30
17813,1052160,37.374324798583984,42
17814,1052160,21.604984283447266,26
17815,1052160,35.36135482788086,40
17816,1052160,32.63185119628906,37
17817,1052160,24.200902938842773,29
17818,1052160,18.41927719116211,23
17819,1052160,16.470867156982422,21
17820,1052160,32.50666427612305,37
17821,1052160,32.65377426147461,37
17822,1052416,32.678199768066406,37
17823,1052416,23.614282608032227,28
17824,1052416,47.01405715942383,52
17825,1052416,23.442808151245117,28
17826,1052416,30.624771118164062,35
17827,1052416,26.554548263549805,31
17828,1052416,31.536531448364258,36
17829,1052416,31.656513214111328,36
17830,1052416,29.394447326660156,34
17831,1052416,28.452280044555664,33
17832,1052672,21.294708251953125,26
17833,1052672,23.368980407714844,28
17834,1052672,31.386314392089844,36
17835,1052672,17.335500717163086,22
17836,1052672,35.58645248413086,40
17837,1052672,24.62482261657715,29
17838,1052672,21.33753204345703,26
17839,1052672,17.571332931518555,22
17840,1052928,30.332372665405273,35
17841,1052928,25.212669372558594,30
17842,1052928,28.585664749145508,33
17843,1052928,33.48931121826172,38
17844,1052928,39.34294128417969,44
17845,1052928,26.525827407836914,31
17846,1052928,44.19268798828125,49
17847,1052928,41.2866325378418,46
17848,1052928,19.22161293029785,24
17849,1052928,28.57341194152832,33
17850,1053184,33.553565979003906,38
17851,1053184,34.58742904663086,39
17852,1053184,28.624773025512695,33
17853,1053184,24.162635803222656,29
17854,1053184,23.60822105407715,29
17855,1053184,29.84714698791504,35
17856,1053184,17.667203903198242,22
17857,1053440,33.45358657836914,38
17858,1053440,21.052324295043945,26
17859,1053440,26.454792022705078,31
17860,1053440,32.40492248535156,37
17861,1053440,33.4687385559082,38
17862,1053696,20.397212982177734,25
17863,1053696,36.22236633300781,41
17864,1053696,21.453102111816406,26
17865,1053696,31.675535202026367,36
17866,1053696,19.167173385620117,24
17867,1053952,22.328868865966797,27
17868,1053952,21.154460906982422,26
17869,1053952,41.24458694458008,46
17870,1053952,35.60995101928711,40
17871,1053952,27.722150802612305,32
17872,1053952,30.778152465820312,35
17873,1053952,21.80558204650879,27
17874,1053952,42.18537902832031,47
17875,1053952,39.28158950805664,44
17876,1054208,18.849990844726562,24
17877,1054208,26.02765464782715,31
17878,1054208,30.692981719970703,35
17879,1054208,33.32903289794922,38
17880,1054208,28.137985229492188,33
17881,1054208,28.049638748168945,33
17882,1054464,22.05215835571289,27
17883,1054464,22.194124221801758,27
17884,1054464,21.51351547241211,26
17885,1054464,22.915388107299805,27
17886,1054464,14.400300979614258,19
17887,1054464,25.27957534790039,30
17888,1054464,33.58230972290039,38
17889,1054464,38.55632781982422,43
17890,1054464,23.116558074951172,28
17891,1054464,31.13306427001953,36
17892,1054720,25.669599533081055,30
17893,1054720,19.291675567626953,24
17894,1054720,26.427837371826172,31
17895,1054720,19.370372772216797,24
17896,1054720,15.484052658081055,20
17897,1054720,33.42061996459961,38
17898,1054720,27.771297454833984,32
17899,1054720,16.25596046447754,21
17900,1054720,18.609344482421875,23
17901,1054720,40.2841911315918,45
17902,1054976,26.815616607666016,31
17903,1054976,23.92108154296875,29
17904,1054976,13.390243530273438,18
17905,1054976,39.39558410644531,44
17906,1054976,23.582571029663086,29
17907,1054976,26.8882999420166,32
17908,1054976,31.286874771118164,36
17909,1055232,33.07518768310547,38
17910,1055232,18.143259048461914,23
17911,1055232,36.48707580566406,41
17912,1055232,19.205745697021484,24
17913,1055232,41.1354866027832,46
17914,1055232,17.55266571044922,22
17915,1055232,33.53816223144531,38
17916,1055232,25.830097198486328,30
17917,1055232,16.40243148803711,21
17918,1055232,39.364234924316406,44
17919,1055488,23.048633575439453,28
17920,1055488,27.48855209350586,32
17921,1055488,31.223369598388672,36
17922,1055488,38.34418869018555,43
17923,1055488,31.12515640258789,36
17924,1055744,27.676856994628906,32
17925,1055744,13.463915824890137,18
17926,1055744,22.462385177612305,27
17927,1056000,18.817670822143555,24
17928,1056000,25.649263381958008,31
17929,1056000,29.127046585083008,34
17930,1056000,27.630130767822266,32
17931,1056000,24.215473175048828,29
17932,1056000,20.14115333557129,25
17933,1056000,30.573450088500977,35
17934,1056000,29.78763198852539,34
17935,1056000,36.27030563354492,41
17936,1056000,24.6159610748291,29
17937,1056000,29.593101501464844,34
17938,1056256,46.07859420776367,51
17939,1056256,24.164335250854492,29
17940,1056256,28.392757415771484,33
17941,1056256,20.368906021118164,25
17942,1056512,40.31184387207031,45
17943,1056512,40.37617874145508,45
17944,1056512,38.35783767700195,43
17945,1056512,13.430822372436523,18
17946,1056512,24.8477725982666,30
17947,1056512,28.797569274902344,33
17948,1056512,31.680864334106445,36
17949,1056512,26.494592666625977,32
17950,1056512,18.37873649597168,23
17951,1056512,37.29875183105469,42
17952,1056512,44.3474006652832,49
17953,1056512,23.283100128173828,28
17954,1056512,23.78133201599121,29
17955,1056512,25.408302307128906,30
17956,1056768,27.712770462036133,32
17957,1056768,35.35300827026367,40
17958,1056768,21.99626350402832,27
17959,1056768,17.954784393310547,23
17960,1057024,27.097686767578125,32
17961,1057024,37.14495086669922,42
17962,1057024,25.18508529663086,30
17963,1057024,39.392860412597656,44
17964,1057024,28.071617126464844,33
17965,1057024,27.427743911743164,32
17966,1057024,41.255611419677734,46
17967,1057024,28.892948150634766,33
17968,1057280,31.686779022216797,36
17969,1057280,39.214420318603516,44
17970,1057280,29.66461944580078,34
17971,1057280,32.41630172729492,37
17972,1057280,27.2246036529541,32
17973,1057536,40.310752868652344,45
17974,1057536,24.828201293945312,29
17975,1057536,35.30475997924805,40
17976,1057536,37.49610900878906,42
17977,1057536,17.408109664916992,22
17978,1057536,35.39208984375,40
17979,1057536,38.438995361328125,43
17980,1057792,25.577911376953125,30
17981,1057792,30.38570785522461,35
17982,1057792,23.483232498168945,28
17983,1057792,41.32223129272461,46
17984,1057792,32.63324737548828,37
17985,1057792,37.3236083984375,42
17986,1057792,35.681095123291016,40
17987,1057792,35.74150085449219,40
17988,1057792,20.09520721435547,25
17989,1058048,32.49275207519531,37
17990,1058048,23.14177894592285,28
17991,1058048,35.5478515625,40
17992,1058048,26.4284725189209,31
17993,1058048,32.27479553222656,37
17994,1058048,32.6307373046875,37
17995,1058048,29.78217315673828,34
17996,1058048,25.034679412841797,30
17997,1058048,20.52433204650879,25
17998,1058048,36.43787384033203,41
17999,1058048,41.372535705566406,46
18000,1058048,30.81443214416504,35
18001,1058304,37.495872497558594,42
18002,1058304,37.44474792480469,42
18003,1058304,23.53054428100586,28
18004,1058304,35.46795654296875,40
18005,1058304,27.140745162963867,32
18006,1058304,29.465574264526367,34
18007,1058304,20.227554321289062,25
18008,1058304,18.299196243286133,23
18009,1058560,34.569427490234375,39
18010,1058560,36.484249114990234,41
18011,1058560,38.44978713989258,43
18012,1058560,32.66881561279297,37
18013,1058560,31.51849365234375,36
18014,1058560,37.470848083496094,42
18015,1058560,30.802095413208008,35
18016,1058560,33.538330078125,38
18017,1058560,35.45773696899414,40
18018,1058816,30.598161697387695,35
18019,1058816,26.711423873901367,31
18020,1058816,21.542068481445312,27
18021,1058816,27.760534286499023,32
18022,1059072,33.60402297973633,38
18023,1059072,27.105894088745117,32
18024,1059072,19.284286499023438,24
18025,1059072,37.45195770263672,42
18026,1059072,19.483257293701172,24
18027,1059072,23.469846725463867,28
18028,1059072,21.358184814453125,26
18029,1059328,18.326805114746094,23
18030,1059328,33.07106018066406,38
18031,1059328,27.50509262084961,32
18032,1059328,24.496320724487305,29
18033,1059328,37.43636703491211,42
18034,1059328,24.746212005615234,29
18035,1059328,26.575868606567383,31
18036,1059328,38.401283264160156,43
18037,1059328,18.96402359008789,24
18038,1059328,37.43537521362305,42
18039,1059584,39.64427185058594,44
18040,1059584,17.077653884887695,22
18041,1059584,32.17858123779297,37
18042,1059584,32.268280029296875,37
18043,1059584,28.361343383789062,33
18044,1059584,43.361846923828125,48
18045,1059584,23.66023826599121,28
18046,1059584,18.163244247436523,23
18047,1059840,25.7491455078125,30
18048,1059840,18.372722625732422,23
18049,1059840,32.54517364501953,37
18050,1059840,29.677988052368164,34
18051,1059840,40.20874786376953,45
18052,1059840,31.632888793945312,36
18053,1059840,34.355133056640625,39
18054,1060096,20.657176971435547,25
18055,1060096,29.277719497680664,34
18056,1060096,18.58303451538086,23
18057,1060096,17.959548950195312,23
18058,1060096,39.434661865234375,44
18059,1060096,41.39915084838867,46
18060,1060352,18.405141830444336,23
18061,1060352,16.260269165039062,21
18062,1060352,30.516969680786133,35
18063,1060352,26.659320831298828,31
18064,1060352,25.73492431640625,30
18065,1060352,24.731945037841797,29
18066,1060352,42.22209930419922,47
18067,1060352,32.6488037109375,37
18068,1060352,22.47830581665039,27
18069,1060608,28.721324920654297,33
18070,1060608,16.243600845336914,21
18071,1060608,41.32710647583008,46
18072,1060608,34.46337890625,39
18073,1060608,21.292341232299805,26
18074,1060608,28.37502670288086,33
18075,1060608,26.59535789489746,31
18076,1060864,42.4962043762207,47
18077,1060864,30.21868896484375,35
18078,1060864,25.81104278564453,31
18079,1060864,23.11077117919922,28
18080,1060864,28.474842071533203,33
18081,1060864,22.689258575439453,27
18082,1061120,23.80938720703125,28
18083,1061120,15.331196784973145,20
18084,1061120,26.76381492614746,31
18085,1061120,20.677705764770508,25
18086,1061120,27.678176879882812,32
18087,1061120,15.258756637573242,20
18088,1061120,20.55127716064453,25
18089,1061120,34.362403869628906,39
18090,1061120,25.866823196411133,30
18091,1061376,29.626052856445312,34
18092,1061376,31.432323455810547,36
18093,1061376,42.13209533691406,47
18094,1061376,25.107269287109375,30
18095,1061376,32.65799331665039,37
18096,1061376,32.394126892089844,37
18097,1061376,26.498706817626953,31
18098,1061376,36.49875259399414,41
18099,1061632,15.310843467712402,20
18100,1061632,20.2074031829834,25
18101,1061632,29.642845153808594,34
18102,1061632,29.587106704711914,34
18103,1061632,37.14681625366211,42
18104,1061632,35.465267181396484,40
18105,1061632,29.731014251708984,34
18106,1061632,32.29472351074219,37
18107,1061888,39.83247756958008,45
18108,1061888,36.46707534790039,41
18109,1061888,32.42320251464844,37
18110,1061888,31.62665367126465,36
18111,1061888,24.2200984954834,29
18112,1061888,42.454917907714844,47
18113,1061888,29.413013458251953,34
18114,1061888,31.50197982788086,38
18115,1061888,16.072725296020508,21
18116,1062144,20.973567962646484,26
18117,1062144,20.98181915283203,26
18118,1062144,32.618682861328125,37
18119,1062144,15.124899864196777,20
18120,1062144,25.380931854248047,30
18121,1062400,35.394775390625,40
18122,1062400,18.240793228149414,23
18123,1062400,25.317623138427734,30
18124,1062400,33.511573791503906,38
18125,1062400,25.14446258544922,30
18126,1062400,20.35724449157715,25
18127,1062400,28.147003173828125,33
18128,1062400,18.04621124267578,23
18129,1062656,33.4449577331543,38
18130,1062656,35.47394943237305,40
18131,1062656,28.724618911743164,33
18132,1062656,36.312923431396484,41
18133,1062656,29.481061935424805,34
18134,1062656,23.290294647216797,28
18135,1062656,34.476158142089844,39
18136,1062656,34.579898834228516,39
18137,1062656,29.79576873779297,34
18138,1062912,25.754497528076172,30
18139,1062912,26.455509185791016,31
18140,1062912,20.53820037841797,25
18141,1062912,20.824054718017578,25
18142,1062912,28.713943481445312,33
18143,1062912,43.31108093261719,48
18144,1062912,37.39571762084961,42
18145,1062912,21.257911682128906,26
18146,1062912,37.51556396484375,42
18147,1063168,27.641983032226562,32
18148,1063168,17.330169677734375,22
18149,1063168,34.39209747314453,39
18150,1063168,23.38640785217285,28
18151,1063168,21.400493621826172,26
18152,1063168,29.704490661621094,34
18153,1063168,35.41053009033203,40
18154,1063168,40.32368087768555,45
18155,1063168,18.041311264038086,23
18156,1063168,38.4056510925293,43
18157,1063168,21.27403450012207,26
18158,1063424,23.095094680786133,28
18159,1063424,34.58527755737305,39
18160,1063424,30.474611282348633,35
18161,1063424,13.415371894836426,18
18162,1063424,31.745132446289062,36
18163,1063424,30.665802001953125,35
18164,1063424,30.621728897094727,35
18165,1063680,25.450538635253906,30
18166,1063680,25.255247116088867,30
18167,1063680,36.391029357910156,41
18168,1063680,39.15031814575195,44
18169,1063680,16.000572204589844,21
18170,1063680,22.594968795776367,27
18171,1063680,33.5685920715332,38
18172,1063680,28.59450340270996,33
18173,1063680,23.503652572631836,28
18174,1063680,30.669307708740234,35
18175,1063680,44.868263244628906,50
18176,1063936,22.468460083007812,27
18177,1063936,22.74593162536621,27
18178,1063936,27.260372161865234,32
18179,1063936,18.352304458618164,23
18180,1063936,31.666223526000977,36
18181,1063936,31.559770584106445,36
18182,1063936,19.90761375427246,25
18183,1063936,33.509033203125,38
18184,1063936,23.777042388916016,29
18185,1063936,25.328481674194336,30
18186,1064192,34.41573715209961,39
18187,1064192,20.289175033569336,25
18188,1064192,18.788925170898438,24
18189,1064192,30.807647705078125,35
18190,1064192,28.55077362060547,33
18191,1064448,33.44857406616211,38
18192,1064448,30.547039031982422,35
18193,1064448,34.68427658081055,39
18194,1064448,22.712326049804688,28
18195,1064448,19.534420013427734,24
18196,1064448,20.224367141723633,25
18197,1064448,21.305042266845703,26
18198,1064448,27.785388946533203,33
18199,1064704,33.526527404785156,38
18200,1064704,26.55669403076172,31
18201,1064704,40.47453689575195,45
18202,1064704,32.691829681396484,37
18203,1064704,43.15837860107422,48
18204,1064704,28.716129302978516,33
18205,1064704,27.648277282714844,32
18206,1064960,27.382408142089844,32
18207,1064960,36.309574127197266,41
18208,1064960,24.144153594970703,29
18209,1064960,31.378856658935547,36
18210,1064960,33.28754425048828,38
18211,1064960,14.33870792388916,19
18212,1064960,41.34825897216797,46
18213,1064960,20.35493278503418,25
18214,1064960,18.22161293029785,23
18215,1064960,22.638200759887695,28
18216,1065216,29.66904067993164,34
18217,1065216,22.71830940246582,27
18218,1065216,31.5677433013916,36
18219,1065216,45.35898971557617,50
18220,1065216,26.56873893737793,31
18221,1065472,36.70597457885742,41
18222,1065472,19.542356491088867,24
18223,1065472,26.471778869628906,31
18224,1065472,28.502288818359375,33
18225,1065472,36.33169174194336,41
18226,1065472,41.09109878540039,46
18227,1065728,19.04888343811035,24
18228,1065728,21.68347930908203,26
18229,1065728,22.283536911010742,27
18230,1065728,19.178451538085938,24
18231,1065728,35.45839309692383,40
18232,1065728,22.211837768554688,27
18233,1065728,19.29107093811035,24
18234,1065728,18.200523376464844,23
18235,1065728,23.289230346679688,28
18236,1065984,19.13602066040039,24
18237,1065984,19.175540924072266,24
18238,1065984,18.28339385986328,23
18239,1065984,37.3411865234375,42
18240,1065984,30.720008850097656,35
18241,1065984,30.51559829711914,35
18242,1065984,18.93096923828125,24
18243,1065984,27.669513702392578,32
18244,1065984,25.62805938720703,31
18245,1065984,26.470844268798828,31
18246,1066240,22.176326751708984,27
18247,1066240,14.395221710205078,19
18248,1066240,26.4816951751709,31
18249,1066240,35.593902587890625,40
18250,1066240,21.638458251953125,27
18251,1066240,21.471540451049805,26
18252,1066240,24.3157901763916,29
18253,1066240,21.256149291992188,26
18254,1066240,27.57003402709961,32
18255,1066496,34.312435150146484,39
18256,1066496,18.059907913208008,23
18257,1066496,32.55972671508789,37
18258,1066496,40.516395568847656,45
18259,1066496,26.623031616210938,31
18260,1066496,39.17289733886719,44
18261,1066496,29.00248908996582,34
18262,1066496,41.26433181762695,46
18263,1066496,28.344425201416016,33
18264,1066752,27.567764282226562,32
18265,1066752,14.246944427490234,19
18266,1066752,30.670360565185547,35
18267,1066752,32.654327392578125,37
18268,1066752,42.26997375488281,47
18269,1066752,33.49500274658203,38
18270,1066752,19.351043701171875,24
18271,1067008,23.510173797607422,28
18272,1067008,25.596771240234375,30
18273,1067008,25.44880485534668,30
18274,1067008,28.79113006591797,33
18275,1067008,36.43206787109375,41
18276,1067008,18.387170791625977,23
18277,1067008,31.67406463623047,36
18278,1067008,56.08650588989258,61
18279,1067264,18.442243576049805,23
18280,1067264,39.176876068115234,44
18281,1067264,30.655315399169922,35
18282,1067264,18.216732025146484,23
18283,1067264,17.90097427368164,23
18284,1067264,22.041170120239258,27
18285,1067520,28.630563735961914,33
18286,1067520,19.19624137878418,24
18287,1067520,23.71160888671875,28
18288,1067520,33.63426208496094,38
18289,1067520,24.68523597717285,29
18290,1067520,20.557018280029297,25
18291,1067776,36.360923767089844,41
18292,1067776,19.584951400756836,24
18293,1068032,27.40437126159668,32
18294,1068032,45.01076889038086,50
18295,1068032,17.245677947998047,22
18296,1068032,26.605215072631836,31
18297,1068032,24.487218856811523,29
18298,1068032,18.326915740966797,23
18299,1068032,24.597333908081055,29
18300,1068288,34.26179122924805,39
18301,1068288,26.61777687072754,31
18302,1068288,31.546947479248047,36
18303,1068288,23.553403854370117,28
18304,1068288,35.35189437866211,40
18305,1068288,37.43937683105469,42
18306,1068288,36.565616607666016,41
18307,1068288,15.427294731140137,20
18308,1068288,25.36395263671875,30
18309,1068288,37.440208435058594,42
18310,1068288,43.256996154785156,48
18311,1068544,36.46403121948242,41
18312,1068544,15.390676498413086,20
18313,1068544,24.32015609741211,29
18314,1068544,35.3929557800293,40
18315,1068544,22.286853790283203,27
18316,1068544,34.462158203125,39
18317,1068800,25.265928268432617,30
18318,1068800,25.637191772460938,30
18319,1068800,15.40303897857666,20
18320,1069056,33.52924346923828,38
18321,1069056,36.56604766845703,41
18322,1069056,33.678009033203125,38
18323,1069056,36.797332763671875,42
18324,1069056,27.77674102783203,32
18325,1069056,28.4860897064209,33
18326,1069056,28.628250122070312,33
18327,1069056,29.469640731811523,34
18328,1069056,19.108474731445312,24
18329,1069056,36.5622673034668,41
18330,1069056,17.061216354370117,22
18331,1069312,41.608821868896484,46
18332,1069312,35.43967819213867,40
18333,1069312,28.764720916748047,33
18334,1069312,44.07921600341797,49
18335,1069312,16.298511505126953,21
18336,1069568,35.46698760986328,40
18337,1069568,18.08123207092285,23
18338,1069568,32.51594543457031,37
18339,1069568,35.52163314819336,40
18340,1069568,21.437585830688477,26
18341,1069568,24.567930221557617,29
18342,1069824,22.721660614013672,27
18343,1069824,27.405677795410156,32
18344,1069824,28.61558723449707,33
18345,1069824,35.465457916259766,40
18346,1069824,29.692611694335938,34
18347,1069824,35.80729675292969,40
18348,1070080,23.64499855041504,28
18349,1070080,31.66110610961914,36
18350,1070080,23.284563064575195,28
18351,1070080,42.478187561035156,47
18352,1070080,36.509056091308594,41
18353,1070080,38.32192611694336,43
18354,1070080,19.311214447021484,24
18355,1070080,21.33536720275879,26
18356,1070080,27.22905158996582,32
18357,1070080,26.834774017333984,32
18358,1070336,34.50568389892578,39
18359,1070336,43.44456481933594,48
18360,1070336,23.77354621887207,28
18361,1070336,29.581886291503906,34
18362,1070336,30.577537536621094,35
18363,1070336,25.66712760925293,30
18364,1070336,39.1439094543457,44
18365,1070592,33.80717468261719,38
18366,1070592,30.7244815826416,35
18367,1070592,42.33609390258789,47
18368,1070592,11.486539840698242,16
18369,1070592,33.44912338256836,38
18370,1070592,29.61087417602539,34
18371,1070592,17.157062530517578,22
18372,1070848,23.294578552246094,28
18373,1070848,23.0479793548584,28
18374,1070848,24.081012725830078,29
18375,1070848,25.34613609313965,30
18376,1070848,18.28940773010254,23
18377,1070848,27.60348129272461,32
18378,1070848,25.64043426513672,30
18379,1070848,21.355581283569336,26
18380,1070848,36.38820266723633,41
18381,1070848,28.3485050201416,33
18382,1070848,23.76253318786621,28
18383,1071104,28.999710083007812,34
18384,1071104,31.24339485168457,36
18385,1071104,26.7676944732666,31
18386,1071104,19.164358139038086,24
18387,1071104,18.395061492919922,23
18388,1071104,21.401004791259766,26
18389,1071104,15.242879867553711,20
18390,1071104,28.820409774780273,33
18391,1071104,31.479169845581055,36
18392,1071104,24.309772491455078,29
18393,1071104,38.470367431640625,43
18394,1071360,29.607786178588867,34
18395,1071360,15.540353775024414,20
18396,1071360,47.402122497558594,52
18397,1071360,38.324363708496094,43
18398,1071360,29.56720733642578,34
18399,1071360,40.3553466796875,45
18400,1071360,34.573360443115234,39
18401,1071360,21.5272216796875,26
18402,1071360,26.737611770629883,31
18403,1071360,13.370613098144531,18
18404,1071360,21.40525245666504,26
18405,1071616,32.6025505065918,37
18406,1071616,25.06363868713379,30
18407,1071616,17.230810165405273,22
18408,1071616,30.47439193725586,35
18409,1071616,23.673641204833984,28
18410,1071616,33.41730499267578,38
18411,1071872,22.56889533996582,28
18412,1071872,37.438453674316406,42
18413,1071872,44.34739685058594,49
18414,1071872,32.54180908203125,37
18415,1071872,19.410247802734375,24
18416,1071872,27.976816177368164,33
18417,1072128,33.577857971191406,38
18418,1072128,15.263585090637207,20
18419,1072128,36.36570358276367,41
18420,1072128,33.58228302001953,38
18421,1072128,30.38619041442871,35
18422,1072128,19.350645065307617,24
18423,1072128,25.5777587890625,30
18424,1072128,19.40349769592285,24
18425,1072128,41.27066421508789,46
18426,1072128,38.36566162109375,43
18427,1072128,28.456485748291016,33
18428,1072128,26.183725357055664,31
18429,1072128,26.378868103027344,31
18430,1072128,41.283329010009766,46
18431,1072384,20.985939025878906,26
18432,1072384,29.673542022705078,34
18433,1072384,20.297067642211914,25
18434,1072384,33.618892669677734,38
18435,1072384,28.809213638305664,33
18436,1072384,26.643733978271484,31
18437,1072384,33.744041442871094,38
18438,1072384,24.550094604492188,29
18439,1072384,32.55011749267578,37
18440,1072384,31.492721557617188,36
18441,1072384,29.375774383544922,34
18442,1072640,35.48237228393555,40
18443,1072640,25.81452178955078,30
18444,1072640,28.403066635131836,33
18445,1072640,27.73992347717285,32
18446,1072640,27.11092185974121,32
18447,1072640,37.485923767089844,42
18448,1072640,19.33454132080078,24
18449,1072640,19.43198585510254,24
18450,1072640,29.708209991455078,34
18451,1072640,38.28902816772461,43
18452,1072640,18.262176513671875,23
18453,1072896,33.47465133666992,38
18454,1072896,24.554641723632812,29
18455,1072896,38.358856201171875,43
18456,1072896,36.27090072631836,41
18457,1072896,20.159252166748047,25
18458,1072896,26.427913665771484,31
18459,1073152,34.59257507324219,39
18460,1073152,35.496700286865234,40
18461,1073152,22.107507705688477,27
18462,1073152,34.28633499145508,39
18463,1073152,33.64296340942383,38
18464,1073152,31.510164260864258,36
18465,1073152,26.843618392944336,31
18466,1073152,43.24208450317383,48
18467,1073152,24.330358505249023,29
18468,1073152,21.631418228149414,26
18469,1073408,21.66228485107422,26
18470,1073408,36.47702407836914,41
18471,1073408,41.3903694152832,46
18472,1073408,25.541431427001953,30
18473,1073408,22.7030029296875,27
18474,1073408,26.753620147705078,31
18475,1073408,32.82875442504883,37
18476,1073408,28.566198348999023,33
18477,1073408,28.954465866088867,34
18478,1073408,23.701465606689453,28
18479,1073408,18.50175666809082,23
18480,1073408,37.30011749267578,42
18481,1073408,20.27402114868164,25
18482,1073408,26.74622917175293,31
18483,1073408,29.61254119873047,34
18484,1073664,31.437238693237305,36
18485,1073664,40.20338439941406,45
18486,1073664,37.42487716674805,42
18487,1073664,36.598148345947266,41
18488,1073664,40.49638748168945,45
18489,1073664,20.624399185180664,25
18490,1073664,27.45818328857422,32
18491,1073920,15.220626831054688,20
18492,1073920,34.805545806884766,39
18493,1073920,35.578304290771484,40
18494,1073920,26.67373275756836,32
18495,1074176,23.37352180480957,28
18496,1074176,17.13447380065918,22
18497,1074176,18.207008361816406,23
18498,1074176,19.34653091430664,24
18499,1074176,27.618419647216797,32
18500,1074176,18.5526180267334,23
18501,1074432,18.372831344604492,23
18502,1074432,16.194795608520508,21
18503,1074688,34.521339416503906,40
18504,1074688,32.6611213684082,38
18505,1074688,32.51374053955078,37
18506,1074688,28.49486541748047,33
18507,1074688,18.976802825927734,24
18508,1074944,31.985614776611328,37
18509,1074944,35.29488754272461,40
18510,1074944,24.523279190063477,29
18511,1074944,33.61231994628906,38
18512,1074944,20.955242156982422,26
18513,1075200,26.483890533447266,31
18514,1075200,25.060237884521484,30
18515,1075200,32.52559280395508,37
18516,1075200,22.536685943603516,27
18517,1075200,29.679981231689453,34
18518,1075200,16.633359909057617,21
18519,1075200,30.426349639892578,35
18520,1075200,24.389055252075195,29
18521,1075200,29.58104705810547,34
18522,1075200,32.917640686035156,38
18523,1075200,18.828563690185547,24
18524,1075456,27.54974365234375,32
18525,1075456,33.35039520263672,38
18526,1075456,39.32387924194336,44
18527,1075456,12.416909217834473,17
18528,1075456,19.329620361328125,24
18529,1075456,31.633304595947266,36
18530,1075456,23.713150024414062,28
18531,1075712,33.62113952636719,38
18532,1075712,24.310123443603516,29
18533,1075712,20.82420539855957,26
18534,1075712,16.47820472717285,21
18535,1075712,32.73538589477539,37
18536,1075712,24.280658721923828,29
18537,1075712,30.434219360351562,35
18538,1075712,21.23224639892578,26
18539,1075712,28.59919548034668,33
18540,1075712,41.327091217041016,46
18541,1075968,26.048736572265625,31
18542,1075968,17.729473114013672,22
18543,1075968,30.94122314453125,36
18544,1075968,22.44709587097168,27
18545,1075968,43.2248649597168,48
18546,1075968,38.26524353027344,43
18547,1075968,35.50251770019531,40
18548,1075968,28.867639541625977,34
18549,1075968,38.39238739013672,43
18550,1076224,26.38614273071289,31
18551,1076224,21.778926849365234,26
18552,1076224,32.30024719238281,37
18553,1076224,35.410221099853516,40
18554,1076224,34.37693786621094,39
18555,1076224,33.664554595947266,38
18556,1076224,16.044605255126953,21
18557,1076224,25.49561309814453,30
18558,1076480,15.15372371673584,20
18559,1076480,18.20039176940918,23
18560,1076480,27.68943977355957,32
18561,1076480,16.432870864868164,21
18562,1076480,16.227771759033203,21
18563,1076480,32.514198303222656,37
18564,1076480,18.611434936523438,23
18565,1076480,37.32248306274414,42
18566,1076480,27.870393753051758,33
18567,1076480,16.331388473510742,21
18568,1076480,21.26179313659668,26
18569,1076480,44.088809967041016,49
18570,1076736,31.83185577392578,36
18571,1076736,40.47570037841797,45
18572,1076736,31.185646057128906,36
18573,1076736,29.711050033569336,34
18574,1076736,26.421985626220703,31
18575,1076736,24.240447998046875,29
18576,1076736,20.98954963684082,26
18577,1076992,27.17074966430664,32
18578,1076992,18.317890167236328,23
18579,1076992,17.414140701293945,22
18580,1076992,43.012718200683594,48
18581,1076992,38.284095764160156,43
18582,1077248,20.288179397583008,25
18583,1077248,39.32048797607422,44
18584,1077248,25.7751407623291,30
18585,1077248,23.265708923339844,28
18586,1077248,14.590405464172363,19
18587,1077248,35.382625579833984,40
18588,1077504,30.413427352905273,35
18589,1077504,23.965452194213867,29
18590,1077504,28.546022415161133,33
18591,1077760,33.542789459228516,38
18592,1077760,20.170278549194336,25
18593,1077760,19.129695892333984,24
18594,1077760,21.402618408203125,26
18595,1077760,37.437278747558594,42
18596,1077760,19.322145462036133,24
18597,1078016,36.526222229003906,41
18598,1078016,22.93378448486328,28
18599,1078016,21.38547134399414,26
18600,1078016,14.32899284362793,19
18601,1078016,39.44765853881836,44
18602,1078016,27.983774185180664,33
18603,1078016,34.33840560913086,39
18604,1078016,17.39971923828125,22
18605,1078016,41.28594207763672,46
18606,1078016,32.58352279663086,37
18607,1078016,26.556211471557617,31
18608,1078272,22.156723022460938,27
18609,1078272,14.331832885742188,19
18610,1078272,28.713848114013672,33
18611,1078272,28.46427345275879,33
18612,1078272,38.22934341430664,43
18613,1078272,22.32914924621582,27
18614,1078272,39.456478118896484,44
18615,1078272,26.10268783569336,31
18616,1078272,30.797727584838867,35
18617,1078272,20.306480407714844,25
18618,1078272,19.15727996826172,24
18619,1078528,28.595312118530273,33
18620,1078528,20.531496047973633,25
18621,1078528,17.31804847717285,22
18622,1078528,30.617351531982422,35
18623,1078528,31.57498550415039,36
18624,1078528,15.168728828430176,20
18625,1078528,16.511798858642578,21
18626,1078528,28.12997817993164,33
18627,1078784,18.279499053955078,23
18628,1078784,27.768556594848633,32
18629,1078784,16.374303817749023,21
18630,1078784,33.611942291259766,38
18631,1078784,20.815021514892578,26
18632,1078784,18.938392639160156,24
18633,1078784,19.13163948059082,24
18634,1078784,21.484333038330078,26
18635,1078784,29.507659912109375,34
18636,1079040,17.349647521972656,22
18637,1079040,37.4451789855957,42
18638,1079040,28.71621322631836,33
18639,1079040,25.139720916748047,30
18640,1079040,25.59249496459961,30
18641,1079040,18.50436782836914,23
18642,1079040,39.3331184387207,44
18643,1079040,37.079833984375,42
18644,1079040,17.227294921875,22
18645,1079296,34.58550262451172,39
18646,1079296,43.185699462890625,48
18647,1079296,23.1667537689209,28
18648,1079296,19.290679931640625,24
18649,1079296,35.26862335205078,40
18650,1079296,28.290470123291016,33
18651,1079296,30.30289649963379,35
18652,1079296,18.24614715576172,23
18653,1079296,20.388851165771484,25
18654,1079296,35.33805847167969,40
18655,1079552,30.3328857421875,35
18656,1079552,34.395633697509766,39
18657,1079552,24.5085391998291,29
18658,1079552,26.630107879638672,31
18659,1079552,40.18707275390625,45
18660,1079552,18.23695182800293,23
18661,1079552,23.54691505432129,28
18662,1079808,17.195316314697266,22
18663,1079808,34.86463928222656,40
18664,1079808,32.469242095947266,37
18665,1079808,31.55741310119629,36
18666,1079808,19.202980041503906,24
18667,1079808,23.006202697753906,28
18668,1079808,25.811630249023438,30
18669,1079808,27.410968780517578,32
18670,1079808,33.49110794067383,38
18671,1079808,33.647972106933594,38
18672,1079808,30.591428756713867,35
18673,1080064,27.615201950073242,32
18674,1080064,31.684490203857422,36
18675,1080064,33.641357421875,38
18676,1080064,22.999652862548828,28
18677,1080064,30.605113983154297,35
18678,1080064,38.42314147949219,43
18679,1080064,31.547170639038086,36
18680,1080320,26.331897735595703,31
18681,1080320,25.569833755493164,30
18682,1080320,31.467601776123047,36
18683,1080320,20.597984313964844,25
18684,1080320,28.14495849609375,33
18685,1080320,26.617923736572266,31
18686,1080576,24.434391021728516,29
18687,1080576,20.533653259277344,25
18688,1080576,33.51566696166992,38
18689,1080576,26.649765014648438,31
18690,1080576,31.680692672729492,36
18691,1080576,31.69676399230957,36
18692,1080576,29.190824508666992,34
18693,1080576,24.566648483276367,29
18694,1080576,33.41701126098633,38
18695,1080576,32.65827941894531,37
18696,1080576,37.43098449707031,42
18697,1080832,38.339595794677734,43
18698,1080832,24.321060180664062,29
18699,1080832,40.772056579589844,46
18700,1080832,30.61780548095703,35
18701,1080832,23.24951171875,28
18702,1080832,27.250890731811523,32
18703,1081088,17.042112350463867,22
18704,1081088,16.224102020263672,21
18705,1081088,26.57073211669922,31
18706,1081088,32.4795036315918,37
18707,1081088,25.601856231689453,30
18708,1081344,31.219152450561523,36
18709,1081344,31.683483123779297,36
18710,1081344,36.54180908203125,41
18711,1081344,19.4036865234375,24
18712,1081344,38.31059646606445,43
18713,1081344,30.321029663085938,35
18714,1081344,23.361774444580078,28
18715,1081344,37.37554931640625,42
18716,1081344,31.593624114990234,36
18717,1081344,19.09939193725586,24
18718,1081600,20.98749542236328,26
18719,1081600,28.749549865722656,33
18720,1081600,20.426515579223633,25
18721,1081600,30.652801513671875,35
18722,1081600,33.2655029296875,38
18723,1081600,36.410064697265625,41
18724,1081856,18.334840774536133,23
18725,1081856,33.230384826660156,38
18726,1081856,32.873008728027344,37
18727,1081856,27.68716049194336,32
18728,1081856,28.733613967895508,33
18729,1081856,36.407649993896484,41
18730,1081856,18.31783676147461,23
18731,1081856,21.64059066772461,26
18732,1081856,19.395326614379883,24
18733,1082112,31.716209411621094,36
18734,1082112,32.54749298095703,37
18735,1082112,42.035945892333984,47
18736,1082112,39.40382766723633,44
18737,1082112,24.291950225830078,29
18738,1082112,28.643875122070312,33
18739,1082112,27.7055606842041,32
18740,1082368,25.48737335205078,30
18741,1082368,37.411827087402344,42
18742,1082368,32.59083938598633,37
18743,1082368,17.1557674407959,22
18744,1082368,22.631526947021484,27
18745,1082368,22.848663330078125,27
18746,1082368,20.087478637695312,25
18747,1082624,16.234907150268555,21
18748,1082624,22.809772491455078,28
18749,1082624,18.29345703125,23
18750,1082624,27.782026290893555,32
18751,1082624,22.459243774414062,27
18752,1082624,34.4979248046875,39
18753,1082624,28.737253189086914,33
18754,1082624,21.684810638427734,26
18755,1082624,13.305228233337402,18
18756,1082624,35.63557815551758,40
18757,1082624,14.259950637817383,19
18758,1082624,40.433311462402344,45
18759,1082880,36.37321090698242,41
18760,1082880,20.50763511657715,25
18761,1082880,37.435333251953125,42
18762,1082880,20.22509765625,25
18763,1082880,35.51877212524414,40
18764,1082880,32.53877258300781,37
18765,1082880,29.74772071838379,34
18766,1083136,34.52680206298828,39
18767,1083136,23.180526733398438,28
18768,1083136,38.522064208984375,43
18769,1083136,37.47370529174805,42
18770,1083136,20.432281494140625,25
18771,1083392,15.105320930480957,20
18772,1083392,15.973312377929688,21
18773,1083392,15.461832046508789,20
18774,1083392,23.115543365478516,28
18775,1083392,31.616025924682617,36
18776,1083392,17.323814392089844,22
18777,1083392,29.731544494628906,34
18778,1083392,23.643749237060547,28
18779,1083392,16.51471519470215,21
18780,1083392,28.552568435668945,33
18781,1083392,27.80683135986328,32
18782,1083392,37.48393249511719,42
18783,1083392,25.80514907836914,30
18784,1083392,33.43629455566406,38
18785,1083392,30.45621109008789,35
18786,1083648,34.289039611816406,39
18787,1083648,35.51093292236328,40
18788,1083648,23.724048614501953,28
18789,1083648,35.4686279296875,40
18790,1083648,22.189407348632812,27
18791,1083648,26.739643096923828,31
18792,1083904,17.294763565063477,22
18793,1083904,29.7465877532959,34
18794,1083904,24.454927444458008,29
18795,1083904,22.193403244018555,27
18796,1083904,31.462339401245117,36
18797,1083904,36.37411117553711,41
18798,1083904,22.25849151611328,27
18799,1083904,23.90669822692871,29
18800,1083904,26.471864700317383,31
18801,1083904,21.58719253540039,26
18802,1083904,31.10107421875,36
18803,1083904,19.287004470825195,24
18804,1083904,41.661293029785156,46
18805,1084160,28.77298927307129,33
18806,1084160,20.719430923461914,26
18807,1084160,30.647499084472656,35
18808,1084160,27.507102966308594,32
18809,1084160,35.64476776123047,40
18810,1084160,21.838376998901367,26
18811,1084160,12.704676628112793,17
18812,1084160,26.742183685302734,31
18813,1084416,19.051298141479492,24
18814,1084416,31.58669662475586,36
18815,1084416,24.99287223815918,30
18816,1084416,25.430593490600586,30
18817,1084416,26.663084030151367,31
18818,1084416,42.26520919799805,47
18819,1084672,30.605621337890625,35
18820,1084672,27.634525299072266,32
18821,1084672,40.375633239746094,45
18822,1084672,39.54193115234375,44
18823,1084672,32.40673828125,37
18824,1084672,14.240022659301758,19
18825,1084672,19.61148452758789,24
18826,1084672,15.50249195098877,20
18827,1084672,15.6417875289917,20
18828,1084672,21.701465606689453,26
18829,1084672,31.705636978149414,36
18830,1084672,33.58173751831055,38
18831,1084672,28.405118942260742,33
18832,1084672,25.24936294555664,30
18833,1084928,34.547725677490234,39
18834,1084928,38.36964416503906,43
18835,1084928,17.3630313873291,22
18836,1085184,19.61441421508789,24
18837,1085184,35.60533142089844,40
18838,1085184,30.772159576416016,35
18839,1085184,17.39383888244629,22
18840,1085184,16.672985076904297,21
18841,1085184,23.5501766204834,28
18842,1085184,33.660926818847656,38
18843,1085184,20.38260269165039,25
18844,1085184,41.26914978027344,46
18845,1085184,24.46955108642578,29
18846,1085440,22.639902114868164,27
18847,1085440,34.500091552734375,39
18848,1085440,35.540550231933594,40
18849,1085440,16.445049285888672,21
18850,1085440,35.64604187011719,40
18851,1085440,33.54220962524414,38
18852,1085440,23.201982498168945,28
18853,1085696,24.452529907226562,29
18854,1085696,30.473461151123047,35
18855,1085696,23.60397720336914,28
18856,1085696,19.65520477294922,24
18857,1085696,17.230484008789062,22
18858,1085696,29.349056243896484,34
18859,1085952,35.41037368774414,40
18860,1085952,17.38085174560547,22
18861,1085952,23.27215576171875,28
18862,1085952,28.470260620117188,34
18863,1085952,27.696327209472656,32
18864,1085952,19.091514587402344,24
18865,1086208,27.593971252441406,32
18866,1086208,27.314279556274414,32
18867,1086208,34.59965515136719,39
18868,1086208,16.273298263549805,21
18869,1086208,17.607440948486328,22
18870,1086208,26.654020309448242,31
18871,1086208,22.14654541015625,27
18872,1086208,22.245033264160156,27
18873,1086208,23.54827880859375,28
18874,1086464,34.089454650878906,39
18875,1086464,14.268790245056152,19
18876,1086464,18.26720428466797,23
18877,1086464,25.332500457763672,30
18878,1086464,28.690006256103516,33
18879,1086464,31.724037170410156,36
18880,1086464,26.647220611572266,31
18881,1086464,25.81455421447754,30
18882,1086720,35.482601165771484,40
18883,1086720,32.62936019897461,37
18884,1086720,25.671024322509766,30
18885,1086720,29.590938568115234,34
18886,1086976,20.133869171142578,25
18887,1086976,13.478555679321289,18
18888,1086976,17.409425735473633,22
18889,1086976,37.36362838745117,42
18890,1086976,27.491992950439453,32
18891,1086976,22.055744171142578,27
18892,1086976,38.42554473876953,43
18893,1086976,33.447509765625,38
18894,1086976,29.716917037963867,34
18895,1086976,18.805561065673828,24
18896,1086976,26.430288314819336,31
18897,1086976,32.689910888671875,37
18898,1086976,36.50951385498047,41
18899,1087232,26.08540916442871,31
18900,1087232,20.76864242553711,26
18901,1087232,30.517440795898438,35
18902,1087232,20.582509994506836,25
18903,1087232,37.48168182373047,42
18904,1087232,29.49541664123535,34
18905,1087488,27.848756790161133,32
18906,1087488,23.46565818786621,28
18907,1087488,24.796323776245117,29
18908,1087488,38.46302795410156,43
18909,1087488,18.833593368530273,24
18910,1087488,16.56514549255371,21
18911,1087488,22.387516021728516,27
18912,1087488,40.36869430541992,45
18913,1087744,11.519316673278809,16
18914,1087744,42.224971771240234,47
18915,1087744,29.61525535583496,34
18916,1087744,40.30327224731445,45
18917,1087744,18.423818588256836,23
18918,1088000,22.047880172729492,27
18919,1088000,38.40327835083008,43
18920,1088000,31.330045700073242,36
18921,1088000,22.619388580322266,27
18922,1088000,21.30533790588379,26
18923,1088000,24.723981857299805,29
18924,1088000,13.33515453338623,18
18925,1088000,21.253765106201172,26
18926,1088000,30.601490020751953,35
18927,1088000,31.177692413330078,36
18928,1088000,27.6934814453125,32
18929,1088256,14.372509956359863,19
18930,1088256,34.53583526611328,39
18931,1088256,22.53896713256836,27
18932,1088256,28.596302032470703,33
18933,1088256,17.443988800048828,22
18934,1088256,16.19780158996582,21
18935,1088512,36.445621490478516,41
18936,1088512,15.631343841552734,20
18937,1088512,32.72985076904297,37
18938,1088512,15.384173393249512,20
18939,1088512,30.685176849365234,36
18940,1088512,35.581478118896484,40
18941,1088512,37.44351577758789,42
18942,1088512,26.776098251342773,31
18943,1088512,21.689645767211914,26
18944,1088512,30.546550750732422,35
18945,1088512,27.14122200012207,32
18946,1088768,35.297142028808594,40
18947,1088768,35.406795501708984,40
18948,1088768,25.01358985900879,30
18949,1088768,30.654050827026367,35
18950,1088768,17.08483123779297,22
18951,1088768,21.423324584960938,26
18952,1088768,32.4499626159668,37
18953,1088768,37.43272399902344,42
18954,1088768,22.540367126464844,27
18955,1088768,27.454551696777344,32
18956,1089024,32.014530181884766,37
18957,1089024,16.94716453552246,22
18958,1089024,35.539451599121094,40
18959,1089024,22.544462203979492,27
18960,1089024,28.749950408935547,33
18961,1089024,31.162878036499023,36
18962,1089024,15.497331619262695,20
18963,1089024,23.6616153717041,28
18964,1089024,28.497480392456055,33
18965,1089024,33.54597091674805,38
18966,1089280,18.09002113342285,23
18967,1089280,34.43628692626953,39
18968,1089280,35.498199462890625,40
18969,1089280,24.782257080078125,29
18970,1089280,22.191028594970703,27
18971,1089280,26.696714401245117,31
18972,1089280,15.300783157348633,20
18973,1089280,32.63401412963867,37
18974,1089280,21.307666778564453,26
18975,1089280,28.367298126220703,33
18976,1089536,31.77959442138672,36
18977,1089536,15.350812911987305,20
18978,1089536,17.220491409301758,22
18979,1089536,23.45657730102539,28
18980,1089536,33.59748077392578,38
18981,1089536,22.441043853759766,27
18982,1089536,38.39727783203125,43
18983,1089792,15.3515625,20
18984,1089792,29.30001449584961,34
18985,1089792,23.355438232421875,28
18986,1089792,23.437755584716797,28
18987,1089792,27.170068740844727,32
18988,1089792,20.065185546875,25
18989,1089792,32.6295166015625,37
18990,1090048,39.17229461669922,44
18991,1090048,29.65884017944336,34
18992,1090048,21.614946365356445,26
18993,1090048,18.44777488708496,23
18994,1090048,34.28335952758789,39
18995,1090048,28.438129425048828,33
18996,1090048,29.594165802001953,34
18997,1090048,29.784406661987305,34
18998,1090304,39.331756591796875,44
18999,1090304,25.31060791015625,30
19000,1090304,18.08048439025879,23
19001,1090560,30.30703353881836,35
19002,1090560,21.646408081054688,26
19003,1090560,22.816024780273438,28
19004,1090560,32.547489166259766,37
19005,1090560,10.591785430908203,15
19006,1090560,38.41854476928711,43
19007,1090560,21.856494903564453,26
19008,1090560,26.564353942871094,31
19009,1090560,17.333532333374023,22
19010,1090560,29.565210342407227,34
19011,1090816,28.484088897705078,33
19012,1090816,37.39403533935547,42
19013,1090816,23.419158935546875,28
19014,1090816,28.593170166015625,33
19015,1090816,17.176921844482422,22
19016,1090816,30.125511169433594,35
19017,1091072,22.29311180114746,27
19018,1091072,17.692520141601562,22
19019,1091072,29.414907455444336,34
19020,1091072,21.037202835083008,26
19021,1091072,23.397626876831055,28
19022,1091072,20.562833786010742,25
19023,1091328,29.252885818481445,34
19024,1091328,32.52947998046875,37
19025,1091328,37.37998962402344,42
19026,1091328,21.086132049560547,26
19027,1091328,16.458566665649414,21
19028,1091328,29.694656372070312,34
19029,1091328,39.23139953613281,44
19030,1091328,33.42790985107422,38
19031,1091328,26.52783966064453,31
19032,1091328,18.40495491027832,23
19033,1091328,40.254356384277344,45
19034,1091584,13.386916160583496,18
19035,1091584,29.68202781677246,34
19036,1091584,21.680965423583984,27
19037,1091584,24.603429794311523,29
19038,1091584,19.19743537902832,24
19039,1091584,29.50864028930664,34
19040,1091584,28.313335418701172,33
19041,1091584,32.462562561035156,37
19042,1091584,34.54920196533203,39
19043,1091584,22.402362823486328,27
19044,1091584,39.40983200073242,44
19045,1091840,19.466001510620117,24
19046,1091840,18.46576690673828,23
19047,1091840,20.36846923828125,25
19048,1091840,28.856595993041992,33
19049,1091840,44.141746520996094,49
19050,1091840,29.68338966369629,34
19051,1091840,26.614614486694336,31
19052,1092096,26.656129837036133,31
19053,1092096,27.614912033081055,32
19054,1092096,24.67007827758789,29
19055,1092096,22.70126724243164,27
19056,1092096,33.40786361694336,38
19057,1092096,32.54539489746094,37
19058,1092352,23.39781379699707,28
19059,1092352,29.708293914794922,34
19060,1092352,30.293916702270508,35
19061,1092352,36.52385711669922,41
19062,1092352,32.581756591796875,37
19063,1092352,25.760299682617188,30
19064,1092352,31.76563835144043,36
19065,1092352,40.27687072753906,45
19066,1092352,23.241226196289062,28
19067,1092352,32.50037384033203,37
19068,1092352,38.408470153808594,43
19069,1092352,40.50615692138672,45
19070,1092352,23.368925094604492,28
19071,1092352,19.35504722595215,24
19072,1092608,28.638071060180664,33
19073,1092608,18.495023727416992,23
19074,1092608,29.657590866088867,34
19075,1092608,35.9102668762207,41
19076,1092608,34.57810974121094,39
19077,1092608,24.59746742248535,29
19078,1092608,36.408790588378906,41
19079,1092608,16.307453155517578,21
19080,1092608,19.10273551940918,24
19081,1092864,20.136180877685547,25
19082,1092864,30.253520965576172,35
19083,1092864,30.598175048828125,35
19084,1092864,34.46261978149414,39
19085,1092864,32.57065200805664,37
19086,1092864,20.394737243652344,25
19087,1092864,25.58392333984375,30
19088,1093120,35.40348434448242,40
19089,1093120,19.469402313232422,24
19090,1093120,19.102628707885742,24
19091,1093120,19.310794830322266,24
19092,1093120,21.540571212768555,26
19093,1093120,24.657812118530273,29
19094,1093120,17.248199462890625,22
19095,1093120,13.595430374145508,18
19096,1093120,34.48601531982422,39
19097,1093376,20.337814331054688,25
19098,1093376,15.361077308654785,20
19099,1093376,20.52178955078125,25
19100,1093376,16.3929443359375,21
19101,1093376,39.35528564453125,44
19102,1093376,16.165035247802734,21
19103,1093376,32.00975036621094,37
19104,1093376,18.460071563720703,23
19105,1093376,26.22100257873535,31
19106,1093376,27.031686782836914,32
19107,1093632,32.74007797241211,37
19108,1093632,23.565052032470703,28
19109,1093632,35.423057556152344,40
19110,1093632,30.28570556640625,35
19111,1093632,24.676774978637695,29
19112,1093632,31.56658172607422,36
19113,1093632,30.5205135345459,35
19114,1093632,19.06432342529297,24
19115,1093888,31.505340576171875,36
19116,1093888,32.55225372314453,37
19117,1093888,19.39822769165039,24
19118,1093888,22.04729461669922,27
19119,1093888,34.64222717285156,39
19120,1094144,36.43157958984375,41
19121,1094144,32.70630645751953,37
19122,1094144,11.527396202087402,16
19123,1094144,37.49614334106445,42
19124,1094144,31.714786529541016,36
19125,1094144,33.671932220458984,38
19126,1094144,35.5004997253418,40
19127,1094144,36.38057327270508,41
19128,1094144,19.242433547973633,24
19129,1094400,33.45463180541992,38
19130,1094400,20.066402435302734,25
19131,1094400,33.67955780029297,38
19132,1094400,26.901138305664062,31
19133,1094400,23.329288482666016,28
19134,1094656,42.218017578125,47
19135,1094656,18.73158073425293,23
19136,1094656,30.640287399291992,35
19137,1094656,25.46600341796875,30
19138,1094656,18.397274017333984,23
19139,1094656,36.56713104248047,41
19140,1094656,25.57653045654297,30
19141,1094656,28.58582878112793,33
19142,1094912,29.349348068237305,34
19143,1094912,34.64922332763672,39
19144,1094912,22.334205627441406,27
19145,1094912,16.483301162719727,21
19146,1094912,31.703027725219727,36
19147,1094912,17.188095092773438,22
19148,1095168,18.415937423706055,23
19149,1095168,29.851558685302734,35
19150,1095168,26.57025146484375,31
19151,1095168,19.83182144165039,25
19152,1095168,27.322284698486328,32
19153,1095168,31.45193862915039,36
19154,1095168,29.64946746826172,34
19155,1095168,30.574668884277344,35
19156,1095424,34.609947204589844,39
19157,1095424,23.602739334106445,28
19158,1095424,35.501129150390625,40
19159,1095424,14.333888053894043,19
19160,1095424,21.132923126220703,26
19161,1095424,19.139474868774414,24
19162,1095424,31.320898056030273,36
19163,1095424,19.00846290588379,24
19164,1095424,22.70208740234375,27
19165,1095680,22.587230682373047,28
19166,1095680,19.68993377685547,24
19167,1095680,34.63111877441406,39
19168,1095680,33.541770935058594,38
19169,1095680,29.35944938659668,34
19170,1095680,24.25590705871582,29
19171,1095936,43.490394592285156,48
19172,1095936,33.63751220703125,38
19173,1095936,36.55659866333008,41
19174,1095936,16.525283813476562,21
19175,1095936,21.584264755249023,26
19176,1095936,34.403839111328125,39
19177,1095936,26.61935043334961,31
19178,1095936,13.599021911621094,18
19179,1095936,21.329578399658203,26
19180,1095936,29.603496551513672,34
19181,1095936,33.46238327026367,38
19182,1096192,25.136594772338867,30
19183,1096192,20.149620056152344,25
19184,1096192,22.237659454345703,27
19185,1096192,38.488006591796875,43
19186,1096192,19.315113067626953,24
19187,1096192,23.880016326904297,28
19188,1096192,27.679977416992188,32
19189,1096192,28.212621688842773,33
19190,1096192,25.832229614257812,30
19191,1096192,25.894859313964844,30
19192,1096192,28.75520133972168,33
19193,1096192,29.715335845947266,34
19194,1096192,40.50306701660156,45
19195,1096448,31.59746551513672,36
19196,1096448,23.439897537231445,28
19197,1096448,20.71946144104004,25
19198,1096448,28.663986206054688,33
19199,1096448,26.488691329956055,31
19200,1096448,14.389603614807129,19
19201,1096448,13.43989372253418,18
19202,1096448,21.802980422973633,27
19203,1096448,33.41053771972656,38
19204,1096448,15.299259185791016,20
19205,1096448,24.712440490722656,29
19206,1096448,28.38692283630371,33
19207,1096448,17.3203125,22
19208,1096704,25.430648803710938,30
19209,1096704,37.44187545776367,42
19210,1096704,19.472719192504883,24
19211,1096704,25.562541961669922,30
19212,1096704,33.494590759277344,38
19213,1096960,32.60051727294922,37
19214,1096960,26.664710998535156,31
19215,1096960,29.67495346069336,34
19216,1096960,21.344938278198242,26
19217,1097216,29.421554565429688,34
19218,1097216,24.22007942199707,29
19219,1097216,37.56241989135742,42
19220,1097216,26.595687866210938,31
19221,1097216,17.22050666809082,22
19222,1097216,17.54301643371582,22
19223,1097216,28.684690475463867,33
19224,1097216,13.594025611877441,18
19225,1097216,27.44641876220703,32
19226,1097216,36.37394332885742,41
19227,1097472,25.816940307617188,30
19228,1097472,28.508556365966797,33
19229,1097472,22.381364822387695,27
19230,1097472,29.756948471069336,34
19231,1097472,41.30268859863281,46
19232,1097472,30.458555221557617,35
19233,1097472,31.573368072509766,36
19234,1097472,27.587915420532227,32
19235,1097472,26.692928314208984,31
19236,1097472,33.436458587646484,38
19237,1097728,22.65774917602539,27
19238,1097728,16.423364639282227,21
19239,1097728,23.181156158447266,28
19240,1097728,18.282609939575195,23
19241,1097984,35.32217025756836,40
19242,1097984,16.20885467529297,21
19243,1097984,23.53447914123535,28
19244,1097984,19.65947151184082,24
19245,1097984,27.850101470947266,32
19246,1097984,36.6060676574707,41
19247,1097984,24.72482681274414,29
19248,1097984,24.54399299621582,29
19249,1097984,17.16863441467285,22
19250,1097984,15.408504486083984,20
19251,1097984,16.299942016601562,21
19252,1097984,15.420524597167969,20
19253,1098240,18.13238525390625,23
19254,1098240,32.61805725097656,37
19255,1098240,19.34656524658203,24
19256,1098240,19.587583541870117,24
19257,1098240,22.680316925048828,27
19258,1098240,39.33877944946289,44
19259,1098240,18.237239837646484,23
19260,1098240,21.167821884155273,26
19261,1098240,35.714134216308594,40
19262,1098240,15.179241180419922,20
19263,1098496,19.473323822021484,24
19264,1098496,23.633167266845703,28
19265,1098496,29.608802795410156,34
19266,1098496,35.34445571899414,40
19267,1098496,30.61976432800293,35
19268,1098496,28.731386184692383,33
19269,1098496,30.67703628540039,35
19270,1098496,19.601625442504883,24
19271,1098496,19.07132339477539,24
19272,1098496,16.278793334960938,21
19273,1098752,22.787254333496094,27
19274,1098752,39.361244201660156,44
19275,1098752,27.645463943481445,32
19276,1098752,25.579307556152344,30
19277,1098752,28.725927352905273,33
19278,1098752,24.352657318115234,29
19279,1098752,22.391443252563477,27
19280,1098752,19.934600830078125,25
19281,1098752,29.557374954223633,34
19282,1098752,29.728431701660156,34
19283,1098752,31.28023910522461,36
19284,1099008,35.68071746826172,40
19285,1099008,36.084896087646484,41
19286,1099008,34.54949951171875,39
19287,1099008,34.21077346801758,39
19288,1099008,18.614994049072266,23
19289,1099008,25.56513786315918,30
19290,1099008,21.876312255859375,27
19291,1099008,26.750347137451172,31
19292,1099008,16.358203887939453,21
19293,1099008,36.326202392578125,41
19294,1099264,28.607234954833984,33
19295,1099264,22.255481719970703,27
19296,1099264,32.050140380859375,37
19297,1099264,36.40380859375,41
19298,1099264,19.258684158325195,24
19299,1099264,27.849790573120117,32
19300,1099264,27.433284759521484,32
19301,1099264,41.223533630371094,46
19302,1099264,26.659645080566406,31
19303,1099264,20.17255973815918,25
19304,1099264,21.88578987121582,27
19305,1099520,19.41769790649414,24
19306,1099520,16.060447692871094,21
19307,1099520,28.72084617614746,33
19308,1099520,31.286571502685547,36
19309,1099520,32.68714904785156,37
19310,1099520,27.350526809692383,32
19311,1099520,24.83817481994629,30
19312,1099520,23.065277099609375,28
19313,1099520,27.343984603881836,32
19314,1099520,32.656471252441406,37
19315,1099776,23.09478187561035,28
19316,1099776,38.365848541259766,43
19317,1099776,30.646684646606445,35
19318,1100032,20.646196365356445,25
19319,1100032,35.56654357910156,40
19320,1100032,19.133636474609375,24
19321,1100032,22.330942153930664,27
19322,1100032,27.430522918701172,32
19323,1100032,45.14013671875,50
19324,1100288,29.73589324951172,34
19325,1100288,19.023120880126953,24
19326,1100288,19.00200843811035,24
19327,1100288,15.439757347106934,20
19328,1100288,32.51564025878906,37
19329,1100288,33.13029479980469,38
19330,1100288,31.61495018005371,36
19331,1100544,23.617061614990234,28
19332,1100544,16.369487762451172,21
19333,1100544,27.52549934387207,32
19334,1100544,21.272525787353516,26
19335,1100800,28.685951232910156,33
19336,1100800,23.416845321655273,28
19337,1100800,25.80447006225586,30
19338,1100800,27.5986385345459,32
19339,1100800,31.534069061279297,36
19340,1100800,35.12588882446289,40
19341,1100800,26.782596588134766,31
19342,1100800,20.308517456054688,25
19343,1101056,42.22441864013672,47
19344,1101056,32.58251190185547,37
19345,1101056,24.4288272857666,29
19346,1101056,27.643014907836914,32
19347,1101056,22.576900482177734,27
19348,1101312,23.097183227539062,28
19349,1101312,34.619266510009766,39
19350,1101312,18.826122283935547,24
19351,1101312,27.335674285888672,32
19352,1101312,31.634078979492188,36
19353,1101312,26.310026168823242,31
19354,1101568,21.551706314086914,26
19355,1101568,17.776247024536133,23
19356,1101568,23.951068878173828,29
19357,1101824,28.691837310791016,33
19358,1101824,31.639156341552734,36
19359,1101824,33.593387603759766,38
19360,1101824,18.01582908630371,23
19361,1101824,24.82155418395996,29
19362,1101824,35.55061340332031,40
19363,1102080,24.740846633911133,29
19364,1102080,37.40690231323242,42
19365,1102080,33.610652923583984,38
19366,1102080,23.38417625427246,28
19367,1102080,25.676483154296875,30
19368,1102080,50.06298828125,55
19369,1102080,23.63922691345215,28
19370,1102080,19.309362411499023,24
19371,1102336,31.50395965576172,36
19372,1102336,29.649669647216797,34
19373,1102336,33.75069046020508,38
19374,1102336,35.47455596923828,40
19375,1102336,33.47500228881836,38
19376,1102336,30.744853973388672,35
19377,1102336,37.28633499145508,42
19378,1102336,37.39738082885742,42
19379,1102336,19.456897735595703,24
19380,1102336,20.439205169677734,25
19381,1102336,30.637466430664062,35
19382,1102336,19.436325073242188,24
19383,1102592,33.42427062988281,38
19384,1102592,30.64336395263672,35
19385,1102592,19.283870697021484,24
19386,1102592,20.725650787353516,25
19387,1102848,29.40459632873535,34
19388,1102848,32.62875747680664,37
19389,1102848,16.353342056274414,21
19390,1102848,15.273447036743164,20
19391,1102848,22.562700271606445,27
19392,1102848,25.56138801574707,30
19393,1102848,29.69609832763672,34
19394,1102848,27.578048706054688,32
19395,1102848,32.59235382080078,37
19396,1103104,28.632925033569336,33
19397,1103104,26.814395904541016,31
19398,1103104,40.27919387817383,45
19399,1103104,24.514545440673828,29
19400,1103104,31.646841049194336,36
19401,1103360,21.559844970703125,26
19402,1103360,26.632434844970703,31
19403,1103360,26.24776268005371,32
19404,1103360,16.303993225097656,21
19405,1103360,14.43840217590332,19
19406,1103360,28.41746711730957,33
19407,1103616,23.545820236206055,28
19408,1103616,32.70060348510742,37
19409,1103616,19.55569839477539,24
19410,1103616,34.644508361816406,39
19411,1103616,23.948637008666992,28
19412,1103616,27.791196823120117,32
19413,1103616,37.29661560058594,42
19414,1103616,27.850019454956055,32
19415,1103616,27.49958610534668,32
19416,1103872,18.380237579345703,23
19417,1103872,37.32441711425781,42
19418,1103872,36.35795593261719,41
19419,1103872,21.77766990661621,26
19420,1103872,30.696327209472656,35
19421,1103872,21.480846405029297,26
19422,1103872,25.717863082885742,30
19423,1103872,21.27829360961914,26
19424,1103872,28.703720092773438,33
19425,1103872,26.402515411376953,31
19426,1103872,24.714439392089844,29
19427,1103872,25.079021453857422,30
19428,1103872,31.68380355834961,36
19429,1103872,35.33541488647461,40
19430,1103872,28.53192901611328,33
19431,1103872,31.563587188720703,36
19432,1103872,19.296356201171875,24
19433,1103872,25.716012954711914,30
19434,1104128,26.854204177856445,31
19435,1104128,17.542387008666992,22
19436,1104128,33.446414947509766,38
19437,1104128,18.05419921875,23
19438,1104128,25.465736389160156,30
19439,1104128,39.723751068115234,45
19440,1104128,29.689401626586914,34
19441,1104128,27.83356475830078,32
19442,1104128,17.165817260742188,22
19443,1104128,26.759254455566406,31
19444,1104128,37.2344856262207,42
19445,1104128,16.44478416442871,21
19446,1104128,21.615144729614258,26
19447,1104128,32.6248779296875,37
19448,1104384,29.684185028076172,34
19449,1104384,28.7061767578125,33
19450,1104384,28.463825225830078,33
19451,1104384,19.009044647216797,24
19452,1104384,14.507596969604492,19
19453,1104384,23.57642364501953,28
19454,1104384,30.53155517578125,35
19455,1104384,31.55856704711914,36
19456,1104384,17.684282302856445,22
19457,1104384,18.166715621948242,23
19458,1104384,30.676244735717773,35
19459,1104640,27.714218139648438,32
19460,1104640,18.367523193359375,23
19461,1104640,18.390872955322266,23
19462,1104640,22.775348663330078,27
19463,1104896,35.409080505371094,40
19464,1104896,19.493505477905273,24
19465,1104896,22.493270874023438,27
19466,1104896,34.506099700927734,39
19467,1104896,29.65077781677246,34
19468,1104896,19.570798873901367,24
19469,1104896,17.228788375854492,22
19470,1104896,28.223169326782227,33
19471,1105152,39.26883316040039,44
19472,1105152,22.6583309173584,27
19473,1105152,30.506731033325195,35
19474,1105152,18.39821434020996,23
19475,1105152,29.596405029296875,34
19476,1105152,18.48160171508789,23
19477,1105152,22.649459838867188,27
19478,1105152,26.535480499267578,31
19479,1105152,16.458486557006836,21
19480,1105152,32.549171447753906,37
19481,1105152,19.516319274902344,24
19482,1105408,32.52717971801758,37
19483,1105408,27.400068283081055,32
19484,1105408,26.847270965576172,31
19485,1105408,18.494022369384766,23
19486,1105408,27.7252197265625,32
19487,1105408,37.416465759277344,42
19488,1105664,32.456748962402344,37
19489,1105664,30.62702178955078,35
19490,1105664,34.558441162109375,39
19491,1105664,41.531917572021484,46
19492,1105664,31.478670120239258,36
19493,1105664,13.471627235412598,18
19494,1105664,26.93058204650879,32
19495,1105664,30.765329360961914,35
19496,1105664,32.66230392456055,37
19497,1105920,40.12983703613281,45
19498,1105920,23.473983764648438,28
19499,1105920,28.435367584228516,33
19500,1105920,18.31680679321289,23
19501,1105920,29.7458438873291,34
19502,1105920,26.71286392211914,31
19503,1106176,21.31681251525879,26
19504,1106176,31.44499969482422,36
19505,1106176,26.821332931518555,31
19506,1106176,26.06541633605957,31
19507,1106176,23.612491607666016,28
19508,1106432,18.318559646606445,23
19509,1106432,30.698942184448242,35
19510,1106432,23.798660278320312,28
19511,1106432,28.687070846557617,33
19512,1106432,26.607444763183594,31
19513,1106432,32.547607421875,37
19514,1106432,35.48548889160156,40
19515,1106432,30.57280158996582,35
19516,1106432,20.552616119384766,25
19517,1106432,31.505859375,36
19518,1106432,34.46217727661133,39
19519,1106432,32.6207160949707,37
19520,1106688,15.245372772216797,20
19521,1106688,19.4845027923584,24
19522,1106688,20.964134216308594,26
19523,1106688,27.392986297607422,32
19524,1106688,16.52455711364746,21
19525,1106688,24.460430145263672,29
19526,1106688,35.43803024291992,40
19527,1106688,20.75885772705078,25
19528,1106944,15.331905364990234,20
19529,1106944,26.672069549560547,31
19530,1106944,25.29903221130371,30
19531,1106944,31.71289825439453,36
19532,1106944,39.39170837402344,44
19533,1106944,27.823366165161133,32
19534,1106944,25.57360076904297,30
19535,1106944,33.66871643066406,38
19536,1106944,21.303035736083984,26
19537,1107200,28.524240493774414,33
19538,1107200,19.537763595581055,24
19539,1107200,39.33724594116211,44
19540,1107200,24.674219131469727,29
19541,1107200,37.329345703125,42
19542,1107200,36.445396423339844,41
19543,1107200,31.567720413208008,36
19544,1107200,29.689590454101562,34
19545,1107200,33.52812576293945,38
19546,1107456,32.61152648925781,37
19547,1107456,23.40460777282715,28
19548,1107456,21.58777618408203,26
19549,1107456,16.268672943115234,21
19550,1107456,28.12668800354004,33
19551,1107456,21.95429801940918,27
19552,1107456,31.549325942993164,36
19553,1107712,33.439842224121094,38
19554,1107712,33.54810333251953,38
19555,1107712,13.427936553955078,18
19556,1107712,21.985557556152344,27
19557,1107712,29.699934005737305,34
19558,1107712,27.61075782775879,32
19559,1107712,16.304792404174805,21
19560,1107712,38.30036163330078,43
19561,1107712,21.02387237548828,26
19562,1107712,16.146284103393555,21
19563,1107712,41.63138198852539,46
19564,1107712,35.532432556152344,40
19565,1107712,31.69051742553711,36
19566,1107968,30.46214485168457,35
19567,1107968,28.626079559326172,33
19568,1107968,21.39936637878418,26
19569,1107968,25.829784393310547,30
19570,1107968,22.175996780395508,27
19571,1107968,28.853055953979492,34
19572,1107968,45.10066223144531,50
19573,1107968,32.4539909362793,37
19574,1107968,26.67121696472168,31
19575,1107968,29.551326751708984,34
19576,1107968,40.30457305908203,45
19577,1107968,20.659509658813477,25
19578,1108224,16.671783447265625,21
19579,1108224,39.32836151123047,44
19580,1108224,33.47621536254883,38
19581,1108224,11.454696655273438,16
19582,1108224,31.71695327758789,36
19583,1108224,29.610504150390625,34
19584,1108480,25.519351959228516,30
19585,1108480,23.559396743774414,28
19586,1108480,20.384092330932617,25
19587,1108480,30.54161262512207,35
19588,1108480,27.615421295166016,32
19589,1108480,31.55515480041504,36
19590,1108480,23.57322883605957,28
19591,1108736,33.586570739746094,38
19592,1108736,29.457475662231445,34
19593,1108736,31.357418060302734,36
19594,1108736,34.59459686279297,39
19595,1108736,20.309125900268555,25
19596,1108736,37.53102111816406,42
19597,1108736,18.397014617919922,23
19598,1108992,37.298240661621094,42
19599,1108992,32.50331497192383,37
19600,1108992,19.11001968383789,24
19601,1108992,18.215482711791992,23
19602,1108992,37.435604095458984,42
19603,1108992,22.627647399902344,27
19604,1108992,34.593055725097656,39
19605,1108992,15.132369995117188,20
19606,1108992,15.491060256958008,20
19607,1108992,27.44086265563965,32
19608,1109248,35.11197280883789,40
19609,1109248,11.685847282409668,16
19610,1109248,21.12760353088379,26
19611,1109248,28.692012786865234,33
19612,1109248,15.367318153381348,20
19613,1109248,20.4489803314209,25
19614,1109248,36.59986114501953,41
19615,1109248,28.46541976928711,33
19616,1109504,15.380597114562988,20
19617,1109504,24.590484619140625,29
19618,1109504,24.402681350708008,29
19619,1109504,32.60470199584961,37
19620,1109504,39.55609130859375,45
19621,1109504,16.212909698486328,21
19622,1109504,31.527027130126953,36
19623,1109504,25.605682373046875,30
19624,1109504,34.64374923706055,39
19625,1109504,24.842052459716797,29
19626,1109504,40.43571090698242,45
19627,1109760,19.203073501586914,24
19628,1109760,17.038772583007812,22
19629,1109760,22.369203567504883,27
19630,1109760,34.385101318359375,39
19631,1109760,20.64440155029297,25
19632,1109760,30.83291244506836,35
19633,1109760,23.592239379882812,29
19634,1110016,27.717458724975586,32
19635,1110016,41.45738983154297,46
19636,1110016,15.390538215637207,20
19637,1110016,17.30529022216797,22
19638,1110016,16.907943725585938,22
19639,1110016,24.479948043823242,29
19640,1110272,26.4876708984375,31
19641,1110272,14.434072494506836,19
19642,1110272,18.58389663696289,23
19643,1110272,38.669837951660156,43
19644,1110272,22.45219612121582,27
19645,1110272,28.529354095458984,33
19646,1110272,19.28821563720703,24
19647,1110272,21.326271057128906,26
19648,1110272,27.668331146240234,32
19649,1110272,19.624095916748047,24
19650,1110528,19.555782318115234,24
19651,1110528,22.539243698120117,28
19652,1110528,34.472415924072266,39
19653,1110528,21.40888786315918,26
19654,1110528,23.64813804626465,28
19655,1110528,22.581819534301758,27
19656,1110784,15.393787384033203,20
19657,1110784,25.552717208862305,30
19658,1110784,32.08285903930664,37
19659,1110784,22.401647567749023,27
19660,1110784,33.58757781982422,38
19661,1110784,28.054105758666992,33
19662,1110784,21.415233612060547,26
19663,1111040,31.58514404296875,36
19664,1111296,32.78498840332031,37
19665,1111296,29.618677139282227,34
19666,1111296,36.52960968017578,41
19667,1111296,27.55995750427246,32
19668,1111296,25.246335983276367,30
19669,1111296,22.55669403076172,27
19670,1111296,33.358131408691406,38
19671,1111296,38.35006332397461,43
19672,1111296,19.277305603027344,24
19673,1111552,24.21898651123047,29
19674,1111552,17.425331115722656,22
19675,1111552,24.19548988342285,29
19676,1111552,25.50665855407715,30
19677,1111552,13.565743446350098,18
19678,1111552,18.38908576965332,23
19679,1111552,25.399452209472656,30
19680,1111552,19.966899871826172,25
19681,1111552,25.212026596069336,30
19682,1111552,31.66482925415039,36
19683,1111808,36.40092849731445,41
19684,1111808,20.890296936035156,25
19685,1111808,27.712440490722656,32
19686,1111808,22.82748031616211,28
19687,1111808,26.88250732421875,31
19688,1111808,22.196104049682617,27
19689,1111808,32.77762222290039,37
19690,1111808,25.456989288330078,30
19691,1111808,18.5512752532959,23
19692,1111808,19.22270393371582,24
19693,1111808,21.597843170166016,26
19694,1111808,25.357404708862305,30
19695,1111808,21.35083770751953,26
19696,1111808,30.658966064453125,35
19697,1111808,20.55681800842285,25
19698,1111808,32.4705810546875,37
19699,1111808,17.303173065185547,22
19700,1112064,29.65252685546875,34
19701,1112064,16.45168113708496,21
19702,1112064,19.437828063964844,24
19703,1112064,20.386760711669922,25
19704,1112064,18.26149559020996,23
19705,1112064,21.466737747192383,26
19706,1112064,25.479467391967773,30
19707,1112064,30.639482498168945,35
19708,1112064,19.45429801940918,24
19709,1112064,23.842239379882812,29
19710,1112064,22.85936737060547,27
19711,1112064,27.728199005126953,32
19712,1112064,18.33087730407715,23
19713,1112064,23.5285587310791,28
19714,1112320,28.816133499145508,33
19715,1112320,14.235003471374512,19
19716,1112320,16.175825119018555,21
19717,1112320,16.74196434020996,21
19718,1112320,18.82980728149414,23
19719,1112320,22.110897064208984,27
19720,1112320,23.675430297851562,28
19721,1112320,35.62903594970703,40
19722,1112320,12.50750732421875,17
19723,1112320,32.598514556884766,37
19724,1112576,29.64960479736328,34
19725,1112576,29.701467514038086,34
19726,1112576,17.137271881103516,22
19727,1112576,30.741764068603516,35
19728,1112576,35.507930755615234,40
19729,1112576,30.21804428100586,35
19730,1112832,21.844972610473633,26
19731,1112832,36.38676834106445,41
19732,1112832,29.706708908081055,34
19733,1112832,19.580352783203125,24
19734,1112832,15.674888610839844,20
19735,1112832,31.52450180053711,36
19736,1112832,31.77649688720703,36
19737,1112832,17.022188186645508,22
19738,1112832,29.7260684967041,34
19739,1113088,29.97657585144043,36
19740,1113088,21.616220474243164,26
19741,1113088,27.509063720703125,32
19742,1113088,37.57752990722656,42
19743,1113088,25.953279495239258,31
19744,1113088,16.725997924804688,21
19745,1113088,27.591007232666016,32
19746,1113088,29.59879493713379,34
19747,1113088,29.687023162841797,34
19748,1113344,16.31619644165039,21
19749,1113344,25.87415885925293,30
19750,1113344,37.52792739868164,42
19751,1113344,28.819921493530273,33
19752,1113344,17.261213302612305,22
19753,1113344,17.39242935180664,22
19754,1113600,35.410728454589844,40
19755,1113600,16.484081268310547,21
19756,1113600,21.438976287841797,26
19757,1113600,21.604616165161133,26
19758,1113600,22.141048431396484,27
19759,1113856,21.28464126586914,26
19760,1113856,16.46969223022461,21
19761,1113856,27.697256088256836,32
19762,1113856,34.448421478271484,39
19763,1113856,20.532493591308594,25
19764,1113856,25.799076080322266,30
19765,1113856,23.892757415771484,29
19766,1114112,18.42389678955078,23
19767,1114112,20.612825393676758,25
19768,1114112,25.306079864501953,30
19769,1114112,27.566699981689453,32
19770,1114112,22.7429256439209,27
19771,1114112,29.170074462890625,34
19772,1114112,19.562274932861328,24
19773,1114112,22.635684967041016,27
19774,1114112,24.655391693115234,29
19775,1114112,33.55939483642578,38
19776,1114112,30.645078659057617,35
19777,1114112,22.654569625854492,27
19778,1114112,33.613502502441406,38
19779,1114112,25.52263069152832,30
19780,1114368,36.728755950927734,41
19781,1114368,36.339969635009766,41
19782,1114368,29.549495697021484,34
19783,1114368,16.294397354125977,21
19784,1114368,40.27809143066406,45
19785,1114368,22.763870239257812,27
19786,1114368,20.55379295349121,25
19787,1114624,26.49211883544922,31
19788,1114624,36.562557220458984,41
19789,1114624,34.64152908325195,39
19790,1114624,23.007286071777344,28
19791,1114880,28.816957473754883,33
19792,1114880,34.623226165771484,39
19793,1114880,35.458091735839844,40
19794,1115136,29.785127639770508,34
19795,1115136,35.46184158325195,40
19796,1115136,20.095359802246094,25
19797,1115136,23.519269943237305,28
19798,1115136,32.53774642944336,37
19799,1115136,26.71406364440918,31
19800,1115136,31.801477432250977,36
19801,1115136,20.52249526977539,25
19802,1115136,24.58034324645996,29
19803,1115392,25.505203247070312,30
19804,1115392,20.300844192504883,25
19805,1115392,23.584735870361328,28
19806,1115392,16.4604434967041,21
19807,1115392,19.209516525268555,24
19808,1115392,22.846986770629883,27
19809,1115392,17.330835342407227,22
19810,1115392,40.192508697509766,45
19811,1115392,13.402732849121094,18
19812,1115392,44.14283752441406,49
19813,1115392,24.674041748046875,29
19814,1115392,40.26608657836914,45
19815,1115648,21.190853118896484,26
19816,1115648,25.739429473876953,30
19817,1115648,19.137277603149414,24
19818,1115648,36.43610382080078,41
19819,1115648,21.403034210205078,26
19820,1115648,17.437999725341797,22
19821,1115648,34.48493957519531,39
19822,1115648,26.397445678710938,31
19823,1115904,32.42300033569336,37
19824,1115904,29.737398147583008,34
19825,1115904,32.44242858886719,37
19826,1115904,32.56007385253906,37
19827,1115904,37.3183479309082,42
19828,1115904,24.44247817993164,29
19829,1115904,26.77338218688965,31
19830,1116160,27.792980194091797,32
19831,1116160,26.649028778076172,31
19832,1116160,23.293285369873047,28
19833,1116160,30.681867599487305,35
19834,1116160,28.566110610961914,33
19835,1116416,33.72333908081055,38
19836,1116416,21.678970336914062,26
19837,1116416,19.53522491455078,24
19838,1116416,25.385108947753906,30
19839,1116416,33.53379440307617,38
19840,1116416,18.12495994567871,23
19841,1116416,30.206432342529297,35
19842,1116416,28.098508834838867,33
19843,1116416,20.600780487060547,25
19844,1116416,29.49138641357422,34
19845,1116416,25.168819427490234,30
19846,1116416,27.204660415649414,32
19847,1116416,32.583011627197266,37
19848,1116672,23.527849197387695,28
19849,1116672,14.368175506591797,19
19850,1116672,35.49396514892578,40
19851,1116672,26.810718536376953,32
19852,1116672,19.186691284179688,24
19853,1116928,29.724653244018555,34
19854,1116928,35.606224060058594,40
19855,1116928,23.31344985961914,28
19856,1116928,25.819074630737305,30
19857,1116928,15.223334312438965,20
19858,1116928,34.5421028137207,39
19859,1116928,19.70688819885254,24
19860,1116928,28.787317276000977,33
19861,1116928,33.505027770996094,38
19862,1116928,16.108747482299805,21
19863,1116928,22.510690689086914,27
19864,1116928,24.03404426574707,29
19865,1116928,31.540489196777344,36
19866,1117184,26.48276138305664,31
19867,1117184,31.697235107421875,36
19868,1117184,22.395465850830078,27
19869,1117184,15.579447746276855,20
19870,1117184,32.53528594970703,37
19871,1117184,17.386972427368164,22
19872,1117184,17.312482833862305,22
19873,1117184,16.35348892211914,21
19874,1117184,21.19559097290039,26
19875,1117184,16.355955123901367,21
19876,1117440,17.453506469726562,22
19877,1117440,22.487688064575195,27
19878,1117440,19.701623916625977,24
19879,1117440,20.621055603027344,25
19880,1117440,26.704214096069336,31
19881,1117440,32.49886703491211,37
19882,1117440,16.392417907714844,21
19883,1117696,28.55820655822754,33
19884,1117696,19.580482482910156,24
19885,1117696,17.215383529663086,22
19886,1117696,35.57928466796875,40
19887,1117696,27.45482063293457,32
19888,1117696,24.115314483642578,29
19889,1117696,37.5384521484375,42
19890,1117952,25.74386215209961,30
19891,1117952,28.883216857910156,33
19892,1117952,32.79942321777344,37
19893,1117952,30.409839630126953,35
19894,1117952,29.661849975585938,34
19895,1117952,17.044355392456055,22
19896,1117952,15.459606170654297,20
19897,1117952,40.18354797363281,45
19898,1117952,28.785959243774414,33
19899,1117952,23.140905380249023,28
19900,1117952,30.668060302734375,35
19901,1118208,32.507564544677734,37
19902,1118208,30.715654373168945,35
19903,1118208,17.563108444213867,22
19904,1118208,20.34373664855957,25
19905,1118208,36.548702239990234,41
19906,1118208,28.69442367553711,33
19907,1118208,28.747867584228516,33
19908,1118464,30.574798583984375,35
19909,1118464,23.82867431640625,28
19910,1118464,38.38734436035156,43
19911,1118464,27.192790985107422,32
19912,1118464,33.510074615478516,38
19913,1118464,27.5698299407959,32
19914,1118720,30.771692276000977,35
19915,1118720,26.379060745239258,31
19916,1118720,32.628108978271484,37
19917,1118720,26.736276626586914,31
19918,1118720,19.57271385192871,24
19919,1118720,29.514345169067383,34
19920,1118720,22.119365692138672,27
19921,1118720,16.552268981933594,21
19922,1118720,22.85291862487793,27
19923,1118976,21.044147491455078,26
19924,1118976,17.29270362854004,22
19925,1118976,34.60329818725586,39
19926,1118976,18.614580154418945,23
19927,1118976,32.46366500854492,37
19928,1118976,29.653162002563477,34
19929,1118976,15.441825866699219,20
19930,1119232,31.40941619873047,36
19931,1119232,16.12424087524414,21
19932,1119232,20.423173904418945,25
19933,1119232,24.42128562927246,29
19934,1119232,33.51117706298828,38
19935,1119232,35.570003509521484,40
19936,1119232,25.54465103149414,30
19937,1119232,20.23419952392578,25
19938,1119232,30.8038330078125,35
19939,1119232,34.484527587890625,39
19940,1119232,37.423675537109375,42
19941,1119488,27.820411682128906,32
19942,1119488,25.19892692565918,30
19943,1119488,24.67853546142578,29
19944,1119488,22.691198348999023,28
19945,1119488,37.43880844116211,42
19946,1119488,29.964397430419922,35
19947,1119488,16.21131134033203,21
19948,1119488,20.18041229248047,25
19949,1119488,26.734434127807617,31
19950,1119744,24.73978614807129,30
19951,1119744,17.138826370239258,22
19952,1119744,28.695533752441406,33
19953,1119744,35.339962005615234,40
19954,1120000,38.2210693359375,43
19955,1120000,23.74919891357422,28
19956,1120000,25.951051712036133,30
19957,1120000,22.47672462463379,27
19958,1120000,27.80023193359375,32
19959,1120256,27.60892105102539,32
19960,1120256,30.325992584228516,35
19961,1120256,15.435771942138672,20
19962,1120256,16.536401748657227,21
19963,1120256,15.478303909301758,20
19964,1120256,26.772327423095703,31
19965,1120256,25.673826217651367,30
19966,1120256,29.627513885498047,34
19967,1120256,33.528038024902344,38
19968,1120256,19.140392303466797,24
19969,1120256,34.56574630737305,39
19970,1120256,29.717952728271484,34
19971,1120256,18.87432861328125,24
19972,1120256,21.754791259765625,26
19973,1120256,25.50980567932129,30
19974,1120256,28.23892593383789,33
19975,1120512,27.709814071655273,32
19976,1120512,28.711380004882812,33
19977,1120512,33.79393768310547,38
19978,1120512,33.519290924072266,38
19979,1120512,35.59660339355469,40
19980,1120512,28.674694061279297,33
19981,1120768,21.310585021972656,26
19982,1120768,21.232105255126953,26
19983,1120768,28.74673843383789,33
19984,1120768,31.074140548706055,36
19985,1120768,29.719890594482422,34
19986,1120768,22.379037857055664,27
19987,1120768,19.63956069946289,24
19988,1120768,16.019855499267578,21
19989,1120768,22.933412551879883,27
19990,1120768,23.80664825439453,28
19991,1120768,24.485563278198242,29
19992,1121024,30.763385772705078,35
19993,1121024,33.432395935058594,38
19994,1121024,29.696044921875,34
19995,1121024,29.713115692138672,34
19996,1121024,31.68880844116211,36
19997,1121024,26.804561614990234,31
19998,1121024,18.014083862304688,23
19999,1121024,28.035388946533203,33
20000,1121024,19.628190994262695,24
20001,1121280,23.804067611694336,28
20002,1121280,26.394573211669922,31
20003,1121280,40.308013916015625,45
20004,1121280,33.439697265625,38
20005,1121536,19.579914093017578,24
20006,1121536,30.634550094604492,35
20007,1121536,32.349220275878906,37
20008,1121536,33.35581588745117,38
20009,1121536,33.57640075683594,38
20010,1121536,29.270225524902344,34
20011,1121536,27.73678207397461,32
20012,1121536,16.689302444458008,21
20013,1121536,19.2292537689209,24
20014,1121536,13.61839485168457,18
20015,1121792,27.740285873413086,32
20016,1121792,18.347854614257812,23
20017,1121792,21.243846893310547,26
20018,1121792,17.64846420288086,22
20019,1121792,29.679588317871094,34
20020,1121792,36.435462951660156,41
20021,1121792,19.4954891204834,24
20022,1121792,16.029518127441406,21
20023,1121792,25.653594970703125,30
20024,1121792,29.654430389404297,34
20025,1121792,29.450607299804688,34
20026,1121792,30.594772338867188,35
20027,1122048,25.30580711364746,30
20028,1122048,31.713687896728516,36
20029,1122048,37.40069580078125,42
20030,1122048,12.471625328063965,17
20031,1122048,14.683162689208984,19
20032,1122048,37.63457107543945,42
20033,1122048,34.34611892700195,39
20034,1122048,34.431236267089844,39
20035,1122304,36.399757385253906,41
20036,1122304,31.530546188354492,36
20037,1122304,22.66891098022461,27
20038,1122304,35.60735321044922,40
20039,1122304,16.37360382080078,21
20040,1122304,18.340320587158203,23
20041,1122304,26.444650650024414,31
20042,1122304,26.714200973510742,31
20043,1122304,34.46013641357422,39
