episode,global_step,ep_return,ep_length,epsilon
0,4864,14.228549003601074,19,0.9946000000000006
1,5120,15.417369842529297,20,0.9943000000000006
2,5632,16.97270965576172,22,0.9937000000000007
3,6144,19.043638229370117,24,0.9931000000000008
4,6400,19.853172302246094,25,0.9928000000000008
5,6400,19.649799346923828,25,0.9928000000000008
6,6656,20.72035789489746,26,0.9925000000000008
7,6656,21.047754287719727,26,0.9925000000000008
8,6656,20.845338821411133,26,0.9925000000000008
9,6656,20.858375549316406,26,0.9925000000000008
10,6656,20.947345733642578,26,0.9925000000000008
11,6912,21.629173278808594,27,0.9922000000000009
12,6912,21.771772384643555,27,0.9922000000000009
13,6912,21.717815399169922,27,0.9922000000000009
14,6912,21.815752029418945,27,0.9922000000000009
15,6912,22.14136505126953,27,0.9922000000000009
16,7168,22.59539794921875,28,0.9919000000000009
17,7168,22.678752899169922,28,0.9919000000000009
18,7168,22.55697250366211,28,0.9919000000000009
19,7168,22.70938491821289,28,0.9919000000000009
20,7424,23.5864200592041,29,0.9916000000000009
21,7424,23.849441528320312,29,0.9916000000000009
22,7424,23.725065231323242,29,0.9916000000000009
23,7424,23.761043548583984,29,0.9916000000000009
24,7680,24.628307342529297,30,0.991300000000001
25,7680,24.621780395507812,30,0.991300000000001
26,7680,24.421146392822266,30,0.991300000000001
27,7680,24.570064544677734,30,0.991300000000001
28,7680,24.52393913269043,30,0.991300000000001
29,7936,25.8983154296875,31,0.991000000000001
30,7936,25.703899383544922,31,0.991000000000001
31,7936,25.738445281982422,31,0.991000000000001
32,7936,25.38416290283203,31,0.991000000000001
33,7936,25.66971206665039,31,0.991000000000001
34,7936,25.923477172851562,31,0.991000000000001
35,7936,25.4328670501709,31,0.991000000000001
36,7936,26.029041290283203,31,0.991000000000001
37,7936,25.736248016357422,31,0.991000000000001
38,8192,26.061664581298828,32,0.990700000000001
39,8192,26.87903594970703,32,0.990700000000001
40,8192,26.573211669921875,32,0.990700000000001
41,8192,26.579679489135742,32,0.990700000000001
42,8192,26.59738540649414,32,0.990700000000001
43,8192,26.60516929626465,32,0.990700000000001
44,8192,26.75526237487793,32,0.990700000000001
45,8192,26.583232879638672,32,0.990700000000001
46,8192,26.33217430114746,32,0.990700000000001
47,8192,26.10158348083496,32,0.990700000000001
48,8192,26.94709587097168,32,0.990700000000001
49,8192,26.356401443481445,32,0.990700000000001
50,8448,27.446184158325195,33,0.9904000000000011
51,8448,27.741689682006836,33,0.9904000000000011
52,8448,27.17025375366211,33,0.9904000000000011
53,8448,27.32044219970703,33,0.9904000000000011
54,8704,27.83986473083496,34,0.9901000000000011
55,8704,28.487398147583008,34,0.9901000000000011
56,8704,28.314756393432617,34,0.9901000000000011
57,8704,28.285614013671875,34,0.9901000000000011
58,8704,29.159526824951172,34,0.9901000000000011
59,8704,28.585325241088867,34,0.9901000000000011
60,8704,27.966962814331055,34,0.9901000000000011
61,8704,28.604080200195312,34,0.9901000000000011
62,8704,28.795000076293945,34,0.9901000000000011
63,8960,29.65517234802246,35,0.9898000000000011
64,8960,28.92451286315918,35,0.9898000000000011
65,9216,30.270431518554688,36,0.9895000000000012
66,9216,30.709794998168945,36,0.9895000000000012
67,9216,30.682069778442383,36,0.9895000000000012
68,9472,32.007789611816406,37,0.9892000000000012
69,9472,31.553964614868164,37,0.9892000000000012
70,9472,32.128089904785156,37,0.9892000000000012
71,9728,33.00421142578125,38,0.9889000000000012
72,9728,32.776737213134766,38,0.9889000000000012
73,9728,31.56745147705078,38,0.9889000000000012
74,9728,31.88761329650879,38,0.9889000000000012
75,9984,33.22798538208008,39,0.9886000000000013
76,9984,33.924861907958984,39,0.9886000000000013
77,9984,33.756797790527344,39,0.9886000000000013
78,10240,34.65842056274414,40,0.9883000000000013
79,10240,34.64182662963867,40,0.9883000000000013
80,10240,33.98715591430664,40,0.9883000000000013
81,10240,34.834564208984375,40,0.9883000000000013
82,10240,34.8758544921875,40,0.9883000000000013
83,10240,34.223304748535156,40,0.9883000000000013
84,10496,34.90997314453125,41,0.9880000000000013
85,10496,36.065677642822266,41,0.9880000000000013
86,10496,35.58086013793945,41,0.9880000000000013
87,10496,35.43451690673828,41,0.9880000000000013
88,10496,35.639610290527344,41,0.9880000000000013
89,10496,35.3870964050293,41,0.9880000000000013
90,10752,36.38786697387695,42,0.9877000000000014
91,10752,37.238502502441406,42,0.9877000000000014
92,10752,36.7081413269043,42,0.9877000000000014
93,10752,36.35894775390625,42,0.9877000000000014
94,11008,37.841590881347656,43,0.9874000000000014
95,11008,37.357666015625,43,0.9874000000000014
96,11008,36.680389404296875,43,0.9874000000000014
97,11008,37.21857833862305,43,0.9874000000000014
98,11008,37.990962982177734,43,0.9874000000000014
99,11008,37.75680160522461,43,0.9874000000000014
100,11008,37.054779052734375,43,0.9874000000000014
101,11008,37.743797302246094,43,0.9874000000000014
102,11008,37.89393615722656,43,0.9874000000000014
103,11008,37.74531555175781,43,0.9874000000000014
104,11264,39.16339111328125,44,0.9871000000000014
105,11264,38.676456451416016,44,0.9871000000000014
106,11264,37.81968688964844,44,0.9871000000000014
107,11264,38.27113342285156,44,0.9871000000000014
108,11264,38.83207702636719,44,0.9871000000000014
109,11264,38.50615692138672,44,0.9871000000000014
110,11264,38.73358154296875,44,0.9871000000000014
111,11264,38.52662658691406,44,0.9871000000000014
112,11520,39.414329528808594,45,0.9868000000000015
113,11520,39.837074279785156,45,0.9868000000000015
114,11520,40.26637649536133,45,0.9868000000000015
115,11520,39.48975372314453,45,0.9868000000000015
116,11776,40.713069915771484,46,0.9865000000000015
117,11776,40.40668869018555,46,0.9865000000000015
118,11776,41.129371643066406,46,0.9865000000000015
119,12032,41.615535736083984,47,0.9862000000000015
120,12032,41.73700714111328,47,0.9862000000000015
121,12032,41.21009063720703,47,0.9862000000000015
122,12032,41.54597091674805,47,0.9862000000000015
123,12032,41.80328369140625,47,0.9862000000000015
124,12032,41.21711349487305,47,0.9862000000000015
125,12032,41.39754867553711,47,0.9862000000000015
126,12032,41.354644775390625,47,0.9862000000000015
127,12288,42.01350402832031,48,0.9859000000000016
128,12288,42.48394775390625,48,0.9859000000000016
129,12288,16.918228149414062,22,0.9859000000000016
130,12288,42.968650817871094,48,0.9859000000000016
131,12288,42.07206344604492,48,0.9859000000000016
132,12288,42.0268669128418,48,0.9859000000000016
133,12288,42.26131057739258,48,0.9859000000000016
134,12288,42.88236999511719,48,0.9859000000000016
135,12288,42.11268615722656,48,0.9859000000000016
136,12288,42.605934143066406,48,0.9859000000000016
137,12288,41.03541564941406,48,0.9859000000000016
138,12544,42.96611785888672,49,0.9856000000000016
139,12544,43.40707778930664,49,0.9856000000000016
140,12544,43.01569747924805,49,0.9856000000000016
141,12544,43.94871520996094,49,0.9856000000000016
142,12544,42.3149299621582,49,0.9856000000000016
143,12800,44.1722412109375,50,0.9853000000000016
144,12800,44.94064712524414,50,0.9853000000000016
145,12800,44.00278091430664,50,0.9853000000000016
146,13056,45.75640869140625,51,0.9850000000000017
147,13056,45.1477165222168,51,0.9850000000000017
148,13056,45.68072509765625,51,0.9850000000000017
149,13312,46.447208404541016,52,0.9847000000000017
150,13312,46.749168395996094,52,0.9847000000000017
151,13312,46.827327728271484,52,0.9847000000000017
152,13312,46.954017639160156,52,0.9847000000000017
153,13312,46.75836181640625,52,0.9847000000000017
154,13312,46.184295654296875,52,0.9847000000000017
155,13312,45.76218795776367,52,0.9847000000000017
156,13568,21.849502563476562,27,0.9844000000000017
157,13568,47.68535614013672,53,0.9844000000000017
158,13568,47.67729568481445,53,0.9844000000000017
159,13568,47.737937927246094,53,0.9844000000000017
160,13568,48.07603073120117,53,0.9844000000000017
161,13568,48.00117492675781,53,0.9844000000000017
162,13568,47.130008697509766,53,0.9844000000000017
163,13824,48.925785064697266,54,0.9841000000000018
164,13824,48.509735107421875,54,0.9841000000000018
165,13824,48.820640563964844,54,0.9841000000000018
166,13824,30.22293472290039,35,0.9841000000000018
167,13824,49.16614532470703,54,0.9841000000000018
168,13824,48.893394470214844,54,0.9841000000000018
169,14080,50.36734390258789,55,0.9838000000000018
170,14080,49.73881912231445,55,0.9838000000000018
171,14336,51.28819274902344,56,0.9835000000000018
172,14336,50.969730377197266,56,0.9835000000000018
173,14336,49.81515121459961,56,0.9835000000000018
174,14592,19.905181884765625,25,0.9832000000000019
175,14592,51.10884475708008,57,0.9832000000000019
176,14848,52.96967697143555,58,0.9829000000000019
177,14848,21.949100494384766,27,0.9829000000000019
178,14848,52.19150161743164,58,0.9829000000000019
179,15104,54.46101760864258,59,0.9826000000000019
180,15104,53.42401123046875,59,0.9826000000000019
181,15104,27.948688507080078,33,0.9826000000000019
182,15360,54.155799865722656,60,0.982300000000002
183,15360,53.821746826171875,60,0.982300000000002
184,15616,55.519065856933594,61,0.982000000000002
185,15616,55.16769027709961,61,0.982000000000002
186,15616,55.599266052246094,61,0.982000000000002
187,15616,55.417877197265625,61,0.982000000000002
188,15616,56.09931564331055,61,0.982000000000002
189,15872,56.68391799926758,62,0.981700000000002
190,15872,56.54600524902344,62,0.981700000000002
191,16128,57.720088958740234,63,0.981400000000002
192,16128,57.74747848510742,63,0.981400000000002
193,16128,30.66152000427246,36,0.981400000000002
194,16128,58.04830551147461,63,0.981400000000002
195,16128,56.983150482177734,63,0.981400000000002
196,16128,57.272857666015625,63,0.981400000000002
197,16128,56.93631362915039,63,0.981400000000002
198,16128,58.058013916015625,63,0.981400000000002
199,16384,58.41230773925781,64,0.9811000000000021
200,16384,58.43962097167969,64,0.9811000000000021
201,16384,28.641233444213867,34,0.9811000000000021
202,16640,60.149497985839844,65,0.9808000000000021
203,16640,26.36956214904785,32,0.9808000000000021
204,16640,59.04115676879883,65,0.9808000000000021
205,16640,59.65431213378906,65,0.9808000000000021
206,16640,59.900856018066406,65,0.9808000000000021
207,16640,33.61625671386719,39,0.9808000000000021
208,16896,60.50498962402344,66,0.9805000000000021
209,16896,35.84487533569336,41,0.9805000000000021
210,16896,60.48175048828125,66,0.9805000000000021
211,16896,60.88080978393555,66,0.9805000000000021
212,16896,28.598434448242188,34,0.9805000000000021
213,17152,60.97711944580078,67,0.9802000000000022
214,17152,61.656089782714844,67,0.9802000000000022
215,17152,61.60983657836914,67,0.9802000000000022
216,17152,23.746915817260742,29,0.9802000000000022
217,17152,61.60472869873047,67,0.9802000000000022
218,17152,27.580507278442383,33,0.9802000000000022
219,17152,27.256187438964844,33,0.9802000000000022
220,17408,62.8904914855957,68,0.9799000000000022
221,17408,62.45822525024414,68,0.9799000000000022
222,17408,25.33521270751953,31,0.9799000000000022
223,17408,62.762657165527344,68,0.9799000000000022
224,17408,62.154666900634766,68,0.9799000000000022
225,17408,31.255403518676758,36,0.9799000000000022
226,17664,63.515869140625,69,0.9796000000000022
227,17664,32.6193962097168,38,0.9796000000000022
228,17664,63.65188980102539,69,0.9796000000000022
229,17920,30.4689998626709,36,0.9793000000000023
230,17920,64.89519500732422,70,0.9793000000000023
231,17920,26.861066818237305,32,0.9793000000000023
232,17920,19.190414428710938,24,0.9793000000000023
233,17920,64.82789611816406,70,0.9793000000000023
234,18176,32.90705490112305,38,0.9790000000000023
235,18176,34.27793884277344,40,0.9790000000000023
236,18176,18.483200073242188,23,0.9790000000000023
237,18176,32.967525482177734,38,0.9790000000000023
238,18176,31.725872039794922,37,0.9790000000000023
239,18176,36.419578552246094,42,0.9790000000000023
240,18432,34.46247863769531,40,0.9787000000000023
241,18432,66.48570251464844,72,0.9787000000000023
242,18432,65.99380493164062,72,0.9787000000000023
243,18432,66.35525512695312,72,0.9787000000000023
244,18432,35.827423095703125,41,0.9787000000000023
245,18432,66.36202239990234,72,0.9787000000000023
246,18688,32.96220397949219,38,0.9784000000000024
247,18688,23.883028030395508,29,0.9784000000000024
248,18688,27.417972564697266,33,0.9784000000000024
249,18688,26.720911026000977,32,0.9784000000000024
250,18944,68.29737854003906,74,0.9781000000000024
251,18944,43.8781623840332,49,0.9781000000000024
252,18944,38.17496109008789,43,0.9781000000000024
253,18944,68.21809387207031,74,0.9781000000000024
254,18944,24.807497024536133,30,0.9781000000000024
255,18944,34.41880798339844,40,0.9781000000000024
256,18944,69.16012573242188,74,0.9781000000000024
257,19200,68.65262603759766,75,0.9778000000000024
258,19200,24.851152420043945,30,0.9778000000000024
259,19200,37.46860122680664,43,0.9778000000000024
260,19200,41.93034744262695,47,0.9778000000000024
261,19200,69.60237121582031,75,0.9778000000000024
262,19200,29.648881912231445,35,0.9778000000000024
263,19456,21.051496505737305,26,0.9775000000000025
264,19456,70.152587890625,76,0.9775000000000025
265,19456,23.863361358642578,29,0.9775000000000025
266,19712,71.71566009521484,77,0.9772000000000025
267,19712,33.945068359375,39,0.9772000000000025
268,19712,24.436994552612305,30,0.9772000000000025
269,19712,32.94415283203125,38,0.9772000000000025
270,19712,29.541168212890625,35,0.9772000000000025
271,19968,29.739473342895508,35,0.9769000000000025
272,19968,72.44952392578125,78,0.9769000000000025
273,19968,44.30006790161133,50,0.9769000000000025
274,19968,41.20414733886719,47,0.9769000000000025
275,19968,19.936155319213867,25,0.9769000000000025
276,19968,40.10952377319336,46,0.9769000000000025
277,20224,30.340885162353516,36,0.9766000000000026
278,20224,30.787899017333984,36,0.9766000000000026
279,20224,36.83274841308594,42,0.9766000000000026
280,20224,74.10418701171875,79,0.9766000000000026
281,20224,42.328365325927734,48,0.9766000000000026
282,20224,74.47560119628906,79,0.9766000000000026
283,20480,21.895294189453125,27,0.9763000000000026
284,20480,21.12574005126953,26,0.9763000000000026
285,20480,74.49066162109375,80,0.9763000000000026
286,20480,23.584800720214844,29,0.9763000000000026
287,20736,48.82811737060547,54,0.9760000000000026
288,20736,34.0909309387207,40,0.9760000000000026
289,20736,48.63329315185547,54,0.9760000000000026
290,20736,75.68496704101562,81,0.9760000000000026
291,20736,21.900739669799805,27,0.9760000000000026
292,20736,34.683876037597656,41,0.9760000000000026
293,20736,75.85972595214844,81,0.9760000000000026
294,20992,46.56587600708008,52,0.9757000000000027
295,20992,76.54899597167969,82,0.9757000000000027
296,21248,77.7159423828125,83,0.9754000000000027
297,21248,48.795169830322266,55,0.9754000000000027
298,21248,24.66195297241211,30,0.9754000000000027
299,21248,46.510398864746094,52,0.9754000000000027
300,21504,17.959592819213867,23,0.9751000000000027
301,21504,30.494518280029297,36,0.9751000000000027
302,21504,18.6860408782959,24,0.9751000000000027
303,21504,48.62403106689453,54,0.9751000000000027
304,21504,37.60321044921875,43,0.9751000000000027
305,21504,33.3843879699707,38,0.9751000000000027
306,21760,78.99095916748047,85,0.9748000000000028
307,21760,46.165687561035156,51,0.9748000000000028
308,21760,43.73456573486328,49,0.9748000000000028
309,21760,79.53814697265625,85,0.9748000000000028
310,21760,47.6856689453125,53,0.9748000000000028
311,21760,40.01183319091797,46,0.9748000000000028
312,22016,37.62525939941406,43,0.9745000000000028
313,22016,45.617767333984375,51,0.9745000000000028
314,22016,81.33496856689453,86,0.9745000000000028
315,22016,48.568546295166016,54,0.9745000000000028
316,22016,20.000608444213867,25,0.9745000000000028
317,22016,44.49465560913086,50,0.9745000000000028
318,22016,80.72703552246094,86,0.9745000000000028
319,22016,37.149497985839844,42,0.9745000000000028
320,22272,29.023357391357422,34,0.9742000000000028
321,22272,43.50616455078125,49,0.9742000000000028
322,22272,23.777488708496094,29,0.9742000000000028
323,22272,53.78770065307617,59,0.9742000000000028
324,22528,38.41050720214844,44,0.9739000000000029
325,22528,28.704715728759766,34,0.9739000000000029
326,22528,26.33888816833496,32,0.9739000000000029
327,22784,17.39891815185547,22,0.9736000000000029
328,22784,83.74351501464844,89,0.9736000000000029
329,22784,36.55829620361328,42,0.9736000000000029
330,22784,57.838172912597656,63,0.9736000000000029
331,23040,31.434730529785156,37,0.9733000000000029
332,23040,20.85932731628418,26,0.9733000000000029
333,23040,42.16933822631836,47,0.9733000000000029
334,23040,47.262210845947266,53,0.9733000000000029
335,23296,85.4319076538086,91,0.973000000000003
336,23296,33.6610107421875,39,0.973000000000003
337,23296,37.553619384765625,43,0.973000000000003
338,23296,28.33089828491211,33,0.973000000000003
339,23296,38.19194030761719,44,0.973000000000003
340,23296,37.83974838256836,43,0.973000000000003
341,23296,33.675716400146484,39,0.973000000000003
342,23552,46.59977722167969,52,0.972700000000003
343,23552,38.52568817138672,44,0.972700000000003
344,23808,35.213863372802734,41,0.972400000000003
345,23808,38.60470962524414,44,0.972400000000003
346,23808,38.80215072631836,44,0.972400000000003
347,23808,35.42335891723633,41,0.972400000000003
348,23808,67.193603515625,73,0.972400000000003
349,24064,24.016754150390625,29,0.9721000000000031
350,24064,88.86257934570312,94,0.9721000000000031
351,24064,54.55207061767578,60,0.9721000000000031
352,24064,40.62935256958008,46,0.9721000000000031
353,24320,41.044593811035156,47,0.9718000000000031
354,24576,47.25973129272461,53,0.9715000000000031
355,24576,48.206016540527344,54,0.9715000000000031
356,24576,90.88749694824219,96,0.9715000000000031
357,24576,27.57500648498535,33,0.9715000000000031
358,24576,90.5414047241211,96,0.9715000000000031
359,24576,35.60387420654297,41,0.9715000000000031
360,24576,39.134464263916016,44,0.9715000000000031
361,24832,40.93123245239258,46,0.9712000000000032
362,25088,35.878360748291016,41,0.9709000000000032
363,25088,92.97799682617188,98,0.9709000000000032
364,25088,39.40467071533203,44,0.9709000000000032
365,25088,33.629234313964844,39,0.9709000000000032
366,25088,63.8870849609375,69,0.9709000000000032
367,25344,93.17755126953125,99,0.9706000000000032
368,25344,61.94578552246094,67,0.9706000000000032
369,25344,50.23005676269531,56,0.9706000000000032
370,25344,63.06157302856445,69,0.9706000000000032
371,25344,39.23325729370117,45,0.9706000000000032
372,25344,93.19084930419922,99,0.9706000000000032
373,25344,21.908220291137695,27,0.9706000000000032
374,25344,42.08681869506836,47,0.9706000000000032
375,25344,66.49663543701172,72,0.9706000000000032
376,25600,19.926876068115234,25,0.9703000000000033
377,25600,27.32855796813965,33,0.9703000000000033
378,25600,24.437820434570312,30,0.9703000000000033
379,25600,23.455242156982422,29,0.9703000000000033
380,25600,47.11918258666992,52,0.9703000000000033
381,25856,43.438316345214844,48,0.9700000000000033
382,25856,35.68663024902344,41,0.9700000000000033
383,25856,95.89703369140625,101,0.9700000000000033
384,25856,23.794830322265625,29,0.9700000000000033
385,25856,46.4174690246582,52,0.9700000000000033
386,26112,96.82960510253906,102,0.9697000000000033
387,26112,17.91457748413086,23,0.9697000000000033
388,26112,19.798250198364258,25,0.9697000000000033
389,26368,47.2023811340332,53,0.9694000000000034
390,26368,47.977203369140625,54,0.9694000000000034
391,26368,24.927635192871094,30,0.9694000000000034
392,26368,20.11155891418457,25,0.9694000000000034
393,26368,36.620452880859375,42,0.9694000000000034
394,26624,35.47287368774414,41,0.9691000000000034
395,26624,32.9333381652832,38,0.9691000000000034
396,26624,54.93947982788086,60,0.9691000000000034
397,26624,47.86602783203125,53,0.9691000000000034
398,26624,22.9141902923584,28,0.9691000000000034
399,26624,36.50434112548828,42,0.9691000000000034
400,26880,36.08335494995117,42,0.9688000000000034
401,26880,29.52994155883789,35,0.9688000000000034
402,27136,60.1799201965332,66,0.9685000000000035
403,27136,39.31509017944336,45,0.9685000000000035
404,27136,52.311439514160156,58,0.9685000000000035
405,27392,60.93232345581055,66,0.9682000000000035
406,27648,54.712432861328125,60,0.9679000000000035
407,27648,35.169464111328125,41,0.9679000000000035
408,27648,30.764665603637695,36,0.9679000000000035
409,27648,28.34660530090332,34,0.9679000000000035
410,27648,39.92081069946289,45,0.9679000000000035
411,27648,31.808406829833984,37,0.9679000000000035
412,27648,51.01307678222656,56,0.9679000000000035
413,27648,60.62250900268555,66,0.9679000000000035
414,27904,31.798175811767578,37,0.9676000000000036
415,27904,61.95147705078125,67,0.9676000000000036
416,27904,12.432035446166992,17,0.9676000000000036
417,27904,37.89111328125,43,0.9676000000000036
418,28160,104.74456024169922,110,0.9673000000000036
419,28160,31.13162612915039,36,0.9673000000000036
420,28160,29.67081642150879,35,0.9673000000000036
421,28160,61.523040771484375,67,0.9673000000000036
422,28160,33.93539047241211,39,0.9673000000000036
423,28416,37.60371017456055,43,0.9670000000000036
424,28416,27.393177032470703,33,0.9670000000000036
425,28416,42.886146545410156,48,0.9670000000000036
426,28416,37.89381408691406,43,0.9670000000000036
427,28416,19.97689437866211,25,0.9670000000000036
428,28416,24.56031608581543,30,0.9670000000000036
429,28672,77.57149505615234,83,0.9667000000000037
430,28672,37.639198303222656,43,0.9667000000000037
431,28672,72.4632339477539,78,0.9667000000000037
432,28672,24.070812225341797,29,0.9667000000000037
433,28672,37.88835144042969,43,0.9667000000000037
434,28672,57.657806396484375,63,0.9667000000000037
435,28928,64.16395568847656,69,0.9664000000000037
436,28928,85.77371215820312,91,0.9664000000000037
437,28928,22.02157211303711,27,0.9664000000000037
438,29184,39.064205169677734,45,0.9661000000000037
439,29184,43.79937744140625,49,0.9661000000000037
440,29184,35.32956314086914,41,0.9661000000000037
441,29184,25.184694290161133,30,0.9661000000000037
442,29184,54.790916442871094,60,0.9661000000000037
443,29184,65.6192398071289,71,0.9661000000000037
444,29184,45.74972152709961,51,0.9661000000000037
445,29184,67.64566802978516,73,0.9661000000000037
446,29440,31.040401458740234,36,0.9658000000000038
447,29696,31.547630310058594,37,0.9655000000000038
448,29696,110.61995697021484,116,0.9655000000000038
449,29696,45.260650634765625,51,0.9655000000000038
450,29696,41.620452880859375,48,0.9655000000000038
451,29696,38.142547607421875,43,0.9655000000000038
452,29696,22.70871353149414,28,0.9655000000000038
453,29952,63.79878616333008,69,0.9652000000000038
454,29952,31.727479934692383,37,0.9652000000000038
455,29952,34.601531982421875,40,0.9652000000000038
456,30208,82.98479461669922,88,0.9649000000000039
457,30208,34.42169189453125,40,0.9649000000000039
458,30208,50.394317626953125,56,0.9649000000000039
459,30208,38.93504333496094,44,0.9649000000000039
460,30208,27.22871971130371,32,0.9649000000000039
461,30208,38.73298263549805,44,0.9649000000000039
462,30464,38.70441436767578,44,0.9646000000000039
463,30464,33.05455017089844,38,0.9646000000000039
464,30464,38.22826385498047,44,0.9646000000000039
465,30464,69.27787780761719,75,0.9646000000000039
466,30464,45.74394607543945,52,0.9646000000000039
467,30720,70.0595474243164,76,0.9643000000000039
468,30720,71.82855224609375,77,0.9643000000000039
469,30720,51.16435623168945,56,0.9643000000000039
470,30720,30.43297004699707,36,0.9643000000000039
471,30720,43.45796203613281,49,0.9643000000000039
472,30720,40.07823181152344,46,0.9643000000000039
473,30976,62.62804412841797,68,0.964000000000004
474,30976,17.74213981628418,22,0.964000000000004
475,30976,37.61518096923828,43,0.964000000000004
476,30976,26.689271926879883,32,0.964000000000004
477,30976,32.03142166137695,37,0.964000000000004
478,30976,65.96932220458984,71,0.964000000000004
479,30976,34.568580627441406,40,0.964000000000004
480,31232,34.3868408203125,40,0.963700000000004
481,31232,38.91022491455078,45,0.963700000000004
482,31232,41.843101501464844,47,0.963700000000004
483,31232,23.875120162963867,29,0.963700000000004
484,31232,30.986648559570312,36,0.963700000000004
485,31232,45.651466369628906,51,0.963700000000004
486,31232,28.939685821533203,35,0.963700000000004
487,31488,18.02419090270996,23,0.963400000000004
488,31488,116.8443603515625,123,0.963400000000004
489,31488,86.11630249023438,91,0.963400000000004
490,31744,71.38595581054688,77,0.9631000000000041
491,32000,21.794862747192383,27,0.9628000000000041
492,32000,29.104045867919922,34,0.9628000000000041
493,32000,34.29530334472656,40,0.9628000000000041
494,32256,43.33668518066406,48,0.9625000000000041
495,32256,55.94467544555664,61,0.9625000000000041
496,32256,73.42667388916016,79,0.9625000000000041
497,32256,49.74692916870117,55,0.9625000000000041
498,32256,17.032625198364258,22,0.9625000000000041
499,32512,40.39894104003906,46,0.9622000000000042
500,32512,64.53560638427734,70,0.9622000000000042
501,32512,39.276004791259766,45,0.9622000000000042
502,32512,55.08354949951172,60,0.9622000000000042
503,32768,36.888126373291016,42,0.9619000000000042
504,32768,52.50421142578125,58,0.9619000000000042
505,32768,31.97754669189453,37,0.9619000000000042
506,32768,33.135101318359375,39,0.9619000000000042
507,33024,48.86970520019531,55,0.9616000000000042
508,33024,46.97032928466797,53,0.9616000000000042
509,33024,59.7152099609375,65,0.9616000000000042
510,33024,38.8260383605957,44,0.9616000000000042
511,33024,32.36760330200195,38,0.9616000000000042
512,33024,33.31708526611328,39,0.9616000000000042
513,33024,36.84684753417969,42,0.9616000000000042
514,33280,47.31581115722656,52,0.9613000000000043
515,33280,34.628578186035156,40,0.9613000000000043
516,33280,24.638532638549805,30,0.9613000000000043
517,33280,23.023509979248047,28,0.9613000000000043
518,33280,125.10556030273438,130,0.9613000000000043
519,33280,25.93111801147461,31,0.9613000000000043
520,33536,32.413658142089844,38,0.9610000000000043
521,33536,25.719533920288086,31,0.9610000000000043
522,33536,33.50010681152344,39,0.9610000000000043
523,33536,69.87594604492188,75,0.9610000000000043
524,33536,39.09791946411133,44,0.9610000000000043
525,33792,22.987293243408203,28,0.9607000000000043
526,33792,33.173885345458984,39,0.9607000000000043
527,33792,38.984928131103516,44,0.9607000000000043
528,33792,85.4710693359375,91,0.9607000000000043
529,33792,126.17162322998047,132,0.9607000000000043
530,33792,32.566829681396484,38,0.9607000000000043
531,33792,125.1524887084961,132,0.9607000000000043
532,34048,55.70819854736328,61,0.9604000000000044
533,34304,128.97044372558594,134,0.9601000000000044
534,34304,29.772293090820312,35,0.9601000000000044
535,34304,66.90362548828125,73,0.9601000000000044
536,34304,34.97588348388672,40,0.9601000000000044
537,34560,33.39604949951172,39,0.9598000000000044
538,34560,43.158443450927734,48,0.9598000000000044
539,34560,32.92695236206055,39,0.9598000000000044
540,34560,35.42974090576172,41,0.9598000000000044
541,34560,44.5362548828125,50,0.9598000000000044
542,34816,24.693401336669922,30,0.9595000000000045
543,34816,46.7311897277832,52,0.9595000000000045
544,34816,101.70437622070312,107,0.9595000000000045
545,34816,45.654197692871094,51,0.9595000000000045
546,34816,64.27645111083984,70,0.9595000000000045
547,35072,19.876113891601562,25,0.9592000000000045
548,35072,72.59783935546875,78,0.9592000000000045
549,35072,98.37826538085938,104,0.9592000000000045
550,35072,47.36616897583008,53,0.9592000000000045
551,35072,40.9488410949707,47,0.9592000000000045
552,35072,31.84897804260254,37,0.9592000000000045
553,35072,68.39519500732422,74,0.9592000000000045
554,35072,20.610454559326172,26,0.9592000000000045
555,35072,95.88469696044922,101,0.9592000000000045
556,35072,22.759525299072266,28,0.9592000000000045
557,35328,87.22025299072266,93,0.9589000000000045
558,35328,59.2890625,65,0.9589000000000045
559,35328,39.14500045776367,45,0.9589000000000045
560,35328,31.522825241088867,37,0.9589000000000045
561,35328,31.771568298339844,37,0.9589000000000045
562,35328,34.04995346069336,39,0.9589000000000045
563,35584,50.6619758605957,56,0.9586000000000046
564,35840,89.03680419921875,94,0.9583000000000046
565,35840,39.258384704589844,44,0.9583000000000046
566,35840,22.364360809326172,28,0.9583000000000046
567,35840,52.03229522705078,57,0.9583000000000046
568,36096,67.93059539794922,73,0.9580000000000046
569,36096,28.253461837768555,33,0.9580000000000046
570,36352,57.89537048339844,63,0.9577000000000047
571,36352,48.127471923828125,54,0.9577000000000047
572,36352,30.92007064819336,36,0.9577000000000047
573,36352,33.05150604248047,39,0.9577000000000047
574,36608,67.6075210571289,73,0.9574000000000047
575,36608,113.52156066894531,119,0.9574000000000047
576,36608,28.88912582397461,34,0.9574000000000047
577,36608,51.711883544921875,57,0.9574000000000047
578,36608,106.22895812988281,112,0.9574000000000047
579,36608,41.949485778808594,47,0.9574000000000047
580,36864,59.18531799316406,65,0.9571000000000047
581,36864,19.988710403442383,25,0.9571000000000047
582,36864,106.7571029663086,112,0.9571000000000047
583,36864,24.453794479370117,30,0.9571000000000047
584,36864,91.36994934082031,97,0.9571000000000047
585,36864,27.972946166992188,33,0.9571000000000047
586,37120,31.63884925842285,37,0.9568000000000048
587,37120,47.70930862426758,54,0.9568000000000048
588,37376,38.2509880065918,43,0.9565000000000048
589,37376,49.26956558227539,55,0.9565000000000048
590,37376,93.93206024169922,99,0.9565000000000048
591,37376,46.445980072021484,52,0.9565000000000048
592,37376,94.6119155883789,101,0.9565000000000048
593,37376,66.3922348022461,72,0.9565000000000048
594,37632,34.21029281616211,39,0.9562000000000048
595,37632,33.578033447265625,39,0.9562000000000048
596,37632,109.51708984375,115,0.9562000000000048
597,37632,73.97541809082031,79,0.9562000000000048
598,37888,75.5724868774414,81,0.9559000000000049
599,37888,61.994903564453125,67,0.9559000000000049
600,37888,28.622156143188477,34,0.9559000000000049
601,37888,26.61260986328125,32,0.9559000000000049
602,37888,35.494327545166016,41,0.9559000000000049
603,38144,71.16472625732422,77,0.9556000000000049
604,38144,88.29634857177734,94,0.9556000000000049
605,38144,27.681772232055664,33,0.9556000000000049
606,38144,44.132667541503906,50,0.9556000000000049
607,38144,29.91721534729004,35,0.9556000000000049
608,38144,40.51277542114258,47,0.9556000000000049
609,38400,69.43109893798828,75,0.9553000000000049
610,38400,30.851259231567383,36,0.9553000000000049
611,38400,63.984405517578125,70,0.9553000000000049
612,38400,46.739830017089844,52,0.9553000000000049
613,38400,35.6335334777832,41,0.9553000000000049
614,38400,40.549381256103516,46,0.9553000000000049
615,38656,26.36453628540039,32,0.955000000000005
616,38656,42.28175354003906,48,0.955000000000005
617,38656,55.991302490234375,61,0.955000000000005
618,38656,65.21397399902344,70,0.955000000000005
619,38912,37.006622314453125,42,0.954700000000005
620,38912,107.65841674804688,113,0.954700000000005
621,38912,62.584800720214844,68,0.954700000000005
622,38912,47.850467681884766,53,0.954700000000005
623,38912,80.69229888916016,86,0.954700000000005
624,38912,21.820480346679688,27,0.954700000000005
625,38912,32.619361877441406,38,0.954700000000005
626,38912,76.08512115478516,82,0.954700000000005
627,39168,48.69452667236328,54,0.954400000000005
628,39168,30.220600128173828,35,0.954400000000005
629,39168,87.74493408203125,94,0.954400000000005
630,39168,35.99067306518555,41,0.954400000000005
631,39168,36.985286712646484,42,0.954400000000005
632,39168,44.375953674316406,50,0.954400000000005
633,39168,82.08079528808594,88,0.954400000000005
634,39168,49.808433532714844,55,0.954400000000005
635,39168,20.250633239746094,25,0.954400000000005
636,39424,35.16415023803711,41,0.954100000000005
637,39424,27.78679084777832,33,0.954100000000005
638,39424,63.46908950805664,69,0.954100000000005
639,39424,80.67672729492188,86,0.954100000000005
640,39424,58.2061767578125,63,0.954100000000005
641,39680,29.77359390258789,35,0.9538000000000051
642,39680,22.900611877441406,28,0.9538000000000051
643,39680,28.743623733520508,34,0.9538000000000051
644,39680,69.78624725341797,75,0.9538000000000051
645,39680,23.81536293029785,29,0.9538000000000051
646,39936,28.927627563476562,34,0.9535000000000051
647,39936,71.76335144042969,77,0.9535000000000051
648,40192,31.124156951904297,37,0.9532000000000052
649,40192,42.417327880859375,48,0.9532000000000052
650,40192,71.92581176757812,77,0.9532000000000052
651,40192,51.59857177734375,58,0.9532000000000052
652,40192,49.52029800415039,55,0.9532000000000052
653,40192,61.1271858215332,66,0.9532000000000052
654,40192,49.963356018066406,56,0.9532000000000052
655,40192,41.334129333496094,47,0.9532000000000052
656,40192,88.47322082519531,94,0.9532000000000052
657,40448,33.816036224365234,39,0.9529000000000052
658,40448,17.157129287719727,22,0.9529000000000052
659,40448,85.78512573242188,91,0.9529000000000052
660,40448,55.9306526184082,62,0.9529000000000052
661,40448,118.38317108154297,124,0.9529000000000052
662,40448,75.57347106933594,81,0.9529000000000052
663,40448,18.116840362548828,23,0.9529000000000052
664,40704,52.51688003540039,58,0.9526000000000052
665,40704,152.97044372558594,159,0.9526000000000052
666,40704,28.745384216308594,34,0.9526000000000052
667,40704,39.81583786010742,45,0.9526000000000052
668,40704,29.549501419067383,35,0.9526000000000052
669,40704,67.56233215332031,73,0.9526000000000052
670,40704,39.59264373779297,45,0.9526000000000052
671,40960,57.505035400390625,63,0.9523000000000053
672,40960,33.19855499267578,39,0.9523000000000053
673,40960,33.2928352355957,38,0.9523000000000053
674,40960,34.15928649902344,40,0.9523000000000053
675,40960,31.99559211730957,37,0.9523000000000053
676,40960,24.671064376831055,30,0.9523000000000053
677,41216,26.743946075439453,32,0.9520000000000053
678,41216,68.99736785888672,75,0.9520000000000053
679,41216,35.836212158203125,41,0.9520000000000053
680,41472,37.33019256591797,42,0.9517000000000053
681,41472,40.94581604003906,46,0.9517000000000053
682,41472,22.791086196899414,28,0.9517000000000053
683,41472,56.62860107421875,62,0.9517000000000053
684,41728,22.87015724182129,28,0.9514000000000054
685,41728,40.064571380615234,46,0.9514000000000054
686,41728,27.35049819946289,33,0.9514000000000054
687,41728,40.39110565185547,45,0.9514000000000054
688,41728,35.97660827636719,41,0.9514000000000054
689,41728,38.95094680786133,45,0.9514000000000054
690,41984,29.477712631225586,35,0.9511000000000054
691,41984,32.478668212890625,38,0.9511000000000054
692,41984,60.95075225830078,66,0.9511000000000054
693,42240,60.430931091308594,66,0.9508000000000054
694,42240,24.660091400146484,30,0.9508000000000054
695,42240,38.79634475708008,44,0.9508000000000054
696,42240,52.434425354003906,57,0.9508000000000054
697,42240,29.7033634185791,35,0.9508000000000054
698,42496,31.725902557373047,37,0.9505000000000055
699,42496,32.72835159301758,38,0.9505000000000055
700,42496,24.34162712097168,29,0.9505000000000055
701,42496,46.803340911865234,52,0.9505000000000055
702,42496,30.20995330810547,35,0.9505000000000055
703,42496,52.79314041137695,58,0.9505000000000055
704,42496,134.21038818359375,139,0.9505000000000055
705,42496,48.725502014160156,55,0.9505000000000055
706,42496,104.99866485595703,110,0.9505000000000055
707,42752,43.15720748901367,49,0.9502000000000055
708,42752,31.88896942138672,37,0.9502000000000055
709,42752,77.82169342041016,84,0.9502000000000055
710,42752,23.956892013549805,29,0.9502000000000055
711,43008,51.11848068237305,56,0.9499000000000055
712,43008,56.77539825439453,62,0.9499000000000055
713,43008,31.061439514160156,36,0.9499000000000055
714,43264,19.926368713378906,25,0.9496000000000056
715,43264,44.40483093261719,50,0.9496000000000056
716,43264,45.04914474487305,51,0.9496000000000056
717,43520,29.746976852416992,36,0.9493000000000056
718,43520,125.19918060302734,130,0.9493000000000056
719,43520,99.70580291748047,105,0.9493000000000056
720,43776,69.51200866699219,75,0.9490000000000056
721,43776,61.318824768066406,66,0.9490000000000056
722,43776,33.848426818847656,39,0.9490000000000056
723,43776,33.15253829956055,39,0.9490000000000056
724,44032,65.2219009399414,71,0.9487000000000056
725,44032,32.275272369384766,38,0.9487000000000056
726,44288,33.25004959106445,39,0.9484000000000057
727,44288,30.90569496154785,37,0.9484000000000057
728,44544,58.70452880859375,64,0.9481000000000057
729,44544,45.61278533935547,51,0.9481000000000057
730,44544,30.876745223999023,36,0.9481000000000057
731,44544,50.76476287841797,58,0.9481000000000057
732,44800,56.616424560546875,62,0.9478000000000057
733,44800,32.91606140136719,39,0.9478000000000057
734,44800,48.3546142578125,54,0.9478000000000057
735,44800,51.8089714050293,58,0.9478000000000057
736,44800,41.95567321777344,48,0.9478000000000057
737,44800,111.09832763671875,117,0.9478000000000057
738,45056,28.350597381591797,34,0.9475000000000058
739,45312,46.76276397705078,52,0.9472000000000058
740,45312,42.80657196044922,48,0.9472000000000058
741,45312,35.01289367675781,40,0.9472000000000058
742,45312,21.842756271362305,27,0.9472000000000058
743,45312,27.32442855834961,33,0.9472000000000058
744,45312,28.338233947753906,33,0.9472000000000058
745,45312,55.24430847167969,62,0.9472000000000058
746,45312,78.4654312133789,84,0.9472000000000058
747,45568,19.21346092224121,24,0.9469000000000058
748,45568,33.334205627441406,38,0.9469000000000058
749,45568,20.75707244873047,26,0.9469000000000058
750,45568,24.807958602905273,30,0.9469000000000058
751,45824,29.53230857849121,35,0.9466000000000059
752,45824,93.2697982788086,98,0.9466000000000059
753,45824,44.15623474121094,50,0.9466000000000059
754,46080,52.44390106201172,58,0.9463000000000059
755,46080,37.79590606689453,43,0.9463000000000059
756,46080,31.80434799194336,37,0.9463000000000059
757,46080,34.5633659362793,40,0.9463000000000059
758,46080,39.73634719848633,45,0.9463000000000059
759,46080,70.67833709716797,76,0.9463000000000059
760,46336,40.04100799560547,46,0.946000000000006
761,46336,30.273658752441406,35,0.946000000000006
762,46336,63.57322311401367,69,0.946000000000006
763,46336,34.99687194824219,41,0.946000000000006
764,46336,25.257078170776367,31,0.946000000000006
765,46336,79.93577575683594,86,0.946000000000006
766,46336,130.90234375,136,0.946000000000006
767,46336,45.62503433227539,51,0.946000000000006
768,46592,54.1692008972168,60,0.945700000000006
769,46592,86.58794403076172,93,0.945700000000006
770,46592,50.86374282836914,56,0.945700000000006
771,46592,50.67969512939453,56,0.945700000000006
772,46592,73.90538787841797,79,0.945700000000006
773,46592,176.7284393310547,182,0.945700000000006
774,46592,110.48503112792969,116,0.945700000000006
775,46592,65.7741928100586,71,0.945700000000006
776,46848,30.672494888305664,36,0.945400000000006
777,46848,24.014545440673828,29,0.945400000000006
778,47104,70.5993881225586,76,0.945100000000006
779,47104,62.237552642822266,68,0.945100000000006
780,47104,26.039215087890625,31,0.945100000000006
781,47104,49.36466979980469,55,0.945100000000006
782,47104,28.14748764038086,34,0.945100000000006
783,47360,33.88064956665039,39,0.9448000000000061
784,47360,24.309738159179688,30,0.9448000000000061
785,47360,20.189237594604492,25,0.9448000000000061
786,47360,48.27802276611328,53,0.9448000000000061
787,47360,28.139163970947266,33,0.9448000000000061
788,47360,35.72886276245117,41,0.9448000000000061
789,47360,73.88748168945312,80,0.9448000000000061
790,47360,67.73981475830078,74,0.9448000000000061
791,47616,43.66200256347656,49,0.9445000000000061
792,47616,35.949851989746094,41,0.9445000000000061
793,47616,68.74500274658203,74,0.9445000000000061
794,47616,36.464900970458984,43,0.9445000000000061
795,47616,30.63706398010254,36,0.9445000000000061
796,47616,95.65068817138672,101,0.9445000000000061
797,47872,28.180505752563477,34,0.9442000000000061
798,47872,59.44685745239258,65,0.9442000000000061
799,47872,50.499168395996094,56,0.9442000000000061
800,47872,29.998092651367188,36,0.9442000000000061
801,47872,44.043487548828125,50,0.9442000000000061
802,47872,18.87802505493164,24,0.9442000000000061
803,47872,53.81582260131836,59,0.9442000000000061
804,47872,20.591861724853516,26,0.9442000000000061
805,48128,93.7723159790039,99,0.9439000000000062
806,48128,45.82606506347656,51,0.9439000000000062
807,48384,36.460330963134766,42,0.9436000000000062
808,48384,52.104774475097656,57,0.9436000000000062
809,48384,37.35491943359375,43,0.9436000000000062
810,48384,31.908693313598633,37,0.9436000000000062
811,48384,35.04795455932617,41,0.9436000000000062
812,48384,46.66608810424805,53,0.9436000000000062
813,48384,25.289535522460938,31,0.9436000000000062
814,48384,32.2121696472168,37,0.9436000000000062
815,48640,28.34633445739746,34,0.9433000000000062
816,48640,31.136484146118164,37,0.9433000000000062
817,48640,24.579647064208984,30,0.9433000000000062
818,48640,41.5386962890625,47,0.9433000000000062
819,48640,35.611080169677734,41,0.9433000000000062
820,48640,27.645858764648438,33,0.9433000000000062
821,48896,46.84348678588867,52,0.9430000000000063
822,48896,36.65155792236328,42,0.9430000000000063
823,48896,42.58008575439453,48,0.9430000000000063
824,48896,31.77191734313965,37,0.9430000000000063
825,48896,27.643720626831055,33,0.9430000000000063
826,49152,48.90693664550781,54,0.9427000000000063
827,49152,26.617464065551758,32,0.9427000000000063
828,49152,53.96941375732422,59,0.9427000000000063
829,49152,39.33716583251953,45,0.9427000000000063
830,49152,20.080257415771484,25,0.9427000000000063
831,49408,81.9473876953125,89,0.9424000000000063
832,49408,89.88923645019531,95,0.9424000000000063
833,49408,23.73009490966797,29,0.9424000000000063
834,49408,18.202598571777344,23,0.9424000000000063
835,49408,30.44442367553711,36,0.9424000000000063
836,49408,34.596923828125,40,0.9424000000000063
837,49664,78.80357360839844,84,0.9421000000000064
838,49664,51.44139099121094,57,0.9421000000000064
839,49664,40.577274322509766,46,0.9421000000000064
840,49664,29.999828338623047,35,0.9421000000000064
841,49920,32.293785095214844,38,0.9418000000000064
842,49920,32.549659729003906,38,0.9418000000000064
843,49920,30.618879318237305,36,0.9418000000000064
844,49920,48.97807312011719,54,0.9418000000000064
845,49920,28.820619583129883,34,0.9418000000000064
846,50176,40.00600051879883,45,0.9415000000000064
847,50176,27.952255249023438,33,0.9415000000000064
848,50176,43.34617614746094,50,0.9415000000000064
849,50176,30.83480453491211,36,0.9415000000000064
850,50176,48.89863586425781,55,0.9415000000000064
851,50176,48.27885818481445,54,0.9415000000000064
852,50432,35.02738571166992,40,0.9412000000000065
853,50432,37.66983413696289,43,0.9412000000000065
854,50432,29.219646453857422,34,0.9412000000000065
855,50432,30.47948455810547,36,0.9412000000000065
856,50432,46.39816665649414,52,0.9412000000000065
857,50432,49.75775146484375,55,0.9412000000000065
858,50688,48.33041000366211,55,0.9409000000000065
859,50688,61.10602569580078,66,0.9409000000000065
860,50944,117.50787353515625,123,0.9406000000000065
861,50944,52.38618087768555,59,0.9406000000000065
862,51200,74.20855712890625,80,0.9403000000000066
863,51200,34.207393646240234,40,0.9403000000000066
864,51200,77.92913818359375,83,0.9403000000000066
865,51200,78.30352783203125,84,0.9403000000000066
866,51200,91.07878875732422,96,0.9403000000000066
867,51200,46.134254455566406,51,0.9403000000000066
868,51200,28.1307315826416,34,0.9403000000000066
869,51200,39.3792724609375,45,0.9403000000000066
870,51456,24.856090545654297,30,0.9400000000000066
871,51456,25.710451126098633,31,0.9400000000000066
872,51456,31.31240463256836,36,0.9400000000000066
873,51712,38.22583770751953,44,0.9397000000000066
874,51712,50.403621673583984,56,0.9397000000000066
875,51968,60.104759216308594,65,0.9394000000000067
876,51968,70.09530639648438,75,0.9394000000000067
877,51968,22.840343475341797,28,0.9394000000000067
878,52224,41.96408462524414,47,0.9391000000000067
879,52224,77.1316909790039,82,0.9391000000000067
880,52224,32.662357330322266,38,0.9391000000000067
881,52224,67.9130630493164,73,0.9391000000000067
882,52480,50.869232177734375,57,0.9388000000000067
883,52480,40.779964447021484,47,0.9388000000000067
884,52480,48.85102844238281,54,0.9388000000000067
885,52480,24.664142608642578,30,0.9388000000000067
886,52480,61.41872787475586,67,0.9388000000000067
887,52736,28.498828887939453,34,0.9385000000000068
888,52736,51.567901611328125,57,0.9385000000000068
889,52736,45.43764877319336,51,0.9385000000000068
890,52992,37.150978088378906,43,0.9382000000000068
891,52992,58.76844024658203,64,0.9382000000000068
892,53248,38.49481201171875,44,0.9379000000000068
893,53248,36.592105865478516,42,0.9379000000000068
894,53248,40.853782653808594,46,0.9379000000000068
895,53248,44.857425689697266,50,0.9379000000000068
896,53248,49.935508728027344,55,0.9379000000000068
897,53248,16.19206428527832,21,0.9379000000000068
898,53248,35.66854476928711,41,0.9379000000000068
899,53504,49.905906677246094,56,0.9376000000000069
900,53504,66.03434753417969,72,0.9376000000000069
901,53504,77.69783782958984,83,0.9376000000000069
902,53504,16.055816650390625,21,0.9376000000000069
903,53504,37.865142822265625,43,0.9376000000000069
904,53760,20.930034637451172,26,0.9373000000000069
905,53760,43.09528732299805,48,0.9373000000000069
906,53760,27.179405212402344,33,0.9373000000000069
907,53760,61.92746353149414,68,0.9373000000000069
908,53760,18.173986434936523,23,0.9373000000000069
909,53760,74.9705581665039,81,0.9373000000000069
910,53760,49.2147102355957,54,0.9373000000000069
911,53760,36.342864990234375,41,0.9373000000000069
912,53760,22.668941497802734,28,0.9373000000000069
913,54016,52.973106384277344,58,0.9370000000000069
914,54016,81.81185150146484,88,0.9370000000000069
915,54016,56.85462188720703,62,0.9370000000000069
916,54016,36.711341857910156,42,0.9370000000000069
917,54016,28.355321884155273,33,0.9370000000000069
918,54272,40.87913513183594,46,0.936700000000007
919,54272,62.39040756225586,68,0.936700000000007
920,54272,38.8148193359375,44,0.936700000000007
921,54272,36.64283752441406,42,0.936700000000007
922,54272,32.2408561706543,38,0.936700000000007
923,54272,59.33546829223633,64,0.936700000000007
924,54528,77.67182922363281,83,0.936400000000007
925,54528,44.5708122253418,50,0.936400000000007
926,54528,22.618328094482422,28,0.936400000000007
927,54784,45.96472930908203,52,0.936100000000007
928,54784,19.95223617553711,25,0.936100000000007
929,55040,33.39802169799805,39,0.9358000000000071
930,55040,25.156490325927734,30,0.9358000000000071
931,55040,113.36280059814453,119,0.9358000000000071
932,55040,50.29461669921875,56,0.9358000000000071
933,55040,22.729248046875,28,0.9358000000000071
934,55040,29.22879981994629,34,0.9358000000000071
935,55296,21.767004013061523,27,0.9355000000000071
936,55296,26.600112915039062,32,0.9355000000000071
937,55552,59.96769714355469,65,0.9352000000000071
938,55552,29.787105560302734,35,0.9352000000000071
939,55552,33.15047073364258,38,0.9352000000000071
940,55552,46.927001953125,52,0.9352000000000071
941,55808,46.10424041748047,52,0.9349000000000072
942,55808,24.135711669921875,29,0.9349000000000072
943,55808,93.88204193115234,99,0.9349000000000072
944,55808,22.184280395507812,27,0.9349000000000072
945,55808,36.970184326171875,43,0.9349000000000072
946,56064,42.074493408203125,48,0.9346000000000072
947,56320,23.049585342407227,28,0.9343000000000072
948,56320,32.568817138671875,38,0.9343000000000072
949,56320,30.997398376464844,36,0.9343000000000072
950,56320,62.368812561035156,68,0.9343000000000072
951,56320,18.119991302490234,23,0.9343000000000072
952,56576,39.058441162109375,44,0.9340000000000073
953,56576,38.08660125732422,44,0.9340000000000073
954,56576,57.54330062866211,63,0.9340000000000073
955,56832,139.7544708251953,145,0.9337000000000073
956,56832,89.82024383544922,95,0.9337000000000073
957,56832,96.40962982177734,101,0.9337000000000073
958,56832,26.847936630249023,32,0.9337000000000073
959,56832,50.91712188720703,56,0.9337000000000073
960,57088,217.47032165527344,223,0.9334000000000073
961,57088,59.48086929321289,65,0.9334000000000073
962,57088,39.665557861328125,46,0.9334000000000073
963,57088,32.05717468261719,37,0.9334000000000073
964,57088,52.25261306762695,58,0.9334000000000073
965,57344,91.1929931640625,97,0.9331000000000074
966,57344,37.380130767822266,42,0.9331000000000074
967,57344,87.83529663085938,93,0.9331000000000074
968,57600,28.1336612701416,33,0.9328000000000074
969,57600,69.3631820678711,75,0.9328000000000074
970,57600,39.05381774902344,44,0.9328000000000074
971,57600,43.06508255004883,48,0.9328000000000074
972,57600,69.12379455566406,75,0.9328000000000074
973,57600,44.972740173339844,50,0.9328000000000074
974,57856,45.22627639770508,51,0.9325000000000074
975,57856,49.79981231689453,55,0.9325000000000074
976,57856,29.771854400634766,35,0.9325000000000074
977,57856,27.563119888305664,33,0.9325000000000074
978,57856,30.650951385498047,36,0.9325000000000074
979,57856,28.800844192504883,34,0.9325000000000074
980,57856,110.1565933227539,116,0.9325000000000074
981,58112,34.833927154541016,40,0.9322000000000075
982,58112,39.60630798339844,45,0.9322000000000075
983,58112,85.04033660888672,90,0.9322000000000075
984,58112,43.128997802734375,49,0.9322000000000075
985,58112,89.84799194335938,95,0.9322000000000075
986,58112,37.792179107666016,44,0.9322000000000075
987,58368,31.240196228027344,36,0.9319000000000075
988,58624,27.894071578979492,34,0.9316000000000075
989,58624,43.25550842285156,49,0.9316000000000075
990,58624,27.82535171508789,33,0.9316000000000075
991,58624,66.74921417236328,72,0.9316000000000075
992,58880,59.97245788574219,65,0.9313000000000076
993,59136,20.832359313964844,26,0.9310000000000076
994,59136,66.75135040283203,72,0.9310000000000076
995,59392,47.75679397583008,54,0.9307000000000076
996,59392,31.088605880737305,37,0.9307000000000076
997,59392,41.840511322021484,47,0.9307000000000076
998,59648,45.56641387939453,51,0.9304000000000077
999,59648,47.97945785522461,53,0.9304000000000077
1000,59648,54.98891830444336,60,0.9304000000000077
1001,59904,39.66851043701172,45,0.9301000000000077
1002,59904,63.47364044189453,69,0.9301000000000077
1003,59904,43.14094924926758,49,0.9301000000000077
1004,59904,31.429359436035156,37,0.9301000000000077
1005,59904,38.840999603271484,45,0.9301000000000077
1006,59904,46.66887664794922,53,0.9301000000000077
1007,59904,54.725059509277344,60,0.9301000000000077
1008,60160,35.47591781616211,41,0.9298000000000077
1009,60160,48.595458984375,54,0.9298000000000077
1010,60160,63.42989730834961,69,0.9298000000000077
1011,60160,47.578975677490234,54,0.9298000000000077
1012,60160,29.858457565307617,35,0.9298000000000077
1013,60416,39.95429611206055,45,0.9295000000000078
1014,60416,51.87980651855469,57,0.9295000000000078
1015,60416,34.73832702636719,40,0.9295000000000078
1016,60672,42.990943908691406,48,0.9292000000000078
1017,60672,36.830543518066406,43,0.9292000000000078
1018,60928,27.973161697387695,33,0.9289000000000078
1019,60928,33.2382926940918,38,0.9289000000000078
1020,60928,48.71828842163086,54,0.9289000000000078
1021,60928,55.15559387207031,61,0.9289000000000078
1022,60928,77.90510559082031,83,0.9289000000000078
1023,60928,31.876834869384766,37,0.9289000000000078
1024,61184,76.46656799316406,82,0.9286000000000079
1025,61184,44.676822662353516,50,0.9286000000000079
1026,61184,24.15485954284668,29,0.9286000000000079
1027,61440,48.24407196044922,53,0.9283000000000079
1028,61440,29.08220672607422,35,0.9283000000000079
1029,61440,34.48217010498047,40,0.9283000000000079
1030,61440,31.49729347229004,37,0.9283000000000079
1031,61440,60.1722297668457,66,0.9283000000000079
1032,61440,59.982486724853516,66,0.9283000000000079
1033,61440,82.13641357421875,88,0.9283000000000079
1034,61696,58.44171142578125,64,0.9280000000000079
1035,61696,47.39690399169922,54,0.9280000000000079
1036,61696,83.04137420654297,88,0.9280000000000079
1037,61696,27.127248764038086,33,0.9280000000000079
1038,61696,63.015411376953125,69,0.9280000000000079
1039,61696,45.43144607543945,51,0.9280000000000079
1040,61952,40.357704162597656,45,0.927700000000008
1041,61952,37.56847381591797,43,0.927700000000008
1042,61952,105.4293212890625,111,0.927700000000008
1043,62208,29.688886642456055,35,0.927400000000008
1044,62208,74.64275360107422,80,0.927400000000008
1045,62208,41.655941009521484,47,0.927400000000008
1046,62208,26.972248077392578,32,0.927400000000008
1047,62208,20.957103729248047,26,0.927400000000008
1048,62208,53.84634780883789,59,0.927400000000008
1049,62464,53.37135314941406,59,0.927100000000008
1050,62464,68.0106201171875,73,0.927100000000008
1051,62464,30.62590789794922,36,0.927100000000008
1052,62464,70.90617370605469,76,0.927100000000008
1053,62464,26.956018447875977,32,0.927100000000008
1054,62464,44.54048156738281,49,0.927100000000008
1055,62720,45.37259292602539,50,0.9268000000000081
1056,62720,103.5087890625,109,0.9268000000000081
1057,62720,39.065284729003906,45,0.9268000000000081
1058,62720,79.93570709228516,86,0.9268000000000081
1059,62720,77.57545471191406,83,0.9268000000000081
1060,62720,79.54498291015625,85,0.9268000000000081
1061,62976,25.01117515563965,30,0.9265000000000081
1062,62976,20.893905639648438,26,0.9265000000000081
1063,62976,12.348661422729492,17,0.9265000000000081
1064,63232,41.223045349121094,47,0.9262000000000081
1065,63232,27.371349334716797,33,0.9262000000000081
1066,63232,51.892581939697266,57,0.9262000000000081
1067,63232,79.22560119628906,84,0.9262000000000081
1068,63232,66.98135375976562,72,0.9262000000000081
1069,63232,21.235219955444336,26,0.9262000000000081
1070,63232,48.74610900878906,54,0.9262000000000081
1071,63232,45.336456298828125,51,0.9262000000000081
1072,63488,27.858360290527344,33,0.9259000000000082
1073,63488,36.855247497558594,42,0.9259000000000082
1074,63488,63.42259979248047,68,0.9259000000000082
1075,63488,32.977108001708984,38,0.9259000000000082
1076,63744,61.24968719482422,67,0.9256000000000082
1077,63744,32.65475845336914,39,0.9256000000000082
1078,63744,62.39928436279297,68,0.9256000000000082
1079,64000,55.02853012084961,60,0.9253000000000082
1080,64000,58.412696838378906,64,0.9253000000000082
1081,64000,29.110397338867188,35,0.9253000000000082
1082,64000,31.629819869995117,37,0.9253000000000082
1083,64000,63.73924255371094,69,0.9253000000000082
1084,64000,53.25715637207031,58,0.9253000000000082
1085,64000,126.38623809814453,132,0.9253000000000082
1086,64000,50.21232223510742,57,0.9253000000000082
1087,64256,76.95921325683594,83,0.9250000000000083
1088,64256,65.89820098876953,71,0.9250000000000083
1089,64256,93.6605224609375,99,0.9250000000000083
1090,64256,33.84381103515625,39,0.9250000000000083
1091,64256,57.162513732910156,62,0.9250000000000083
1092,64256,48.97039794921875,54,0.9250000000000083
1093,64256,35.90117645263672,41,0.9250000000000083
1094,64512,65.64466857910156,71,0.9247000000000083
1095,64512,39.27394104003906,44,0.9247000000000083
1096,64512,33.11998748779297,38,0.9247000000000083
1097,64512,94.06622314453125,99,0.9247000000000083
1098,64512,41.69528579711914,47,0.9247000000000083
1099,64768,32.9859504699707,38,0.9244000000000083
1100,64768,54.71009063720703,60,0.9244000000000083
1101,64768,47.79255294799805,53,0.9244000000000083
1102,64768,21.662437438964844,27,0.9244000000000083
1103,64768,57.10050582885742,63,0.9244000000000083
1104,64768,42.402000427246094,48,0.9244000000000083
1105,64768,21.234554290771484,26,0.9244000000000083
1106,64768,24.966882705688477,30,0.9244000000000083
1107,64768,52.81550216674805,59,0.9244000000000083
1108,65024,40.41780471801758,46,0.9241000000000084
1109,65024,30.87973403930664,36,0.9241000000000084
1110,65024,64.29627990722656,69,0.9241000000000084
1111,65024,92.3555679321289,97,0.9241000000000084
1112,65024,48.229248046875,54,0.9241000000000084
1113,65280,62.54806137084961,68,0.9238000000000084
1114,65280,45.05158615112305,51,0.9238000000000084
1115,65280,25.868572235107422,32,0.9238000000000084
1116,65536,36.3828010559082,41,0.9235000000000084
1117,65536,44.160648345947266,49,0.9235000000000084
1118,65536,69.0291748046875,74,0.9235000000000084
1119,65536,47.13733673095703,53,0.9235000000000084
1120,65536,84.54643249511719,90,0.9235000000000084
1121,65792,72.82197570800781,78,0.9232000000000085
1122,65792,48.063140869140625,53,0.9232000000000085
1123,65792,64.9400405883789,71,0.9232000000000085
1124,65792,28.807985305786133,34,0.9232000000000085
1125,65792,27.830245971679688,33,0.9232000000000085
1126,65792,143.66319274902344,149,0.9232000000000085
1127,66048,23.632713317871094,29,0.9229000000000085
1128,66048,67.14574432373047,72,0.9229000000000085
1129,66048,65.36512756347656,71,0.9229000000000085
1130,66048,61.030364990234375,67,0.9229000000000085
1131,66048,83.16643524169922,89,0.9229000000000085
1132,66304,52.8924446105957,58,0.9226000000000085
1133,66304,57.59270477294922,64,0.9226000000000085
1134,66304,42.12764358520508,47,0.9226000000000085
1135,66304,48.550331115722656,55,0.9226000000000085
1136,66304,27.652612686157227,33,0.9226000000000085
1137,66304,34.63821029663086,40,0.9226000000000085
1138,66560,28.015254974365234,33,0.9223000000000086
1139,66560,43.19816207885742,49,0.9223000000000086
1140,66560,37.9013557434082,43,0.9223000000000086
1141,66816,42.84971237182617,48,0.9220000000000086
1142,66816,59.29047775268555,64,0.9220000000000086
1143,67072,97.33212280273438,103,0.9217000000000086
1144,67072,36.79933166503906,42,0.9217000000000086
1145,67072,110.2425308227539,116,0.9217000000000086
1146,67072,76.35417175292969,82,0.9217000000000086
1147,67072,50.662113189697266,56,0.9217000000000086
1148,67072,59.840187072753906,65,0.9217000000000086
1149,67328,28.89331817626953,34,0.9214000000000087
1150,67328,30.4622802734375,36,0.9214000000000087
1151,67328,17.743724822998047,23,0.9214000000000087
1152,67328,26.338329315185547,32,0.9214000000000087
1153,67584,73.91654205322266,79,0.9211000000000087
1154,67840,49.90399169921875,55,0.9208000000000087
1155,67840,73.56391906738281,79,0.9208000000000087
1156,67840,73.64358520507812,79,0.9208000000000087
1157,67840,33.9162483215332,39,0.9208000000000087
1158,67840,27.847230911254883,33,0.9208000000000087
1159,68096,57.92927932739258,63,0.9205000000000088
1160,68096,52.83531951904297,58,0.9205000000000088
1161,68096,106.49092864990234,112,0.9205000000000088
1162,68096,122.2911605834961,128,0.9205000000000088
1163,68096,58.32347106933594,64,0.9205000000000088
1164,68096,50.402313232421875,56,0.9205000000000088
1165,68096,26.092208862304688,31,0.9205000000000088
1166,68352,54.352333068847656,59,0.9202000000000088
1167,68352,27.63492202758789,32,0.9202000000000088
1168,68352,63.19770812988281,69,0.9202000000000088
1169,68352,35.64251708984375,41,0.9202000000000088
1170,68352,67.51032257080078,73,0.9202000000000088
1171,68352,37.72106170654297,44,0.9202000000000088
1172,68608,25.289840698242188,30,0.9199000000000088
1173,68608,27.058792114257812,32,0.9199000000000088
1174,68608,79.35806274414062,85,0.9199000000000088
1175,68608,36.981040954589844,43,0.9199000000000088
1176,68864,49.01911544799805,54,0.9196000000000089
1177,68864,24.083097457885742,29,0.9196000000000089
1178,69120,44.63042068481445,50,0.9193000000000089
1179,69120,66.46890258789062,72,0.9193000000000089
1180,69120,15.168413162231445,20,0.9193000000000089
1181,69120,40.18678283691406,45,0.9193000000000089
1182,69376,56.44947052001953,62,0.9190000000000089
1183,69376,53.49250793457031,59,0.9190000000000089
1184,69376,44.078704833984375,49,0.9190000000000089
1185,69376,31.70886993408203,37,0.9190000000000089
1186,69376,21.828140258789062,27,0.9190000000000089
1187,69376,116.45189666748047,122,0.9190000000000089
1188,69632,32.604949951171875,38,0.918700000000009
1189,69632,43.68767547607422,50,0.918700000000009
1190,69632,25.476886749267578,31,0.918700000000009
1191,69632,34.14983367919922,40,0.918700000000009
1192,69632,119.56306457519531,125,0.918700000000009
1193,69632,49.8654899597168,55,0.918700000000009
1194,69888,54.80336380004883,60,0.918400000000009
1195,69888,40.81487274169922,46,0.918400000000009
1196,69888,42.65690231323242,48,0.918400000000009
1197,69888,27.67140007019043,33,0.918400000000009
1198,69888,25.162382125854492,30,0.918400000000009
1199,69888,146.7079620361328,152,0.918400000000009
1200,69888,22.79082489013672,28,0.918400000000009
1201,70144,41.989105224609375,48,0.918100000000009
1202,70144,27.714126586914062,33,0.918100000000009
1203,70144,57.77744674682617,63,0.918100000000009
1204,70144,30.390525817871094,36,0.918100000000009
1205,70144,34.67505645751953,40,0.918100000000009
1206,70144,46.32950973510742,51,0.918100000000009
1207,70144,68.26887512207031,74,0.918100000000009
1208,70144,28.24986457824707,33,0.918100000000009
1209,70144,58.19921875,64,0.918100000000009
1210,70144,52.514957427978516,59,0.918100000000009
1211,70400,84.13347625732422,90,0.917800000000009
1212,70400,65.26333618164062,71,0.917800000000009
1213,70400,58.00060272216797,63,0.917800000000009
1214,70656,69.8614501953125,75,0.9175000000000091
1215,70656,36.397987365722656,42,0.9175000000000091
1216,70656,32.56803894042969,38,0.9175000000000091
1217,70912,29.7198429107666,35,0.9172000000000091
1218,70912,36.5350227355957,42,0.9172000000000091
1219,70912,134.89410400390625,140,0.9172000000000091
1220,70912,38.445457458496094,44,0.9172000000000091
1221,71168,61.414920806884766,68,0.9169000000000092
1222,71168,28.971099853515625,34,0.9169000000000092
1223,71424,77.23048400878906,83,0.9166000000000092
1224,71424,30.57522964477539,36,0.9166000000000092
1225,71424,48.609073638916016,54,0.9166000000000092
1226,71680,45.95235824584961,51,0.9163000000000092
1227,71680,36.95604705810547,42,0.9163000000000092
1228,71680,30.446285247802734,36,0.9163000000000092
1229,71936,35.202823638916016,41,0.9160000000000093
1230,71936,47.72532653808594,54,0.9160000000000093
1231,71936,34.62807846069336,40,0.9160000000000093
1232,71936,23.77886199951172,29,0.9160000000000093
1233,72192,33.01831817626953,38,0.9157000000000093
1234,72192,29.375694274902344,35,0.9157000000000093
1235,72192,109.16413879394531,115,0.9157000000000093
1236,72192,18.110435485839844,23,0.9157000000000093
1237,72192,36.7174072265625,43,0.9157000000000093
1238,72192,54.516395568847656,60,0.9157000000000093
1239,72448,28.906436920166016,34,0.9154000000000093
1240,72448,50.96547317504883,56,0.9154000000000093
1241,72448,99.59217071533203,105,0.9154000000000093
1242,72704,40.65656661987305,47,0.9151000000000094
1243,72704,56.180816650390625,63,0.9151000000000094
1244,72704,28.650646209716797,34,0.9151000000000094
1245,72704,41.24734115600586,47,0.9151000000000094
1246,72960,46.11610412597656,52,0.9148000000000094
1247,72960,20.701656341552734,26,0.9148000000000094
1248,72960,167.0051727294922,172,0.9148000000000094
1249,73472,46.659156799316406,53,0.9142000000000094
1250,73472,47.28721618652344,53,0.9142000000000094
1251,73472,70.43334197998047,76,0.9142000000000094
1252,73472,38.709571838378906,45,0.9142000000000094
1253,73472,57.909767150878906,63,0.9142000000000094
1254,73472,26.843685150146484,32,0.9142000000000094
1255,73728,20.97511863708496,26,0.9139000000000095
1256,73728,36.27728271484375,41,0.9139000000000095
1257,73728,31.117813110351562,36,0.9139000000000095
1258,73728,58.00020217895508,63,0.9139000000000095
1259,73728,48.7578010559082,54,0.9139000000000095
1260,73728,32.51039505004883,38,0.9139000000000095
1261,73984,30.25405502319336,36,0.9136000000000095
1262,74240,58.695152282714844,64,0.9133000000000095
1263,74240,36.70797348022461,42,0.9133000000000095
1264,74240,16.943145751953125,22,0.9133000000000095
1265,74240,36.602813720703125,42,0.9133000000000095
1266,74240,49.246089935302734,55,0.9133000000000095
1267,74240,17.21653938293457,22,0.9133000000000095
1268,74240,117.05058288574219,123,0.9133000000000095
1269,74240,83.10549926757812,88,0.9133000000000095
1270,74240,74.66156768798828,80,0.9133000000000095
1271,74240,43.437870025634766,49,0.9133000000000095
1272,74240,19.160200119018555,24,0.9133000000000095
1273,74496,35.74293899536133,41,0.9130000000000096
1274,74496,92.37653350830078,98,0.9130000000000096
1275,74496,64.63373565673828,70,0.9130000000000096
1276,74496,29.52349090576172,35,0.9130000000000096
1277,74496,34.31148147583008,40,0.9130000000000096
1278,74496,33.58634948730469,39,0.9130000000000096
1279,74496,38.499610900878906,44,0.9130000000000096
1280,74752,60.2941780090332,66,0.9127000000000096
1281,74752,29.601064682006836,35,0.9127000000000096
1282,74752,33.53103256225586,39,0.9127000000000096
1283,75008,128.63626098632812,134,0.9124000000000096
1284,75008,42.87544250488281,48,0.9124000000000096
1285,75008,21.936359405517578,27,0.9124000000000096
1286,75008,48.483482360839844,54,0.9124000000000096
1287,75008,34.974876403808594,40,0.9124000000000096
1288,75008,38.28694534301758,44,0.9124000000000096
1289,75008,25.873422622680664,31,0.9124000000000096
1290,75008,23.06670570373535,28,0.9124000000000096
1291,75008,78.67689514160156,84,0.9124000000000096
1292,75008,19.819236755371094,25,0.9124000000000096
1293,75264,39.01510238647461,44,0.9121000000000097
1294,75264,28.321876525878906,34,0.9121000000000097
1295,75264,64.06998443603516,70,0.9121000000000097
1296,75520,22.831178665161133,28,0.9118000000000097
1297,75520,34.000938415527344,39,0.9118000000000097
1298,75520,71.9345703125,77,0.9118000000000097
1299,75520,23.734506607055664,29,0.9118000000000097
1300,75520,35.0,41,0.9118000000000097
1301,75776,43.67411804199219,49,0.9115000000000097
1302,75776,44.205074310302734,49,0.9115000000000097
1303,75776,39.414974212646484,45,0.9115000000000097
1304,75776,62.59877014160156,68,0.9115000000000097
1305,75776,33.18782043457031,38,0.9115000000000097
1306,76032,34.6430549621582,40,0.9112000000000098
1307,76032,35.74556350708008,42,0.9112000000000098
1308,76032,73.98908996582031,79,0.9112000000000098
1309,76032,40.08545684814453,45,0.9112000000000098
1310,76288,47.94314193725586,53,0.9109000000000098
1311,76288,46.10886001586914,51,0.9109000000000098
1312,76544,22.87164306640625,28,0.9106000000000098
1313,76544,143.4728546142578,148,0.9106000000000098
1314,76544,24.82941246032715,30,0.9106000000000098
1315,76544,50.372989654541016,56,0.9106000000000098
1316,76544,42.84968185424805,49,0.9106000000000098
1317,76800,41.28202438354492,47,0.9103000000000099
1318,76800,25.365373611450195,31,0.9103000000000099
1319,76800,21.741884231567383,27,0.9103000000000099
1320,76800,29.555524826049805,35,0.9103000000000099
1321,76800,49.86539840698242,55,0.9103000000000099
1322,76800,55.39328384399414,60,0.9103000000000099
1323,76800,29.09636688232422,34,0.9103000000000099
1324,77056,42.91511535644531,48,0.9100000000000099
1325,77056,62.97459030151367,69,0.9100000000000099
1326,77312,53.00572967529297,58,0.90970000000001
1327,77312,33.55526351928711,39,0.90970000000001
1328,77312,51.30787658691406,56,0.90970000000001
1329,77312,45.668373107910156,51,0.90970000000001
1330,77568,67.81827545166016,73,0.90940000000001
1331,77568,37.826171875,43,0.90940000000001
1332,77568,48.36833572387695,53,0.90940000000001
1333,77568,30.618270874023438,36,0.90940000000001
1334,77824,45.51891326904297,51,0.90910000000001
1335,77824,55.6323356628418,61,0.90910000000001
1336,77824,89.25244140625,95,0.90910000000001
1337,77824,60.73988723754883,66,0.90910000000001
1338,77824,110.8921890258789,116,0.90910000000001
1339,77824,25.263919830322266,30,0.90910000000001
1340,77824,42.538150787353516,48,0.90910000000001
1341,77824,43.122833251953125,48,0.90910000000001
1342,77824,39.869384765625,46,0.90910000000001
1343,78080,34.96097183227539,40,0.90880000000001
1344,78080,60.27064514160156,65,0.90880000000001
1345,78080,33.18458557128906,38,0.90880000000001
1346,78336,44.92313003540039,50,0.9085000000000101
1347,78592,96.0478286743164,101,0.9082000000000101
1348,78592,129.0499267578125,134,0.9082000000000101
1349,78592,82.07723236083984,87,0.9082000000000101
1350,78592,28.18238639831543,34,0.9082000000000101
1351,78848,40.76095199584961,46,0.9079000000000101
1352,78848,41.56047058105469,47,0.9079000000000101
1353,78848,15.987384796142578,21,0.9079000000000101
1354,78848,30.276477813720703,36,0.9079000000000101
1355,78848,59.81729507446289,65,0.9079000000000101
1356,78848,28.787734985351562,34,0.9079000000000101
1357,78848,53.181026458740234,58,0.9079000000000101
1358,79104,28.741291046142578,34,0.9076000000000102
1359,79104,52.14251708984375,58,0.9076000000000102
1360,79104,85.68017578125,91,0.9076000000000102
1361,79104,30.100894927978516,35,0.9076000000000102
1362,79360,95.17161560058594,101,0.9073000000000102
1363,79360,63.637699127197266,69,0.9073000000000102
1364,79360,58.398948669433594,63,0.9073000000000102
1365,79616,125.2232894897461,131,0.9070000000000102
1366,79616,48.755157470703125,54,0.9070000000000102
1367,79616,39.394981384277344,45,0.9070000000000102
1368,79616,69.62417602539062,75,0.9070000000000102
1369,79616,19.335376739501953,24,0.9070000000000102
1370,79872,40.017982482910156,46,0.9067000000000103
1371,79872,17.055837631225586,22,0.9067000000000103
1372,79872,75.78015899658203,81,0.9067000000000103
1373,79872,40.680233001708984,46,0.9067000000000103
1374,79872,113.0389404296875,119,0.9067000000000103
1375,79872,18.813440322875977,24,0.9067000000000103
1376,80128,37.84383773803711,43,0.9064000000000103
1377,80128,43.784820556640625,50,0.9064000000000103
1378,80128,45.954002380371094,51,0.9064000000000103
1379,80384,67.00972747802734,72,0.9061000000000103
1380,80384,93.28740692138672,98,0.9061000000000103
1381,80384,96.09183502197266,102,0.9061000000000103
1382,80384,112.8675537109375,118,0.9061000000000103
1383,80384,41.350791931152344,47,0.9061000000000103
1384,80384,33.08198928833008,38,0.9061000000000103
1385,80384,29.661376953125,35,0.9061000000000103
1386,80384,36.2219352722168,41,0.9061000000000103
1387,80640,36.88340377807617,43,0.9058000000000104
1388,80640,27.269350051879883,33,0.9058000000000104
1389,80640,76.61115264892578,82,0.9058000000000104
1390,80640,29.004789352416992,34,0.9058000000000104
1391,80640,41.212860107421875,47,0.9058000000000104
1392,80896,58.90298080444336,65,0.9055000000000104
1393,80896,18.127033233642578,23,0.9055000000000104
1394,80896,19.79059600830078,25,0.9055000000000104
1395,80896,45.89946365356445,51,0.9055000000000104
1396,80896,90.2108154296875,96,0.9055000000000104
1397,80896,36.130409240722656,41,0.9055000000000104
1398,80896,23.72983741760254,29,0.9055000000000104
1399,81152,30.205917358398438,36,0.9052000000000104
1400,81152,72.73506927490234,78,0.9052000000000104
1401,81152,37.571746826171875,43,0.9052000000000104
1402,81152,56.835601806640625,63,0.9052000000000104
1403,81408,41.37168884277344,47,0.9049000000000105
1404,81408,29.44663429260254,35,0.9049000000000105
1405,81664,27.19046401977539,32,0.9046000000000105
1406,81664,25.915102005004883,31,0.9046000000000105
1407,81664,56.77420425415039,62,0.9046000000000105
1408,81920,25.202993392944336,30,0.9043000000000105
1409,81920,32.13334274291992,37,0.9043000000000105
1410,81920,23.8303279876709,29,0.9043000000000105
1411,81920,68.0196304321289,73,0.9043000000000105
1412,82176,78.1070327758789,83,0.9040000000000106
1413,82176,35.42372512817383,41,0.9040000000000106
1414,82176,69.88097381591797,75,0.9040000000000106
1415,82176,53.552330017089844,59,0.9040000000000106
1416,82176,24.1595458984375,30,0.9040000000000106
1417,82176,43.881187438964844,49,0.9040000000000106
1418,82176,28.778366088867188,34,0.9040000000000106
1419,82432,73.48137664794922,79,0.9037000000000106
1420,82432,19.382156372070312,24,0.9037000000000106
1421,82432,56.71818161010742,62,0.9037000000000106
1422,82432,80.42720031738281,86,0.9037000000000106
1423,82432,31.52869415283203,37,0.9037000000000106
1424,82688,46.94906234741211,52,0.9034000000000106
1425,82688,43.96219253540039,50,0.9034000000000106
1426,82688,24.720481872558594,30,0.9034000000000106
1427,82688,40.23284149169922,45,0.9034000000000106
1428,82688,35.084476470947266,40,0.9034000000000106
1429,82688,77.26902770996094,83,0.9034000000000106
1430,82688,24.696430206298828,30,0.9034000000000106
1431,82688,46.59833908081055,52,0.9034000000000106
1432,82688,64.34644317626953,69,0.9034000000000106
1433,82688,59.18968200683594,65,0.9034000000000106
1434,82944,61.34068298339844,66,0.9031000000000107
1435,82944,41.38311004638672,47,0.9031000000000107
1436,82944,102.28338623046875,107,0.9031000000000107
1437,82944,65.50147247314453,71,0.9031000000000107
1438,83200,48.10661697387695,53,0.9028000000000107
1439,83200,29.93355941772461,35,0.9028000000000107
1440,83456,56.111297607421875,61,0.9025000000000107
1441,83456,44.85744857788086,50,0.9025000000000107
1442,83456,25.43073844909668,31,0.9025000000000107
1443,83456,35.37501907348633,41,0.9025000000000107
1444,83456,96.11013793945312,101,0.9025000000000107
1445,83456,47.12709045410156,52,0.9025000000000107
1446,83456,22.260570526123047,27,0.9025000000000107
1447,83456,69.00397491455078,75,0.9025000000000107
1448,83456,99.01050567626953,104,0.9025000000000107
1449,83456,45.293296813964844,50,0.9025000000000107
1450,83712,72.70252990722656,78,0.9022000000000108
1451,83712,20.70232391357422,26,0.9022000000000108
1452,83712,44.49159622192383,50,0.9022000000000108
1453,83712,45.02853012084961,50,0.9022000000000108
1454,83968,74.58538055419922,80,0.9019000000000108
1455,83968,32.5112190246582,38,0.9019000000000108
1456,83968,42.84248352050781,48,0.9019000000000108
1457,83968,30.172914505004883,35,0.9019000000000108
1458,83968,51.675045013427734,57,0.9019000000000108
1459,83968,43.433319091796875,49,0.9019000000000108
1460,84224,106.16216278076172,111,0.9016000000000108
1461,84224,50.07060623168945,55,0.9016000000000108
1462,84224,21.010257720947266,26,0.9016000000000108
1463,84224,67.23698425292969,72,0.9016000000000108
1464,84224,41.943748474121094,47,0.9016000000000108
1465,84224,52.335235595703125,57,0.9016000000000108
1466,84480,47.8694953918457,53,0.9013000000000109
1467,84480,42.87736129760742,49,0.9013000000000109
1468,84480,54.83669662475586,60,0.9013000000000109
1469,84480,125.18742370605469,131,0.9013000000000109
1470,84480,31.49900245666504,37,0.9013000000000109
1471,84480,55.06768798828125,60,0.9013000000000109
1472,84480,34.948753356933594,40,0.9013000000000109
1473,84736,64.86369323730469,70,0.9010000000000109
1474,84736,40.503318786621094,47,0.9010000000000109
1475,84736,32.740943908691406,38,0.9010000000000109
1476,84992,36.51351547241211,42,0.9007000000000109
1477,84992,29.03764533996582,34,0.9007000000000109
1478,85248,31.829299926757812,38,0.900400000000011
1479,85248,39.4688835144043,45,0.900400000000011
1480,85248,37.726375579833984,43,0.900400000000011
1481,85248,36.7095947265625,42,0.900400000000011
1482,85248,50.24824523925781,55,0.900400000000011
1483,85248,45.75103759765625,51,0.900400000000011
1484,85504,33.04277038574219,38,0.900100000000011
1485,85504,47.1285400390625,53,0.900100000000011
1486,85504,40.56627655029297,46,0.900100000000011
1487,85504,24.65161895751953,30,0.900100000000011
1488,85504,41.15235900878906,47,0.900100000000011
1489,85760,71.06979370117188,76,0.899800000000011
1490,85760,22.209505081176758,27,0.899800000000011
1491,85760,152.40614318847656,158,0.899800000000011
1492,85760,30.174589157104492,35,0.899800000000011
1493,85760,56.2371940612793,61,0.899800000000011
1494,85760,26.25566864013672,31,0.899800000000011
1495,85760,47.489990234375,53,0.899800000000011
1496,85760,24.89375877380371,30,0.899800000000011
1497,86016,22.597551345825195,28,0.8995000000000111
1498,86016,25.98252296447754,31,0.8995000000000111
1499,86272,22.7510986328125,28,0.8992000000000111
1500,86272,28.200546264648438,33,0.8992000000000111
1501,86272,42.16887664794922,47,0.8992000000000111
1502,86272,85.6858901977539,91,0.8992000000000111
1503,86272,39.70460510253906,45,0.8992000000000111
1504,86272,34.761383056640625,40,0.8992000000000111
1505,86528,59.3904914855957,65,0.8989000000000111
1506,86528,79.11139678955078,84,0.8989000000000111
1507,86528,41.3807487487793,47,0.8989000000000111
1508,86528,31.739717483520508,38,0.8989000000000111
1509,86528,40.149940490722656,46,0.8989000000000111
1510,86528,36.602088928222656,42,0.8989000000000111
1511,86528,70.03681182861328,75,0.8989000000000111
1512,86784,36.933021545410156,42,0.8986000000000112
1513,86784,29.63229751586914,35,0.8986000000000112
1514,86784,51.934513092041016,57,0.8986000000000112
1515,86784,31.0319881439209,36,0.8986000000000112
1516,86784,63.624900817871094,69,0.8986000000000112
1517,86784,82.8537368774414,88,0.8986000000000112
1518,87040,67.8946533203125,73,0.8983000000000112
1519,87040,39.93629837036133,45,0.8983000000000112
1520,87040,26.328857421875,31,0.8983000000000112
1521,87296,40.049198150634766,46,0.8980000000000112
1522,87296,54.382957458496094,61,0.8980000000000112
1523,87296,19.30626106262207,24,0.8980000000000112
1524,87296,42.267738342285156,48,0.8980000000000112
1525,87552,29.124300003051758,35,0.8977000000000113
1526,87552,24.146055221557617,29,0.8977000000000113
1527,87552,25.891103744506836,31,0.8977000000000113
1528,87552,21.89788818359375,27,0.8977000000000113
1529,87552,22.318696975708008,27,0.8977000000000113
1530,87552,47.65056228637695,52,0.8977000000000113
1531,87552,88.64768981933594,94,0.8977000000000113
1532,87552,21.85645294189453,27,0.8977000000000113
1533,87808,50.2259635925293,55,0.8974000000000113
1534,87808,63.54607009887695,69,0.8974000000000113
1535,87808,30.76915168762207,36,0.8974000000000113
1536,88064,37.22808837890625,42,0.8971000000000113
1537,88064,45.319400787353516,50,0.8971000000000113
1538,88064,147.71160888671875,153,0.8971000000000113
1539,88064,33.49770736694336,38,0.8971000000000113
1540,88064,85.60985565185547,91,0.8971000000000113
1541,88064,26.74823760986328,32,0.8971000000000113
1542,88320,25.254907608032227,31,0.8968000000000114
1543,88320,21.74139976501465,27,0.8968000000000114
1544,88320,19.217008590698242,24,0.8968000000000114
1545,88320,27.363677978515625,33,0.8968000000000114
1546,88320,54.87698745727539,60,0.8968000000000114
1547,88320,32.45675277709961,38,0.8968000000000114
1548,88320,23.959810256958008,29,0.8968000000000114
1549,88320,87.12679290771484,92,0.8968000000000114
1550,88320,31.722957611083984,37,0.8968000000000114
1551,88576,47.18388748168945,52,0.8965000000000114
1552,88576,20.851322174072266,26,0.8965000000000114
1553,88576,32.058902740478516,37,0.8965000000000114
1554,88576,47.08627700805664,52,0.8965000000000114
1555,88576,32.55812072753906,38,0.8965000000000114
1556,88832,78.91022491455078,84,0.8962000000000114
1557,88832,23.085922241210938,28,0.8962000000000114
1558,89088,71.0829086303711,76,0.8959000000000115
1559,89088,28.606426239013672,34,0.8959000000000115
1560,89088,108.0976791381836,113,0.8959000000000115
1561,89088,14.472846031188965,19,0.8959000000000115
1562,89088,69.16207122802734,74,0.8959000000000115
1563,89344,31.707822799682617,37,0.8956000000000115
1564,89344,46.06559753417969,52,0.8956000000000115
1565,89344,53.25003433227539,58,0.8956000000000115
1566,89344,31.64229965209961,37,0.8956000000000115
1567,89344,40.5861701965332,46,0.8956000000000115
1568,89600,41.02540588378906,46,0.8953000000000115
1569,89600,30.824234008789062,36,0.8953000000000115
1570,89600,23.996566772460938,30,0.8953000000000115
1571,89600,23.706499099731445,29,0.8953000000000115
1572,89600,56.48147201538086,62,0.8953000000000115
1573,89856,72.36093139648438,78,0.8950000000000116
1574,89856,72.39363861083984,78,0.8950000000000116
1575,89856,31.272491455078125,37,0.8950000000000116
1576,89856,122.39852142333984,129,0.8950000000000116
1577,89856,35.02193832397461,40,0.8950000000000116
1578,89856,43.7030143737793,49,0.8950000000000116
1579,90112,79.76956939697266,85,0.8947000000000116
1580,90112,34.87009811401367,40,0.8947000000000116
1581,90112,22.85541343688965,28,0.8947000000000116
1582,90112,30.942455291748047,36,0.8947000000000116
1583,90368,51.50986862182617,57,0.8944000000000116
1584,90368,17.86734962463379,23,0.8944000000000116
1585,90368,51.90290069580078,57,0.8944000000000116
1586,90368,24.745086669921875,30,0.8944000000000116
1587,90624,26.007545471191406,31,0.8941000000000117
1588,90624,69.84352111816406,75,0.8941000000000117
1589,90624,26.25225830078125,31,0.8941000000000117
1590,90880,20.057065963745117,25,0.8938000000000117
1591,90880,87.71421813964844,93,0.8938000000000117
1592,90880,49.027889251708984,54,0.8938000000000117
1593,91136,28.26409149169922,33,0.8935000000000117
1594,91136,55.67010498046875,61,0.8935000000000117
1595,91136,57.86955261230469,63,0.8935000000000117
1596,91136,24.391775131225586,30,0.8935000000000117
1597,91136,29.055709838867188,34,0.8935000000000117
1598,91136,40.04533386230469,46,0.8935000000000117
1599,91136,30.533849716186523,36,0.8935000000000117
1600,91392,23.244857788085938,28,0.8932000000000118
1601,91392,69.93621063232422,75,0.8932000000000118
1602,91392,107.00846099853516,112,0.8932000000000118
1603,91392,95.73490142822266,102,0.8932000000000118
1604,91392,53.24728012084961,58,0.8932000000000118
1605,91392,67.40100860595703,73,0.8932000000000118
1606,91648,31.670745849609375,37,0.8929000000000118
1607,91648,49.253116607666016,55,0.8929000000000118
1608,91648,34.696205139160156,40,0.8929000000000118
1609,91648,45.26127243041992,51,0.8929000000000118
1610,91648,42.93798065185547,49,0.8929000000000118
1611,91648,141.62884521484375,147,0.8929000000000118
1612,91648,26.87101173400879,32,0.8929000000000118
1613,91648,48.765079498291016,54,0.8929000000000118
1614,91904,25.553255081176758,30,0.8926000000000118
1615,91904,22.89757537841797,28,0.8926000000000118
1616,91904,31.322172164916992,36,0.8926000000000118
1617,91904,80.10188293457031,85,0.8926000000000118
1618,91904,55.49546813964844,60,0.8926000000000118
1619,91904,33.0551872253418,39,0.8926000000000118
1620,91904,26.645112991333008,32,0.8926000000000118
1621,92160,63.6139030456543,69,0.8923000000000119
1622,92160,55.25824737548828,60,0.8923000000000119
1623,92160,31.621021270751953,37,0.8923000000000119
1624,92160,83.04586791992188,89,0.8923000000000119
1625,92160,35.41353225708008,41,0.8923000000000119
1626,92160,58.519378662109375,64,0.8923000000000119
1627,92416,80.69254302978516,86,0.8920000000000119
1628,92416,32.47169876098633,38,0.8920000000000119
1629,92416,47.29625701904297,53,0.8920000000000119
1630,92416,30.147724151611328,35,0.8920000000000119
1631,92416,28.831710815429688,34,0.8920000000000119
1632,92416,27.652297973632812,33,0.8920000000000119
1633,92416,29.473587036132812,35,0.8920000000000119
1634,92672,23.641586303710938,29,0.8917000000000119
1635,92672,36.02412414550781,41,0.8917000000000119
1636,92928,29.595569610595703,35,0.891400000000012
1637,92928,31.196435928344727,36,0.891400000000012
1638,92928,42.094886779785156,47,0.891400000000012
1639,92928,40.46764373779297,46,0.891400000000012
1640,92928,35.7692985534668,41,0.891400000000012
1641,92928,68.14215850830078,73,0.891400000000012
1642,92928,57.15135192871094,63,0.891400000000012
1643,92928,23.719280242919922,29,0.891400000000012
1644,93184,37.16482162475586,42,0.891100000000012
1645,93184,41.32792282104492,47,0.891100000000012
1646,93184,47.995079040527344,53,0.891100000000012
1647,93184,202.19549560546875,209,0.891100000000012
1648,93184,35.78143310546875,41,0.891100000000012
1649,93184,21.898725509643555,27,0.891100000000012
1650,93184,21.49933624267578,26,0.891100000000012
1651,93440,55.72464370727539,61,0.890800000000012
1652,93440,34.181861877441406,39,0.890800000000012
1653,93440,22.376785278320312,27,0.890800000000012
1654,93440,38.78864669799805,44,0.890800000000012
1655,93696,108.15705871582031,114,0.8905000000000121
1656,93696,24.135208129882812,29,0.8905000000000121
1657,93696,21.04967498779297,26,0.8905000000000121
1658,93696,52.747825622558594,58,0.8905000000000121
1659,93952,62.96560287475586,68,0.8902000000000121
1660,93952,19.999065399169922,25,0.8902000000000121
1661,93952,46.16171646118164,51,0.8902000000000121
1662,93952,18.77727508544922,24,0.8902000000000121
1663,94208,51.00763702392578,57,0.8899000000000121
1664,94208,28.35494613647461,33,0.8899000000000121
1665,94208,40.94084930419922,47,0.8899000000000121
1666,94208,104.48656463623047,110,0.8899000000000121
1667,94208,19.300094604492188,24,0.8899000000000121
1668,94208,28.022287368774414,33,0.8899000000000121
1669,94208,32.661781311035156,38,0.8899000000000121
1670,94208,57.51150131225586,63,0.8899000000000121
1671,94464,22.007658004760742,27,0.8896000000000122
1672,94464,25.29195213317871,30,0.8896000000000122
1673,94464,28.71965789794922,34,0.8896000000000122
1674,94464,64.41352844238281,70,0.8896000000000122
1675,94464,30.207639694213867,35,0.8896000000000122
1676,94464,35.19508361816406,41,0.8896000000000122
1677,94464,49.81786346435547,55,0.8896000000000122
1678,94464,80.03842163085938,85,0.8896000000000122
1679,94720,119.39043426513672,125,0.8893000000000122
1680,94720,56.21370315551758,62,0.8893000000000122
1681,94720,23.138776779174805,28,0.8893000000000122
1682,94720,41.48787307739258,47,0.8893000000000122
1683,94720,60.56574249267578,66,0.8893000000000122
1684,94720,31.416994094848633,37,0.8893000000000122
1685,94976,52.805992126464844,58,0.8890000000000122
1686,95232,27.885488510131836,33,0.8887000000000123
1687,95232,40.66954040527344,46,0.8887000000000123
1688,95232,41.58393859863281,47,0.8887000000000123
1689,95232,37.2224235534668,42,0.8887000000000123
1690,95232,32.104549407958984,38,0.8887000000000123
1691,95232,31.066940307617188,36,0.8887000000000123
1692,95232,17.16454315185547,22,0.8887000000000123
1693,95232,26.79442024230957,32,0.8887000000000123
1694,95232,122.3222427368164,128,0.8887000000000123
1695,95488,74.84530639648438,80,0.8884000000000123
1696,95488,34.368568420410156,40,0.8884000000000123
1697,95488,38.78052520751953,44,0.8884000000000123
1698,95744,54.739505767822266,60,0.8881000000000123
1699,95744,110.01608276367188,115,0.8881000000000123
1700,96000,31.685592651367188,37,0.8878000000000124
1701,96000,34.33481216430664,40,0.8878000000000124
1702,96000,41.558292388916016,47,0.8878000000000124
1703,96000,17.135597229003906,22,0.8878000000000124
1704,96256,23.474523544311523,29,0.8875000000000124
1705,96256,16.159318923950195,21,0.8875000000000124
1706,96256,42.93446350097656,48,0.8875000000000124
1707,96256,25.512590408325195,31,0.8875000000000124
1708,96256,106.17481994628906,112,0.8875000000000124
1709,96512,35.10253143310547,40,0.8872000000000124
1710,96512,26.537694931030273,31,0.8872000000000124
1711,96512,40.296875,45,0.8872000000000124
1712,96512,71.45040893554688,77,0.8872000000000124
1713,96512,40.494117736816406,46,0.8872000000000124
1714,96512,36.25748825073242,42,0.8872000000000124
1715,96768,34.08761978149414,40,0.8869000000000125
1716,96768,37.75491714477539,44,0.8869000000000125
1717,96768,35.179195404052734,40,0.8869000000000125
1718,96768,46.889678955078125,52,0.8869000000000125
1719,96768,32.807350158691406,38,0.8869000000000125
1720,96768,55.80119323730469,62,0.8869000000000125
1721,96768,31.713918685913086,37,0.8869000000000125
1722,97024,35.05714416503906,40,0.8866000000000125
1723,97024,24.26940155029297,29,0.8866000000000125
1724,97024,49.814186096191406,55,0.8866000000000125
1725,97024,17.94504165649414,23,0.8866000000000125
1726,97280,41.748905181884766,47,0.8863000000000125
1727,97280,85.94556427001953,91,0.8863000000000125
1728,97280,27.03696632385254,32,0.8863000000000125
1729,97280,30.694177627563477,36,0.8863000000000125
1730,97536,58.84807586669922,64,0.8860000000000126
1731,97536,73.77897644042969,79,0.8860000000000126
1732,97536,47.18361282348633,53,0.8860000000000126
1733,97536,40.487430572509766,46,0.8860000000000126
1734,97536,30.721492767333984,36,0.8860000000000126
1735,97792,24.080717086791992,30,0.8857000000000126
1736,97792,38.203582763671875,44,0.8857000000000126
1737,97792,62.21181869506836,67,0.8857000000000126
1738,97792,27.8255672454834,34,0.8857000000000126
1739,97792,60.300018310546875,66,0.8857000000000126
1740,97792,119.19841003417969,125,0.8857000000000126
1741,97792,20.95875358581543,26,0.8857000000000126
1742,98048,55.878170013427734,61,0.8854000000000126
1743,98048,49.3271598815918,54,0.8854000000000126
1744,98048,46.96086883544922,52,0.8854000000000126
1745,98048,77.81782531738281,83,0.8854000000000126
1746,98048,16.891332626342773,22,0.8854000000000126
1747,98048,29.42405128479004,35,0.8854000000000126
1748,98048,27.338796615600586,33,0.8854000000000126
1749,98048,29.116477966308594,34,0.8854000000000126
1750,98304,22.308212280273438,27,0.8851000000000127
1751,98304,22.214494705200195,27,0.8851000000000127
1752,98304,27.696895599365234,33,0.8851000000000127
1753,98304,77.07837677001953,82,0.8851000000000127
1754,98560,172.0665283203125,178,0.8848000000000127
1755,98560,125.13115692138672,131,0.8848000000000127
1756,98560,23.23224639892578,29,0.8848000000000127
1757,98560,55.844261169433594,61,0.8848000000000127
1758,98560,22.03506088256836,27,0.8848000000000127
1759,98560,50.09560775756836,55,0.8848000000000127
1760,98560,35.147789001464844,41,0.8848000000000127
1761,98560,23.65546417236328,29,0.8848000000000127
1762,98560,26.831449508666992,32,0.8848000000000127
1763,98816,41.01186752319336,47,0.8845000000000127
1764,98816,37.129207611083984,43,0.8845000000000127
1765,98816,35.586246490478516,41,0.8845000000000127
1766,98816,66.83982849121094,72,0.8845000000000127
1767,98816,16.182666778564453,21,0.8845000000000127
1768,98816,70.40292358398438,76,0.8845000000000127
1769,98816,29.67042350769043,35,0.8845000000000127
1770,99072,42.489646911621094,48,0.8842000000000128
1771,99072,24.030134201049805,29,0.8842000000000128
1772,99072,25.960893630981445,31,0.8842000000000128
1773,99072,32.857295989990234,38,0.8842000000000128
1774,99072,30.880165100097656,37,0.8842000000000128
1775,99072,35.567447662353516,41,0.8842000000000128
1776,99328,31.134742736816406,36,0.8839000000000128
1777,99328,22.42429542541504,28,0.8839000000000128
1778,99328,41.08171081542969,46,0.8839000000000128
1779,99328,34.010494232177734,39,0.8839000000000128
1780,99328,19.226381301879883,24,0.8839000000000128
1781,99584,42.65937805175781,48,0.8836000000000128
1782,99584,17.177101135253906,22,0.8836000000000128
1783,99584,39.6494140625,45,0.8836000000000128
1784,99584,36.7308464050293,43,0.8836000000000128
1785,99584,44.21897506713867,50,0.8836000000000128
1786,99584,38.594749450683594,44,0.8836000000000128
1787,99584,70.91707611083984,76,0.8836000000000128
1788,99584,50.78297805786133,56,0.8836000000000128
1789,99840,47.46430587768555,53,0.8833000000000129
1790,99840,99.761962890625,106,0.8833000000000129
1791,99840,46.4788818359375,52,0.8833000000000129
1792,100096,92.75591278076172,98,0.8830000000000129
1793,100096,44.02764892578125,49,0.8830000000000129
1794,100096,51.73301315307617,57,0.8830000000000129
1795,100096,37.11094665527344,43,0.8830000000000129
1796,100352,45.23356246948242,51,0.8827000000000129
1797,100352,40.855628967285156,47,0.8827000000000129
1798,100352,22.464914321899414,28,0.8827000000000129
1799,100352,86.24933624267578,92,0.8827000000000129
1800,100608,64.79781341552734,70,0.882400000000013
1801,100608,24.4051570892334,30,0.882400000000013
1802,100608,30.68236541748047,36,0.882400000000013
1803,100608,46.10576629638672,51,0.882400000000013
1804,100608,30.64603614807129,36,0.882400000000013
1805,100608,18.11932373046875,23,0.882400000000013
1806,100608,28.726985931396484,34,0.882400000000013
1807,100864,52.21218490600586,57,0.882100000000013
1808,100864,39.112281799316406,45,0.882100000000013
1809,100864,32.27287673950195,37,0.882100000000013
1810,101120,38.199066162109375,43,0.881800000000013
1811,101120,59.82271194458008,65,0.881800000000013
1812,101376,16.276662826538086,21,0.881500000000013
1813,101376,18.048446655273438,23,0.881500000000013
1814,101376,60.90221405029297,67,0.881500000000013
1815,101632,29.667055130004883,35,0.8812000000000131
1816,101632,56.51261520385742,62,0.8812000000000131
1817,101632,24.52528190612793,30,0.8812000000000131
1818,101632,45.275718688964844,52,0.8812000000000131
1819,101632,31.98755645751953,37,0.8812000000000131
1820,101888,27.73640251159668,33,0.8809000000000131
1821,101888,67.10950469970703,72,0.8809000000000131
1822,101888,55.24840545654297,61,0.8809000000000131
1823,101888,28.689453125,34,0.8809000000000131
1824,101888,21.48027801513672,27,0.8809000000000131
1825,101888,20.560665130615234,26,0.8809000000000131
1826,102144,17.238359451293945,22,0.8806000000000132
1827,102144,33.22804260253906,38,0.8806000000000132
1828,102144,17.167591094970703,22,0.8806000000000132
1829,102144,21.610763549804688,27,0.8806000000000132
1830,102400,31.42382049560547,37,0.8803000000000132
1831,102400,48.851436614990234,54,0.8803000000000132
1832,102400,31.73040199279785,37,0.8803000000000132
1833,102400,26.658010482788086,32,0.8803000000000132
1834,102400,31.887617111206055,37,0.8803000000000132
1835,102656,25.982696533203125,31,0.8800000000000132
1836,102656,52.877464294433594,58,0.8800000000000132
1837,102656,30.430728912353516,36,0.8800000000000132
1838,102656,61.07589340209961,66,0.8800000000000132
1839,102912,45.21923828125,51,0.8797000000000132
1840,102912,82.78190612792969,88,0.8797000000000132
1841,102912,38.148685455322266,44,0.8797000000000132
1842,102912,51.7892951965332,57,0.8797000000000132
1843,102912,27.780548095703125,33,0.8797000000000132
1844,103168,56.9080696105957,62,0.8794000000000133
1845,103168,25.398845672607422,31,0.8794000000000133
1846,103168,36.129486083984375,41,0.8794000000000133
1847,103168,50.01567840576172,56,0.8794000000000133
1848,103424,26.56755828857422,32,0.8791000000000133
1849,103424,38.45692825317383,43,0.8791000000000133
1850,103680,31.88558006286621,37,0.8788000000000133
1851,103680,44.95630645751953,50,0.8788000000000133
1852,103680,33.61197280883789,39,0.8788000000000133
1853,103680,103.20967102050781,108,0.8788000000000133
1854,103680,48.53339385986328,54,0.8788000000000133
1855,103680,45.119754791259766,51,0.8788000000000133
1856,103680,46.334041595458984,52,0.8788000000000133
1857,103936,46.257633209228516,51,0.8785000000000134
1858,103936,34.12480545043945,40,0.8785000000000134
1859,103936,33.28962326049805,38,0.8785000000000134
1860,103936,23.91613006591797,29,0.8785000000000134
1861,103936,15.242172241210938,20,0.8785000000000134
1862,103936,75.78286743164062,81,0.8785000000000134
1863,103936,24.517240524291992,30,0.8785000000000134
1864,103936,44.08082962036133,50,0.8785000000000134
1865,103936,31.684391021728516,37,0.8785000000000134
1866,103936,33.21102523803711,38,0.8785000000000134
1867,103936,31.209720611572266,36,0.8785000000000134
1868,103936,18.073909759521484,23,0.8785000000000134
1869,104192,56.02471160888672,61,0.8782000000000134
1870,104192,51.97473907470703,57,0.8782000000000134
1871,104192,29.818540573120117,35,0.8782000000000134
1872,104192,32.734920501708984,38,0.8782000000000134
1873,104192,42.85123825073242,48,0.8782000000000134
1874,104448,42.43894958496094,49,0.8779000000000134
1875,104448,32.78339385986328,38,0.8779000000000134
1876,104448,44.8909797668457,50,0.8779000000000134
1877,104448,69.4465103149414,75,0.8779000000000134
1878,104448,18.099998474121094,23,0.8779000000000134
1879,104448,41.611114501953125,47,0.8779000000000134
1880,104448,47.87694549560547,54,0.8779000000000134
1881,104448,18.21005630493164,23,0.8779000000000134
1882,104448,72.50222778320312,78,0.8779000000000134
1883,104448,60.86846160888672,66,0.8779000000000134
1884,104704,76.5146484375,83,0.8776000000000135
1885,104704,44.17095184326172,49,0.8776000000000135
1886,104704,27.409652709960938,32,0.8776000000000135
1887,104704,37.29700469970703,42,0.8776000000000135
1888,104704,37.39747619628906,43,0.8776000000000135
1889,104704,81.75421905517578,87,0.8776000000000135
1890,104704,61.25479507446289,67,0.8776000000000135
1891,104704,25.844913482666016,31,0.8776000000000135
1892,104704,29.650495529174805,35,0.8776000000000135
1893,104704,38.0728645324707,44,0.8776000000000135
1894,104960,32.3242301940918,38,0.8773000000000135
1895,104960,20.184154510498047,25,0.8773000000000135
1896,104960,40.91716384887695,46,0.8773000000000135
1897,104960,77.36962127685547,83,0.8773000000000135
1898,105216,42.373477935791016,47,0.8770000000000135
1899,105216,22.08108139038086,27,0.8770000000000135
1900,105216,41.41489028930664,47,0.8770000000000135
1901,105216,23.186338424682617,28,0.8770000000000135
1902,105216,25.481201171875,31,0.8770000000000135
1903,105472,21.035507202148438,26,0.8767000000000136
1904,105472,17.862857818603516,23,0.8767000000000136
1905,105472,20.98595428466797,26,0.8767000000000136
1906,105728,29.111133575439453,35,0.8764000000000136
1907,105728,49.630455017089844,55,0.8764000000000136
1908,105728,63.843055725097656,69,0.8764000000000136
1909,105728,25.644784927368164,31,0.8764000000000136
1910,105728,38.283573150634766,44,0.8764000000000136
1911,105728,27.1450138092041,32,0.8764000000000136
1912,105984,29.32425308227539,34,0.8761000000000136
1913,105984,60.94681930541992,66,0.8761000000000136
1914,105984,45.264617919921875,51,0.8761000000000136
1915,105984,50.14480209350586,56,0.8761000000000136
1916,105984,39.936363220214844,46,0.8761000000000136
1917,105984,20.100635528564453,25,0.8761000000000136
1918,105984,51.77008056640625,57,0.8761000000000136
1919,105984,24.13924217224121,29,0.8761000000000136
1920,105984,55.15846252441406,60,0.8761000000000136
1921,106240,36.193546295166016,41,0.8758000000000137
1922,106240,57.32102966308594,63,0.8758000000000137
1923,106240,33.82551956176758,40,0.8758000000000137
1924,106240,20.79204750061035,26,0.8758000000000137
1925,106240,31.876934051513672,37,0.8758000000000137
1926,106240,46.973388671875,52,0.8758000000000137
1927,106240,117.29898071289062,123,0.8758000000000137
1928,106496,34.687007904052734,40,0.8755000000000137
1929,106496,90.98333740234375,97,0.8755000000000137
1930,106496,29.71458625793457,35,0.8755000000000137
1931,106496,34.647926330566406,40,0.8755000000000137
1932,106752,26.708749771118164,31,0.8752000000000137
1933,106752,22.50293731689453,27,0.8752000000000137
1934,107008,59.24993896484375,65,0.8749000000000138
1935,107008,39.465431213378906,45,0.8749000000000138
1936,107008,28.838096618652344,34,0.8749000000000138
1937,107264,92.6887435913086,98,0.8746000000000138
1938,107264,32.09096908569336,37,0.8746000000000138
1939,107264,29.72984504699707,35,0.8746000000000138
1940,107264,47.506492614746094,53,0.8746000000000138
1941,107520,38.057437896728516,43,0.8743000000000138
1942,107520,42.07926940917969,47,0.8743000000000138
1943,107520,56.679325103759766,62,0.8743000000000138
1944,107520,45.203102111816406,51,0.8743000000000138
1945,107520,54.26093292236328,59,0.8743000000000138
1946,107776,47.562198638916016,53,0.8740000000000139
1947,107776,26.41088104248047,32,0.8740000000000139
1948,107776,21.89972686767578,27,0.8740000000000139
1949,107776,34.59135818481445,40,0.8740000000000139
1950,107776,19.264415740966797,24,0.8740000000000139
1951,107776,26.72615623474121,32,0.8740000000000139
1952,107776,99.57714080810547,105,0.8740000000000139
1953,108032,38.18490219116211,44,0.8737000000000139
1954,108032,36.34034729003906,42,0.8737000000000139
1955,108032,90.80210876464844,96,0.8737000000000139
1956,108032,43.060420989990234,50,0.8737000000000139
1957,108288,42.547218322753906,48,0.8734000000000139
1958,108288,158.10630798339844,164,0.8734000000000139
1959,108288,58.463443756103516,64,0.8734000000000139
1960,108544,35.87104034423828,41,0.873100000000014
1961,108544,59.00062561035156,65,0.873100000000014
1962,108800,38.204959869384766,43,0.872800000000014
1963,108800,27.377708435058594,32,0.872800000000014
1964,109056,61.79853820800781,67,0.872500000000014
1965,109056,19.81280517578125,25,0.872500000000014
1966,109056,28.197166442871094,33,0.872500000000014
1967,109056,39.51660919189453,45,0.872500000000014
1968,109056,39.97111511230469,46,0.872500000000014
1969,109056,57.69548034667969,63,0.872500000000014
1970,109056,33.1368293762207,38,0.872500000000014
1971,109312,21.868898391723633,27,0.8722000000000141
1972,109312,16.98541259765625,22,0.8722000000000141
1973,109312,17.479772567749023,22,0.8722000000000141
1974,109312,14.242063522338867,19,0.8722000000000141
1975,109312,60.359493255615234,66,0.8722000000000141
1976,109568,29.006967544555664,34,0.8719000000000141
1977,109568,23.784561157226562,29,0.8719000000000141
1978,109568,39.41185760498047,45,0.8719000000000141
1979,109568,33.85481643676758,39,0.8719000000000141
1980,109824,32.640586853027344,38,0.8716000000000141
1981,109824,23.81012535095215,29,0.8716000000000141
1982,109824,87.67678833007812,93,0.8716000000000141
1983,109824,43.00183868408203,48,0.8716000000000141
1984,109824,39.08638000488281,44,0.8716000000000141
1985,109824,32.79743194580078,38,0.8716000000000141
1986,109824,20.8392391204834,26,0.8716000000000141
1987,109824,31.96872329711914,37,0.8716000000000141
1988,109824,22.508750915527344,28,0.8716000000000141
1989,110080,56.748348236083984,62,0.8713000000000142
1990,110080,134.423828125,140,0.8713000000000142
1991,110080,56.162269592285156,61,0.8713000000000142
1992,110336,65.7637710571289,71,0.8710000000000142
1993,110336,21.61488151550293,27,0.8710000000000142
1994,110336,42.368743896484375,47,0.8710000000000142
1995,110336,40.69477844238281,46,0.8710000000000142
1996,110336,16.90676498413086,22,0.8710000000000142
1997,110336,40.785743713378906,46,0.8710000000000142
1998,110592,74.686767578125,81,0.8707000000000142
1999,110592,81.1858901977539,87,0.8707000000000142
2000,110848,26.102794647216797,31,0.8704000000000143
2001,110848,32.80421829223633,38,0.8704000000000143
2002,110848,45.027313232421875,51,0.8704000000000143
2003,110848,29.922836303710938,35,0.8704000000000143
2004,110848,49.12350845336914,54,0.8704000000000143
2005,110848,19.132984161376953,24,0.8704000000000143
2006,110848,32.12568664550781,38,0.8704000000000143
2007,110848,20.967317581176758,26,0.8704000000000143
2008,110848,69.96243286132812,75,0.8704000000000143
2009,111104,53.64836120605469,59,0.8701000000000143
2010,111104,37.803184509277344,43,0.8701000000000143
2011,111104,21.465696334838867,27,0.8701000000000143
2012,111104,22.916828155517578,28,0.8701000000000143
2013,111360,40.27474594116211,45,0.8698000000000143
2014,111360,23.56123161315918,29,0.8698000000000143
2015,111360,53.63710403442383,59,0.8698000000000143
2016,111360,21.993555068969727,27,0.8698000000000143
2017,111360,51.227603912353516,56,0.8698000000000143
2018,111360,29.280136108398438,34,0.8698000000000143
2019,111360,28.17816734313965,33,0.8698000000000143
2020,111360,22.141515731811523,27,0.8698000000000143
2021,111360,36.70143508911133,42,0.8698000000000143
2022,111360,36.320228576660156,41,0.8698000000000143
2023,111360,22.120712280273438,27,0.8698000000000143
2024,111360,21.04763412475586,26,0.8698000000000143
2025,111616,30.5291805267334,36,0.8695000000000144
2026,111616,22.742826461791992,28,0.8695000000000144
2027,111616,87.2735595703125,92,0.8695000000000144
2028,111616,71.33734130859375,76,0.8695000000000144
2029,111616,31.151477813720703,36,0.8695000000000144
2030,111872,44.38922119140625,50,0.8692000000000144
2031,111872,30.323331832885742,35,0.8692000000000144
2032,111872,26.562055587768555,31,0.8692000000000144
2033,111872,50.07401657104492,55,0.8692000000000144
2034,111872,18.095857620239258,23,0.8692000000000144
2035,111872,54.22929763793945,59,0.8692000000000144
2036,111872,34.33155822753906,39,0.8692000000000144
2037,111872,36.16019821166992,41,0.8692000000000144
2038,112128,28.28084945678711,33,0.8689000000000144
2039,112128,41.237335205078125,46,0.8689000000000144
2040,112128,19.36885643005371,24,0.8689000000000144
2041,112128,50.026920318603516,55,0.8689000000000144
2042,112128,28.09712791442871,33,0.8689000000000144
2043,112128,173.75137329101562,179,0.8689000000000144
2044,112384,36.763832092285156,43,0.8686000000000145
2045,112384,51.40547180175781,56,0.8686000000000145
2046,112384,17.045480728149414,22,0.8686000000000145
2047,112384,20.096271514892578,25,0.8686000000000145
2048,112384,67.32544708251953,72,0.8686000000000145
2049,112640,25.63437843322754,31,0.8683000000000145
2050,112640,21.783315658569336,27,0.8683000000000145
2051,112640,46.423561096191406,52,0.8683000000000145
2052,112640,119.58619689941406,125,0.8683000000000145
2053,112640,52.84251022338867,58,0.8683000000000145
2054,112896,36.858192443847656,42,0.8680000000000145
2055,112896,65.62664031982422,71,0.8680000000000145
2056,112896,56.22463607788086,62,0.8680000000000145
2057,112896,48.23506164550781,54,0.8680000000000145
2058,112896,29.717844009399414,35,0.8680000000000145
2059,112896,79.23562622070312,85,0.8680000000000145
2060,113152,73.108642578125,78,0.8677000000000146
2061,113152,48.12278366088867,53,0.8677000000000146
2062,113152,27.224979400634766,33,0.8677000000000146
2063,113152,73.98697662353516,79,0.8677000000000146
2064,113152,91.87564849853516,97,0.8677000000000146
2065,113152,17.296409606933594,22,0.8677000000000146
2066,113152,52.097599029541016,57,0.8677000000000146
2067,113152,39.60984802246094,45,0.8677000000000146
2068,113408,54.40833282470703,60,0.8674000000000146
2069,113408,28.862314224243164,34,0.8674000000000146
2070,113408,36.14712905883789,41,0.8674000000000146
2071,113408,69.1111831665039,74,0.8674000000000146
2072,113408,58.175724029541016,64,0.8674000000000146
2073,113408,51.61664581298828,57,0.8674000000000146
2074,113408,47.75176239013672,53,0.8674000000000146
2075,113408,50.359344482421875,57,0.8674000000000146
2076,113664,31.015501022338867,36,0.8671000000000146
2077,113664,27.830768585205078,33,0.8671000000000146
2078,113664,33.24708938598633,39,0.8671000000000146
2079,113664,61.212589263916016,66,0.8671000000000146
2080,113664,18.39670753479004,23,0.8671000000000146
2081,113920,89.1782455444336,94,0.8668000000000147
2082,113920,24.55057716369629,30,0.8668000000000147
2083,114176,49.17771530151367,54,0.8665000000000147
2084,114176,65.44984436035156,70,0.8665000000000147
2085,114176,42.042823791503906,47,0.8665000000000147
2086,114176,25.81610870361328,31,0.8665000000000147
2087,114176,34.71380615234375,40,0.8665000000000147
2088,114176,31.432085037231445,36,0.8665000000000147
2089,114432,93.27933502197266,98,0.8662000000000147
2090,114432,30.59490966796875,36,0.8662000000000147
2091,114432,38.5903434753418,44,0.8662000000000147
2092,114432,23.0312442779541,28,0.8662000000000147
2093,114688,30.974628448486328,36,0.8659000000000148
2094,114688,29.059490203857422,35,0.8659000000000148
2095,114688,65.38152313232422,70,0.8659000000000148
2096,114688,36.69764709472656,42,0.8659000000000148
2097,114944,55.26322555541992,61,0.8656000000000148
2098,114944,75.61474609375,81,0.8656000000000148
2099,115200,35.82832336425781,42,0.8653000000000148
2100,115200,58.26615905761719,64,0.8653000000000148
2101,115200,36.010562896728516,41,0.8653000000000148
2102,115200,25.933744430541992,31,0.8653000000000148
2103,115200,35.88681411743164,41,0.8653000000000148
2104,115200,38.054901123046875,44,0.8653000000000148
2105,115200,60.307701110839844,65,0.8653000000000148
2106,115200,42.95462417602539,48,0.8653000000000148
2107,115200,31.106338500976562,36,0.8653000000000148
2108,115456,38.98863983154297,44,0.8650000000000149
2109,115456,58.44859313964844,64,0.8650000000000149
2110,115456,39.32231521606445,44,0.8650000000000149
2111,115712,135.36526489257812,141,0.8647000000000149
2112,115712,36.646785736083984,42,0.8647000000000149
2113,115712,132.9797821044922,140,0.8647000000000149
2114,115712,31.04430389404297,36,0.8647000000000149
2115,115712,19.423913955688477,24,0.8647000000000149
2116,115712,21.242870330810547,26,0.8647000000000149
2117,115968,13.298234939575195,18,0.8644000000000149
2118,116224,30.676362991333008,36,0.864100000000015
2119,116224,23.738059997558594,29,0.864100000000015
2120,116480,48.80275344848633,55,0.863800000000015
2121,116480,38.3698616027832,44,0.863800000000015
2122,116480,36.211238861083984,41,0.863800000000015
2123,116480,32.387351989746094,39,0.863800000000015
2124,116480,61.43454360961914,66,0.863800000000015
2125,116736,53.01996612548828,58,0.863500000000015
2126,116736,41.281707763671875,47,0.863500000000015
2127,116736,41.24445724487305,46,0.863500000000015
2128,116736,28.615406036376953,34,0.863500000000015
2129,116736,24.053255081176758,29,0.863500000000015
2130,116736,30.408885955810547,35,0.863500000000015
2131,116992,58.37742233276367,64,0.8632000000000151
2132,116992,55.77055740356445,61,0.8632000000000151
2133,116992,45.386661529541016,51,0.8632000000000151
2134,116992,17.57377815246582,22,0.8632000000000151
2135,116992,31.14422035217285,36,0.8632000000000151
2136,117248,31.634113311767578,37,0.8629000000000151
2137,117248,42.492576599121094,49,0.8629000000000151
2138,117248,38.35601806640625,44,0.8629000000000151
2139,117248,17.311962127685547,22,0.8629000000000151
2140,117248,40.85102081298828,47,0.8629000000000151
2141,117248,45.479732513427734,51,0.8629000000000151
2142,117248,55.669654846191406,61,0.8629000000000151
2143,117504,52.822940826416016,58,0.8626000000000151
2144,117504,54.93626022338867,61,0.8626000000000151
2145,117504,32.361045837402344,38,0.8626000000000151
2146,117504,21.16895866394043,26,0.8626000000000151
2147,117504,54.904537200927734,60,0.8626000000000151
2148,117504,48.896759033203125,54,0.8626000000000151
2149,117504,33.45322036743164,38,0.8626000000000151
2150,117504,65.01604461669922,71,0.8626000000000151
2151,117760,18.164653778076172,23,0.8623000000000152
2152,117760,20.1176700592041,25,0.8623000000000152
2153,117760,94.0770492553711,99,0.8623000000000152
2154,117760,41.91668701171875,47,0.8623000000000152
2155,117760,21.96844482421875,27,0.8623000000000152
2156,117760,25.61465072631836,31,0.8623000000000152
2157,117760,41.57714080810547,48,0.8623000000000152
2158,117760,20.091651916503906,25,0.8623000000000152
2159,118016,36.179100036621094,41,0.8620000000000152
2160,118016,52.559478759765625,58,0.8620000000000152
2161,118016,41.041133880615234,46,0.8620000000000152
2162,118272,21.9139404296875,27,0.8617000000000152
2163,118272,20.929954528808594,26,0.8617000000000152
2164,118272,19.983060836791992,25,0.8617000000000152
2165,118272,86.87556457519531,92,0.8617000000000152
2166,118272,23.695894241333008,29,0.8617000000000152
2167,118528,22.07272720336914,27,0.8614000000000153
2168,118528,43.128692626953125,48,0.8614000000000153
2169,118528,134.09048461914062,139,0.8614000000000153
2170,118528,31.463687896728516,37,0.8614000000000153
2171,118528,24.054645538330078,29,0.8614000000000153
2172,118528,18.868356704711914,24,0.8614000000000153
2173,118528,32.007476806640625,37,0.8614000000000153
2174,118528,60.257530212402344,65,0.8614000000000153
2175,118528,50.33156204223633,57,0.8614000000000153
2176,118784,249.73695373535156,255,0.8611000000000153
2177,118784,99.06808471679688,104,0.8611000000000153
2178,118784,43.90814208984375,49,0.8611000000000153
2179,118784,39.09010696411133,44,0.8611000000000153
2180,118784,27.701303482055664,33,0.8611000000000153
2181,118784,42.583282470703125,49,0.8611000000000153
2182,118784,31.066362380981445,36,0.8611000000000153
2183,119040,38.23447799682617,43,0.8608000000000153
2184,119040,30.83173179626465,36,0.8608000000000153
2185,119040,35.996707916259766,41,0.8608000000000153
2186,119296,34.128604888916016,40,0.8605000000000154
2187,119296,24.210262298583984,29,0.8605000000000154
2188,119296,16.534482955932617,21,0.8605000000000154
2189,119552,29.70267105102539,35,0.8602000000000154
2190,119552,79.57759094238281,85,0.8602000000000154
2191,119552,39.03116989135742,44,0.8602000000000154
2192,119552,33.21607971191406,38,0.8602000000000154
2193,119552,39.786006927490234,45,0.8602000000000154
2194,119552,68.80209350585938,74,0.8602000000000154
2195,119552,20.74356460571289,26,0.8602000000000154
2196,119552,31.9294376373291,37,0.8602000000000154
2197,119552,55.43476104736328,61,0.8602000000000154
2198,119808,27.624324798583984,33,0.8599000000000154
2199,120064,38.0019416809082,43,0.8596000000000155
2200,120064,29.36067008972168,34,0.8596000000000155
2201,120064,29.114635467529297,34,0.8596000000000155
2202,120320,23.723392486572266,29,0.8593000000000155
2203,120320,37.216678619384766,43,0.8593000000000155
2204,120320,27.074275970458984,32,0.8593000000000155
2205,120320,47.5195426940918,53,0.8593000000000155
2206,120320,56.039207458496094,62,0.8593000000000155
2207,120576,21.836715698242188,27,0.8590000000000155
2208,120576,43.397743225097656,50,0.8590000000000155
2209,120576,32.624610900878906,38,0.8590000000000155
2210,120576,30.785371780395508,37,0.8590000000000155
2211,120576,30.966772079467773,37,0.8590000000000155
2212,120576,28.75154685974121,34,0.8590000000000155
2213,120576,59.746707916259766,65,0.8590000000000155
2214,120832,78.5108413696289,85,0.8587000000000156
2215,120832,54.53776550292969,59,0.8587000000000156
2216,120832,26.824010848999023,32,0.8587000000000156
2217,120832,24.339765548706055,29,0.8587000000000156
2218,120832,13.334390640258789,18,0.8587000000000156
2219,120832,17.476152420043945,22,0.8587000000000156
2220,120832,52.561424255371094,58,0.8587000000000156
2221,120832,21.060352325439453,26,0.8587000000000156
2222,120832,38.0240592956543,43,0.8587000000000156
2223,121088,30.852672576904297,36,0.8584000000000156
2224,121088,38.23387145996094,44,0.8584000000000156
2225,121088,41.286624908447266,46,0.8584000000000156
2226,121088,52.84577941894531,58,0.8584000000000156
2227,121344,31.98948097229004,37,0.8581000000000156
2228,121344,75.91459655761719,82,0.8581000000000156
2229,121344,27.06427574157715,32,0.8581000000000156
2230,121600,37.17509460449219,43,0.8578000000000157
2231,121600,30.218273162841797,35,0.8578000000000157
2232,121600,46.99944305419922,52,0.8578000000000157
2233,121600,100.9170913696289,106,0.8578000000000157
2234,121600,29.289283752441406,34,0.8578000000000157
2235,121600,66.91227722167969,72,0.8578000000000157
2236,121600,66.34496307373047,71,0.8578000000000157
2237,121600,37.03923416137695,42,0.8578000000000157
2238,121856,21.397008895874023,26,0.8575000000000157
2239,121856,19.135923385620117,24,0.8575000000000157
2240,121856,28.528337478637695,33,0.8575000000000157
2241,121856,24.3492488861084,29,0.8575000000000157
2242,121856,65.79669189453125,71,0.8575000000000157
2243,121856,14.366236686706543,19,0.8575000000000157
2244,122112,139.01394653320312,145,0.8572000000000157
2245,122112,28.262859344482422,34,0.8572000000000157
2246,122112,18.60594940185547,23,0.8572000000000157
2247,122112,112.31641387939453,118,0.8572000000000157
2248,122112,36.77037048339844,42,0.8572000000000157
2249,122112,33.91172790527344,39,0.8572000000000157
2250,122112,25.522354125976562,31,0.8572000000000157
2251,122368,52.8164176940918,58,0.8569000000000158
2252,122624,45.97065734863281,51,0.8566000000000158
2253,122624,42.28407669067383,48,0.8566000000000158
2254,122624,16.381195068359375,21,0.8566000000000158
2255,122624,75.95391845703125,82,0.8566000000000158
2256,122624,30.453441619873047,35,0.8566000000000158
2257,122624,37.425785064697266,42,0.8566000000000158
2258,122880,28.45828628540039,34,0.8563000000000158
2259,122880,92.33352661132812,97,0.8563000000000158
2260,122880,45.68566131591797,51,0.8563000000000158
2261,122880,29.701065063476562,35,0.8563000000000158
2262,122880,59.149879455566406,64,0.8563000000000158
2263,122880,56.28880310058594,61,0.8563000000000158
2264,122880,39.69253158569336,45,0.8563000000000158
2265,122880,49.191741943359375,54,0.8563000000000158
2266,122880,33.27286911010742,39,0.8563000000000158
2267,123136,26.384666442871094,31,0.8560000000000159
2268,123136,16.156713485717773,21,0.8560000000000159
2269,123136,88.37100982666016,94,0.8560000000000159
2270,123136,37.59022521972656,43,0.8560000000000159
2271,123136,37.39850997924805,43,0.8560000000000159
2272,123392,50.92164993286133,56,0.8557000000000159
2273,123392,63.77811050415039,69,0.8557000000000159
2274,123392,21.279644012451172,26,0.8557000000000159
2275,123648,41.644371032714844,47,0.8554000000000159
2276,123648,63.65879821777344,69,0.8554000000000159
2277,123648,28.268266677856445,33,0.8554000000000159
2278,123648,26.35164451599121,31,0.8554000000000159
2279,123648,70.12928771972656,75,0.8554000000000159
2280,123648,34.52093505859375,39,0.8554000000000159
2281,123904,45.804073333740234,51,0.855100000000016
2282,123904,26.013687133789062,32,0.855100000000016
2283,124160,32.960899353027344,38,0.854800000000016
2284,124160,30.971538543701172,36,0.854800000000016
2285,124160,19.163902282714844,24,0.854800000000016
2286,124160,67.87818145751953,73,0.854800000000016
2287,124160,60.22408676147461,65,0.854800000000016
2288,124160,49.0536994934082,55,0.854800000000016
2289,124160,52.021427154541016,58,0.854800000000016
2290,124416,57.74342346191406,63,0.854500000000016
2291,124416,47.06064224243164,53,0.854500000000016
2292,124416,41.054569244384766,46,0.854500000000016
2293,124672,93.16392517089844,99,0.8542000000000161
2294,124672,35.899173736572266,41,0.8542000000000161
2295,124672,32.58053207397461,38,0.8542000000000161
2296,124672,39.6986198425293,45,0.8542000000000161
2297,124672,29.620304107666016,35,0.8542000000000161
2298,124672,53.74100875854492,59,0.8542000000000161
2299,124928,39.75148010253906,46,0.8539000000000161
2300,124928,54.33185958862305,59,0.8539000000000161
2301,124928,111.19340515136719,116,0.8539000000000161
2302,124928,43.54712677001953,49,0.8539000000000161
2303,124928,32.39740753173828,37,0.8539000000000161
2304,124928,26.9741268157959,32,0.8539000000000161
2305,124928,40.79850387573242,46,0.8539000000000161
2306,124928,35.61932373046875,40,0.8539000000000161
2307,124928,43.18146514892578,49,0.8539000000000161
2308,124928,31.362285614013672,36,0.8539000000000161
2309,125184,179.26487731933594,185,0.8536000000000161
2310,125184,17.051734924316406,22,0.8536000000000161
2311,125440,13.340991973876953,18,0.8533000000000162
2312,125440,14.497325897216797,19,0.8533000000000162
2313,125440,22.741029739379883,28,0.8533000000000162
2314,125440,68.88754272460938,74,0.8533000000000162
2315,125440,42.06032943725586,47,0.8533000000000162
2316,125440,26.15040397644043,31,0.8533000000000162
2317,125696,38.31342697143555,43,0.8530000000000162
2318,125696,54.21668243408203,60,0.8530000000000162
2319,125696,23.484270095825195,28,0.8530000000000162
2320,125696,31.199657440185547,36,0.8530000000000162
2321,125696,23.963720321655273,29,0.8530000000000162
2322,125696,27.68405532836914,33,0.8530000000000162
2323,125696,26.884746551513672,32,0.8530000000000162
2324,125952,44.4354248046875,50,0.8527000000000162
2325,125952,30.177030563354492,35,0.8527000000000162
2326,125952,95.48371887207031,101,0.8527000000000162
2327,125952,37.193824768066406,42,0.8527000000000162
2328,125952,16.220056533813477,21,0.8527000000000162
2329,125952,23.13340950012207,28,0.8527000000000162
2330,126208,29.276859283447266,34,0.8524000000000163
2331,126208,52.73969650268555,58,0.8524000000000163
2332,126208,53.84804916381836,59,0.8524000000000163
2333,126208,29.417245864868164,35,0.8524000000000163
2334,126208,27.72163963317871,33,0.8524000000000163
2335,126464,36.84685134887695,41,0.8521000000000163
2336,126464,24.5568904876709,29,0.8521000000000163
2337,126464,26.818378448486328,32,0.8521000000000163
2338,126464,43.18178176879883,48,0.8521000000000163
2339,126720,27.335994720458984,33,0.8518000000000163
2340,126720,30.767793655395508,36,0.8518000000000163
2341,126720,51.35856628417969,56,0.8518000000000163
2342,126976,27.877986907958984,33,0.8515000000000164
2343,126976,68.7004623413086,74,0.8515000000000164
2344,126976,52.03525924682617,58,0.8515000000000164
2345,126976,85.08650207519531,90,0.8515000000000164
2346,126976,28.180355072021484,33,0.8515000000000164
2347,126976,18.943201065063477,24,0.8515000000000164
2348,126976,24.311697006225586,29,0.8515000000000164
2349,126976,51.06401443481445,56,0.8515000000000164
2350,127232,37.460472106933594,42,0.8512000000000164
2351,127232,33.35466766357422,39,0.8512000000000164
2352,127232,79.35781860351562,84,0.8512000000000164
2353,127232,73.92696380615234,79,0.8512000000000164
2354,127232,22.375141143798828,28,0.8512000000000164
2355,127232,49.838436126708984,55,0.8512000000000164
2356,127232,36.0499267578125,41,0.8512000000000164
2357,127232,64.42352294921875,70,0.8512000000000164
2358,127232,31.941181182861328,37,0.8512000000000164
2359,127488,81.9219741821289,87,0.8509000000000164
2360,127488,49.10430908203125,55,0.8509000000000164
2361,127488,49.24520492553711,54,0.8509000000000164
2362,127488,42.46376419067383,48,0.8509000000000164
2363,127488,37.945858001708984,43,0.8509000000000164
2364,127744,55.503116607666016,60,0.8506000000000165
2365,127744,14.563977241516113,19,0.8506000000000165
2366,127744,31.122953414916992,36,0.8506000000000165
2367,128000,52.134979248046875,57,0.8503000000000165
2368,128000,30.69292640686035,36,0.8503000000000165
2369,128000,25.23981475830078,30,0.8503000000000165
2370,128000,64.3211898803711,69,0.8503000000000165
2371,128000,18.876981735229492,24,0.8503000000000165
2372,128000,21.270626068115234,26,0.8503000000000165
2373,128000,37.143585205078125,42,0.8503000000000165
2374,128256,37.31385040283203,43,0.8500000000000165
2375,128256,21.02895164489746,26,0.8500000000000165
2376,128256,36.90068054199219,42,0.8500000000000165
2377,128256,48.21599197387695,53,0.8500000000000165
2378,128256,48.645408630371094,54,0.8500000000000165
2379,128512,23.879226684570312,29,0.8497000000000166
2380,128512,89.16282653808594,94,0.8497000000000166
2381,128512,98.01422119140625,105,0.8497000000000166
2382,128512,57.2581787109375,62,0.8497000000000166
2383,128512,50.473575592041016,56,0.8497000000000166
2384,128512,58.46072769165039,64,0.8497000000000166
2385,128768,16.362878799438477,21,0.8494000000000166
2386,128768,24.358169555664062,29,0.8494000000000166
2387,128768,17.108976364135742,22,0.8494000000000166
2388,128768,30.793251037597656,36,0.8494000000000166
2389,128768,66.69133758544922,72,0.8494000000000166
2390,128768,56.287845611572266,61,0.8494000000000166
2391,128768,28.456336975097656,33,0.8494000000000166
2392,128768,37.18877410888672,42,0.8494000000000166
2393,129024,31.95657730102539,38,0.8491000000000166
2394,129024,30.83426284790039,36,0.8491000000000166
2395,129024,43.466861724853516,48,0.8491000000000166
2396,129280,27.45673370361328,33,0.8488000000000167
2397,129280,42.410396575927734,47,0.8488000000000167
2398,129280,63.74388122558594,69,0.8488000000000167
2399,129280,22.815858840942383,28,0.8488000000000167
2400,129536,26.323976516723633,31,0.8485000000000167
2401,129536,14.445891380310059,19,0.8485000000000167
2402,129536,43.69773864746094,49,0.8485000000000167
2403,129536,71.35504913330078,76,0.8485000000000167
2404,129536,39.91625213623047,45,0.8485000000000167
2405,129536,44.54494857788086,49,0.8485000000000167
2406,129536,25.280139923095703,30,0.8485000000000167
2407,129792,29.947816848754883,35,0.8482000000000167
2408,129792,51.35166931152344,57,0.8482000000000167
2409,129792,35.4767951965332,40,0.8482000000000167
2410,129792,64.34320068359375,70,0.8482000000000167
2411,130048,69.71693420410156,75,0.8479000000000168
2412,130048,55.662925720214844,61,0.8479000000000168
2413,130048,25.81964683532715,31,0.8479000000000168
2414,130048,40.3656005859375,45,0.8479000000000168
2415,130048,92.76002502441406,98,0.8479000000000168
2416,130048,31.919580459594727,37,0.8479000000000168
2417,130304,29.073345184326172,34,0.8476000000000168
2418,130304,40.58235168457031,46,0.8476000000000168
2419,130304,53.87519836425781,59,0.8476000000000168
2420,130304,60.92471694946289,66,0.8476000000000168
2421,130304,61.947120666503906,68,0.8476000000000168
2422,130560,27.689435958862305,33,0.8473000000000168
2423,130560,80.10955047607422,85,0.8473000000000168
2424,130560,90.1080093383789,96,0.8473000000000168
2425,130560,69.87387084960938,75,0.8473000000000168
2426,130816,22.796659469604492,28,0.8470000000000169
2427,130816,50.83307647705078,56,0.8470000000000169
2428,130816,72.92767333984375,78,0.8470000000000169
2429,130816,26.92501449584961,32,0.8470000000000169
2430,130816,77.00448608398438,82,0.8470000000000169
2431,131072,30.668315887451172,35,0.8467000000000169
2432,131072,108.67189025878906,114,0.8467000000000169
2433,131328,197.44622802734375,203,0.8464000000000169
2434,131328,18.246883392333984,23,0.8464000000000169
2435,131328,35.09058380126953,40,0.8464000000000169
2436,131328,36.06647872924805,41,0.8464000000000169
2437,131328,22.32288360595703,28,0.8464000000000169
2438,131328,120.92109680175781,126,0.8464000000000169
2439,131328,53.17286682128906,58,0.8464000000000169
2440,131584,50.08115005493164,55,0.846100000000017
2441,131584,20.87932014465332,26,0.846100000000017
2442,131584,35.12761688232422,40,0.846100000000017
2443,131584,48.06292724609375,54,0.846100000000017
2444,131584,28.092159271240234,34,0.846100000000017
2445,131584,42.842689514160156,48,0.846100000000017
2446,131584,38.577571868896484,44,0.846100000000017
2447,131840,29.9782772064209,35,0.845800000000017
2448,131840,45.11041259765625,50,0.845800000000017
2449,131840,46.265037536621094,51,0.845800000000017
2450,131840,34.70139694213867,40,0.845800000000017
2451,131840,27.16820526123047,32,0.845800000000017
2452,131840,45.65298843383789,51,0.845800000000017
2453,132096,11.439255714416504,16,0.845500000000017
2454,132096,33.847511291503906,39,0.845500000000017
2455,132096,30.625364303588867,36,0.845500000000017
2456,132096,35.53227996826172,41,0.845500000000017
2457,132096,30.294118881225586,35,0.845500000000017
2458,132096,28.263702392578125,33,0.845500000000017
2459,132352,26.890966415405273,32,0.845200000000017
2460,132352,18.02435302734375,23,0.845200000000017
2461,132608,26.664669036865234,32,0.8449000000000171
2462,132608,135.3463592529297,141,0.8449000000000171
2463,132608,18.67289161682129,23,0.8449000000000171
2464,132608,61.668548583984375,67,0.8449000000000171
2465,132608,49.319786071777344,54,0.8449000000000171
2466,132608,40.72744369506836,46,0.8449000000000171
2467,132864,37.019798278808594,42,0.8446000000000171
2468,132864,50.965087890625,56,0.8446000000000171
2469,132864,24.155466079711914,29,0.8446000000000171
2470,132864,26.428848266601562,32,0.8446000000000171
2471,133120,39.4815788269043,44,0.8443000000000171
2472,133120,47.853965759277344,53,0.8443000000000171
2473,133120,63.84844207763672,69,0.8443000000000171
2474,133120,43.5948371887207,49,0.8443000000000171
2475,133120,46.84370803833008,53,0.8443000000000171
2476,133120,39.615013122558594,44,0.8443000000000171
2477,133120,18.596981048583984,23,0.8443000000000171
2478,133376,86.70795440673828,92,0.8440000000000172
2479,133376,24.463760375976562,29,0.8440000000000172
2480,133376,40.442237854003906,46,0.8440000000000172
2481,133376,14.471139907836914,19,0.8440000000000172
2482,133376,23.79259490966797,29,0.8440000000000172
2483,133376,31.683366775512695,38,0.8440000000000172
2484,133376,46.71422576904297,52,0.8440000000000172
2485,133376,32.06870651245117,38,0.8440000000000172
2486,133376,65.42674255371094,71,0.8440000000000172
2487,133376,49.36651611328125,54,0.8440000000000172
2488,133376,28.118745803833008,33,0.8440000000000172
2489,133376,37.011634826660156,42,0.8440000000000172
2490,133376,46.27506637573242,52,0.8440000000000172
2491,133632,34.8851203918457,40,0.8437000000000172
2492,133632,29.452016830444336,34,0.8437000000000172
2493,133632,14.560420989990234,19,0.8437000000000172
2494,133632,24.633201599121094,30,0.8437000000000172
2495,133888,28.42140007019043,33,0.8434000000000172
2496,133888,46.98725509643555,52,0.8434000000000172
2497,133888,76.53439331054688,82,0.8434000000000172
2498,134144,21.052879333496094,26,0.8431000000000173
2499,134144,58.23432159423828,64,0.8431000000000173
2500,134144,34.25669860839844,40,0.8431000000000173
2501,134144,55.14604187011719,60,0.8431000000000173
2502,134144,125.56951904296875,131,0.8431000000000173
2503,134400,43.537864685058594,49,0.8428000000000173
2504,134400,64.1058120727539,69,0.8428000000000173
2505,134400,30.139751434326172,35,0.8428000000000173
2506,134400,95.78943634033203,101,0.8428000000000173
2507,134656,25.380556106567383,30,0.8425000000000173
2508,134656,101.54569244384766,107,0.8425000000000173
2509,134912,61.63031005859375,67,0.8422000000000174
2510,134912,40.0385856628418,46,0.8422000000000174
2511,134912,54.70804977416992,60,0.8422000000000174
2512,134912,60.1951789855957,65,0.8422000000000174
2513,134912,40.99100875854492,46,0.8422000000000174
2514,134912,54.6651725769043,60,0.8422000000000174
2515,134912,78.90072631835938,84,0.8422000000000174
2516,134912,35.16516876220703,40,0.8422000000000174
2517,134912,29.500505447387695,35,0.8422000000000174
2518,134912,51.58375930786133,57,0.8422000000000174
2519,134912,28.600566864013672,34,0.8422000000000174
2520,134912,25.19894027709961,30,0.8422000000000174
2521,135168,36.36674118041992,42,0.8419000000000174
2522,135168,52.332801818847656,57,0.8419000000000174
2523,135168,43.00221633911133,49,0.8419000000000174
2524,135168,29.435441970825195,34,0.8419000000000174
2525,135168,65.7248764038086,71,0.8419000000000174
2526,135168,32.87949752807617,39,0.8419000000000174
2527,135168,34.19261932373047,39,0.8419000000000174
2528,135424,42.113616943359375,47,0.8416000000000174
2529,135424,18.216720581054688,23,0.8416000000000174
2530,135424,52.449913024902344,58,0.8416000000000174
2531,135424,44.84665298461914,50,0.8416000000000174
2532,135424,26.92993927001953,32,0.8416000000000174
2533,135680,39.5109748840332,44,0.8413000000000175
2534,135680,33.347328186035156,38,0.8413000000000175
2535,135680,50.089962005615234,55,0.8413000000000175
2536,135936,26.689970016479492,31,0.8410000000000175
2537,135936,37.71375274658203,43,0.8410000000000175
2538,135936,27.441022872924805,32,0.8410000000000175
2539,135936,81.58364868164062,87,0.8410000000000175
2540,135936,23.407438278198242,29,0.8410000000000175
2541,135936,60.634952545166016,66,0.8410000000000175
2542,135936,49.285865783691406,55,0.8410000000000175
2543,135936,16.4719181060791,21,0.8410000000000175
2544,135936,23.94093132019043,29,0.8410000000000175
2545,135936,34.424495697021484,40,0.8410000000000175
2546,136192,53.29475402832031,59,0.8407000000000175
2547,136192,12.368156433105469,17,0.8407000000000175
2548,136192,26.62928009033203,31,0.8407000000000175
2549,136192,42.56245040893555,47,0.8407000000000175
2550,136192,42.198829650878906,47,0.8407000000000175
2551,136448,20.125301361083984,25,0.8404000000000176
2552,136448,75.58555603027344,81,0.8404000000000176
2553,136448,43.37324905395508,49,0.8404000000000176
2554,136448,24.066884994506836,29,0.8404000000000176
2555,136448,21.33993911743164,26,0.8404000000000176
2556,136448,32.19969940185547,37,0.8404000000000176
2557,136448,40.22354507446289,45,0.8404000000000176
2558,136704,26.10219955444336,31,0.8401000000000176
2559,136704,29.776819229125977,35,0.8401000000000176
2560,136704,32.99664306640625,38,0.8401000000000176
2561,136704,20.008663177490234,25,0.8401000000000176
2562,136704,36.93768310546875,43,0.8401000000000176
2563,136960,32.368289947509766,38,0.8398000000000176
2564,136960,30.980091094970703,37,0.8398000000000176
2565,136960,32.62327575683594,38,0.8398000000000176
2566,136960,69.81022644042969,75,0.8398000000000176
2567,136960,37.58476257324219,43,0.8398000000000176
2568,137216,71.58663940429688,77,0.8395000000000177
2569,137216,46.056243896484375,51,0.8395000000000177
2570,137216,112.0328598022461,118,0.8395000000000177
2571,137216,25.660594940185547,31,0.8395000000000177
2572,137216,38.46330642700195,43,0.8395000000000177
2573,137216,30.09259033203125,35,0.8395000000000177
2574,137216,29.158828735351562,34,0.8395000000000177
2575,137216,59.10935974121094,64,0.8395000000000177
2576,137472,40.3271484375,46,0.8392000000000177
2577,137472,44.0863151550293,49,0.8392000000000177
2578,137472,44.7364616394043,50,0.8392000000000177
2579,137728,101.42691040039062,107,0.8389000000000177
2580,137728,35.844139099121094,41,0.8389000000000177
2581,137728,29.78818702697754,35,0.8389000000000177
2582,137728,41.86628723144531,47,0.8389000000000177
2583,137728,161.44386291503906,166,0.8389000000000177
2584,137984,22.629846572875977,28,0.8386000000000178
2585,137984,48.956722259521484,54,0.8386000000000178
2586,137984,35.60013198852539,41,0.8386000000000178
2587,137984,30.441818237304688,35,0.8386000000000178
2588,137984,41.17625045776367,46,0.8386000000000178
2589,137984,40.49043273925781,45,0.8386000000000178
2590,137984,18.59860610961914,23,0.8386000000000178
2591,137984,30.130329132080078,35,0.8386000000000178
2592,138240,53.61309814453125,59,0.8383000000000178
2593,138240,19.878114700317383,25,0.8383000000000178
2594,138240,33.993682861328125,39,0.8383000000000178
2595,138240,30.22052764892578,35,0.8383000000000178
2596,138496,40.46220397949219,45,0.8380000000000178
2597,138496,48.9874382019043,54,0.8380000000000178
2598,138496,16.413490295410156,21,0.8380000000000178
2599,138496,13.272245407104492,18,0.8380000000000178
2600,138496,55.823970794677734,61,0.8380000000000178
2601,138752,33.11796951293945,39,0.8377000000000179
2602,138752,42.355716705322266,47,0.8377000000000179
2603,138752,51.867916107177734,57,0.8377000000000179
2604,138752,24.692710876464844,30,0.8377000000000179
2605,138752,42.43635940551758,47,0.8377000000000179
2606,138752,20.942434310913086,26,0.8377000000000179
2607,139008,25.203510284423828,30,0.8374000000000179
2608,139008,96.00048065185547,101,0.8374000000000179
2609,139008,38.25227355957031,43,0.8374000000000179
2610,139008,16.42624282836914,21,0.8374000000000179
2611,139264,38.3636360168457,43,0.8371000000000179
2612,139264,47.34250259399414,53,0.8371000000000179
2613,139264,68.95823669433594,74,0.8371000000000179
2614,139264,32.030662536621094,37,0.8371000000000179
2615,139264,17.793161392211914,23,0.8371000000000179
2616,139264,27.636857986450195,33,0.8371000000000179
2617,139264,75.56893157958984,81,0.8371000000000179
2618,139520,26.939197540283203,32,0.836800000000018
2619,139520,32.320125579833984,37,0.836800000000018
2620,139520,67.46363830566406,73,0.836800000000018
2621,139520,24.86202621459961,30,0.836800000000018
2622,139520,21.780935287475586,27,0.836800000000018
2623,139520,61.23165512084961,67,0.836800000000018
2624,139520,13.328986167907715,18,0.836800000000018
2625,139776,43.55442810058594,49,0.836500000000018
2626,139776,37.88725662231445,43,0.836500000000018
2627,139776,34.204437255859375,40,0.836500000000018
2628,139776,52.62782669067383,59,0.836500000000018
2629,140032,32.25732421875,37,0.836200000000018
2630,140032,44.37904739379883,49,0.836200000000018
2631,140032,43.91020584106445,49,0.836200000000018
2632,140032,21.437570571899414,26,0.836200000000018
2633,140032,26.845731735229492,32,0.836200000000018
2634,140288,37.45576477050781,42,0.8359000000000181
2635,140288,33.37127685546875,38,0.8359000000000181
2636,140288,65.23898315429688,71,0.8359000000000181
2637,140288,30.381820678710938,35,0.8359000000000181
2638,140288,27.40186309814453,33,0.8359000000000181
2639,140288,16.73265266418457,21,0.8359000000000181
2640,140544,29.549304962158203,34,0.8356000000000181
2641,140544,53.278076171875,58,0.8356000000000181
2642,140800,24.100997924804688,29,0.8353000000000181
2643,140800,33.34416580200195,38,0.8353000000000181
2644,140800,55.025482177734375,60,0.8353000000000181
2645,140800,25.227832794189453,30,0.8353000000000181
2646,140800,24.34164047241211,30,0.8353000000000181
2647,140800,30.638744354248047,36,0.8353000000000181
2648,140800,48.298973083496094,53,0.8353000000000181
2649,140800,42.99762725830078,48,0.8353000000000181
2650,140800,45.04563903808594,50,0.8353000000000181
2651,140800,56.366905212402344,62,0.8353000000000181
2652,140800,27.593551635742188,32,0.8353000000000181
2653,140800,55.27131652832031,60,0.8353000000000181
2654,141056,20.100154876708984,25,0.8350000000000182
2655,141056,28.17210578918457,33,0.8350000000000182
2656,141056,26.1483211517334,31,0.8350000000000182
2657,141056,36.28321075439453,41,0.8350000000000182
2658,141056,23.834875106811523,29,0.8350000000000182
2659,141312,33.11282730102539,38,0.8347000000000182
2660,141312,41.992366790771484,47,0.8347000000000182
2661,141312,38.40467071533203,44,0.8347000000000182
2662,141312,19.87738037109375,25,0.8347000000000182
2663,141312,28.494945526123047,34,0.8347000000000182
2664,141312,22.17030906677246,27,0.8347000000000182
2665,141312,73.64803314208984,79,0.8347000000000182
2666,141312,42.77334213256836,49,0.8347000000000182
2667,141312,81.69915771484375,88,0.8347000000000182
2668,141568,25.64419937133789,31,0.8344000000000182
2669,141568,87.97189331054688,93,0.8344000000000182
2670,141568,13.396080017089844,18,0.8344000000000182
2671,141824,34.83203887939453,40,0.8341000000000183
2672,141824,21.059852600097656,26,0.8341000000000183
2673,141824,53.137447357177734,58,0.8341000000000183
2674,141824,35.01040267944336,41,0.8341000000000183
2675,142080,17.855072021484375,23,0.8338000000000183
2676,142080,29.819826126098633,35,0.8338000000000183
2677,142336,71.21382904052734,76,0.8335000000000183
2678,142336,72.60859680175781,77,0.8335000000000183
2679,142336,29.311235427856445,35,0.8335000000000183
2680,142336,34.61225509643555,40,0.8335000000000183
2681,142336,48.03521728515625,53,0.8335000000000183
2682,142592,51.25650405883789,56,0.8332000000000184
2683,142592,96.04048156738281,101,0.8332000000000184
2684,142848,32.77796936035156,38,0.8329000000000184
2685,142848,33.36451721191406,38,0.8329000000000184
2686,142848,57.066650390625,62,0.8329000000000184
2687,142848,74.10731506347656,79,0.8329000000000184
2688,142848,39.36787414550781,44,0.8329000000000184
2689,143104,31.627517700195312,37,0.8326000000000184
2690,143104,24.000564575195312,29,0.8326000000000184
2691,143104,40.34677505493164,45,0.8326000000000184
2692,143104,38.385746002197266,43,0.8326000000000184
2693,143104,17.001453399658203,22,0.8326000000000184
2694,143104,45.93630599975586,51,0.8326000000000184
2695,143104,29.191722869873047,34,0.8326000000000184
2696,143104,61.160003662109375,66,0.8326000000000184
2697,143360,48.45601272583008,54,0.8323000000000185
2698,143360,72.26136016845703,77,0.8323000000000185
2699,143360,16.3222713470459,21,0.8323000000000185
2700,143360,24.089136123657227,29,0.8323000000000185
2701,143360,66.06288146972656,72,0.8323000000000185
2702,143360,47.063575744628906,52,0.8323000000000185
2703,143360,19.54752540588379,24,0.8323000000000185
2704,143616,54.05182647705078,59,0.8320000000000185
2705,143616,35.30982971191406,40,0.8320000000000185
2706,143616,15.30794906616211,20,0.8320000000000185
2707,143616,28.61553192138672,34,0.8320000000000185
2708,143616,39.8580207824707,45,0.8320000000000185
2709,143616,22.655563354492188,28,0.8320000000000185
2710,143616,28.911672592163086,34,0.8320000000000185
2711,143616,24.45711326599121,30,0.8320000000000185
2712,143616,62.517799377441406,68,0.8320000000000185
2713,143872,60.84355926513672,66,0.8317000000000185
2714,143872,29.976816177368164,35,0.8317000000000185
2715,143872,21.7935791015625,27,0.8317000000000185
2716,143872,36.098480224609375,41,0.8317000000000185
2717,144128,45.4416618347168,50,0.8314000000000186
2718,144128,98.15727996826172,104,0.8314000000000186
2719,144128,27.316253662109375,32,0.8314000000000186
2720,144128,14.468476295471191,19,0.8314000000000186
2721,144128,29.301753997802734,35,0.8314000000000186
2722,144128,19.266653060913086,24,0.8314000000000186
2723,144128,26.910911560058594,32,0.8314000000000186
2724,144128,64.45580291748047,69,0.8314000000000186
2725,144128,26.57563591003418,32,0.8314000000000186
2726,144128,49.218814849853516,54,0.8314000000000186
2727,144128,18.16290855407715,23,0.8314000000000186
2728,144128,13.366073608398438,18,0.8314000000000186
2729,144128,18.807668685913086,24,0.8314000000000186
2730,144384,59.10432052612305,64,0.8311000000000186
2731,144640,48.72639465332031,54,0.8308000000000186
2732,144640,33.08509826660156,38,0.8308000000000186
2733,144640,47.39507293701172,52,0.8308000000000186
2734,144640,51.79167938232422,57,0.8308000000000186
2735,144640,23.73285484313965,29,0.8308000000000186
2736,144896,16.00847053527832,21,0.8305000000000187
2737,144896,24.845378875732422,30,0.8305000000000187
2738,144896,79.79979705810547,86,0.8305000000000187
2739,144896,43.23008728027344,48,0.8305000000000187
2740,144896,29.231531143188477,34,0.8305000000000187
2741,145152,70.6827163696289,76,0.8302000000000187
2742,145152,168.4705047607422,174,0.8302000000000187
2743,145152,46.15196990966797,51,0.8302000000000187
2744,145152,38.986976623535156,44,0.8302000000000187
2745,145152,56.318748474121094,61,0.8302000000000187
2746,145152,38.46371841430664,43,0.8302000000000187
2747,145152,32.18637466430664,37,0.8302000000000187
2748,145408,65.84504699707031,71,0.8299000000000187
2749,145408,37.71995162963867,44,0.8299000000000187
2750,145408,24.892433166503906,30,0.8299000000000187
2751,145408,21.112319946289062,26,0.8299000000000187
2752,145664,31.312877655029297,36,0.8296000000000188
2753,145664,30.830039978027344,36,0.8296000000000188
2754,145664,30.750347137451172,36,0.8296000000000188
2755,145664,35.3806266784668,40,0.8296000000000188
2756,145664,55.06773376464844,60,0.8296000000000188
2757,145664,21.793560028076172,27,0.8296000000000188
2758,145664,55.859127044677734,62,0.8296000000000188
2759,145920,37.563053131103516,43,0.8293000000000188
2760,145920,13.423185348510742,18,0.8293000000000188
2761,145920,36.07331848144531,41,0.8293000000000188
2762,145920,27.053457260131836,32,0.8293000000000188
2763,145920,20.50260353088379,26,0.8293000000000188
2764,145920,13.37347412109375,18,0.8293000000000188
2765,145920,62.475067138671875,67,0.8293000000000188
2766,145920,16.10167694091797,21,0.8293000000000188
2767,145920,36.02692413330078,41,0.8293000000000188
2768,146176,28.541109085083008,33,0.8290000000000188
2769,146176,33.24971008300781,38,0.8290000000000188
2770,146176,32.64012908935547,38,0.8290000000000188
2771,146176,44.86619567871094,50,0.8290000000000188
2772,146432,48.17942810058594,53,0.8287000000000189
2773,146688,23.87484359741211,29,0.8284000000000189
2774,146688,96.166015625,101,0.8284000000000189
2775,146688,29.11918830871582,34,0.8284000000000189
2776,146688,39.81913757324219,45,0.8284000000000189
2777,146944,44.568843841552734,50,0.8281000000000189
2778,146944,48.31635665893555,53,0.8281000000000189
2779,146944,41.29518508911133,46,0.8281000000000189
2780,146944,39.58783721923828,44,0.8281000000000189
2781,146944,16.21623420715332,21,0.8281000000000189
2782,146944,35.481990814208984,40,0.8281000000000189
2783,147200,22.307613372802734,27,0.827800000000019
2784,147200,18.799848556518555,24,0.827800000000019
2785,147200,28.178102493286133,33,0.827800000000019
2786,147200,25.27025604248047,30,0.827800000000019
2787,147200,50.57001495361328,56,0.827800000000019
2788,147200,28.070951461791992,33,0.827800000000019
2789,147200,70.11672973632812,75,0.827800000000019
2790,147456,54.01272964477539,59,0.827500000000019
2791,147456,32.98681640625,38,0.827500000000019
2792,147456,27.084821701049805,32,0.827500000000019
2793,147456,64.6839599609375,70,0.827500000000019
2794,147456,45.32547378540039,51,0.827500000000019
2795,147456,107.6317367553711,113,0.827500000000019
2796,147456,60.082393646240234,65,0.827500000000019
2797,147456,31.176959991455078,36,0.827500000000019
2798,147712,40.59903335571289,46,0.827200000000019
2799,147712,83.6787109375,89,0.827200000000019
2800,147712,21.78248405456543,27,0.827200000000019
2801,147712,41.07780838012695,46,0.827200000000019
2802,147712,28.666284561157227,34,0.827200000000019
2803,147712,23.932905197143555,29,0.827200000000019
2804,147712,50.79646301269531,56,0.827200000000019
2805,148224,78.05465698242188,83,0.8266000000000191
2806,148224,47.239776611328125,52,0.8266000000000191
2807,148224,38.4757080078125,44,0.8266000000000191
2808,148224,98.49974060058594,104,0.8266000000000191
2809,148224,50.09164810180664,56,0.8266000000000191
2810,148480,30.010448455810547,35,0.8263000000000191
2811,148480,53.96443557739258,59,0.8263000000000191
2812,148480,53.75703430175781,59,0.8263000000000191
2813,148736,40.40948486328125,45,0.8260000000000192
2814,148736,18.20806884765625,23,0.8260000000000192
2815,148736,48.46745681762695,54,0.8260000000000192
2816,148736,26.096656799316406,31,0.8260000000000192
2817,148992,42.4990234375,47,0.8257000000000192
2818,148992,18.208532333374023,23,0.8257000000000192
2819,148992,71.84009552001953,77,0.8257000000000192
2820,148992,59.10857009887695,64,0.8257000000000192
2821,148992,26.63274383544922,32,0.8257000000000192
2822,148992,88.17779541015625,94,0.8257000000000192
2823,148992,38.258113861083984,43,0.8257000000000192
2824,148992,31.496732711791992,37,0.8257000000000192
2825,148992,40.54452896118164,46,0.8257000000000192
2826,148992,128.70729064941406,134,0.8257000000000192
2827,148992,35.8799934387207,41,0.8257000000000192
2828,148992,97.03301239013672,102,0.8257000000000192
2829,149248,36.900360107421875,42,0.8254000000000192
2830,149248,50.79352569580078,56,0.8254000000000192
2831,149248,45.99159240722656,51,0.8254000000000192
2832,149248,26.092880249023438,31,0.8254000000000192
2833,149248,43.626502990722656,49,0.8254000000000192
2834,149248,64.81137084960938,70,0.8254000000000192
2835,149248,34.44353103637695,39,0.8254000000000192
2836,149504,29.33496856689453,34,0.8251000000000193
2837,149504,45.971588134765625,51,0.8251000000000193
2838,149504,24.2463436126709,29,0.8251000000000193
2839,149504,16.51901626586914,21,0.8251000000000193
2840,149504,19.747032165527344,25,0.8251000000000193
2841,149504,25.874311447143555,31,0.8251000000000193
2842,149504,48.13875198364258,53,0.8251000000000193
2843,149504,55.47818374633789,60,0.8251000000000193
2844,149504,33.24573516845703,38,0.8251000000000193
2845,149504,38.401554107666016,44,0.8251000000000193
2846,149760,55.93705749511719,61,0.8248000000000193
2847,149760,26.3477725982666,31,0.8248000000000193
2848,149760,32.66452407836914,38,0.8248000000000193
2849,149760,31.628738403320312,37,0.8248000000000193
2850,150016,16.23411750793457,21,0.8245000000000193
2851,150016,22.473989486694336,27,0.8245000000000193
2852,150016,30.758596420288086,36,0.8245000000000193
2853,150016,40.3250732421875,46,0.8245000000000193
2854,150016,21.17519187927246,26,0.8245000000000193
2855,150016,74.98564910888672,80,0.8245000000000193
2856,150016,47.57954025268555,52,0.8245000000000193
2857,150016,42.08871841430664,47,0.8245000000000193
2858,150016,39.95478820800781,45,0.8245000000000193
2859,150272,21.07074546813965,26,0.8242000000000194
2860,150528,26.104591369628906,31,0.8239000000000194
2861,150784,37.40550994873047,42,0.8236000000000194
2862,150784,22.145275115966797,27,0.8236000000000194
2863,150784,39.26521301269531,44,0.8236000000000194
2864,150784,40.11160659790039,45,0.8236000000000194
2865,150784,74.79865264892578,80,0.8236000000000194
2866,151040,25.453771591186523,30,0.8233000000000195
2867,151040,74.42635345458984,79,0.8233000000000195
2868,151040,15.071081161499023,20,0.8233000000000195
2869,151040,25.884315490722656,31,0.8233000000000195
2870,151296,27.1839656829834,32,0.8230000000000195
2871,151296,72.23392486572266,77,0.8230000000000195
2872,151296,60.183284759521484,65,0.8230000000000195
2873,151296,29.752954483032227,35,0.8230000000000195
2874,151552,21.416879653930664,26,0.8227000000000195
2875,151552,33.856529235839844,40,0.8227000000000195
2876,151552,27.285194396972656,32,0.8227000000000195
2877,151552,20.1073055267334,25,0.8227000000000195
2878,151552,64.90033721923828,71,0.8227000000000195
2879,151552,49.64264678955078,55,0.8227000000000195
2880,151552,21.307666778564453,26,0.8227000000000195
2881,151552,41.26658630371094,46,0.8227000000000195
2882,151808,22.435564041137695,27,0.8224000000000196
2883,151808,29.390262603759766,34,0.8224000000000196
2884,151808,35.859901428222656,41,0.8224000000000196
2885,151808,36.907161712646484,42,0.8224000000000196
2886,151808,25.31171989440918,30,0.8224000000000196
2887,151808,26.970867156982422,32,0.8224000000000196
2888,151808,25.21372413635254,30,0.8224000000000196
2889,152064,28.340593338012695,33,0.8221000000000196
2890,152064,46.889190673828125,52,0.8221000000000196
2891,152064,24.04196548461914,29,0.8221000000000196
2892,152064,57.985652923583984,63,0.8221000000000196
2893,152064,53.19664001464844,58,0.8221000000000196
2894,152064,42.05808639526367,47,0.8221000000000196
2895,152064,79.68444061279297,85,0.8221000000000196
2896,152064,31.493085861206055,36,0.8221000000000196
2897,152064,60.82656478881836,66,0.8221000000000196
2898,152064,29.412317276000977,35,0.8221000000000196
2899,152064,18.685983657836914,24,0.8221000000000196
2900,152064,74.69324493408203,80,0.8221000000000196
2901,152320,54.804752349853516,60,0.8218000000000196
2902,152320,60.32366943359375,67,0.8218000000000196
2903,152320,29.541709899902344,34,0.8218000000000196
2904,152320,44.21779251098633,49,0.8218000000000196
2905,152576,35.380985260009766,41,0.8215000000000197
2906,152576,37.21767807006836,42,0.8215000000000197
2907,152576,91.34266662597656,97,0.8215000000000197
2908,152832,67.08586120605469,72,0.8212000000000197
2909,152832,44.02771759033203,49,0.8212000000000197
2910,152832,63.247215270996094,68,0.8212000000000197
2911,152832,30.27762794494629,35,0.8212000000000197
2912,152832,36.48625183105469,41,0.8212000000000197
2913,152832,38.762271881103516,44,0.8212000000000197
2914,152832,42.36724853515625,47,0.8212000000000197
2915,152832,16.173065185546875,21,0.8212000000000197
2916,152832,41.3275146484375,46,0.8212000000000197
2917,152832,30.528696060180664,36,0.8212000000000197
2918,152832,16.134910583496094,21,0.8212000000000197
2919,153088,33.05623245239258,38,0.8209000000000197
2920,153088,32.31315612792969,38,0.8209000000000197
2921,153088,24.537681579589844,29,0.8209000000000197
2922,153088,18.208251953125,23,0.8209000000000197
2923,153344,31.07257843017578,36,0.8206000000000198
2924,153344,26.602434158325195,32,0.8206000000000198
2925,153344,43.10568618774414,49,0.8206000000000198
2926,153344,28.063867568969727,33,0.8206000000000198
2927,153344,114.05059814453125,119,0.8206000000000198
2928,153600,32.650054931640625,38,0.8203000000000198
2929,153600,56.52434158325195,62,0.8203000000000198
2930,153600,13.381183624267578,18,0.8203000000000198
2931,153600,38.18029022216797,43,0.8203000000000198
2932,153600,38.80119323730469,44,0.8203000000000198
2933,153600,56.08012008666992,61,0.8203000000000198
2934,153600,27.871089935302734,33,0.8203000000000198
2935,153856,12.388839721679688,17,0.8200000000000198
2936,153856,32.561614990234375,37,0.8200000000000198
2937,153856,35.86151885986328,41,0.8200000000000198
2938,153856,22.431880950927734,27,0.8200000000000198
2939,153856,27.264116287231445,33,0.8200000000000198
2940,153856,45.18817901611328,50,0.8200000000000198
2941,153856,43.81499099731445,49,0.8200000000000198
2942,153856,16.50231170654297,21,0.8200000000000198
2943,153856,21.199020385742188,26,0.8200000000000198
2944,154112,59.656978607177734,65,0.8197000000000199
2945,154112,44.82773208618164,50,0.8197000000000199
2946,154112,18.33819007873535,23,0.8197000000000199
2947,154368,30.670228958129883,36,0.8194000000000199
2948,154368,37.22005844116211,42,0.8194000000000199
2949,154368,35.116737365722656,40,0.8194000000000199
2950,154368,41.82106399536133,47,0.8194000000000199
2951,154368,78.4116439819336,84,0.8194000000000199
2952,154368,36.53789520263672,42,0.8194000000000199
2953,154368,54.7220344543457,60,0.8194000000000199
2954,154624,42.40990447998047,48,0.8191000000000199
2955,154624,55.62030029296875,61,0.8191000000000199
2956,154624,26.23836326599121,31,0.8191000000000199
2957,154624,31.40888214111328,36,0.8191000000000199
2958,154624,31.82558250427246,37,0.8191000000000199
2959,154624,22.712818145751953,28,0.8191000000000199
2960,154624,71.1661376953125,76,0.8191000000000199
2961,154624,41.02872085571289,46,0.8191000000000199
2962,154624,36.943115234375,42,0.8191000000000199
2963,154880,24.425491333007812,29,0.81880000000002
2964,154880,57.20656204223633,62,0.81880000000002
2965,154880,72.8911361694336,78,0.81880000000002
2966,155136,50.90201187133789,56,0.81850000000002
2967,155136,40.990478515625,46,0.81850000000002
2968,155136,30.454776763916016,35,0.81850000000002
2969,155136,53.75081253051758,59,0.81850000000002
2970,155392,29.141416549682617,34,0.81820000000002
2971,155392,51.641353607177734,57,0.81820000000002
2972,155392,31.696319580078125,37,0.81820000000002
2973,155392,19.3658504486084,24,0.81820000000002
2974,155392,25.218172073364258,30,0.81820000000002
2975,155648,40.3256721496582,45,0.81790000000002
2976,155648,29.26624870300293,34,0.81790000000002
2977,155648,63.6614990234375,69,0.81790000000002
2978,155648,40.09921646118164,45,0.81790000000002
2979,155648,31.336647033691406,36,0.81790000000002
2980,155648,28.20711898803711,33,0.81790000000002
2981,155648,28.555461883544922,33,0.81790000000002
2982,155904,38.3176383972168,43,0.8176000000000201
2983,155904,33.469688415527344,39,0.8176000000000201
2984,155904,23.83333396911621,29,0.8176000000000201
2985,156160,34.2188720703125,39,0.8173000000000201
2986,156160,19.096189498901367,24,0.8173000000000201
2987,156416,29.156993865966797,34,0.8170000000000202
2988,156416,60.23846435546875,66,0.8170000000000202
2989,156416,22.845741271972656,28,0.8170000000000202
2990,156416,71.96133422851562,77,0.8170000000000202
2991,156416,24.88432502746582,30,0.8170000000000202
2992,156416,30.7893123626709,36,0.8170000000000202
2993,156416,28.799421310424805,34,0.8170000000000202
2994,156416,36.15327835083008,41,0.8170000000000202
2995,156416,32.01701736450195,37,0.8170000000000202
2996,156672,25.686595916748047,30,0.8167000000000202
2997,156672,43.60866165161133,49,0.8167000000000202
2998,156672,37.13145065307617,42,0.8167000000000202
2999,156672,33.3701286315918,38,0.8167000000000202
3000,156672,57.37975311279297,63,0.8167000000000202
3001,156928,86.85885620117188,92,0.8164000000000202
3002,156928,47.273563385009766,52,0.8164000000000202
3003,156928,21.73825454711914,27,0.8164000000000202
3004,156928,22.400009155273438,27,0.8164000000000202
3005,156928,26.13079833984375,31,0.8164000000000202
3006,156928,27.14164924621582,32,0.8164000000000202
3007,156928,57.825069427490234,63,0.8164000000000202
3008,156928,67.29169464111328,72,0.8164000000000202
3009,157184,32.44065856933594,37,0.8161000000000203
3010,157184,38.92459487915039,44,0.8161000000000203
3011,157184,22.977834701538086,28,0.8161000000000203
3012,157184,45.257598876953125,51,0.8161000000000203
3013,157184,25.28656768798828,30,0.8161000000000203
3014,157440,23.678146362304688,29,0.8158000000000203
3015,157440,27.713714599609375,33,0.8158000000000203
3016,157440,51.662452697753906,57,0.8158000000000203
3017,157440,27.079513549804688,32,0.8158000000000203
3018,157440,26.695016860961914,32,0.8158000000000203
3019,157440,59.276039123535156,65,0.8158000000000203
3020,157440,75.91691589355469,81,0.8158000000000203
3021,157440,62.21528625488281,67,0.8158000000000203
3022,157440,18.4302978515625,23,0.8158000000000203
3023,157440,41.281776428222656,46,0.8158000000000203
3024,157696,21.862586975097656,27,0.8155000000000203
3025,157696,57.145050048828125,62,0.8155000000000203
3026,157696,45.70376205444336,51,0.8155000000000203
3027,157696,41.30440139770508,46,0.8155000000000203
3028,157952,50.99638366699219,56,0.8152000000000204
3029,157952,30.3652286529541,35,0.8152000000000204
3030,157952,28.22962760925293,33,0.8152000000000204
3031,157952,29.936174392700195,35,0.8152000000000204
3032,157952,62.25823211669922,67,0.8152000000000204
3033,157952,79.45642852783203,85,0.8152000000000204
3034,158208,31.369401931762695,36,0.8149000000000204
3035,158208,147.1372528076172,152,0.8149000000000204
3036,158208,42.286766052246094,47,0.8149000000000204
3037,158464,23.673830032348633,29,0.8146000000000204
3038,158464,21.020526885986328,26,0.8146000000000204
3039,158464,20.3829288482666,25,0.8146000000000204
3040,158464,13.431947708129883,18,0.8146000000000204
3041,158464,66.55892944335938,72,0.8146000000000204
3042,158464,51.03013610839844,56,0.8146000000000204
3043,158464,21.05583953857422,26,0.8146000000000204
3044,158464,29.668689727783203,35,0.8146000000000204
3045,158464,62.79669952392578,68,0.8146000000000204
3046,158720,22.929691314697266,28,0.8143000000000205
3047,158720,35.04852294921875,40,0.8143000000000205
3048,158720,38.13200378417969,43,0.8143000000000205
3049,158720,38.26586151123047,43,0.8143000000000205
3050,158720,30.719871520996094,36,0.8143000000000205
3051,158720,40.8354606628418,46,0.8143000000000205
3052,158720,46.196285247802734,51,0.8143000000000205
3053,158720,32.17488098144531,37,0.8143000000000205
3054,158976,14.25469970703125,19,0.8140000000000205
3055,158976,25.305885314941406,30,0.8140000000000205
3056,158976,52.90211868286133,58,0.8140000000000205
3057,158976,36.90495681762695,42,0.8140000000000205
3058,158976,47.20093536376953,54,0.8140000000000205
3059,158976,34.58730697631836,40,0.8140000000000205
3060,158976,19.001815795898438,24,0.8140000000000205
3061,158976,68.42788696289062,73,0.8140000000000205
3062,159232,26.51709747314453,32,0.8137000000000205
3063,159232,80.61376190185547,86,0.8137000000000205
3064,159232,20.07805633544922,25,0.8137000000000205
3065,159232,80.62993621826172,86,0.8137000000000205
3066,159232,71.17285919189453,76,0.8137000000000205
3067,159232,41.5134162902832,46,0.8137000000000205
3068,159232,31.200931549072266,36,0.8137000000000205
3069,159488,29.451061248779297,34,0.8134000000000206
3070,159488,49.413856506347656,55,0.8134000000000206
3071,159488,73.03203582763672,79,0.8134000000000206
3072,159744,32.486900329589844,38,0.8131000000000206
3073,159744,24.880657196044922,30,0.8131000000000206
3074,159744,26.532543182373047,31,0.8131000000000206
3075,159744,35.29383850097656,40,0.8131000000000206
3076,159744,46.388736724853516,51,0.8131000000000206
3077,159744,27.947397232055664,33,0.8131000000000206
3078,159744,52.43245315551758,57,0.8131000000000206
3079,160000,20.02051544189453,25,0.8128000000000206
3080,160000,36.53253936767578,41,0.8128000000000206
3081,160000,119.2707748413086,125,0.8128000000000206
3082,160000,15.452251434326172,20,0.8128000000000206
3083,160000,43.437599182128906,49,0.8128000000000206
3084,160000,18.167884826660156,23,0.8128000000000206
3085,160000,49.88242721557617,55,0.8128000000000206
3086,160256,29.13011932373047,34,0.8125000000000207
3087,160256,22.43783187866211,27,0.8125000000000207
3088,160256,113.96273803710938,119,0.8125000000000207
3089,160256,32.03628921508789,37,0.8125000000000207
3090,160256,37.26395797729492,42,0.8125000000000207
3091,160256,26.650392532348633,32,0.8125000000000207
3092,160256,21.362335205078125,26,0.8125000000000207
3093,160256,46.311832427978516,51,0.8125000000000207
3094,160256,39.34165573120117,44,0.8125000000000207
3095,160512,20.827285766601562,26,0.8122000000000207
3096,160512,23.134891510009766,28,0.8122000000000207
3097,160512,27.789939880371094,33,0.8122000000000207
3098,160512,46.04829025268555,51,0.8122000000000207
3099,160512,24.632549285888672,30,0.8122000000000207
3100,160512,28.133577346801758,33,0.8122000000000207
3101,160512,17.00853157043457,22,0.8122000000000207
3102,160768,44.039588928222656,49,0.8119000000000207
3103,160768,68.90647888183594,74,0.8119000000000207
3104,160768,30.451940536499023,35,0.8119000000000207
3105,160768,21.896841049194336,27,0.8119000000000207
3106,160768,42.12390899658203,47,0.8119000000000207
3107,160768,23.2579402923584,28,0.8119000000000207
3108,160768,29.469593048095703,34,0.8119000000000207
3109,161024,39.970489501953125,45,0.8116000000000207
3110,161024,34.82598876953125,40,0.8116000000000207
3111,161024,45.146488189697266,50,0.8116000000000207
3112,161024,16.288524627685547,21,0.8116000000000207
3113,161024,28.478923797607422,34,0.8116000000000207
3114,161024,31.77469825744629,37,0.8116000000000207
3115,161024,33.507450103759766,39,0.8116000000000207
3116,161280,38.149166107177734,43,0.8113000000000208
3117,161280,95.88880920410156,101,0.8113000000000208
3118,161280,107.29708099365234,113,0.8113000000000208
3119,161280,20.923526763916016,26,0.8113000000000208
3120,161280,38.58870315551758,45,0.8113000000000208
3121,161280,42.84394073486328,48,0.8113000000000208
3122,161280,13.60802173614502,18,0.8113000000000208
3123,161280,31.062191009521484,36,0.8113000000000208
3124,161280,22.400949478149414,27,0.8113000000000208
3125,161536,24.075468063354492,29,0.8110000000000208
3126,161536,62.37879943847656,68,0.8110000000000208
3127,161536,32.24355697631836,37,0.8110000000000208
3128,161536,15.196063995361328,20,0.8110000000000208
3129,161792,48.8740348815918,55,0.8107000000000208
3130,161792,35.30986785888672,40,0.8107000000000208
3131,161792,62.08457565307617,67,0.8107000000000208
3132,161792,52.30388641357422,57,0.8107000000000208
3133,162048,62.97758483886719,68,0.8104000000000209
3134,162048,30.14508628845215,36,0.8104000000000209
3135,162048,16.44593048095703,21,0.8104000000000209
3136,162048,57.98574447631836,64,0.8104000000000209
3137,162304,25.259658813476562,30,0.8101000000000209
3138,162304,59.864845275878906,65,0.8101000000000209
3139,162304,60.232582092285156,65,0.8101000000000209
3140,162304,39.86664581298828,45,0.8101000000000209
3141,162304,32.030372619628906,37,0.8101000000000209
3142,162304,29.72419548034668,35,0.8101000000000209
3143,162304,25.402467727661133,31,0.8101000000000209
3144,162560,33.30974197387695,39,0.809800000000021
3145,162560,56.518798828125,61,0.809800000000021
3146,162560,47.517601013183594,52,0.809800000000021
3147,162560,97.52566528320312,103,0.809800000000021
3148,162816,27.058774948120117,32,0.809500000000021
3149,162816,62.72364807128906,68,0.809500000000021
3150,162816,34.220481872558594,39,0.809500000000021
3151,162816,46.87903594970703,53,0.809500000000021
3152,163072,35.30633544921875,40,0.809200000000021
3153,163072,17.21478271484375,22,0.809200000000021
3154,163072,37.36355209350586,43,0.809200000000021
3155,163072,47.27919387817383,52,0.809200000000021
3156,163072,40.18330001831055,45,0.809200000000021
3157,163072,19.381431579589844,24,0.809200000000021
3158,163072,29.18526840209961,34,0.809200000000021
3159,163072,29.21685791015625,34,0.809200000000021
3160,163072,27.224618911743164,32,0.809200000000021
3161,163072,34.6164436340332,40,0.809200000000021
3162,163072,31.30491828918457,36,0.809200000000021
3163,163072,63.472599029541016,68,0.809200000000021
3164,163072,38.232601165771484,43,0.809200000000021
3165,163072,27.822032928466797,33,0.809200000000021
3166,163072,72.92583465576172,78,0.809200000000021
3167,163328,81.0198745727539,86,0.808900000000021
3168,163328,42.24565887451172,47,0.808900000000021
3169,163328,35.299659729003906,40,0.808900000000021
3170,163584,33.30442810058594,38,0.8086000000000211
3171,163584,21.67823600769043,26,0.8086000000000211
3172,163584,19.232873916625977,24,0.8086000000000211
3173,163584,27.09187126159668,32,0.8086000000000211
3174,163584,82.17593383789062,87,0.8086000000000211
3175,163840,25.363384246826172,30,0.8083000000000211
3176,164096,22.956087112426758,28,0.8080000000000211
3177,164096,16.20640754699707,21,0.8080000000000211
3178,164096,49.65961837768555,55,0.8080000000000211
3179,164096,37.4776611328125,42,0.8080000000000211
3180,164096,34.87560272216797,40,0.8080000000000211
3181,164096,15.391737937927246,20,0.8080000000000211
3182,164352,51.215457916259766,57,0.8077000000000212
3183,164352,17.100135803222656,22,0.8077000000000212
3184,164608,19.1282901763916,24,0.8074000000000212
3185,164608,18.15329360961914,23,0.8074000000000212
3186,164608,45.32938766479492,50,0.8074000000000212
3187,164608,22.456222534179688,27,0.8074000000000212
3188,164864,22.23193359375,27,0.8071000000000212
3189,164864,11.383731842041016,16,0.8071000000000212
3190,164864,32.44949722290039,37,0.8071000000000212
3191,164864,24.801231384277344,30,0.8071000000000212
3192,164864,23.7749080657959,29,0.8071000000000212
3193,164864,44.75492858886719,50,0.8071000000000212
3194,164864,18.144792556762695,23,0.8071000000000212
3195,165120,35.72735595703125,41,0.8068000000000213
3196,165120,27.1347599029541,32,0.8068000000000213
3197,165120,57.91456985473633,63,0.8068000000000213
3198,165120,108.63312530517578,114,0.8068000000000213
3199,165120,43.877288818359375,49,0.8068000000000213
3200,165120,24.015743255615234,29,0.8068000000000213
3201,165376,46.19045639038086,51,0.8065000000000213
3202,165376,22.50760841369629,27,0.8065000000000213
3203,165632,46.1748161315918,51,0.8062000000000213
3204,165632,46.58116149902344,52,0.8062000000000213
3205,165632,39.16659164428711,44,0.8062000000000213
3206,165632,70.9915771484375,76,0.8062000000000213
3207,165888,36.267425537109375,41,0.8059000000000214
3208,165888,21.164091110229492,26,0.8059000000000214
3209,165888,13.306062698364258,18,0.8059000000000214
3210,165888,45.525489807128906,50,0.8059000000000214
3211,165888,31.2033748626709,36,0.8059000000000214
3212,165888,38.4109992980957,44,0.8059000000000214
3213,165888,46.5657958984375,51,0.8059000000000214
3214,165888,27.94481086730957,33,0.8059000000000214
3215,165888,59.19269943237305,64,0.8059000000000214
3216,165888,60.860652923583984,66,0.8059000000000214
3217,166144,44.373226165771484,49,0.8056000000000214
3218,166144,33.3681640625,38,0.8056000000000214
3219,166144,42.9374885559082,48,0.8056000000000214
3220,166144,25.87373924255371,31,0.8056000000000214
3221,166400,30.158117294311523,36,0.8053000000000214
3222,166400,35.95417022705078,42,0.8053000000000214
3223,166400,58.824432373046875,64,0.8053000000000214
3224,166656,16.326215744018555,21,0.8050000000000215
3225,166656,17.382080078125,22,0.8050000000000215
3226,166656,24.31847381591797,29,0.8050000000000215
3227,166656,23.186376571655273,29,0.8050000000000215
3228,166912,52.406707763671875,57,0.8047000000000215
3229,166912,26.905025482177734,32,0.8047000000000215
3230,166912,31.01636505126953,36,0.8047000000000215
3231,166912,19.564355850219727,24,0.8047000000000215
3232,167168,40.03633499145508,45,0.8044000000000215
3233,167168,36.3629264831543,42,0.8044000000000215
3234,167168,23.48232078552246,28,0.8044000000000215
3235,167168,53.482112884521484,59,0.8044000000000215
3236,167168,25.368009567260742,30,0.8044000000000215
3237,167168,16.31607437133789,21,0.8044000000000215
3238,167168,21.252721786499023,26,0.8044000000000215
3239,167424,31.83189582824707,37,0.8041000000000216
3240,167424,24.125566482543945,29,0.8041000000000216
3241,167424,55.85565185546875,61,0.8041000000000216
3242,167424,20.107484817504883,25,0.8041000000000216
3243,167424,28.162830352783203,33,0.8041000000000216
3244,167424,75.9615478515625,81,0.8041000000000216
3245,167680,53.5200309753418,58,0.8038000000000216
3246,167680,35.47026062011719,40,0.8038000000000216
3247,167680,25.494762420654297,30,0.8038000000000216
3248,167680,46.26426315307617,51,0.8038000000000216
3249,167680,29.96819305419922,36,0.8038000000000216
3250,167680,73.78194427490234,79,0.8038000000000216
3251,167680,22.147836685180664,27,0.8038000000000216
3252,167680,42.50792694091797,48,0.8038000000000216
3253,167936,39.11766052246094,44,0.8035000000000216
3254,167936,28.875669479370117,34,0.8035000000000216
3255,167936,44.84527587890625,50,0.8035000000000216
3256,167936,24.890443801879883,30,0.8035000000000216
3257,167936,17.33522605895996,22,0.8035000000000216
3258,167936,43.82500076293945,49,0.8035000000000216
3259,168192,28.466678619384766,33,0.8032000000000217
3260,168192,18.460039138793945,23,0.8032000000000217
3261,168192,22.328453063964844,27,0.8032000000000217
3262,168192,25.05088996887207,30,0.8032000000000217
3263,168192,88.56633758544922,94,0.8032000000000217
3264,168192,24.171859741210938,29,0.8032000000000217
3265,168192,19.39518928527832,24,0.8032000000000217
3266,168192,22.565994262695312,28,0.8032000000000217
3267,168192,38.02313232421875,43,0.8032000000000217
3268,168448,33.14740753173828,38,0.8029000000000217
3269,168448,21.938335418701172,27,0.8029000000000217
3270,168448,28.72661018371582,34,0.8029000000000217
3271,168448,23.641263961791992,28,0.8029000000000217
3272,168448,19.301233291625977,24,0.8029000000000217
3273,168704,37.15326690673828,42,0.8026000000000217
3274,168704,65.48883056640625,71,0.8026000000000217
3275,168704,39.99348449707031,45,0.8026000000000217
3276,168704,27.860288619995117,33,0.8026000000000217
3277,168704,39.43317794799805,44,0.8026000000000217
3278,168704,42.297298431396484,47,0.8026000000000217
3279,168704,41.32126235961914,46,0.8026000000000217
3280,168960,27.374290466308594,32,0.8023000000000218
3281,168960,22.212059020996094,27,0.8023000000000218
3282,168960,42.731727600097656,47,0.8023000000000218
3283,168960,29.938800811767578,35,0.8023000000000218
3284,168960,30.320354461669922,36,0.8023000000000218
3285,168960,39.92375946044922,45,0.8023000000000218
3286,169216,25.219383239746094,30,0.8020000000000218
3287,169216,50.23789978027344,55,0.8020000000000218
3288,169216,46.742130279541016,52,0.8020000000000218
3289,169216,38.3385124206543,43,0.8020000000000218
3290,169216,65.33741760253906,71,0.8020000000000218
3291,169216,29.011730194091797,34,0.8020000000000218
3292,169472,64.89356994628906,70,0.8017000000000218
3293,169472,63.55125045776367,69,0.8017000000000218
3294,169472,54.196144104003906,59,0.8017000000000218
3295,169472,35.96603775024414,41,0.8017000000000218
3296,169472,38.0019416809082,43,0.8017000000000218
3297,169472,32.48820877075195,38,0.8017000000000218
3298,169472,33.358638763427734,39,0.8017000000000218
3299,169728,50.069278717041016,55,0.8014000000000219
3300,169728,46.57197952270508,52,0.8014000000000219
3301,169728,76.1690902709961,81,0.8014000000000219
3302,169728,38.24736404418945,43,0.8014000000000219
3303,169728,37.109046936035156,42,0.8014000000000219
3304,169728,36.90071105957031,42,0.8014000000000219
3305,169728,28.66850471496582,33,0.8014000000000219
3306,169984,24.738370895385742,30,0.8011000000000219
3307,169984,35.02700424194336,40,0.8011000000000219
3308,169984,33.54370880126953,39,0.8011000000000219
3309,169984,28.986927032470703,34,0.8011000000000219
3310,169984,44.12036895751953,49,0.8011000000000219
3311,169984,33.16897964477539,38,0.8011000000000219
3312,169984,25.761241912841797,31,0.8011000000000219
3313,169984,28.32770347595215,34,0.8011000000000219
3314,169984,36.399539947509766,42,0.8011000000000219
3315,170240,56.829200744628906,62,0.8008000000000219
3316,170240,47.1645622253418,52,0.8008000000000219
3317,170240,19.303104400634766,24,0.8008000000000219
3318,170240,61.0819091796875,67,0.8008000000000219
3319,170240,39.98301315307617,45,0.8008000000000219
3320,170496,141.83795166015625,147,0.800500000000022
3321,170496,39.35932540893555,44,0.800500000000022
3322,170496,49.336753845214844,55,0.800500000000022
3323,170496,31.442035675048828,37,0.800500000000022
3324,170752,44.0771369934082,50,0.800200000000022
3325,170752,57.63538360595703,63,0.800200000000022
3326,170752,19.473134994506836,24,0.800200000000022
3327,170752,64.52581787109375,70,0.800200000000022
3328,171008,48.178558349609375,53,0.799900000000022
3329,171008,62.160491943359375,67,0.799900000000022
3330,171008,20.66908836364746,25,0.799900000000022
3331,171264,45.17414093017578,50,0.7996000000000221
3332,171264,22.039785385131836,27,0.7996000000000221
3333,171264,56.441070556640625,61,0.7996000000000221
3334,171264,27.265914916992188,32,0.7996000000000221
3335,171264,42.150386810302734,48,0.7996000000000221
3336,171264,26.606027603149414,32,0.7996000000000221
3337,171264,25.387950897216797,30,0.7996000000000221
3338,171264,105.38902282714844,111,0.7996000000000221
3339,171264,43.48908996582031,48,0.7996000000000221
3340,171520,19.8865966796875,25,0.7993000000000221
3341,171520,27.490211486816406,33,0.7993000000000221
3342,171520,36.12539291381836,41,0.7993000000000221
3343,171520,43.513427734375,48,0.7993000000000221
3344,171520,39.358665466308594,44,0.7993000000000221
3345,171520,27.671886444091797,33,0.7993000000000221
3346,171776,30.46291160583496,35,0.7990000000000221
3347,171776,18.559139251708984,23,0.7990000000000221
3348,171776,12.488072395324707,17,0.7990000000000221
3349,171776,31.306615829467773,36,0.7990000000000221
3350,171776,28.73023223876953,34,0.7990000000000221
3351,172032,53.80971145629883,59,0.7987000000000222
3352,172032,28.426755905151367,33,0.7987000000000222
3353,172032,30.225839614868164,35,0.7987000000000222
3354,172288,53.06368637084961,58,0.7984000000000222
3355,172288,26.869468688964844,32,0.7984000000000222
3356,172288,23.36259651184082,28,0.7984000000000222
3357,172288,61.69083023071289,67,0.7984000000000222
3358,172288,39.373069763183594,44,0.7984000000000222
3359,172288,27.15401268005371,32,0.7984000000000222
3360,172288,14.457880973815918,19,0.7984000000000222
3361,172288,31.200647354125977,36,0.7984000000000222
3362,172288,38.359901428222656,43,0.7984000000000222
3363,172288,66.15789031982422,72,0.7984000000000222
3364,172544,50.72568893432617,56,0.7981000000000222
3365,172544,42.15427017211914,47,0.7981000000000222
3366,172544,36.82488250732422,43,0.7981000000000222
3367,172544,28.013071060180664,33,0.7981000000000222
3368,172544,14.472917556762695,19,0.7981000000000222
3369,172800,77.37797546386719,83,0.7978000000000223
3370,172800,44.16344451904297,49,0.7978000000000223
3371,172800,15.266135215759277,20,0.7978000000000223
3372,172800,22.955028533935547,28,0.7978000000000223
3373,173056,35.56342315673828,40,0.7975000000000223
3374,173056,27.027490615844727,32,0.7975000000000223
3375,173056,39.21822738647461,44,0.7975000000000223
3376,173056,21.793996810913086,27,0.7975000000000223
3377,173056,39.44440841674805,44,0.7975000000000223
3378,173056,20.724733352661133,26,0.7975000000000223
3379,173312,45.03196716308594,50,0.7972000000000223
3380,173312,58.486934661865234,63,0.7972000000000223
3381,173568,74.03300476074219,79,0.7969000000000224
3382,173568,42.90279769897461,48,0.7969000000000224
3383,173568,93.93955993652344,99,0.7969000000000224
3384,173568,38.88738250732422,44,0.7969000000000224
3385,173824,39.277076721191406,44,0.7966000000000224
3386,173824,42.69940948486328,48,0.7966000000000224
3387,173824,37.0998649597168,42,0.7966000000000224
3388,173824,15.284127235412598,20,0.7966000000000224
3389,173824,22.02522850036621,27,0.7966000000000224
3390,173824,54.39348220825195,59,0.7966000000000224
3391,174080,34.024635314941406,39,0.7963000000000224
3392,174080,27.832494735717773,32,0.7963000000000224
3393,174336,27.738983154296875,33,0.7960000000000225
3394,174336,19.157737731933594,24,0.7960000000000225
3395,174336,132.9114990234375,139,0.7960000000000225
3396,174336,23.06297492980957,28,0.7960000000000225
3397,174336,18.252498626708984,23,0.7960000000000225
3398,174336,20.994792938232422,26,0.7960000000000225
3399,174592,39.676883697509766,45,0.7957000000000225
3400,174592,68.90084075927734,74,0.7957000000000225
3401,174592,28.078304290771484,33,0.7957000000000225
3402,174848,25.457801818847656,30,0.7954000000000225
3403,174848,23.57444953918457,28,0.7954000000000225
3404,174848,26.39483070373535,32,0.7954000000000225
3405,174848,79.96476745605469,85,0.7954000000000225
3406,174848,20.5082950592041,25,0.7954000000000225
3407,175104,22.97276496887207,28,0.7951000000000226
3408,175104,72.8932113647461,78,0.7951000000000226
3409,175104,50.325469970703125,55,0.7951000000000226
3410,175104,69.8841781616211,75,0.7951000000000226
3411,175360,48.171695709228516,53,0.7948000000000226
3412,175360,52.69288635253906,58,0.7948000000000226
3413,175360,19.1519775390625,24,0.7948000000000226
3414,175360,22.59025001525879,27,0.7948000000000226
3415,175360,45.123695373535156,50,0.7948000000000226
3416,175360,88.1500015258789,94,0.7948000000000226
3417,175616,23.707618713378906,29,0.7945000000000226
3418,175616,32.07573699951172,38,0.7945000000000226
3419,175616,45.8115119934082,52,0.7945000000000226
3420,175616,29.385160446166992,34,0.7945000000000226
3421,175616,25.84892463684082,31,0.7945000000000226
3422,175616,13.395816802978516,18,0.7945000000000226
3423,175616,57.65916442871094,62,0.7945000000000226
3424,175616,18.44326400756836,23,0.7945000000000226
3425,175616,61.377281188964844,67,0.7945000000000226
3426,175616,37.482967376708984,42,0.7945000000000226
3427,175872,18.93425178527832,24,0.7942000000000227
3428,175872,55.78860092163086,61,0.7942000000000227
3429,175872,33.78190612792969,39,0.7942000000000227
3430,176128,57.47583770751953,62,0.7939000000000227
3431,176128,43.10254669189453,49,0.7939000000000227
3432,176128,29.716806411743164,35,0.7939000000000227
3433,176128,34.94509506225586,40,0.7939000000000227
3434,176128,19.029674530029297,24,0.7939000000000227
3435,176128,82.66958618164062,88,0.7939000000000227
3436,176128,32.42407989501953,37,0.7939000000000227
3437,176128,37.78798294067383,43,0.7939000000000227
3438,176128,45.2696647644043,50,0.7939000000000227
3439,176384,40.469940185546875,45,0.7936000000000227
3440,176384,44.02742004394531,49,0.7936000000000227
3441,176384,23.70116424560547,29,0.7936000000000227
3442,176384,37.62708282470703,42,0.7936000000000227
3443,176384,76.173583984375,81,0.7936000000000227
3444,176640,74.03865814208984,79,0.7933000000000228
3445,176640,32.229549407958984,37,0.7933000000000228
3446,176640,30.48306655883789,35,0.7933000000000228
3447,176896,57.70397186279297,63,0.7930000000000228
3448,176896,24.632057189941406,30,0.7930000000000228
3449,176896,19.12564468383789,24,0.7930000000000228
3450,176896,48.108116149902344,53,0.7930000000000228
3451,176896,24.24514389038086,29,0.7930000000000228
3452,176896,26.58313751220703,31,0.7930000000000228
3453,177152,40.501773834228516,46,0.7927000000000228
3454,177152,40.50522232055664,45,0.7927000000000228
3455,177152,22.124977111816406,27,0.7927000000000228
3456,177152,34.06988525390625,39,0.7927000000000228
3457,177152,67.76859283447266,73,0.7927000000000228
3458,177152,54.39735794067383,59,0.7927000000000228
3459,177408,21.892311096191406,27,0.7924000000000229
3460,177408,19.28096580505371,24,0.7924000000000229
3461,177408,61.07828903198242,67,0.7924000000000229
3462,177408,34.47441864013672,39,0.7924000000000229
3463,177408,63.690940856933594,69,0.7924000000000229
3464,177664,30.58940887451172,35,0.7921000000000229
3465,177664,21.09007453918457,26,0.7921000000000229
3466,177664,79.60081481933594,85,0.7921000000000229
3467,177664,36.265960693359375,41,0.7921000000000229
3468,177664,31.56527328491211,37,0.7921000000000229
3469,177664,25.51651954650879,30,0.7921000000000229
3470,177920,20.435348510742188,25,0.7918000000000229
3471,177920,89.17872619628906,95,0.7918000000000229
3472,177920,29.32136344909668,34,0.7918000000000229
3473,177920,72.10809326171875,78,0.7918000000000229
3474,177920,39.84774398803711,45,0.7918000000000229
3475,177920,62.01483154296875,67,0.7918000000000229
3476,177920,27.451753616333008,32,0.7918000000000229
3477,177920,31.102975845336914,36,0.7918000000000229
3478,177920,21.214672088623047,26,0.7918000000000229
3479,177920,45.05342483520508,50,0.7918000000000229
3480,177920,50.77689743041992,56,0.7918000000000229
3481,177920,62.445884704589844,68,0.7918000000000229
3482,177920,35.528564453125,41,0.7918000000000229
3483,178176,90.89768981933594,96,0.791500000000023
3484,178176,29.386722564697266,34,0.791500000000023
3485,178176,20.060693740844727,25,0.791500000000023
3486,178176,49.345272064208984,54,0.791500000000023
3487,178176,38.533973693847656,43,0.791500000000023
3488,178432,29.987625122070312,35,0.791200000000023
3489,178432,25.41551971435547,31,0.791200000000023
3490,178432,44.105140686035156,49,0.791200000000023
3491,178432,25.531686782836914,30,0.791200000000023
3492,178688,54.852115631103516,61,0.790900000000023
3493,178688,20.56314468383789,25,0.790900000000023
3494,178688,27.7984561920166,33,0.790900000000023
3495,178944,13.399187088012695,18,0.7906000000000231
3496,178944,48.93566131591797,55,0.7906000000000231
3497,178944,67.26599884033203,74,0.7906000000000231
3498,178944,55.220481872558594,60,0.7906000000000231
3499,178944,82.69895935058594,89,0.7906000000000231
3500,178944,57.322296142578125,62,0.7906000000000231
3501,179200,30.470346450805664,35,0.7903000000000231
3502,179200,50.99907684326172,56,0.7903000000000231
3503,179200,37.08506774902344,42,0.7903000000000231
3504,179200,59.21083450317383,64,0.7903000000000231
3505,179200,29.410079956054688,35,0.7903000000000231
3506,179200,54.005306243896484,59,0.7903000000000231
3507,179456,21.07914161682129,26,0.7900000000000231
3508,179456,58.68645477294922,64,0.7900000000000231
3509,179456,28.062997817993164,33,0.7900000000000231
3510,179456,37.357276916503906,42,0.7900000000000231
3511,179456,23.05575942993164,28,0.7900000000000231
3512,179456,51.47244644165039,57,0.7900000000000231
3513,179456,38.66619873046875,44,0.7900000000000231
3514,179712,27.064353942871094,32,0.7897000000000232
3515,179712,37.67192840576172,43,0.7897000000000232
3516,179712,28.107065200805664,33,0.7897000000000232
3517,179968,94.1261215209961,99,0.7894000000000232
3518,179968,37.21011734008789,42,0.7894000000000232
3519,179968,78.92146301269531,84,0.7894000000000232
3520,179968,25.37916374206543,30,0.7894000000000232
3521,179968,23.808258056640625,29,0.7894000000000232
3522,180224,14.341572761535645,19,0.7891000000000232
3523,180224,35.285552978515625,40,0.7891000000000232
3524,180224,53.3482666015625,58,0.7891000000000232
3525,180224,51.721797943115234,57,0.7891000000000232
3526,180480,43.897029876708984,50,0.7888000000000233
3527,180480,39.282012939453125,45,0.7888000000000233
3528,180480,30.274375915527344,35,0.7888000000000233
3529,180480,27.456483840942383,32,0.7888000000000233
3530,180480,20.886859893798828,26,0.7888000000000233
3531,180736,40.01222229003906,45,0.7885000000000233
3532,180736,37.25413513183594,42,0.7885000000000233
3533,180736,31.92552947998047,37,0.7885000000000233
3534,180736,29.070560455322266,35,0.7885000000000233
3535,180736,16.058032989501953,21,0.7885000000000233
3536,180992,28.14715003967285,34,0.7882000000000233
3537,180992,41.72779846191406,47,0.7882000000000233
3538,180992,64.63733673095703,70,0.7882000000000233
3539,180992,57.66935348510742,64,0.7882000000000233
3540,180992,32.502708435058594,37,0.7882000000000233
3541,181248,52.350948333740234,57,0.7879000000000234
3542,181248,19.7971134185791,25,0.7879000000000234
3543,181248,41.22825622558594,46,0.7879000000000234
3544,181248,59.82850646972656,65,0.7879000000000234
3545,181248,40.09466552734375,45,0.7879000000000234
3546,181248,79.92726135253906,85,0.7879000000000234
3547,181248,27.731624603271484,32,0.7879000000000234
3548,181248,46.23775863647461,51,0.7879000000000234
3549,181504,30.07940673828125,35,0.7876000000000234
3550,181504,25.449045181274414,31,0.7876000000000234
3551,181504,27.92344856262207,33,0.7876000000000234
3552,181760,28.24854278564453,33,0.7873000000000234
3553,181760,46.39460372924805,51,0.7873000000000234
3554,181760,41.26498031616211,46,0.7873000000000234
3555,181760,33.98991394042969,39,0.7873000000000234
3556,181760,35.90438461303711,41,0.7873000000000234
3557,181760,26.85454750061035,32,0.7873000000000234
3558,181760,21.06241226196289,26,0.7873000000000234
3559,181760,33.52032470703125,38,0.7873000000000234
3560,181760,19.027870178222656,24,0.7873000000000234
3561,181760,56.934852600097656,62,0.7873000000000234
3562,181760,43.46228790283203,48,0.7873000000000234
3563,181760,55.70709991455078,61,0.7873000000000234
3564,181760,19.002601623535156,24,0.7873000000000234
3565,182016,120.22999572753906,126,0.7870000000000235
3566,182016,26.694564819335938,31,0.7870000000000235
3567,182016,53.92860412597656,59,0.7870000000000235
3568,182016,57.65616989135742,63,0.7870000000000235
3569,182272,36.14007568359375,41,0.7867000000000235
3570,182272,18.42700958251953,23,0.7867000000000235
3571,182272,24.8928279876709,30,0.7867000000000235
3572,182272,90.32079315185547,96,0.7867000000000235
3573,182528,24.295461654663086,29,0.7864000000000235
3574,182528,42.839473724365234,48,0.7864000000000235
3575,182528,23.349132537841797,28,0.7864000000000235
3576,182528,39.56755447387695,44,0.7864000000000235
3577,182528,60.575111389160156,65,0.7864000000000235
3578,182528,32.89402389526367,38,0.7864000000000235
3579,182528,41.853782653808594,47,0.7864000000000235
3580,182784,96.88904571533203,103,0.7861000000000236
3581,182784,21.074390411376953,26,0.7861000000000236
3582,182784,42.75446319580078,48,0.7861000000000236
3583,183040,71.75827026367188,77,0.7858000000000236
3584,183040,41.25707244873047,46,0.7858000000000236
3585,183040,54.565574645996094,60,0.7858000000000236
3586,183040,35.71958923339844,42,0.7858000000000236
3587,183040,36.335289001464844,41,0.7858000000000236
3588,183040,19.175559997558594,24,0.7858000000000236
3589,183040,56.11150360107422,61,0.7858000000000236
3590,183040,24.07394027709961,29,0.7858000000000236
3591,183296,23.75423812866211,29,0.7855000000000236
3592,183296,49.08318328857422,54,0.7855000000000236
3593,183296,16.319921493530273,21,0.7855000000000236
3594,183296,16.321409225463867,21,0.7855000000000236
3595,183552,21.829896926879883,27,0.7852000000000237
3596,183552,53.191776275634766,58,0.7852000000000237
3597,183552,51.25553894042969,57,0.7852000000000237
3598,183552,42.653228759765625,48,0.7852000000000237
3599,183808,64.41829681396484,69,0.7849000000000237
3600,183808,86.14950561523438,92,0.7849000000000237
3601,183808,101.36375427246094,107,0.7849000000000237
3602,183808,22.141952514648438,27,0.7849000000000237
3603,184064,69.76837921142578,75,0.7846000000000237
3604,184064,78.70763397216797,85,0.7846000000000237
3605,184064,38.44621276855469,43,0.7846000000000237
3606,184064,24.35824203491211,30,0.7846000000000237
3607,184064,56.852691650390625,62,0.7846000000000237
3608,184064,12.517236709594727,17,0.7846000000000237
3609,184064,28.27347183227539,33,0.7846000000000237
3610,184320,22.653095245361328,27,0.7843000000000238
3611,184320,23.083539962768555,28,0.7843000000000238
3612,184320,42.738346099853516,48,0.7843000000000238
3613,184320,26.955184936523438,32,0.7843000000000238
3614,184320,41.02207565307617,46,0.7843000000000238
3615,184320,56.702579498291016,62,0.7843000000000238
3616,184320,70.00056457519531,75,0.7843000000000238
3617,184320,24.51591682434082,29,0.7843000000000238
3618,184576,20.925508499145508,26,0.7840000000000238
3619,184576,77.21714782714844,84,0.7840000000000238
3620,184576,30.623666763305664,35,0.7840000000000238
3621,184576,40.441463470458984,45,0.7840000000000238
3622,184576,18.012126922607422,23,0.7840000000000238
3623,184576,32.663291931152344,38,0.7840000000000238
3624,184576,64.03675842285156,70,0.7840000000000238
3625,184576,16.251405715942383,21,0.7840000000000238
3626,184576,34.242549896240234,39,0.7840000000000238
3627,184832,25.00641632080078,30,0.7837000000000238
3628,184832,16.400821685791016,21,0.7837000000000238
3629,184832,91.96131134033203,97,0.7837000000000238
3630,184832,29.43021583557129,34,0.7837000000000238
3631,184832,38.4145393371582,43,0.7837000000000238
3632,184832,29.29819107055664,34,0.7837000000000238
3633,185088,48.27531814575195,53,0.7834000000000239
3634,185088,82.40335845947266,87,0.7834000000000239
3635,185088,53.95457077026367,59,0.7834000000000239
3636,185088,38.131996154785156,43,0.7834000000000239
3637,185344,24.034719467163086,29,0.7831000000000239
3638,185344,41.350059509277344,46,0.7831000000000239
3639,185344,98.97627258300781,105,0.7831000000000239
3640,185344,20.95868492126465,26,0.7831000000000239
3641,185344,24.356618881225586,29,0.7831000000000239
3642,185600,34.32569122314453,39,0.7828000000000239
3643,185600,52.90288543701172,58,0.7828000000000239
3644,185600,21.53293800354004,26,0.7828000000000239
3645,185600,25.11408805847168,30,0.7828000000000239
3646,185600,48.28987121582031,53,0.7828000000000239
3647,185856,26.04726219177246,31,0.782500000000024
3648,185856,21.0721492767334,26,0.782500000000024
3649,185856,58.67451095581055,64,0.782500000000024
3650,185856,23.74774169921875,29,0.782500000000024
3651,185856,15.335607528686523,20,0.782500000000024
3652,185856,21.473304748535156,27,0.782500000000024
3653,185856,36.68461608886719,42,0.782500000000024
3654,186112,48.93096923828125,54,0.782200000000024
3655,186112,36.29327392578125,41,0.782200000000024
3656,186112,16.603538513183594,21,0.782200000000024
3657,186112,39.97280502319336,45,0.782200000000024
3658,186112,70.0301742553711,75,0.782200000000024
3659,186112,43.417930603027344,48,0.782200000000024
3660,186112,30.928865432739258,36,0.782200000000024
3661,186112,26.336957931518555,31,0.782200000000024
3662,186112,22.229406356811523,27,0.782200000000024
3663,186112,26.824161529541016,32,0.782200000000024
3664,186368,28.19614028930664,33,0.781900000000024
3665,186368,26.323577880859375,31,0.781900000000024
3666,186368,27.868572235107422,33,0.781900000000024
3667,186368,20.27888298034668,25,0.781900000000024
3668,186368,29.071041107177734,34,0.781900000000024
3669,186368,86.99351501464844,93,0.781900000000024
3670,186368,49.31199264526367,54,0.781900000000024
3671,186624,36.17121887207031,41,0.781600000000024
3672,186624,51.833984375,58,0.781600000000024
3673,186624,60.07456970214844,65,0.781600000000024
3674,186624,23.166776657104492,28,0.781600000000024
3675,186624,17.186458587646484,22,0.781600000000024
3676,186880,41.88368606567383,47,0.7813000000000241
3677,186880,34.457550048828125,39,0.7813000000000241
3678,186880,32.201053619384766,37,0.7813000000000241
3679,186880,26.555644989013672,31,0.7813000000000241
3680,186880,16.602846145629883,21,0.7813000000000241
3681,186880,35.98931884765625,41,0.7813000000000241
3682,186880,22.220781326293945,27,0.7813000000000241
3683,186880,47.220394134521484,52,0.7813000000000241
3684,186880,63.79603958129883,69,0.7813000000000241
3685,187136,40.157920837402344,45,0.7810000000000241
3686,187136,16.27450942993164,21,0.7810000000000241
3687,187136,26.278244018554688,32,0.7810000000000241
3688,187392,32.16010284423828,38,0.7807000000000242
3689,187392,40.50787353515625,46,0.7807000000000242
3690,187392,19.277992248535156,24,0.7807000000000242
3691,187392,53.622779846191406,59,0.7807000000000242
3692,187392,36.99357604980469,42,0.7807000000000242
3693,187392,89.9491195678711,95,0.7807000000000242
3694,187648,43.54477310180664,49,0.7804000000000242
3695,187648,24.66830825805664,29,0.7804000000000242
3696,187648,36.436500549316406,41,0.7804000000000242
3697,187648,24.907960891723633,30,0.7804000000000242
3698,187648,64.2468032836914,70,0.7804000000000242
3699,187648,40.42752456665039,45,0.7804000000000242
3700,187904,41.095367431640625,46,0.7801000000000242
3701,187904,24.610519409179688,30,0.7801000000000242
3702,187904,28.811664581298828,34,0.7801000000000242
3703,187904,29.967975616455078,35,0.7801000000000242
3704,187904,40.49040222167969,45,0.7801000000000242
3705,188160,65.36685180664062,72,0.7798000000000243
3706,188160,71.69731903076172,78,0.7798000000000243
3707,188160,119.02994537353516,124,0.7798000000000243
3708,188160,54.29804229736328,59,0.7798000000000243
3709,188160,22.724472045898438,28,0.7798000000000243
3710,188160,24.260051727294922,29,0.7798000000000243
3711,188160,69.73904418945312,75,0.7798000000000243
3712,188160,57.48732376098633,62,0.7798000000000243
3713,188160,39.2490119934082,44,0.7798000000000243
3714,188160,21.01092529296875,26,0.7798000000000243
3715,188416,50.407222747802734,55,0.7795000000000243
3716,188416,35.78301239013672,41,0.7795000000000243
3717,188416,76.50811004638672,82,0.7795000000000243
3718,188416,28.293596267700195,33,0.7795000000000243
3719,188672,23.28590202331543,28,0.7792000000000243
3720,188672,32.45985412597656,37,0.7792000000000243
3721,188672,17.236412048339844,22,0.7792000000000243
3722,188672,38.732749938964844,43,0.7792000000000243
3723,188672,21.73764419555664,27,0.7792000000000243
3724,188672,53.116878509521484,58,0.7792000000000243
3725,188672,11.49819278717041,16,0.7792000000000243
3726,188672,39.40824890136719,44,0.7792000000000243
3727,188928,64.26593017578125,69,0.7789000000000244
3728,188928,76.71603393554688,82,0.7789000000000244
3729,188928,39.356590270996094,44,0.7789000000000244
3730,188928,50.377113342285156,55,0.7789000000000244
3731,188928,51.9307861328125,57,0.7789000000000244
3732,188928,36.215492248535156,41,0.7789000000000244
3733,189440,21.26339340209961,26,0.7783000000000244
3734,189440,25.410499572753906,30,0.7783000000000244
3735,189440,27.58012580871582,32,0.7783000000000244
3736,189440,42.20642852783203,47,0.7783000000000244
3737,189440,25.2559814453125,30,0.7783000000000244
3738,189440,43.19517517089844,48,0.7783000000000244
3739,189440,30.377161026000977,35,0.7783000000000244
3740,189440,31.2239990234375,36,0.7783000000000244
3741,189440,24.445707321166992,30,0.7783000000000244
3742,189696,28.558826446533203,33,0.7780000000000244
3743,189696,16.14046859741211,21,0.7780000000000244
3744,189696,20.206998825073242,25,0.7780000000000244
3745,189696,79.75511932373047,85,0.7780000000000244
3746,189696,18.330028533935547,23,0.7780000000000244
3747,189696,90.89286041259766,96,0.7780000000000244
3748,189952,44.19480895996094,49,0.7777000000000245
3749,189952,67.61698913574219,72,0.7777000000000245
3750,189952,21.931781768798828,27,0.7777000000000245
3751,189952,30.038793563842773,35,0.7777000000000245
3752,189952,29.733619689941406,35,0.7777000000000245
3753,190208,28.675220489501953,33,0.7774000000000245
3754,190208,55.17781066894531,60,0.7774000000000245
3755,190208,19.3070125579834,24,0.7774000000000245
3756,190464,47.354122161865234,52,0.7771000000000245
3757,190464,28.57989501953125,33,0.7771000000000245
3758,190464,15.320659637451172,20,0.7771000000000245
3759,190464,27.277385711669922,32,0.7771000000000245
3760,190720,14.493863105773926,19,0.7768000000000246
3761,190720,48.083465576171875,53,0.7768000000000246
3762,190720,37.43071746826172,42,0.7768000000000246
3763,190720,30.248321533203125,35,0.7768000000000246
3764,190720,30.413469314575195,35,0.7768000000000246
3765,190720,31.89527702331543,37,0.7768000000000246
3766,190720,83.70503997802734,89,0.7768000000000246
3767,190720,18.3228702545166,23,0.7768000000000246
3768,190720,45.500701904296875,50,0.7768000000000246
3769,190976,16.126070022583008,21,0.7765000000000246
3770,190976,54.14368438720703,59,0.7765000000000246
3771,190976,67.6944580078125,73,0.7765000000000246
3772,191232,25.40851593017578,30,0.7762000000000246
3773,191232,77.44830322265625,83,0.7762000000000246
3774,191232,66.5362777709961,72,0.7762000000000246
3775,191232,54.265010833740234,59,0.7762000000000246
3776,191232,24.392810821533203,29,0.7762000000000246
3777,191488,18.02726936340332,23,0.7759000000000247
3778,191488,16.36471939086914,21,0.7759000000000247
3779,191488,46.252140045166016,51,0.7759000000000247
3780,191744,24.229822158813477,29,0.7756000000000247
3781,191744,34.014400482177734,39,0.7756000000000247
3782,191744,64.85621643066406,70,0.7756000000000247
3783,192000,23.074682235717773,28,0.7753000000000247
3784,192000,88.27420043945312,93,0.7753000000000247
3785,192000,35.07191848754883,40,0.7753000000000247
3786,192000,43.484981536865234,49,0.7753000000000247
3787,192000,89.16419219970703,94,0.7753000000000247
3788,192000,44.371116638183594,49,0.7753000000000247
3789,192000,20.687118530273438,25,0.7753000000000247
3790,192256,63.37125778198242,70,0.7750000000000248
3791,192256,24.683900833129883,30,0.7750000000000248
3792,192256,49.36791229248047,55,0.7750000000000248
3793,192256,23.454456329345703,28,0.7750000000000248
3794,192256,81.41022491455078,87,0.7750000000000248
3795,192256,30.105121612548828,35,0.7750000000000248
3796,192256,24.601947784423828,29,0.7750000000000248
3797,192256,33.38824462890625,38,0.7750000000000248
3798,192512,19.09423065185547,24,0.7747000000000248
3799,192512,19.928184509277344,25,0.7747000000000248
3800,192512,66.01068878173828,71,0.7747000000000248
3801,192512,37.38066101074219,42,0.7747000000000248
3802,192512,22.232563018798828,27,0.7747000000000248
3803,192512,58.05410385131836,63,0.7747000000000248
3804,192512,41.85761260986328,47,0.7747000000000248
3805,192512,32.8714599609375,38,0.7747000000000248
3806,192512,35.42918395996094,40,0.7747000000000248
3807,192512,71.56669616699219,77,0.7747000000000248
3808,192512,26.207361221313477,31,0.7747000000000248
3809,192768,28.41624641418457,33,0.7744000000000248
3810,192768,34.77250671386719,40,0.7744000000000248
3811,192768,27.604463577270508,32,0.7744000000000248
3812,192768,18.138717651367188,23,0.7744000000000248
3813,192768,53.59332275390625,59,0.7744000000000248
3814,192768,25.71728515625,31,0.7744000000000248
3815,192768,28.882301330566406,34,0.7744000000000248
3816,192768,60.82648468017578,66,0.7744000000000248
3817,192768,22.16817855834961,27,0.7744000000000248
3818,193024,16.368160247802734,21,0.7741000000000249
3819,193024,46.8933219909668,53,0.7741000000000249
3820,193024,81.93314361572266,87,0.7741000000000249
3821,193024,19.450382232666016,24,0.7741000000000249
3822,193024,27.099117279052734,32,0.7741000000000249
3823,193024,71.84864807128906,77,0.7741000000000249
3824,193024,34.41745376586914,39,0.7741000000000249
3825,193024,27.96686363220215,33,0.7741000000000249
3826,193024,15.235913276672363,20,0.7741000000000249
3827,193024,54.181182861328125,59,0.7741000000000249
3828,193024,17.411426544189453,22,0.7741000000000249
3829,193280,36.87703323364258,42,0.7738000000000249
3830,193280,22.128185272216797,27,0.7738000000000249
3831,193280,36.90102005004883,43,0.7738000000000249
3832,193280,14.237495422363281,19,0.7738000000000249
3833,193280,20.159927368164062,25,0.7738000000000249
3834,193280,26.765024185180664,32,0.7738000000000249
3835,193280,19.855878829956055,25,0.7738000000000249
3836,193536,20.46122169494629,25,0.773500000000025
3837,193536,16.06148910522461,21,0.773500000000025
3838,193536,37.7838134765625,43,0.773500000000025
3839,193792,42.673587799072266,47,0.773200000000025
3840,194048,26.847984313964844,32,0.772900000000025
3841,194048,96.02291870117188,101,0.772900000000025
3842,194048,54.15098190307617,59,0.772900000000025
3843,194048,136.06634521484375,141,0.772900000000025
3844,194048,51.91123962402344,57,0.772900000000025
3845,194048,26.929248809814453,32,0.772900000000025
3846,194304,18.174779891967773,23,0.772600000000025
3847,194304,21.98975372314453,27,0.772600000000025
3848,194304,24.353363037109375,29,0.772600000000025
3849,194304,48.60353469848633,55,0.772600000000025
3850,194304,66.7202377319336,73,0.772600000000025
3851,194304,30.36488914489746,35,0.772600000000025
3852,194560,27.841787338256836,33,0.7723000000000251
3853,194560,17.173583984375,22,0.7723000000000251
3854,194560,36.10590362548828,41,0.7723000000000251
3855,194560,20.42023277282715,25,0.7723000000000251
3856,194560,52.952178955078125,58,0.7723000000000251
3857,194560,33.50590133666992,39,0.7723000000000251
3858,194560,34.88141632080078,40,0.7723000000000251
3859,194816,31.424270629882812,36,0.7720000000000251
3860,194816,76.20817565917969,82,0.7720000000000251
3861,194816,41.12639617919922,46,0.7720000000000251
3862,194816,29.86011505126953,35,0.7720000000000251
3863,195072,49.32903289794922,54,0.7717000000000251
3864,195072,33.48651885986328,38,0.7717000000000251
3865,195072,17.092933654785156,22,0.7717000000000251
3866,195072,51.287445068359375,56,0.7717000000000251
3867,195328,43.527400970458984,48,0.7714000000000252
3868,195328,22.076425552368164,27,0.7714000000000252
3869,195328,21.081003189086914,26,0.7714000000000252
3870,195328,49.772300720214844,55,0.7714000000000252
3871,195328,31.459083557128906,36,0.7714000000000252
3872,195328,30.59392738342285,35,0.7714000000000252
3873,195584,24.22694969177246,29,0.7711000000000252
3874,195584,54.42987060546875,59,0.7711000000000252
3875,195584,14.49344539642334,19,0.7711000000000252
3876,195584,30.061115264892578,35,0.7711000000000252
3877,195840,74.19469451904297,80,0.7708000000000252
3878,195840,38.437538146972656,44,0.7708000000000252
3879,195840,24.87818145751953,30,0.7708000000000252
3880,195840,30.966838836669922,36,0.7708000000000252
3881,195840,31.98574447631836,37,0.7708000000000252
3882,196096,28.195837020874023,33,0.7705000000000253
3883,196096,65.10293579101562,70,0.7705000000000253
3884,196096,31.469337463378906,37,0.7705000000000253
3885,196096,31.064388275146484,36,0.7705000000000253
3886,196096,27.057714462280273,32,0.7705000000000253
3887,196096,50.40413284301758,55,0.7705000000000253
3888,196352,14.201481819152832,19,0.7702000000000253
3889,196352,31.97162437438965,37,0.7702000000000253
3890,196352,27.449554443359375,32,0.7702000000000253
3891,196352,33.11439514160156,38,0.7702000000000253
3892,196352,34.583656311035156,40,0.7702000000000253
3893,196352,18.500141143798828,23,0.7702000000000253
3894,196352,25.54954719543457,31,0.7702000000000253
3895,196352,41.443748474121094,46,0.7702000000000253
3896,196352,42.215232849121094,47,0.7702000000000253
3897,196608,21.745351791381836,27,0.7699000000000253
3898,196608,58.00688934326172,63,0.7699000000000253
3899,196608,19.9608211517334,25,0.7699000000000253
3900,196608,42.27056121826172,47,0.7699000000000253
3901,196864,37.07443618774414,42,0.7696000000000254
3902,196864,37.40038299560547,42,0.7696000000000254
3903,196864,62.4726448059082,68,0.7696000000000254
3904,196864,79.15098571777344,84,0.7696000000000254
3905,196864,79.12142181396484,84,0.7696000000000254
3906,197120,21.045822143554688,26,0.7693000000000254
3907,197120,16.08245086669922,21,0.7693000000000254
3908,197120,40.34223937988281,46,0.7693000000000254
3909,197120,41.30310821533203,46,0.7693000000000254
3910,197376,17.43003273010254,22,0.7690000000000254
3911,197376,32.40616989135742,37,0.7690000000000254
3912,197376,24.2504940032959,29,0.7690000000000254
3913,197632,20.425777435302734,25,0.7687000000000255
3914,197632,40.51585006713867,45,0.7687000000000255
3915,197632,21.599205017089844,27,0.7687000000000255
3916,197632,60.14633560180664,65,0.7687000000000255
3917,197632,43.53508377075195,49,0.7687000000000255
3918,197632,51.48202896118164,56,0.7687000000000255
3919,197632,72.80501556396484,78,0.7687000000000255
3920,197888,34.35163497924805,39,0.7684000000000255
3921,197888,30.600906372070312,35,0.7684000000000255
3922,197888,25.208234786987305,30,0.7684000000000255
3923,197888,33.09152603149414,38,0.7684000000000255
3924,197888,49.151824951171875,54,0.7684000000000255
3925,198144,28.181846618652344,33,0.7681000000000255
3926,198144,35.1893196105957,40,0.7681000000000255
3927,198144,49.211585998535156,55,0.7681000000000255
3928,198400,16.1630859375,21,0.7678000000000256
3929,198400,59.91929626464844,65,0.7678000000000256
3930,198400,20.33171844482422,25,0.7678000000000256
3931,198400,55.3685188293457,60,0.7678000000000256
3932,198400,27.310487747192383,32,0.7678000000000256
3933,198400,50.5821647644043,55,0.7678000000000256
3934,198400,44.23491287231445,49,0.7678000000000256
3935,198400,73.56065368652344,79,0.7678000000000256
3936,198656,43.09415054321289,48,0.7675000000000256
3937,198656,26.29117202758789,31,0.7675000000000256
3938,198656,18.621810913085938,23,0.7675000000000256
3939,198656,21.84701156616211,27,0.7675000000000256
3940,198656,31.586271286010742,36,0.7675000000000256
3941,198656,31.24430274963379,36,0.7675000000000256
3942,198656,18.36956787109375,23,0.7675000000000256
3943,198912,36.31647491455078,42,0.7672000000000256
3944,198912,14.191496849060059,19,0.7672000000000256
3945,198912,25.269668579101562,30,0.7672000000000256
3946,198912,33.821815490722656,39,0.7672000000000256
3947,198912,22.111745834350586,27,0.7672000000000256
3948,199168,28.107196807861328,33,0.7669000000000257
3949,199168,46.15907287597656,51,0.7669000000000257
3950,199168,40.89016342163086,46,0.7669000000000257
3951,199168,27.803085327148438,33,0.7669000000000257
3952,199168,25.642066955566406,31,0.7669000000000257
3953,199168,30.050708770751953,36,0.7669000000000257
3954,199168,35.84677505493164,41,0.7669000000000257
3955,199424,32.402408599853516,37,0.7666000000000257
3956,199424,60.351593017578125,66,0.7666000000000257
3957,199424,22.457002639770508,27,0.7666000000000257
3958,199424,21.31081771850586,26,0.7666000000000257
3959,199424,92.93248748779297,98,0.7666000000000257
3960,199424,62.76492691040039,68,0.7666000000000257
3961,199424,24.0726318359375,29,0.7666000000000257
3962,199424,85.88136291503906,91,0.7666000000000257
3963,199680,38.24666976928711,43,0.7663000000000257
3964,199680,54.669803619384766,60,0.7663000000000257
3965,199680,19.87822914123535,25,0.7663000000000257
3966,199680,24.28175163269043,29,0.7663000000000257
3967,199680,23.04757308959961,28,0.7663000000000257
3968,199680,111.21929168701172,117,0.7663000000000257
3969,199680,45.148109436035156,50,0.7663000000000257
3970,199936,46.317787170410156,51,0.7660000000000258
3971,199936,29.061176300048828,34,0.7660000000000258
3972,199936,21.66007423400879,26,0.7660000000000258
3973,199936,13.373088836669922,18,0.7660000000000258
3974,199936,25.861530303955078,31,0.7660000000000258
3975,199936,43.77290344238281,49,0.7660000000000258
3976,200192,36.5286979675293,42,0.7657000000000258
3977,200192,25.453617095947266,30,0.7657000000000258
3978,200192,30.498058319091797,35,0.7657000000000258
3979,200192,37.007568359375,42,0.7657000000000258
3980,200192,48.597625732421875,53,0.7657000000000258
3981,200448,101.36809539794922,107,0.7654000000000258
3982,200448,32.55480194091797,37,0.7654000000000258
3983,200448,67.30703735351562,72,0.7654000000000258
3984,200448,43.4324951171875,48,0.7654000000000258
3985,200704,26.929441452026367,32,0.7651000000000259
3986,200704,34.201080322265625,39,0.7651000000000259
3987,200704,63.83858871459961,69,0.7651000000000259
3988,200704,24.495079040527344,29,0.7651000000000259
3989,200704,42.390228271484375,47,0.7651000000000259
3990,200704,24.660938262939453,30,0.7651000000000259
3991,200960,19.904495239257812,25,0.7648000000000259
3992,200960,18.993022918701172,24,0.7648000000000259
3993,200960,19.81639289855957,25,0.7648000000000259
3994,200960,40.07701873779297,45,0.7648000000000259
3995,200960,26.614988327026367,32,0.7648000000000259
3996,200960,29.275211334228516,34,0.7648000000000259
3997,200960,73.66256713867188,79,0.7648000000000259
3998,201216,36.071128845214844,41,0.7645000000000259
3999,201216,27.47380828857422,32,0.7645000000000259
4000,201216,64.85875701904297,70,0.7645000000000259
4001,201216,25.604578018188477,30,0.7645000000000259
4002,201216,131.08074951171875,136,0.7645000000000259
4003,201472,60.23341369628906,65,0.764200000000026
4004,201472,51.247222900390625,56,0.764200000000026
4005,201472,30.471134185791016,36,0.764200000000026
4006,201472,22.437620162963867,27,0.764200000000026
4007,201472,20.807199478149414,26,0.764200000000026
4008,201728,40.85948181152344,46,0.763900000000026
4009,201728,30.977811813354492,36,0.763900000000026
4010,201728,39.329627990722656,44,0.763900000000026
4011,201728,35.47911834716797,40,0.763900000000026
4012,201728,23.232515335083008,28,0.763900000000026
4013,201728,44.84573745727539,51,0.763900000000026
4014,201728,63.65955352783203,69,0.763900000000026
4015,201984,20.9606876373291,26,0.763600000000026
4016,201984,70.59110260009766,76,0.763600000000026
4017,201984,51.00900650024414,56,0.763600000000026
4018,201984,51.37063980102539,56,0.763600000000026
4019,201984,30.439193725585938,35,0.763600000000026
4020,202240,25.842517852783203,31,0.7633000000000261
4021,202240,53.08888244628906,58,0.7633000000000261
4022,202240,32.90642166137695,38,0.7633000000000261
4023,202240,30.31737518310547,35,0.7633000000000261
4024,202240,29.444406509399414,34,0.7633000000000261
4025,202240,33.40593719482422,38,0.7633000000000261
4026,202240,49.588565826416016,55,0.7633000000000261
4027,202240,19.36338233947754,24,0.7633000000000261
4028,202240,77.05369567871094,82,0.7633000000000261
4029,202240,54.26322937011719,59,0.7633000000000261
4030,202496,20.285980224609375,25,0.7630000000000261
4031,202496,53.04885482788086,58,0.7630000000000261
4032,202496,32.399925231933594,37,0.7630000000000261
4033,202496,31.2269287109375,36,0.7630000000000261
4034,202496,32.50468444824219,37,0.7630000000000261
4035,202496,13.39623737335205,18,0.7630000000000261
4036,202752,86.68022155761719,92,0.7627000000000261
4037,202752,33.77085876464844,39,0.7627000000000261
4038,202752,28.435016632080078,34,0.7627000000000261
4039,202752,41.23320007324219,46,0.7627000000000261
4040,203008,35.20986557006836,40,0.7624000000000262
4041,203008,74.55179595947266,80,0.7624000000000262
4042,203008,72.71715545654297,78,0.7624000000000262
4043,203008,43.8907585144043,49,0.7624000000000262
4044,203008,25.35515785217285,30,0.7624000000000262
4045,203008,34.614219665527344,39,0.7624000000000262
4046,203264,55.88787841796875,61,0.7621000000000262
4047,203264,37.06043243408203,42,0.7621000000000262
4048,203264,30.621206283569336,35,0.7621000000000262
4049,203264,20.41402816772461,25,0.7621000000000262
4050,203520,62.152286529541016,67,0.7618000000000262
4051,203520,17.820695877075195,23,0.7618000000000262
4052,203520,18.439250946044922,23,0.7618000000000262
4053,203776,24.489845275878906,29,0.7615000000000263
4054,203776,33.220619201660156,38,0.7615000000000263
4055,204032,18.245988845825195,23,0.7612000000000263
4056,204032,51.06114196777344,56,0.7612000000000263
4057,204032,38.68110275268555,44,0.7612000000000263
4058,204288,56.02739715576172,61,0.7609000000000263
4059,204288,23.11504554748535,28,0.7609000000000263
4060,204544,54.2319450378418,59,0.7606000000000264
4061,204544,44.476200103759766,49,0.7606000000000264
4062,204544,43.65361022949219,48,0.7606000000000264
4063,204544,96.931640625,103,0.7606000000000264
4064,204544,21.83275604248047,26,0.7606000000000264
4065,204544,21.56671714782715,26,0.7606000000000264
4066,204800,21.423843383789062,26,0.7603000000000264
4067,204800,18.97981071472168,24,0.7603000000000264
4068,204800,41.27470779418945,46,0.7603000000000264
4069,205056,24.006803512573242,29,0.7600000000000264
4070,205056,56.2447395324707,61,0.7600000000000264
4071,205056,35.39132308959961,40,0.7600000000000264
4072,205056,70.07869720458984,75,0.7600000000000264
4073,205056,41.16938400268555,46,0.7600000000000264
4074,205056,57.90840148925781,63,0.7600000000000264
4075,205056,16.152536392211914,21,0.7600000000000264
4076,205056,59.09804153442383,64,0.7600000000000264
4077,205312,16.173871994018555,21,0.7597000000000265
4078,205312,27.620622634887695,33,0.7597000000000265
4079,205312,21.434032440185547,26,0.7597000000000265
4080,205312,33.235939025878906,38,0.7597000000000265
4081,205312,39.451908111572266,44,0.7597000000000265
4082,205568,30.534090042114258,35,0.7594000000000265
4083,205568,28.420156478881836,33,0.7594000000000265
4084,205568,38.70731735229492,44,0.7594000000000265
4085,205568,41.26756286621094,46,0.7594000000000265
4086,205568,33.90955352783203,39,0.7594000000000265
4087,205568,46.30769729614258,51,0.7594000000000265
4088,205824,31.96959114074707,37,0.7591000000000265
4089,205824,34.015869140625,39,0.7591000000000265
4090,205824,30.638900756835938,35,0.7591000000000265
4091,205824,32.979496002197266,38,0.7591000000000265
4092,205824,19.402856826782227,24,0.7591000000000265
4093,206080,25.525814056396484,30,0.7588000000000266
4094,206080,48.02692413330078,53,0.7588000000000266
4095,206080,21.876075744628906,27,0.7588000000000266
4096,206080,35.14103317260742,40,0.7588000000000266
4097,206336,29.255338668823242,34,0.7585000000000266
4098,206336,48.3159065246582,53,0.7585000000000266
4099,206336,39.375755310058594,44,0.7585000000000266
4100,206592,36.553558349609375,42,0.7582000000000266
4101,206592,20.730487823486328,26,0.7582000000000266
4102,206848,47.957298278808594,54,0.7579000000000267
4103,206848,85.75054168701172,91,0.7579000000000267
4104,206848,54.58584213256836,60,0.7579000000000267
4105,206848,90.34559631347656,96,0.7579000000000267
4106,207104,84.16609191894531,89,0.7576000000000267
4107,207104,23.27027130126953,28,0.7576000000000267
4108,207104,29.457460403442383,34,0.7576000000000267
4109,207104,63.27801513671875,68,0.7576000000000267
4110,207104,66.38516998291016,72,0.7576000000000267
4111,207104,42.26042938232422,47,0.7576000000000267
4112,207360,41.76026916503906,47,0.7573000000000267
4113,207360,35.98931884765625,41,0.7573000000000267
4114,207360,36.98306655883789,42,0.7573000000000267
4115,207360,81.65699005126953,87,0.7573000000000267
4116,207360,28.608579635620117,33,0.7573000000000267
4117,207616,40.77838897705078,46,0.7570000000000268
4118,207616,39.61711883544922,45,0.7570000000000268
4119,207616,19.2085018157959,24,0.7570000000000268
4120,207616,86.6888198852539,93,0.7570000000000268
4121,207872,116.09468078613281,122,0.7567000000000268
4122,207872,30.488000869750977,35,0.7567000000000268
4123,207872,29.244169235229492,34,0.7567000000000268
4124,207872,45.49271011352539,50,0.7567000000000268
4125,207872,44.95320129394531,50,0.7567000000000268
4126,207872,35.12027359008789,40,0.7567000000000268
4127,207872,43.079132080078125,48,0.7567000000000268
4128,208128,29.228530883789062,34,0.7564000000000268
4129,208128,22.194305419921875,27,0.7564000000000268
4130,208128,24.152118682861328,29,0.7564000000000268
4131,208384,81.64379119873047,87,0.7561000000000269
4132,208384,56.89522933959961,62,0.7561000000000269
4133,208384,32.927284240722656,38,0.7561000000000269
4134,208384,28.492591857910156,33,0.7561000000000269
4135,208384,22.29010772705078,27,0.7561000000000269
4136,208640,30.175735473632812,35,0.7558000000000269
4137,208640,11.486116409301758,16,0.7558000000000269
4138,208640,55.38372039794922,60,0.7558000000000269
4139,208640,95.73587036132812,101,0.7558000000000269
4140,208640,51.44812774658203,56,0.7558000000000269
4141,208896,44.7878303527832,50,0.7555000000000269
4142,208896,101.85748291015625,108,0.7555000000000269
4143,208896,57.069644927978516,62,0.7555000000000269
4144,209152,52.981468200683594,58,0.755200000000027
4145,209152,23.0395565032959,28,0.755200000000027
4146,209152,30.34412956237793,35,0.755200000000027
4147,209152,35.244041442871094,40,0.755200000000027
4148,209152,27.108373641967773,32,0.755200000000027
4149,209152,42.668739318847656,47,0.755200000000027
4150,209152,20.319242477416992,25,0.755200000000027
4151,209152,47.42716598510742,52,0.755200000000027
4152,209152,19.52799415588379,25,0.755200000000027
4153,209152,66.30255126953125,71,0.755200000000027
4154,209408,28.0577335357666,33,0.754900000000027
4155,209408,52.48704528808594,58,0.754900000000027
4156,209408,46.23899459838867,51,0.754900000000027
4157,209408,27.959640502929688,33,0.754900000000027
4158,209408,33.109397888183594,38,0.754900000000027
4159,209664,39.20781326293945,44,0.754600000000027
4160,209664,29.423215866088867,35,0.754600000000027
4161,209664,22.589229583740234,28,0.754600000000027
4162,209664,64.12216186523438,69,0.754600000000027
4163,209664,95.44156646728516,101,0.754600000000027
4164,209664,47.829864501953125,53,0.754600000000027
4165,209920,40.427120208740234,45,0.7543000000000271
4166,209920,26.161157608032227,31,0.7543000000000271
4167,209920,35.0861930847168,40,0.7543000000000271
4168,209920,43.3084716796875,48,0.7543000000000271
4169,209920,54.94492721557617,61,0.7543000000000271
4170,209920,33.220829010009766,39,0.7543000000000271
4171,209920,50.89994812011719,56,0.7543000000000271
4172,209920,54.456966400146484,59,0.7543000000000271
4173,210176,20.470558166503906,25,0.7540000000000271
4174,210176,43.165225982666016,48,0.7540000000000271
4175,210176,31.014869689941406,36,0.7540000000000271
4176,210176,24.943748474121094,30,0.7540000000000271
4177,210432,26.174640655517578,31,0.7537000000000271
4178,210432,14.652844429016113,19,0.7537000000000271
4179,210432,29.03345489501953,34,0.7537000000000271
4180,210432,38.91714096069336,44,0.7537000000000271
4181,210432,31.007165908813477,36,0.7537000000000271
4182,210432,22.902061462402344,28,0.7537000000000271
4183,210688,27.936338424682617,33,0.7534000000000272
4184,210688,17.148799896240234,22,0.7534000000000272
4185,210688,28.403980255126953,33,0.7534000000000272
4186,210688,15.305099487304688,20,0.7534000000000272
4187,210688,40.627105712890625,47,0.7534000000000272
4188,210688,32.3986701965332,37,0.7534000000000272
4189,210688,12.386810302734375,17,0.7534000000000272
4190,210688,27.632022857666016,33,0.7534000000000272
4191,210944,66.0601577758789,71,0.7531000000000272
4192,210944,77.62391662597656,83,0.7531000000000272
4193,210944,33.85469055175781,39,0.7531000000000272
4194,210944,14.406366348266602,19,0.7531000000000272
4195,210944,40.15684509277344,45,0.7531000000000272
4196,210944,33.383575439453125,38,0.7531000000000272
4197,210944,28.262466430664062,34,0.7531000000000272
4198,210944,30.25322723388672,35,0.7531000000000272
4199,211200,27.148189544677734,32,0.7528000000000272
4200,211200,75.21107482910156,80,0.7528000000000272
4201,211200,27.703350067138672,32,0.7528000000000272
4202,211200,43.055335998535156,48,0.7528000000000272
4203,211456,37.41713333129883,42,0.7525000000000273
4204,211456,30.99070167541504,36,0.7525000000000273
4205,211712,80.18543243408203,85,0.7522000000000273
4206,211712,116.39620971679688,122,0.7522000000000273
4207,211712,59.21675491333008,64,0.7522000000000273
4208,211712,28.45785903930664,34,0.7522000000000273
4209,211712,36.287086486816406,41,0.7522000000000273
4210,211712,40.5544319152832,45,0.7522000000000273
4211,211712,31.381446838378906,36,0.7522000000000273
4212,211712,54.580108642578125,60,0.7522000000000273
4213,211712,44.49282455444336,49,0.7522000000000273
4214,211712,58.9295654296875,64,0.7522000000000273
4215,211968,65.04910278320312,70,0.7519000000000273
4216,211968,40.91496276855469,46,0.7519000000000273
4217,211968,31.338171005249023,36,0.7519000000000273
4218,211968,35.26870346069336,40,0.7519000000000273
4219,211968,15.227060317993164,20,0.7519000000000273
4220,211968,38.53298568725586,44,0.7519000000000273
4221,211968,20.28175163269043,25,0.7519000000000273
4222,211968,42.31943893432617,47,0.7519000000000273
4223,212224,36.300025939941406,41,0.7516000000000274
4224,212224,19.648386001586914,24,0.7516000000000274
4225,212224,47.896297454833984,54,0.7516000000000274
4226,212224,45.38818359375,50,0.7516000000000274
4227,212224,28.14661407470703,34,0.7516000000000274
4228,212224,48.61882781982422,53,0.7516000000000274
4229,212224,34.299354553222656,39,0.7516000000000274
4230,212224,48.19182586669922,53,0.7516000000000274
4231,212480,28.0817813873291,33,0.7513000000000274
4232,212480,44.94068145751953,51,0.7513000000000274
4233,212480,36.1152229309082,42,0.7513000000000274
4234,212480,48.915245056152344,54,0.7513000000000274
4235,212480,73.94666290283203,79,0.7513000000000274
4236,212736,25.298202514648438,30,0.7510000000000274
4237,212736,17.37657928466797,22,0.7510000000000274
4238,212736,12.501301765441895,17,0.7510000000000274
4239,212736,42.99346160888672,48,0.7510000000000274
4240,212992,28.963533401489258,34,0.7507000000000275
4241,212992,41.800201416015625,47,0.7507000000000275
4242,212992,23.534515380859375,29,0.7507000000000275
4243,212992,28.190975189208984,33,0.7507000000000275
4244,213248,49.21870803833008,54,0.7504000000000275
4245,213248,16.46430206298828,21,0.7504000000000275
4246,213248,40.46465301513672,45,0.7504000000000275
4247,213504,60.6888313293457,67,0.7501000000000275
4248,213504,25.456445693969727,30,0.7501000000000275
4249,213504,89.83966064453125,96,0.7501000000000275
4250,213504,94.32132720947266,99,0.7501000000000275
4251,213504,23.864282608032227,29,0.7501000000000275
4252,213504,25.236684799194336,30,0.7501000000000275
4253,213504,25.08731460571289,30,0.7501000000000275
4254,213760,127.40027618408203,133,0.7498000000000276
4255,213760,62.99166488647461,68,0.7498000000000276
4256,213760,30.938846588134766,36,0.7498000000000276
4257,213760,13.340035438537598,18,0.7498000000000276
4258,214016,14.416744232177734,19,0.7495000000000276
4259,214016,46.08634948730469,51,0.7495000000000276
4260,214016,35.26749801635742,40,0.7495000000000276
4261,214016,61.8150749206543,68,0.7495000000000276
4262,214016,71.02919006347656,76,0.7495000000000276
4263,214272,43.25778579711914,48,0.7492000000000276
4264,214272,52.26778030395508,57,0.7492000000000276
4265,214272,28.732378005981445,35,0.7492000000000276
4266,214528,87.9415283203125,93,0.7489000000000277
4267,214784,19.634658813476562,24,0.7486000000000277
4268,214784,61.77180862426758,68,0.7486000000000277
4269,214784,21.13226890563965,26,0.7486000000000277
4270,214784,116.60688781738281,122,0.7486000000000277
4271,215040,23.0152587890625,28,0.7483000000000277
4272,215040,66.29471588134766,73,0.7483000000000277
4273,215040,21.22909164428711,26,0.7483000000000277
4274,215040,53.329864501953125,58,0.7483000000000277
4275,215296,30.697954177856445,35,0.7480000000000278
4276,215296,34.30906295776367,39,0.7480000000000278
4277,215296,35.342926025390625,40,0.7480000000000278
4278,215296,42.49282455444336,48,0.7480000000000278
4279,215296,36.146629333496094,41,0.7480000000000278
4280,215296,78.3194351196289,83,0.7480000000000278
4281,215296,36.350120544433594,41,0.7480000000000278
4282,215552,98.67328643798828,104,0.7477000000000278
4283,215552,67.33503723144531,73,0.7477000000000278
4284,215808,21.100061416625977,26,0.7474000000000278
4285,215808,61.79302215576172,68,0.7474000000000278
4286,215808,17.967453002929688,23,0.7474000000000278
4287,216064,63.94281005859375,69,0.7471000000000279
4288,216064,21.512243270874023,26,0.7471000000000279
4289,216064,59.26465606689453,64,0.7471000000000279
4290,216064,29.933273315429688,35,0.7471000000000279
4291,216320,23.019365310668945,28,0.7468000000000279
4292,216320,50.09830093383789,55,0.7468000000000279
4293,216320,23.91937828063965,29,0.7468000000000279
4294,216320,49.20704650878906,54,0.7468000000000279
4295,216320,18.4296875,23,0.7468000000000279
4296,216576,59.25926971435547,64,0.7465000000000279
4297,216576,56.67155075073242,62,0.7465000000000279
4298,216576,58.0554084777832,63,0.7465000000000279
4299,216576,20.45848274230957,25,0.7465000000000279
4300,216576,49.13261413574219,54,0.7465000000000279
4301,216576,56.96312713623047,62,0.7465000000000279
4302,216832,43.78298568725586,48,0.746200000000028
4303,216832,14.58481502532959,19,0.746200000000028
4304,216832,16.554298400878906,21,0.746200000000028
4305,216832,23.059064865112305,28,0.746200000000028
4306,216832,52.33818054199219,57,0.746200000000028
4307,216832,23.61815071105957,29,0.746200000000028
4308,217088,19.123802185058594,24,0.745900000000028
4309,217088,123.92222595214844,129,0.745900000000028
4310,217088,27.133819580078125,32,0.745900000000028
4311,217088,23.496137619018555,29,0.745900000000028
4312,217088,28.38690185546875,33,0.745900000000028
4313,217088,48.143150329589844,53,0.745900000000028
4314,217088,71.95384216308594,77,0.745900000000028
4315,217088,25.655065536499023,30,0.745900000000028
4316,217088,25.128198623657227,31,0.745900000000028
4317,217088,69.28620910644531,74,0.745900000000028
4318,217344,42.192142486572266,47,0.745600000000028
4319,217344,37.280086517333984,42,0.745600000000028
4320,217344,92.49744415283203,98,0.745600000000028
4321,217344,57.05523681640625,62,0.745600000000028
4322,217344,35.23923110961914,40,0.745600000000028
4323,217344,83.56521606445312,89,0.745600000000028
4324,217600,36.66221618652344,42,0.745300000000028
4325,217600,70.40478515625,75,0.745300000000028
4326,217600,88.18338012695312,94,0.745300000000028
4327,217600,18.396350860595703,23,0.745300000000028
4328,217600,40.060157775878906,47,0.745300000000028
4329,217600,31.254621505737305,36,0.745300000000028
4330,217600,29.46039581298828,34,0.745300000000028
4331,217856,46.27526092529297,51,0.7450000000000281
4332,217856,17.385087966918945,22,0.7450000000000281
4333,217856,43.85371398925781,50,0.7450000000000281
4334,217856,48.145843505859375,53,0.7450000000000281
4335,217856,30.376712799072266,36,0.7450000000000281
4336,218112,77.70460510253906,85,0.7447000000000281
4337,218112,19.269350051879883,24,0.7447000000000281
4338,218112,45.32527542114258,50,0.7447000000000281
4339,218112,95.60444641113281,101,0.7447000000000281
4340,218112,55.81547164916992,61,0.7447000000000281
4341,218112,70.02600860595703,75,0.7447000000000281
4342,218112,92.42872619628906,98,0.7447000000000281
4343,218112,36.918025970458984,42,0.7447000000000281
4344,218368,49.0298957824707,54,0.7444000000000282
4345,218368,18.206661224365234,23,0.7444000000000282
4346,218368,28.616371154785156,34,0.7444000000000282
4347,218368,21.066091537475586,26,0.7444000000000282
4348,218368,18.904523849487305,24,0.7444000000000282
4349,218368,16.526317596435547,21,0.7444000000000282
4350,218368,70.05199432373047,75,0.7444000000000282
4351,218624,70.14688110351562,76,0.7441000000000282
4352,218624,14.3212890625,19,0.7441000000000282
4353,218624,26.21176528930664,31,0.7441000000000282
4354,218624,13.430329322814941,18,0.7441000000000282
4355,218624,19.493160247802734,24,0.7441000000000282
4356,218624,20.20518684387207,25,0.7441000000000282
4357,218624,20.986719131469727,26,0.7441000000000282
4358,218624,39.33208465576172,44,0.7441000000000282
4359,218624,21.60772132873535,26,0.7441000000000282
4360,218880,26.381458282470703,31,0.7438000000000282
4361,218880,51.17197036743164,56,0.7438000000000282
4362,218880,23.02792739868164,28,0.7438000000000282
4363,218880,28.660507202148438,33,0.7438000000000282
4364,218880,78.37818908691406,85,0.7438000000000282
4365,218880,51.856605529785156,58,0.7438000000000282
4366,218880,21.361303329467773,26,0.7438000000000282
4367,219136,31.52153205871582,36,0.7435000000000282
4368,219136,41.44249725341797,46,0.7435000000000282
4369,219136,32.445674896240234,37,0.7435000000000282
4370,219136,34.09638214111328,39,0.7435000000000282
4371,219136,19.04163932800293,24,0.7435000000000282
4372,219136,30.886621475219727,36,0.7435000000000282
4373,219136,60.61454391479492,66,0.7435000000000282
4374,219392,37.433128356933594,42,0.7432000000000283
4375,219392,15.997804641723633,21,0.7432000000000283
4376,219392,28.350122451782227,33,0.7432000000000283
4377,219392,24.258880615234375,29,0.7432000000000283
4378,219392,119.20462799072266,125,0.7432000000000283
4379,219392,27.53777313232422,32,0.7432000000000283
4380,219392,26.382549285888672,31,0.7432000000000283
4381,219392,49.44357681274414,54,0.7432000000000283
4382,219648,50.771915435791016,57,0.7429000000000283
4383,219648,12.50766372680664,17,0.7429000000000283
4384,219648,21.417356491088867,26,0.7429000000000283
4385,219904,20.234830856323242,25,0.7426000000000283
4386,219904,37.3281364440918,42,0.7426000000000283
4387,219904,32.73725128173828,39,0.7426000000000283
4388,219904,27.537899017333984,32,0.7426000000000283
4389,219904,24.565900802612305,29,0.7426000000000283
4390,220160,22.222225189208984,27,0.7423000000000284
4391,220160,59.69465255737305,65,0.7423000000000284
4392,220160,35.379302978515625,40,0.7423000000000284
4393,220160,156.1212615966797,162,0.7423000000000284
4394,220416,27.989788055419922,33,0.7420000000000284
4395,220416,16.09563446044922,21,0.7420000000000284
4396,220416,63.32307434082031,68,0.7420000000000284
4397,220416,25.333457946777344,30,0.7420000000000284
4398,220416,34.40330123901367,39,0.7420000000000284
4399,220416,114.87325286865234,120,0.7420000000000284
4400,220416,62.75534439086914,68,0.7420000000000284
4401,220672,32.45002746582031,37,0.7417000000000284
4402,220672,48.3170051574707,53,0.7417000000000284
4403,220672,45.54988098144531,50,0.7417000000000284
4404,220672,33.37232208251953,38,0.7417000000000284
4405,220672,27.730077743530273,33,0.7417000000000284
4406,220672,33.491432189941406,38,0.7417000000000284
4407,220672,41.7457275390625,47,0.7417000000000284
4408,220928,57.32892990112305,62,0.7414000000000285
4409,220928,201.70289611816406,207,0.7414000000000285
4410,220928,50.39080047607422,55,0.7414000000000285
4411,220928,23.93569564819336,29,0.7414000000000285
4412,220928,22.392539978027344,27,0.7414000000000285
4413,220928,23.83331298828125,29,0.7414000000000285
4414,220928,64.26575469970703,69,0.7414000000000285
4415,221184,18.48796844482422,23,0.7411000000000285
4416,221184,51.1513557434082,56,0.7411000000000285
4417,221184,75.82926177978516,81,0.7411000000000285
4418,221184,18.490676879882812,23,0.7411000000000285
4419,221184,20.200685501098633,25,0.7411000000000285
4420,221184,38.429534912109375,43,0.7411000000000285
4421,221440,34.54531478881836,40,0.7408000000000285
4422,221440,81.30399322509766,86,0.7408000000000285
4423,221440,41.914649963378906,47,0.7408000000000285
4424,221440,50.17397689819336,55,0.7408000000000285
4425,221440,19.229623794555664,24,0.7408000000000285
4426,221440,80.23162078857422,87,0.7408000000000285
4427,221440,37.30011749267578,42,0.7408000000000285
4428,221696,72.799560546875,78,0.7405000000000286
4429,221696,25.228635787963867,30,0.7405000000000286
4430,221696,40.743106842041016,46,0.7405000000000286
4431,221696,33.58353805541992,39,0.7405000000000286
4432,221696,20.34164047241211,25,0.7405000000000286
4433,221696,43.44416809082031,49,0.7405000000000286
4434,221696,33.80219650268555,39,0.7405000000000286
4435,221952,68.13101959228516,73,0.7402000000000286
4436,221952,50.22173309326172,55,0.7402000000000286
4437,221952,35.18605422973633,40,0.7402000000000286
4438,221952,38.289310455322266,43,0.7402000000000286
4439,222208,134.64108276367188,140,0.7399000000000286
4440,222208,49.15202331542969,54,0.7399000000000286
4441,222208,29.307727813720703,34,0.7399000000000286
4442,222208,24.54643440246582,29,0.7399000000000286
4443,222464,41.10003662109375,46,0.7396000000000287
4444,222464,12.422168731689453,17,0.7396000000000287
4445,222464,62.982696533203125,68,0.7396000000000287
4446,222464,21.327653884887695,26,0.7396000000000287
4447,222720,28.349210739135742,33,0.7393000000000287
4448,222976,22.43535804748535,27,0.7390000000000287
4449,222976,78.15618896484375,84,0.7390000000000287
4450,222976,20.363353729248047,25,0.7390000000000287
4451,222976,48.38520431518555,53,0.7390000000000287
4452,222976,16.03040885925293,21,0.7390000000000287
4453,222976,61.00019836425781,66,0.7390000000000287
4454,223232,56.26943588256836,61,0.7387000000000288
4455,223232,27.153650283813477,33,0.7387000000000288
4456,223232,13.556469917297363,18,0.7387000000000288
4457,223488,15.342792510986328,20,0.7384000000000288
4458,223488,18.937440872192383,24,0.7384000000000288
4459,223488,56.58340072631836,62,0.7384000000000288
4460,223488,22.421358108520508,27,0.7384000000000288
4461,223488,64.09249877929688,69,0.7384000000000288
4462,223488,34.02421951293945,39,0.7384000000000288
4463,223488,23.137004852294922,28,0.7384000000000288
4464,223744,60.282779693603516,65,0.7381000000000288
4465,223744,38.32390213012695,43,0.7381000000000288
4466,223744,62.9594612121582,68,0.7381000000000288
4467,223744,115.9217758178711,123,0.7381000000000288
4468,223744,39.60075378417969,44,0.7381000000000288
4469,223744,18.111717224121094,23,0.7381000000000288
4470,224000,129.69158935546875,135,0.7378000000000289
4471,224000,69.36834716796875,74,0.7378000000000289
4472,224000,17.312166213989258,22,0.7378000000000289
4473,224256,35.976951599121094,41,0.7375000000000289
4474,224256,35.86296081542969,41,0.7375000000000289
4475,224256,25.510356903076172,30,0.7375000000000289
4476,224256,32.242469787597656,37,0.7375000000000289
4477,224256,46.82907485961914,52,0.7375000000000289
4478,224256,20.29172706604004,25,0.7375000000000289
4479,224512,16.5028076171875,21,0.7372000000000289
4480,224512,28.051219940185547,33,0.7372000000000289
4481,224512,20.585662841796875,26,0.7372000000000289
4482,224512,17.185518264770508,22,0.7372000000000289
4483,224512,37.84075164794922,43,0.7372000000000289
4484,224512,49.498958587646484,55,0.7372000000000289
4485,224512,15.151082992553711,20,0.7372000000000289
4486,224768,40.4600944519043,45,0.736900000000029
4487,224768,52.1098747253418,57,0.736900000000029
4488,224768,44.04109573364258,49,0.736900000000029
4489,224768,23.582597732543945,28,0.736900000000029
4490,224768,63.994102478027344,69,0.736900000000029
4491,224768,122.38166046142578,128,0.736900000000029
4492,224768,21.273813247680664,26,0.736900000000029
4493,225024,45.09912109375,50,0.736600000000029
4494,225024,22.58151626586914,27,0.736600000000029
4495,225024,71.9402084350586,77,0.736600000000029
4496,225024,18.85374641418457,24,0.736600000000029
4497,225024,56.38404083251953,62,0.736600000000029
4498,225280,14.434830665588379,19,0.736300000000029
4499,225280,43.4708137512207,48,0.736300000000029
4500,225280,25.695669174194336,31,0.736300000000029
4501,225280,28.38871192932129,33,0.736300000000029
4502,225280,36.89177703857422,42,0.736300000000029
4503,225536,30.9592342376709,36,0.7360000000000291
4504,225536,31.131650924682617,36,0.7360000000000291
4505,225536,35.581451416015625,41,0.7360000000000291
4506,225536,104.89869689941406,110,0.7360000000000291
4507,225536,28.739290237426758,34,0.7360000000000291
4508,225792,20.3994197845459,25,0.7357000000000291
4509,225792,24.55132293701172,29,0.7357000000000291
4510,225792,20.21429443359375,25,0.7357000000000291
4511,225792,21.080184936523438,26,0.7357000000000291
4512,225792,29.2990665435791,34,0.7357000000000291
4513,225792,40.60503005981445,45,0.7357000000000291
4514,225792,27.191679000854492,32,0.7357000000000291
4515,226048,59.13361358642578,64,0.7354000000000291
4516,226048,42.944618225097656,48,0.7354000000000291
4517,226048,23.151262283325195,28,0.7354000000000291
4518,226048,55.12194061279297,60,0.7354000000000291
4519,226048,24.80071258544922,30,0.7354000000000291
4520,226048,70.91182708740234,76,0.7354000000000291
4521,226048,13.386438369750977,18,0.7354000000000291
4522,226048,28.1981201171875,33,0.7354000000000291
4523,226304,53.737037658691406,59,0.7351000000000292
4524,226304,23.472763061523438,28,0.7351000000000292
4525,226304,34.14714050292969,39,0.7351000000000292
4526,226304,89.8769302368164,95,0.7351000000000292
4527,226304,38.501953125,43,0.7351000000000292
4528,226304,65.72686004638672,71,0.7351000000000292
4529,226304,26.25736427307129,31,0.7351000000000292
4530,226304,20.380565643310547,25,0.7351000000000292
4531,226304,19.516395568847656,24,0.7351000000000292
4532,226560,107.29006958007812,113,0.7348000000000292
4533,226560,32.20781707763672,37,0.7348000000000292
4534,226560,22.680259704589844,27,0.7348000000000292
4535,226560,20.978384017944336,26,0.7348000000000292
4536,226560,83.14838409423828,88,0.7348000000000292
4537,226816,61.63121032714844,67,0.7345000000000292
4538,226816,17.00404167175293,22,0.7345000000000292
4539,226816,12.489809036254883,17,0.7345000000000292
4540,226816,16.48712158203125,21,0.7345000000000292
4541,226816,40.412437438964844,45,0.7345000000000292
4542,226816,34.2864875793457,39,0.7345000000000292
4543,226816,29.606204986572266,34,0.7345000000000292
4544,227072,16.30672264099121,21,0.7342000000000293
4545,227072,19.151695251464844,24,0.7342000000000293
4546,227072,91.97171020507812,97,0.7342000000000293
4547,227072,33.226898193359375,38,0.7342000000000293
4548,227072,94.7020263671875,100,0.7342000000000293
4549,227072,24.013551712036133,29,0.7342000000000293
4550,227328,35.234317779541016,40,0.7339000000000293
4551,227328,21.143535614013672,26,0.7339000000000293
4552,227328,93.96650695800781,100,0.7339000000000293
4553,227328,114.943603515625,121,0.7339000000000293
4554,227328,30.92428970336914,36,0.7339000000000293
4555,227328,37.53596115112305,42,0.7339000000000293
4556,227328,38.94359588623047,44,0.7339000000000293
4557,227584,54.93951416015625,60,0.7336000000000293
4558,227584,60.98252487182617,66,0.7336000000000293
4559,227584,52.78792953491211,58,0.7336000000000293
4560,227584,79.81671142578125,85,0.7336000000000293
4561,227584,28.21499252319336,33,0.7336000000000293
4562,227584,29.94767951965332,35,0.7336000000000293
4563,227840,20.2564754486084,25,0.7333000000000294
4564,227840,12.44749641418457,17,0.7333000000000294
4565,227840,23.732250213623047,29,0.7333000000000294
4566,227840,24.531761169433594,29,0.7333000000000294
4567,228096,22.867128372192383,28,0.7330000000000294
4568,228096,72.92012786865234,78,0.7330000000000294
4569,228096,39.12476348876953,44,0.7330000000000294
4570,228096,19.94023323059082,25,0.7330000000000294
4571,228096,29.12797737121582,34,0.7330000000000294
4572,228352,12.609102249145508,17,0.7327000000000294
4573,228352,18.179458618164062,23,0.7327000000000294
4574,228352,37.507362365722656,42,0.7327000000000294
4575,228352,76.13844299316406,81,0.7327000000000294
4576,228608,34.205806732177734,39,0.7324000000000295
4577,228608,37.50908279418945,42,0.7324000000000295
4578,228608,42.450767517089844,47,0.7324000000000295
4579,228608,170.58847045898438,176,0.7324000000000295
4580,228864,24.340150833129883,29,0.7321000000000295
4581,228864,34.616695404052734,40,0.7321000000000295
4582,228864,30.22161102294922,35,0.7321000000000295
4583,229120,63.424259185791016,68,0.7318000000000295
4584,229120,29.70026206970215,34,0.7318000000000295
4585,229120,36.149173736572266,41,0.7318000000000295
4586,229120,61.73731994628906,67,0.7318000000000295
4587,229376,39.258453369140625,44,0.7315000000000296
4588,229376,80.63938903808594,86,0.7315000000000296
4589,229376,68.53947448730469,75,0.7315000000000296
4590,229632,51.963172912597656,57,0.7312000000000296
4591,229632,32.19687271118164,37,0.7312000000000296
4592,229632,15.315893173217773,20,0.7312000000000296
4593,229632,37.62346649169922,42,0.7312000000000296
4594,229632,19.230308532714844,24,0.7312000000000296
4595,229632,25.271127700805664,30,0.7312000000000296
4596,229632,29.437530517578125,34,0.7312000000000296
4597,229632,29.146488189697266,35,0.7312000000000296
4598,229632,70.28578186035156,75,0.7312000000000296
4599,229888,19.111820220947266,24,0.7309000000000296
4600,229888,34.889366149902344,40,0.7309000000000296
4601,229888,26.547224044799805,32,0.7309000000000296
4602,229888,113.1458969116211,119,0.7309000000000296
4603,229888,22.319454193115234,27,0.7309000000000296
4604,229888,28.238679885864258,33,0.7309000000000296
4605,230144,32.31106948852539,37,0.7306000000000297
4606,230144,37.71894454956055,42,0.7306000000000297
4607,230144,15.354837417602539,20,0.7306000000000297
4608,230144,20.31380844116211,25,0.7306000000000297
4609,230144,33.37257385253906,38,0.7306000000000297
4610,230144,63.187828063964844,68,0.7306000000000297
4611,230144,32.34762954711914,37,0.7306000000000297
4612,230400,46.1859016418457,51,0.7303000000000297
4613,230400,70.8273696899414,76,0.7303000000000297
4614,230400,28.81296730041504,34,0.7303000000000297
4615,230656,40.641204833984375,45,0.7300000000000297
4616,230656,28.12870979309082,33,0.7300000000000297
4617,230656,13.475334167480469,18,0.7300000000000297
4618,230656,59.895774841308594,65,0.7300000000000297
4619,230656,72.28721618652344,78,0.7300000000000297
4620,230912,36.3683967590332,41,0.7297000000000298
4621,230912,54.571983337402344,60,0.7297000000000298
4622,230912,28.43534278869629,33,0.7297000000000298
4623,230912,40.56850051879883,45,0.7297000000000298
4624,230912,76.16840362548828,82,0.7297000000000298
4625,230912,64.06526947021484,69,0.7297000000000298
4626,230912,16.170381546020508,21,0.7297000000000298
4627,231168,29.979373931884766,35,0.7294000000000298
4628,231168,34.05226135253906,39,0.7294000000000298
4629,231168,16.3099308013916,21,0.7294000000000298
4630,231168,20.30825424194336,25,0.7294000000000298
4631,231168,83.2774429321289,89,0.7294000000000298
4632,231168,50.360198974609375,55,0.7294000000000298
4633,231168,32.47103500366211,37,0.7294000000000298
4634,231168,34.27910232543945,39,0.7294000000000298
4635,231168,39.26329040527344,44,0.7294000000000298
4636,231424,21.186716079711914,26,0.7291000000000298
4637,231424,50.60110855102539,56,0.7291000000000298
4638,231424,28.10883331298828,33,0.7291000000000298
4639,231424,25.984113693237305,31,0.7291000000000298
4640,231680,30.8306941986084,36,0.7288000000000299
4641,231680,19.17397117614746,24,0.7288000000000299
4642,231680,12.575630187988281,17,0.7288000000000299
4643,231680,23.160131454467773,28,0.7288000000000299
4644,231680,35.33065414428711,40,0.7288000000000299
4645,231936,51.19813537597656,58,0.7285000000000299
4646,231936,20.703874588012695,26,0.7285000000000299
4647,231936,13.36502456665039,18,0.7285000000000299
4648,231936,51.2606201171875,56,0.7285000000000299
4649,232192,75.14523315429688,80,0.7282000000000299
4650,232192,32.45637130737305,37,0.7282000000000299
4651,232192,64.08597564697266,70,0.7282000000000299
4652,232192,24.414316177368164,29,0.7282000000000299
4653,232192,47.984432220458984,53,0.7282000000000299
4654,232192,39.87693405151367,45,0.7282000000000299
4655,232192,14.355409622192383,19,0.7282000000000299
4656,232192,19.172807693481445,24,0.7282000000000299
4657,232448,39.32008361816406,44,0.72790000000003
4658,232448,54.3853645324707,60,0.72790000000003
4659,232448,29.30345916748047,34,0.72790000000003
4660,232448,46.34857940673828,52,0.72790000000003
4661,232704,37.34627914428711,42,0.72760000000003
4662,232704,52.4673957824707,57,0.72760000000003
4663,232704,24.243858337402344,29,0.72760000000003
4664,232704,76.05307006835938,81,0.72760000000003
4665,232704,20.230987548828125,25,0.72760000000003
4666,232960,37.03409194946289,42,0.72730000000003
4667,232960,39.51457214355469,44,0.72730000000003
4668,232960,25.028335571289062,30,0.72730000000003
4669,232960,27.81673812866211,33,0.72730000000003
4670,232960,28.535921096801758,34,0.72730000000003
4671,233216,51.236656188964844,56,0.7270000000000301
4672,233216,27.674407958984375,33,0.7270000000000301
4673,233216,38.515743255615234,43,0.7270000000000301
4674,233216,22.37976837158203,27,0.7270000000000301
4675,233216,43.19527053833008,48,0.7270000000000301
4676,233216,33.51328659057617,38,0.7270000000000301
4677,233216,18.20551109313965,23,0.7270000000000301
4678,233472,28.798152923583984,34,0.7267000000000301
4679,233472,25.28179359436035,30,0.7267000000000301
4680,233472,95.9304428100586,101,0.7267000000000301
4681,233472,21.569761276245117,26,0.7267000000000301
4682,233472,64.19747924804688,69,0.7267000000000301
4683,233472,21.72174835205078,27,0.7267000000000301
4684,233472,84.05611419677734,90,0.7267000000000301
4685,233728,21.060239791870117,26,0.7264000000000301
4686,233728,49.42746353149414,54,0.7264000000000301
4687,233728,40.875919342041016,46,0.7264000000000301
4688,233728,22.862382888793945,28,0.7264000000000301
4689,233728,53.04220199584961,58,0.7264000000000301
4690,233984,15.24852466583252,20,0.7261000000000302
4691,233984,49.26174545288086,54,0.7261000000000302
4692,233984,25.368074417114258,30,0.7261000000000302
4693,233984,27.053993225097656,32,0.7261000000000302
4694,233984,27.605432510375977,33,0.7261000000000302
4695,233984,24.603492736816406,30,0.7261000000000302
4696,233984,26.83382225036621,32,0.7261000000000302
4697,233984,96.5846176147461,102,0.7261000000000302
4698,234240,36.0378303527832,42,0.7258000000000302
4699,234240,81.00376892089844,88,0.7258000000000302
4700,234240,44.7080192565918,51,0.7258000000000302
4701,234240,97.54938507080078,103,0.7258000000000302
4702,234496,38.26359176635742,43,0.7255000000000302
4703,234496,34.80142593383789,40,0.7255000000000302
4704,234496,28.179325103759766,33,0.7255000000000302
4705,234496,47.99935531616211,54,0.7255000000000302
4706,234752,27.069883346557617,32,0.7252000000000303
4707,234752,28.572132110595703,33,0.7252000000000303
4708,234752,26.21859359741211,31,0.7252000000000303
4709,234752,67.95116424560547,73,0.7252000000000303
4710,234752,33.22623062133789,38,0.7252000000000303
4711,234752,63.96502685546875,69,0.7252000000000303
4712,234752,94.16696166992188,100,0.7252000000000303
4713,234752,60.1926155090332,68,0.7252000000000303
4714,235008,51.254791259765625,56,0.7249000000000303
4715,235008,65.24553680419922,70,0.7249000000000303
4716,235008,30.668197631835938,36,0.7249000000000303
4717,235008,37.06802749633789,42,0.7249000000000303
4718,235008,47.00176239013672,52,0.7249000000000303
4719,235008,65.25357055664062,71,0.7249000000000303
4720,235008,52.17985916137695,57,0.7249000000000303
4721,235008,82.99884033203125,88,0.7249000000000303
4722,235008,41.557437896728516,46,0.7249000000000303
4723,235008,22.031156539916992,27,0.7249000000000303
4724,235264,35.22507858276367,40,0.7246000000000303
4725,235264,27.247329711914062,33,0.7246000000000303
4726,235264,20.15932846069336,25,0.7246000000000303
4727,235264,18.223417282104492,23,0.7246000000000303
4728,235520,24.729522705078125,30,0.7243000000000304
4729,235520,135.7662811279297,141,0.7243000000000304
4730,235520,14.260997772216797,19,0.7243000000000304
4731,235520,34.251365661621094,39,0.7243000000000304
4732,235776,20.84878921508789,26,0.7240000000000304
4733,235776,52.92050552368164,58,0.7240000000000304
4734,235776,20.952465057373047,26,0.7240000000000304
4735,235776,42.370853424072266,47,0.7240000000000304
4736,236032,40.0526123046875,46,0.7237000000000304
4737,236032,34.18215560913086,39,0.7237000000000304
4738,236032,46.20428466796875,51,0.7237000000000304
4739,236032,33.238426208496094,38,0.7237000000000304
4740,236032,40.214508056640625,45,0.7237000000000304
4741,236032,38.19363784790039,43,0.7237000000000304
4742,236288,69.13594055175781,75,0.7234000000000305
4743,236288,28.722366333007812,34,0.7234000000000305
4744,236288,72.9472885131836,78,0.7234000000000305
4745,236288,30.193363189697266,35,0.7234000000000305
4746,236288,60.89693832397461,66,0.7234000000000305
4747,236288,17.249834060668945,22,0.7234000000000305
4748,236288,34.21675109863281,39,0.7234000000000305
4749,236288,16.458282470703125,21,0.7234000000000305
4750,236288,29.75303840637207,35,0.7234000000000305
4751,236288,16.211753845214844,21,0.7234000000000305
4752,236544,33.2461051940918,38,0.7231000000000305
4753,236544,105.82833862304688,112,0.7231000000000305
4754,236544,65.578369140625,70,0.7231000000000305
4755,236544,46.429168701171875,53,0.7231000000000305
4756,236800,21.811859130859375,27,0.7228000000000305
4757,236800,19.987457275390625,25,0.7228000000000305
4758,236800,13.447071075439453,18,0.7228000000000305
4759,236800,66.03656005859375,71,0.7228000000000305
4760,236800,47.267417907714844,52,0.7228000000000305
4761,236800,18.061887741088867,23,0.7228000000000305
4762,237056,95.98884582519531,103,0.7225000000000306
4763,237056,67.2130126953125,72,0.7225000000000306
4764,237056,18.49176025390625,23,0.7225000000000306
4765,237056,24.375682830810547,29,0.7225000000000306
4766,237056,20.111536026000977,25,0.7225000000000306
4767,237056,35.53887939453125,40,0.7225000000000306
4768,237056,29.010051727294922,34,0.7225000000000306
4769,237056,58.141212463378906,63,0.7225000000000306
4770,237312,25.206501007080078,30,0.7222000000000306
4771,237312,47.27164077758789,52,0.7222000000000306
4772,237312,32.2899055480957,37,0.7222000000000306
4773,237312,28.970304489135742,34,0.7222000000000306
4774,237312,57.71168518066406,63,0.7222000000000306
4775,237312,26.946775436401367,32,0.7222000000000306
4776,237568,139.1676483154297,145,0.7219000000000306
4777,237568,39.57002639770508,45,0.7219000000000306
4778,237568,26.37990951538086,31,0.7219000000000306
4779,237568,20.122455596923828,25,0.7219000000000306
4780,237568,51.475528717041016,56,0.7219000000000306
4781,237568,25.751794815063477,31,0.7219000000000306
4782,237568,46.5109977722168,51,0.7219000000000306
4783,237568,26.42924690246582,31,0.7219000000000306
4784,237568,41.10068130493164,46,0.7219000000000306
4785,237824,14.162069320678711,19,0.7216000000000307
4786,237824,63.937469482421875,69,0.7216000000000307
4787,237824,156.0230712890625,161,0.7216000000000307
4788,237824,13.441136360168457,18,0.7216000000000307
4789,237824,35.061153411865234,40,0.7216000000000307
4790,237824,37.59171676635742,42,0.7216000000000307
4791,237824,17.12965965270996,22,0.7216000000000307
4792,238080,77.86323547363281,83,0.7213000000000307
4793,238080,84.86226654052734,90,0.7213000000000307
4794,238080,41.23233413696289,46,0.7213000000000307
4795,238080,22.03631591796875,27,0.7213000000000307
4796,238080,22.285974502563477,27,0.7213000000000307
4797,238336,33.0607795715332,38,0.7210000000000307
4798,238336,19.101825714111328,24,0.7210000000000307
4799,238336,43.381004333496094,48,0.7210000000000307
4800,238336,34.01226806640625,39,0.7210000000000307
4801,238592,17.980844497680664,23,0.7207000000000308
4802,238592,76.26773071289062,82,0.7207000000000308
4803,238592,153.13726806640625,159,0.7207000000000308
4804,238592,31.20317268371582,36,0.7207000000000308
4805,238592,44.03056716918945,49,0.7207000000000308
4806,238592,34.16745376586914,39,0.7207000000000308
4807,238592,40.291446685791016,45,0.7207000000000308
4808,238848,37.0817985534668,42,0.7204000000000308
4809,238848,34.0400390625,39,0.7204000000000308
4810,238848,71.93797302246094,78,0.7204000000000308
4811,238848,41.15250015258789,46,0.7204000000000308
4812,238848,18.968725204467773,24,0.7204000000000308
4813,238848,36.42083740234375,42,0.7204000000000308
4814,238848,93.15235900878906,99,0.7204000000000308
4815,238848,16.178192138671875,21,0.7204000000000308
4816,238848,44.93629837036133,50,0.7204000000000308
4817,239104,42.4371452331543,47,0.7201000000000308
4818,239104,18.12240982055664,23,0.7201000000000308
4819,239104,22.394405364990234,27,0.7201000000000308
4820,239104,21.442827224731445,26,0.7201000000000308
4821,239360,29.091825485229492,34,0.7198000000000309
4822,239360,19.795551300048828,25,0.7198000000000309
4823,239360,86.50590515136719,92,0.7198000000000309
4824,239360,52.973175048828125,58,0.7198000000000309
4825,239360,41.28504943847656,47,0.7198000000000309
4826,239616,136.49508666992188,142,0.7195000000000309
4827,239616,52.142879486083984,57,0.7195000000000309
4828,239616,23.198556900024414,28,0.7195000000000309
4829,239616,42.29704666137695,47,0.7195000000000309
4830,239872,14.383528709411621,19,0.7192000000000309
4831,239872,52.26682662963867,57,0.7192000000000309
4832,239872,41.795684814453125,47,0.7192000000000309
4833,239872,14.516525268554688,19,0.7192000000000309
4834,240128,36.38059997558594,41,0.718900000000031
4835,240128,22.092941284179688,27,0.718900000000031
4836,240128,23.025150299072266,28,0.718900000000031
4837,240128,33.30230712890625,38,0.718900000000031
4838,240384,22.444961547851562,27,0.718600000000031
4839,240384,43.70075225830078,49,0.718600000000031
4840,240384,53.361881256103516,58,0.718600000000031
4841,240384,66.92095184326172,72,0.718600000000031
4842,240640,16.93074607849121,22,0.718300000000031
4843,240640,21.475826263427734,26,0.718300000000031
4844,240640,48.96004104614258,54,0.718300000000031
4845,240640,22.07780647277832,27,0.718300000000031
4846,240640,19.13385009765625,24,0.718300000000031
4847,240640,28.50904655456543,33,0.718300000000031
4848,240640,28.58074951171875,33,0.718300000000031
4849,240896,25.235267639160156,30,0.7180000000000311
4850,240896,30.403213500976562,36,0.7180000000000311
4851,240896,47.08964157104492,52,0.7180000000000311
4852,240896,34.619728088378906,39,0.7180000000000311
4853,240896,23.859830856323242,29,0.7180000000000311
4854,241152,52.19710159301758,57,0.7177000000000311
4855,241152,61.721954345703125,67,0.7177000000000311
4856,241152,15.392949104309082,20,0.7177000000000311
4857,241152,23.157442092895508,28,0.7177000000000311
4858,241408,31.6269588470459,36,0.7174000000000311
4859,241408,59.86491775512695,65,0.7174000000000311
4860,241408,66.92562866210938,72,0.7174000000000311
4861,241408,91.7898941040039,97,0.7174000000000311
4862,241408,34.68360137939453,40,0.7174000000000311
4863,241408,34.764713287353516,41,0.7174000000000311
4864,241408,21.152793884277344,26,0.7174000000000311
4865,241408,30.520946502685547,35,0.7174000000000311
4866,241664,23.756813049316406,29,0.7171000000000312
4867,241664,81.47162628173828,87,0.7171000000000312
4868,241664,18.17062759399414,23,0.7171000000000312
4869,241664,27.209026336669922,32,0.7171000000000312
4870,241664,16.40393829345703,21,0.7171000000000312
4871,241664,20.949203491210938,26,0.7171000000000312
4872,241664,23.610557556152344,28,0.7171000000000312
4873,241664,22.2309627532959,27,0.7171000000000312
4874,241664,47.23199462890625,52,0.7171000000000312
4875,241920,15.36545181274414,20,0.7168000000000312
4876,241920,28.609140396118164,33,0.7168000000000312
4877,241920,38.70551300048828,46,0.7168000000000312
4878,241920,75.02702331542969,80,0.7168000000000312
4879,241920,27.027616500854492,32,0.7168000000000312
4880,241920,23.80176544189453,28,0.7168000000000312
4881,242176,41.535274505615234,48,0.7165000000000312
4882,242176,19.274072647094727,24,0.7165000000000312
4883,242176,22.896780014038086,28,0.7165000000000312
4884,242176,35.67466735839844,41,0.7165000000000312
4885,242176,46.627079010009766,51,0.7165000000000312
4886,242176,19.821258544921875,25,0.7165000000000312
4887,242176,21.251209259033203,26,0.7165000000000312
4888,242176,37.460548400878906,43,0.7165000000000312
4889,242176,20.364519119262695,25,0.7165000000000312
4890,242176,32.51448440551758,37,0.7165000000000312
4891,242432,16.161724090576172,21,0.7162000000000313
4892,242432,25.56637954711914,30,0.7162000000000313
4893,242432,27.399246215820312,32,0.7162000000000313
4894,242432,17.18742561340332,22,0.7162000000000313
4895,242688,71.73324584960938,77,0.7159000000000313
4896,242688,35.75407028198242,41,0.7159000000000313
4897,242688,36.963958740234375,42,0.7159000000000313
4898,242688,69.37789916992188,74,0.7159000000000313
4899,242688,89.64103698730469,95,0.7159000000000313
4900,242688,43.890316009521484,49,0.7159000000000313
4901,242688,28.410953521728516,33,0.7159000000000313
4902,242944,29.605134963989258,34,0.7156000000000313
4903,243200,39.050392150878906,44,0.7153000000000314
4904,243200,45.018795013427734,50,0.7153000000000314
4905,243200,16.449323654174805,21,0.7153000000000314
4906,243200,21.470993041992188,27,0.7153000000000314
4907,243200,28.022321701049805,33,0.7153000000000314
4908,243200,54.332611083984375,59,0.7153000000000314
4909,243200,125.3729019165039,130,0.7153000000000314
4910,243456,21.30103874206543,26,0.7150000000000314
4911,243456,19.974891662597656,25,0.7150000000000314
4912,243456,31.84441566467285,37,0.7150000000000314
4913,243712,48.11741256713867,53,0.7147000000000314
4914,243712,74.0796127319336,80,0.7147000000000314
4915,243712,123.40027618408203,129,0.7147000000000314
4916,243712,21.955278396606445,27,0.7147000000000314
4917,243712,15.5648832321167,20,0.7147000000000314
4918,243712,31.222681045532227,36,0.7147000000000314
4919,243712,21.60088348388672,26,0.7147000000000314
4920,243712,20.307601928710938,25,0.7147000000000314
4921,243712,19.47063636779785,24,0.7147000000000314
4922,243968,25.52785301208496,30,0.7144000000000315
4923,243968,21.092487335205078,26,0.7144000000000315
4924,243968,51.11919403076172,56,0.7144000000000315
4925,243968,54.74870300292969,60,0.7144000000000315
4926,243968,33.945682525634766,39,0.7144000000000315
4927,243968,21.358272552490234,26,0.7144000000000315
4928,243968,66.41480255126953,71,0.7144000000000315
4929,243968,21.933605194091797,27,0.7144000000000315
4930,243968,45.172157287597656,50,0.7144000000000315
4931,244224,61.93179702758789,67,0.7141000000000315
4932,244224,18.99641227722168,24,0.7141000000000315
4933,244224,35.300086975097656,40,0.7141000000000315
4934,244224,64.52079010009766,70,0.7141000000000315
4935,244224,21.431018829345703,26,0.7141000000000315
4936,244224,50.231483459472656,55,0.7141000000000315
4937,244224,70.44469451904297,76,0.7141000000000315
4938,244224,47.59413528442383,53,0.7141000000000315
4939,244480,46.34819793701172,51,0.7138000000000315
4940,244480,26.30940055847168,31,0.7138000000000315
4941,244480,59.35681915283203,64,0.7138000000000315
4942,244480,29.904239654541016,35,0.7138000000000315
4943,244480,46.049015045166016,51,0.7138000000000315
4944,244480,30.90758514404297,36,0.7138000000000315
4945,244736,30.988143920898438,36,0.7135000000000316
4946,244736,49.0449104309082,54,0.7135000000000316
4947,244736,48.187538146972656,53,0.7135000000000316
4948,244736,17.89149284362793,23,0.7135000000000316
4949,244736,31.923431396484375,37,0.7135000000000316
4950,244736,32.964595794677734,38,0.7135000000000316
4951,244736,18.518701553344727,23,0.7135000000000316
4952,244736,37.767269134521484,43,0.7135000000000316
4953,244736,16.487085342407227,21,0.7135000000000316
4954,244992,29.065410614013672,34,0.7132000000000316
4955,244992,16.167091369628906,21,0.7132000000000316
4956,244992,33.4574089050293,38,0.7132000000000316
4957,244992,26.788976669311523,32,0.7132000000000316
4958,244992,42.2200813293457,47,0.7132000000000316
4959,244992,18.686912536621094,23,0.7132000000000316
4960,244992,55.20154571533203,60,0.7132000000000316
4961,245248,28.69536781311035,34,0.7129000000000316
4962,245248,48.290374755859375,53,0.7129000000000316
4963,245248,21.04326820373535,26,0.7129000000000316
4964,245248,56.798858642578125,62,0.7129000000000316
4965,245248,28.242538452148438,33,0.7129000000000316
4966,245248,34.05139923095703,39,0.7129000000000316
4967,245248,30.500864028930664,35,0.7129000000000316
4968,245248,21.174345016479492,26,0.7129000000000316
4969,245248,54.204532623291016,59,0.7129000000000316
4970,245248,18.217491149902344,23,0.7129000000000316
4971,245248,44.297935485839844,49,0.7129000000000316
4972,245504,56.207130432128906,61,0.7126000000000317
4973,245504,26.203935623168945,31,0.7126000000000317
4974,245760,63.0666389465332,68,0.7123000000000317
4975,245760,38.247642517089844,43,0.7123000000000317
4976,245760,16.004623413085938,21,0.7123000000000317
4977,246016,55.69758987426758,62,0.7120000000000317
4978,246016,69.94676208496094,75,0.7120000000000317
4979,246016,23.944515228271484,29,0.7120000000000317
4980,246016,24.17062759399414,29,0.7120000000000317
4981,246016,28.147151947021484,33,0.7120000000000317
4982,246272,29.106277465820312,34,0.7117000000000318
4983,246272,58.858177185058594,64,0.7117000000000318
4984,246272,13.292268753051758,18,0.7117000000000318
4985,246528,18.350828170776367,23,0.7114000000000318
4986,246528,28.31913948059082,33,0.7114000000000318
4987,246528,44.11402130126953,49,0.7114000000000318
4988,246528,29.469505310058594,34,0.7114000000000318
4989,246528,19.96112632751465,25,0.7114000000000318
4990,246528,36.32355880737305,41,0.7114000000000318
4991,246528,42.16365051269531,47,0.7114000000000318
4992,246528,34.851654052734375,40,0.7114000000000318
4993,246528,114.2586441040039,121,0.7114000000000318
4994,246784,54.313880920410156,59,0.7111000000000318
4995,246784,24.996315002441406,30,0.7111000000000318
4996,246784,16.17386245727539,21,0.7111000000000318
4997,246784,31.270906448364258,36,0.7111000000000318
4998,247040,95.7079849243164,102,0.7108000000000319
4999,247040,83.78655242919922,89,0.7108000000000319
5000,247040,29.35125732421875,34,0.7108000000000319
5001,247040,20.18072509765625,25,0.7108000000000319
5002,247296,52.88371658325195,60,0.7105000000000319
5003,247296,38.49028396606445,43,0.7105000000000319
5004,247296,47.93069076538086,53,0.7105000000000319
5005,247296,15.614826202392578,20,0.7105000000000319
5006,247296,23.90923500061035,29,0.7105000000000319
5007,247552,36.492027282714844,41,0.7102000000000319
5008,247552,79.7584457397461,87,0.7102000000000319
5009,247552,15.181352615356445,20,0.7102000000000319
5010,247552,51.087738037109375,56,0.7102000000000319
5011,247552,59.159263610839844,64,0.7102000000000319
5012,247552,35.27805709838867,40,0.7102000000000319
5013,247808,112.1056900024414,117,0.709900000000032
5014,247808,40.01742935180664,45,0.709900000000032
5015,247808,22.627111434936523,28,0.709900000000032
5016,247808,29.180740356445312,34,0.709900000000032
5017,247808,77.07083129882812,83,0.709900000000032
5018,247808,30.193313598632812,35,0.709900000000032
5019,247808,106.4486083984375,112,0.709900000000032
5020,247808,32.302364349365234,37,0.709900000000032
5021,248064,59.49471664428711,65,0.709600000000032
5022,248064,53.595916748046875,58,0.709600000000032
5023,248064,55.28077697753906,63,0.709600000000032
5024,248320,24.88094711303711,30,0.709300000000032
5025,248320,54.04072570800781,59,0.709300000000032
5026,248320,35.23359680175781,40,0.709300000000032
5027,248576,45.09037399291992,50,0.709000000000032
5028,248576,39.859134674072266,45,0.709000000000032
5029,248576,48.465362548828125,54,0.709000000000032
5030,248576,47.960994720458984,53,0.709000000000032
5031,248832,54.283721923828125,59,0.7087000000000321
5032,248832,77.48594665527344,83,0.7087000000000321
5033,248832,31.540185928344727,36,0.7087000000000321
5034,248832,27.291688919067383,32,0.7087000000000321
5035,248832,45.436729431152344,50,0.7087000000000321
5036,248832,12.40186882019043,17,0.7087000000000321
5037,248832,26.67572784423828,31,0.7087000000000321
5038,249088,23.116512298583984,28,0.7084000000000321
5039,249088,25.84151840209961,31,0.7084000000000321
5040,249088,23.217466354370117,28,0.7084000000000321
5041,249088,20.331012725830078,25,0.7084000000000321
5042,249088,18.31351089477539,23,0.7084000000000321
5043,249088,20.568851470947266,25,0.7084000000000321
5044,249344,36.72443771362305,43,0.7081000000000321
5045,249344,26.08928680419922,31,0.7081000000000321
5046,249344,119.68926239013672,125,0.7081000000000321
5047,249344,49.1003532409668,54,0.7081000000000321
5048,249600,96.41336822509766,101,0.7078000000000322
5049,249600,17.1900634765625,22,0.7078000000000322
5050,249600,42.163326263427734,47,0.7078000000000322
5051,249600,36.937923431396484,42,0.7078000000000322
5052,249600,37.585052490234375,42,0.7078000000000322
5053,249856,16.188369750976562,21,0.7075000000000322
5054,249856,42.17103576660156,47,0.7075000000000322
5055,249856,20.196287155151367,25,0.7075000000000322
5056,249856,25.005573272705078,30,0.7075000000000322
5057,249856,34.491363525390625,39,0.7075000000000322
5058,249856,27.501663208007812,32,0.7075000000000322
5059,249856,30.474716186523438,35,0.7075000000000322
5060,249856,66.66920471191406,72,0.7075000000000322
5061,249856,19.345983505249023,24,0.7075000000000322
5062,250112,19.005802154541016,24,0.7072000000000322
5063,250112,22.245220184326172,27,0.7072000000000322
5064,250368,39.3355827331543,44,0.7069000000000323
5065,250368,62.842350006103516,68,0.7069000000000323
5066,250368,16.004240036010742,21,0.7069000000000323
5067,250368,37.484466552734375,42,0.7069000000000323
5068,250368,51.20833206176758,56,0.7069000000000323
5069,250368,44.21029281616211,49,0.7069000000000323
5070,250368,40.21257019042969,45,0.7069000000000323
5071,250368,29.04819679260254,34,0.7069000000000323
5072,250624,22.989864349365234,28,0.7066000000000323
5073,250624,21.26551055908203,26,0.7066000000000323
5074,250624,17.356508255004883,22,0.7066000000000323
5075,250880,36.92414855957031,42,0.7063000000000323
5076,250880,46.0285758972168,51,0.7063000000000323
5077,250880,45.30718231201172,50,0.7063000000000323
5078,250880,57.15506362915039,62,0.7063000000000323
5079,250880,25.186172485351562,30,0.7063000000000323
5080,250880,21.28150177001953,26,0.7063000000000323
5081,250880,16.628686904907227,21,0.7063000000000323
5082,250880,43.86989974975586,49,0.7063000000000323
5083,250880,20.431318283081055,25,0.7063000000000323
5084,250880,20.74358367919922,26,0.7063000000000323
5085,250880,21.031906127929688,26,0.7063000000000323
5086,250880,60.825992584228516,66,0.7063000000000323
5087,250880,55.768672943115234,62,0.7063000000000323
5088,250880,39.16800308227539,45,0.7063000000000323
5089,250880,72.8716049194336,78,0.7063000000000323
5090,251136,28.180362701416016,33,0.7060000000000324
5091,251136,49.26686096191406,55,0.7060000000000324
5092,251136,41.471717834472656,46,0.7060000000000324
5093,251136,30.143356323242188,35,0.7060000000000324
5094,251136,99.18441772460938,105,0.7060000000000324
5095,251136,14.368014335632324,19,0.7060000000000324
5096,251392,31.053756713867188,36,0.7057000000000324
5097,251392,27.347763061523438,32,0.7057000000000324
5098,251392,21.34491729736328,26,0.7057000000000324
5099,251392,38.209835052490234,43,0.7057000000000324
5100,251392,54.29871368408203,59,0.7057000000000324
5101,251392,38.23352813720703,43,0.7057000000000324
5102,251392,49.22525405883789,54,0.7057000000000324
5103,251392,32.04038619995117,37,0.7057000000000324
5104,251648,24.013160705566406,29,0.7054000000000324
5105,251648,21.794248580932617,27,0.7054000000000324
5106,251648,45.405094146728516,50,0.7054000000000324
5107,251648,48.350826263427734,54,0.7054000000000324
5108,251648,24.190868377685547,29,0.7054000000000324
5109,251648,35.13862991333008,40,0.7054000000000324
5110,251648,34.56764602661133,40,0.7054000000000324
5111,251904,65.08985900878906,70,0.7051000000000325
5112,252160,28.511211395263672,33,0.7048000000000325
5113,252160,27.211204528808594,32,0.7048000000000325
5114,252160,35.084991455078125,41,0.7048000000000325
5115,252160,22.528404235839844,27,0.7048000000000325
5116,252160,24.469478607177734,29,0.7048000000000325
5117,252160,52.427268981933594,57,0.7048000000000325
5118,252416,26.399126052856445,31,0.7045000000000325
5119,252416,38.17793273925781,43,0.7045000000000325
5120,252416,25.079010009765625,30,0.7045000000000325
5121,252416,16.23208236694336,21,0.7045000000000325
5122,252672,15.175938606262207,20,0.7042000000000326
5123,252672,22.57227325439453,27,0.7042000000000326
5124,252672,29.402799606323242,34,0.7042000000000326
5125,252672,24.210922241210938,29,0.7042000000000326
5126,252672,26.376766204833984,31,0.7042000000000326
5127,252672,37.68761444091797,43,0.7042000000000326
5128,252928,93.5413818359375,99,0.7039000000000326
5129,252928,21.49765968322754,26,0.7039000000000326
5130,252928,105.70401000976562,111,0.7039000000000326
5131,252928,14.467018127441406,19,0.7039000000000326
5132,252928,42.027793884277344,47,0.7039000000000326
5133,252928,49.791297912597656,55,0.7039000000000326
5134,253184,29.510820388793945,34,0.7036000000000326
5135,253184,31.93659210205078,37,0.7036000000000326
5136,253184,39.55239486694336,47,0.7036000000000326
5137,253440,132.4658203125,138,0.7033000000000327
5138,253440,31.588956832885742,36,0.7033000000000327
5139,253440,57.53601837158203,63,0.7033000000000327
5140,253440,48.357669830322266,53,0.7033000000000327
5141,253440,39.47262954711914,44,0.7033000000000327
5142,253440,35.475704193115234,40,0.7033000000000327
5143,253440,11.451187133789062,16,0.7033000000000327
5144,253440,27.615062713623047,33,0.7033000000000327
5145,253440,32.12217712402344,37,0.7033000000000327
5146,253440,36.183929443359375,42,0.7033000000000327
5147,253696,44.439735412597656,49,0.7030000000000327
5148,253696,37.99637222290039,43,0.7030000000000327
5149,253696,13.38797664642334,18,0.7030000000000327
5150,253696,20.275386810302734,25,0.7030000000000327
5151,253696,43.74222946166992,48,0.7030000000000327
5152,253696,27.628482818603516,33,0.7030000000000327
5153,253952,46.765480041503906,52,0.7027000000000327
5154,253952,60.21857452392578,65,0.7027000000000327
5155,253952,40.479644775390625,45,0.7027000000000327
5156,253952,68.6806640625,74,0.7027000000000327
5157,253952,35.71532440185547,40,0.7027000000000327
5158,253952,24.462589263916016,29,0.7027000000000327
5159,254208,24.365468978881836,29,0.7024000000000328
5160,254208,25.109230041503906,30,0.7024000000000328
5161,254208,65.20687866210938,70,0.7024000000000328
5162,254464,41.29759979248047,46,0.7021000000000328
5163,254464,17.228500366210938,22,0.7021000000000328
5164,254464,44.41781997680664,50,0.7021000000000328
5165,254464,28.54766845703125,33,0.7021000000000328
5166,254464,28.507944107055664,33,0.7021000000000328
5167,254464,135.8740234375,141,0.7021000000000328
5168,254464,39.99153518676758,45,0.7021000000000328
5169,254464,26.35689353942871,31,0.7021000000000328
5170,254464,26.907028198242188,32,0.7021000000000328
5171,254464,18.31059455871582,23,0.7021000000000328
5172,254464,37.42115783691406,42,0.7021000000000328
5173,254720,22.24064826965332,27,0.7018000000000328
5174,254720,44.46863555908203,49,0.7018000000000328
5175,254720,25.28389549255371,30,0.7018000000000328
5176,254720,17.276975631713867,22,0.7018000000000328
5177,254976,74.42066955566406,79,0.7015000000000329
5178,254976,45.5291633605957,50,0.7015000000000329
5179,254976,47.119041442871094,52,0.7015000000000329
5180,255232,80.1409683227539,85,0.7012000000000329
5181,255232,20.38838768005371,25,0.7012000000000329
5182,255232,32.52931594848633,37,0.7012000000000329
5183,255232,31.151782989501953,36,0.7012000000000329
5184,255488,54.07789993286133,59,0.7009000000000329
5185,255488,28.11182403564453,33,0.7009000000000329
5186,255488,21.617652893066406,26,0.7009000000000329
5187,255488,21.572843551635742,26,0.7009000000000329
5188,255488,45.158451080322266,50,0.7009000000000329
5189,255488,16.1330509185791,21,0.7009000000000329
5190,255744,23.354476928710938,28,0.700600000000033
5191,255744,30.295061111450195,35,0.700600000000033
5192,255744,37.15241622924805,42,0.700600000000033
5193,255744,30.107343673706055,35,0.700600000000033
5194,256000,27.23774528503418,32,0.700300000000033
5195,256000,73.34043884277344,78,0.700300000000033
5196,256000,88.95600128173828,95,0.700300000000033
5197,256256,13.604532241821289,18,0.700000000000033
5198,256256,16.5164794921875,21,0.700000000000033
5199,256256,62.640586853027344,69,0.700000000000033
5200,256256,19.50077247619629,24,0.700000000000033
5201,256256,46.362953186035156,51,0.700000000000033
5202,256256,27.9350528717041,33,0.700000000000033
5203,256256,20.840951919555664,26,0.700000000000033
5204,256256,16.35253143310547,21,0.700000000000033
5205,256512,45.94953536987305,51,0.6997000000000331
5206,256512,19.399250030517578,24,0.6997000000000331
5207,256512,45.31936264038086,50,0.6997000000000331
5208,256512,17.4544677734375,22,0.6997000000000331
5209,256512,26.617530822753906,31,0.6997000000000331
5210,256768,28.319337844848633,33,0.6994000000000331
5211,256768,28.078655242919922,33,0.6994000000000331
5212,257024,101.06532287597656,107,0.6991000000000331
5213,257024,35.98931121826172,41,0.6991000000000331
5214,257024,86.69403839111328,92,0.6991000000000331
5215,257024,42.48147201538086,47,0.6991000000000331
5216,257024,38.3931770324707,43,0.6991000000000331
5217,257024,52.954612731933594,59,0.6991000000000331
5218,257024,60.72020721435547,66,0.6991000000000331
5219,257280,63.71652603149414,69,0.6988000000000332
5220,257280,37.36904525756836,42,0.6988000000000332
5221,257280,75.9292221069336,81,0.6988000000000332
5222,257536,33.94783020019531,39,0.6985000000000332
5223,257536,42.79022979736328,48,0.6985000000000332
5224,257536,16.266563415527344,21,0.6985000000000332
5225,257536,25.19474220275879,30,0.6985000000000332
5226,257536,25.76897430419922,31,0.6985000000000332
5227,257536,13.336216926574707,18,0.6985000000000332
5228,257792,22.269123077392578,27,0.6982000000000332
5229,257792,28.47559356689453,33,0.6982000000000332
5230,257792,20.057077407836914,25,0.6982000000000332
5231,257792,44.46818542480469,49,0.6982000000000332
5232,258048,59.448795318603516,64,0.6979000000000333
5233,258048,31.574953079223633,36,0.6979000000000333
5234,258048,35.409156799316406,41,0.6979000000000333
5235,258048,43.184574127197266,48,0.6979000000000333
5236,258048,15.49217414855957,20,0.6979000000000333
5237,258048,37.55653762817383,42,0.6979000000000333
5238,258304,36.927188873291016,42,0.6976000000000333
5239,258304,14.477874755859375,19,0.6976000000000333
5240,258304,15.373296737670898,20,0.6976000000000333
5241,258304,68.04043579101562,74,0.6976000000000333
5242,258304,22.291593551635742,27,0.6976000000000333
5243,258304,76.1876220703125,83,0.6976000000000333
5244,258304,22.4010009765625,27,0.6976000000000333
5245,258304,71.12870788574219,76,0.6976000000000333
5246,258560,46.890933990478516,52,0.6973000000000333
5247,258560,19.335981369018555,24,0.6973000000000333
5248,258560,24.581512451171875,30,0.6973000000000333
5249,258560,46.138309478759766,52,0.6973000000000333
5250,258560,105.69322967529297,112,0.6973000000000333
5251,258560,15.421187400817871,20,0.6973000000000333
5252,258560,31.402639389038086,37,0.6973000000000333
5253,258560,26.274478912353516,31,0.6973000000000333
5254,258560,22.081623077392578,27,0.6973000000000333
5255,258560,80.79388427734375,86,0.6973000000000333
5256,258560,72.76480102539062,78,0.6973000000000333
5257,258816,47.407318115234375,52,0.6970000000000334
5258,258816,21.43712043762207,26,0.6970000000000334
5259,258816,24.253662109375,29,0.6970000000000334
5260,258816,26.452890396118164,31,0.6970000000000334
5261,258816,27.115633010864258,32,0.6970000000000334
5262,259072,22.559730529785156,27,0.6967000000000334
5263,259072,31.254047393798828,36,0.6967000000000334
5264,259072,25.16680335998535,30,0.6967000000000334
5265,259072,25.218536376953125,30,0.6967000000000334
5266,259072,69.70228576660156,75,0.6967000000000334
5267,259328,19.335357666015625,24,0.6964000000000334
5268,259328,28.320819854736328,33,0.6964000000000334
5269,259328,30.416919708251953,35,0.6964000000000334
5270,259328,44.10392761230469,49,0.6964000000000334
5271,259328,49.98067855834961,55,0.6964000000000334
5272,259328,66.75129699707031,75,0.6964000000000334
5273,259328,17.110118865966797,22,0.6964000000000334
5274,259328,38.857200622558594,44,0.6964000000000334
5275,259328,27.280622482299805,33,0.6964000000000334
5276,259584,42.31907272338867,47,0.6961000000000335
5277,259584,46.201515197753906,51,0.6961000000000335
5278,259584,29.336368560791016,34,0.6961000000000335
5279,259584,31.0181884765625,36,0.6961000000000335
5280,259584,19.27776527404785,24,0.6961000000000335
5281,259584,65.33212280273438,71,0.6961000000000335
5282,259584,18.354337692260742,23,0.6961000000000335
5283,259584,17.24790382385254,22,0.6961000000000335
5284,259840,46.1812744140625,52,0.6958000000000335
5285,259840,25.578842163085938,30,0.6958000000000335
5286,259840,16.261550903320312,21,0.6958000000000335
5287,259840,51.92769241333008,57,0.6958000000000335
5288,259840,37.47321319580078,42,0.6958000000000335
5289,259840,32.10329055786133,37,0.6958000000000335
5290,259840,49.18232727050781,54,0.6958000000000335
5291,260096,23.735862731933594,29,0.6955000000000335
5292,260096,67.35086822509766,73,0.6955000000000335
5293,260096,43.11376190185547,48,0.6955000000000335
5294,260352,37.16915512084961,42,0.6952000000000336
5295,260352,34.99864959716797,41,0.6952000000000336
5296,260352,24.494747161865234,29,0.6952000000000336
5297,260352,22.28448486328125,27,0.6952000000000336
5298,260352,19.880395889282227,25,0.6952000000000336
5299,260352,20.206405639648438,25,0.6952000000000336
5300,260352,79.59363555908203,87,0.6952000000000336
5301,260352,60.06108093261719,65,0.6952000000000336
5302,260608,41.157798767089844,46,0.6949000000000336
5303,260608,20.027368545532227,25,0.6949000000000336
5304,260608,23.229646682739258,28,0.6949000000000336
5305,260608,59.54906463623047,64,0.6949000000000336
5306,260608,18.06397819519043,23,0.6949000000000336
5307,260608,27.805618286132812,33,0.6949000000000336
5308,260608,49.83085250854492,55,0.6949000000000336
5309,260608,19.090938568115234,24,0.6949000000000336
5310,260608,13.35498046875,18,0.6949000000000336
5311,260608,25.072410583496094,30,0.6949000000000336
5312,260608,60.18820571899414,65,0.6949000000000336
5313,260864,40.52146911621094,45,0.6946000000000336
5314,260864,69.02413940429688,74,0.6946000000000336
5315,260864,19.80780792236328,25,0.6946000000000336
5316,260864,115.00847625732422,121,0.6946000000000336
5317,260864,73.76973724365234,79,0.6946000000000336
5318,260864,43.93055725097656,49,0.6946000000000336
5319,261120,20.928272247314453,26,0.6943000000000337
5320,261120,20.332691192626953,25,0.6943000000000337
5321,261120,59.1956901550293,64,0.6943000000000337
5322,261120,31.32241439819336,37,0.6943000000000337
5323,261120,14.301314353942871,19,0.6943000000000337
5324,261376,58.52634048461914,64,0.6940000000000337
5325,261376,26.072885513305664,31,0.6940000000000337
5326,261376,35.068843841552734,40,0.6940000000000337
5327,261376,35.18547439575195,40,0.6940000000000337
5328,261632,43.777732849121094,49,0.6937000000000337
5329,261632,58.682315826416016,65,0.6937000000000337
5330,261632,62.63811492919922,68,0.6937000000000337
5331,261632,26.34917640686035,31,0.6937000000000337
5332,261632,19.093523025512695,24,0.6937000000000337
5333,261632,39.135433197021484,44,0.6937000000000337
5334,261888,22.10934066772461,27,0.6934000000000338
5335,261888,17.487478256225586,22,0.6934000000000338
5336,261888,27.995683670043945,33,0.6934000000000338
5337,261888,19.800636291503906,25,0.6934000000000338
5338,262144,15.219274520874023,20,0.6931000000000338
5339,262144,45.93855285644531,51,0.6931000000000338
5340,262144,42.67618942260742,48,0.6931000000000338
5341,262144,40.22289276123047,45,0.6931000000000338
5342,262144,27.24142074584961,32,0.6931000000000338
5343,262144,88.77893829345703,95,0.6931000000000338
5344,262144,38.621952056884766,44,0.6931000000000338
5345,262144,43.11351776123047,48,0.6931000000000338
5346,262400,30.984474182128906,36,0.6928000000000338
5347,262400,73.85108184814453,79,0.6928000000000338
5348,262400,25.90740394592285,31,0.6928000000000338
5349,262400,51.94242858886719,57,0.6928000000000338
5350,262400,119.93685150146484,126,0.6928000000000338
5351,262656,43.380706787109375,48,0.6925000000000339
5352,262656,53.2635498046875,58,0.6925000000000339
5353,262656,40.22601318359375,45,0.6925000000000339
5354,262656,53.73112487792969,59,0.6925000000000339
5355,262656,40.23615264892578,45,0.6925000000000339
5356,262656,16.220401763916016,21,0.6925000000000339
5357,262656,18.195581436157227,23,0.6925000000000339
5358,262656,58.43559646606445,63,0.6925000000000339
5359,262656,27.0999755859375,32,0.6925000000000339
5360,262912,13.42259693145752,18,0.6922000000000339
5361,262912,39.810791015625,45,0.6922000000000339
5362,262912,65.88436889648438,71,0.6922000000000339
5363,262912,16.38909149169922,21,0.6922000000000339
5364,262912,80.91584014892578,86,0.6922000000000339
5365,263168,37.27250671386719,42,0.6919000000000339
5366,263168,29.969924926757812,35,0.6919000000000339
5367,263168,16.190773010253906,21,0.6919000000000339
5368,263168,22.52580451965332,27,0.6919000000000339
5369,263168,31.764175415039062,37,0.6919000000000339
5370,263168,24.852079391479492,30,0.6919000000000339
5371,263424,36.203826904296875,41,0.691600000000034
5372,263424,71.5679931640625,77,0.691600000000034
5373,263424,30.585205078125,35,0.691600000000034
5374,263424,32.00407791137695,37,0.691600000000034
5375,263424,43.91038131713867,49,0.691600000000034
5376,263424,33.316802978515625,38,0.691600000000034
5377,263424,20.259769439697266,25,0.691600000000034
5378,263424,57.3743782043457,64,0.691600000000034
5379,263680,19.40292739868164,24,0.691300000000034
5380,263680,48.893577575683594,54,0.691300000000034
5381,263680,18.08573341369629,23,0.691300000000034
5382,263680,39.48348617553711,44,0.691300000000034
5383,263936,80.29730224609375,86,0.691000000000034
5384,263936,18.242582321166992,23,0.691000000000034
5385,263936,43.26563262939453,48,0.691000000000034
5386,263936,26.276844024658203,31,0.691000000000034
5387,263936,78.68347930908203,84,0.691000000000034
5388,263936,115.91712188720703,122,0.691000000000034
5389,263936,36.50269317626953,41,0.691000000000034
5390,263936,59.789432525634766,65,0.691000000000034
5391,264192,25.586029052734375,31,0.6907000000000341
5392,264192,84.87845611572266,90,0.6907000000000341
5393,264192,20.172666549682617,25,0.6907000000000341
5394,264192,42.579490661621094,49,0.6907000000000341
5395,264448,36.972740173339844,42,0.6904000000000341
5396,264448,16.47730255126953,21,0.6904000000000341
5397,264448,73.05389404296875,78,0.6904000000000341
5398,264448,22.5632266998291,27,0.6904000000000341
5399,264448,41.686466217041016,46,0.6904000000000341
5400,264448,18.246212005615234,23,0.6904000000000341
5401,264704,15.363158226013184,20,0.6901000000000341
5402,264704,49.2819938659668,54,0.6901000000000341
5403,264704,30.251007080078125,35,0.6901000000000341
5404,264704,16.086326599121094,21,0.6901000000000341
5405,264704,39.07217788696289,44,0.6901000000000341
5406,264960,20.096147537231445,25,0.6898000000000342
5407,264960,38.02006149291992,43,0.6898000000000342
5408,264960,33.42061233520508,38,0.6898000000000342
5409,264960,77.53935241699219,83,0.6898000000000342
5410,264960,46.07740020751953,51,0.6898000000000342
5411,265216,26.752775192260742,31,0.6895000000000342
5412,265216,33.565982818603516,38,0.6895000000000342
5413,265216,29.41719627380371,34,0.6895000000000342
5414,265216,21.249698638916016,26,0.6895000000000342
5415,265216,50.02722930908203,55,0.6895000000000342
5416,265216,18.105695724487305,23,0.6895000000000342
5417,265216,75.19474792480469,80,0.6895000000000342
5418,265216,31.252300262451172,36,0.6895000000000342
5419,265216,84.41275787353516,90,0.6895000000000342
5420,265216,71.3901596069336,78,0.6895000000000342
5421,265216,17.59006118774414,22,0.6895000000000342
5422,265472,30.392684936523438,35,0.6892000000000342
5423,265472,33.70854568481445,38,0.6892000000000342
5424,265472,86.12911987304688,91,0.6892000000000342
5425,265472,38.609344482421875,43,0.6892000000000342
5426,265472,81.88310241699219,87,0.6892000000000342
5427,265472,23.16126251220703,28,0.6892000000000342
5428,265472,20.782743453979492,25,0.6892000000000342
5429,265728,19.41417121887207,24,0.6889000000000343
5430,265728,25.187469482421875,30,0.6889000000000343
5431,265728,46.18251037597656,51,0.6889000000000343
5432,265728,27.199426651000977,32,0.6889000000000343
5433,265728,16.2657413482666,21,0.6889000000000343
5434,265728,47.18475341796875,52,0.6889000000000343
5435,265984,56.10865020751953,61,0.6886000000000343
5436,266240,27.35900115966797,32,0.6883000000000343
5437,266240,24.314481735229492,29,0.6883000000000343
5438,266240,23.32447624206543,28,0.6883000000000343
5439,266240,64.5464859008789,69,0.6883000000000343
5440,266240,20.895540237426758,26,0.6883000000000343
5441,266496,35.428531646728516,40,0.6880000000000344
5442,266496,42.38739013671875,47,0.6880000000000344
5443,266496,56.72843933105469,61,0.6880000000000344
5444,266496,21.185592651367188,26,0.6880000000000344
5445,266496,17.597061157226562,22,0.6880000000000344
5446,266496,49.286190032958984,54,0.6880000000000344
5447,266496,10.731098175048828,15,0.6880000000000344
5448,266752,29.214208602905273,34,0.6877000000000344
5449,266752,56.670318603515625,62,0.6877000000000344
5450,266752,20.239381790161133,25,0.6877000000000344
5451,266752,19.449996948242188,24,0.6877000000000344
5452,266752,61.382633209228516,66,0.6877000000000344
5453,266752,26.487590789794922,31,0.6877000000000344
5454,266752,52.144081115722656,57,0.6877000000000344
5455,267008,29.404586791992188,34,0.6874000000000344
5456,267008,69.89537811279297,75,0.6874000000000344
5457,267008,24.18564796447754,29,0.6874000000000344
5458,267008,20.949382781982422,26,0.6874000000000344
5459,267008,24.45358657836914,29,0.6874000000000344
5460,267008,20.34391212463379,25,0.6874000000000344
5461,267264,64.93614959716797,70,0.6871000000000345
5462,267264,17.0029239654541,22,0.6871000000000345
5463,267264,80.92527770996094,86,0.6871000000000345
5464,267264,35.430511474609375,40,0.6871000000000345
5465,267264,51.95623779296875,57,0.6871000000000345
5466,267264,30.107481002807617,35,0.6871000000000345
5467,267264,57.20688247680664,62,0.6871000000000345
5468,267520,22.174758911132812,27,0.6868000000000345
5469,267520,71.66346740722656,77,0.6868000000000345
5470,267520,31.16969871520996,36,0.6868000000000345
5471,267520,52.8951301574707,58,0.6868000000000345
5472,267776,23.085453033447266,28,0.6865000000000345
5473,267776,17.486656188964844,22,0.6865000000000345
5474,267776,32.791683197021484,38,0.6865000000000345
5475,267776,38.988887786865234,44,0.6865000000000345
5476,267776,48.43219757080078,53,0.6865000000000345
5477,267776,74.12905883789062,80,0.6865000000000345
5478,267776,46.339107513427734,51,0.6865000000000345
5479,267776,22.53815269470215,27,0.6865000000000345
5480,267776,23.35805892944336,28,0.6865000000000345
5481,268032,43.633827209472656,48,0.6862000000000346
5482,268032,21.230228424072266,26,0.6862000000000346
5483,268032,32.18244171142578,37,0.6862000000000346
5484,268032,20.76912498474121,26,0.6862000000000346
5485,268288,41.34866714477539,46,0.6859000000000346
5486,268288,17.662578582763672,22,0.6859000000000346
5487,268288,30.065290451049805,35,0.6859000000000346
5488,268288,25.099435806274414,30,0.6859000000000346
5489,268288,34.74517822265625,39,0.6859000000000346
5490,268544,62.87555694580078,68,0.6856000000000346
5491,268544,33.586219787597656,38,0.6856000000000346
5492,268544,18.23588752746582,23,0.6856000000000346
5493,268544,43.626678466796875,48,0.6856000000000346
5494,268544,19.298053741455078,24,0.6856000000000346
5495,268800,30.674232482910156,35,0.6853000000000347
5496,268800,13.503183364868164,18,0.6853000000000347
5497,268800,18.24541473388672,23,0.6853000000000347
5498,268800,42.97970199584961,49,0.6853000000000347
5499,269056,18.47332763671875,23,0.6850000000000347
5500,269312,38.57026290893555,43,0.6847000000000347
5501,269312,71.42664337158203,77,0.6847000000000347
5502,269312,36.93636703491211,42,0.6847000000000347
5503,269312,46.492835998535156,51,0.6847000000000347
5504,269312,24.294288635253906,29,0.6847000000000347
5505,269568,11.558311462402344,16,0.6844000000000348
5506,269568,102.53670501708984,109,0.6844000000000348
5507,269568,19.22076416015625,24,0.6844000000000348
5508,269568,19.85940933227539,25,0.6844000000000348
5509,269568,20.96121597290039,26,0.6844000000000348
5510,269568,70.13981628417969,75,0.6844000000000348
5511,269568,26.205209732055664,31,0.6844000000000348
5512,269824,100.70487213134766,107,0.6841000000000348
5513,269824,24.683469772338867,30,0.6841000000000348
5514,269824,32.33009338378906,37,0.6841000000000348
5515,269824,38.379234313964844,43,0.6841000000000348
5516,269824,23.919456481933594,29,0.6841000000000348
5517,269824,30.86395263671875,36,0.6841000000000348
5518,270080,29.035085678100586,34,0.6838000000000348
5519,270080,22.235849380493164,27,0.6838000000000348
5520,270080,30.834861755371094,36,0.6838000000000348
5521,270080,21.57802963256836,26,0.6838000000000348
5522,270080,66.43840026855469,72,0.6838000000000348
5523,270080,19.33654022216797,24,0.6838000000000348
5524,270080,21.434871673583984,26,0.6838000000000348
5525,270336,25.547475814819336,30,0.6835000000000349
5526,270336,13.647589683532715,18,0.6835000000000349
5527,270336,97.30613708496094,103,0.6835000000000349
5528,270336,33.540321350097656,38,0.6835000000000349
5529,270336,54.10261917114258,59,0.6835000000000349
5530,270592,53.899810791015625,59,0.6832000000000349
5531,270592,44.78883743286133,50,0.6832000000000349
5532,270592,23.404518127441406,28,0.6832000000000349
5533,270592,36.962276458740234,42,0.6832000000000349
5534,270592,36.394168853759766,41,0.6832000000000349
5535,270592,28.260404586791992,33,0.6832000000000349
5536,270848,87.02091979980469,92,0.6829000000000349
5537,270848,21.11162757873535,26,0.6829000000000349
5538,270848,20.05455207824707,25,0.6829000000000349
5539,270848,21.669971466064453,27,0.6829000000000349
5540,271104,49.121925354003906,55,0.682600000000035
5541,271104,23.808292388916016,29,0.682600000000035
5542,271104,33.0498161315918,39,0.682600000000035
5543,271104,27.57549285888672,32,0.682600000000035
5544,271360,29.71682357788086,34,0.682300000000035
5545,271360,35.0226936340332,40,0.682300000000035
5546,271360,31.5831298828125,36,0.682300000000035
5547,271360,18.217947006225586,23,0.682300000000035
5548,271360,50.819183349609375,56,0.682300000000035
5549,271360,38.509056091308594,43,0.682300000000035
5550,271360,20.0794734954834,25,0.682300000000035
5551,271360,44.86811065673828,50,0.682300000000035
5552,271360,29.52627182006836,34,0.682300000000035
5553,271360,19.47109603881836,24,0.682300000000035
5554,271616,59.15464401245117,64,0.682000000000035
5555,271616,52.24391174316406,57,0.682000000000035
5556,271616,42.999149322509766,48,0.682000000000035
5557,271616,17.61376953125,22,0.682000000000035
5558,271616,23.453310012817383,28,0.682000000000035
5559,271616,60.6524543762207,66,0.682000000000035
5560,271616,147.16175842285156,153,0.682000000000035
5561,271616,43.1238899230957,48,0.682000000000035
5562,271616,20.709125518798828,25,0.682000000000035
5563,271616,61.77231979370117,67,0.682000000000035
5564,271872,40.19470977783203,45,0.6817000000000351
5565,271872,27.97814178466797,33,0.6817000000000351
5566,271872,19.970304489135742,25,0.6817000000000351
5567,272128,22.453962326049805,27,0.6814000000000351
5568,272128,44.26997756958008,49,0.6814000000000351
5569,272128,22.458969116210938,27,0.6814000000000351
5570,272128,51.981117248535156,57,0.6814000000000351
5571,272128,67.77743530273438,73,0.6814000000000351
5572,272128,22.278818130493164,28,0.6814000000000351
5573,272384,62.800933837890625,68,0.6811000000000351
5574,272384,46.16825866699219,51,0.6811000000000351
5575,272384,36.507171630859375,41,0.6811000000000351
5576,272384,16.491907119750977,21,0.6811000000000351
5577,272384,31.385316848754883,36,0.6811000000000351
5578,272640,24.756013870239258,30,0.6808000000000352
5579,272640,18.39512062072754,23,0.6808000000000352
5580,272640,28.41006851196289,33,0.6808000000000352
5581,272640,28.720029830932617,34,0.6808000000000352
5582,272640,27.412761688232422,32,0.6808000000000352
5583,272896,44.659915924072266,50,0.6805000000000352
5584,272896,37.28610610961914,42,0.6805000000000352
5585,272896,41.11907196044922,46,0.6805000000000352
5586,272896,56.25279998779297,61,0.6805000000000352
5587,272896,41.967445373535156,47,0.6805000000000352
5588,272896,41.27070999145508,46,0.6805000000000352
5589,272896,34.70414733886719,40,0.6805000000000352
5590,272896,32.379676818847656,37,0.6805000000000352
5591,273152,53.99024963378906,59,0.6802000000000352
5592,273152,16.164976119995117,21,0.6802000000000352
5593,273152,36.000892639160156,41,0.6802000000000352
5594,273152,16.02560043334961,21,0.6802000000000352
5595,273152,51.662559509277344,57,0.6802000000000352
5596,273152,40.05092239379883,45,0.6802000000000352
5597,273152,45.734188079833984,52,0.6802000000000352
5598,273152,85.59031677246094,91,0.6802000000000352
5599,273152,27.204124450683594,32,0.6802000000000352
5600,273152,87.08384704589844,92,0.6802000000000352
5601,273152,40.37991714477539,45,0.6802000000000352
5602,273152,89.09345245361328,95,0.6802000000000352
5603,273408,65.50228118896484,72,0.6799000000000353
5604,273408,82.13658905029297,88,0.6799000000000353
5605,273408,25.008068084716797,30,0.6799000000000353
5606,273408,18.905426025390625,24,0.6799000000000353
5607,273408,19.794525146484375,25,0.6799000000000353
5608,273408,53.13007736206055,58,0.6799000000000353
5609,273664,21.414926528930664,26,0.6796000000000353
5610,273664,18.048931121826172,23,0.6796000000000353
5611,273664,21.111940383911133,26,0.6796000000000353
5612,273920,35.93223190307617,41,0.6793000000000353
5613,273920,36.255645751953125,41,0.6793000000000353
5614,273920,33.97197723388672,39,0.6793000000000353
5615,273920,22.967670440673828,28,0.6793000000000353
5616,273920,52.03064727783203,57,0.6793000000000353
5617,273920,47.73081588745117,53,0.6793000000000353
5618,274176,37.87843704223633,43,0.6790000000000354
5619,274176,28.349685668945312,33,0.6790000000000354
5620,274176,29.928146362304688,35,0.6790000000000354
5621,274176,26.418319702148438,31,0.6790000000000354
5622,274176,96.91175079345703,102,0.6790000000000354
5623,274176,32.214080810546875,37,0.6790000000000354
5624,274176,20.18506622314453,25,0.6790000000000354
5625,274432,17.14884376525879,22,0.6787000000000354
5626,274432,22.30390739440918,27,0.6787000000000354
5627,274432,34.407859802246094,39,0.6787000000000354
5628,274432,16.21129035949707,21,0.6787000000000354
5629,274688,55.257991790771484,63,0.6784000000000354
5630,274688,27.353120803833008,32,0.6784000000000354
5631,274688,26.914979934692383,32,0.6784000000000354
5632,274688,21.328458786010742,26,0.6784000000000354
5633,274688,18.592695236206055,23,0.6784000000000354
5634,274688,49.84268569946289,55,0.6784000000000354
5635,274944,45.002967834472656,50,0.6781000000000355
5636,274944,28.31751823425293,33,0.6781000000000355
5637,274944,39.367645263671875,44,0.6781000000000355
5638,274944,33.294517517089844,38,0.6781000000000355
5639,275200,36.44197082519531,41,0.6778000000000355
5640,275200,17.190643310546875,22,0.6778000000000355
5641,275456,27.818443298339844,33,0.6775000000000355
5642,275456,19.20713233947754,24,0.6775000000000355
5643,275456,54.821250915527344,60,0.6775000000000355
5644,275456,21.593700408935547,26,0.6775000000000355
5645,275712,27.179500579833984,32,0.6772000000000356
5646,275712,38.14775085449219,43,0.6772000000000356
5647,275712,66.65328979492188,71,0.6772000000000356
5648,275712,26.206377029418945,31,0.6772000000000356
5649,275712,17.081937789916992,22,0.6772000000000356
5650,275712,35.656185150146484,41,0.6772000000000356
5651,275712,29.317163467407227,34,0.6772000000000356
5652,275968,69.81119537353516,76,0.6769000000000356
5653,275968,52.4898796081543,58,0.6769000000000356
5654,275968,60.442054748535156,65,0.6769000000000356
5655,275968,69.70950317382812,75,0.6769000000000356
5656,275968,32.09230041503906,37,0.6769000000000356
5657,276224,43.2750244140625,48,0.6766000000000356
5658,276480,37.1503791809082,42,0.6763000000000357
5659,276480,56.2606315612793,62,0.6763000000000357
5660,276480,19.22606086730957,24,0.6763000000000357
5661,276480,70.65498352050781,76,0.6763000000000357
5662,276480,19.467031478881836,24,0.6763000000000357
5663,276480,55.5020751953125,61,0.6763000000000357
5664,276480,20.778820037841797,26,0.6763000000000357
5665,276736,64.0450210571289,69,0.6760000000000357
5666,276736,33.67726516723633,39,0.6760000000000357
5667,276736,17.304059982299805,22,0.6760000000000357
5668,276736,58.54692459106445,64,0.6760000000000357
5669,276736,19.158374786376953,24,0.6760000000000357
5670,276736,50.210540771484375,55,0.6760000000000357
5671,276736,15.236653327941895,20,0.6760000000000357
5672,276736,39.34562301635742,44,0.6760000000000357
5673,276736,58.28380584716797,63,0.6760000000000357
5674,276992,20.24254035949707,25,0.6757000000000357
5675,276992,28.050830841064453,33,0.6757000000000357
5676,276992,31.056135177612305,36,0.6757000000000357
5677,277248,18.35723114013672,23,0.6754000000000357
5678,277248,16.10744285583496,21,0.6754000000000357
5679,277248,17.36622428894043,22,0.6754000000000357
5680,277248,67.64567565917969,73,0.6754000000000357
5681,277248,12.621402740478516,17,0.6754000000000357
5682,277504,38.21916198730469,43,0.6751000000000358
5683,277504,27.22388458251953,32,0.6751000000000358
5684,277504,25.857980728149414,31,0.6751000000000358
5685,277504,43.439064025878906,48,0.6751000000000358
5686,277504,15.328149795532227,20,0.6751000000000358
5687,277504,54.259132385253906,59,0.6751000000000358
5688,277504,27.34612464904785,32,0.6751000000000358
5689,277760,32.12382507324219,37,0.6748000000000358
5690,277760,30.321701049804688,35,0.6748000000000358
5691,277760,48.80900955200195,54,0.6748000000000358
5692,277760,42.23067092895508,47,0.6748000000000358
5693,277760,25.228778839111328,30,0.6748000000000358
5694,277760,21.27347183227539,26,0.6748000000000358
5695,277760,14.255671501159668,19,0.6748000000000358
5696,278016,56.965938568115234,63,0.6745000000000358
5697,278016,17.414825439453125,22,0.6745000000000358
5698,278016,19.769840240478516,25,0.6745000000000358
5699,278016,17.17646026611328,22,0.6745000000000358
5700,278016,86.56932830810547,92,0.6745000000000358
5701,278016,17.19513702392578,22,0.6745000000000358
5702,278016,40.93027114868164,46,0.6745000000000358
5703,278016,14.328035354614258,19,0.6745000000000358
5704,278016,66.24361419677734,71,0.6745000000000358
5705,278016,70.376953125,77,0.6745000000000358
5706,278272,23.172147750854492,28,0.6742000000000359
5707,278272,25.093339920043945,30,0.6742000000000359
5708,278272,16.144901275634766,21,0.6742000000000359
5709,278272,20.93004035949707,26,0.6742000000000359
5710,278272,60.209197998046875,65,0.6742000000000359
5711,278272,22.410991668701172,27,0.6742000000000359
5712,278272,22.034425735473633,27,0.6742000000000359
5713,278528,38.0330924987793,43,0.6739000000000359
5714,278528,16.370237350463867,21,0.6739000000000359
5715,278784,53.882320404052734,61,0.673600000000036
5716,278784,57.12839889526367,62,0.673600000000036
5717,278784,48.313697814941406,54,0.673600000000036
5718,278784,18.337268829345703,23,0.673600000000036
5719,278784,48.40029525756836,53,0.673600000000036
5720,278784,30.059539794921875,35,0.673600000000036
5721,278784,27.449050903320312,32,0.673600000000036
5722,279040,31.350067138671875,36,0.673300000000036
5723,279040,85.22834014892578,91,0.673300000000036
5724,279040,108.81413269042969,114,0.673300000000036
5725,279040,63.0869140625,68,0.673300000000036
5726,279040,16.069263458251953,21,0.673300000000036
5727,279040,49.20640563964844,54,0.673300000000036
5728,279296,26.301315307617188,31,0.673000000000036
5729,279296,49.1069450378418,54,0.673000000000036
5730,279552,42.33241271972656,47,0.672700000000036
5731,279552,75.94790649414062,81,0.672700000000036
5732,279552,31.196861267089844,36,0.672700000000036
5733,279552,44.349700927734375,50,0.672700000000036
5734,279552,41.10538101196289,46,0.672700000000036
5735,279552,67.78024291992188,73,0.672700000000036
5736,279808,27.223007202148438,32,0.6724000000000361
5737,279808,30.233583450317383,35,0.6724000000000361
5738,279808,21.00594711303711,26,0.6724000000000361
5739,279808,18.90003204345703,24,0.6724000000000361
5740,279808,56.160438537597656,61,0.6724000000000361
5741,279808,25.128631591796875,30,0.6724000000000361
5742,279808,45.938541412353516,51,0.6724000000000361
5743,280064,41.23590087890625,46,0.6721000000000361
5744,280064,42.087955474853516,47,0.6721000000000361
5745,280064,41.3050537109375,46,0.6721000000000361
5746,280064,18.36362075805664,23,0.6721000000000361
5747,280064,27.366548538208008,32,0.6721000000000361
5748,280320,66.18981170654297,71,0.6718000000000361
5749,280320,53.33572006225586,58,0.6718000000000361
5750,280320,44.1512451171875,49,0.6718000000000361
5751,280320,41.398292541503906,46,0.6718000000000361
5752,280320,13.373371124267578,18,0.6718000000000361
5753,280320,101.4217300415039,107,0.6718000000000361
5754,280576,93.56291198730469,99,0.6715000000000362
5755,280576,49.20267105102539,54,0.6715000000000362
5756,280576,23.335031509399414,28,0.6715000000000362
5757,280576,57.09968185424805,62,0.6715000000000362
5758,280576,51.343170166015625,56,0.6715000000000362
5759,280576,37.249549865722656,42,0.6715000000000362
5760,280576,47.245262145996094,52,0.6715000000000362
5761,280576,28.271141052246094,33,0.6715000000000362
5762,280576,49.78749084472656,55,0.6715000000000362
5763,280832,70.8436279296875,76,0.6712000000000362
5764,280832,40.49003601074219,45,0.6712000000000362
5765,280832,108.48164367675781,114,0.6712000000000362
5766,280832,16.07749366760254,21,0.6712000000000362
5767,280832,22.435224533081055,27,0.6712000000000362
5768,281088,17.155670166015625,22,0.6709000000000362
5769,281088,40.52446365356445,45,0.6709000000000362
5770,281088,35.35477066040039,40,0.6709000000000362
5771,281088,77.51126098632812,83,0.6709000000000362
5772,281088,40.178916931152344,45,0.6709000000000362
5773,281344,61.10286331176758,66,0.6706000000000363
5774,281344,34.35038375854492,39,0.6706000000000363
5775,281344,29.437461853027344,34,0.6706000000000363
5776,281344,83.6168212890625,89,0.6706000000000363
5777,281600,28.117887496948242,33,0.6703000000000363
5778,281600,34.30818176269531,39,0.6703000000000363
5779,281600,32.075191497802734,37,0.6703000000000363
5780,281600,29.775367736816406,35,0.6703000000000363
5781,281600,25.375776290893555,30,0.6703000000000363
5782,281600,22.434560775756836,27,0.6703000000000363
5783,281600,24.0565242767334,29,0.6703000000000363
5784,281600,65.07225799560547,70,0.6703000000000363
5785,281600,25.48581314086914,30,0.6703000000000363
5786,281600,21.588117599487305,26,0.6703000000000363
5787,281600,17.261547088623047,22,0.6703000000000363
5788,281600,30.314430236816406,35,0.6703000000000363
5789,281600,35.17364501953125,40,0.6703000000000363
5790,281600,18.269933700561523,23,0.6703000000000363
5791,281600,21.876327514648438,27,0.6703000000000363
5792,281856,41.53204345703125,46,0.6700000000000363
5793,281856,71.9765625,77,0.6700000000000363
5794,281856,49.396541595458984,54,0.6700000000000363
5795,281856,38.17011260986328,43,0.6700000000000363
5796,281856,21.230701446533203,26,0.6700000000000363
5797,281856,23.459556579589844,28,0.6700000000000363
5798,281856,62.69126510620117,68,0.6700000000000363
5799,281856,31.447153091430664,36,0.6700000000000363
5800,282112,62.94831466674805,68,0.6697000000000364
5801,282112,43.37784194946289,48,0.6697000000000364
5802,282112,42.07769012451172,47,0.6697000000000364
5803,282112,42.184139251708984,47,0.6697000000000364
5804,282368,30.450782775878906,35,0.6694000000000364
5805,282368,17.329069137573242,22,0.6694000000000364
5806,282368,37.389259338378906,42,0.6694000000000364
5807,282368,21.01068878173828,26,0.6694000000000364
5808,282368,26.690080642700195,31,0.6694000000000364
5809,282624,50.4205207824707,55,0.6691000000000364
5810,282624,18.076251983642578,23,0.6691000000000364
5811,282624,71.62246704101562,77,0.6691000000000364
5812,282624,25.334171295166016,30,0.6691000000000364
5813,282624,28.51872444152832,33,0.6691000000000364
5814,282624,42.21223449707031,47,0.6691000000000364
5815,282624,21.453657150268555,26,0.6691000000000364
5816,282624,22.428638458251953,27,0.6691000000000364
5817,282880,28.39015007019043,33,0.6688000000000365
5818,282880,22.23116111755371,27,0.6688000000000365
5819,282880,55.56510543823242,61,0.6688000000000365
5820,282880,38.495338439941406,43,0.6688000000000365
5821,282880,50.741905212402344,56,0.6688000000000365
5822,283136,33.527584075927734,38,0.6685000000000365
5823,283136,46.12187576293945,51,0.6685000000000365
5824,283136,19.081314086914062,24,0.6685000000000365
5825,283136,16.209300994873047,21,0.6685000000000365
5826,283136,36.62518310546875,41,0.6685000000000365
5827,283136,35.44308090209961,40,0.6685000000000365
5828,283392,35.63154983520508,40,0.6682000000000365
5829,283392,16.400367736816406,21,0.6682000000000365
5830,283392,57.84248733520508,63,0.6682000000000365
5831,283392,18.31185531616211,23,0.6682000000000365
5832,283392,26.439350128173828,31,0.6682000000000365
5833,283392,23.38288688659668,28,0.6682000000000365
5834,283648,45.7350959777832,52,0.6679000000000366
5835,283648,23.327754974365234,28,0.6679000000000366
5836,283648,88.92147827148438,94,0.6679000000000366
5837,283904,34.29576110839844,39,0.6676000000000366
5838,283904,36.40984344482422,41,0.6676000000000366
5839,283904,21.6512451171875,26,0.6676000000000366
5840,284160,20.381423950195312,25,0.6673000000000366
5841,284160,77.51892852783203,85,0.6673000000000366
5842,284160,32.73887634277344,38,0.6673000000000366
5843,284160,13.455658912658691,18,0.6673000000000366
5844,284160,37.36163330078125,42,0.6673000000000366
5845,284160,92.92312622070312,98,0.6673000000000366
5846,284160,56.829864501953125,62,0.6673000000000366
5847,284416,25.000581741333008,30,0.6670000000000367
5848,284416,35.12855529785156,40,0.6670000000000367
5849,284416,64.28047180175781,69,0.6670000000000367
5850,284416,21.152374267578125,26,0.6670000000000367
5851,284416,23.349197387695312,28,0.6670000000000367
5852,284672,20.890661239624023,26,0.6667000000000367
5853,284672,15.272061347961426,20,0.6667000000000367
5854,284672,20.244518280029297,25,0.6667000000000367
5855,284672,40.17486572265625,45,0.6667000000000367
5856,284672,22.930030822753906,28,0.6667000000000367
5857,284672,19.274580001831055,24,0.6667000000000367
5858,284928,38.351783752441406,43,0.6664000000000367
5859,284928,35.285919189453125,40,0.6664000000000367
5860,284928,21.79404067993164,27,0.6664000000000367
5861,284928,35.43256759643555,40,0.6664000000000367
5862,284928,47.94434356689453,53,0.6664000000000367
5863,284928,49.027488708496094,54,0.6664000000000367
5864,284928,45.37687683105469,50,0.6664000000000367
5865,285184,28.465299606323242,33,0.6661000000000368
5866,285184,16.015039443969727,21,0.6661000000000368
5867,285184,53.17848205566406,58,0.6661000000000368
5868,285184,44.84029769897461,50,0.6661000000000368
5869,285184,65.15174102783203,70,0.6661000000000368
5870,285184,68.47974395751953,74,0.6661000000000368
5871,285440,14.39725112915039,19,0.6658000000000368
5872,285440,24.70569610595703,29,0.6658000000000368
5873,285440,56.909080505371094,62,0.6658000000000368
5874,285440,32.41885757446289,37,0.6658000000000368
5875,285440,26.468782424926758,31,0.6658000000000368
5876,285440,25.579893112182617,30,0.6658000000000368
5877,285440,71.66352081298828,77,0.6658000000000368
5878,285440,21.04183006286621,26,0.6658000000000368
5879,285696,42.99604415893555,48,0.6655000000000368
5880,285696,21.31270408630371,26,0.6655000000000368
5881,285696,157.4800567626953,163,0.6655000000000368
5882,285696,18.188228607177734,23,0.6655000000000368
5883,285952,22.438243865966797,27,0.6652000000000369
5884,285952,170.64303588867188,176,0.6652000000000369
5885,285952,45.136695861816406,50,0.6652000000000369
5886,285952,25.737329483032227,31,0.6652000000000369
5887,286208,36.13051986694336,41,0.6649000000000369
5888,286208,13.608776092529297,18,0.6649000000000369
5889,286208,18.336502075195312,23,0.6649000000000369
5890,286208,50.034523010253906,55,0.6649000000000369
5891,286208,26.08280372619629,31,0.6649000000000369
5892,286464,83.58668518066406,89,0.6646000000000369
5893,286464,39.654537200927734,46,0.6646000000000369
5894,286464,18.26296043395996,23,0.6646000000000369
5895,286464,43.4994010925293,48,0.6646000000000369
5896,286464,37.35332107543945,42,0.6646000000000369
5897,286720,21.35943031311035,26,0.664300000000037
5898,286720,26.14752960205078,31,0.664300000000037
5899,286720,20.119600296020508,25,0.664300000000037
5900,286720,14.585570335388184,19,0.664300000000037
5901,286720,17.14853858947754,22,0.664300000000037
5902,286720,67.96752166748047,73,0.664300000000037
5903,286976,32.45490646362305,37,0.664000000000037
5904,286976,56.315818786621094,61,0.664000000000037
5905,286976,54.247249603271484,61,0.664000000000037
5906,286976,54.29243850708008,60,0.664000000000037
5907,286976,26.248226165771484,31,0.664000000000037
5908,286976,60.41419982910156,66,0.664000000000037
5909,287232,50.222869873046875,55,0.663700000000037
5910,287232,30.087587356567383,35,0.663700000000037
5911,287232,33.240806579589844,38,0.663700000000037
5912,287232,37.08530807495117,42,0.663700000000037
5913,287232,24.644611358642578,29,0.663700000000037
5914,287232,28.626075744628906,33,0.663700000000037
5915,287232,72.70095825195312,78,0.663700000000037
5916,287232,41.97993469238281,47,0.663700000000037
5917,287232,28.41054916381836,33,0.663700000000037
5918,287232,37.2264404296875,42,0.663700000000037
5919,287488,25.40343475341797,30,0.6634000000000371
5920,287488,85.3792953491211,92,0.6634000000000371
5921,287488,33.45485305786133,38,0.6634000000000371
5922,287488,52.163360595703125,57,0.6634000000000371
5923,287488,48.363948822021484,53,0.6634000000000371
5924,287488,32.278141021728516,37,0.6634000000000371
5925,287488,17.313976287841797,22,0.6634000000000371
5926,287744,19.417800903320312,24,0.6631000000000371
5927,287744,38.47043228149414,43,0.6631000000000371
5928,287744,18.260604858398438,23,0.6631000000000371
5929,287744,49.722957611083984,55,0.6631000000000371
5930,287744,17.31205940246582,22,0.6631000000000371
5931,287744,14.535970687866211,19,0.6631000000000371
5932,288000,103.80192565917969,110,0.6628000000000371
5933,288000,20.256000518798828,25,0.6628000000000371
5934,288256,25.199384689331055,30,0.6625000000000372
5935,288256,20.019149780273438,25,0.6625000000000372
5936,288256,38.71768569946289,45,0.6625000000000372
5937,288256,34.148338317871094,39,0.6625000000000372
5938,288256,20.539947509765625,26,0.6625000000000372
5939,288256,43.22039031982422,48,0.6625000000000372
5940,288256,27.9476318359375,33,0.6625000000000372
5941,288256,35.44028854370117,40,0.6625000000000372
5942,288256,83.25911712646484,89,0.6625000000000372
5943,288512,21.648000717163086,27,0.6622000000000372
5944,288512,21.447792053222656,26,0.6622000000000372
5945,288512,23.444631576538086,28,0.6622000000000372
5946,288512,55.29633331298828,60,0.6622000000000372
5947,288512,60.78639602661133,66,0.6622000000000372
5948,288512,164.8517303466797,171,0.6622000000000372
5949,288768,55.990299224853516,61,0.6619000000000372
5950,289024,66.40235900878906,72,0.6616000000000373
5951,289024,44.49517059326172,49,0.6616000000000373
5952,289280,67.35919952392578,72,0.6613000000000373
5953,289280,22.180763244628906,27,0.6613000000000373
5954,289280,29.113174438476562,34,0.6613000000000373
5955,289280,25.260828018188477,30,0.6613000000000373
5956,289280,19.36043930053711,24,0.6613000000000373
5957,289536,22.34977912902832,27,0.6610000000000373
5958,289536,30.111989974975586,35,0.6610000000000373
5959,289536,93.82866668701172,100,0.6610000000000373
5960,289536,76.6639404296875,82,0.6610000000000373
5961,289536,35.25633239746094,40,0.6610000000000373
5962,289536,50.26401138305664,55,0.6610000000000373
5963,289536,38.40566635131836,43,0.6610000000000373
5964,289792,26.577388763427734,32,0.6607000000000374
5965,289792,56.09881591796875,61,0.6607000000000374
5966,289792,40.21324920654297,45,0.6607000000000374
5967,289792,44.13924789428711,49,0.6607000000000374
5968,289792,47.1775016784668,52,0.6607000000000374
5969,289792,101.56073760986328,107,0.6607000000000374
5970,289792,27.72793960571289,33,0.6607000000000374
5971,289792,19.306360244750977,24,0.6607000000000374
5972,290048,39.160152435302734,44,0.6604000000000374
5973,290048,36.353511810302734,41,0.6604000000000374
5974,290048,54.172576904296875,59,0.6604000000000374
5975,290048,66.86714935302734,73,0.6604000000000374
5976,290048,26.156631469726562,31,0.6604000000000374
5977,290304,19.91122817993164,25,0.6601000000000374
5978,290304,16.359905242919922,21,0.6601000000000374
5979,290304,18.085176467895508,23,0.6601000000000374
5980,290304,37.03126525878906,43,0.6601000000000374
5981,290304,40.16522979736328,45,0.6601000000000374
5982,290304,43.50068283081055,49,0.6601000000000374
5983,290304,55.22311782836914,60,0.6601000000000374
5984,290560,66.37680053710938,72,0.6598000000000375
5985,290560,48.048431396484375,53,0.6598000000000375
5986,290560,48.12192153930664,54,0.6598000000000375
5987,290560,31.394550323486328,36,0.6598000000000375
5988,290560,33.32614517211914,38,0.6598000000000375
5989,290560,20.180919647216797,25,0.6598000000000375
5990,290560,35.98746871948242,41,0.6598000000000375
5991,290816,27.292421340942383,32,0.6595000000000375
5992,290816,68.81050872802734,75,0.6595000000000375
5993,290816,49.316253662109375,54,0.6595000000000375
5994,290816,11.387104988098145,16,0.6595000000000375
5995,290816,36.1409912109375,41,0.6595000000000375
5996,290816,16.20641326904297,21,0.6595000000000375
5997,291072,34.45167922973633,39,0.6592000000000375
5998,291072,24.963340759277344,30,0.6592000000000375
5999,291072,42.9114990234375,48,0.6592000000000375
6000,291328,25.226621627807617,30,0.6589000000000376
6001,291328,33.23457336425781,38,0.6589000000000376
6002,291328,78.79167938232422,85,0.6589000000000376
6003,291328,46.9169921875,52,0.6589000000000376
6004,291328,18.054231643676758,23,0.6589000000000376
6005,291584,50.27169418334961,55,0.6586000000000376
6006,291584,66.28164672851562,72,0.6586000000000376
6007,291584,22.290536880493164,27,0.6586000000000376
6008,291584,62.462379455566406,68,0.6586000000000376
6009,291584,21.781068801879883,27,0.6586000000000376
6010,291584,18.953763961791992,24,0.6586000000000376
6011,291584,54.14004898071289,59,0.6586000000000376
6012,291840,35.17698669433594,40,0.6583000000000376
6013,291840,86.37866973876953,92,0.6583000000000376
6014,291840,31.010892868041992,36,0.6583000000000376
6015,291840,94.38837432861328,100,0.6583000000000376
6016,291840,37.971107482910156,43,0.6583000000000376
6017,291840,41.35407638549805,46,0.6583000000000376
6018,291840,22.5152645111084,27,0.6583000000000376
6019,291840,24.349910736083984,29,0.6583000000000376
6020,291840,28.342714309692383,33,0.6583000000000376
6021,292096,38.06953048706055,43,0.6580000000000377
6022,292096,17.095958709716797,22,0.6580000000000377
6023,292096,46.15407180786133,51,0.6580000000000377
6024,292096,31.195119857788086,36,0.6580000000000377
6025,292096,32.119415283203125,37,0.6580000000000377
6026,292352,37.360679626464844,42,0.6577000000000377
6027,292352,24.41971778869629,29,0.6577000000000377
6028,292352,21.963390350341797,27,0.6577000000000377
6029,292352,26.152799606323242,31,0.6577000000000377
6030,292608,18.09455680847168,23,0.6574000000000377
6031,292608,23.25942039489746,28,0.6574000000000377
6032,292608,28.177593231201172,33,0.6574000000000377
6033,292608,21.07310676574707,26,0.6574000000000377
6034,292608,42.90489196777344,48,0.6574000000000377
6035,292864,22.946870803833008,28,0.6571000000000378
6036,292864,36.02085876464844,41,0.6571000000000378
6037,292864,18.179401397705078,23,0.6571000000000378
6038,292864,16.250333786010742,21,0.6571000000000378
6039,292864,56.19304656982422,61,0.6571000000000378
6040,292864,71.74528503417969,77,0.6571000000000378
6041,292864,53.407936096191406,58,0.6571000000000378
6042,293120,22.324413299560547,27,0.6568000000000378
6043,293120,28.8714656829834,34,0.6568000000000378
6044,293120,35.988834381103516,41,0.6568000000000378
6045,293120,52.97111892700195,58,0.6568000000000378
6046,293120,33.26594924926758,38,0.6568000000000378
6047,293120,22.190141677856445,27,0.6568000000000378
6048,293120,26.2608642578125,31,0.6568000000000378
6049,293120,62.71126174926758,68,0.6568000000000378
6050,293376,35.48392868041992,40,0.6565000000000378
6051,293376,21.08367919921875,26,0.6565000000000378
6052,293632,33.35239028930664,38,0.6562000000000379
6053,293632,42.20614242553711,47,0.6562000000000379
6054,293632,20.21222686767578,25,0.6562000000000379
6055,293632,32.093441009521484,37,0.6562000000000379
6056,293632,27.34095001220703,32,0.6562000000000379
6057,293632,49.293582916259766,54,0.6562000000000379
6058,293632,18.268444061279297,23,0.6562000000000379
6059,293632,32.2552490234375,37,0.6562000000000379
6060,293888,39.09980010986328,44,0.6559000000000379
6061,293888,23.020103454589844,28,0.6559000000000379
6062,294144,47.080650329589844,52,0.6556000000000379
6063,294144,21.41153335571289,26,0.6556000000000379
6064,294144,30.244434356689453,35,0.6556000000000379
6065,294144,30.34624671936035,35,0.6556000000000379
6066,294144,89.86689758300781,95,0.6556000000000379
6067,294144,19.99501609802246,25,0.6556000000000379
6068,294400,62.00028610229492,67,0.655300000000038
6069,294400,63.67935562133789,69,0.655300000000038
6070,294400,38.10051727294922,43,0.655300000000038
6071,294400,40.568878173828125,46,0.655300000000038
6072,294400,19.216575622558594,24,0.655300000000038
6073,294400,55.18122100830078,60,0.655300000000038
6074,294400,48.14669418334961,54,0.655300000000038
6075,294400,53.39085388183594,58,0.655300000000038
6076,294400,58.44373321533203,64,0.655300000000038
6077,294656,15.29184341430664,20,0.655000000000038
6078,294656,12.501337051391602,17,0.655000000000038
6079,294656,40.148372650146484,45,0.655000000000038
6080,294656,13.354551315307617,18,0.655000000000038
6081,294656,50.83639144897461,56,0.655000000000038
6082,294912,50.83366012573242,56,0.654700000000038
6083,294912,37.195064544677734,42,0.654700000000038
6084,294912,30.403575897216797,35,0.654700000000038
6085,294912,23.1671142578125,28,0.654700000000038
6086,294912,25.248111724853516,30,0.654700000000038
6087,294912,28.509305953979492,33,0.654700000000038
6088,294912,41.375579833984375,46,0.654700000000038
6089,294912,55.19490432739258,60,0.654700000000038
6090,295168,25.10702896118164,30,0.6544000000000381
6091,295168,33.97517395019531,40,0.6544000000000381
6092,295168,134.33787536621094,140,0.6544000000000381
6093,295168,36.09667205810547,41,0.6544000000000381
6094,295168,49.99995040893555,55,0.6544000000000381
6095,295168,66.86750793457031,72,0.6544000000000381
6096,295168,43.090415954589844,48,0.6544000000000381
6097,295168,37.271820068359375,42,0.6544000000000381
6098,295168,13.554665565490723,18,0.6544000000000381
6099,295168,51.1115608215332,56,0.6544000000000381
6100,295168,95.82598876953125,101,0.6544000000000381
6101,295168,57.93115234375,63,0.6544000000000381
6102,295424,54.797080993652344,60,0.6541000000000381
6103,295424,53.885093688964844,59,0.6541000000000381
6104,295424,28.281641006469727,33,0.6541000000000381
6105,295424,31.083175659179688,36,0.6541000000000381
6106,295424,17.141454696655273,22,0.6541000000000381
6107,295424,27.299062728881836,32,0.6541000000000381
6108,295424,76.56127166748047,82,0.6541000000000381
6109,295424,31.319324493408203,36,0.6541000000000381
6110,295424,18.04104995727539,23,0.6541000000000381
6111,295680,51.68882751464844,57,0.6538000000000381
6112,295680,18.950366973876953,24,0.6538000000000381
6113,295680,29.599273681640625,34,0.6538000000000381
6114,295936,15.180692672729492,20,0.6535000000000382
6115,295936,11.44051742553711,16,0.6535000000000382
6116,295936,16.172100067138672,21,0.6535000000000382
6117,295936,44.34773254394531,49,0.6535000000000382
6118,295936,85.03366088867188,90,0.6535000000000382
6119,295936,28.711530685424805,34,0.6535000000000382
6120,296192,49.2391471862793,54,0.6532000000000382
6121,296192,20.277780532836914,25,0.6532000000000382
6122,296192,43.28257369995117,48,0.6532000000000382
6123,296192,28.019899368286133,33,0.6532000000000382
6124,296192,52.006439208984375,57,0.6532000000000382
6125,296192,19.48668670654297,24,0.6532000000000382
6126,296448,50.33317947387695,55,0.6529000000000382
6127,296448,29.95992660522461,35,0.6529000000000382
6128,296448,60.75627517700195,66,0.6529000000000382
6129,296448,29.176923751831055,34,0.6529000000000382
6130,296448,111.03156280517578,117,0.6529000000000382
6131,296448,18.07029914855957,23,0.6529000000000382
6132,296448,11.584847450256348,16,0.6529000000000382
6133,296448,28.52779769897461,33,0.6529000000000382
6134,296448,23.496007919311523,28,0.6529000000000382
6135,296448,31.155574798583984,36,0.6529000000000382
6136,296704,15.472016334533691,20,0.6526000000000383
6137,296704,23.374309539794922,28,0.6526000000000383
6138,296960,13.500121116638184,18,0.6523000000000383
6139,296960,41.29271697998047,46,0.6523000000000383
6140,296960,27.95899200439453,33,0.6523000000000383
6141,296960,17.934894561767578,23,0.6523000000000383
6142,296960,41.25919723510742,46,0.6523000000000383
6143,296960,26.03240203857422,31,0.6523000000000383
6144,297216,24.008861541748047,29,0.6520000000000383
6145,297216,24.749919891357422,30,0.6520000000000383
6146,297216,70.26619720458984,77,0.6520000000000383
6147,297216,21.46845817565918,26,0.6520000000000383
6148,297216,52.75190353393555,58,0.6520000000000383
6149,297216,24.119983673095703,29,0.6520000000000383
6150,297216,17.325212478637695,22,0.6520000000000383
6151,297216,17.165000915527344,22,0.6520000000000383
6152,297216,52.22657775878906,57,0.6520000000000383
6153,297472,64.02782440185547,69,0.6517000000000384
6154,297472,45.22056198120117,50,0.6517000000000384
6155,297472,26.9907283782959,32,0.6517000000000384
6156,297472,24.3286075592041,29,0.6517000000000384
6157,297472,31.242382049560547,36,0.6517000000000384
6158,297472,21.19867706298828,26,0.6517000000000384
6159,297728,20.249855041503906,25,0.6514000000000384
6160,297728,38.165367126464844,43,0.6514000000000384
6161,297728,57.8385009765625,63,0.6514000000000384
6162,297984,47.02678298950195,52,0.6511000000000384
6163,297984,76.80133056640625,84,0.6511000000000384
6164,298240,20.09927749633789,25,0.6508000000000385
6165,298240,38.18501663208008,43,0.6508000000000385
6166,298240,13.376105308532715,18,0.6508000000000385
6167,298240,23.966434478759766,29,0.6508000000000385
6168,298240,19.241209030151367,24,0.6508000000000385
6169,298240,23.169376373291016,28,0.6508000000000385
6170,298240,30.864110946655273,36,0.6508000000000385
6171,298240,91.81707763671875,99,0.6508000000000385
6172,298240,30.24087142944336,35,0.6508000000000385
6173,298240,39.10380554199219,44,0.6508000000000385
6174,298496,57.89753341674805,66,0.6505000000000385
6175,298496,22.230796813964844,27,0.6505000000000385
6176,298496,19.10975456237793,24,0.6505000000000385
6177,298496,27.21599006652832,32,0.6505000000000385
6178,298496,36.538185119628906,41,0.6505000000000385
6179,298496,16.18503189086914,21,0.6505000000000385
6180,298752,27.915712356567383,33,0.6502000000000385
6181,298752,27.112308502197266,32,0.6502000000000385
6182,298752,31.120304107666016,36,0.6502000000000385
6183,298752,35.410701751708984,40,0.6502000000000385
6184,298752,41.231048583984375,46,0.6502000000000385
6185,298752,62.27211380004883,68,0.6502000000000385
6186,299008,24.601781845092773,29,0.6499000000000386
6187,299008,23.05421257019043,28,0.6499000000000386
6188,299008,52.767799377441406,58,0.6499000000000386
6189,299008,37.24592590332031,42,0.6499000000000386
6190,299008,40.47243881225586,45,0.6499000000000386
6191,299008,39.23848342895508,44,0.6499000000000386
6192,299264,21.30120849609375,26,0.6496000000000386
6193,299264,47.08795928955078,52,0.6496000000000386
6194,299264,26.20195770263672,31,0.6496000000000386
6195,299264,43.06857681274414,48,0.6496000000000386
6196,299264,14.365462303161621,19,0.6496000000000386
6197,299520,31.203514099121094,36,0.6493000000000386
6198,299520,15.437767028808594,20,0.6493000000000386
6199,299520,31.6138916015625,36,0.6493000000000386
6200,299520,38.135074615478516,43,0.6493000000000386
6201,299776,49.86494827270508,55,0.6490000000000387
6202,299776,18.180437088012695,23,0.6490000000000387
6203,299776,13.40092945098877,18,0.6490000000000387
6204,300032,40.34382629394531,45,0.6487000000000387
6205,300032,122.47589111328125,128,0.6487000000000387
6206,300032,35.56147384643555,40,0.6487000000000387
6207,300032,18.60047721862793,23,0.6487000000000387
6208,300032,26.76833152770996,32,0.6487000000000387
6209,300032,65.12014770507812,70,0.6487000000000387
6210,300032,26.56829071044922,31,0.6487000000000387
6211,300032,113.4623794555664,119,0.6487000000000387
6212,300288,16.214475631713867,21,0.6484000000000387
6213,300288,16.13008689880371,21,0.6484000000000387
6214,300288,18.207056045532227,23,0.6484000000000387
6215,300288,73.50324249267578,79,0.6484000000000387
6216,300288,23.27952766418457,28,0.6484000000000387
6217,300544,83.29804229736328,89,0.6481000000000388
6218,300544,39.070919036865234,44,0.6481000000000388
6219,300544,122.59075164794922,128,0.6481000000000388
6220,300544,35.40596008300781,40,0.6481000000000388
6221,300544,71.66740417480469,78,0.6481000000000388
6222,300800,29.662471771240234,34,0.6478000000000388
6223,300800,26.286548614501953,31,0.6478000000000388
6224,300800,19.446121215820312,24,0.6478000000000388
6225,300800,24.93501091003418,30,0.6478000000000388
6226,301056,44.984642028808594,50,0.6475000000000388
6227,301056,24.286563873291016,29,0.6475000000000388
6228,301056,33.31020736694336,38,0.6475000000000388
6229,301056,21.27710723876953,26,0.6475000000000388
6230,301056,33.65313720703125,38,0.6475000000000388
6231,301056,45.32791519165039,50,0.6475000000000388
6232,301056,58.130462646484375,63,0.6475000000000388
6233,301056,24.384286880493164,29,0.6475000000000388
6234,301056,18.485408782958984,23,0.6475000000000388
6235,301056,57.267982482910156,62,0.6475000000000388
6236,301056,25.905784606933594,31,0.6475000000000388
6237,301056,172.9644775390625,178,0.6475000000000388
6238,301056,69.00640106201172,75,0.6475000000000388
6239,301312,65.56099700927734,71,0.6472000000000389
6240,301312,54.12746047973633,59,0.6472000000000389
6241,301312,19.308237075805664,24,0.6472000000000389
6242,301312,32.1243896484375,37,0.6472000000000389
6243,301312,50.12520980834961,55,0.6472000000000389
6244,301312,29.33114242553711,34,0.6472000000000389
6245,301312,61.88029861450195,67,0.6472000000000389
6246,301568,58.04338073730469,63,0.6469000000000389
6247,301568,15.23647689819336,20,0.6469000000000389
6248,301568,33.274654388427734,38,0.6469000000000389
6249,301568,16.357969284057617,21,0.6469000000000389
6250,301568,38.02003860473633,43,0.6469000000000389
6251,301568,37.16525650024414,42,0.6469000000000389
6252,301568,41.284366607666016,46,0.6469000000000389
6253,301824,20.062728881835938,25,0.6466000000000389
6254,301824,67.9360122680664,73,0.6466000000000389
6255,301824,46.937339782714844,52,0.6466000000000389
6256,301824,58.18973922729492,64,0.6466000000000389
6257,301824,42.25792694091797,47,0.6466000000000389
6258,301824,16.127140045166016,21,0.6466000000000389
6259,301824,14.358271598815918,19,0.6466000000000389
6260,301824,30.44281768798828,35,0.6466000000000389
6261,301824,38.37922286987305,43,0.6466000000000389
6262,301824,20.89430809020996,26,0.6466000000000389
6263,301824,77.99948120117188,83,0.6466000000000389
6264,301824,20.237024307250977,25,0.6466000000000389
6265,302080,33.32464599609375,38,0.646300000000039
6266,302080,29.473182678222656,34,0.646300000000039
6267,302080,28.239803314208984,33,0.646300000000039
6268,302080,29.42943000793457,34,0.646300000000039
6269,302080,25.39201545715332,30,0.646300000000039
6270,302336,15.652260780334473,20,0.646000000000039
6271,302336,31.35201644897461,36,0.646000000000039
6272,302592,23.24532699584961,28,0.645700000000039
6273,302592,61.09817886352539,66,0.645700000000039
6274,302592,25.144695281982422,30,0.645700000000039
6275,302592,18.997060775756836,24,0.645700000000039
6276,302592,28.36758041381836,33,0.645700000000039
6277,302848,57.95197296142578,64,0.645400000000039
6278,302848,38.23811340332031,43,0.645400000000039
6279,302848,20.092382431030273,25,0.645400000000039
6280,302848,17.094297409057617,22,0.645400000000039
6281,303104,23.278182983398438,28,0.6451000000000391
6282,303104,15.153375625610352,20,0.6451000000000391
6283,303104,26.180822372436523,31,0.6451000000000391
6284,303104,19.079574584960938,24,0.6451000000000391
6285,303104,44.97441482543945,50,0.6451000000000391
6286,303104,78.62622833251953,84,0.6451000000000391
6287,303104,21.226722717285156,26,0.6451000000000391
6288,303104,26.428546905517578,31,0.6451000000000391
6289,303104,29.181636810302734,34,0.6451000000000391
6290,303360,24.64557647705078,29,0.6448000000000391
6291,303360,44.87765121459961,50,0.6448000000000391
6292,303360,20.463167190551758,25,0.6448000000000391
6293,303360,17.860300064086914,23,0.6448000000000391
6294,303360,28.199831008911133,33,0.6448000000000391
6295,303360,49.92055130004883,55,0.6448000000000391
6296,303616,62.00022506713867,67,0.6445000000000392
6297,303616,45.060218811035156,50,0.6445000000000392
6298,303616,26.33913803100586,31,0.6445000000000392
6299,303616,27.331201553344727,32,0.6445000000000392
6300,303616,22.06991195678711,27,0.6445000000000392
6301,303616,30.299575805664062,35,0.6445000000000392
6302,303616,31.712018966674805,38,0.6445000000000392
6303,303616,70.36282348632812,78,0.6445000000000392
6304,303872,69.56812286376953,75,0.6442000000000392
6305,303872,55.888938903808594,61,0.6442000000000392
6306,303872,145.6720733642578,151,0.6442000000000392
6307,303872,59.920467376708984,65,0.6442000000000392
6308,303872,28.150325775146484,33,0.6442000000000392
6309,303872,29.59218406677246,35,0.6442000000000392
6310,303872,55.67794418334961,61,0.6442000000000392
6311,303872,39.105098724365234,44,0.6442000000000392
6312,304128,36.13132095336914,41,0.6439000000000392
6313,304128,30.232954025268555,35,0.6439000000000392
6314,304128,18.186214447021484,23,0.6439000000000392
6315,304384,45.69867706298828,52,0.6436000000000393
6316,304384,39.09469223022461,44,0.6436000000000393
6317,304384,32.75986099243164,38,0.6436000000000393
6318,304384,42.893768310546875,48,0.6436000000000393
6319,304384,16.99280548095703,22,0.6436000000000393
6320,304384,35.11404800415039,40,0.6436000000000393
6321,304640,82.69132232666016,88,0.6433000000000393
6322,304640,34.71890640258789,40,0.6433000000000393
6323,304640,97.14910125732422,103,0.6433000000000393
6324,304640,38.265953063964844,43,0.6433000000000393
6325,304640,22.146446228027344,27,0.6433000000000393
6326,304640,28.26738166809082,33,0.6433000000000393
6327,304896,28.57164764404297,33,0.6430000000000393
6328,304896,41.884090423583984,47,0.6430000000000393
6329,304896,21.166030883789062,26,0.6430000000000393
6330,304896,42.87587356567383,48,0.6430000000000393
6331,305152,18.952672958374023,24,0.6427000000000394
6332,305152,32.863555908203125,38,0.6427000000000394
6333,305152,29.87948989868164,35,0.6427000000000394
6334,305152,19.92013931274414,25,0.6427000000000394
6335,305152,29.035350799560547,34,0.6427000000000394
6336,305152,60.57719802856445,66,0.6427000000000394
6337,305408,22.270456314086914,27,0.6424000000000394
6338,305408,16.215803146362305,21,0.6424000000000394
6339,305408,66.23965454101562,74,0.6424000000000394
6340,305408,19.849824905395508,25,0.6424000000000394
6341,305408,65.24542999267578,71,0.6424000000000394
6342,305664,17.149747848510742,22,0.6421000000000394
6343,305664,37.6104850769043,43,0.6421000000000394
6344,305664,17.958648681640625,23,0.6421000000000394
6345,305664,20.915929794311523,26,0.6421000000000394
6346,305664,25.951810836791992,31,0.6421000000000394
6347,305664,39.76979446411133,45,0.6421000000000394
6348,305920,16.030353546142578,21,0.6418000000000395
6349,305920,43.14588928222656,48,0.6418000000000395
6350,305920,26.575122833251953,32,0.6418000000000395
6351,305920,17.097496032714844,22,0.6418000000000395
6352,305920,56.795204162597656,62,0.6418000000000395
6353,305920,25.21813201904297,30,0.6418000000000395
6354,306176,26.1964111328125,31,0.6415000000000395
6355,306176,37.08629608154297,42,0.6415000000000395
6356,306176,21.040855407714844,26,0.6415000000000395
6357,306176,30.672147750854492,36,0.6415000000000395
6358,306176,16.26555824279785,21,0.6415000000000395
6359,306176,38.16493225097656,43,0.6415000000000395
6360,306176,21.21433448791504,26,0.6415000000000395
6361,306432,39.96052932739258,45,0.6412000000000395
6362,306432,37.24210739135742,42,0.6412000000000395
6363,306432,16.08930778503418,21,0.6412000000000395
6364,306432,30.074623107910156,35,0.6412000000000395
6365,306432,45.1674690246582,50,0.6412000000000395
6366,306432,19.189786911010742,24,0.6412000000000395
6367,306688,17.17327880859375,22,0.6409000000000395
6368,306688,32.097286224365234,37,0.6409000000000395
6369,306688,87.28914642333984,93,0.6409000000000395
6370,306944,15.243331909179688,20,0.6406000000000396
6371,306944,38.03559112548828,43,0.6406000000000396
6372,306944,28.168752670288086,33,0.6406000000000396
6373,306944,40.132137298583984,45,0.6406000000000396
6374,306944,87.35542297363281,92,0.6406000000000396
6375,306944,18.157133102416992,23,0.6406000000000396
6376,306944,38.98431396484375,44,0.6406000000000396
6377,307200,30.059585571289062,35,0.6403000000000396
6378,307200,36.30998611450195,41,0.6403000000000396
6379,307200,21.254558563232422,26,0.6403000000000396
6380,307200,40.787052154541016,46,0.6403000000000396
6381,307200,32.92677307128906,38,0.6403000000000396
6382,307200,45.125213623046875,50,0.6403000000000396
6383,307200,50.908565521240234,56,0.6403000000000396
6384,307200,34.9752197265625,40,0.6403000000000396
6385,307456,76.67955017089844,84,0.6400000000000396
6386,307456,19.921586990356445,25,0.6400000000000396
6387,307456,51.90949630737305,57,0.6400000000000396
6388,307456,43.20010757446289,48,0.6400000000000396
6389,307456,33.96931076049805,39,0.6400000000000396
6390,307456,28.007404327392578,33,0.6400000000000396
6391,307456,19.37346649169922,24,0.6400000000000396
6392,307712,25.388349533081055,30,0.6397000000000397
6393,307712,18.09124755859375,23,0.6397000000000397
6394,307712,45.10021209716797,50,0.6397000000000397
6395,307712,40.083953857421875,45,0.6397000000000397
6396,307968,19.030471801757812,24,0.6394000000000397
6397,307968,54.09141159057617,59,0.6394000000000397
6398,307968,92.57843780517578,98,0.6394000000000397
6399,307968,45.02589416503906,50,0.6394000000000397
6400,307968,33.0726432800293,38,0.6394000000000397
6401,307968,25.88283348083496,31,0.6394000000000397
6402,307968,46.07624435424805,51,0.6394000000000397
6403,307968,58.2998161315918,64,0.6394000000000397
6404,307968,71.44298553466797,76,0.6394000000000397
6405,307968,29.12249183654785,34,0.6394000000000397
6406,307968,35.98128890991211,41,0.6394000000000397
6407,308224,19.041025161743164,24,0.6391000000000397
6408,308480,68.801025390625,74,0.6388000000000398
6409,308480,16.135690689086914,21,0.6388000000000398
6410,308480,22.048715591430664,27,0.6388000000000398
6411,308736,31.15795135498047,36,0.6385000000000398
6412,308736,19.2027587890625,24,0.6385000000000398
6413,308736,78.37987518310547,84,0.6385000000000398
6414,308736,68.14852142333984,74,0.6385000000000398
6415,308736,34.29068374633789,39,0.6385000000000398
6416,308736,49.84421920776367,55,0.6385000000000398
6417,308736,15.064489364624023,20,0.6385000000000398
6418,308736,80.2968978881836,86,0.6385000000000398
6419,308736,21.97565460205078,27,0.6385000000000398
6420,308736,15.195857048034668,20,0.6385000000000398
6421,308992,17.238725662231445,22,0.6382000000000398
6422,308992,30.294694900512695,35,0.6382000000000398
6423,308992,41.19453430175781,46,0.6382000000000398
6424,309248,33.99964141845703,39,0.6379000000000399
6425,309248,26.685508728027344,31,0.6379000000000399
6426,309248,26.24713706970215,31,0.6379000000000399
6427,309248,25.100589752197266,30,0.6379000000000399
6428,309248,20.022098541259766,25,0.6379000000000399
6429,309248,38.057464599609375,43,0.6379000000000399
6430,309248,46.33061218261719,51,0.6379000000000399
6431,309248,41.820247650146484,47,0.6379000000000399
6432,309504,38.2163200378418,43,0.6376000000000399
6433,309504,47.213497161865234,52,0.6376000000000399
6434,309504,45.96918487548828,51,0.6376000000000399
6435,309504,35.35099792480469,40,0.6376000000000399
6436,309504,40.05311584472656,45,0.6376000000000399
6437,309760,25.483322143554688,30,0.63730000000004
6438,309760,64.59586334228516,70,0.63730000000004
6439,309760,59.067569732666016,65,0.63730000000004
6440,309760,66.42535400390625,72,0.63730000000004
6441,309760,81.48192596435547,87,0.63730000000004
6442,309760,16.287403106689453,21,0.63730000000004
6443,309760,31.02769660949707,36,0.63730000000004
6444,309760,20.550817489624023,26,0.63730000000004
6445,309760,20.239116668701172,25,0.63730000000004
6446,309760,32.34196472167969,37,0.63730000000004
6447,309760,20.931278228759766,26,0.63730000000004
6448,309760,18.319944381713867,23,0.63730000000004
6449,309760,26.16741943359375,31,0.63730000000004
6450,310016,25.74319076538086,31,0.63700000000004
6451,310016,30.4328556060791,35,0.63700000000004
6452,310016,35.25771713256836,40,0.63700000000004
6453,310016,104.04832458496094,110,0.63700000000004
6454,310016,59.63042449951172,66,0.63700000000004
6455,310016,34.32404327392578,39,0.63700000000004
6456,310016,13.480447769165039,18,0.63700000000004
6457,310272,39.958805084228516,45,0.63670000000004
6458,310272,33.52072525024414,38,0.63670000000004
6459,310272,18.446128845214844,23,0.63670000000004
6460,310528,23.45580291748047,28,0.63640000000004
6461,310528,31.188385009765625,36,0.63640000000004
6462,310528,46.967559814453125,52,0.63640000000004
6463,310528,30.362428665161133,35,0.63640000000004
6464,310528,17.32530975341797,22,0.63640000000004
6465,310784,32.38706970214844,37,0.6361000000000401
6466,310784,68.71285247802734,74,0.6361000000000401
6467,310784,41.22956848144531,46,0.6361000000000401
6468,310784,25.799646377563477,31,0.6361000000000401
6469,311040,27.3563232421875,32,0.6358000000000401
6470,311040,36.45756912231445,41,0.6358000000000401
6471,311040,95.72505187988281,102,0.6358000000000401
6472,311296,20.31334114074707,25,0.6355000000000401
6473,311296,34.40506362915039,39,0.6355000000000401
6474,311296,25.325130462646484,30,0.6355000000000401
6475,311296,94.5287857055664,100,0.6355000000000401
6476,311296,32.35942077636719,37,0.6355000000000401
6477,311296,35.12643814086914,40,0.6355000000000401
6478,311552,30.215791702270508,35,0.6352000000000402
6479,311552,71.47882843017578,78,0.6352000000000402
6480,311552,24.93435287475586,30,0.6352000000000402
6481,311552,18.325820922851562,23,0.6352000000000402
6482,311552,23.37278175354004,28,0.6352000000000402
6483,311552,28.216562271118164,33,0.6352000000000402
6484,311552,19.201133728027344,24,0.6352000000000402
6485,311808,38.31293487548828,43,0.6349000000000402
6486,311808,47.022098541259766,52,0.6349000000000402
6487,311808,35.17017364501953,40,0.6349000000000402
6488,311808,12.399848937988281,17,0.6349000000000402
6489,311808,47.1600227355957,52,0.6349000000000402
6490,311808,51.983985900878906,58,0.6349000000000402
6491,311808,22.223127365112305,27,0.6349000000000402
6492,312064,20.415607452392578,25,0.6346000000000402
6493,312320,27.32280731201172,32,0.6343000000000403
6494,312320,54.29643249511719,59,0.6343000000000403
6495,312320,28.370399475097656,33,0.6343000000000403
6496,312320,28.343950271606445,33,0.6343000000000403
6497,312320,30.472820281982422,35,0.6343000000000403
6498,312320,42.10004425048828,47,0.6343000000000403
6499,312320,33.31764221191406,38,0.6343000000000403
6500,312576,24.95386505126953,30,0.6340000000000403
6501,312576,66.35844421386719,72,0.6340000000000403
6502,312576,60.06488800048828,65,0.6340000000000403
6503,312576,80.71688079833984,88,0.6340000000000403
6504,312576,26.26251983642578,31,0.6340000000000403
6505,312576,21.227588653564453,26,0.6340000000000403
6506,312832,18.17221450805664,23,0.6337000000000403
6507,312832,34.462867736816406,39,0.6337000000000403
6508,312832,27.53933334350586,32,0.6337000000000403
6509,313088,31.47626495361328,36,0.6334000000000404
6510,313088,24.59333038330078,30,0.6334000000000404
6511,313088,40.32710647583008,45,0.6334000000000404
6512,313344,26.884658813476562,32,0.6331000000000404
6513,313344,40.031944274902344,45,0.6331000000000404
6514,313344,26.131580352783203,31,0.6331000000000404
6515,313344,56.94163131713867,62,0.6331000000000404
6516,313344,40.28011703491211,45,0.6331000000000404
6517,313344,49.67627716064453,57,0.6331000000000404
6518,313600,42.01990509033203,47,0.6328000000000404
6519,313600,48.92357635498047,54,0.6328000000000404
6520,313600,19.37450408935547,24,0.6328000000000404
6521,313600,23.71424102783203,29,0.6328000000000404
6522,313856,25.43280029296875,30,0.6325000000000405
6523,313856,67.90877532958984,73,0.6325000000000405
6524,313856,24.220022201538086,29,0.6325000000000405
6525,313856,37.19759750366211,42,0.6325000000000405
6526,313856,41.2756462097168,46,0.6325000000000405
6527,313856,51.136192321777344,56,0.6325000000000405
6528,313856,34.97596740722656,40,0.6325000000000405
6529,313856,64.77005004882812,70,0.6325000000000405
6530,314112,19.15515899658203,24,0.6322000000000405
6531,314112,20.859113693237305,26,0.6322000000000405
6532,314112,44.88185119628906,50,0.6322000000000405
6533,314368,41.10079574584961,46,0.6319000000000405
6534,314368,16.002532958984375,21,0.6319000000000405
6535,314368,50.12602233886719,55,0.6319000000000405
6536,314368,69.48140716552734,75,0.6319000000000405
6537,314624,15.13587760925293,20,0.6316000000000406
6538,314624,35.100101470947266,40,0.6316000000000406
6539,314880,27.296003341674805,33,0.6313000000000406
6540,314880,32.950592041015625,38,0.6313000000000406
6541,314880,37.12296676635742,42,0.6313000000000406
6542,314880,58.08583450317383,65,0.6313000000000406
6543,314880,19.14035987854004,24,0.6313000000000406
6544,315136,23.165512084960938,28,0.6310000000000406
6545,315136,38.945674896240234,44,0.6310000000000406
6546,315136,31.049640655517578,36,0.6310000000000406
6547,315392,103.04951477050781,109,0.6307000000000407
6548,315392,50.85481262207031,56,0.6307000000000407
6549,315392,35.096641540527344,40,0.6307000000000407
6550,315392,42.90634536743164,48,0.6307000000000407
6551,315392,86.15518951416016,91,0.6307000000000407
6552,315392,38.146507263183594,43,0.6307000000000407
6553,315392,29.119749069213867,34,0.6307000000000407
6554,315648,33.73588562011719,39,0.6304000000000407
6555,315648,41.2037353515625,46,0.6304000000000407
6556,315648,29.16057586669922,34,0.6304000000000407
6557,315648,27.962265014648438,33,0.6304000000000407
6558,315648,28.2022762298584,33,0.6304000000000407
6559,315648,61.03703689575195,67,0.6304000000000407
6560,315648,14.127237319946289,19,0.6304000000000407
6561,315904,25.823272705078125,31,0.6301000000000407
6562,315904,39.26656723022461,44,0.6301000000000407
6563,315904,22.097370147705078,27,0.6301000000000407
6564,315904,24.158483505249023,29,0.6301000000000407
6565,316160,22.15970230102539,27,0.6298000000000408
6566,316160,48.35040283203125,53,0.6298000000000408
6567,316160,46.04442596435547,51,0.6298000000000408
6568,316160,24.21446990966797,29,0.6298000000000408
6569,316160,63.003562927246094,68,0.6298000000000408
6570,316160,22.137332916259766,27,0.6298000000000408
6571,316416,28.232297897338867,33,0.6295000000000408
6572,316416,15.145492553710938,20,0.6295000000000408
6573,316416,24.399364471435547,29,0.6295000000000408
6574,316416,19.844234466552734,25,0.6295000000000408
6575,316416,31.044347763061523,36,0.6295000000000408
6576,316416,54.7068977355957,60,0.6295000000000408
6577,316416,54.684139251708984,60,0.6295000000000408
6578,316416,45.7960205078125,51,0.6295000000000408
6579,316416,33.116058349609375,38,0.6295000000000408
6580,316416,20.9727783203125,26,0.6295000000000408
6581,316672,55.81007766723633,61,0.6292000000000408
6582,316672,207.8887176513672,214,0.6292000000000408
6583,316928,131.3401641845703,137,0.6289000000000409
6584,316928,46.937767028808594,52,0.6289000000000409
6585,317184,14.206197738647461,19,0.6286000000000409
6586,317184,26.047447204589844,31,0.6286000000000409
6587,317184,28.252622604370117,33,0.6286000000000409
6588,317184,37.7596549987793,43,0.6286000000000409
6589,317184,25.995601654052734,31,0.6286000000000409
6590,317440,55.64396667480469,61,0.6283000000000409
6591,317440,33.95691680908203,39,0.6283000000000409
6592,317440,14.27296257019043,19,0.6283000000000409
6593,317440,53.95808029174805,59,0.6283000000000409
6594,317440,19.131908416748047,24,0.6283000000000409
6595,317440,33.04239273071289,38,0.6283000000000409
6596,317440,32.128326416015625,37,0.6283000000000409
6597,317440,44.967830657958984,50,0.6283000000000409
6598,317440,38.12667465209961,43,0.6283000000000409
6599,317440,25.276166915893555,30,0.6283000000000409
6600,317696,28.225255966186523,33,0.628000000000041
6601,317696,20.0469970703125,25,0.628000000000041
6602,317696,32.94216537475586,38,0.628000000000041
6603,317696,44.1679801940918,51,0.628000000000041
6604,317696,56.9061164855957,62,0.628000000000041
6605,317696,31.086620330810547,36,0.628000000000041
6606,317696,18.185510635375977,23,0.628000000000041
6607,317696,37.007568359375,42,0.628000000000041
6608,317696,31.712230682373047,38,0.628000000000041
6609,317696,26.262996673583984,31,0.628000000000041
6610,317696,16.03173828125,21,0.628000000000041
6611,317696,67.07337951660156,72,0.628000000000041
6612,317952,35.06073760986328,40,0.627700000000041
6613,317952,50.65192413330078,56,0.627700000000041
6614,317952,27.86447525024414,33,0.627700000000041
6615,318208,51.94062423706055,57,0.627400000000041
6616,318208,61.62217712402344,67,0.627400000000041
6617,318208,42.035430908203125,47,0.627400000000041
6618,318208,31.866683959960938,37,0.627400000000041
6619,318208,45.9482421875,51,0.627400000000041
6620,318208,123.38338470458984,130,0.627400000000041
6621,318464,60.753639221191406,66,0.6271000000000411
6622,318464,43.111778259277344,49,0.6271000000000411
6623,318464,42.89735794067383,48,0.6271000000000411
6624,318464,77.82571411132812,83,0.6271000000000411
6625,318464,110.8777084350586,116,0.6271000000000411
6626,318464,39.20850372314453,44,0.6271000000000411
6627,318464,37.259521484375,42,0.6271000000000411
6628,318720,38.986385345458984,44,0.6268000000000411
6629,318720,29.770950317382812,35,0.6268000000000411
6630,318720,29.985713958740234,35,0.6268000000000411
6631,318976,24.013952255249023,29,0.6265000000000411
6632,319232,14.352778434753418,19,0.6262000000000412
6633,319232,80.86474609375,86,0.6262000000000412
6634,319232,66.7426528930664,72,0.6262000000000412
6635,319232,77.03658294677734,82,0.6262000000000412
6636,319488,64.21746826171875,69,0.6259000000000412
6637,319488,22.39444923400879,27,0.6259000000000412
6638,319488,44.23354721069336,49,0.6259000000000412
6639,319488,17.315364837646484,22,0.6259000000000412
6640,319488,20.211902618408203,25,0.6259000000000412
6641,319488,20.983898162841797,26,0.6259000000000412
6642,319488,27.05523681640625,32,0.6259000000000412
6643,319488,44.24860382080078,49,0.6259000000000412
6644,319488,54.01873016357422,59,0.6259000000000412
6645,319744,33.04148483276367,38,0.6256000000000412
6646,319744,26.387332916259766,31,0.6256000000000412
6647,319744,38.475364685058594,43,0.6256000000000412
6648,319744,22.234352111816406,27,0.6256000000000412
6649,319744,24.330442428588867,29,0.6256000000000412
6650,319744,146.86065673828125,152,0.6256000000000412
6651,319744,18.999866485595703,24,0.6256000000000412
6652,320000,20.329158782958984,25,0.6253000000000413
6653,320000,34.305023193359375,39,0.6253000000000413
6654,320000,20.453659057617188,25,0.6253000000000413
6655,320256,32.233375549316406,37,0.6250000000000413
6656,320256,24.00050926208496,29,0.6250000000000413
6657,320256,43.00885009765625,48,0.6250000000000413
6658,320256,17.368654251098633,22,0.6250000000000413
6659,320256,36.19169616699219,41,0.6250000000000413
6660,320256,40.1840934753418,45,0.6250000000000413
6661,320256,40.13304138183594,45,0.6250000000000413
6662,320256,89.06356811523438,95,0.6250000000000413
6663,320512,23.729764938354492,29,0.6247000000000413
6664,320512,30.107479095458984,35,0.6247000000000413
6665,320512,74.32914733886719,80,0.6247000000000413
6666,320512,53.348697662353516,58,0.6247000000000413
6667,320512,26.227630615234375,31,0.6247000000000413
6668,320768,77.0808334350586,84,0.6244000000000414
6669,320768,32.50404357910156,38,0.6244000000000414
6670,320768,26.443157196044922,32,0.6244000000000414
6671,320768,15.872114181518555,21,0.6244000000000414
6672,321024,68.35657501220703,74,0.6241000000000414
6673,321024,16.174291610717773,21,0.6241000000000414
6674,321024,43.2498893737793,48,0.6241000000000414
6675,321024,70.20073699951172,75,0.6241000000000414
6676,321024,70.36235809326172,78,0.6241000000000414
6677,321024,57.01500701904297,62,0.6241000000000414
6678,321280,46.76716995239258,52,0.6238000000000414
6679,321280,26.255598068237305,31,0.6238000000000414
6680,321280,82.24300384521484,90,0.6238000000000414
6681,321280,44.29668426513672,49,0.6238000000000414
6682,321280,16.321693420410156,21,0.6238000000000414
6683,321280,33.058895111083984,38,0.6238000000000414
6684,321280,22.23691177368164,27,0.6238000000000414
6685,321280,39.99443054199219,45,0.6238000000000414
6686,321280,42.00457763671875,47,0.6238000000000414
6687,321280,19.527515411376953,24,0.6238000000000414
6688,321280,23.12030029296875,28,0.6238000000000414
6689,321536,30.96728515625,36,0.6235000000000415
6690,321536,52.58959197998047,58,0.6235000000000415
6691,321536,101.5082015991211,107,0.6235000000000415
6692,321536,19.008453369140625,24,0.6235000000000415
6693,321536,19.064485549926758,24,0.6235000000000415
6694,321536,54.8978271484375,60,0.6235000000000415
6695,321536,20.452606201171875,26,0.6235000000000415
6696,321792,39.1471061706543,44,0.6232000000000415
6697,321792,24.023860931396484,29,0.6232000000000415
6698,321792,19.174278259277344,24,0.6232000000000415
6699,321792,55.85466384887695,61,0.6232000000000415
6700,321792,39.68648910522461,45,0.6232000000000415
6701,321792,65.38884735107422,72,0.6232000000000415
6702,322048,13.293384552001953,18,0.6229000000000415
6703,322048,33.15091323852539,38,0.6229000000000415
6704,322048,20.186899185180664,25,0.6229000000000415
6705,322048,58.79759216308594,64,0.6229000000000415
6706,322048,49.29131317138672,54,0.6229000000000415
6707,322048,31.6387939453125,37,0.6229000000000415
6708,322048,66.05844116210938,71,0.6229000000000415
6709,322048,92.37438201904297,100,0.6229000000000415
6710,322304,18.2623233795166,23,0.6226000000000416
6711,322304,36.20518493652344,41,0.6226000000000416
6712,322304,53.79802322387695,59,0.6226000000000416
6713,322304,45.01262664794922,50,0.6226000000000416
6714,322304,39.10333251953125,44,0.6226000000000416
6715,322560,111.1027603149414,116,0.6223000000000416
6716,322560,44.0379753112793,49,0.6223000000000416
6717,322816,20.132030487060547,25,0.6220000000000416
6718,322816,38.32661819458008,43,0.6220000000000416
6719,322816,45.23482131958008,51,0.6220000000000416
6720,322816,67.41529846191406,75,0.6220000000000416
6721,323072,56.8773307800293,62,0.6217000000000417
6722,323072,130.14764404296875,136,0.6217000000000417
6723,323072,46.965248107910156,52,0.6217000000000417
6724,323072,41.203914642333984,46,0.6217000000000417
6725,323072,75.5203857421875,81,0.6217000000000417
6726,323328,30.5233154296875,36,0.6214000000000417
6727,323328,99.0894546508789,105,0.6214000000000417
6728,323328,22.73487091064453,28,0.6214000000000417
6729,323328,17.917083740234375,23,0.6214000000000417
6730,323328,24.72616958618164,30,0.6214000000000417
6731,323328,17.092025756835938,22,0.6214000000000417
6732,323584,29.089685440063477,34,0.6211000000000417
6733,323584,35.2579345703125,40,0.6211000000000417
6734,323584,33.02352523803711,38,0.6211000000000417
6735,323840,19.13832664489746,24,0.6208000000000418
6736,323840,35.91978454589844,41,0.6208000000000418
6737,323840,18.728116989135742,24,0.6208000000000418
6738,324096,21.09914207458496,26,0.6205000000000418
6739,324096,48.67019271850586,54,0.6205000000000418
6740,324096,25.002262115478516,30,0.6205000000000418
6741,324096,21.15203285217285,26,0.6205000000000418
6742,324096,18.879047393798828,24,0.6205000000000418
6743,324096,30.150466918945312,35,0.6205000000000418
6744,324352,21.06097412109375,26,0.6202000000000418
6745,324608,19.89714813232422,25,0.6199000000000419
6746,324608,48.10124969482422,53,0.6199000000000419
6747,324608,69.78671264648438,75,0.6199000000000419
6748,324608,47.140480041503906,52,0.6199000000000419
6749,324608,30.003398895263672,35,0.6199000000000419
6750,324864,50.930118560791016,56,0.6196000000000419
6751,324864,44.798377990722656,50,0.6196000000000419
6752,324864,56.54292297363281,63,0.6196000000000419
6753,324864,13.20106315612793,18,0.6196000000000419
6754,324864,73.2667236328125,79,0.6196000000000419
6755,324864,13.398897171020508,18,0.6196000000000419
6756,324864,68.32978820800781,74,0.6196000000000419
6757,324864,75.59640502929688,81,0.6196000000000419
6758,325120,113.93022155761719,120,0.6193000000000419
6759,325120,18.00550079345703,23,0.6193000000000419
6760,325120,69.63504028320312,75,0.6193000000000419
6761,325376,33.513092041015625,39,0.619000000000042
6762,325376,35.92327117919922,41,0.619000000000042
6763,325376,17.08119010925293,22,0.619000000000042
6764,325376,40.07392120361328,45,0.619000000000042
6765,325376,66.2461929321289,72,0.619000000000042
6766,325376,54.70762252807617,60,0.619000000000042
6767,325376,51.88773727416992,57,0.619000000000042
6768,325376,11.413288116455078,16,0.619000000000042
6769,325632,58.10085678100586,64,0.618700000000042
6770,325632,81.91817474365234,88,0.618700000000042
6771,325632,90.4419174194336,96,0.618700000000042
6772,325632,30.860702514648438,36,0.618700000000042
6773,325632,56.91864013671875,62,0.618700000000042
6774,325888,32.15328598022461,37,0.618400000000042
6775,325888,19.111156463623047,24,0.618400000000042
6776,325888,20.07901382446289,25,0.618400000000042
6777,325888,81.86310577392578,89,0.618400000000042
6778,325888,15.29449462890625,20,0.618400000000042
6779,325888,53.81639099121094,59,0.618400000000042
6780,326144,65.49696350097656,71,0.6181000000000421
6781,326144,19.81177520751953,25,0.6181000000000421
6782,326144,17.067646026611328,22,0.6181000000000421
6783,326400,34.26681900024414,39,0.6178000000000421
6784,326400,35.74424743652344,41,0.6178000000000421
6785,326400,32.98986053466797,38,0.6178000000000421
6786,326656,16.94476318359375,22,0.6175000000000421
6787,326656,69.49322509765625,75,0.6175000000000421
6788,326656,45.04567337036133,50,0.6175000000000421
6789,326656,14.130465507507324,19,0.6175000000000421
6790,326656,53.05558776855469,58,0.6175000000000421
6791,326656,47.08149337768555,52,0.6175000000000421
6792,326912,14.500345230102539,19,0.6172000000000422
6793,326912,28.586484909057617,34,0.6172000000000422
6794,326912,63.32343292236328,68,0.6172000000000422
6795,326912,17.151552200317383,22,0.6172000000000422
6796,326912,13.496546745300293,18,0.6172000000000422
6797,326912,15.189504623413086,20,0.6172000000000422
6798,326912,31.29509925842285,36,0.6172000000000422
6799,327168,24.945514678955078,30,0.6169000000000422
6800,327424,38.00888442993164,43,0.6166000000000422
6801,327424,50.09944534301758,55,0.6166000000000422
6802,327424,43.30656051635742,48,0.6166000000000422
6803,327424,31.16758155822754,36,0.6166000000000422
6804,327424,25.942386627197266,31,0.6166000000000422
6805,327424,71.85791015625,77,0.6166000000000422
6806,327680,28.676359176635742,34,0.6163000000000423
6807,327680,22.982421875,28,0.6163000000000423
6808,327680,21.26886749267578,26,0.6163000000000423
6809,327680,27.06156349182129,32,0.6163000000000423
6810,327680,46.34101867675781,51,0.6163000000000423
6811,327680,32.165348052978516,37,0.6163000000000423
6812,327680,23.2653751373291,28,0.6163000000000423
6813,327936,23.83491325378418,29,0.6160000000000423
6814,327936,35.02168655395508,40,0.6160000000000423
6815,327936,63.129215240478516,68,0.6160000000000423
6816,327936,37.249961853027344,42,0.6160000000000423
6817,327936,65.08934783935547,71,0.6160000000000423
6818,328192,66.68190002441406,72,0.6157000000000423
6819,328192,64.02001953125,69,0.6157000000000423
6820,328192,40.10820770263672,45,0.6157000000000423
6821,328192,36.97295379638672,42,0.6157000000000423
6822,328192,77.05815887451172,82,0.6157000000000423
6823,328192,19.117225646972656,24,0.6157000000000423
6824,328448,29.370168685913086,34,0.6154000000000424
6825,328448,36.096309661865234,41,0.6154000000000424
6826,328704,53.06542205810547,58,0.6151000000000424
6827,328704,20.819841384887695,26,0.6151000000000424
6828,328704,43.81249237060547,49,0.6151000000000424
6829,328960,44.00259017944336,50,0.6148000000000424
6830,328960,67.91129302978516,73,0.6148000000000424
6831,329216,15.039241790771484,20,0.6145000000000425
6832,329216,53.840721130371094,59,0.6145000000000425
6833,329216,41.05885314941406,46,0.6145000000000425
6834,329216,26.171680450439453,31,0.6145000000000425
6835,329216,21.95590591430664,27,0.6145000000000425
6836,329216,48.630435943603516,54,0.6145000000000425
6837,329216,41.932003021240234,47,0.6145000000000425
6838,329472,23.11214828491211,28,0.6142000000000425
6839,329472,28.21626853942871,33,0.6142000000000425
6840,329728,20.976900100708008,26,0.6139000000000425
6841,329728,43.9228630065918,49,0.6139000000000425
6842,329728,38.12849807739258,43,0.6139000000000425
6843,329728,24.938213348388672,30,0.6139000000000425
6844,329728,21.97683334350586,27,0.6139000000000425
6845,329728,52.90721130371094,58,0.6139000000000425
6846,329728,71.15643310546875,78,0.6139000000000425
6847,329984,27.226726531982422,32,0.6136000000000426
6848,329984,22.06399917602539,27,0.6136000000000426
6849,329984,35.18095397949219,40,0.6136000000000426
6850,329984,20.890869140625,26,0.6136000000000426
6851,329984,47.8417854309082,53,0.6136000000000426
6852,329984,65.86603546142578,71,0.6136000000000426
6853,329984,32.78133773803711,38,0.6136000000000426
6854,329984,18.316570281982422,23,0.6136000000000426
6855,330240,35.148048400878906,40,0.6133000000000426
6856,330240,20.98282241821289,26,0.6133000000000426
6857,330240,49.95178985595703,55,0.6133000000000426
6858,330240,58.66679763793945,64,0.6133000000000426
6859,330240,37.20876693725586,42,0.6133000000000426
6860,330496,29.87491226196289,35,0.6130000000000426
6861,330496,48.06602478027344,53,0.6130000000000426
6862,330752,16.01209831237793,21,0.6127000000000427
6863,330752,89.6185073852539,95,0.6127000000000427
6864,330752,54.13389205932617,59,0.6127000000000427
6865,330752,62.678890228271484,68,0.6127000000000427
6866,330752,52.7470588684082,60,0.6127000000000427
6867,330752,40.045711517333984,45,0.6127000000000427
6868,331008,39.21944046020508,45,0.6124000000000427
6869,331008,50.674827575683594,57,0.6124000000000427
6870,331008,19.96395492553711,25,0.6124000000000427
6871,331008,23.1306095123291,28,0.6124000000000427
6872,331264,22.664047241210938,28,0.6121000000000427
6873,331264,60.18187713623047,68,0.6121000000000427
6874,331264,20.312803268432617,25,0.6121000000000427
6875,331264,42.07185745239258,47,0.6121000000000427
6876,331264,33.14311981201172,38,0.6121000000000427
6877,331264,26.119197845458984,31,0.6121000000000427
6878,331520,45.989219665527344,51,0.6118000000000428
6879,331520,15.187875747680664,20,0.6118000000000428
6880,331520,16.04180145263672,21,0.6118000000000428
6881,331520,72.08920288085938,78,0.6118000000000428
6882,331520,46.943275451660156,52,0.6118000000000428
6883,331520,34.01840591430664,40,0.6118000000000428
6884,331520,42.95536804199219,48,0.6118000000000428
6885,331776,49.79761505126953,55,0.6115000000000428
6886,331776,52.71371841430664,58,0.6115000000000428
6887,331776,49.596763610839844,55,0.6115000000000428
6888,331776,36.02723693847656,41,0.6115000000000428
6889,331776,35.058528900146484,40,0.6115000000000428
6890,331776,73.64055633544922,79,0.6115000000000428
6891,331776,50.797061920166016,56,0.6115000000000428
6892,331776,29.91153335571289,35,0.6115000000000428
6893,331776,21.881263732910156,27,0.6115000000000428
6894,331776,27.150890350341797,32,0.6115000000000428
6895,332032,59.90569305419922,65,0.6112000000000428
6896,332032,70.54821014404297,76,0.6112000000000428
6897,332032,21.025320053100586,26,0.6112000000000428
6898,332032,52.86936569213867,58,0.6112000000000428
6899,332288,116.28492736816406,123,0.6109000000000429
6900,332288,48.69901657104492,54,0.6109000000000429
6901,332288,15.863954544067383,21,0.6109000000000429
6902,332288,93.00373077392578,98,0.6109000000000429
6903,332544,18.16283416748047,23,0.6106000000000429
6904,332544,42.08619689941406,47,0.6106000000000429
6905,332544,46.10130310058594,51,0.6106000000000429
6906,332544,36.251712799072266,41,0.6106000000000429
6907,332544,20.695096969604492,26,0.6106000000000429
6908,332800,26.105018615722656,31,0.6103000000000429
6909,332800,23.01924705505371,28,0.6103000000000429
6910,332800,29.10287094116211,34,0.6103000000000429
6911,332800,38.00193405151367,43,0.6103000000000429
6912,333056,26.104541778564453,31,0.610000000000043
6913,333056,17.312042236328125,22,0.610000000000043
6914,333056,67.35568237304688,73,0.610000000000043
6915,333056,37.91484832763672,43,0.610000000000043
6916,333056,27.19753074645996,32,0.610000000000043
6917,333056,44.8474235534668,50,0.610000000000043
6918,333056,20.7899112701416,26,0.610000000000043
6919,333056,32.37440490722656,37,0.610000000000043
6920,333312,25.079635620117188,30,0.609700000000043
6921,333312,28.00054168701172,33,0.609700000000043
6922,333312,21.38483238220215,26,0.609700000000043
6923,333312,62.9691162109375,68,0.609700000000043
6924,333312,46.04362487792969,51,0.609700000000043
6925,333312,36.24774932861328,41,0.609700000000043
6926,333568,32.967857360839844,38,0.609400000000043
6927,333568,100.21573638916016,106,0.609400000000043
6928,333568,26.799442291259766,32,0.609400000000043
6929,333568,23.164934158325195,28,0.609400000000043
6930,333568,22.089988708496094,27,0.609400000000043
6931,333568,43.16621780395508,48,0.609400000000043
6932,333568,47.010658264160156,52,0.609400000000043
6933,333568,72.55154418945312,78,0.609400000000043
6934,333568,16.144283294677734,21,0.609400000000043
6935,333568,35.242584228515625,40,0.609400000000043
6936,333568,103.25242614746094,109,0.609400000000043
6937,333568,64.69013977050781,70,0.609400000000043
6938,333568,56.9890251159668,62,0.609400000000043
6939,333824,42.76607894897461,48,0.609100000000043
6940,333824,39.02737045288086,44,0.609100000000043
6941,333824,20.231685638427734,25,0.609100000000043
6942,333824,43.89384841918945,49,0.609100000000043
6943,334080,155.42657470703125,162,0.6088000000000431
6944,334080,29.794170379638672,35,0.6088000000000431
6945,334336,50.61567687988281,56,0.6085000000000431
6946,334336,24.976593017578125,30,0.6085000000000431
6947,334336,27.03042984008789,32,0.6085000000000431
6948,334336,19.913461685180664,25,0.6085000000000431
6949,334336,21.975162506103516,27,0.6085000000000431
6950,334336,18.92156219482422,24,0.6085000000000431
6951,334336,21.167381286621094,26,0.6085000000000431
6952,334336,47.822322845458984,53,0.6085000000000431
6953,334592,33.24016571044922,38,0.6082000000000432
6954,334592,23.253292083740234,28,0.6082000000000432
6955,334592,21.783653259277344,27,0.6082000000000432
6956,334592,16.211820602416992,21,0.6082000000000432
6957,334592,38.953575134277344,44,0.6082000000000432
6958,334848,49.09730911254883,54,0.6079000000000432
6959,334848,29.936325073242188,35,0.6079000000000432
6960,335104,20.231876373291016,25,0.6076000000000432
6961,335104,24.186737060546875,29,0.6076000000000432
6962,335104,17.077465057373047,22,0.6076000000000432
6963,335104,85.03229522705078,91,0.6076000000000432
6964,335104,54.9605827331543,60,0.6076000000000432
6965,335104,24.188779830932617,29,0.6076000000000432
6966,335104,16.08725929260254,21,0.6076000000000432
6967,335360,53.9854736328125,59,0.6073000000000432
6968,335360,23.014795303344727,28,0.6073000000000432
6969,335360,26.050373077392578,31,0.6073000000000432
6970,335360,59.60212326049805,65,0.6073000000000432
6971,335360,16.908790588378906,22,0.6073000000000432
6972,335360,102.20745086669922,109,0.6073000000000432
6973,335360,23.91094398498535,29,0.6073000000000432
6974,335616,56.56364440917969,62,0.6070000000000433
6975,335616,64.05069732666016,70,0.6070000000000433
6976,335616,28.79429054260254,34,0.6070000000000433
6977,335872,55.89768600463867,61,0.6067000000000433
6978,335872,18.082345962524414,23,0.6067000000000433
6979,335872,47.72929000854492,54,0.6067000000000433
6980,335872,25.25644874572754,30,0.6067000000000433
6981,335872,29.946210861206055,35,0.6067000000000433
6982,335872,18.064477920532227,23,0.6067000000000433
6983,336128,24.92644691467285,30,0.6064000000000433
6984,336128,17.944629669189453,23,0.6064000000000433
6985,336128,52.786109924316406,58,0.6064000000000433
6986,336128,37.04718017578125,42,0.6064000000000433
6987,336128,60.081119537353516,65,0.6064000000000433
6988,336128,34.18559265136719,39,0.6064000000000433
6989,336128,104.59513854980469,110,0.6064000000000433
6990,336384,68.18506622314453,74,0.6061000000000434
6991,336384,53.7951545715332,59,0.6061000000000434
6992,336384,32.732826232910156,38,0.6061000000000434
6993,336640,74.30426788330078,80,0.6058000000000434
6994,336640,37.94795227050781,43,0.6058000000000434
6995,336640,14.135152816772461,19,0.6058000000000434
6996,336640,27.052637100219727,32,0.6058000000000434
6997,336640,18.81757926940918,24,0.6058000000000434
6998,336640,26.19827651977539,31,0.6058000000000434
6999,336896,44.49137878417969,50,0.6055000000000434
7000,336896,112.07061767578125,119,0.6055000000000434
7001,336896,69.822265625,75,0.6055000000000434
7002,336896,83.30152893066406,90,0.6055000000000434
7003,336896,118.4910659790039,124,0.6055000000000434
7004,336896,23.326744079589844,28,0.6055000000000434
7005,336896,19.014562606811523,24,0.6055000000000434
7006,336896,38.92874526977539,44,0.6055000000000434
7007,337152,35.00156021118164,40,0.6052000000000435
7008,337152,59.19960021972656,64,0.6052000000000435
7009,337152,29.797992706298828,35,0.6052000000000435
7010,337152,30.767337799072266,36,0.6052000000000435
7011,337152,63.15515899658203,69,0.6052000000000435
7012,337152,52.112815856933594,57,0.6052000000000435
7013,337152,50.06672286987305,55,0.6052000000000435
7014,337408,41.94889831542969,47,0.6049000000000435
7015,337408,77.43830108642578,83,0.6049000000000435
7016,337408,48.0057373046875,53,0.6049000000000435
7017,337664,36.19413757324219,41,0.6046000000000435
7018,337664,25.680450439453125,31,0.6046000000000435
7019,337664,72.69379425048828,78,0.6046000000000435
7020,337920,21.948848724365234,27,0.6043000000000436
7021,337920,31.11105728149414,36,0.6043000000000436
7022,337920,34.12154006958008,39,0.6043000000000436
7023,337920,28.108232498168945,33,0.6043000000000436
7024,337920,16.18501853942871,21,0.6043000000000436
7025,337920,19.85485076904297,25,0.6043000000000436
7026,338176,33.834957122802734,39,0.6040000000000436
7027,338432,22.038116455078125,27,0.6037000000000436
7028,338432,23.75679588317871,29,0.6037000000000436
7029,338432,21.951501846313477,27,0.6037000000000436
7030,338432,57.82765197753906,63,0.6037000000000436
7031,338432,109.40061950683594,117,0.6037000000000436
7032,338432,16.106067657470703,21,0.6037000000000436
7033,338432,27.07625961303711,32,0.6037000000000436
7034,338688,94.14517974853516,100,0.6034000000000437
7035,338688,61.79991149902344,67,0.6034000000000437
7036,338688,31.792417526245117,37,0.6034000000000437
7037,338688,28.238021850585938,33,0.6034000000000437
7038,338688,143.7608184814453,151,0.6034000000000437
7039,338688,60.35529708862305,66,0.6034000000000437
7040,338688,55.741371154785156,61,0.6034000000000437
7041,338688,26.32884407043457,31,0.6034000000000437
7042,338944,64.48493194580078,70,0.6031000000000437
7043,338944,105.0042495727539,111,0.6031000000000437
7044,338944,29.30402946472168,34,0.6031000000000437
7045,338944,21.086830139160156,26,0.6031000000000437
7046,339200,32.14093017578125,37,0.6028000000000437
7047,339200,23.941919326782227,29,0.6028000000000437
7048,339200,101.49119567871094,108,0.6028000000000437
7049,339200,57.4691047668457,63,0.6028000000000437
7050,339200,34.22208786010742,39,0.6028000000000437
7051,339200,49.16669464111328,54,0.6028000000000437
7052,339456,18.111663818359375,23,0.6025000000000438
7053,339456,29.270668029785156,34,0.6025000000000438
7054,339456,23.80162239074707,29,0.6025000000000438
7055,339456,27.955902099609375,33,0.6025000000000438
7056,339712,22.892776489257812,28,0.6022000000000438
7057,339712,27.918256759643555,33,0.6022000000000438
7058,339712,77.43417358398438,83,0.6022000000000438
7059,339712,113.3425064086914,119,0.6022000000000438
7060,339968,53.75405502319336,59,0.6019000000000438
7061,339968,80.79240417480469,86,0.6019000000000438
7062,339968,27.96660804748535,33,0.6019000000000438
7063,339968,20.03209686279297,25,0.6019000000000438
7064,340224,26.257612228393555,31,0.6016000000000439
7065,340224,18.129688262939453,23,0.6016000000000439
7066,340224,22.165163040161133,27,0.6016000000000439
7067,340224,21.163454055786133,26,0.6016000000000439
7068,340224,16.247800827026367,21,0.6016000000000439
7069,340480,32.838592529296875,38,0.6013000000000439
7070,340480,17.254566192626953,22,0.6013000000000439
7071,340480,14.109536170959473,19,0.6013000000000439
7072,340480,23.919879913330078,29,0.6013000000000439
7073,340480,48.68653869628906,54,0.6013000000000439
7074,340480,16.23308753967285,21,0.6013000000000439
7075,340480,26.963703155517578,32,0.6013000000000439
7076,340480,44.84425354003906,50,0.6013000000000439
7077,340480,23.923900604248047,29,0.6013000000000439
7078,340480,21.962133407592773,27,0.6013000000000439
7079,340736,46.99155807495117,52,0.6010000000000439
7080,340736,17.134281158447266,22,0.6010000000000439
7081,340736,17.453874588012695,22,0.6010000000000439
7082,340736,54.6707649230957,60,0.6010000000000439
7083,340736,28.218637466430664,33,0.6010000000000439
7084,340992,17.003156661987305,22,0.600700000000044
7085,340992,20.677461624145508,26,0.600700000000044
7086,340992,68.5411148071289,74,0.600700000000044
7087,340992,58.357086181640625,64,0.600700000000044
7088,340992,57.8001708984375,63,0.600700000000044
7089,340992,71.39637756347656,77,0.600700000000044
7090,340992,106.52593994140625,112,0.600700000000044
7091,341248,82.17625427246094,88,0.600400000000044
7092,341248,38.78227996826172,44,0.600400000000044
7093,341248,118.7382583618164,124,0.600400000000044
7094,341248,29.10427474975586,34,0.600400000000044
7095,341248,27.13119125366211,32,0.600400000000044
7096,341248,57.088470458984375,62,0.600400000000044
7097,341504,26.211257934570312,31,0.600100000000044
7098,341504,111.5217056274414,117,0.600100000000044
7099,341504,42.94566345214844,48,0.600100000000044
7100,341504,35.27871322631836,40,0.600100000000044
7101,341504,47.928985595703125,53,0.600100000000044
7102,341760,28.97999382019043,34,0.5998000000000441
7103,341760,17.926843643188477,23,0.5998000000000441
7104,341760,61.52256774902344,67,0.5998000000000441
7105,341760,41.91548538208008,47,0.5998000000000441
7106,341760,32.958740234375,38,0.5998000000000441
7107,341760,18.125492095947266,23,0.5998000000000441
7108,342016,34.21751022338867,39,0.5995000000000441
7109,342016,73.8215560913086,79,0.5995000000000441
7110,342016,28.10417366027832,33,0.5995000000000441
7111,342016,21.861909866333008,27,0.5995000000000441
7112,342016,51.05093765258789,56,0.5995000000000441
7113,342016,36.965858459472656,42,0.5995000000000441
7114,342016,77.54752349853516,83,0.5995000000000441
7115,342016,86.5473403930664,92,0.5995000000000441
7116,342016,20.948549270629883,26,0.5995000000000441
7117,342272,21.889217376708984,27,0.5992000000000441
7118,342272,19.091520309448242,24,0.5992000000000441
7119,342272,72.26575469970703,78,0.5992000000000441
7120,342272,85.31627655029297,93,0.5992000000000441
7121,342272,131.35536193847656,138,0.5992000000000441
7122,342528,31.055757522583008,36,0.5989000000000442
7123,342528,95.3200454711914,102,0.5989000000000442
7124,342528,88.91950988769531,95,0.5989000000000442
7125,342528,26.7272891998291,32,0.5989000000000442
7126,342528,76.60166931152344,82,0.5989000000000442
7127,342528,28.264907836914062,33,0.5989000000000442
7128,342528,18.092145919799805,23,0.5989000000000442
7129,342528,30.062679290771484,35,0.5989000000000442
7130,342528,20.825925827026367,26,0.5989000000000442
7131,342784,45.11217498779297,50,0.5986000000000442
7132,342784,25.070219039916992,30,0.5986000000000442
7133,342784,24.264892578125,29,0.5986000000000442
7134,342784,39.1903076171875,44,0.5986000000000442
7135,342784,37.223228454589844,42,0.5986000000000442
7136,342784,28.21341896057129,33,0.5986000000000442
7137,342784,92.99520874023438,99,0.5986000000000442
7138,343040,22.21495819091797,27,0.5983000000000442
7139,343040,71.51485443115234,77,0.5983000000000442
7140,343040,23.87002944946289,29,0.5983000000000442
7141,343296,19.276506423950195,24,0.5980000000000443
7142,343296,47.40758514404297,52,0.5980000000000443
7143,343296,33.21833038330078,38,0.5980000000000443
7144,343296,23.706214904785156,29,0.5980000000000443
7145,343296,16.388111114501953,21,0.5980000000000443
7146,343296,40.127723693847656,45,0.5980000000000443
7147,343296,41.83373260498047,47,0.5980000000000443
7148,343296,81.38179779052734,87,0.5980000000000443
7149,343296,18.06133270263672,23,0.5980000000000443
7150,343552,34.230533599853516,39,0.5977000000000443
7151,343552,30.15410614013672,35,0.5977000000000443
7152,343552,21.06083869934082,26,0.5977000000000443
7153,343552,47.96698760986328,53,0.5977000000000443
7154,343552,86.26229095458984,92,0.5977000000000443
7155,343552,45.21363067626953,50,0.5977000000000443
7156,343552,67.22398376464844,74,0.5977000000000443
7157,343808,36.43054962158203,41,0.5974000000000443
7158,343808,30.979045867919922,36,0.5974000000000443
7159,343808,45.082725524902344,50,0.5974000000000443
7160,343808,52.067230224609375,57,0.5974000000000443
7161,344064,22.288028717041016,27,0.5971000000000444
7162,344064,38.103885650634766,43,0.5971000000000444
7163,344064,65.33785247802734,71,0.5971000000000444
7164,344064,39.1195068359375,44,0.5971000000000444
7165,344064,32.30043029785156,37,0.5971000000000444
7166,344064,17.023597717285156,22,0.5971000000000444
7167,344064,24.542020797729492,29,0.5971000000000444
7168,344064,28.143156051635742,33,0.5971000000000444
7169,344320,23.02586555480957,28,0.5968000000000444
7170,344320,22.406917572021484,27,0.5968000000000444
7171,344320,37.239891052246094,42,0.5968000000000444
7172,344320,25.188629150390625,30,0.5968000000000444
7173,344320,36.39350509643555,41,0.5968000000000444
7174,344576,38.990928649902344,44,0.5965000000000444
7175,344576,24.91404151916504,30,0.5965000000000444
7176,344576,85.07760620117188,90,0.5965000000000444
7177,344576,85.50457000732422,91,0.5965000000000444
7178,344832,18.057403564453125,23,0.5962000000000445
7179,344832,31.927732467651367,37,0.5962000000000445
7180,344832,29.000288009643555,34,0.5962000000000445
7181,345088,74.79864501953125,80,0.5959000000000445
7182,345088,24.123315811157227,29,0.5959000000000445
7183,345088,19.055259704589844,24,0.5959000000000445
7184,345088,70.55908966064453,76,0.5959000000000445
7185,345344,39.96064758300781,45,0.5956000000000445
7186,345344,73.6167221069336,79,0.5956000000000445
7187,345344,132.42996215820312,138,0.5956000000000445
7188,345344,40.732540130615234,46,0.5956000000000445
7189,345344,61.82863235473633,69,0.5956000000000445
7190,345344,57.66666030883789,63,0.5956000000000445
7191,345344,77.32218933105469,83,0.5956000000000445
7192,345344,30.336774826049805,35,0.5956000000000445
7193,345344,29.813400268554688,35,0.5956000000000445
7194,345344,23.9387264251709,29,0.5956000000000445
7195,345600,24.923166275024414,30,0.5953000000000446
7196,345600,50.80253219604492,56,0.5953000000000446
7197,345600,22.88286018371582,28,0.5953000000000446
7198,345600,15.177327156066895,20,0.5953000000000446
7199,345600,22.124711990356445,27,0.5953000000000446
7200,345600,31.955934524536133,37,0.5953000000000446
7201,345600,49.135169982910156,54,0.5953000000000446
7202,345600,39.10689926147461,44,0.5953000000000446
7203,345600,16.078813552856445,21,0.5953000000000446
7204,345600,29.123613357543945,34,0.5953000000000446
7205,345856,50.040313720703125,55,0.5950000000000446
7206,345856,37.14442825317383,42,0.5950000000000446
7207,345856,49.950904846191406,55,0.5950000000000446
7208,345856,59.76900863647461,65,0.5950000000000446
7209,345856,23.923206329345703,29,0.5950000000000446
7210,345856,14.259797096252441,19,0.5950000000000446
7211,346112,46.17778778076172,51,0.5947000000000446
7212,346112,33.0631217956543,38,0.5947000000000446
7213,346112,31.92049217224121,37,0.5947000000000446
7214,346112,21.950815200805664,27,0.5947000000000446
7215,346368,73.80996704101562,80,0.5944000000000447
7216,346368,17.999143600463867,23,0.5944000000000447
7217,346624,25.11347198486328,30,0.5941000000000447
7218,346624,83.81255340576172,91,0.5941000000000447
7219,346624,32.97152328491211,38,0.5941000000000447
7220,346880,25.15842628479004,30,0.5938000000000447
7221,346880,53.72537612915039,59,0.5938000000000447
7222,346880,41.08422088623047,46,0.5938000000000447
7223,346880,61.829593658447266,67,0.5938000000000447
7224,346880,18.95612907409668,24,0.5938000000000447
7225,346880,40.227439880371094,45,0.5938000000000447
7226,346880,28.18638038635254,33,0.5938000000000447
7227,346880,23.956134796142578,29,0.5938000000000447
7228,347136,21.997272491455078,27,0.5935000000000448
7229,347136,17.85196304321289,23,0.5935000000000448
7230,347136,32.22930908203125,37,0.5935000000000448
7231,347136,19.75806427001953,25,0.5935000000000448
7232,347136,61.90485382080078,67,0.5935000000000448
7233,347392,26.978668212890625,32,0.5932000000000448
7234,347392,74.76570129394531,80,0.5932000000000448
7235,347392,22.048778533935547,27,0.5932000000000448
7236,347648,31.078754425048828,36,0.5929000000000448
7237,347648,28.141691207885742,33,0.5929000000000448
7238,347648,57.32107162475586,62,0.5929000000000448
7239,347648,15.122175216674805,20,0.5929000000000448
7240,347648,51.847389221191406,57,0.5929000000000448
7241,347648,57.89198303222656,63,0.5929000000000448
7242,347904,63.77622604370117,69,0.5926000000000449
7243,347904,18.036558151245117,23,0.5926000000000449
7244,347904,41.208675384521484,46,0.5926000000000449
7245,347904,18.147953033447266,23,0.5926000000000449
7246,347904,34.04163360595703,39,0.5926000000000449
7247,347904,57.75532913208008,63,0.5926000000000449
7248,348160,63.95577621459961,69,0.5923000000000449
7249,348160,22.915790557861328,28,0.5923000000000449
7250,348160,134.39915466308594,140,0.5923000000000449
7251,348160,59.868019104003906,65,0.5923000000000449
7252,348160,44.88788604736328,50,0.5923000000000449
7253,348416,26.641273498535156,32,0.5920000000000449
7254,348416,24.303953170776367,29,0.5920000000000449
7255,348416,23.606151580810547,29,0.5920000000000449
7256,348416,39.99220275878906,45,0.5920000000000449
7257,348416,13.19511604309082,18,0.5920000000000449
7258,348416,33.04256820678711,38,0.5920000000000449
7259,348416,26.96832847595215,32,0.5920000000000449
7260,348416,20.85727882385254,26,0.5920000000000449
7261,348672,39.79412078857422,45,0.591700000000045
7262,348672,34.22332000732422,39,0.591700000000045
7263,348672,27.234455108642578,32,0.591700000000045
7264,348672,37.04287338256836,43,0.591700000000045
7265,348672,27.76050567626953,33,0.591700000000045
7266,348672,32.141231536865234,37,0.591700000000045
7267,348672,31.224252700805664,36,0.591700000000045
7268,348928,20.093387603759766,25,0.591400000000045
7269,348928,57.396522521972656,63,0.591400000000045
7270,348928,55.72846984863281,61,0.591400000000045
7271,348928,22.23493194580078,27,0.591400000000045
7272,348928,16.138046264648438,21,0.591400000000045
7273,349184,28.0776309967041,33,0.591100000000045
7274,349184,26.49824333190918,31,0.591100000000045
7275,349184,85.6006851196289,91,0.591100000000045
7276,349184,43.99063491821289,49,0.591100000000045
7277,349184,32.2994384765625,37,0.591100000000045
7278,349184,58.40971374511719,64,0.591100000000045
7279,349184,16.916940689086914,22,0.591100000000045
7280,349440,51.86050796508789,59,0.5908000000000451
7281,349440,21.89708137512207,27,0.5908000000000451
7282,349440,58.101158142089844,65,0.5908000000000451
7283,349440,23.004961013793945,28,0.5908000000000451
7284,349440,30.065786361694336,35,0.5908000000000451
7285,349440,24.99545669555664,30,0.5908000000000451
7286,349696,23.23611068725586,28,0.5905000000000451
7287,349696,28.238637924194336,33,0.5905000000000451
7288,349696,21.89806365966797,27,0.5905000000000451
7289,349952,31.248762130737305,36,0.5902000000000451
7290,349952,21.034671783447266,26,0.5902000000000451
7291,349952,42.04835891723633,47,0.5902000000000451
7292,349952,126.27135467529297,133,0.5902000000000451
7293,349952,34.078609466552734,39,0.5902000000000451
7294,349952,25.983530044555664,31,0.5902000000000451
7295,350208,40.037376403808594,45,0.5899000000000452
7296,350208,31.853933334350586,37,0.5899000000000452
7297,350208,122.42256927490234,129,0.5899000000000452
7298,350208,23.198375701904297,28,0.5899000000000452
7299,350208,59.9840087890625,66,0.5899000000000452
7300,350208,47.68552017211914,53,0.5899000000000452
7301,350208,193.8439483642578,200,0.5899000000000452
7302,350208,26.024572372436523,31,0.5899000000000452
7303,350464,51.814491271972656,57,0.5896000000000452
7304,350464,28.311344146728516,33,0.5896000000000452
7305,350464,27.782258987426758,33,0.5896000000000452
7306,350464,29.869970321655273,35,0.5896000000000452
7307,350720,97.16397857666016,103,0.5893000000000452
7308,350720,78.3870849609375,85,0.5893000000000452
7309,350720,29.72784996032715,35,0.5893000000000452
7310,350720,42.13011932373047,47,0.5893000000000452
7311,350720,23.074270248413086,28,0.5893000000000452
7312,350720,35.026397705078125,40,0.5893000000000452
7313,350720,55.18436813354492,64,0.5893000000000452
7314,350720,39.98115921020508,45,0.5893000000000452
7315,350720,35.42332458496094,40,0.5893000000000452
7316,350720,42.998104095458984,48,0.5893000000000452
7317,350976,26.026859283447266,31,0.5890000000000453
7318,350976,17.77751922607422,23,0.5890000000000453
7319,350976,29.682804107666016,35,0.5890000000000453
7320,350976,28.068635940551758,33,0.5890000000000453
7321,351232,17.002601623535156,22,0.5887000000000453
7322,351232,59.734134674072266,65,0.5887000000000453
7323,351232,35.268707275390625,40,0.5887000000000453
7324,351232,36.939510345458984,42,0.5887000000000453
7325,351232,18.080320358276367,23,0.5887000000000453
7326,351232,30.76028060913086,36,0.5887000000000453
7327,351232,41.03551483154297,46,0.5887000000000453
7328,351232,23.123323440551758,28,0.5887000000000453
7329,351232,69.76660919189453,76,0.5887000000000453
7330,351488,44.20686721801758,49,0.5884000000000453
7331,351488,20.672164916992188,26,0.5884000000000453
7332,351488,121.89567565917969,129,0.5884000000000453
7333,351488,30.13302993774414,35,0.5884000000000453
7334,351488,24.703847885131836,30,0.5884000000000453
7335,351744,94.83492279052734,101,0.5881000000000454
7336,351744,46.06439208984375,51,0.5881000000000454
7337,352000,28.193397521972656,33,0.5878000000000454
7338,352000,21.93299102783203,27,0.5878000000000454
7339,352000,20.861751556396484,26,0.5878000000000454
7340,352000,26.028993606567383,31,0.5878000000000454
7341,352256,25.96770477294922,31,0.5875000000000454
7342,352256,22.81183624267578,28,0.5875000000000454
7343,352256,21.2531681060791,26,0.5875000000000454
7344,352256,39.19802474975586,44,0.5875000000000454
7345,352256,71.44074249267578,77,0.5875000000000454
7346,352256,28.94701385498047,34,0.5875000000000454
7347,352256,50.081398010253906,55,0.5875000000000454
7348,352256,23.98444938659668,29,0.5875000000000454
7349,352512,30.101985931396484,35,0.5872000000000455
7350,352512,67.99034118652344,73,0.5872000000000455
7351,352512,45.08751678466797,50,0.5872000000000455
7352,352512,64.6109619140625,70,0.5872000000000455
7353,352512,20.24972915649414,25,0.5872000000000455
7354,352512,67.71566772460938,73,0.5872000000000455
7355,352768,32.16495132446289,37,0.5869000000000455
7356,352768,22.967334747314453,28,0.5869000000000455
7357,352768,23.283538818359375,28,0.5869000000000455
7358,352768,55.72503662109375,61,0.5869000000000455
7359,352768,29.410715103149414,34,0.5869000000000455
7360,352768,94.69187927246094,101,0.5869000000000455
7361,352768,18.03025245666504,23,0.5869000000000455
7362,352768,39.62779998779297,44,0.5869000000000455
7363,353024,19.057687759399414,24,0.5866000000000455
7364,353024,28.970165252685547,34,0.5866000000000455
7365,353024,45.82415771484375,51,0.5866000000000455
7366,353024,20.829065322875977,26,0.5866000000000455
7367,353280,37.267913818359375,42,0.5863000000000456
7368,353280,25.292770385742188,30,0.5863000000000456
7369,353280,16.122604370117188,21,0.5863000000000456
7370,353280,19.991756439208984,25,0.5863000000000456
7371,353280,36.228546142578125,41,0.5863000000000456
7372,353280,17.219505310058594,22,0.5863000000000456
7373,353280,24.081546783447266,29,0.5863000000000456
7374,353280,21.105510711669922,26,0.5863000000000456
7375,353536,49.84330749511719,55,0.5860000000000456
7376,353536,42.975040435791016,48,0.5860000000000456
7377,353536,21.037487030029297,26,0.5860000000000456
7378,353536,35.28147506713867,40,0.5860000000000456
7379,353792,54.518707275390625,60,0.5857000000000456
7380,353792,63.644412994384766,69,0.5857000000000456
7381,353792,20.697734832763672,26,0.5857000000000456
7382,353792,163.5757293701172,171,0.5857000000000456
7383,353792,63.80403137207031,69,0.5857000000000456
7384,353792,30.158052444458008,35,0.5857000000000456
7385,354048,29.374277114868164,34,0.5854000000000457
7386,354048,27.94610595703125,33,0.5854000000000457
7387,354048,44.09899139404297,49,0.5854000000000457
7388,354048,115.07638549804688,122,0.5854000000000457
7389,354304,20.941280364990234,26,0.5851000000000457
7390,354304,40.812381744384766,46,0.5851000000000457
7391,354304,71.49263000488281,79,0.5851000000000457
7392,354304,28.934410095214844,34,0.5851000000000457
7393,354304,60.55865478515625,66,0.5851000000000457
7394,354560,63.95374298095703,69,0.5848000000000457
7395,354560,76.21991729736328,82,0.5848000000000457
7396,354560,36.073768615722656,41,0.5848000000000457
7397,354560,38.76488494873047,44,0.5848000000000457
7398,354560,38.97259521484375,44,0.5848000000000457
7399,354816,77.47731018066406,83,0.5845000000000458
7400,354816,39.71596908569336,45,0.5845000000000458
7401,354816,23.958900451660156,29,0.5845000000000458
7402,354816,40.96610641479492,46,0.5845000000000458
7403,354816,30.016551971435547,35,0.5845000000000458
7404,354816,23.0866641998291,28,0.5845000000000458
7405,354816,29.966567993164062,35,0.5845000000000458
7406,354816,46.19352722167969,51,0.5845000000000458
7407,354816,45.794883728027344,51,0.5845000000000458
7408,354816,20.0367431640625,25,0.5845000000000458
7409,354816,25.211973190307617,30,0.5845000000000458
7410,354816,40.0339241027832,45,0.5845000000000458
7411,355072,31.968563079833984,37,0.5842000000000458
7412,355072,29.866031646728516,35,0.5842000000000458
7413,355072,18.923307418823242,24,0.5842000000000458
7414,355072,47.6873893737793,53,0.5842000000000458
7415,355072,30.745803833007812,36,0.5842000000000458
7416,355328,33.985267639160156,39,0.5839000000000458
7417,355328,19.147239685058594,24,0.5839000000000458
7418,355328,19.742109298706055,25,0.5839000000000458
7419,355328,19.294231414794922,24,0.5839000000000458
7420,355328,27.913928985595703,33,0.5839000000000458
7421,355328,37.88338851928711,43,0.5839000000000458
7422,355584,67.83050537109375,73,0.5836000000000459
7423,355584,88.87620544433594,95,0.5836000000000459
7424,355584,22.674243927001953,28,0.5836000000000459
7425,355584,44.907962799072266,50,0.5836000000000459
7426,355584,55.87718200683594,61,0.5836000000000459
7427,355584,94.14179992675781,100,0.5836000000000459
7428,355840,42.82525634765625,48,0.5833000000000459
7429,355840,98.67214965820312,105,0.5833000000000459
7430,356096,20.74968910217285,26,0.5830000000000459
7431,356096,17.170116424560547,22,0.5830000000000459
7432,356352,69.59504699707031,75,0.582700000000046
7433,356352,155.6485137939453,162,0.582700000000046
7434,356352,27.793588638305664,33,0.582700000000046
7435,356352,22.702472686767578,28,0.582700000000046
7436,356352,27.168638229370117,32,0.582700000000046
7437,356352,25.617088317871094,31,0.582700000000046
7438,356352,87.4189224243164,93,0.582700000000046
7439,356608,53.60292053222656,59,0.582400000000046
7440,356864,28.942209243774414,34,0.582100000000046
7441,356864,23.858394622802734,29,0.582100000000046
7442,356864,38.652976989746094,44,0.582100000000046
7443,356864,44.65052795410156,50,0.582100000000046
7444,357120,28.893590927124023,34,0.5818000000000461
7445,357120,21.922054290771484,27,0.5818000000000461
7446,357120,27.537809371948242,33,0.5818000000000461
7447,357376,29.23861312866211,34,0.5815000000000461
7448,357376,23.83367919921875,29,0.5815000000000461
7449,357376,28.966100692749023,34,0.5815000000000461
7450,357376,31.651857376098633,37,0.5815000000000461
7451,357376,50.545494079589844,57,0.5815000000000461
7452,357376,53.61112976074219,59,0.5815000000000461
7453,357376,18.867238998413086,24,0.5815000000000461
7454,357376,45.74638748168945,51,0.5815000000000461
7455,357632,50.43293380737305,56,0.5812000000000461
7456,357632,150.71099853515625,157,0.5812000000000461
7457,357632,40.02558135986328,45,0.5812000000000461
7458,357632,27.668399810791016,33,0.5812000000000461
7459,357632,45.69028854370117,51,0.5812000000000461
7460,357632,64.35848999023438,70,0.5812000000000461
7461,357632,22.809783935546875,28,0.5812000000000461
7462,357632,74.25068664550781,80,0.5812000000000461
7463,357888,30.674123764038086,36,0.5809000000000462
7464,357888,22.741111755371094,28,0.5809000000000462
7465,357888,22.899078369140625,28,0.5809000000000462
7466,357888,34.93962860107422,40,0.5809000000000462
7467,357888,25.20018196105957,30,0.5809000000000462
7468,357888,46.26791000366211,52,0.5809000000000462
7469,357888,55.65970993041992,61,0.5809000000000462
7470,357888,43.89761734008789,49,0.5809000000000462
7471,357888,31.857887268066406,37,0.5809000000000462
7472,357888,17.86996841430664,23,0.5809000000000462
7473,358144,61.97938919067383,67,0.5806000000000462
7474,358144,21.740222930908203,27,0.5806000000000462
7475,358144,48.9884147644043,54,0.5806000000000462
7476,358144,36.78877258300781,42,0.5806000000000462
7477,358144,29.882526397705078,35,0.5806000000000462
7478,358144,37.719852447509766,43,0.5806000000000462
7479,358400,71.6286392211914,77,0.5803000000000462
7480,358400,51.82976531982422,57,0.5803000000000462
7481,358400,50.69639587402344,56,0.5803000000000462
7482,358400,34.089263916015625,39,0.5803000000000462
7483,358400,32.77250671386719,38,0.5803000000000462
7484,358400,35.522132873535156,41,0.5803000000000462
7485,358656,39.878639221191406,45,0.5800000000000463
7486,358656,22.866989135742188,28,0.5800000000000463
7487,358656,30.142818450927734,35,0.5800000000000463
7488,358656,65.54338836669922,71,0.5800000000000463
7489,358656,69.05052947998047,74,0.5800000000000463
7490,358912,27.02042007446289,32,0.5797000000000463
7491,358912,35.036983489990234,40,0.5797000000000463
7492,358912,57.90487289428711,63,0.5797000000000463
7493,358912,24.805185317993164,30,0.5797000000000463
7494,358912,29.191810607910156,34,0.5797000000000463
7495,358912,29.012149810791016,34,0.5797000000000463
7496,358912,47.71221160888672,53,0.5797000000000463
7497,358912,20.802339553833008,26,0.5797000000000463
7498,359168,18.83098030090332,24,0.5794000000000463
7499,359168,43.94637680053711,49,0.5794000000000463
7500,359168,31.779706954956055,37,0.5794000000000463
7501,359168,35.09437561035156,40,0.5794000000000463
7502,359168,29.89679527282715,35,0.5794000000000463
7503,359168,49.74497604370117,55,0.5794000000000463
7504,359424,31.740053176879883,37,0.5791000000000464
7505,359424,33.46327209472656,39,0.5791000000000464
7506,359424,28.07659149169922,33,0.5791000000000464
7507,359424,57.61155700683594,63,0.5791000000000464
7508,359424,26.038597106933594,31,0.5791000000000464
7509,359424,14.243586540222168,19,0.5791000000000464
7510,359680,15.289596557617188,20,0.5788000000000464
7511,359680,87.01719665527344,93,0.5788000000000464
7512,359680,37.83747100830078,43,0.5788000000000464
7513,359680,32.021427154541016,37,0.5788000000000464
7514,359680,19.99576187133789,25,0.5788000000000464
7515,359680,20.080018997192383,25,0.5788000000000464
7516,359936,65.74431610107422,71,0.5785000000000464
7517,359936,32.17256546020508,37,0.5785000000000464
7518,359936,54.841922760009766,60,0.5785000000000464
7519,359936,43.943695068359375,49,0.5785000000000464
7520,359936,37.970211029052734,43,0.5785000000000464
7521,359936,57.829689025878906,63,0.5785000000000464
7522,359936,29.89573097229004,35,0.5785000000000464
7523,359936,40.675540924072266,46,0.5785000000000464
7524,359936,40.92620086669922,46,0.5785000000000464
7525,360192,62.7320556640625,68,0.5782000000000465
7526,360192,19.25,24,0.5782000000000465
7527,360192,19.721620559692383,25,0.5782000000000465
7528,360448,25.081703186035156,30,0.5779000000000465
7529,360448,24.297103881835938,29,0.5779000000000465
7530,360448,17.17281150817871,22,0.5779000000000465
7531,360448,53.95131301879883,59,0.5779000000000465
7532,360448,27.18345069885254,32,0.5779000000000465
7533,360448,48.05420684814453,53,0.5779000000000465
7534,360448,124.18937683105469,131,0.5779000000000465
7535,360704,21.082653045654297,26,0.5776000000000465
7536,360704,34.254215240478516,39,0.5776000000000465
7537,360704,26.082914352416992,31,0.5776000000000465
7538,360704,39.06391525268555,44,0.5776000000000465
7539,360704,36.501853942871094,42,0.5776000000000465
7540,360960,25.007549285888672,30,0.5773000000000466
7541,360960,35.110836029052734,40,0.5773000000000466
7542,360960,25.89118194580078,31,0.5773000000000466
7543,361216,34.036808013916016,39,0.5770000000000466
7544,361216,17.179279327392578,22,0.5770000000000466
7545,361216,59.45482635498047,67,0.5770000000000466
7546,361216,71.19538879394531,78,0.5770000000000466
7547,361216,67.05191802978516,73,0.5770000000000466
7548,361472,38.04487228393555,43,0.5767000000000466
7549,361472,42.01761245727539,47,0.5767000000000466
7550,361472,56.5678825378418,62,0.5767000000000466
7551,361472,25.244714736938477,30,0.5767000000000466
7552,361472,31.084381103515625,36,0.5767000000000466
7553,361472,20.610755920410156,26,0.5767000000000466
7554,361472,32.733253479003906,38,0.5767000000000466
7555,361472,57.98692321777344,63,0.5767000000000466
7556,361728,62.975746154785156,69,0.5764000000000467
7557,361728,55.47081756591797,61,0.5764000000000467
7558,361728,40.96745300292969,46,0.5764000000000467
7559,361728,51.19810485839844,59,0.5764000000000467
7560,361728,21.6571102142334,27,0.5764000000000467
7561,361984,35.25492477416992,40,0.5761000000000467
7562,361984,38.82622146606445,44,0.5761000000000467
7563,361984,38.34354782104492,44,0.5761000000000467
7564,362240,16.109420776367188,21,0.5758000000000467
7565,362240,32.734886169433594,38,0.5758000000000467
7566,362240,30.4459171295166,35,0.5758000000000467
7567,362240,34.03429412841797,39,0.5758000000000467
7568,362496,33.6179084777832,39,0.5755000000000468
7569,362496,40.8896598815918,46,0.5755000000000468
7570,362496,61.54355239868164,67,0.5755000000000468
7571,362496,19.71892547607422,25,0.5755000000000468
7572,362752,51.45714569091797,57,0.5752000000000468
7573,362752,23.867984771728516,29,0.5752000000000468
7574,362752,15.050036430358887,20,0.5752000000000468
7575,362752,24.09051513671875,29,0.5752000000000468
7576,363008,25.510482788085938,31,0.5749000000000468
7577,363008,91.60613250732422,98,0.5749000000000468
7578,363008,75.93397521972656,82,0.5749000000000468
7579,363008,25.024612426757812,30,0.5749000000000468
7580,363008,36.196632385253906,41,0.5749000000000468
7581,363008,34.991905212402344,40,0.5749000000000468
7582,363264,106.87007141113281,113,0.5746000000000469
7583,363264,46.7091064453125,52,0.5746000000000469
7584,363264,168.5390625,175,0.5746000000000469
7585,363264,84.89344024658203,91,0.5746000000000469
7586,363264,49.758026123046875,55,0.5746000000000469
7587,363264,48.923709869384766,54,0.5746000000000469
7588,363520,34.506080627441406,40,0.5743000000000469
7589,363520,23.010021209716797,28,0.5743000000000469
7590,363520,22.937679290771484,28,0.5743000000000469
7591,363776,60.36362838745117,66,0.5740000000000469
7592,363776,34.97528076171875,40,0.5740000000000469
7593,363776,15.277120590209961,20,0.5740000000000469
7594,363776,38.8961296081543,44,0.5740000000000469
7595,363776,39.999855041503906,45,0.5740000000000469
7596,363776,38.175437927246094,43,0.5740000000000469
7597,363776,18.025859832763672,23,0.5740000000000469
7598,363776,52.524375915527344,60,0.5740000000000469
7599,364032,33.21783447265625,38,0.573700000000047
7600,364032,65.47628021240234,71,0.573700000000047
7601,364032,17.167888641357422,22,0.573700000000047
7602,364032,52.7103385925293,58,0.573700000000047
7603,364032,15.019524574279785,20,0.573700000000047
7604,364032,19.05082130432129,24,0.573700000000047
7605,364032,26.141834259033203,31,0.573700000000047
7606,364032,48.69953536987305,54,0.573700000000047
7607,364032,18.795856475830078,24,0.573700000000047
7608,364032,43.99351501464844,49,0.573700000000047
7609,364032,27.77740478515625,33,0.573700000000047
7610,364288,125.00153350830078,131,0.573400000000047
7611,364288,29.78940773010254,35,0.573400000000047
7612,364288,34.16387939453125,39,0.573400000000047
7613,364544,41.57537078857422,47,0.573100000000047
7614,364544,45.913883209228516,51,0.573100000000047
7615,364544,34.67478561401367,40,0.573100000000047
7616,364544,22.81743812561035,28,0.573100000000047
7617,364544,17.26793098449707,22,0.573100000000047
7618,364544,22.948749542236328,28,0.573100000000047
7619,364544,84.82804107666016,91,0.573100000000047
7620,364544,221.9424591064453,229,0.573100000000047
7621,364800,22.804893493652344,28,0.572800000000047
7622,364800,27.913179397583008,33,0.572800000000047
7623,364800,23.61267852783203,29,0.572800000000047
7624,364800,48.979984283447266,54,0.572800000000047
7625,365056,31.805620193481445,37,0.5725000000000471
7626,365056,62.32987594604492,68,0.5725000000000471
7627,365056,34.0275993347168,39,0.5725000000000471
7628,365056,90.365966796875,96,0.5725000000000471
7629,365056,16.919166564941406,22,0.5725000000000471
7630,365312,16.89801025390625,22,0.5722000000000471
7631,365312,70.15445709228516,76,0.5722000000000471
7632,365312,31.451610565185547,37,0.5722000000000471
7633,365312,17.102752685546875,22,0.5722000000000471
7634,365312,55.569278717041016,61,0.5722000000000471
7635,365312,37.708431243896484,43,0.5722000000000471
7636,365568,52.00684356689453,57,0.5719000000000471
7637,365568,21.677780151367188,27,0.5719000000000471
7638,365568,55.501014709472656,61,0.5719000000000471
7639,365568,27.827808380126953,33,0.5719000000000471
7640,365568,47.77662658691406,53,0.5719000000000471
7641,365568,55.16996383666992,60,0.5719000000000471
7642,365824,51.655418395996094,57,0.5716000000000472
7643,365824,47.33976364135742,53,0.5716000000000472
7644,365824,13.145797729492188,18,0.5716000000000472
7645,365824,43.82217025756836,49,0.5716000000000472
7646,365824,40.678627014160156,46,0.5716000000000472
7647,365824,53.703025817871094,59,0.5716000000000472
7648,366080,40.8287353515625,46,0.5713000000000472
7649,366080,39.022705078125,44,0.5713000000000472
7650,366336,33.9977912902832,39,0.5710000000000472
7651,366336,39.87775421142578,45,0.5710000000000472
7652,366336,47.92453384399414,53,0.5710000000000472
7653,366336,45.66863250732422,51,0.5710000000000472
7654,366336,66.41355895996094,72,0.5710000000000472
7655,366336,77.98755645751953,85,0.5710000000000472
7656,366336,36.06563949584961,41,0.5710000000000472
7657,366592,28.961626052856445,34,0.5707000000000473
7658,366592,37.908172607421875,43,0.5707000000000473
7659,366592,45.90176773071289,51,0.5707000000000473
7660,366592,39.23347091674805,45,0.5707000000000473
7661,366848,31.49604034423828,37,0.5704000000000473
7662,366848,52.87057876586914,58,0.5704000000000473
7663,366848,41.09178161621094,46,0.5704000000000473
7664,366848,25.127077102661133,30,0.5704000000000473
7665,366848,22.747835159301758,28,0.5704000000000473
7666,366848,25.52120018005371,31,0.5704000000000473
7667,367104,36.40427017211914,42,0.5701000000000473
7668,367104,53.802223205566406,59,0.5701000000000473
7669,367104,40.88880920410156,46,0.5701000000000473
7670,367104,43.794002532958984,49,0.5701000000000473
7671,367104,28.292997360229492,34,0.5701000000000473
7672,367360,23.286144256591797,29,0.5698000000000474
7673,367360,30.492456436157227,35,0.5698000000000474
7674,367360,43.83064651489258,49,0.5698000000000474
7675,367616,22.664236068725586,28,0.5695000000000474
7676,367616,27.167922973632812,32,0.5695000000000474
7677,367616,33.871177673339844,39,0.5695000000000474
7678,367872,28.0025634765625,33,0.5692000000000474
7679,368128,33.747703552246094,39,0.5689000000000475
7680,368128,22.59311866760254,28,0.5689000000000475
7681,368128,34.87894058227539,40,0.5689000000000475
7682,368128,30.727434158325195,36,0.5689000000000475
7683,368128,50.736331939697266,56,0.5689000000000475
7684,368128,23.959508895874023,29,0.5689000000000475
7685,368128,46.75312042236328,52,0.5689000000000475
7686,368128,59.900001525878906,65,0.5689000000000475
7687,368384,23.641677856445312,28,0.5686000000000475
7688,368384,32.209346771240234,38,0.5686000000000475
7689,368384,17.898164749145508,23,0.5686000000000475
7690,368384,25.453411102294922,31,0.5686000000000475
7691,368384,37.48655319213867,43,0.5686000000000475
7692,368640,28.24417495727539,34,0.5683000000000475
7693,368640,84.98955535888672,91,0.5683000000000475
7694,368640,28.681798934936523,34,0.5683000000000475
7695,368640,19.681238174438477,25,0.5683000000000475
7696,368640,19.996402740478516,25,0.5683000000000475
7697,368640,57.3432731628418,63,0.5683000000000475
7698,368640,40.51332473754883,46,0.5683000000000475
7699,368896,17.912212371826172,23,0.5680000000000476
7700,368896,32.681396484375,38,0.5680000000000476
7701,368896,46.2056770324707,52,0.5680000000000476
7702,368896,30.878311157226562,36,0.5680000000000476
7703,368896,27.80572509765625,33,0.5680000000000476
7704,368896,42.120384216308594,47,0.5680000000000476
7705,368896,32.80248260498047,38,0.5680000000000476
7706,369152,50.38780212402344,56,0.5677000000000476
7707,369152,27.66275405883789,33,0.5677000000000476
7708,369152,34.694854736328125,40,0.5677000000000476
7709,369152,23.720783233642578,29,0.5677000000000476
7710,369152,28.721195220947266,34,0.5677000000000476
7711,369408,36.08283233642578,41,0.5674000000000476
7712,369408,58.196372985839844,64,0.5674000000000476
7713,369408,18.901498794555664,24,0.5674000000000476
7714,369408,34.74953842163086,40,0.5674000000000476
7715,369664,26.729917526245117,32,0.5671000000000477
7716,369664,40.69145202636719,46,0.5671000000000477
7717,369664,17.873916625976562,23,0.5671000000000477
7718,369920,57.42146682739258,63,0.5668000000000477
7719,369920,41.72427749633789,47,0.5668000000000477
7720,369920,26.809614181518555,32,0.5668000000000477
7721,370176,42.81654357910156,48,0.5665000000000477
7722,370176,34.754459381103516,40,0.5665000000000477
7723,370176,28.78769302368164,34,0.5665000000000477
7724,370176,29.599939346313477,35,0.5665000000000477
7725,370176,26.875642776489258,32,0.5665000000000477
7726,370432,71.20819091796875,77,0.5662000000000478
7727,370432,31.425994873046875,37,0.5662000000000478
7728,370432,43.7518196105957,49,0.5662000000000478
7729,370432,40.67673873901367,46,0.5662000000000478
7730,370688,55.39994812011719,61,0.5659000000000478
7731,370688,23.818710327148438,29,0.5659000000000478
7732,370944,39.5059700012207,45,0.5656000000000478
7733,370944,46.99617385864258,52,0.5656000000000478
7734,370944,31.91433334350586,37,0.5656000000000478
7735,371200,35.65480041503906,41,0.5653000000000479
7736,371200,44.40422821044922,50,0.5653000000000479
7737,371200,32.528404235839844,38,0.5653000000000479
7738,371200,50.32151412963867,56,0.5653000000000479
7739,371200,20.664640426635742,26,0.5653000000000479
7740,371200,38.75612258911133,44,0.5653000000000479
7741,371200,65.37063598632812,72,0.5653000000000479
7742,371200,36.379398345947266,42,0.5653000000000479
7743,371200,45.48282241821289,51,0.5653000000000479
7744,371456,23.899459838867188,29,0.5650000000000479
7745,371456,27.533414840698242,33,0.5650000000000479
7746,371456,22.777469635009766,28,0.5650000000000479
7747,371456,21.552204132080078,26,0.5650000000000479
7748,371456,25.449928283691406,31,0.5650000000000479
7749,371712,26.640594482421875,32,0.5647000000000479
7750,371712,24.695491790771484,30,0.5647000000000479
7751,371712,49.861209869384766,55,0.5647000000000479
7752,371712,31.629539489746094,37,0.5647000000000479
7753,371712,90.32677459716797,96,0.5647000000000479
7754,371712,57.72966766357422,63,0.5647000000000479
7755,371712,64.1158447265625,70,0.5647000000000479
7756,371712,24.548358917236328,30,0.5647000000000479
7757,371712,65.2513198852539,71,0.5647000000000479
7758,371968,62.12533950805664,68,0.564400000000048
7759,371968,50.30674362182617,56,0.564400000000048
7760,371968,55.40890121459961,61,0.564400000000048
7761,371968,18.854400634765625,24,0.564400000000048
7762,371968,40.30064010620117,46,0.564400000000048
7763,372224,76.44155883789062,82,0.564100000000048
7764,372224,44.96909713745117,50,0.564100000000048
7765,372224,29.442161560058594,35,0.564100000000048
7766,372224,108.84577941894531,115,0.564100000000048
7767,372224,36.98219299316406,42,0.564100000000048
7768,372224,39.03750228881836,44,0.564100000000048
7769,372224,76.26422882080078,82,0.564100000000048
7770,372480,20.92626953125,26,0.563800000000048
7771,372480,22.814674377441406,28,0.563800000000048
7772,372480,27.51795768737793,33,0.563800000000048
7773,372480,32.83010482788086,38,0.563800000000048
7774,372736,51.65449142456055,57,0.5635000000000481
7775,372736,48.47654342651367,54,0.5635000000000481
7776,372736,65.27574157714844,71,0.5635000000000481
7777,372736,21.750900268554688,27,0.5635000000000481
7778,372736,26.347976684570312,32,0.5635000000000481
7779,372736,53.739501953125,59,0.5635000000000481
7780,372736,36.74829864501953,42,0.5635000000000481
7781,372736,27.683637619018555,33,0.5635000000000481
7782,372736,18.617328643798828,24,0.5635000000000481
7783,372992,73.11621856689453,79,0.5632000000000481
7784,372992,20.691936492919922,26,0.5632000000000481
7785,372992,49.75522994995117,55,0.5632000000000481
7786,373248,31.926342010498047,37,0.5629000000000481
7787,373248,78.23706817626953,86,0.5629000000000481
7788,373248,66.49060821533203,72,0.5629000000000481
7789,373504,67.9773941040039,73,0.5626000000000482
7790,373504,45.347137451171875,51,0.5626000000000482
7791,373504,32.764366149902344,38,0.5626000000000482
7792,373504,36.53437042236328,42,0.5626000000000482
7793,373504,91.90754699707031,98,0.5626000000000482
7794,373504,65.64065551757812,71,0.5626000000000482
7795,373504,31.652236938476562,37,0.5626000000000482
7796,373760,59.693851470947266,65,0.5623000000000482
7797,373760,48.403995513916016,54,0.5623000000000482
7798,373760,35.049827575683594,40,0.5623000000000482
7799,373760,21.622961044311523,27,0.5623000000000482
7800,373760,33.583457946777344,39,0.5623000000000482
7801,373760,40.7872428894043,46,0.5623000000000482
7802,373760,28.602962493896484,34,0.5623000000000482
7803,374016,24.71531105041504,30,0.5620000000000482
7804,374016,16.031896591186523,21,0.5620000000000482
7805,374016,33.4635009765625,39,0.5620000000000482
7806,374016,36.6810188293457,42,0.5620000000000482
7807,374016,42.701358795166016,48,0.5620000000000482
7808,374016,51.666160583496094,57,0.5620000000000482
7809,374016,54.841915130615234,60,0.5620000000000482
7810,374272,35.857540130615234,41,0.5617000000000483
7811,374272,49.92237091064453,55,0.5617000000000483
7812,374272,79.76742553710938,86,0.5617000000000483
7813,374272,57.66338348388672,63,0.5617000000000483
7814,374272,56.46461868286133,62,0.5617000000000483
7815,374528,52.49024963378906,58,0.5614000000000483
7816,374528,27.022987365722656,32,0.5614000000000483
7817,374528,27.008392333984375,32,0.5614000000000483
7818,374784,30.140121459960938,35,0.5611000000000483
7819,374784,22.715190887451172,28,0.5611000000000483
7820,374784,62.303470611572266,68,0.5611000000000483
7821,374784,50.44096374511719,56,0.5611000000000483
7822,374784,36.87678527832031,42,0.5611000000000483
7823,375040,28.714954376220703,34,0.5608000000000484
7824,375040,31.468578338623047,37,0.5608000000000484
7825,375040,21.997468948364258,27,0.5608000000000484
7826,375040,72.96072387695312,79,0.5608000000000484
7827,375040,26.772872924804688,32,0.5608000000000484
7828,375040,18.881649017333984,24,0.5608000000000484
7829,375296,61.4371337890625,67,0.5605000000000484
7830,375296,39.05172348022461,44,0.5605000000000484
7831,375296,25.14154815673828,30,0.5605000000000484
7832,375296,55.856178283691406,61,0.5605000000000484
7833,375296,42.22295379638672,48,0.5605000000000484
7834,375296,25.697450637817383,31,0.5605000000000484
7835,375296,47.80322265625,53,0.5605000000000484
7836,375296,54.2236442565918,59,0.5605000000000484
7837,375296,39.11960220336914,44,0.5605000000000484
7838,375296,19.750123977661133,25,0.5605000000000484
7839,375552,44.017791748046875,49,0.5602000000000484
7840,375552,60.932701110839844,67,0.5602000000000484
7841,375552,23.856285095214844,29,0.5602000000000484
7842,375808,66.38128662109375,72,0.5599000000000485
7843,375808,32.706275939941406,38,0.5599000000000485
7844,375808,36.02357482910156,41,0.5599000000000485
7845,375808,80.33382415771484,86,0.5599000000000485
7846,375808,82.6082763671875,88,0.5599000000000485
7847,375808,40.692901611328125,46,0.5599000000000485
7848,376064,80.98384094238281,88,0.5596000000000485
7849,376064,50.93452072143555,56,0.5596000000000485
7850,376064,14.267629623413086,19,0.5596000000000485
7851,376064,32.63469314575195,38,0.5596000000000485
7852,376064,54.75160217285156,60,0.5596000000000485
7853,376064,35.67246627807617,41,0.5596000000000485
7854,376320,23.266231536865234,28,0.5593000000000485
7855,376320,55.293701171875,61,0.5593000000000485
7856,376320,46.862632751464844,52,0.5593000000000485
7857,376320,68.18342590332031,74,0.5593000000000485
7858,376576,32.8311653137207,38,0.5590000000000486
7859,376576,44.88179016113281,50,0.5590000000000486
7860,376576,44.989768981933594,50,0.5590000000000486
7861,376576,39.201507568359375,44,0.5590000000000486
7862,376576,23.67246437072754,29,0.5590000000000486
7863,376576,72.63941955566406,78,0.5590000000000486
7864,376576,37.86307144165039,43,0.5590000000000486
7865,376832,34.3514518737793,40,0.5587000000000486
7866,377088,20.968700408935547,26,0.5584000000000486
7867,377088,29.69448471069336,35,0.5584000000000486
7868,377088,55.571441650390625,61,0.5584000000000486
7869,377088,43.40907669067383,49,0.5584000000000486
7870,377088,18.20372772216797,23,0.5584000000000486
7871,377088,55.51913833618164,61,0.5584000000000486
7872,377344,42.46397399902344,48,0.5581000000000487
7873,377344,69.36884307861328,76,0.5581000000000487
7874,377344,40.729312896728516,46,0.5581000000000487
7875,377600,17.770748138427734,23,0.5578000000000487
7876,377600,29.95064353942871,35,0.5578000000000487
7877,377600,92.88227844238281,99,0.5578000000000487
7878,377600,37.06245422363281,42,0.5578000000000487
7879,377600,31.07021713256836,37,0.5578000000000487
7880,377856,17.766836166381836,23,0.5575000000000487
7881,377856,24.90228843688965,30,0.5575000000000487
7882,377856,111.64594268798828,118,0.5575000000000487
7883,377856,51.161895751953125,57,0.5575000000000487
7884,377856,59.301734924316406,65,0.5575000000000487
7885,377856,28.664695739746094,34,0.5575000000000487
7886,378112,54.82201385498047,60,0.5572000000000488
7887,378112,45.84431457519531,51,0.5572000000000488
7888,378112,40.166255950927734,45,0.5572000000000488
7889,378112,32.48887252807617,38,0.5572000000000488
7890,378112,60.467288970947266,66,0.5572000000000488
7891,378112,43.78351593017578,49,0.5572000000000488
7892,378112,111.56880950927734,118,0.5572000000000488
7893,378368,37.532142639160156,43,0.5569000000000488
7894,378368,56.55875015258789,62,0.5569000000000488
7895,378368,93.69203186035156,100,0.5569000000000488
7896,378368,32.66550827026367,38,0.5569000000000488
7897,378624,36.08094024658203,41,0.5566000000000488
7898,378624,25.700077056884766,31,0.5566000000000488
7899,378624,33.58732986450195,39,0.5566000000000488
7900,378880,62.6639289855957,68,0.5563000000000489
7901,378880,29.816484451293945,35,0.5563000000000489
7902,378880,15.916641235351562,21,0.5563000000000489
7903,378880,40.57217788696289,46,0.5563000000000489
7904,378880,24.04806900024414,29,0.5563000000000489
7905,379136,121.49205017089844,128,0.5560000000000489
7906,379136,43.85095977783203,49,0.5560000000000489
7907,379136,82.52039337158203,89,0.5560000000000489
7908,379136,21.631608963012695,27,0.5560000000000489
7909,379392,52.167232513427734,58,0.5557000000000489
7910,379392,52.66939163208008,58,0.5557000000000489
7911,379392,46.05000686645508,51,0.5557000000000489
7912,379392,93.17232513427734,99,0.5557000000000489
7913,379392,24.077152252197266,29,0.5557000000000489
7914,379392,24.369792938232422,30,0.5557000000000489
7915,379392,16.909366607666016,22,0.5557000000000489
7916,379392,49.47021484375,55,0.5557000000000489
7917,379648,48.5220947265625,54,0.555400000000049
7918,379648,41.905147552490234,47,0.555400000000049
7919,379648,113.4757080078125,120,0.555400000000049
7920,379648,55.839298248291016,61,0.555400000000049
7921,379648,31.6578369140625,37,0.555400000000049
7922,379904,55.53373718261719,61,0.555100000000049
7923,379904,61.286598205566406,69,0.555100000000049
7924,379904,29.273473739624023,34,0.555100000000049
7925,379904,39.755706787109375,45,0.555100000000049
7926,379904,26.53497314453125,32,0.555100000000049
7927,379904,27.51881217956543,33,0.555100000000049
7928,380160,24.951047897338867,30,0.554800000000049
7929,380160,35.9545783996582,42,0.554800000000049
7930,380160,23.778533935546875,29,0.554800000000049
7931,380160,22.998931884765625,28,0.554800000000049
7932,380160,40.43794631958008,46,0.554800000000049
7933,380160,30.847126007080078,36,0.554800000000049
7934,380160,44.48667907714844,50,0.554800000000049
7935,380160,61.07538604736328,67,0.554800000000049
7936,380416,64.3153305053711,70,0.5545000000000491
7937,380416,46.502960205078125,52,0.5545000000000491
7938,380416,53.755313873291016,59,0.5545000000000491
7939,380672,82.23653411865234,88,0.5542000000000491
7940,380672,17.048667907714844,22,0.5542000000000491
7941,380672,26.04815673828125,31,0.5542000000000491
7942,380672,37.75505447387695,43,0.5542000000000491
7943,380928,17.76111602783203,23,0.5539000000000491
7944,381184,22.04867172241211,27,0.5536000000000492
7945,381184,45.679012298583984,51,0.5536000000000492
7946,381184,44.14724349975586,49,0.5536000000000492
7947,381184,23.97193717956543,29,0.5536000000000492
7948,381184,44.8121337890625,50,0.5536000000000492
7949,381184,42.687068939208984,48,0.5536000000000492
7950,381184,24.76521110534668,30,0.5536000000000492
7951,381440,42.3521614074707,48,0.5533000000000492
7952,381440,22.51055335998535,28,0.5533000000000492
7953,381440,19.63840103149414,25,0.5533000000000492
7954,381440,97.94396209716797,104,0.5533000000000492
7955,381440,17.130950927734375,22,0.5533000000000492
7956,381696,42.264549255371094,48,0.5530000000000492
7957,381696,147.08883666992188,154,0.5530000000000492
7958,381696,36.797420501708984,42,0.5530000000000492
7959,381696,61.083831787109375,67,0.5530000000000492
7960,381696,29.99043083190918,35,0.5530000000000492
7961,381696,17.17559814453125,22,0.5530000000000492
7962,381952,48.363128662109375,54,0.5527000000000493
7963,381952,70.16889190673828,76,0.5527000000000493
7964,382208,114.06327056884766,121,0.5524000000000493
7965,382208,18.71919822692871,24,0.5524000000000493
7966,382208,32.346763610839844,38,0.5524000000000493
7967,382208,18.828758239746094,24,0.5524000000000493
7968,382208,36.544044494628906,42,0.5524000000000493
7969,382208,23.442502975463867,29,0.5524000000000493
7970,382208,26.94260597229004,32,0.5524000000000493
7971,382464,55.4407844543457,61,0.5521000000000493
7972,382464,26.977657318115234,32,0.5521000000000493
7973,382464,29.527517318725586,35,0.5521000000000493
7974,382464,85.40729522705078,91,0.5521000000000493
7975,382720,19.640087127685547,25,0.5518000000000494
7976,382720,25.526777267456055,31,0.5518000000000494
7977,382976,50.29249572753906,56,0.5515000000000494
7978,382976,31.450035095214844,37,0.5515000000000494
7979,382976,48.13261795043945,54,0.5515000000000494
7980,382976,32.075618743896484,37,0.5515000000000494
7981,382976,17.98419761657715,23,0.5515000000000494
7982,382976,37.77489471435547,43,0.5515000000000494
7983,382976,46.66627883911133,52,0.5515000000000494
7984,383232,38.38600540161133,44,0.5512000000000494
7985,383232,57.1104621887207,63,0.5512000000000494
7986,383232,61.41283416748047,67,0.5512000000000494
7987,383232,37.931732177734375,43,0.5512000000000494
7988,383232,29.52981948852539,35,0.5512000000000494
7989,383232,67.3375473022461,73,0.5512000000000494
7990,383488,42.02295684814453,47,0.5509000000000495
7991,383488,40.465694427490234,46,0.5509000000000495
7992,383488,44.553470611572266,50,0.5509000000000495
7993,383488,14.232013702392578,19,0.5509000000000495
7994,383488,16.93136978149414,22,0.5509000000000495
7995,383488,167.86012268066406,175,0.5509000000000495
7996,383488,21.199066162109375,26,0.5509000000000495
7997,383488,34.791561126708984,40,0.5509000000000495
7998,383744,52.469966888427734,58,0.5506000000000495
7999,383744,76.2791976928711,82,0.5506000000000495
8000,383744,56.66200637817383,62,0.5506000000000495
8001,383744,38.46166229248047,44,0.5506000000000495
8002,383744,30.981861114501953,36,0.5506000000000495
8003,383744,29.703536987304688,35,0.5506000000000495
8004,384000,27.578367233276367,33,0.5503000000000495
8005,384000,60.758392333984375,66,0.5503000000000495
8006,384000,33.49946594238281,39,0.5503000000000495
8007,384000,56.41910934448242,62,0.5503000000000495
8008,384256,14.934514999389648,20,0.5500000000000496
8009,384256,43.95872116088867,49,0.5500000000000496
8010,384256,97.95744323730469,104,0.5500000000000496
8011,384256,43.97330093383789,49,0.5500000000000496
8012,384512,37.943458557128906,43,0.5497000000000496
8013,384512,51.69862365722656,57,0.5497000000000496
8014,384512,30.923486709594727,36,0.5497000000000496
8015,384512,46.78940200805664,52,0.5497000000000496
8016,384512,30.750932693481445,36,0.5497000000000496
8017,384512,30.935569763183594,36,0.5497000000000496
8018,384512,20.656702041625977,26,0.5497000000000496
8019,384512,55.720088958740234,61,0.5497000000000496
8020,384512,35.61542892456055,41,0.5497000000000496
8021,384512,14.984248161315918,20,0.5497000000000496
8022,384768,29.798118591308594,35,0.5494000000000496
8023,384768,22.65437889099121,28,0.5494000000000496
8024,384768,43.90026092529297,49,0.5494000000000496
8025,384768,68.42050170898438,74,0.5494000000000496
8026,384768,19.089969635009766,24,0.5494000000000496
8027,384768,55.00052261352539,60,0.5494000000000496
8028,384768,20.77190589904785,26,0.5494000000000496
8029,384768,46.02339172363281,51,0.5494000000000496
8030,384768,58.67275619506836,64,0.5494000000000496
8031,384768,50.70754623413086,56,0.5494000000000496
8032,384768,64.57315063476562,70,0.5494000000000496
8033,385024,33.76057434082031,39,0.5491000000000497
8034,385024,48.83957290649414,54,0.5491000000000497
8035,385024,73.65172576904297,80,0.5491000000000497
8036,385024,73.49686431884766,79,0.5491000000000497
8037,385024,91.27906036376953,98,0.5491000000000497
8038,385024,48.62010192871094,54,0.5491000000000497
8039,385280,39.10123825073242,44,0.5488000000000497
8040,385280,43.663185119628906,49,0.5488000000000497
8041,385280,73.64691162109375,80,0.5488000000000497
8042,385280,39.809757232666016,45,0.5488000000000497
8043,385280,31.427011489868164,37,0.5488000000000497
8044,385280,46.6978759765625,52,0.5488000000000497
8045,385280,17.933685302734375,23,0.5488000000000497
8046,385536,51.44084167480469,57,0.5485000000000497
8047,385536,45.87079620361328,51,0.5485000000000497
8048,385536,44.727569580078125,50,0.5485000000000497
8049,385536,60.573062896728516,66,0.5485000000000497
8050,385792,16.27069664001465,21,0.5482000000000498
8051,385792,55.269718170166016,61,0.5482000000000498
8052,385792,21.57329750061035,27,0.5482000000000498
8053,385792,30.748245239257812,36,0.5482000000000498
8054,385792,28.85898780822754,34,0.5482000000000498
8055,386048,32.53599166870117,38,0.5479000000000498
8056,386048,33.40357971191406,39,0.5479000000000498
8057,386304,62.721771240234375,68,0.5476000000000498
8058,386304,53.50657272338867,59,0.5476000000000498
8059,386304,78.37725830078125,84,0.5476000000000498
8060,386304,27.52246856689453,33,0.5476000000000498
8061,386304,47.696266174316406,53,0.5476000000000498
8062,386304,26.604581832885742,32,0.5476000000000498
8063,386304,19.139503479003906,24,0.5476000000000498
8064,386304,53.675323486328125,59,0.5476000000000498
8065,386304,84.3054428100586,90,0.5476000000000498
8066,386304,35.5941047668457,41,0.5476000000000498
8067,386304,57.627418518066406,63,0.5476000000000498
8068,386560,38.91661071777344,44,0.5473000000000499
8069,386560,19.949195861816406,25,0.5473000000000499
8070,386560,30.11684226989746,35,0.5473000000000499
8071,386560,15.91623592376709,21,0.5473000000000499
8072,386560,20.584671020507812,26,0.5473000000000499
8073,386560,29.472057342529297,35,0.5473000000000499
8074,386816,25.799388885498047,31,0.5470000000000499
8075,386816,29.410341262817383,35,0.5470000000000499
8076,386816,39.455806732177734,45,0.5470000000000499
8077,386816,40.71625518798828,46,0.5470000000000499
8078,387072,52.599021911621094,58,0.5467000000000499
8079,387072,21.57424545288086,27,0.5467000000000499
8080,387072,43.409095764160156,49,0.5467000000000499
8081,387072,49.51997375488281,55,0.5467000000000499
8082,387072,31.44167709350586,37,0.5467000000000499
8083,387072,21.81915283203125,27,0.5467000000000499
8084,387328,41.61266326904297,47,0.54640000000005
8085,387328,47.440391540527344,53,0.54640000000005
8086,387328,80.62545013427734,87,0.54640000000005
8087,387328,79.71868133544922,86,0.54640000000005
8088,387584,30.66468048095703,36,0.54610000000005
8089,387584,31.36357879638672,37,0.54610000000005
8090,387584,34.592193603515625,40,0.54610000000005
8091,387840,20.57898712158203,26,0.54580000000005
8092,387840,80.64785766601562,87,0.54580000000005
8093,387840,74.1002426147461,81,0.54580000000005
8094,387840,64.74142456054688,71,0.54580000000005
8095,387840,31.602121353149414,37,0.54580000000005
8096,388096,25.621334075927734,31,0.5455000000000501
8097,388096,37.96297073364258,43,0.5455000000000501
8098,388096,34.91914367675781,40,0.5455000000000501
8099,388352,49.5993766784668,57,0.5452000000000501
8100,388352,42.602115631103516,48,0.5452000000000501
8101,388352,59.21009826660156,65,0.5452000000000501
8102,388352,31.16957664489746,37,0.5452000000000501
8103,388352,105.67976379394531,111,0.5452000000000501
8104,388608,21.500625610351562,27,0.5449000000000501
8105,388608,52.35443115234375,58,0.5449000000000501
8106,388608,20.8105525970459,26,0.5449000000000501
8107,388608,25.7782039642334,31,0.5449000000000501
8108,388608,29.39450454711914,35,0.5449000000000501
8109,388608,33.33494186401367,39,0.5449000000000501
8110,388864,59.345237731933594,65,0.5446000000000502
8111,388864,31.782438278198242,37,0.5446000000000502
8112,389120,44.966278076171875,50,0.5443000000000502
8113,389376,54.34593963623047,60,0.5440000000000502
8114,389376,51.35392761230469,57,0.5440000000000502
8115,389376,17.812353134155273,23,0.5440000000000502
8116,389376,54.400787353515625,60,0.5440000000000502
8117,389376,89.0495376586914,95,0.5440000000000502
8118,389632,50.34129333496094,56,0.5437000000000503
8119,389632,60.5910758972168,66,0.5437000000000503
8120,389632,39.034698486328125,44,0.5437000000000503
8121,389888,160.76031494140625,168,0.5434000000000503
8122,389888,21.5093936920166,27,0.5434000000000503
8123,389888,34.87366485595703,40,0.5434000000000503
8124,389888,95.76200866699219,102,0.5434000000000503
8125,389888,70.33113098144531,76,0.5434000000000503
8126,389888,110.57449340820312,117,0.5434000000000503
8127,389888,20.820499420166016,26,0.5434000000000503
8128,389888,60.84211730957031,67,0.5434000000000503
8129,389888,33.79106140136719,39,0.5434000000000503
8130,390144,58.088016510009766,64,0.5431000000000503
8131,390144,45.693702697753906,51,0.5431000000000503
8132,390144,42.51655197143555,48,0.5431000000000503
8133,390144,24.849782943725586,30,0.5431000000000503
8134,390144,67.27766418457031,73,0.5431000000000503
8135,390144,58.54667282104492,66,0.5431000000000503
8136,390144,29.53455924987793,35,0.5431000000000503
8137,390144,47.62386703491211,53,0.5431000000000503
8138,390400,23.476238250732422,29,0.5428000000000504
8139,390400,35.407257080078125,41,0.5428000000000504
8140,390400,20.761306762695312,26,0.5428000000000504
8141,390400,18.92569351196289,24,0.5428000000000504
8142,390400,28.818260192871094,34,0.5428000000000504
8143,390656,49.76935577392578,55,0.5425000000000504
8144,390656,54.500205993652344,60,0.5425000000000504
8145,390656,25.281543731689453,30,0.5425000000000504
8146,390656,31.21816062927246,36,0.5425000000000504
8147,390656,49.81831741333008,55,0.5425000000000504
8148,390656,37.674232482910156,43,0.5425000000000504
8149,390656,20.747716903686523,26,0.5425000000000504
8150,390656,39.275699615478516,45,0.5425000000000504
8151,390912,67.25701904296875,73,0.5422000000000504
8152,390912,31.638233184814453,37,0.5422000000000504
8153,390912,33.568363189697266,39,0.5422000000000504
8154,390912,17.998760223388672,23,0.5422000000000504
8155,390912,18.762784957885742,24,0.5422000000000504
8156,391168,57.55961990356445,63,0.5419000000000505
8157,391168,35.85991668701172,41,0.5419000000000505
8158,391168,43.136470794677734,48,0.5419000000000505
8159,391168,22.66973304748535,28,0.5419000000000505
8160,391168,58.58930587768555,64,0.5419000000000505
8161,391424,46.49501419067383,52,0.5416000000000505
8162,391424,80.27222442626953,86,0.5416000000000505
8163,391424,42.83428955078125,48,0.5416000000000505
8164,391424,49.57158279418945,55,0.5416000000000505
8165,391424,55.28250503540039,61,0.5416000000000505
8166,391424,33.59950256347656,39,0.5416000000000505
8167,391424,40.07441711425781,45,0.5416000000000505
8168,391680,205.93341064453125,214,0.5413000000000505
8169,391680,53.815853118896484,59,0.5413000000000505
8170,391680,120.96000671386719,127,0.5413000000000505
8171,391680,16.953327178955078,22,0.5413000000000505
8172,391680,26.422292709350586,32,0.5413000000000505
8173,391680,74.62006378173828,80,0.5413000000000505
8174,391680,53.54969787597656,59,0.5413000000000505
8175,391680,21.64124298095703,27,0.5413000000000505
8176,391680,31.566606521606445,37,0.5413000000000505
8177,391936,29.789608001708984,35,0.5410000000000506
8178,391936,52.78648376464844,58,0.5410000000000506
8179,391936,24.513566970825195,30,0.5410000000000506
8180,391936,40.659263610839844,46,0.5410000000000506
8181,392192,27.87299156188965,33,0.5407000000000506
8182,392192,55.45389938354492,61,0.5407000000000506
8183,392192,33.648494720458984,39,0.5407000000000506
8184,392192,35.8621940612793,41,0.5407000000000506
8185,392192,59.49004364013672,65,0.5407000000000506
8186,392448,45.593990325927734,51,0.5404000000000506
8187,392448,53.51689529418945,59,0.5404000000000506
8188,392448,41.79742431640625,47,0.5404000000000506
8189,392448,29.914430618286133,35,0.5404000000000506
8190,392448,36.148399353027344,42,0.5404000000000506
8191,392448,37.63674545288086,43,0.5404000000000506
8192,392448,42.47138977050781,48,0.5404000000000506
8193,392448,45.6666259765625,51,0.5404000000000506
8194,392704,26.916027069091797,32,0.5401000000000507
8195,392704,26.382190704345703,32,0.5401000000000507
8196,392704,60.170433044433594,66,0.5401000000000507
8197,392704,21.63299560546875,27,0.5401000000000507
8198,392704,18.83636474609375,24,0.5401000000000507
8199,392960,22.68174934387207,28,0.5398000000000507
8200,392960,23.918020248413086,29,0.5398000000000507
8201,392960,40.60829162597656,46,0.5398000000000507
8202,393216,25.935670852661133,31,0.5395000000000507
8203,393216,61.43794631958008,67,0.5395000000000507
8204,393216,31.379253387451172,37,0.5395000000000507
8205,393216,18.868743896484375,24,0.5395000000000507
8206,393216,30.754281997680664,36,0.5395000000000507
8207,393216,36.213340759277344,42,0.5395000000000507
8208,393216,28.650733947753906,34,0.5395000000000507
8209,393216,24.595321655273438,30,0.5395000000000507
8210,393472,20.55138397216797,26,0.5392000000000507
8211,393472,61.32847595214844,67,0.5392000000000507
8212,393472,50.970916748046875,56,0.5392000000000507
8213,393472,65.33100128173828,71,0.5392000000000507
8214,393472,49.49700927734375,55,0.5392000000000507
8215,393472,29.83772850036621,35,0.5392000000000507
8216,393472,56.36768341064453,62,0.5392000000000507
8217,393472,48.68998718261719,54,0.5392000000000507
8218,393472,26.623809814453125,32,0.5392000000000507
8219,393472,54.23886489868164,60,0.5392000000000507
8220,393728,27.37963104248047,33,0.5389000000000508
8221,393728,33.619789123535156,39,0.5389000000000508
8222,393984,24.463726043701172,30,0.5386000000000508
8223,393984,24.868061065673828,30,0.5386000000000508
8224,393984,16.160058975219727,21,0.5386000000000508
8225,393984,47.49751663208008,53,0.5386000000000508
8226,393984,19.773155212402344,25,0.5386000000000508
8227,393984,36.54745101928711,42,0.5386000000000508
8228,393984,30.6079044342041,36,0.5386000000000508
8229,394240,18.865510940551758,24,0.5383000000000508
8230,394240,21.74232292175293,27,0.5383000000000508
8231,394240,23.788475036621094,29,0.5383000000000508
8232,394240,31.989742279052734,37,0.5383000000000508
8233,394496,58.59672546386719,64,0.5380000000000509
8234,394496,25.53060531616211,31,0.5380000000000509
8235,394496,75.98026275634766,82,0.5380000000000509
8236,394496,82.2781982421875,89,0.5380000000000509
8237,394752,26.921546936035156,32,0.5377000000000509
8238,394752,47.27347946166992,53,0.5377000000000509
8239,395008,53.47756576538086,59,0.537400000000051
8240,395008,22.76325225830078,28,0.537400000000051
8241,395008,57.36604309082031,63,0.537400000000051
8242,395008,52.47727966308594,58,0.537400000000051
8243,395264,32.5308837890625,38,0.537100000000051
8244,395264,34.56604766845703,40,0.537100000000051
8245,395264,40.331417083740234,46,0.537100000000051
8246,395264,26.352428436279297,32,0.537100000000051
8247,395264,24.47120475769043,30,0.537100000000051
8248,395520,97.07701110839844,104,0.536800000000051
8249,395520,32.64391326904297,38,0.536800000000051
8250,395520,77.19505310058594,83,0.536800000000051
8251,395520,61.19404602050781,67,0.536800000000051
8252,395520,36.91239929199219,42,0.536800000000051
8253,395520,20.66634178161621,26,0.536800000000051
8254,395520,30.604490280151367,36,0.536800000000051
8255,395776,49.588294982910156,55,0.536500000000051
8256,395776,43.43857955932617,49,0.536500000000051
8257,395776,37.391273498535156,43,0.536500000000051
8258,395776,41.57310485839844,47,0.536500000000051
8259,395776,25.96697998046875,31,0.536500000000051
8260,395776,36.55924987792969,42,0.536500000000051
8261,395776,58.54496765136719,64,0.536500000000051
8262,396032,45.334564208984375,51,0.5362000000000511
8263,396032,33.534324645996094,39,0.5362000000000511
8264,396032,48.97931671142578,54,0.5362000000000511
8265,396032,40.487464904785156,46,0.5362000000000511
8266,396288,30.28913116455078,36,0.5359000000000511
8267,396288,39.717227935791016,45,0.5359000000000511
8268,396288,55.677825927734375,61,0.5359000000000511
8269,396288,27.642786026000977,33,0.5359000000000511
8270,396544,38.60049057006836,44,0.5356000000000511
8271,396544,21.692089080810547,27,0.5356000000000511
8272,396544,34.378719329833984,40,0.5356000000000511
8273,396800,27.052709579467773,32,0.5353000000000512
8274,396800,50.95671844482422,56,0.5353000000000512
8275,397056,31.702556610107422,37,0.5350000000000512
8276,397056,22.862674713134766,28,0.5350000000000512
8277,397056,30.50668716430664,36,0.5350000000000512
8278,397056,36.741241455078125,42,0.5350000000000512
8279,397056,41.093505859375,46,0.5350000000000512
8280,397056,27.39175033569336,33,0.5350000000000512
8281,397312,25.92578887939453,31,0.5347000000000512
8282,397312,150.504150390625,157,0.5347000000000512
8283,397312,59.15553283691406,65,0.5347000000000512
8284,397312,90.39960479736328,96,0.5347000000000512
8285,397568,30.680639266967773,36,0.5344000000000513
8286,397568,23.494380950927734,29,0.5344000000000513
8287,397568,31.508403778076172,37,0.5344000000000513
8288,397568,24.620546340942383,30,0.5344000000000513
8289,397568,23.75618553161621,29,0.5344000000000513
8290,397824,64.2388687133789,70,0.5341000000000513
8291,397824,25.441007614135742,31,0.5341000000000513
8292,397824,27.83617401123047,33,0.5341000000000513
8293,398080,38.69603729248047,44,0.5338000000000513
8294,398080,26.751190185546875,32,0.5338000000000513
8295,398080,26.488061904907227,32,0.5338000000000513
8296,398080,52.23405838012695,60,0.5338000000000513
8297,398080,40.127899169921875,46,0.5338000000000513
8298,398080,54.138423919677734,60,0.5338000000000513
8299,398080,32.42819595336914,37,0.5338000000000513
8300,398080,24.54345703125,30,0.5338000000000513
8301,398336,27.9517765045166,33,0.5335000000000514
8302,398336,58.12804412841797,64,0.5335000000000514
8303,398336,41.84862518310547,47,0.5335000000000514
8304,398592,34.93471908569336,40,0.5332000000000514
8305,398592,34.47032165527344,40,0.5332000000000514
8306,398592,26.146005630493164,32,0.5332000000000514
8307,398592,42.71469497680664,48,0.5332000000000514
8308,398592,21.80550193786621,27,0.5332000000000514
8309,398592,28.461971282958984,34,0.5332000000000514
8310,398592,38.45732116699219,44,0.5332000000000514
8311,398848,49.93179702758789,55,0.5329000000000514
8312,398848,14.950531005859375,20,0.5329000000000514
8313,398848,53.93758773803711,59,0.5329000000000514
8314,398848,32.80097961425781,38,0.5329000000000514
8315,398848,23.193628311157227,28,0.5329000000000514
8316,398848,106.11100006103516,113,0.5329000000000514
8317,398848,58.8947639465332,65,0.5329000000000514
8318,398848,42.813880920410156,48,0.5329000000000514
8319,398848,35.635597229003906,41,0.5329000000000514
8320,398848,55.26219940185547,61,0.5329000000000514
8321,399104,50.8838005065918,57,0.5326000000000515
8322,399104,49.60421371459961,55,0.5326000000000515
8323,399104,27.769800186157227,33,0.5326000000000515
8324,399104,22.63741683959961,28,0.5326000000000515
8325,399104,15.101609230041504,20,0.5326000000000515
8326,399104,17.86349868774414,23,0.5326000000000515
8327,399360,30.63978385925293,36,0.5323000000000515
8328,399360,18.262130737304688,23,0.5323000000000515
8329,399360,25.149818420410156,30,0.5323000000000515
8330,399360,17.82013702392578,23,0.5323000000000515
8331,399360,47.498146057128906,53,0.5323000000000515
8332,399360,22.067474365234375,27,0.5323000000000515
8333,399360,20.578584671020508,26,0.5323000000000515
8334,399616,29.160842895507812,35,0.5320000000000515
8335,399616,59.19348907470703,65,0.5320000000000515
8336,399616,18.84894371032715,24,0.5320000000000515
8337,399872,53.821964263916016,59,0.5317000000000516
8338,399872,29.723312377929688,35,0.5317000000000516
8339,399872,24.978099822998047,30,0.5317000000000516
8340,399872,32.50375747680664,38,0.5317000000000516
8341,399872,46.344181060791016,52,0.5317000000000516
8342,400128,60.349456787109375,66,0.5314000000000516
8343,400128,20.51727294921875,26,0.5314000000000516
8344,400128,73.34998321533203,81,0.5314000000000516
8345,400128,55.1566276550293,61,0.5314000000000516
8346,400384,27.26223373413086,33,0.5311000000000516
8347,400384,45.84182357788086,51,0.5311000000000516
8348,400384,56.18433380126953,62,0.5311000000000516
8349,400384,51.420291900634766,57,0.5311000000000516
8350,400640,30.91481590270996,36,0.5308000000000517
8351,400640,57.250160217285156,63,0.5308000000000517
8352,400640,100.37122344970703,108,0.5308000000000517
8353,400640,23.932111740112305,29,0.5308000000000517
8354,400896,39.45955276489258,45,0.5305000000000517
8355,400896,20.70891571044922,26,0.5305000000000517
8356,400896,69.40164947509766,75,0.5305000000000517
8357,400896,57.4038200378418,63,0.5305000000000517
8358,400896,27.43588638305664,33,0.5305000000000517
8359,400896,55.31702423095703,61,0.5305000000000517
8360,400896,70.02204895019531,76,0.5305000000000517
8361,400896,26.051082611083984,31,0.5305000000000517
8362,401152,68.3725814819336,74,0.5302000000000517
8363,401152,51.27535629272461,57,0.5302000000000517
8364,401152,72.04716491699219,78,0.5302000000000517
8365,401152,52.40800476074219,58,0.5302000000000517
8366,401152,56.70124435424805,62,0.5302000000000517
8367,401152,57.01569747924805,63,0.5302000000000517
8368,401152,36.52839660644531,42,0.5302000000000517
8369,401408,38.704071044921875,44,0.5299000000000518
8370,401408,64.42996215820312,70,0.5299000000000518
8371,401408,32.04719924926758,38,0.5299000000000518
8372,401408,36.68878936767578,42,0.5299000000000518
8373,401664,99.23687744140625,106,0.5296000000000518
8374,401664,19.569547653198242,25,0.5296000000000518
8375,401664,47.34421157836914,53,0.5296000000000518
8376,401664,70.19744110107422,76,0.5296000000000518
8377,401664,52.531158447265625,58,0.5296000000000518
8378,401664,34.02058410644531,39,0.5296000000000518
8379,401664,32.71483612060547,38,0.5296000000000518
8380,401664,24.70344352722168,30,0.5296000000000518
8381,401664,42.60747528076172,48,0.5296000000000518
8382,401664,34.50571060180664,40,0.5296000000000518
8383,401920,28.88949203491211,34,0.5293000000000518
8384,402176,37.21842956542969,42,0.5290000000000519
8385,402176,26.77286148071289,32,0.5290000000000519
8386,402176,26.747028350830078,32,0.5290000000000519
8387,402176,41.534095764160156,47,0.5290000000000519
8388,402176,31.3791446685791,37,0.5290000000000519
8389,402432,37.93317413330078,43,0.5287000000000519
8390,402432,51.205787658691406,57,0.5287000000000519
8391,402688,22.764245986938477,28,0.5284000000000519
8392,402688,37.79663848876953,43,0.5284000000000519
8393,402688,39.575862884521484,45,0.5284000000000519
8394,402688,28.40570831298828,34,0.5284000000000519
8395,402688,33.436546325683594,39,0.5284000000000519
8396,402688,34.2674674987793,40,0.5284000000000519
8397,402688,61.523414611816406,67,0.5284000000000519
8398,402688,41.374488830566406,47,0.5284000000000519
8399,402944,56.39851760864258,62,0.528100000000052
8400,402944,50.394039154052734,57,0.528100000000052
8401,402944,24.525814056396484,30,0.528100000000052
8402,402944,100.48686218261719,107,0.528100000000052
8403,402944,16.732791900634766,22,0.528100000000052
8404,402944,37.45001983642578,43,0.528100000000052
8405,402944,67.37142944335938,73,0.528100000000052
8406,402944,33.10921859741211,39,0.528100000000052
8407,403200,70.41146850585938,77,0.527800000000052
8408,403200,45.62522888183594,51,0.527800000000052
8409,403200,26.25095558166504,32,0.527800000000052
8410,403200,44.54621505737305,50,0.527800000000052
8411,403200,36.11503601074219,42,0.527800000000052
8412,403200,46.603240966796875,52,0.527800000000052
8413,403200,74.39579772949219,81,0.527800000000052
8414,403456,21.894115447998047,27,0.527500000000052
8415,403456,60.900386810302734,67,0.527500000000052
8416,403456,103.9705810546875,110,0.527500000000052
8417,403712,24.815658569335938,30,0.5272000000000521
8418,403712,61.997772216796875,68,0.5272000000000521
8419,403712,24.51087188720703,30,0.5272000000000521
8420,403712,36.91926956176758,42,0.5272000000000521
8421,403712,25.559240341186523,31,0.5272000000000521
8422,403712,42.410282135009766,48,0.5272000000000521
8423,403712,22.70978355407715,28,0.5272000000000521
8424,403968,125.4154281616211,132,0.5269000000000521
8425,403968,98.68501281738281,105,0.5269000000000521
8426,403968,49.28748321533203,55,0.5269000000000521
8427,404224,26.509296417236328,32,0.5266000000000521
8428,404224,23.821277618408203,29,0.5266000000000521
8429,404224,37.768314361572266,43,0.5266000000000521
8430,404480,72.97801971435547,80,0.5263000000000522
8431,404480,23.782175064086914,29,0.5263000000000522
8432,404480,29.30025291442871,35,0.5263000000000522
8433,404480,48.40438461303711,54,0.5263000000000522
8434,404480,42.65150451660156,48,0.5263000000000522
8435,404480,41.58757019042969,47,0.5263000000000522
8436,404480,16.6973819732666,22,0.5263000000000522
8437,404480,47.473716735839844,53,0.5263000000000522
8438,404736,31.516605377197266,37,0.5260000000000522
8439,404736,39.54939270019531,45,0.5260000000000522
8440,404736,113.20956420898438,120,0.5260000000000522
8441,404736,32.508880615234375,38,0.5260000000000522
8442,404992,47.28389358520508,53,0.5257000000000522
8443,404992,32.62038803100586,38,0.5257000000000522
8444,404992,36.782684326171875,42,0.5257000000000522
8445,404992,44.45354461669922,50,0.5257000000000522
8446,405248,17.692508697509766,23,0.5254000000000523
8447,405248,40.94121170043945,46,0.5254000000000523
8448,405248,24.38909339904785,30,0.5254000000000523
8449,405504,32.73986053466797,38,0.5251000000000523
8450,405504,76.05393981933594,82,0.5251000000000523
8451,405504,60.46132278442383,66,0.5251000000000523
8452,405760,33.08557891845703,38,0.5248000000000523
8453,405760,51.33124542236328,57,0.5248000000000523
8454,405760,53.42830276489258,59,0.5248000000000523
8455,405760,61.1971549987793,67,0.5248000000000523
8456,405760,46.91448974609375,53,0.5248000000000523
8457,406016,28.574195861816406,34,0.5245000000000524
8458,406016,37.07546615600586,43,0.5245000000000524
8459,406016,58.444114685058594,64,0.5245000000000524
8460,406272,27.548824310302734,33,0.5242000000000524
8461,406272,48.5014762878418,54,0.5242000000000524
8462,406272,22.76226043701172,28,0.5242000000000524
8463,406272,54.85377502441406,61,0.5242000000000524
8464,406272,48.20148468017578,54,0.5242000000000524
8465,406528,54.88994216918945,61,0.5239000000000524
8466,406528,25.701364517211914,31,0.5239000000000524
8467,406528,28.31451416015625,34,0.5239000000000524
8468,406784,26.70547866821289,32,0.5236000000000525
8469,406784,69.8253173828125,76,0.5236000000000525
8470,407040,22.143169403076172,28,0.5233000000000525
8471,407040,60.15558624267578,66,0.5233000000000525
8472,407296,87.40316009521484,95,0.5230000000000525
8473,407296,43.33390808105469,49,0.5230000000000525
8474,407296,25.253768920898438,31,0.5230000000000525
8475,407296,86.2984619140625,93,0.5230000000000525
8476,407552,45.4647216796875,51,0.5227000000000526
8477,407552,39.85894775390625,46,0.5227000000000526
8478,407552,28.523292541503906,34,0.5227000000000526
8479,407552,35.262184143066406,41,0.5227000000000526
8480,408064,52.38938903808594,58,0.5221000000000526
8481,408064,22.32649803161621,28,0.5221000000000526
8482,408064,37.537105560302734,43,0.5221000000000526
8483,408064,23.925724029541016,29,0.5221000000000526
8484,408064,39.263816833496094,45,0.5221000000000526
8485,408064,52.26420593261719,58,0.5221000000000526
8486,408064,31.687437057495117,37,0.5221000000000526
8487,408320,16.95307159423828,22,0.5218000000000527
8488,408320,22.525951385498047,28,0.5218000000000527
8489,408320,52.294925689697266,58,0.5218000000000527
8490,408320,21.491474151611328,27,0.5218000000000527
8491,408320,30.688152313232422,36,0.5218000000000527
8492,408320,67.12889099121094,73,0.5218000000000527
8493,408320,36.9975700378418,44,0.5218000000000527
8494,408320,49.84242248535156,55,0.5218000000000527
8495,408320,77.16382598876953,83,0.5218000000000527
8496,408576,16.818199157714844,22,0.5215000000000527
8497,408576,21.440914154052734,27,0.5215000000000527
8498,408576,35.855552673339844,43,0.5215000000000527
8499,408576,26.427928924560547,32,0.5215000000000527
8500,408576,91.52740478515625,98,0.5215000000000527
8501,408832,64.61348724365234,71,0.5212000000000527
8502,408832,36.626197814941406,42,0.5212000000000527
8503,408832,51.44348907470703,57,0.5212000000000527
8504,408832,22.65196990966797,28,0.5212000000000527
8505,408832,41.369384765625,47,0.5212000000000527
8506,409088,35.28689956665039,41,0.5209000000000528
8507,409088,29.112062454223633,34,0.5209000000000528
8508,409088,23.306804656982422,29,0.5209000000000528
8509,409344,20.64468002319336,26,0.5206000000000528
8510,409344,64.03752136230469,70,0.5206000000000528
8511,409344,89.70987701416016,96,0.5206000000000528
8512,409344,51.59492874145508,57,0.5206000000000528
8513,409344,36.57712936401367,42,0.5206000000000528
8514,409344,22.504192352294922,28,0.5206000000000528
8515,409600,67.07460021972656,73,0.5203000000000528
8516,409600,21.96883201599121,27,0.5203000000000528
8517,409600,38.38752746582031,44,0.5203000000000528
8518,409600,40.62223434448242,46,0.5203000000000528
8519,409856,43.511478424072266,49,0.5200000000000529
8520,409856,97.51577758789062,104,0.5200000000000529
8521,409856,37.62055587768555,43,0.5200000000000529
8522,409856,56.57130432128906,62,0.5200000000000529
8523,409856,47.634090423583984,53,0.5200000000000529
8524,409856,35.21495056152344,41,0.5200000000000529
8525,409856,28.567726135253906,34,0.5200000000000529
8526,409856,23.649869918823242,29,0.5200000000000529
8527,409856,18.070987701416016,23,0.5200000000000529
8528,409856,49.662601470947266,55,0.5200000000000529
8529,409856,22.83065414428711,28,0.5200000000000529
8530,409856,30.126182556152344,36,0.5200000000000529
8531,409856,34.83332443237305,41,0.5200000000000529
8532,409856,38.44831466674805,44,0.5200000000000529
8533,410112,28.06354522705078,34,0.5197000000000529
8534,410112,140.53805541992188,148,0.5197000000000529
8535,410112,43.73945617675781,49,0.5197000000000529
8536,410112,22.443349838256836,28,0.5197000000000529
8537,410112,16.945337295532227,22,0.5197000000000529
8538,410112,39.282466888427734,44,0.5197000000000529
8539,410112,37.6074104309082,43,0.5197000000000529
8540,410368,31.94156265258789,37,0.5194000000000529
8541,410368,23.759998321533203,29,0.5194000000000529
8542,410368,72.12400817871094,78,0.5194000000000529
8543,410368,26.27783203125,32,0.5194000000000529
8544,410368,41.672691345214844,47,0.5194000000000529
8545,410368,20.840106964111328,26,0.5194000000000529
8546,410368,56.21809768676758,62,0.5194000000000529
8547,410368,38.728851318359375,44,0.5194000000000529
8548,410624,18.89977264404297,24,0.519100000000053
8549,410624,52.078800201416016,58,0.519100000000053
8550,410624,62.02635955810547,68,0.519100000000053
8551,410624,21.93562126159668,27,0.519100000000053
8552,410624,68.07817840576172,74,0.519100000000053
8553,410624,70.29702758789062,76,0.519100000000053
8554,410624,25.97085189819336,31,0.519100000000053
8555,410624,47.55390167236328,53,0.519100000000053
8556,410880,46.422298431396484,52,0.518800000000053
8557,410880,38.63748550415039,44,0.518800000000053
8558,410880,16.194828033447266,21,0.518800000000053
8559,411136,37.4596061706543,43,0.518500000000053
8560,411136,78.64598846435547,85,0.518500000000053
8561,411136,37.296260833740234,43,0.518500000000053
8562,411136,63.125797271728516,69,0.518500000000053
8563,411136,35.00786209106445,40,0.518500000000053
8564,411136,32.066524505615234,37,0.518500000000053
8565,411392,31.945640563964844,38,0.5182000000000531
8566,411392,60.52643966674805,66,0.5182000000000531
8567,411392,39.04064178466797,44,0.5182000000000531
8568,411392,26.877742767333984,32,0.5182000000000531
8569,411392,66.83206939697266,73,0.5182000000000531
8570,411392,26.499584197998047,32,0.5182000000000531
8571,411648,28.95352554321289,34,0.5179000000000531
8572,411648,54.52749252319336,63,0.5179000000000531
8573,411648,46.59860610961914,53,0.5179000000000531
8574,411648,64.91796112060547,71,0.5179000000000531
8575,411648,47.23305892944336,53,0.5179000000000531
8576,411648,33.944725036621094,39,0.5179000000000531
8577,411904,28.606760025024414,34,0.5176000000000531
8578,411904,43.95441818237305,49,0.5176000000000531
8579,411904,37.90879821777344,43,0.5176000000000531
8580,411904,108.94391632080078,116,0.5176000000000531
8581,411904,26.522441864013672,32,0.5176000000000531
8582,411904,33.16604995727539,38,0.5176000000000531
8583,411904,30.826297760009766,36,0.5176000000000531
8584,412160,32.68163299560547,38,0.5173000000000532
8585,412160,16.94804573059082,22,0.5173000000000532
8586,412160,38.34946060180664,44,0.5173000000000532
8587,412160,46.75335693359375,52,0.5173000000000532
8588,412160,75.5202865600586,82,0.5173000000000532
8589,412160,42.873775482177734,48,0.5173000000000532
8590,412416,68.2603988647461,74,0.5170000000000532
8591,412416,59.98977279663086,66,0.5170000000000532
8592,412416,47.389957427978516,53,0.5170000000000532
8593,412416,30.65907096862793,36,0.5170000000000532
8594,412416,31.569297790527344,37,0.5170000000000532
8595,412416,61.825225830078125,67,0.5170000000000532
8596,412416,75.5059814453125,81,0.5170000000000532
8597,412416,47.14236831665039,53,0.5170000000000532
8598,412416,49.40315246582031,55,0.5170000000000532
8599,412672,20.793973922729492,26,0.5167000000000532
8600,412672,37.794403076171875,43,0.5167000000000532
8601,412672,69.57804107666016,75,0.5167000000000532
8602,412672,47.26966857910156,53,0.5167000000000532
8603,412672,29.60956382751465,35,0.5167000000000532
8604,412928,49.03437423706055,55,0.5164000000000533
8605,412928,34.98169708251953,40,0.5164000000000533
8606,412928,40.70242691040039,46,0.5164000000000533
8607,412928,52.07569122314453,58,0.5164000000000533
8608,412928,74.79254913330078,81,0.5164000000000533
8609,412928,38.39509582519531,44,0.5164000000000533
8610,413184,39.553443908691406,45,0.5161000000000533
8611,413184,75.19325256347656,81,0.5161000000000533
8612,413184,56.29988479614258,62,0.5161000000000533
8613,413184,34.35783386230469,40,0.5161000000000533
8614,413440,32.16149139404297,38,0.5158000000000533
8615,413440,64.28021240234375,70,0.5158000000000533
8616,413440,26.38681411743164,32,0.5158000000000533
8617,413440,28.694732666015625,34,0.5158000000000533
8618,413696,28.95721435546875,34,0.5155000000000534
8619,413696,90.01319885253906,97,0.5155000000000534
8620,413696,52.43397903442383,58,0.5155000000000534
8621,413952,64.75445556640625,72,0.5152000000000534
8622,413952,48.991668701171875,55,0.5152000000000534
8623,413952,15.928640365600586,21,0.5152000000000534
8624,413952,53.18363952636719,59,0.5152000000000534
8625,413952,77.23716735839844,83,0.5152000000000534
8626,414208,84.19603729248047,90,0.5149000000000534
8627,414208,81.81028747558594,88,0.5149000000000534
8628,414208,37.857337951660156,43,0.5149000000000534
8629,414208,46.35251998901367,53,0.5149000000000534
8630,414464,26.98822021484375,33,0.5146000000000535
8631,414464,46.44593048095703,52,0.5146000000000535
8632,414464,38.479061126708984,44,0.5146000000000535
8633,414464,54.398014068603516,60,0.5146000000000535
8634,414720,38.89309310913086,44,0.5143000000000535
8635,414720,35.538700103759766,41,0.5143000000000535
8636,414720,54.439449310302734,60,0.5143000000000535
8637,414720,61.24996566772461,67,0.5143000000000535
8638,414720,27.403806686401367,33,0.5143000000000535
8639,414976,69.05276489257812,75,0.5140000000000535
8640,414976,73.91901397705078,80,0.5140000000000535
8641,414976,112.47229766845703,119,0.5140000000000535
8642,414976,17.534719467163086,23,0.5140000000000535
8643,414976,37.836936950683594,43,0.5140000000000535
8644,414976,60.162078857421875,66,0.5140000000000535
8645,414976,27.70759391784668,33,0.5140000000000535
8646,414976,102.36727142333984,109,0.5140000000000535
8647,415232,136.97438049316406,145,0.5137000000000536
8648,415232,31.42702865600586,37,0.5137000000000536
8649,415232,49.80495834350586,56,0.5137000000000536
8650,415232,61.608707427978516,67,0.5137000000000536
8651,415488,50.311458587646484,57,0.5134000000000536
8652,415488,35.4212760925293,41,0.5134000000000536
8653,415488,26.027631759643555,31,0.5134000000000536
8654,415744,30.102310180664062,36,0.5131000000000536
8655,415744,51.36137008666992,57,0.5131000000000536
8656,415744,52.95280456542969,59,0.5131000000000536
8657,415744,20.59711265563965,26,0.5131000000000536
8658,415744,112.79701232910156,120,0.5131000000000536
8659,415744,67.34713745117188,73,0.5131000000000536
8660,415744,33.13477325439453,39,0.5131000000000536
8661,415744,36.553375244140625,42,0.5131000000000536
8662,416000,58.12024688720703,64,0.5128000000000537
8663,416000,40.728309631347656,46,0.5128000000000537
8664,416000,28.59780502319336,34,0.5128000000000537
8665,416000,135.73008728027344,142,0.5128000000000537
8666,416000,24.99306869506836,30,0.5128000000000537
8667,416000,24.322126388549805,30,0.5128000000000537
8668,416000,39.70743179321289,45,0.5128000000000537
8669,416000,18.83736228942871,24,0.5128000000000537
8670,416256,43.64695358276367,49,0.5125000000000537
8671,416256,21.689533233642578,27,0.5125000000000537
8672,416256,40.581729888916016,46,0.5125000000000537
8673,416256,39.750057220458984,45,0.5125000000000537
8674,416256,74.00945281982422,80,0.5125000000000537
8675,416256,44.58332443237305,50,0.5125000000000537
8676,416512,25.495277404785156,31,0.5122000000000537
8677,416512,72.79319763183594,79,0.5122000000000537
8678,416512,27.583938598632812,33,0.5122000000000537
8679,416512,22.481767654418945,28,0.5122000000000537
8680,416512,48.32460403442383,54,0.5122000000000537
8681,416768,27.56723976135254,33,0.5119000000000538
8682,416768,25.7600154876709,31,0.5119000000000538
8683,416768,28.48504638671875,34,0.5119000000000538
8684,417024,22.603805541992188,28,0.5116000000000538
8685,417024,20.77857208251953,26,0.5116000000000538
8686,417024,62.96760177612305,69,0.5116000000000538
8687,417024,18.00615882873535,23,0.5116000000000538
8688,417024,21.739521026611328,27,0.5116000000000538
8689,417024,55.04640197753906,61,0.5116000000000538
8690,417024,52.5222282409668,58,0.5116000000000538
8691,417024,34.74513626098633,40,0.5116000000000538
8692,417024,43.37831115722656,49,0.5116000000000538
8693,417280,57.19043731689453,63,0.5113000000000538
8694,417280,20.539583206176758,26,0.5113000000000538
8695,417280,29.808481216430664,35,0.5113000000000538
8696,417280,28.47606658935547,34,0.5113000000000538
8697,417280,28.637542724609375,34,0.5113000000000538
8698,417536,34.50654220581055,40,0.5110000000000539
8699,417536,54.15659713745117,60,0.5110000000000539
8700,417536,44.984642028808594,50,0.5110000000000539
8701,417536,24.298067092895508,30,0.5110000000000539
8702,417792,25.453887939453125,31,0.5107000000000539
8703,417792,46.46767807006836,52,0.5107000000000539
8704,417792,62.22713088989258,68,0.5107000000000539
8705,417792,87.02107238769531,93,0.5107000000000539
8706,417792,63.05385971069336,69,0.5107000000000539
8707,418048,70.70502471923828,78,0.5104000000000539
8708,418048,27.602872848510742,33,0.5104000000000539
8709,418048,17.009891510009766,22,0.5104000000000539
8710,418048,23.48883819580078,29,0.5104000000000539
8711,418048,40.66069793701172,46,0.5104000000000539
8712,418048,41.82139205932617,47,0.5104000000000539
8713,418048,23.56906509399414,29,0.5104000000000539
8714,418048,26.153104782104492,32,0.5104000000000539
8715,418048,58.5401611328125,64,0.5104000000000539
8716,418048,25.849624633789062,31,0.5104000000000539
8717,418304,57.997440338134766,64,0.510100000000054
8718,418304,72.83486938476562,79,0.510100000000054
8719,418304,29.981082916259766,35,0.510100000000054
8720,418560,42.896759033203125,51,0.509800000000054
8721,418560,33.4124870300293,39,0.509800000000054
8722,418560,46.38103485107422,52,0.509800000000054
8723,418560,46.41670227050781,52,0.509800000000054
8724,418560,54.987667083740234,61,0.509800000000054
8725,418560,62.302181243896484,68,0.509800000000054
8726,418816,33.26610565185547,39,0.509500000000054
8727,418816,38.31989669799805,44,0.509500000000054
8728,418816,81.77195739746094,88,0.509500000000054
8729,418816,24.24027442932129,30,0.509500000000054
8730,418816,26.530986785888672,32,0.509500000000054
8731,418816,22.341337203979492,28,0.509500000000054
8732,418816,29.84160041809082,35,0.509500000000054
8733,418816,38.03091812133789,44,0.509500000000054
8734,419072,40.69517135620117,46,0.509200000000054
8735,419072,36.881839752197266,42,0.509200000000054
8736,419328,17.98314666748047,23,0.5089000000000541
8737,419328,48.24390411376953,54,0.5089000000000541
8738,419328,30.87363624572754,36,0.5089000000000541
8739,419584,24.631864547729492,30,0.5086000000000541
8740,419584,29.610292434692383,35,0.5086000000000541
8741,419840,39.26091003417969,45,0.5083000000000542
8742,419840,39.63043975830078,45,0.5083000000000542
8743,419840,39.107078552246094,45,0.5083000000000542
8744,420096,35.3994026184082,41,0.5080000000000542
8745,420096,48.327850341796875,54,0.5080000000000542
8746,420096,54.43648147583008,60,0.5080000000000542
8747,420096,66.94660186767578,73,0.5080000000000542
8748,420096,21.287521362304688,26,0.5080000000000542
8749,420096,32.57216262817383,38,0.5080000000000542
8750,420096,60.925559997558594,67,0.5080000000000542
8751,420352,57.13612747192383,63,0.5077000000000542
8752,420352,25.93460464477539,31,0.5077000000000542
8753,420608,57.45768356323242,63,0.5074000000000543
8754,420608,24.722476959228516,30,0.5074000000000543
8755,420608,60.85679244995117,67,0.5074000000000543
8756,420608,51.8187141418457,58,0.5074000000000543
8757,420864,32.039886474609375,37,0.5071000000000543
8758,420864,39.10725784301758,45,0.5071000000000543
8759,420864,51.31937789916992,57,0.5071000000000543
8760,420864,34.90414047241211,40,0.5071000000000543
8761,420864,38.533119201660156,44,0.5071000000000543
8762,421120,42.0200309753418,48,0.5068000000000543
8763,421120,27.39537811279297,33,0.5068000000000543
8764,421120,51.96793746948242,58,0.5068000000000543
8765,421376,26.394426345825195,32,0.5065000000000544
8766,421376,32.870452880859375,38,0.5065000000000544
8767,421376,18.647218704223633,24,0.5065000000000544
8768,421376,77.7669677734375,84,0.5065000000000544
8769,421632,22.08113670349121,27,0.5062000000000544
8770,421632,46.90181350708008,53,0.5062000000000544
8771,421632,92.3266372680664,99,0.5062000000000544
8772,421632,38.14680480957031,44,0.5062000000000544
8773,421632,32.98556900024414,38,0.5062000000000544
8774,421632,58.74917984008789,65,0.5062000000000544
8775,421888,103.32271575927734,110,0.5059000000000544
8776,421888,41.793670654296875,47,0.5059000000000544
8777,421888,63.8843994140625,70,0.5059000000000544
8778,421888,24.44416046142578,30,0.5059000000000544
8779,421888,40.53093719482422,46,0.5059000000000544
8780,422144,25.91297149658203,31,0.5056000000000545
8781,422144,57.45000457763672,64,0.5056000000000545
8782,422400,50.1782341003418,56,0.5053000000000545
8783,422400,23.365720748901367,29,0.5053000000000545
8784,422400,32.09372329711914,38,0.5053000000000545
8785,422400,25.551692962646484,31,0.5053000000000545
8786,422656,54.88101577758789,61,0.5050000000000545
8787,422656,64.53797912597656,71,0.5050000000000545
8788,422656,29.74872398376465,35,0.5050000000000545
8789,422656,19.595075607299805,25,0.5050000000000545
8790,422912,35.38664627075195,41,0.5047000000000545
8791,422912,24.307401657104492,30,0.5047000000000545
8792,422912,36.529911041259766,42,0.5047000000000545
8793,422912,22.485958099365234,28,0.5047000000000545
8794,422912,46.372989654541016,52,0.5047000000000545
8795,422912,37.54867172241211,43,0.5047000000000545
8796,422912,33.8603401184082,39,0.5047000000000545
8797,423168,71.62287139892578,78,0.5044000000000546
8798,423168,40.62334442138672,46,0.5044000000000546
8799,423168,27.423337936401367,33,0.5044000000000546
8800,423168,39.88058090209961,46,0.5044000000000546
8801,423168,44.53248977661133,50,0.5044000000000546
8802,423168,37.89253616333008,44,0.5044000000000546
8803,423168,29.126300811767578,35,0.5044000000000546
8804,423168,34.75768280029297,41,0.5044000000000546
8805,423424,40.44800567626953,46,0.5041000000000546
8806,423424,26.740436553955078,33,0.5041000000000546
8807,423424,37.58925247192383,43,0.5041000000000546
8808,423424,18.76169204711914,24,0.5041000000000546
8809,423680,54.11559295654297,61,0.5038000000000546
8810,423680,30.234088897705078,36,0.5038000000000546
8811,423680,54.23506546020508,60,0.5038000000000546
8812,423680,25.629867553710938,31,0.5038000000000546
8813,423680,32.409454345703125,38,0.5038000000000546
8814,423680,20.539844512939453,26,0.5038000000000546
8815,423680,25.762855529785156,31,0.5038000000000546
8816,423680,47.193687438964844,53,0.5038000000000546
8817,423680,38.36940383911133,44,0.5038000000000546
8818,423936,31.530080795288086,37,0.5035000000000547
8819,423936,17.957447052001953,23,0.5035000000000547
8820,423936,21.357097625732422,27,0.5035000000000547
8821,423936,43.84703826904297,49,0.5035000000000547
8822,423936,17.73183250427246,23,0.5035000000000547
8823,423936,37.5799560546875,43,0.5035000000000547
8824,423936,38.02803039550781,44,0.5035000000000547
8825,423936,33.37001419067383,39,0.5035000000000547
8826,424192,50.14655303955078,56,0.5032000000000547
8827,424192,24.678089141845703,30,0.5032000000000547
8828,424192,50.280113220214844,56,0.5032000000000547
8829,424192,17.81454849243164,23,0.5032000000000547
8830,424192,48.02927780151367,54,0.5032000000000547
8831,424192,47.294410705566406,53,0.5032000000000547
8832,424192,50.422019958496094,56,0.5032000000000547
8833,424448,23.29666519165039,29,0.5029000000000547
8834,424448,46.632179260253906,52,0.5029000000000547
8835,424448,28.640037536621094,34,0.5029000000000547
8836,424448,39.27095413208008,45,0.5029000000000547
8837,424448,50.876853942871094,57,0.5029000000000547
8838,424448,17.831037521362305,23,0.5029000000000547
8839,424704,47.6541748046875,53,0.5026000000000548
8840,424704,29.619945526123047,35,0.5026000000000548
8841,424704,53.23401641845703,60,0.5026000000000548
8842,424704,58.278011322021484,65,0.5026000000000548
8843,424704,23.690486907958984,29,0.5026000000000548
8844,424704,91.05917358398438,98,0.5026000000000548
8845,424704,38.61331558227539,44,0.5026000000000548
8846,424704,162.71206665039062,170,0.5026000000000548
8847,424704,38.44129943847656,45,0.5026000000000548
8848,424704,28.04824447631836,34,0.5026000000000548
8849,424960,42.95986557006836,49,0.5023000000000548
8850,424960,51.029884338378906,57,0.5023000000000548
8851,424960,51.90770721435547,59,0.5023000000000548
8852,424960,25.408214569091797,31,0.5023000000000548
8853,424960,40.52406311035156,46,0.5023000000000548
8854,424960,61.63663864135742,68,0.5023000000000548
8855,424960,44.017704010009766,50,0.5023000000000548
8856,424960,30.22878074645996,36,0.5023000000000548
8857,425216,34.404083251953125,40,0.5020000000000548
8858,425216,206.29989624023438,214,0.5020000000000548
8859,425216,33.97429656982422,40,0.5020000000000548
8860,425216,53.298057556152344,59,0.5020000000000548
8861,425216,92.89479064941406,99,0.5020000000000548
8862,425216,20.439395904541016,26,0.5020000000000548
8863,425216,22.532569885253906,28,0.5020000000000548
8864,425216,22.31871795654297,28,0.5020000000000548
8865,425216,45.29368209838867,51,0.5020000000000548
8866,425216,46.07006072998047,52,0.5020000000000548
8867,425216,27.70590591430664,34,0.5020000000000548
8868,425216,58.198516845703125,64,0.5020000000000548
8869,425472,24.559978485107422,30,0.5017000000000549
8870,425472,45.64321517944336,51,0.5017000000000549
8871,425472,42.39290237426758,48,0.5017000000000549
8872,425472,61.785430908203125,68,0.5017000000000549
8873,425472,47.10694885253906,53,0.5017000000000549
8874,425472,20.498455047607422,26,0.5017000000000549
8875,425472,53.73036193847656,59,0.5017000000000549
8876,425472,20.52074432373047,26,0.5017000000000549
8877,425472,56.41889190673828,63,0.5017000000000549
8878,425728,28.857376098632812,34,0.5014000000000549
8879,425728,30.150148391723633,36,0.5014000000000549
8880,425728,44.81306076049805,51,0.5014000000000549
8881,425728,27.586139678955078,33,0.5014000000000549
8882,425984,54.79991912841797,61,0.501100000000055
8883,425984,59.24525451660156,66,0.501100000000055
8884,426240,68.16851806640625,75,0.500800000000055
8885,426240,27.902111053466797,34,0.500800000000055
8886,426496,43.46583557128906,49,0.500500000000055
8887,426496,27.119850158691406,33,0.500500000000055
8888,426496,26.402332305908203,33,0.500500000000055
8889,426496,50.23457717895508,56,0.500500000000055
8890,426752,26.620384216308594,32,0.500200000000055
8891,426752,47.65701675415039,54,0.500200000000055
8892,426752,115.44609069824219,122,0.500200000000055
8893,426752,33.77755355834961,39,0.500200000000055
8894,426752,132.5380859375,140,0.500200000000055
8895,426752,36.067787170410156,42,0.500200000000055
8896,427008,70.85929870605469,77,0.499900000000055
8897,427008,56.7879524230957,63,0.499900000000055
8898,427008,30.397125244140625,36,0.499900000000055
8899,427008,33.39133834838867,39,0.499900000000055
8900,427008,54.4980583190918,60,0.499900000000055
8901,427008,52.2176628112793,58,0.499900000000055
8902,427008,42.241493225097656,48,0.499900000000055
8903,427008,64.3507080078125,71,0.499900000000055
8904,427264,42.11005401611328,48,0.499600000000055
8905,427264,26.556095123291016,32,0.499600000000055
8906,427264,40.61663055419922,47,0.499600000000055
8907,427264,62.14311218261719,68,0.499600000000055
8908,427264,61.66620635986328,68,0.499600000000055
8909,427264,53.045536041259766,59,0.499600000000055
8910,427264,31.98027801513672,38,0.499600000000055
8911,427520,37.50200653076172,43,0.499300000000055
8912,427520,98.69984436035156,106,0.499300000000055
8913,427520,42.92566680908203,49,0.499300000000055
8914,427520,32.66169738769531,38,0.499300000000055
8915,427520,59.36705017089844,66,0.499300000000055
8916,427776,45.02597427368164,51,0.49900000000005496
8917,427776,44.1070556640625,50,0.49900000000005496
8918,427776,56.970943450927734,64,0.49900000000005496
8919,427776,24.442127227783203,30,0.49900000000005496
8920,427776,39.33114242553711,46,0.49900000000005496
8921,428032,54.9544792175293,61,0.49870000000005493
8922,428032,40.71230697631836,47,0.49870000000005493
8923,428032,18.90306854248047,24,0.49870000000005493
8924,428288,38.140289306640625,44,0.4984000000000549
8925,428288,35.51457595825195,41,0.4984000000000549
8926,428288,31.528656005859375,37,0.4984000000000549
8927,428288,34.50599670410156,40,0.4984000000000549
8928,428288,65.06739807128906,71,0.4984000000000549
8929,428544,27.986814498901367,33,0.4981000000000549
8930,428544,47.80828094482422,53,0.4981000000000549
8931,428544,43.698116302490234,49,0.4981000000000549
8932,428544,28.32378387451172,34,0.4981000000000549
8933,428544,50.69451904296875,57,0.4981000000000549
8934,428544,32.37847900390625,38,0.4981000000000549
8935,428800,17.876455307006836,23,0.49780000000005487
8936,429056,40.45766830444336,46,0.49750000000005484
8937,429056,54.40170669555664,60,0.49750000000005484
8938,429056,30.664438247680664,36,0.49750000000005484
8939,429056,35.78226089477539,41,0.49750000000005484
8940,429312,63.502685546875,69,0.4972000000000548
8941,429312,81.9825210571289,88,0.4972000000000548
8942,429312,53.25693130493164,59,0.4972000000000548
8943,429312,37.784950256347656,43,0.4972000000000548
8944,429312,24.472047805786133,30,0.4972000000000548
8945,429312,66.22891998291016,72,0.4972000000000548
8946,429312,66.12248229980469,72,0.4972000000000548
8947,429568,31.487836837768555,37,0.4969000000000548
8948,429568,20.738815307617188,26,0.4969000000000548
8949,429568,33.57150650024414,39,0.4969000000000548
8950,429824,48.42661666870117,54,0.4966000000000548
8951,429824,16.79117202758789,22,0.4966000000000548
8952,429824,47.68672561645508,53,0.4966000000000548
8953,429824,65.05596160888672,71,0.4966000000000548
8954,429824,43.81094741821289,49,0.4966000000000548
8955,430080,50.64494705200195,56,0.49630000000005475
8956,430080,41.624637603759766,47,0.49630000000005475
8957,430080,22.576885223388672,28,0.49630000000005475
8958,430080,49.55133819580078,55,0.49630000000005475
8959,430080,31.675214767456055,37,0.49630000000005475
8960,430080,63.35311508178711,69,0.49630000000005475
8961,430080,27.468870162963867,33,0.49630000000005475
8962,430336,32.86225128173828,38,0.49600000000005473
8963,430336,62.276424407958984,68,0.49600000000005473
8964,430336,39.36532211303711,45,0.49600000000005473
8965,430336,55.64629364013672,61,0.49600000000005473
8966,430336,56.66526412963867,62,0.49600000000005473
8967,430592,25.688453674316406,31,0.4957000000000547
8968,430592,50.51032257080078,56,0.4957000000000547
8969,430592,47.585914611816406,53,0.4957000000000547
8970,430592,70.09992218017578,76,0.4957000000000547
8971,430592,31.735294342041016,37,0.4957000000000547
8972,430592,23.364707946777344,29,0.4957000000000547
8973,430592,33.486602783203125,39,0.4957000000000547
8974,430592,19.774269104003906,25,0.4957000000000547
8975,430848,18.005170822143555,23,0.4954000000000547
8976,430848,42.003177642822266,48,0.4954000000000547
8977,430848,54.5825309753418,60,0.4954000000000547
8978,430848,15.914115905761719,21,0.4954000000000547
8979,430848,31.24890899658203,37,0.4954000000000547
8980,431104,62.57509231567383,68,0.49510000000005466
8981,431104,20.69428825378418,26,0.49510000000005466
8982,431104,71.37545013427734,77,0.49510000000005466
8983,431104,34.46167755126953,40,0.49510000000005466
8984,431104,17.035419464111328,22,0.49510000000005466
8985,431104,44.50762176513672,50,0.49510000000005466
8986,431104,24.169517517089844,29,0.49510000000005466
8987,431360,31.269512176513672,37,0.49480000000005464
8988,431360,73.20709228515625,79,0.49480000000005464
8989,431360,17.92467498779297,23,0.49480000000005464
8990,431360,55.41154479980469,61,0.49480000000005464
8991,431616,36.74226379394531,42,0.4945000000000546
8992,431616,34.618743896484375,40,0.4945000000000546
8993,431616,54.490760803222656,60,0.4945000000000546
8994,431616,42.115570068359375,48,0.4945000000000546
8995,431616,26.24020767211914,31,0.4945000000000546
8996,431872,39.643856048583984,45,0.4942000000000546
8997,431872,56.70575714111328,62,0.4942000000000546
8998,431872,55.86408615112305,61,0.4942000000000546
8999,431872,28.563995361328125,34,0.4942000000000546
9000,431872,27.330078125,33,0.4942000000000546
9001,431872,26.458038330078125,32,0.4942000000000546
9002,432128,65.3463363647461,71,0.4939000000000546
9003,432128,26.71489906311035,32,0.4939000000000546
9004,432128,54.38417053222656,60,0.4939000000000546
9005,432128,28.66420555114746,34,0.4939000000000546
9006,432384,30.663414001464844,36,0.49360000000005455
9007,432384,27.60906219482422,33,0.49360000000005455
9008,432384,32.6689338684082,38,0.49360000000005455
9009,432384,22.883148193359375,28,0.49360000000005455
9010,432384,45.45572280883789,51,0.49360000000005455
9011,432640,24.268352508544922,30,0.49330000000005453
9012,432640,25.832521438598633,31,0.49330000000005453
9013,432640,52.403472900390625,58,0.49330000000005453
9014,432640,34.04874801635742,40,0.49330000000005453
9015,432896,50.35283660888672,56,0.4930000000000545
9016,432896,45.605960845947266,51,0.4930000000000545
9017,432896,47.29076385498047,53,0.4930000000000545
9018,432896,41.174034118652344,47,0.4930000000000545
9019,432896,33.81821823120117,39,0.4930000000000545
9020,433152,36.78108215332031,42,0.4927000000000545
9021,433152,47.346073150634766,53,0.4927000000000545
9022,433152,39.74259567260742,45,0.4927000000000545
9023,433152,76.9113998413086,83,0.4927000000000545
9024,433152,29.29653549194336,35,0.4927000000000545
9025,433152,25.55555534362793,31,0.4927000000000545
9026,433152,55.43624496459961,61,0.4927000000000545
9027,433408,129.630859375,136,0.49240000000005446
9028,433408,30.436765670776367,36,0.49240000000005446
9029,433408,40.12757110595703,46,0.49240000000005446
9030,433408,31.919755935668945,38,0.49240000000005446
9031,433408,120.7469711303711,127,0.49240000000005446
9032,433664,52.31099319458008,58,0.49210000000005444
9033,433664,40.065399169921875,46,0.49210000000005444
9034,433664,30.547143936157227,36,0.49210000000005444
9035,433664,31.374530792236328,37,0.49210000000005444
9036,433920,48.566139221191406,54,0.4918000000000544
9037,433920,29.96741485595703,36,0.4918000000000544
9038,433920,61.50713348388672,67,0.4918000000000544
9039,434176,56.3792724609375,63,0.4915000000000544
9040,434176,45.601280212402344,51,0.4915000000000544
9041,434176,21.594928741455078,27,0.4915000000000544
9042,434176,24.45791244506836,30,0.4915000000000544
9043,434432,35.224456787109375,41,0.49120000000005437
9044,434432,30.555883407592773,36,0.49120000000005437
9045,434432,31.074739456176758,37,0.49120000000005437
9046,434688,42.32403564453125,48,0.49090000000005435
9047,434688,30.49582290649414,36,0.49090000000005435
9048,434688,43.40693283081055,49,0.49090000000005435
9049,434688,105.31989288330078,113,0.49090000000005435
9050,434688,45.49455261230469,51,0.49090000000005435
9051,434688,33.37957763671875,39,0.49090000000005435
9052,434944,35.34613800048828,41,0.4906000000000543
9053,434944,31.426074981689453,37,0.4906000000000543
9054,434944,25.292377471923828,31,0.4906000000000543
9055,434944,44.42985534667969,50,0.4906000000000543
9056,434944,51.87914276123047,58,0.4906000000000543
9057,434944,46.3149528503418,52,0.4906000000000543
9058,434944,27.054426193237305,33,0.4906000000000543
9059,435200,31.27860450744629,37,0.4903000000000543
9060,435200,33.898372650146484,39,0.4903000000000543
9061,435200,39.21444320678711,45,0.4903000000000543
9062,435456,18.655269622802734,24,0.4900000000000543
9063,435456,38.36357116699219,45,0.4900000000000543
9064,435456,42.07188034057617,48,0.4900000000000543
9065,435456,43.15498352050781,49,0.4900000000000543
9066,435456,21.31534194946289,27,0.4900000000000543
9067,435712,51.57685470581055,57,0.48970000000005426
9068,435712,45.17704772949219,51,0.48970000000005426
9069,435712,41.346832275390625,47,0.48970000000005426
9070,435712,50.37931823730469,56,0.48970000000005426
9071,435712,64.70846557617188,71,0.48970000000005426
9072,435968,24.25140380859375,30,0.48940000000005424
9073,435968,41.36608123779297,48,0.48940000000005424
9074,435968,23.27997589111328,29,0.48940000000005424
9075,435968,45.05716323852539,51,0.48940000000005424
9076,435968,68.10789489746094,74,0.48940000000005424
9077,435968,36.07099151611328,42,0.48940000000005424
9078,435968,38.123355865478516,44,0.48940000000005424
9079,436224,38.30959701538086,44,0.4891000000000542
9080,436224,74.77528381347656,81,0.4891000000000542
9081,436224,30.233121871948242,36,0.4891000000000542
9082,436224,119.5962142944336,127,0.4891000000000542
9083,436224,55.31743240356445,61,0.4891000000000542
9084,436480,22.47664451599121,28,0.4888000000000542
9085,436480,54.63190460205078,61,0.4888000000000542
9086,436736,42.19538879394531,48,0.48850000000005417
9087,436736,32.63935089111328,38,0.48850000000005417
9088,436736,38.033607482910156,44,0.48850000000005417
9089,436992,50.074371337890625,56,0.48820000000005415
9090,436992,41.83546447753906,48,0.48820000000005415
9091,436992,43.81178665161133,49,0.48820000000005415
9092,436992,31.636363983154297,38,0.48820000000005415
9093,436992,48.0799560546875,54,0.48820000000005415
9094,436992,33.95060348510742,40,0.48820000000005415
9095,437248,45.04765701293945,51,0.4879000000000541
9096,437248,31.424245834350586,38,0.4879000000000541
9097,437248,43.39988708496094,49,0.4879000000000541
9098,437248,19.56255531311035,25,0.4879000000000541
9099,437248,33.6563835144043,40,0.4879000000000541
9100,437248,24.50391387939453,30,0.4879000000000541
9101,437504,31.891000747680664,38,0.4876000000000541
9102,437504,42.164710998535156,48,0.4876000000000541
9103,437504,79.96487426757812,86,0.4876000000000541
9104,437504,42.644901275634766,48,0.4876000000000541
9105,437504,67.0539321899414,73,0.4876000000000541
9106,437760,34.573760986328125,40,0.4873000000000541
9107,437760,50.043338775634766,56,0.4873000000000541
9108,437760,49.19465637207031,55,0.4873000000000541
9109,437760,40.98690414428711,47,0.4873000000000541
9110,437760,22.387725830078125,28,0.4873000000000541
9111,437760,43.275726318359375,49,0.4873000000000541
9112,437760,27.107280731201172,33,0.4873000000000541
9113,437760,35.35721206665039,41,0.4873000000000541
9114,437760,31.147523880004883,37,0.4873000000000541
9115,437760,63.06468200683594,69,0.4873000000000541
9116,438016,55.493099212646484,61,0.48700000000005406
9117,438016,44.99992370605469,51,0.48700000000005406
9118,438016,22.555015563964844,28,0.48700000000005406
9119,438016,24.187244415283203,30,0.48700000000005406
9120,438272,38.36179733276367,44,0.48670000000005403
9121,438272,36.28146743774414,42,0.48670000000005403
9122,438272,28.132423400878906,34,0.48670000000005403
9123,438272,40.668949127197266,46,0.48670000000005403
9124,438272,22.521780014038086,28,0.48670000000005403
9125,438528,28.051652908325195,34,0.486400000000054
9126,438528,47.063331604003906,53,0.486400000000054
9127,438528,25.31204605102539,31,0.486400000000054
9128,438528,249.2003173828125,255,0.486400000000054
9129,438528,29.385616302490234,35,0.486400000000054
9130,438528,27.004610061645508,33,0.486400000000054
9131,438528,25.404556274414062,31,0.486400000000054
9132,438528,45.11207962036133,51,0.486400000000054
9133,438528,61.16006851196289,67,0.486400000000054
9134,438528,49.263023376464844,55,0.486400000000054
9135,438784,54.932960510253906,61,0.486100000000054
9136,438784,31.2678279876709,38,0.486100000000054
9137,438784,43.5035400390625,49,0.486100000000054
9138,438784,47.13016891479492,53,0.486100000000054
9139,438784,51.16815948486328,57,0.486100000000054
9140,439040,18.86620330810547,24,0.48580000000005397
9141,439040,57.39784240722656,63,0.48580000000005397
9142,439040,29.408222198486328,35,0.48580000000005397
9143,439296,47.49165725708008,53,0.48550000000005394
9144,439296,31.268278121948242,37,0.48550000000005394
9145,439296,49.01426315307617,55,0.48550000000005394
9146,439552,47.08999252319336,53,0.4852000000000539
9147,439552,69.71128845214844,76,0.4852000000000539
9148,439552,55.47398376464844,61,0.4852000000000539
9149,439808,26.042890548706055,32,0.4849000000000539
9150,439808,39.529022216796875,46,0.4849000000000539
9151,439808,26.28489875793457,32,0.4849000000000539
9152,439808,96.47979736328125,103,0.4849000000000539
9153,439808,39.25948715209961,45,0.4849000000000539
9154,439808,41.562232971191406,47,0.4849000000000539
9155,439808,38.201385498046875,44,0.4849000000000539
9156,440064,28.34404754638672,34,0.4846000000000539
9157,440064,21.402883529663086,27,0.4846000000000539
9158,440064,41.25078201293945,47,0.4846000000000539
9159,440064,34.43034362792969,40,0.4846000000000539
9160,440064,46.32734680175781,52,0.4846000000000539
9161,440320,27.22797393798828,33,0.48430000000005385
9162,440576,23.47292709350586,29,0.48400000000005383
9163,440576,39.28784942626953,45,0.48400000000005383
9164,440576,58.96873092651367,65,0.48400000000005383
9165,440576,27.864097595214844,33,0.48400000000005383
9166,440576,66.70486450195312,73,0.48400000000005383
9167,440832,27.394840240478516,33,0.4837000000000538
9168,440832,45.159767150878906,51,0.4837000000000538
9169,440832,62.57112121582031,69,0.4837000000000538
9170,440832,48.82533264160156,55,0.4837000000000538
9171,440832,29.821924209594727,35,0.4837000000000538
9172,440832,48.36640548706055,54,0.4837000000000538
9173,440832,49.4337158203125,55,0.4837000000000538
9174,441088,47.90933609008789,54,0.4834000000000538
9175,441088,95.08895874023438,101,0.4834000000000538
9176,441088,69.33815002441406,75,0.4834000000000538
9177,441088,46.40758514404297,52,0.4834000000000538
9178,441088,172.6745147705078,180,0.4834000000000538
9179,441088,45.91509246826172,51,0.4834000000000538
9180,441344,32.05931854248047,38,0.48310000000005376
9181,441344,54.9538688659668,62,0.48310000000005376
9182,441600,45.00998306274414,51,0.48280000000005374
9183,441600,35.46955490112305,41,0.48280000000005374
9184,441600,37.038516998291016,43,0.48280000000005374
9185,441856,55.19621658325195,61,0.4825000000000537
9186,441856,66.8616714477539,73,0.4825000000000537
9187,442112,18.525253295898438,24,0.4822000000000537
9188,442112,29.567852020263672,35,0.4822000000000537
9189,442112,76.49667358398438,83,0.4822000000000537
9190,442368,38.65782165527344,44,0.4819000000000537
9191,442368,40.202510833740234,46,0.4819000000000537
9192,442368,42.2335205078125,48,0.4819000000000537
9193,442368,32.210044860839844,38,0.4819000000000537
9194,442624,51.66448211669922,58,0.48160000000005365
9195,442880,44.68473815917969,51,0.48130000000005363
9196,442880,49.880062103271484,56,0.48130000000005363
9197,442880,55.89984893798828,62,0.48130000000005363
9198,443136,44.0526123046875,50,0.4810000000000536
9199,443136,26.204530715942383,32,0.4810000000000536
9200,443136,18.577415466308594,24,0.4810000000000536
9201,443136,27.958375930786133,34,0.4810000000000536
9202,443136,45.13393783569336,51,0.4810000000000536
9203,443392,51.10295104980469,57,0.4807000000000536
9204,443392,63.33089065551758,70,0.4807000000000536
9205,443392,27.901195526123047,34,0.4807000000000536
9206,443392,66.97219848632812,73,0.4807000000000536
9207,443392,25.739255905151367,32,0.4807000000000536
9208,443392,55.58361053466797,62,0.4807000000000536
9209,443648,39.43242263793945,45,0.48040000000005356
9210,443648,33.108497619628906,39,0.48040000000005356
9211,443648,52.96736145019531,60,0.48040000000005356
9212,443904,55.0172119140625,61,0.48010000000005354
9213,443904,40.8193359375,47,0.48010000000005354
9214,443904,68.48269653320312,75,0.48010000000005354
9215,444160,61.85759735107422,68,0.4798000000000535
9216,444160,26.67206382751465,32,0.4798000000000535
9217,444160,67.9473648071289,74,0.4798000000000535
9218,444160,31.0134220123291,37,0.4798000000000535
9219,444416,30.38422203063965,36,0.4795000000000535
9220,444416,53.98169708251953,60,0.4795000000000535
9221,444416,60.78321838378906,67,0.4795000000000535
9222,444672,54.80741500854492,61,0.47920000000005347
9223,444672,62.25783157348633,68,0.47920000000005347
9224,444672,42.514713287353516,48,0.47920000000005347
9225,444672,25.24337387084961,31,0.47920000000005347
9226,444672,51.31532669067383,57,0.47920000000005347
9227,444928,41.158138275146484,48,0.47890000000005345
9228,444928,30.99411392211914,37,0.47890000000005345
9229,444928,50.24834442138672,56,0.47890000000005345
9230,445184,56.410160064697266,62,0.4786000000000534
9231,445184,33.99991226196289,40,0.4786000000000534
9232,445184,34.84235382080078,41,0.4786000000000534
9233,445440,31.658357620239258,38,0.4783000000000534
9234,445440,46.03768539428711,52,0.4783000000000534
9235,445440,63.31785202026367,70,0.4783000000000534
9236,445440,50.651084899902344,56,0.4783000000000534
9237,445440,25.897672653198242,32,0.4783000000000534
9238,445440,56.77400588989258,63,0.4783000000000534
9239,445440,48.36346435546875,55,0.4783000000000534
9240,445696,100.89553833007812,108,0.4780000000000534
9241,445696,22.23230743408203,28,0.4780000000000534
9242,445696,28.0588436126709,35,0.4780000000000534
9243,445696,108.06783294677734,115,0.4780000000000534
9244,445696,39.98464584350586,46,0.4780000000000534
9245,445696,26.96167755126953,33,0.4780000000000534
9246,445696,48.33164596557617,55,0.4780000000000534
9247,445696,25.183658599853516,31,0.4780000000000534
9248,445696,54.086395263671875,60,0.4780000000000534
9249,445696,47.995452880859375,54,0.4780000000000534
9250,445696,52.91856384277344,59,0.4780000000000534
9251,445952,69.12088775634766,75,0.47770000000005336
9252,445952,37.115821838378906,43,0.47770000000005336
9253,445952,42.28022766113281,50,0.47770000000005336
9254,445952,22.141803741455078,28,0.47770000000005336
9255,445952,26.981760025024414,33,0.47770000000005336
9256,445952,40.000675201416016,46,0.47770000000005336
9257,445952,37.38572692871094,43,0.47770000000005336
9258,445952,74.8670883178711,81,0.47770000000005336
9259,446208,53.91238021850586,60,0.47740000000005334
9260,446208,28.865726470947266,35,0.47740000000005334
9261,446208,46.62431716918945,53,0.47740000000005334
9262,446208,62.48263168334961,69,0.47740000000005334
9263,446208,46.644744873046875,52,0.47740000000005334
9264,446208,80.2400131225586,87,0.47740000000005334
9265,446208,57.220970153808594,63,0.47740000000005334
9266,446208,70.37767028808594,77,0.47740000000005334
9267,446464,43.85140609741211,50,0.4771000000000533
9268,446464,81.8576431274414,89,0.4771000000000533
9269,446464,73.74708557128906,80,0.4771000000000533
9270,446464,55.02067947387695,62,0.4771000000000533
9271,446720,42.89885711669922,48,0.4768000000000533
9272,446720,46.84077453613281,53,0.4768000000000533
9273,446720,55.129310607910156,61,0.4768000000000533
9274,446720,36.72064208984375,43,0.4768000000000533
9275,446976,30.26325035095215,36,0.47650000000005327
9276,446976,45.30931854248047,51,0.47650000000005327
9277,446976,30.368078231811523,36,0.47650000000005327
9278,446976,29.788393020629883,36,0.47650000000005327
9279,446976,26.29761505126953,32,0.47650000000005327
9280,446976,27.226367950439453,33,0.47650000000005327
9281,447232,84.07402801513672,91,0.47620000000005325
9282,447232,81.4085464477539,88,0.47620000000005325
9283,447232,31.040868759155273,37,0.47620000000005325
9284,447232,38.29471206665039,44,0.47620000000005325
9285,447232,51.380104064941406,58,0.47620000000005325
9286,447488,40.0930061340332,46,0.4759000000000532
9287,447488,33.20022964477539,39,0.4759000000000532
9288,447488,57.041259765625,63,0.4759000000000532
9289,447488,28.94174575805664,35,0.4759000000000532
9290,447744,35.51435089111328,42,0.4756000000000532
9291,447744,35.479183197021484,42,0.4756000000000532
9292,447744,49.8676872253418,56,0.4756000000000532
9293,448000,27.92298126220703,34,0.4753000000000532
9294,448000,50.93326187133789,57,0.4753000000000532
9295,448000,21.395919799804688,27,0.4753000000000532
9296,448000,66.79581451416016,73,0.4753000000000532
9297,448000,33.02204513549805,39,0.4753000000000532
9298,448000,19.081361770629883,24,0.4753000000000532
9299,448000,62.66298294067383,69,0.4753000000000532
9300,448000,63.95856475830078,70,0.4753000000000532
9301,448000,26.038869857788086,32,0.4753000000000532
9302,448256,23.262819290161133,29,0.47500000000005316
9303,448256,46.75868225097656,53,0.47500000000005316
9304,448256,75.39404296875,82,0.47500000000005316
9305,448256,42.904502868652344,50,0.47500000000005316
9306,448512,108.43142700195312,115,0.47470000000005314
9307,448512,41.477752685546875,48,0.47470000000005314
9308,448512,26.66129493713379,32,0.47470000000005314
9309,448768,83.17841339111328,90,0.4744000000000531
9310,448768,86.90222930908203,93,0.4744000000000531
9311,448768,66.10308837890625,72,0.4744000000000531
9312,448768,67.77555084228516,74,0.4744000000000531
9313,448768,53.842918395996094,60,0.4744000000000531
9314,448768,54.069759368896484,60,0.4744000000000531
9315,448768,54.99553680419922,62,0.4744000000000531
9316,448768,52.410919189453125,58,0.4744000000000531
9317,448768,61.839027404785156,68,0.4744000000000531
9318,448768,87.33647918701172,94,0.4744000000000531
9319,448768,46.09864044189453,52,0.4744000000000531
9320,449024,26.39882469177246,32,0.4741000000000531
9321,449024,37.093116760253906,43,0.4741000000000531
9322,449024,39.72085952758789,46,0.4741000000000531
9323,449024,45.50775909423828,51,0.4741000000000531
9324,449024,58.89274215698242,65,0.4741000000000531
9325,449024,51.93986511230469,58,0.4741000000000531
9326,449280,39.197532653808594,46,0.47380000000005307
9327,449280,27.217267990112305,33,0.47380000000005307
9328,449280,60.29703140258789,68,0.47380000000005307
9329,449280,33.815284729003906,40,0.47380000000005307
9330,449280,57.106319427490234,63,0.47380000000005307
9331,449280,52.94554901123047,59,0.47380000000005307
9332,449280,65.95137023925781,72,0.47380000000005307
9333,449536,43.378414154052734,50,0.47350000000005305
9334,449536,39.01097869873047,46,0.47350000000005305
9335,449536,81.16848754882812,88,0.47350000000005305
9336,449536,29.001527786254883,35,0.47350000000005305
9337,449536,51.114871978759766,57,0.47350000000005305
9338,449536,54.81475067138672,63,0.47350000000005305
9339,449792,53.78183364868164,60,0.473200000000053
9340,449792,39.38212203979492,46,0.473200000000053
9341,449792,38.27614974975586,44,0.473200000000053
9342,449792,47.35090637207031,53,0.473200000000053
9343,449792,30.189044952392578,36,0.473200000000053
9344,449792,54.42751693725586,61,0.473200000000053
9345,450048,40.140811920166016,46,0.472900000000053
9346,450048,115.27992248535156,122,0.472900000000053
9347,450048,47.38124465942383,53,0.472900000000053
9348,450048,65.33240509033203,72,0.472900000000053
9349,450048,41.4835205078125,48,0.472900000000053
9350,450048,22.425777435302734,28,0.472900000000053
9351,450048,51.11639404296875,57,0.472900000000053
9352,450048,26.275466918945312,32,0.472900000000053
9353,450304,19.63287925720215,25,0.472600000000053
9354,450304,41.72473907470703,47,0.472600000000053
9355,450304,31.232093811035156,37,0.472600000000053
9356,450304,69.11986541748047,75,0.472600000000053
9357,450304,43.27851486206055,49,0.472600000000053
9358,450304,61.994075775146484,68,0.472600000000053
9359,450304,40.35572814941406,46,0.472600000000053
9360,450304,25.327030181884766,31,0.472600000000053
9361,450560,50.58671188354492,57,0.47230000000005296
9362,450816,47.14854049682617,53,0.47200000000005293
9363,450816,112.55913543701172,119,0.47200000000005293
9364,450816,38.49713134765625,45,0.47200000000005293
9365,450816,52.246917724609375,58,0.47200000000005293
9366,450816,77.30418395996094,84,0.47200000000005293
9367,451072,71.93037414550781,78,0.4717000000000529
9368,451072,28.117694854736328,34,0.4717000000000529
9369,451072,55.8521614074707,62,0.4717000000000529
9370,451072,24.992721557617188,31,0.4717000000000529
9371,451328,53.64982223510742,61,0.4714000000000529
9372,451584,35.62794494628906,42,0.47110000000005287
9373,451584,50.21965026855469,56,0.47110000000005287
9374,451584,39.570579528808594,46,0.47110000000005287
9375,451840,52.213619232177734,58,0.47080000000005284
9376,451840,45.90940475463867,52,0.47080000000005284
9377,451840,47.818092346191406,54,0.47080000000005284
9378,451840,49.227508544921875,55,0.47080000000005284
9379,452096,27.33877182006836,33,0.4705000000000528
9380,452096,19.64400291442871,25,0.4705000000000528
9381,452096,99.330322265625,106,0.4705000000000528
9382,452096,105.348388671875,112,0.4705000000000528
9383,452096,38.88481521606445,45,0.4705000000000528
9384,452096,47.01883316040039,53,0.4705000000000528
9385,452352,47.35533142089844,53,0.4702000000000528
9386,452352,69.79163360595703,77,0.4702000000000528
9387,452352,49.32186508178711,55,0.4702000000000528
9388,452352,51.83385467529297,58,0.4702000000000528
9389,452608,30.86942481994629,37,0.4699000000000528
9390,452608,74.80213928222656,81,0.4699000000000528
9391,452608,62.636558532714844,69,0.4699000000000528
9392,452608,25.14847755432129,31,0.4699000000000528
9393,452608,49.95939636230469,56,0.4699000000000528
9394,452608,45.926292419433594,52,0.4699000000000528
9395,452608,42.43022155761719,49,0.4699000000000528
9396,453120,25.14600944519043,31,0.46930000000005273
9397,453120,59.94365310668945,66,0.46930000000005273
9398,453120,49.88249588012695,56,0.46930000000005273
9399,453120,31.700868606567383,38,0.46930000000005273
9400,453376,24.138538360595703,30,0.4690000000000527
9401,453376,76.9776840209961,83,0.4690000000000527
9402,453376,60.55488967895508,67,0.4690000000000527
9403,453376,41.31620788574219,47,0.4690000000000527
9404,453632,29.548259735107422,35,0.4687000000000527
9405,453632,74.53534698486328,81,0.4687000000000527
9406,453632,60.58525848388672,67,0.4687000000000527
9407,453632,46.957767486572266,53,0.4687000000000527
9408,453632,67.20807647705078,74,0.4687000000000527
9409,453632,52.18606948852539,58,0.4687000000000527
9410,453888,50.016334533691406,56,0.46840000000005266
9411,453888,20.555410385131836,26,0.46840000000005266
9412,453888,24.222745895385742,30,0.46840000000005266
9413,453888,74.41275787353516,81,0.46840000000005266
9414,453888,72.22068786621094,79,0.46840000000005266
9415,453888,28.80742835998535,35,0.46840000000005266
9416,453888,43.276371002197266,50,0.46840000000005266
9417,453888,67.56497955322266,74,0.46840000000005266
9418,454144,49.54425048828125,56,0.46810000000005264
9419,454144,34.762874603271484,41,0.46810000000005264
9420,454144,57.94055938720703,64,0.46810000000005264
9421,454144,58.782283782958984,65,0.46810000000005264
9422,454144,52.2746467590332,61,0.46810000000005264
9423,454144,51.284568786621094,57,0.46810000000005264
9424,454400,39.581687927246094,45,0.4678000000000526
9425,454400,47.94505310058594,54,0.4678000000000526
9426,454400,23.925674438476562,29,0.4678000000000526
9427,454400,27.56023406982422,33,0.4678000000000526
9428,454400,39.227622985839844,45,0.4678000000000526
9429,454656,55.61894989013672,64,0.4675000000000526
9430,454656,31.454830169677734,37,0.4675000000000526
9431,454656,42.96235275268555,49,0.4675000000000526
9432,454912,24.993980407714844,31,0.4672000000000526
9433,454912,47.980003356933594,54,0.4672000000000526
9434,454912,29.911375045776367,36,0.4672000000000526
9435,454912,72.60173797607422,79,0.4672000000000526
9436,454912,51.21476364135742,59,0.4672000000000526
9437,454912,28.537246704101562,35,0.4672000000000526
9438,455168,45.664466857910156,53,0.46690000000005255
9439,455168,52.608070373535156,59,0.46690000000005255
9440,455168,81.22810363769531,89,0.46690000000005255
9441,455424,69.55453491210938,76,0.46660000000005253
9442,455424,36.57326126098633,42,0.46660000000005253
9443,455424,33.11328887939453,39,0.46660000000005253
9444,455680,24.491865158081055,30,0.4663000000000525
9445,455680,57.30352020263672,63,0.4663000000000525
9446,455680,38.32725143432617,44,0.4663000000000525
9447,455680,41.0467529296875,47,0.4663000000000525
9448,455680,20.433391571044922,26,0.4663000000000525
9449,455680,43.66730880737305,49,0.4663000000000525
9450,455936,21.559221267700195,27,0.4660000000000525
9451,455936,37.77484130859375,44,0.4660000000000525
9452,456192,48.55799865722656,55,0.46570000000005246
9453,456192,148.00479125976562,155,0.46570000000005246
9454,456192,61.11008071899414,67,0.46570000000005246
9455,456192,62.76768112182617,69,0.46570000000005246
9456,456448,36.93504333496094,43,0.46540000000005244
9457,456448,35.370147705078125,41,0.46540000000005244
9458,456448,71.81204986572266,79,0.46540000000005244
9459,456448,36.156131744384766,42,0.46540000000005244
9460,456448,63.47134780883789,70,0.46540000000005244
9461,456704,24.19386863708496,30,0.4651000000000524
9462,456704,58.62617874145508,65,0.4651000000000524
9463,456704,54.7280387878418,61,0.4651000000000524
9464,456704,23.50075340270996,29,0.4651000000000524
9465,456704,32.949485778808594,39,0.4651000000000524
9466,456704,25.185890197753906,31,0.4651000000000524
9467,456960,26.386104583740234,32,0.4648000000000524
9468,456960,39.65687561035156,46,0.4648000000000524
9469,456960,77.17679595947266,83,0.4648000000000524
9470,456960,32.2787971496582,38,0.4648000000000524
9471,457216,36.3117790222168,42,0.46450000000005237
9472,457216,33.228004455566406,39,0.46450000000005237
9473,457216,22.500768661499023,28,0.46450000000005237
9474,457216,57.804649353027344,64,0.46450000000005237
9475,457472,62.635101318359375,69,0.46420000000005235
9476,457472,28.151390075683594,34,0.46420000000005235
9477,457472,24.30166244506836,30,0.46420000000005235
9478,457472,56.135860443115234,63,0.46420000000005235
9479,457472,49.91373825073242,56,0.46420000000005235
9480,457472,44.76176452636719,51,0.46420000000005235
9481,457472,45.99515151977539,52,0.46420000000005235
9482,457728,25.191835403442383,31,0.4639000000000523
9483,457728,40.06410217285156,46,0.4639000000000523
9484,457728,35.74538803100586,42,0.4639000000000523
9485,457728,20.349468231201172,26,0.4639000000000523
9486,457728,53.850181579589844,60,0.4639000000000523
9487,457728,66.3544692993164,73,0.4639000000000523
9488,457728,43.91138458251953,50,0.4639000000000523
9489,457728,41.09873580932617,47,0.4639000000000523
9490,457728,41.492462158203125,47,0.4639000000000523
9491,457728,27.08413314819336,33,0.4639000000000523
9492,457984,52.202674865722656,60,0.4636000000000523
9493,457984,75.63007354736328,82,0.4636000000000523
9494,457984,29.25747299194336,35,0.4636000000000523
9495,457984,40.97764205932617,47,0.4636000000000523
9496,457984,23.280479431152344,29,0.4636000000000523
9497,457984,27.20492172241211,33,0.4636000000000523
9498,457984,50.82542037963867,57,0.4636000000000523
9499,457984,75.41390228271484,82,0.4636000000000523
9500,457984,64.78788757324219,71,0.4636000000000523
9501,457984,56.18160629272461,62,0.4636000000000523
9502,458240,34.320068359375,40,0.4633000000000523
9503,458240,43.98691940307617,50,0.4633000000000523
9504,458240,25.098159790039062,31,0.4633000000000523
9505,458240,26.055269241333008,32,0.4633000000000523
9506,458240,44.197940826416016,50,0.4633000000000523
9507,458496,43.52434539794922,49,0.46300000000005226
9508,458496,33.17744827270508,39,0.46300000000005226
9509,458496,32.512779235839844,38,0.46300000000005226
9510,458496,46.48631286621094,53,0.46300000000005226
9511,458496,32.23694610595703,38,0.46300000000005226
9512,458752,44.49837112426758,51,0.46270000000005224
9513,458752,40.53041076660156,46,0.46270000000005224
9514,458752,45.602203369140625,51,0.46270000000005224
9515,458752,44.601051330566406,50,0.46270000000005224
9516,458752,90.93348693847656,98,0.46270000000005224
9517,458752,20.628129959106445,26,0.46270000000005224
9518,458752,38.15727233886719,44,0.46270000000005224
9519,458752,18.994060516357422,24,0.46270000000005224
9520,458752,27.899169921875,34,0.46270000000005224
9521,458752,27.159934997558594,33,0.46270000000005224
9522,459008,41.181915283203125,47,0.4624000000000522
9523,459008,64.97803497314453,71,0.4624000000000522
9524,459008,36.63041305541992,43,0.4624000000000522
9525,459008,34.332679748535156,40,0.4624000000000522
9526,459008,46.54716491699219,52,0.4624000000000522
9527,459008,38.19189453125,44,0.4624000000000522
9528,459008,39.238731384277344,45,0.4624000000000522
9529,459008,55.077598571777344,61,0.4624000000000522
9530,459008,42.917755126953125,49,0.4624000000000522
9531,459008,53.16869354248047,59,0.4624000000000522
9532,459008,34.12580490112305,40,0.4624000000000522
9533,459008,55.608482360839844,61,0.4624000000000522
9534,459008,44.68174743652344,51,0.4624000000000522
9535,459008,59.01017761230469,65,0.4624000000000522
9536,459264,67.4905776977539,73,0.4621000000000522
9537,459264,37.086368560791016,43,0.4621000000000522
9538,459264,52.17576217651367,58,0.4621000000000522
9539,459264,51.25690460205078,57,0.4621000000000522
9540,459520,26.586013793945312,32,0.46180000000005217
9541,459520,57.20234298706055,63,0.46180000000005217
9542,459520,24.241952896118164,30,0.46180000000005217
9543,459520,23.495132446289062,29,0.46180000000005217
9544,459520,63.719276428222656,70,0.46180000000005217
9545,459776,58.180809020996094,64,0.46150000000005215
9546,459776,28.185548782348633,34,0.46150000000005215
9547,459776,33.08671188354492,39,0.46150000000005215
9548,459776,47.2015380859375,53,0.46150000000005215
9549,459776,33.94463348388672,40,0.46150000000005215
9550,460032,44.08617401123047,50,0.4612000000000521
9551,460032,45.98013687133789,52,0.4612000000000521
9552,460032,43.651344299316406,50,0.4612000000000521
9553,460288,47.539764404296875,53,0.4609000000000521
9554,460288,26.991933822631836,33,0.4609000000000521
9555,460288,22.486915588378906,28,0.4609000000000521
9556,460288,66.91020965576172,73,0.4609000000000521
9557,460544,35.44089126586914,41,0.4606000000000521
9558,460544,41.28260040283203,47,0.4606000000000521
9559,460544,43.08869171142578,49,0.4606000000000521
9560,460544,21.368846893310547,27,0.4606000000000521
9561,460544,26.25609588623047,32,0.4606000000000521
9562,460544,19.5355224609375,25,0.4606000000000521
9563,460800,35.194889068603516,41,0.46030000000005206
9564,460800,35.60592269897461,41,0.46030000000005206
9565,460800,39.90921401977539,45,0.46030000000005206
9566,460800,43.48339080810547,49,0.46030000000005206
9567,460800,24.120128631591797,30,0.46030000000005206
9568,461056,24.317934036254883,30,0.46000000000005203
9569,461056,36.976905822753906,42,0.46000000000005203
9570,461056,42.52703857421875,48,0.46000000000005203
9571,461056,55.096412658691406,61,0.46000000000005203
9572,461312,47.24744415283203,53,0.459700000000052
9573,461568,38.32000732421875,44,0.459400000000052
9574,461568,56.15010070800781,62,0.459400000000052
9575,461568,36.225189208984375,42,0.459400000000052
9576,461568,47.35923385620117,53,0.459400000000052
9577,461568,73.5410385131836,80,0.459400000000052
9578,461568,39.74282455444336,45,0.459400000000052
9579,461824,52.34851837158203,58,0.45910000000005197
9580,461824,30.263996124267578,36,0.45910000000005197
9581,461824,63.06131362915039,69,0.45910000000005197
9582,461824,23.289730072021484,29,0.45910000000005197
9583,461824,37.25315475463867,43,0.45910000000005197
9584,461824,113.42532348632812,121,0.45910000000005197
9585,462080,79.45499420166016,86,0.45880000000005194
9586,462080,45.54417419433594,52,0.45880000000005194
9587,462080,31.621402740478516,37,0.45880000000005194
9588,462080,49.990089416503906,56,0.45880000000005194
9589,462080,46.12963104248047,52,0.45880000000005194
9590,462080,25.533540725708008,31,0.45880000000005194
9591,462080,48.14055252075195,54,0.45880000000005194
9592,462080,31.995319366455078,38,0.45880000000005194
9593,462336,42.21177673339844,48,0.4585000000000519
9594,462592,57.742462158203125,64,0.4582000000000519
9595,462592,56.98965072631836,63,0.4582000000000519
9596,462592,29.308921813964844,35,0.4582000000000519
9597,462848,26.284460067749023,32,0.4579000000000519
9598,462848,35.6875114440918,41,0.4579000000000519
9599,463104,46.86143493652344,53,0.45760000000005185
9600,463104,62.06578063964844,69,0.45760000000005185
9601,463360,48.67329788208008,55,0.45730000000005183
9602,463360,24.73497200012207,30,0.45730000000005183
9603,463360,60.273441314697266,67,0.45730000000005183
9604,463360,36.321014404296875,42,0.45730000000005183
9605,463360,52.08476638793945,58,0.45730000000005183
9606,463360,42.288387298583984,48,0.45730000000005183
9607,463360,25.148473739624023,31,0.45730000000005183
9608,463360,79.63239288330078,87,0.45730000000005183
9609,463360,27.456661224365234,33,0.45730000000005183
9610,463360,53.655155181884766,60,0.45730000000005183
9611,463360,60.3475227355957,67,0.45730000000005183
9612,463360,38.01524353027344,45,0.45730000000005183
9613,463616,102.24163818359375,110,0.4570000000000518
9614,463872,27.949203491210938,34,0.4567000000000518
9615,463872,51.43224334716797,57,0.4567000000000518
9616,463872,45.46043014526367,51,0.4567000000000518
9617,463872,56.29481506347656,62,0.4567000000000518
9618,464128,63.5357780456543,70,0.45640000000005176
9619,464128,72.95586395263672,79,0.45640000000005176
9620,464128,34.05329513549805,40,0.45640000000005176
9621,464128,34.38865280151367,41,0.45640000000005176
9622,464128,42.29014205932617,48,0.45640000000005176
9623,464128,56.613590240478516,63,0.45640000000005176
9624,464128,74.99164581298828,82,0.45640000000005176
9625,464384,25.25882339477539,31,0.45610000000005174
9626,464384,51.17754364013672,57,0.45610000000005174
9627,464384,50.44866943359375,57,0.45610000000005174
9628,464640,25.83014488220215,32,0.4558000000000517
9629,464640,17.607202529907227,23,0.4558000000000517
9630,464640,34.942352294921875,41,0.4558000000000517
9631,464896,65.50950622558594,72,0.4555000000000517
9632,464896,44.30441665649414,50,0.4555000000000517
9633,464896,54.91947555541992,61,0.4555000000000517
9634,464896,30.94548225402832,37,0.4555000000000517
9635,465152,51.3816032409668,58,0.4552000000000517
9636,465152,53.094791412353516,59,0.4552000000000517
9637,465152,22.616779327392578,28,0.4552000000000517
9638,465152,56.77769470214844,63,0.4552000000000517
9639,465152,56.58735656738281,63,0.4552000000000517
9640,465152,25.16761016845703,31,0.4552000000000517
9641,465152,30.993061065673828,37,0.4552000000000517
9642,465408,21.27081871032715,27,0.45490000000005165
9643,465408,56.10575866699219,62,0.45490000000005165
9644,465408,58.33261489868164,65,0.45490000000005165
9645,465664,31.738296508789062,38,0.45460000000005163
9646,465664,71.15428924560547,78,0.45460000000005163
9647,465664,69.1527099609375,76,0.45460000000005163
9648,465920,38.59229278564453,45,0.4543000000000516
9649,465920,28.076141357421875,34,0.4543000000000516
9650,466176,56.181915283203125,63,0.4540000000000516
9651,466176,24.970815658569336,31,0.4540000000000516
9652,466176,32.28886413574219,39,0.4540000000000516
9653,466176,23.347448348999023,29,0.4540000000000516
9654,466176,46.94700622558594,53,0.4540000000000516
9655,466176,42.23516082763672,48,0.4540000000000516
9656,466432,23.836566925048828,30,0.45370000000005156
9657,466432,65.96228790283203,72,0.45370000000005156
9658,466688,53.32163619995117,59,0.45340000000005154
9659,466944,44.435211181640625,50,0.4531000000000515
9660,466944,60.71815490722656,67,0.4531000000000515
9661,466944,68.6632080078125,76,0.4531000000000515
9662,467200,52.459381103515625,58,0.4528000000000515
9663,467200,24.519102096557617,30,0.4528000000000515
9664,467456,101.57421112060547,108,0.45250000000005147
9665,467456,43.27997589111328,49,0.45250000000005147
9666,467456,25.980712890625,32,0.45250000000005147
9667,467456,25.672985076904297,32,0.45250000000005147
9668,467456,26.808549880981445,33,0.45250000000005147
9669,467456,51.36970138549805,58,0.45250000000005147
9670,467712,32.90178298950195,39,0.45220000000005145
9671,467712,33.3340950012207,41,0.45220000000005145
9672,467712,28.694814682006836,35,0.45220000000005145
9673,467712,45.882728576660156,52,0.45220000000005145
9674,467712,43.69230270385742,50,0.45220000000005145
9675,467712,32.87432098388672,39,0.45220000000005145
9676,467968,60.31731414794922,67,0.4519000000000514
9677,467968,38.12697982788086,44,0.4519000000000514
9678,467968,49.0710563659668,55,0.4519000000000514
9679,467968,33.326873779296875,40,0.4519000000000514
9680,467968,23.999622344970703,30,0.4519000000000514
9681,467968,33.811519622802734,40,0.4519000000000514
9682,467968,44.80995559692383,51,0.4519000000000514
9683,468224,40.2222900390625,47,0.4516000000000514
9684,468224,61.43948745727539,68,0.4516000000000514
9685,468224,66.38333129882812,73,0.4516000000000514
9686,468480,30.836999893188477,37,0.4513000000000514
9687,468480,20.605335235595703,26,0.4513000000000514
9688,468480,41.844932556152344,48,0.4513000000000514
9689,468480,27.336570739746094,34,0.4513000000000514
9690,468736,61.6848258972168,69,0.45100000000005136
9691,468736,35.999298095703125,42,0.45100000000005136
9692,468736,34.341678619384766,40,0.45100000000005136
9693,468736,48.27752685546875,54,0.45100000000005136
9694,468736,50.252017974853516,57,0.45100000000005136
9695,468736,58.534088134765625,65,0.45100000000005136
9696,468992,37.69820785522461,44,0.45070000000005134
9697,468992,44.621097564697266,51,0.45070000000005134
9698,469248,26.03921890258789,32,0.4504000000000513
9699,469248,56.27313995361328,62,0.4504000000000513
9700,469248,90.846923828125,98,0.4504000000000513
9701,469248,90.41866302490234,98,0.4504000000000513
9702,469248,27.767000198364258,34,0.4504000000000513
9703,469504,62.604164123535156,70,0.4501000000000513
9704,469504,24.211990356445312,30,0.4501000000000513
9705,469504,55.39384460449219,61,0.4501000000000513
9706,469504,29.899871826171875,36,0.4501000000000513
9707,469504,31.192737579345703,37,0.4501000000000513
9708,469504,22.9437198638916,29,0.4501000000000513
9709,469504,53.44716262817383,61,0.4501000000000513
9710,469760,85.44950103759766,92,0.44980000000005127
9711,469760,27.957799911499023,34,0.44980000000005127
9712,469760,53.42530059814453,59,0.44980000000005127
9713,470016,36.81983184814453,43,0.44950000000005125
9714,470016,74.68903350830078,81,0.44950000000005125
9715,470272,30.448406219482422,37,0.4492000000000512
9716,470272,41.76603698730469,48,0.4492000000000512
9717,470272,50.837974548339844,57,0.4492000000000512
9718,470272,43.37492370605469,49,0.4492000000000512
9719,470272,57.365325927734375,64,0.4492000000000512
9720,470528,90.16387176513672,98,0.4489000000000512
9721,470528,43.400638580322266,51,0.4489000000000512
9722,470784,23.12990951538086,29,0.4486000000000512
9723,470784,48.866119384765625,54,0.4486000000000512
9724,471040,42.51185607910156,48,0.44830000000005116
9725,471040,35.04453659057617,41,0.44830000000005116
9726,471040,41.15740203857422,48,0.44830000000005116
9727,471296,30.238927841186523,36,0.44800000000005114
9728,471296,42.396358489990234,48,0.44800000000005114
9729,471296,40.74281692504883,48,0.44800000000005114
9730,471296,46.37042999267578,52,0.44800000000005114
9731,471296,68.49636840820312,75,0.44800000000005114
9732,471296,54.90357208251953,63,0.44800000000005114
9733,471552,74.96833038330078,83,0.4477000000000511
9734,471552,54.10206985473633,60,0.4477000000000511
9735,471552,27.950668334960938,34,0.4477000000000511
9736,471552,23.90761947631836,30,0.4477000000000511
9737,471552,51.6668586730957,58,0.4477000000000511
9738,471552,89.9685287475586,97,0.4477000000000511
9739,471552,26.388200759887695,32,0.4477000000000511
9740,471552,58.777462005615234,65,0.4477000000000511
9741,471552,23.30178451538086,29,0.4477000000000511
9742,471808,52.83477783203125,59,0.4474000000000511
9743,471808,66.11935424804688,73,0.4474000000000511
9744,472064,24.945270538330078,31,0.44710000000005107
9745,472064,51.17211151123047,57,0.44710000000005107
9746,472064,38.94878387451172,45,0.44710000000005107
9747,472064,65.6313247680664,72,0.44710000000005107
9748,472064,46.65126419067383,52,0.44710000000005107
9749,472064,63.05239486694336,69,0.44710000000005107
9750,472320,53.35693359375,60,0.44680000000005105
9751,472320,51.74540710449219,58,0.44680000000005105
9752,472576,47.121517181396484,53,0.446500000000051
9753,472576,24.842416763305664,31,0.446500000000051
9754,472576,51.14732360839844,57,0.446500000000051
9755,472576,55.97763442993164,62,0.446500000000051
9756,472576,29.899181365966797,36,0.446500000000051
9757,472576,40.3690071105957,46,0.446500000000051
9758,472832,57.391136169433594,63,0.446200000000051
9759,472832,62.3144416809082,69,0.446200000000051
9760,472832,37.449462890625,43,0.446200000000051
9761,472832,57.586341857910156,64,0.446200000000051
9762,472832,65.51058959960938,72,0.446200000000051
9763,472832,69.32292175292969,76,0.446200000000051
9764,473088,56.882991790771484,63,0.445900000000051
9765,473088,23.076492309570312,29,0.445900000000051
9766,473088,38.73963928222656,45,0.445900000000051
9767,473088,31.980010986328125,38,0.445900000000051
9768,473088,61.67121124267578,68,0.445900000000051
9769,473088,56.216941833496094,63,0.445900000000051
9770,473088,69.25696563720703,76,0.445900000000051
9771,473344,23.167579650878906,29,0.44560000000005096
9772,473344,37.55458068847656,44,0.44560000000005096
9773,473344,38.57450866699219,44,0.44560000000005096
9774,473344,86.12622833251953,93,0.44560000000005096
9775,473344,52.5690803527832,61,0.44560000000005096
9776,473600,63.75887680053711,70,0.44530000000005093
9777,473600,94.68055725097656,102,0.44530000000005093
9778,473600,52.82453155517578,59,0.44530000000005093
9779,473600,49.21434020996094,55,0.44530000000005093
9780,473600,53.932281494140625,61,0.44530000000005093
9781,473600,47.535213470458984,55,0.44530000000005093
9782,473856,56.59842300415039,63,0.4450000000000509
9783,473856,71.44966888427734,78,0.4450000000000509
9784,474112,62.222572326660156,69,0.4447000000000509
9785,474112,62.93669128417969,69,0.4447000000000509
9786,474112,92.34455871582031,101,0.4447000000000509
9787,474112,56.773048400878906,63,0.4447000000000509
9788,474112,59.10651779174805,65,0.4447000000000509
9789,474112,57.204490661621094,64,0.4447000000000509
9790,474112,65.65731811523438,72,0.4447000000000509
9791,474112,69.75654602050781,78,0.4447000000000509
9792,474112,52.42298889160156,59,0.4447000000000509
9793,474112,58.78329086303711,65,0.4447000000000509
9794,474112,35.98839569091797,42,0.4447000000000509
9795,474368,30.453414916992188,36,0.44440000000005087
9796,474368,58.3337287902832,64,0.44440000000005087
9797,474368,78.60365295410156,85,0.44440000000005087
9798,474368,26.429533004760742,32,0.44440000000005087
9799,474368,32.809776306152344,39,0.44440000000005087
9800,474368,33.58089065551758,40,0.44440000000005087
9801,474368,28.975692749023438,35,0.44440000000005087
9802,474624,55.031898498535156,61,0.44410000000005084
9803,474624,46.45088195800781,54,0.44410000000005084
9804,474624,49.155277252197266,55,0.44410000000005084
9805,474624,57.016571044921875,63,0.44410000000005084
9806,474624,42.15065002441406,48,0.44410000000005084
9807,474624,49.66578674316406,56,0.44410000000005084
9808,474624,43.49048614501953,49,0.44410000000005084
9809,474880,24.91535758972168,31,0.4438000000000508
9810,474880,82.05816650390625,89,0.4438000000000508
9811,474880,47.77159881591797,54,0.4438000000000508
9812,475136,23.3845272064209,29,0.4435000000000508
9813,475136,62.44228744506836,69,0.4435000000000508
9814,475136,54.51730728149414,61,0.4435000000000508
9815,475136,37.54692077636719,43,0.4435000000000508
9816,475136,57.71995162963867,64,0.4435000000000508
9817,475136,58.54196548461914,65,0.4435000000000508
9818,475392,26.081144332885742,32,0.4432000000000508
9819,475392,58.04329299926758,64,0.4432000000000508
9820,475392,40.97720718383789,47,0.4432000000000508
9821,475648,58.7552490234375,65,0.44290000000005075
9822,475648,49.53868865966797,55,0.44290000000005075
9823,475648,59.4678955078125,66,0.44290000000005075
9824,475904,49.83761978149414,56,0.44260000000005073
9825,475904,68.76488494873047,75,0.44260000000005073
9826,475904,35.753204345703125,42,0.44260000000005073
9827,475904,19.701038360595703,25,0.44260000000005073
9828,476160,55.46083068847656,63,0.4423000000000507
9829,476160,54.67279815673828,61,0.4423000000000507
9830,476160,81.9582290649414,89,0.4423000000000507
9831,476160,61.458919525146484,68,0.4423000000000507
9832,476416,33.25394821166992,40,0.4420000000000507
9833,476416,43.15061950683594,49,0.4420000000000507
9834,476416,65.2004165649414,72,0.4420000000000507
9835,476672,39.97469711303711,46,0.44170000000005066
9836,476672,39.01589584350586,45,0.44170000000005066
9837,476672,43.196529388427734,49,0.44170000000005066
9838,476672,21.98712158203125,28,0.44170000000005066
9839,476672,62.56999206542969,69,0.44170000000005066
9840,476672,39.27227783203125,45,0.44170000000005066
9841,476672,34.41551208496094,41,0.44170000000005066
9842,476928,47.001304626464844,53,0.44140000000005064
9843,476928,40.73880386352539,47,0.44140000000005064
9844,477184,43.36773681640625,51,0.4411000000000506
9845,477184,36.570335388183594,43,0.4411000000000506
9846,477184,87.24996948242188,94,0.4411000000000506
9847,477440,34.187686920166016,40,0.4408000000000506
9848,477440,61.211524963378906,68,0.4408000000000506
9849,477440,36.940269470214844,43,0.4408000000000506
9850,477696,43.117122650146484,49,0.4405000000000506
9851,477696,30.192840576171875,36,0.4405000000000506
9852,478208,72.77460479736328,80,0.43990000000005053
9853,478208,68.01477813720703,75,0.43990000000005053
9854,478208,53.04597091674805,59,0.43990000000005053
9855,478464,42.125205993652344,48,0.4396000000000505
9856,478464,29.272991180419922,35,0.4396000000000505
9857,478464,31.229572296142578,38,0.4396000000000505
9858,478464,40.88932800292969,47,0.4396000000000505
9859,478720,65.66905212402344,74,0.4393000000000505
9860,478976,58.241817474365234,64,0.43900000000005046
9861,478976,28.19137954711914,34,0.43900000000005046
9862,479232,65.60765838623047,73,0.43870000000005044
9863,479232,56.36875534057617,63,0.43870000000005044
9864,479232,37.872581481933594,44,0.43870000000005044
9865,479232,24.21761703491211,30,0.43870000000005044
9866,479232,28.629093170166016,35,0.43870000000005044
9867,479232,62.49893569946289,69,0.43870000000005044
9868,479232,29.001314163208008,35,0.43870000000005044
9869,479488,22.465349197387695,28,0.4384000000000504
9870,479488,73.17857360839844,80,0.4384000000000504
9871,479744,69.88253021240234,78,0.4381000000000504
9872,479744,62.14348602294922,69,0.4381000000000504
9873,479744,48.6643180847168,55,0.4381000000000504
9874,479744,26.232332229614258,32,0.4381000000000504
9875,479744,19.428659439086914,25,0.4381000000000504
9876,479744,78.39218139648438,85,0.4381000000000504
9877,479744,65.2468490600586,71,0.4381000000000504
9878,479744,25.362686157226562,31,0.4381000000000504
9879,480000,76.9901351928711,85,0.43780000000005037
9880,480000,57.08869171142578,63,0.43780000000005037
9881,480000,42.416831970214844,49,0.43780000000005037
9882,480000,28.009769439697266,34,0.43780000000005037
9883,480000,48.86199951171875,55,0.43780000000005037
9884,480256,95.30548858642578,103,0.43750000000005035
9885,480256,22.92776107788086,29,0.43750000000005035
9886,480256,53.50151443481445,60,0.43750000000005035
9887,480512,73.94647979736328,81,0.4372000000000503
9888,480512,93.55596160888672,101,0.4372000000000503
9889,480512,39.82404327392578,46,0.4372000000000503
9890,481024,70.06770324707031,77,0.4366000000000503
9891,481024,43.58218002319336,51,0.4366000000000503
9892,481024,45.401344299316406,52,0.4366000000000503
9893,481024,40.14822769165039,46,0.4366000000000503
9894,481024,27.348878860473633,33,0.4366000000000503
9895,481280,24.285457611083984,30,0.43630000000005026
9896,481280,60.83332061767578,68,0.43630000000005026
9897,481280,55.46123504638672,62,0.43630000000005026
9898,481536,93.20074462890625,102,0.43600000000005024
9899,481536,40.32523727416992,47,0.43600000000005024
9900,481536,58.04293441772461,64,0.43600000000005024
9901,481536,47.98647689819336,55,0.43600000000005024
9902,481792,34.40774917602539,40,0.4357000000000502
9903,481792,48.69739532470703,55,0.4357000000000502
9904,481792,24.23178482055664,30,0.4357000000000502
9905,481792,20.540414810180664,26,0.4357000000000502
9906,482048,71.68193817138672,78,0.4354000000000502
9907,482048,47.639564514160156,54,0.4354000000000502
9908,482048,44.20726776123047,50,0.4354000000000502
9909,482048,76.40303802490234,85,0.4354000000000502
9910,482048,73.38543701171875,80,0.4354000000000502
9911,482304,35.459632873535156,42,0.43510000000005017
9912,482304,63.79386520385742,70,0.43510000000005017
9913,482304,49.6467170715332,56,0.43510000000005017
9914,482304,76.96281433105469,84,0.43510000000005017
9915,482304,73.3869857788086,80,0.43510000000005017
9916,482304,76.12114715576172,83,0.43510000000005017
9917,482304,32.80793380737305,40,0.43510000000005017
9918,482304,109.96066284179688,120,0.43510000000005017
9919,482304,59.01970291137695,65,0.43510000000005017
9920,482560,50.963462829589844,58,0.43480000000005015
9921,482560,37.33379364013672,44,0.43480000000005015
9922,482560,39.485103607177734,45,0.43480000000005015
9923,482560,65.52945709228516,72,0.43480000000005015
9924,482560,37.5733528137207,44,0.43480000000005015
9925,482560,24.953474044799805,31,0.43480000000005015
9926,482560,37.28946304321289,43,0.43480000000005015
9927,482816,34.91554260253906,41,0.4345000000000501
9928,482816,61.67980194091797,68,0.4345000000000501
9929,482816,30.108579635620117,36,0.4345000000000501
9930,482816,52.12904739379883,58,0.4345000000000501
9931,482816,64.88204193115234,71,0.4345000000000501
9932,482816,65.1932144165039,72,0.4345000000000501
9933,483072,45.94308090209961,52,0.4342000000000501
9934,483072,27.81915283203125,34,0.4342000000000501
9935,483072,34.09339141845703,41,0.4342000000000501
9936,483072,19.43803596496582,25,0.4342000000000501
9937,483072,57.19559097290039,63,0.4342000000000501
9938,483072,73.48609924316406,83,0.4342000000000501
9939,483072,26.70416259765625,33,0.4342000000000501
9940,483328,74.98336791992188,83,0.4339000000000501
9941,483328,30.287891387939453,36,0.4339000000000501
9942,483328,71.45907592773438,78,0.4339000000000501
9943,483328,65.84120178222656,72,0.4339000000000501
9944,483328,88.029052734375,98,0.4339000000000501
9945,483328,47.566864013671875,54,0.4339000000000501
9946,483840,66.15347290039062,73,0.43330000000005003
9947,483840,31.486291885375977,38,0.43330000000005003
9948,483840,57.968360900878906,64,0.43330000000005003
9949,483840,88.21882629394531,95,0.43330000000005003
9950,483840,45.15919876098633,52,0.43330000000005003
9951,484096,30.706438064575195,37,0.43300000000005
9952,484096,87.93413543701172,97,0.43300000000005
9953,484096,23.10973358154297,29,0.43300000000005
9954,484096,45.21977996826172,52,0.43300000000005
9955,484096,34.856266021728516,41,0.43300000000005
9956,484096,74.34840393066406,83,0.43300000000005
9957,484096,37.95832061767578,45,0.43300000000005
9958,484096,54.15117645263672,60,0.43300000000005
9959,484096,45.8592643737793,52,0.43300000000005
9960,484096,36.2654914855957,43,0.43300000000005
9961,484352,44.594696044921875,51,0.43270000000005
9962,484352,27.839801788330078,34,0.43270000000005
9963,484352,48.9403190612793,55,0.43270000000005
9964,484352,61.399173736572266,69,0.43270000000005
9965,484352,36.68647766113281,42,0.43270000000005
9966,484608,38.637481689453125,45,0.43240000000004997
9967,484608,41.01325225830078,47,0.43240000000004997
9968,484608,78.97132110595703,86,0.43240000000004997
9969,484608,38.800601959228516,45,0.43240000000004997
9970,484864,87.72989654541016,94,0.43210000000004994
9971,484864,58.89685821533203,64,0.43210000000004994
9972,484864,72.58689880371094,79,0.43210000000004994
9973,484864,59.32990264892578,65,0.43210000000004994
9974,484864,77.56134033203125,84,0.43210000000004994
9975,485120,84.13672637939453,91,0.4318000000000499
9976,485120,98.83352661132812,109,0.4318000000000499
9977,485120,91.98579406738281,101,0.4318000000000499
9978,485376,26.412778854370117,32,0.4315000000000499
9979,485376,61.88800811767578,68,0.4315000000000499
9980,485376,33.971412658691406,40,0.4315000000000499
9981,485376,29.6821231842041,36,0.4315000000000499
9982,485376,42.997291564941406,50,0.4315000000000499
9983,485632,47.38469696044922,53,0.4312000000000499
9984,485632,39.82638168334961,46,0.4312000000000499
9985,485888,33.4424934387207,39,0.43090000000004985
9986,485888,57.55411148071289,64,0.43090000000004985
9987,485888,35.97325897216797,42,0.43090000000004985
9988,485888,55.11000442504883,62,0.43090000000004985
9989,485888,43.47838592529297,50,0.43090000000004985
9990,486144,42.529659271240234,50,0.43060000000004983
9991,486144,57.44903564453125,64,0.43060000000004983
9992,486144,40.493690490722656,48,0.43060000000004983
9993,486144,38.62320327758789,45,0.43060000000004983
9994,486144,55.872249603271484,62,0.43060000000004983
9995,486144,30.822582244873047,37,0.43060000000004983
9996,486144,43.62187576293945,50,0.43060000000004983
9997,486144,21.612667083740234,27,0.43060000000004983
9998,486400,66.55901336669922,73,0.4303000000000498
9999,486400,63.77174758911133,70,0.4303000000000498
10000,486400,81.44781494140625,90,0.4303000000000498
10001,486400,42.16024398803711,48,0.4303000000000498
10002,486400,20.651214599609375,26,0.4303000000000498
10003,486656,104.15982055664062,111,0.4300000000000498
10004,486656,64.82604217529297,71,0.4300000000000498
10005,486656,60.30708312988281,67,0.4300000000000498
10006,486656,98.21315002441406,108,0.4300000000000498
10007,486912,53.474830627441406,60,0.42970000000004976
10008,486912,50.21883773803711,58,0.42970000000004976
10009,486912,53.13523483276367,60,0.42970000000004976
10010,486912,52.306175231933594,58,0.42970000000004976
10011,486912,24.25450897216797,30,0.42970000000004976
10012,486912,43.201053619384766,49,0.42970000000004976
10013,487168,68.98173522949219,75,0.42940000000004974
10014,487168,60.64923858642578,67,0.42940000000004974
10015,487168,85.14159393310547,92,0.42940000000004974
10016,487168,44.41129684448242,51,0.42940000000004974
10017,487168,88.69213104248047,96,0.42940000000004974
10018,487424,49.858768463134766,56,0.4291000000000497
10019,487424,23.492679595947266,29,0.4291000000000497
10020,487424,24.993526458740234,31,0.4291000000000497
10021,487424,38.14250946044922,44,0.4291000000000497
10022,487424,71.425537109375,78,0.4291000000000497
10023,487680,42.040008544921875,48,0.4288000000000497
10024,487680,72.76424407958984,79,0.4288000000000497
10025,487680,24.334972381591797,30,0.4288000000000497
10026,487936,49.164371490478516,56,0.4285000000000497
10027,487936,64.816162109375,71,0.4285000000000497
10028,488192,45.48851776123047,52,0.42820000000004965
10029,488192,22.355884552001953,28,0.42820000000004965
10030,488192,45.87489318847656,52,0.42820000000004965
10031,488192,49.013736724853516,55,0.42820000000004965
10032,488448,25.244647979736328,31,0.42790000000004963
10033,488448,58.61746597290039,65,0.42790000000004963
10034,488448,63.22445297241211,70,0.42790000000004963
10035,488448,37.945011138916016,44,0.42790000000004963
10036,488448,45.87812042236328,52,0.42790000000004963
10037,488448,59.66323471069336,66,0.42790000000004963
10038,488448,127.94876861572266,136,0.42790000000004963
10039,488448,51.228599548339844,58,0.42790000000004963
10040,488448,50.38115692138672,56,0.42790000000004963
10041,488704,62.576133728027344,69,0.4276000000000496
10042,488960,70.70763397216797,79,0.4273000000000496
10043,488960,93.42353057861328,100,0.4273000000000496
10044,488960,70.88411712646484,77,0.4273000000000496
10045,488960,54.79255676269531,61,0.4273000000000496
10046,488960,56.894527435302734,63,0.4273000000000496
10047,488960,59.51252746582031,66,0.4273000000000496
10048,488960,56.37981033325195,63,0.4273000000000496
10049,489216,58.90180969238281,65,0.42700000000004956
10050,489216,28.737152099609375,35,0.42700000000004956
10051,489216,53.36078643798828,59,0.42700000000004956
10052,489216,52.01177978515625,58,0.42700000000004956
10053,489216,31.057483673095703,37,0.42700000000004956
10054,489728,23.97287368774414,30,0.4264000000000495
10055,489728,31.297710418701172,37,0.4264000000000495
10056,489984,75.98035430908203,82,0.4261000000000495
10057,489984,66.57450866699219,74,0.4261000000000495
10058,489984,60.41346740722656,66,0.4261000000000495
10059,489984,77.7880630493164,85,0.4261000000000495
10060,490240,48.40098571777344,55,0.4258000000000495
10061,490240,50.249359130859375,56,0.4258000000000495
10062,490240,113.66738891601562,125,0.4258000000000495
10063,490240,34.260414123535156,41,0.4258000000000495
10064,490496,26.448158264160156,32,0.42550000000004945
10065,490496,49.07645797729492,55,0.42550000000004945
10066,490496,84.5084457397461,92,0.42550000000004945
10067,490496,44.989139556884766,51,0.42550000000004945
10068,490752,47.78184509277344,54,0.4252000000000494
10069,490752,45.197025299072266,51,0.4252000000000494
10070,490752,28.78172492980957,35,0.4252000000000494
10071,490752,31.382282257080078,37,0.4252000000000494
10072,490752,42.35843276977539,49,0.4252000000000494
10073,491008,32.84925079345703,39,0.4249000000000494
10074,491008,23.83782196044922,30,0.4249000000000494
10075,491008,70.16168975830078,77,0.4249000000000494
10076,491008,70.62959289550781,77,0.4249000000000494
10077,491264,38.61871337890625,45,0.4246000000000494
10078,491264,28.642223358154297,34,0.4246000000000494
10079,491264,54.62086868286133,60,0.4246000000000494
10080,491264,31.767478942871094,38,0.4246000000000494
10081,491520,52.806575775146484,59,0.42430000000004936
10082,491520,81.27537536621094,89,0.42430000000004936
10083,491520,33.596717834472656,40,0.42430000000004936
10084,491520,66.75211334228516,73,0.42430000000004936
10085,491776,25.576223373413086,31,0.42400000000004934
10086,491776,81.93864440917969,89,0.42400000000004934
10087,491776,41.28421401977539,47,0.42400000000004934
10088,491776,35.54539108276367,41,0.42400000000004934
10089,491776,29.208879470825195,35,0.42400000000004934
10090,491776,31.288625717163086,37,0.42400000000004934
10091,491776,60.773223876953125,67,0.42400000000004934
10092,491776,102.27487182617188,111,0.42400000000004934
10093,492032,32.28361511230469,38,0.4237000000000493
10094,492288,87.58324432373047,95,0.4234000000000493
10095,492288,40.915470123291016,47,0.4234000000000493
10096,492288,23.520605087280273,29,0.4234000000000493
10097,492288,18.809206008911133,24,0.4234000000000493
10098,492544,29.60662841796875,36,0.42310000000004927
10099,492544,50.17753601074219,56,0.42310000000004927
10100,492544,61.86286544799805,68,0.42310000000004927
10101,492544,31.143972396850586,37,0.42310000000004927
10102,492544,45.579959869384766,52,0.42310000000004927
10103,492800,91.76298522949219,98,0.42280000000004925
10104,492800,40.09827423095703,46,0.42280000000004925
10105,492800,65.8583984375,72,0.42280000000004925
10106,492800,23.499277114868164,29,0.42280000000004925
10107,492800,71.45552062988281,78,0.42280000000004925
10108,492800,64.15679931640625,71,0.42280000000004925
10109,493056,66.63624572753906,73,0.4225000000000492
10110,493056,96.23912048339844,105,0.4225000000000492
10111,493056,60.20502853393555,66,0.4225000000000492
10112,493056,51.347171783447266,57,0.4225000000000492
10113,493312,22.620956420898438,28,0.4222000000000492
10114,493312,58.60072326660156,66,0.4222000000000492
10115,493312,43.14507293701172,50,0.4222000000000492
10116,493312,48.39250946044922,55,0.4222000000000492
10117,493312,26.757780075073242,33,0.4222000000000492
10118,493568,30.997726440429688,37,0.4219000000000492
10119,493568,86.7626724243164,95,0.4219000000000492
10120,493568,36.92135238647461,43,0.4219000000000492
10121,493824,40.99930953979492,47,0.42160000000004916
10122,493824,59.395389556884766,67,0.42160000000004916
10123,493824,38.8189582824707,45,0.42160000000004916
10124,493824,80.31668090820312,87,0.42160000000004916
10125,494080,74.83831024169922,81,0.42130000000004914
10126,494080,25.359027862548828,31,0.42130000000004914
10127,494080,34.15483093261719,39,0.42130000000004914
10128,494080,34.22134780883789,40,0.42130000000004914
10129,494080,71.85948944091797,78,0.42130000000004914
10130,494336,29.184036254882812,35,0.4210000000000491
10131,494336,52.95789337158203,59,0.4210000000000491
10132,494336,76.49203491210938,84,0.4210000000000491
10133,494336,76.77748107910156,83,0.4210000000000491
10134,494592,27.37701416015625,33,0.4207000000000491
10135,494592,42.88193130493164,49,0.4207000000000491
10136,494592,39.59053421020508,47,0.4207000000000491
10137,494848,94.57012939453125,102,0.42040000000004907
10138,494848,36.116634368896484,42,0.42040000000004907
10139,494848,46.56621170043945,52,0.42040000000004907
10140,494848,42.17856979370117,48,0.42040000000004907
10141,494848,23.415550231933594,29,0.42040000000004907
10142,494848,73.33191680908203,81,0.42040000000004907
10143,494848,67.99032592773438,74,0.42040000000004907
10144,495104,26.968395233154297,33,0.42010000000004905
10145,495104,28.93065643310547,35,0.42010000000004905
10146,495104,64.99224853515625,71,0.42010000000004905
10147,495104,75.13553619384766,82,0.42010000000004905
10148,495104,43.925819396972656,50,0.42010000000004905
10149,495104,38.29438400268555,44,0.42010000000004905
10150,495104,25.781551361083984,32,0.42010000000004905
10151,495104,73.58989715576172,80,0.42010000000004905
10152,495360,28.5120792388916,34,0.419800000000049
10153,495360,71.20441436767578,77,0.419800000000049
10154,495360,41.79176712036133,48,0.419800000000049
10155,495360,28.3795166015625,34,0.419800000000049
10156,495616,53.75702667236328,61,0.419500000000049
10157,495616,60.690643310546875,67,0.419500000000049
10158,495616,39.98960876464844,46,0.419500000000049
10159,495616,43.79142379760742,50,0.419500000000049
10160,495616,62.36469268798828,71,0.419500000000049
10161,495872,39.288795471191406,45,0.419200000000049
10162,495872,35.056007385253906,41,0.419200000000049
10163,495872,44.155845642089844,50,0.419200000000049
10164,495872,42.765602111816406,49,0.419200000000049
10165,495872,29.191177368164062,35,0.419200000000049
10166,495872,25.025623321533203,31,0.419200000000049
10167,495872,77.37073516845703,84,0.419200000000049
10168,495872,48.40058898925781,54,0.419200000000049
10169,495872,66.20016479492188,72,0.419200000000049
10170,495872,56.56914138793945,64,0.419200000000049
10171,496128,39.2564811706543,45,0.41890000000004896
10172,496128,104.42227172851562,112,0.41890000000004896
10173,496128,22.67119598388672,28,0.41890000000004896
10174,496128,41.05944061279297,47,0.41890000000004896
10175,496384,65.21226501464844,71,0.41860000000004893
10176,496384,46.17936706542969,52,0.41860000000004893
10177,496384,49.29145431518555,55,0.41860000000004893
10178,496384,36.76359176635742,43,0.41860000000004893
10179,496384,40.419498443603516,46,0.41860000000004893
10180,496640,51.54384994506836,57,0.4183000000000489
10181,496640,55.14622116088867,61,0.4183000000000489
10182,496640,64.31361389160156,71,0.4183000000000489
10183,496640,79.82738494873047,87,0.4183000000000489
10184,496640,59.99225997924805,66,0.4183000000000489
10185,496640,46.36754608154297,52,0.4183000000000489
10186,496896,25.517818450927734,31,0.4180000000000489
10187,496896,50.23426055908203,56,0.4180000000000489
10188,496896,77.60974884033203,84,0.4180000000000489
10189,496896,48.94440460205078,55,0.4180000000000489
10190,497152,59.37047576904297,65,0.41770000000004887
10191,497152,52.1767692565918,58,0.41770000000004887
10192,497152,48.829254150390625,55,0.41770000000004887
10193,497152,101.84036254882812,109,0.41770000000004887
10194,497152,37.47092819213867,43,0.41770000000004887
10195,497152,34.48861312866211,40,0.41770000000004887
10196,497152,54.0169563293457,60,0.41770000000004887
10197,497152,57.332820892333984,63,0.41770000000004887
10198,497408,91.98963165283203,99,0.41740000000004884
10199,497408,32.00277328491211,38,0.41740000000004884
10200,497408,55.865840911865234,62,0.41740000000004884
10201,497664,63.301204681396484,70,0.4171000000000488
10202,497664,65.73772430419922,72,0.4171000000000488
10203,497664,29.020492553710938,35,0.4171000000000488
10204,497664,49.44853210449219,56,0.4171000000000488
10205,497664,53.18611526489258,61,0.4171000000000488
10206,497920,81.42601013183594,88,0.4168000000000488
10207,497920,82.1364974975586,89,0.4168000000000488
10208,497920,67.4527816772461,74,0.4168000000000488
10209,497920,72.35672760009766,79,0.4168000000000488
10210,497920,30.699462890625,37,0.4168000000000488
10211,497920,50.8644905090332,57,0.4168000000000488
10212,498176,25.78131103515625,32,0.4165000000000488
10213,498176,44.798465728759766,51,0.4165000000000488
10214,498176,30.444684982299805,36,0.4165000000000488
10215,498176,76.61942291259766,84,0.4165000000000488
10216,498432,76.21098327636719,83,0.41620000000004875
10217,498688,42.30837631225586,48,0.41590000000004873
10218,498688,56.669654846191406,63,0.41590000000004873
10219,498688,43.968238830566406,50,0.41590000000004873
10220,498688,49.917083740234375,56,0.41590000000004873
10221,498688,85.88002014160156,93,0.41590000000004873
10222,498944,52.54777145385742,59,0.4156000000000487
10223,499200,68.09828186035156,75,0.4153000000000487
10224,499456,26.21502113342285,32,0.41500000000004866
10225,499456,155.57337951660156,164,0.41500000000004866
10226,499456,47.68418884277344,54,0.41500000000004866
10227,499456,48.13911437988281,54,0.41500000000004866
10228,499456,24.92213249206543,31,0.41500000000004866
10229,499456,60.625732421875,67,0.41500000000004866
10230,499456,81.42789459228516,89,0.41500000000004866
10231,499712,60.754215240478516,67,0.41470000000004864
10232,499712,30.79296875,37,0.41470000000004864
10233,499712,23.212608337402344,29,0.41470000000004864
10234,499968,38.875972747802734,45,0.4144000000000486
10235,499968,52.179786682128906,59,0.4144000000000486
10236,499968,77.18922424316406,84,0.4144000000000486
10237,499968,46.7429084777832,53,0.4144000000000486
10238,500224,54.728370666503906,61,0.4141000000000486
10239,500224,33.7823371887207,40,0.4141000000000486
10240,500736,77.02774047851562,85,0.41350000000004855
10241,500736,28.778013229370117,35,0.41350000000004855
10242,500736,26.068954467773438,32,0.41350000000004855
10243,500992,47.412269592285156,54,0.41320000000004853
10244,500992,43.895286560058594,49,0.41320000000004853
10245,500992,64.57711791992188,71,0.41320000000004853
10246,500992,58.92094802856445,65,0.41320000000004853
10247,500992,21.496109008789062,27,0.41320000000004853
10248,501248,53.565391540527344,60,0.4129000000000485
10249,501248,26.57097625732422,32,0.4129000000000485
10250,501248,30.68756866455078,37,0.4129000000000485
10251,501504,80.26122283935547,87,0.4126000000000485
10252,501760,58.432010650634766,65,0.41230000000004846
10253,501760,50.01225662231445,56,0.41230000000004846
10254,501760,28.95703125,35,0.41230000000004846
10255,501760,37.19464111328125,44,0.41230000000004846
10256,501760,92.97432708740234,102,0.41230000000004846
10257,501760,53.96397399902344,61,0.41230000000004846
10258,501760,45.84587860107422,52,0.41230000000004846
10259,502016,78.97422790527344,86,0.41200000000004844
10260,502016,48.3819580078125,54,0.41200000000004844
10261,502016,68.40390014648438,75,0.41200000000004844
10262,502016,43.77201843261719,50,0.41200000000004844
10263,502016,84.2475814819336,91,0.41200000000004844
10264,502528,45.92518615722656,52,0.4114000000000484
10265,502528,27.683902740478516,34,0.4114000000000484
10266,503040,33.48106384277344,40,0.41080000000004835
10267,503040,46.17011260986328,54,0.41080000000004835
10268,503040,59.81856155395508,67,0.41080000000004835
10269,503296,43.529720306396484,51,0.4105000000000483
10270,503296,66.23346710205078,74,0.4105000000000483
10271,503296,40.102046966552734,46,0.4105000000000483
10272,503296,53.529781341552734,62,0.4105000000000483
10273,503296,38.569007873535156,45,0.4105000000000483
10274,503552,76.42045593261719,85,0.4102000000000483
10275,503808,37.55221939086914,44,0.4099000000000483
10276,503808,25.009416580200195,31,0.4099000000000483
10277,503808,44.5364875793457,52,0.4099000000000483
10278,504064,57.108219146728516,64,0.40960000000004826
10279,504064,60.50679016113281,67,0.40960000000004826
10280,504320,74.17304992675781,83,0.40930000000004824
10281,504576,69.27123260498047,76,0.4090000000000482
10282,504576,34.35578536987305,40,0.4090000000000482
10283,504576,55.085662841796875,63,0.4090000000000482
10284,504832,32.97594451904297,39,0.4087000000000482
10285,504832,70.09194946289062,78,0.4087000000000482
10286,504832,38.43611145019531,45,0.4087000000000482
10287,504832,49.349639892578125,55,0.4087000000000482
10288,505088,78.1904067993164,86,0.40840000000004817
10289,505344,58.149436950683594,64,0.40810000000004815
10290,505344,34.37540054321289,40,0.40810000000004815
10291,505344,28.399824142456055,34,0.40810000000004815
10292,505600,69.61544036865234,77,0.4078000000000481
10293,505600,34.99684524536133,42,0.4078000000000481
10294,505856,32.17558288574219,39,0.4075000000000481
10295,505856,48.40576171875,55,0.4075000000000481
10296,505856,63.77431869506836,73,0.4075000000000481
10297,506112,52.103214263916016,59,0.4072000000000481
10298,506112,54.278785705566406,61,0.4072000000000481
10299,506112,86.30511474609375,93,0.4072000000000481
10300,506112,66.65342712402344,74,0.4072000000000481
10301,506112,68.36542510986328,75,0.4072000000000481
10302,506368,68.37773132324219,77,0.40690000000004806
10303,506624,50.037662506103516,56,0.40660000000004803
10304,506624,60.984432220458984,68,0.40660000000004803
10305,506880,33.311004638671875,40,0.406300000000048
10306,506880,37.192161560058594,44,0.406300000000048
10307,506880,52.740806579589844,60,0.406300000000048
10308,507136,85.61654663085938,95,0.406000000000048
10309,507392,50.614986419677734,58,0.40570000000004797
10310,507392,82.37834930419922,91,0.40570000000004797
10311,507392,55.7764892578125,64,0.40570000000004797
10312,507392,83.45906829833984,91,0.40570000000004797
10313,507648,76.8744125366211,84,0.40540000000004794
10314,507648,30.366676330566406,37,0.40540000000004794
10315,507904,70.05058288574219,76,0.4051000000000479
10316,507904,48.99552536010742,55,0.4051000000000479
10317,507904,85.8230209350586,93,0.4051000000000479
10318,507904,99.11969757080078,110,0.4051000000000479
10319,508160,46.29766082763672,52,0.4048000000000479
10320,508160,74.72103118896484,82,0.4048000000000479
10321,508160,83.9287338256836,91,0.4048000000000479
10322,508160,62.57653045654297,70,0.4048000000000479
10323,508416,78.83948516845703,86,0.4045000000000479
10324,508416,85.72615814208984,93,0.4045000000000479
10325,508416,72.20465850830078,79,0.4045000000000479
10326,508416,28.499746322631836,35,0.4045000000000479
10327,508416,48.50880813598633,56,0.4045000000000479
10328,508672,38.627525329589844,45,0.40420000000004785
10329,508672,115.89320373535156,125,0.40420000000004785
10330,508672,88.41740417480469,96,0.40420000000004785
10331,508928,64.77843475341797,72,0.40390000000004783
10332,508928,48.57722473144531,55,0.40390000000004783
10333,509184,51.913307189941406,58,0.4036000000000478
10334,509184,79.40800476074219,86,0.4036000000000478
10335,509184,43.0240478515625,49,0.4036000000000478
10336,509184,98.98817443847656,108,0.4036000000000478
10337,509440,59.022422790527344,67,0.4033000000000478
10338,509440,64.687255859375,72,0.4033000000000478
10339,509440,69.69761657714844,77,0.4033000000000478
10340,509696,42.03970718383789,48,0.40300000000004776
10341,509696,92.31523895263672,100,0.40300000000004776
10342,509696,37.278343200683594,43,0.40300000000004776
10343,509696,67.69404602050781,74,0.40300000000004776
10344,509696,55.1263542175293,60,0.40300000000004776
10345,509696,65.93196105957031,73,0.40300000000004776
10346,509696,39.33698272705078,47,0.40300000000004776
10347,509952,48.433692932128906,55,0.40270000000004774
10348,509952,20.317296981811523,26,0.40270000000004774
10349,509952,34.42345428466797,39,0.40270000000004774
10350,509952,21.326383590698242,27,0.40270000000004774
10351,509952,48.224884033203125,55,0.40270000000004774
10352,509952,52.48633575439453,63,0.40270000000004774
10353,509952,52.44213104248047,58,0.40270000000004774
10354,509952,49.40160369873047,58,0.40270000000004774
10355,509952,65.73616790771484,73,0.40270000000004774
10356,510208,70.5435562133789,79,0.4024000000000477
10357,510208,78.65858459472656,86,0.4024000000000477
10358,510208,53.80450439453125,59,0.4024000000000477
10359,510208,44.6368522644043,53,0.4024000000000477
10360,510208,80.91984558105469,88,0.4024000000000477
10361,510208,60.407737731933594,69,0.4024000000000477
10362,510464,76.49604797363281,84,0.4021000000000477
10363,510464,53.735084533691406,60,0.4021000000000477
10364,510464,74.64965057373047,81,0.4021000000000477
10365,510464,57.74103927612305,64,0.4021000000000477
10366,510720,51.390499114990234,56,0.4018000000000477
10367,510720,53.2735710144043,60,0.4018000000000477
10368,510720,45.347015380859375,51,0.4018000000000477
10369,510720,55.49778747558594,62,0.4018000000000477
10370,510720,28.740224838256836,35,0.4018000000000477
10371,510976,26.883380889892578,33,0.40150000000004765
10372,510976,50.71963882446289,57,0.40150000000004765
10373,510976,37.776634216308594,45,0.40150000000004765
10374,510976,47.436546325683594,54,0.40150000000004765
10375,510976,81.50338745117188,88,0.40150000000004765
10376,510976,72.28597259521484,79,0.40150000000004765
10377,510976,64.15625,71,0.40150000000004765
10378,510976,48.94316101074219,55,0.40150000000004765
10379,510976,62.78375244140625,69,0.40150000000004765
10380,510976,43.4844856262207,50,0.40150000000004765
10381,510976,68.37279510498047,75,0.40150000000004765
10382,511232,88.6661148071289,97,0.40120000000004763
10383,511232,63.140438079833984,70,0.40120000000004763
10384,511232,67.47618865966797,75,0.40120000000004763
10385,511232,49.07400131225586,55,0.40120000000004763
10386,511232,76.53446197509766,83,0.40120000000004763
10387,511488,64.95741271972656,72,0.4009000000000476
10388,511488,56.745994567871094,62,0.4009000000000476
10389,511488,53.50541305541992,62,0.4009000000000476
10390,511488,32.23545837402344,38,0.4009000000000476
10391,511488,49.785911560058594,56,0.4009000000000476
10392,511488,80.06433868408203,90,0.4009000000000476
10393,511488,47.16905212402344,53,0.4009000000000476
10394,511488,60.071441650390625,65,0.4009000000000476
10395,511488,80.45509338378906,88,0.4009000000000476
10396,511488,58.879066467285156,66,0.4009000000000476
10397,511488,51.81605911254883,60,0.4009000000000476
10398,511744,41.359588623046875,48,0.4006000000000476
10399,511744,40.9355354309082,47,0.4006000000000476
10400,511744,40.132904052734375,49,0.4006000000000476
10401,511744,27.849037170410156,34,0.4006000000000476
10402,511744,72.77230072021484,79,0.4006000000000476
10403,511744,75.07544708251953,82,0.4006000000000476
10404,511744,32.275413513183594,38,0.4006000000000476
10405,511744,86.25999450683594,95,0.4006000000000476
10406,512000,36.25526809692383,42,0.40030000000004756
10407,512000,36.459938049316406,43,0.40030000000004756
10408,512000,45.03006362915039,52,0.40030000000004756
10409,512000,51.611629486083984,57,0.40030000000004756
10410,512000,97.6910629272461,108,0.40030000000004756
10411,512000,51.73694610595703,58,0.40030000000004756
10412,512000,64.66061401367188,71,0.40030000000004756
10413,512000,46.4647331237793,53,0.40030000000004756
10414,512000,35.949249267578125,42,0.40030000000004756
10415,512000,36.10713195800781,43,0.40030000000004756
10416,512256,49.51554870605469,56,0.40000000000004754
10417,512256,53.815940856933594,60,0.40000000000004754
10418,512256,61.9320068359375,69,0.40000000000004754
10419,512256,70.21742248535156,77,0.40000000000004754
10420,512256,67.24002075195312,74,0.40000000000004754
10421,512256,28.620712280273438,35,0.40000000000004754
10422,512256,62.3137092590332,71,0.40000000000004754
10423,512512,63.46046829223633,70,0.3997000000000475
10424,512512,59.099361419677734,67,0.3997000000000475
10425,512512,46.2939453125,51,0.3997000000000475
10426,512512,35.16643524169922,42,0.3997000000000475
10427,512512,59.6961555480957,66,0.3997000000000475
10428,512512,52.3515739440918,58,0.3997000000000475
10429,512512,59.00242614746094,65,0.3997000000000475
10430,512768,102.0179443359375,112,0.3994000000000475
10431,512768,68.24109649658203,75,0.3994000000000475
10432,512768,35.97761917114258,42,0.3994000000000475
10433,512768,68.92483520507812,77,0.3994000000000475
10434,513024,56.73521423339844,64,0.3991000000000475
10435,513024,75.42806243896484,83,0.3991000000000475
10436,513024,53.0106086730957,59,0.3991000000000475
10437,513024,29.927093505859375,36,0.3991000000000475
10438,513024,68.13507080078125,76,0.3991000000000475
10439,513024,82.72246551513672,93,0.3991000000000475
10440,513024,52.08259963989258,58,0.3991000000000475
10441,513024,59.731605529785156,66,0.3991000000000475
10442,513280,41.78072738647461,48,0.39880000000004745
10443,513280,64.33745574951172,71,0.39880000000004745
10444,513280,39.1226806640625,45,0.39880000000004745
10445,513280,97.16886138916016,107,0.39880000000004745
10446,513280,20.625173568725586,26,0.39880000000004745
10447,513280,28.483333587646484,35,0.39880000000004745
10448,513536,74.28457641601562,83,0.3985000000000474
10449,513536,83.47603607177734,91,0.3985000000000474
10450,513536,100.21914672851562,110,0.3985000000000474
10451,513536,39.116390228271484,46,0.3985000000000474
10452,513536,63.04167556762695,70,0.3985000000000474
10453,513536,58.16450119018555,64,0.3985000000000474
10454,513536,74.48006439208984,81,0.3985000000000474
10455,513792,80.39886474609375,88,0.3982000000000474
10456,514048,47.94956970214844,54,0.3979000000000474
10457,514048,72.99808502197266,80,0.3979000000000474
10458,514048,35.270172119140625,40,0.3979000000000474
10459,514304,97.28834533691406,107,0.39760000000004736
10460,514304,61.319828033447266,68,0.39760000000004736
10461,514304,61.84190368652344,68,0.39760000000004736
10462,514304,32.69612503051758,37,0.39760000000004736
10463,514560,59.68806076049805,67,0.39730000000004734
10464,514816,71.32417297363281,77,0.3970000000000473
10465,515072,82.18589782714844,91,0.3967000000000473
10466,515072,52.5872688293457,59,0.3967000000000473
10467,515072,86.04853820800781,95,0.3967000000000473
10468,515072,78.45870971679688,86,0.3967000000000473
10469,515328,70.0486831665039,76,0.39640000000004727
10470,515328,63.75536346435547,74,0.39640000000004727
10471,515328,49.179443359375,56,0.39640000000004727
10472,515328,58.54493713378906,65,0.39640000000004727
10473,515328,63.75492477416992,71,0.39640000000004727
10474,515584,93.83529663085938,104,0.39610000000004725
10475,515840,71.54145050048828,78,0.3958000000000472
10476,515840,48.199485778808594,54,0.3958000000000472
10477,515840,68.5979995727539,78,0.3958000000000472
10478,515840,77.16481018066406,85,0.3958000000000472
10479,516096,52.30202102661133,60,0.3955000000000472
10480,516096,70.30451202392578,77,0.3955000000000472
10481,516096,107.03884887695312,116,0.3955000000000472
10482,516096,99.4604721069336,109,0.3955000000000472
10483,516096,70.43994903564453,78,0.3955000000000472
10484,516096,49.90700912475586,56,0.3955000000000472
10485,516096,55.439964294433594,62,0.3955000000000472
10486,516352,64.91162872314453,73,0.3952000000000472
10487,516352,57.244083404541016,64,0.3952000000000472
10488,516352,71.29222106933594,78,0.3952000000000472
10489,516352,86.95738220214844,96,0.3952000000000472
10490,516608,25.06416893005371,31,0.39490000000004716
10491,516608,51.74347686767578,59,0.39490000000004716
10492,516864,66.93258666992188,74,0.39460000000004714
10493,516864,80.03244018554688,88,0.39460000000004714
10494,516864,82.87588500976562,92,0.39460000000004714
10495,516864,56.279930114746094,63,0.39460000000004714
10496,516864,74.82872772216797,84,0.39460000000004714
10497,516864,61.54474639892578,68,0.39460000000004714
10498,517120,57.2633171081543,64,0.3943000000000471
10499,517120,36.545230865478516,43,0.3943000000000471
10500,517120,70.21836853027344,78,0.3943000000000471
10501,517376,92.78479766845703,102,0.3940000000000471
10502,517632,70.97586059570312,78,0.39370000000004707
10503,517632,55.07304382324219,62,0.39370000000004707
10504,517888,54.257537841796875,62,0.39340000000004705
10505,517888,80.23371887207031,88,0.39340000000004705
10506,518144,28.84214973449707,35,0.393100000000047
10507,518144,43.371028900146484,49,0.393100000000047
10508,518144,56.49570846557617,63,0.393100000000047
10509,518144,43.48565673828125,51,0.393100000000047
10510,518400,72.40767669677734,80,0.392800000000047
10511,518400,89.9567642211914,100,0.392800000000047
10512,518656,41.37478256225586,49,0.392500000000047
10513,518912,84.81742095947266,94,0.39220000000004696
10514,519168,93.03950500488281,103,0.39190000000004693
10515,519168,57.967071533203125,65,0.39190000000004693
10516,519424,68.39579010009766,76,0.3916000000000469
10517,519424,75.33403778076172,83,0.3916000000000469
10518,519680,30.77920913696289,37,0.3913000000000469
10519,519936,43.599609375,50,0.39100000000004687
10520,519936,116.08882904052734,127,0.39100000000004687
10521,519936,75.89501953125,83,0.39100000000004687
10522,519936,38.19541549682617,45,0.39100000000004687
10523,520192,33.12363815307617,40,0.39070000000004684
10524,520448,73.72383117675781,82,0.3904000000000468
10525,520704,74.21141052246094,82,0.3901000000000468
10526,520704,53.32398986816406,60,0.3901000000000468
10527,520960,39.32282257080078,44,0.3898000000000468
10528,520960,31.738115310668945,38,0.3898000000000468
10529,521216,32.991851806640625,40,0.38950000000004675
10530,521216,54.046634674072266,60,0.38950000000004675
10531,521472,13.317496299743652,18,0.38920000000004673
10532,521472,31.34347152709961,38,0.38920000000004673
10533,521472,70.70841217041016,80,0.38920000000004673
10534,521472,88.06043243408203,97,0.38920000000004673
10535,521728,41.40211868286133,48,0.3889000000000467
10536,521728,92.90795135498047,101,0.3889000000000467
10537,521728,30.350839614868164,37,0.3889000000000467
10538,521728,81.74922180175781,89,0.3889000000000467
10539,521984,92.12382507324219,101,0.3886000000000467
10540,521984,38.037452697753906,45,0.3886000000000467
10541,521984,63.01752471923828,70,0.3886000000000467
10542,522240,50.474281311035156,58,0.38830000000004666
10543,522240,45.900367736816406,51,0.38830000000004666
10544,522240,57.19347381591797,64,0.38830000000004666
10545,522240,79.9668960571289,88,0.38830000000004666
10546,522240,49.38270950317383,57,0.38830000000004666
10547,522496,32.32051467895508,39,0.38800000000004664
10548,522752,29.340057373046875,36,0.3877000000000466
10549,522752,39.11407470703125,45,0.3877000000000466
10550,522752,53.172325134277344,58,0.3877000000000466
10551,522752,126.9200668334961,136,0.3877000000000466
10552,522752,53.33012390136719,62,0.3877000000000466
10553,522752,36.763973236083984,44,0.3877000000000466
10554,523008,39.981651306152344,46,0.3874000000000466
10555,523008,48.87666702270508,56,0.3874000000000466
10556,523008,76.82412719726562,85,0.3874000000000466
10557,523264,51.13657760620117,59,0.3871000000000466
10558,523264,56.939327239990234,64,0.3871000000000466
10559,523264,46.932640075683594,54,0.3871000000000466
10560,523264,59.0142707824707,70,0.3871000000000466
10561,523520,53.8916015625,60,0.38680000000004655
10562,523520,56.423824310302734,65,0.38680000000004655
10563,523520,30.72509002685547,37,0.38680000000004655
10564,523520,44.517642974853516,53,0.38680000000004655
10565,523520,49.32569122314453,57,0.38680000000004655
10566,523520,60.71054458618164,69,0.38680000000004655
10567,523520,38.66229248046875,47,0.38680000000004655
10568,523776,47.480403900146484,55,0.38650000000004653
10569,523776,46.3652458190918,55,0.38650000000004653
10570,523776,24.234346389770508,30,0.38650000000004653
10571,524032,40.285037994384766,47,0.3862000000000465
10572,524032,65.64122772216797,72,0.3862000000000465
10573,524032,54.486209869384766,62,0.3862000000000465
10574,524032,47.03546142578125,52,0.3862000000000465
10575,524032,22.252376556396484,28,0.3862000000000465
10576,524288,44.791969299316406,52,0.3859000000000465
10577,524288,91.0667724609375,100,0.3859000000000465
10578,524288,47.619136810302734,56,0.3859000000000465
10579,524288,54.64978790283203,62,0.3859000000000465
10580,524288,62.2579231262207,69,0.3859000000000465
10581,524544,70.05367279052734,77,0.38560000000004646
10582,524544,42.73849105834961,49,0.38560000000004646
10583,524800,48.20396423339844,54,0.38530000000004644
10584,525056,38.17989730834961,46,0.3850000000000464
10585,525056,47.818565368652344,57,0.3850000000000464
10586,525056,58.477542877197266,65,0.3850000000000464
10587,525056,105.6542739868164,114,0.3850000000000464
10588,525056,77.44696807861328,86,0.3850000000000464
10589,525056,53.03331756591797,59,0.3850000000000464
10590,525056,72.54592895507812,80,0.3850000000000464
10591,525312,38.223472595214844,44,0.3847000000000464
10592,525312,28.719362258911133,35,0.3847000000000464
10593,525312,46.31096267700195,54,0.3847000000000464
10594,525312,50.10746765136719,56,0.3847000000000464
10595,525568,49.98212432861328,57,0.38440000000004637
10596,525568,54.63907241821289,61,0.38440000000004637
10597,525568,54.30373764038086,60,0.38440000000004637
10598,525824,41.470943450927734,48,0.38410000000004635
10599,525824,59.36640167236328,68,0.38410000000004635
10600,526080,45.09877014160156,52,0.3838000000000463
10601,526336,54.68506622314453,62,0.3835000000000463
10602,526592,66.78052520751953,75,0.3832000000000463
10603,526592,80.57518005371094,88,0.3832000000000463
10604,526592,58.225013732910156,65,0.3832000000000463
10605,526592,34.034385681152344,41,0.3832000000000463
10606,526592,65.65916442871094,73,0.3832000000000463
10607,526592,76.80408477783203,85,0.3832000000000463
10608,526848,34.0862922668457,40,0.38290000000004626
10609,526848,74.55632019042969,81,0.38290000000004626
10610,526848,72.38249206542969,80,0.38290000000004626
10611,526848,50.3432731628418,58,0.38290000000004626
10612,526848,52.388065338134766,60,0.38290000000004626
10613,526848,83.82035064697266,92,0.38290000000004626
10614,527104,47.41824722290039,54,0.38260000000004624
10615,527104,54.71011734008789,61,0.38260000000004624
10616,527104,84.39593505859375,93,0.38260000000004624
10617,527104,38.72127914428711,46,0.38260000000004624
10618,527360,77.17842102050781,86,0.3823000000000462
10619,527360,63.03659439086914,72,0.3823000000000462
10620,527360,48.45509338378906,55,0.3823000000000462
10621,527360,46.90522766113281,55,0.3823000000000462
10622,527360,48.66027069091797,56,0.3823000000000462
10623,527360,61.793312072753906,68,0.3823000000000462
10624,527360,49.9888801574707,56,0.3823000000000462
10625,527616,37.59229278564453,45,0.3820000000000462
10626,527616,52.333946228027344,62,0.3820000000000462
10627,527616,45.14564514160156,52,0.3820000000000462
10628,527616,53.32377243041992,61,0.3820000000000462
10629,527616,55.29296112060547,64,0.3820000000000462
10630,527616,55.34266662597656,64,0.3820000000000462
10631,527616,51.208675384521484,60,0.3820000000000462
10632,527872,58.65570068359375,67,0.38170000000004617
10633,527872,70.10823059082031,80,0.38170000000004617
10634,527872,62.52899169921875,71,0.38170000000004617
10635,527872,71.16688537597656,80,0.38170000000004617
10636,527872,86.288330078125,96,0.38170000000004617
10637,527872,42.732460021972656,50,0.38170000000004617
10638,528128,49.500823974609375,57,0.38140000000004615
10639,528128,53.57844924926758,62,0.38140000000004615
10640,528128,28.878643035888672,35,0.38140000000004615
10641,528128,44.6562385559082,51,0.38140000000004615
10642,528384,59.98248291015625,66,0.3811000000000461
10643,528384,57.394012451171875,65,0.3811000000000461
10644,528384,41.534236907958984,49,0.3811000000000461
10645,528640,57.141231536865234,66,0.3808000000000461
10646,528896,36.32057189941406,43,0.3805000000000461
10647,528896,74.08402252197266,81,0.3805000000000461
10648,529408,44.84053039550781,52,0.37990000000004603
10649,529408,55.60438537597656,63,0.37990000000004603
10650,529408,69.07948303222656,77,0.37990000000004603
10651,529408,34.03001022338867,39,0.37990000000004603
10652,529664,92.3229751586914,101,0.379600000000046
10653,529664,123.60540008544922,135,0.379600000000046
10654,529920,59.4777717590332,66,0.379300000000046
10655,529920,55.354034423828125,61,0.379300000000046
10656,529920,43.3112678527832,51,0.379300000000046
10657,529920,59.84931945800781,68,0.379300000000046
10658,529920,61.047481536865234,66,0.379300000000046
10659,529920,84.28541564941406,93,0.379300000000046
10660,530176,50.049747467041016,56,0.37900000000004597
10661,530176,53.00986862182617,62,0.37900000000004597
10662,530176,67.34081268310547,75,0.37900000000004597
10663,530176,46.827667236328125,54,0.37900000000004597
10664,530176,65.15397644042969,72,0.37900000000004597
10665,530432,64.04576110839844,71,0.37870000000004594
10666,530432,66.32337188720703,76,0.37870000000004594
10667,530432,42.28849792480469,48,0.37870000000004594
10668,530432,38.14415740966797,45,0.37870000000004594
10669,530688,73.43377685546875,81,0.3784000000000459
10670,530688,76.22789001464844,84,0.3784000000000459
10671,530688,63.31827163696289,70,0.3784000000000459
10672,530688,73.40520477294922,81,0.3784000000000459
10673,530944,111.69599914550781,123,0.3781000000000459
10674,530944,50.069278717041016,57,0.3781000000000459
10675,530944,65.64353942871094,73,0.3781000000000459
10676,530944,28.553396224975586,35,0.3781000000000459
10677,530944,155.16641235351562,166,0.3781000000000459
10678,530944,51.55775833129883,59,0.3781000000000459
10679,530944,48.82835388183594,55,0.3781000000000459
10680,531200,71.87971496582031,80,0.3778000000000459
10681,531200,66.4637222290039,73,0.3778000000000459
10682,531200,70.58618927001953,79,0.3778000000000459
10683,531200,54.540470123291016,64,0.3778000000000459
10684,531456,65.63636779785156,72,0.37750000000004585
10685,531456,72.39906311035156,80,0.37750000000004585
10686,531712,74.53401184082031,83,0.37720000000004583
10687,531712,66.84654235839844,76,0.37720000000004583
10688,531712,78.6640853881836,86,0.37720000000004583
10689,531968,64.20880889892578,72,0.3769000000000458
10690,531968,67.24002838134766,76,0.3769000000000458
10691,531968,85.77815246582031,95,0.3769000000000458
10692,532224,74.70609283447266,84,0.3766000000000458
10693,532224,69.90755462646484,80,0.3766000000000458
10694,532224,44.26280975341797,50,0.3766000000000458
10695,532480,30.904706954956055,36,0.37630000000004576
10696,532480,72.69779205322266,82,0.37630000000004576
10697,532480,35.120399475097656,42,0.37630000000004576
10698,532736,94.27938079833984,104,0.37600000000004574
10699,532736,68.2087631225586,77,0.37600000000004574
10700,532736,60.980979919433594,68,0.37600000000004574
10701,532992,67.68268585205078,74,0.3757000000000457
10702,532992,34.52997970581055,40,0.3757000000000457
10703,533248,77.17446899414062,85,0.3754000000000457
10704,533248,73.96968841552734,83,0.3754000000000457
10705,533248,70.50471496582031,80,0.3754000000000457
10706,533504,104.58163452148438,113,0.3751000000000457
10707,533504,39.04684066772461,45,0.3751000000000457
10708,533504,128.82208251953125,139,0.3751000000000457
10709,533504,74.86434173583984,84,0.3751000000000457
10710,533760,71.96720123291016,80,0.37480000000004565
10711,533760,102.1659927368164,113,0.37480000000004565
10712,533760,47.737823486328125,54,0.37480000000004565
10713,533760,29.73517608642578,36,0.37480000000004565
10714,534016,64.03422546386719,71,0.37450000000004563
10715,534016,106.04757690429688,115,0.37450000000004563
10716,534016,93.62452697753906,102,0.37450000000004563
10717,534016,78.6434555053711,88,0.37450000000004563
10718,534016,64.50289916992188,72,0.37450000000004563
10719,534272,75.36092376708984,85,0.3742000000000456
10720,534272,46.79776382446289,56,0.3742000000000456
10721,534528,38.000457763671875,43,0.3739000000000456
10722,534784,61.96406173706055,69,0.37360000000004556
10723,534784,95.30763244628906,105,0.37360000000004556
10724,534784,66.75035858154297,72,0.37360000000004556
10725,534784,92.39073181152344,102,0.37360000000004556
10726,535040,71.01871490478516,78,0.37330000000004554
10727,535296,46.265628814697266,55,0.3730000000000455
10728,535552,62.401283264160156,69,0.3727000000000455
10729,535552,54.921180725097656,61,0.3727000000000455
10730,535552,81.87989044189453,91,0.3727000000000455
10731,535552,38.193946838378906,45,0.3727000000000455
10732,535808,83.96907043457031,93,0.3724000000000455
10733,535808,53.8199577331543,61,0.3724000000000455
10734,535808,72.91018676757812,80,0.3724000000000455
10735,535808,77.29666137695312,87,0.3724000000000455
10736,536064,91.55402374267578,101,0.37210000000004545
10737,536320,79.7261734008789,88,0.3718000000000454
10738,536320,82.58267211914062,91,0.3718000000000454
10739,536320,40.19050598144531,47,0.3718000000000454
10740,536576,68.38394165039062,77,0.3715000000000454
10741,536576,91.72118377685547,100,0.3715000000000454
10742,536576,36.49467086791992,43,0.3715000000000454
10743,536832,48.89791488647461,57,0.3712000000000454
10744,536832,45.15791320800781,53,0.3712000000000454
10745,536832,52.14255142211914,60,0.3712000000000454
10746,536832,76.24121856689453,84,0.3712000000000454
10747,536832,119.82733917236328,130,0.3712000000000454
10748,537088,35.38422775268555,40,0.37090000000004536
10749,537344,96.39917755126953,106,0.37060000000004534
10750,537344,100.40065002441406,110,0.37060000000004534
10751,537344,40.77494430541992,48,0.37060000000004534
10752,537344,37.24964904785156,44,0.37060000000004534
10753,537344,69.20155334472656,79,0.37060000000004534
10754,537600,75.03230285644531,84,0.3703000000000453
10755,537600,35.173065185546875,42,0.3703000000000453
10756,537856,43.59664535522461,50,0.3700000000000453
10757,537856,85.33847045898438,91,0.3700000000000453
10758,538112,93.56131744384766,102,0.36970000000004527
10759,538112,76.64152526855469,86,0.36970000000004527
10760,538112,35.22626495361328,40,0.36970000000004527
10761,538112,36.3314208984375,41,0.36970000000004527
10762,538112,48.6495246887207,57,0.36970000000004527
10763,538112,102.73118591308594,112,0.36970000000004527
10764,538368,73.73468780517578,83,0.36940000000004525
10765,538368,25.723115921020508,32,0.36940000000004525
10766,538368,37.20706558227539,44,0.36940000000004525
10767,538368,39.44168472290039,46,0.36940000000004525
10768,538368,51.67383575439453,60,0.36940000000004525
10769,538624,72.4803466796875,80,0.3691000000000452
10770,538624,67.59466552734375,76,0.3691000000000452
10771,538880,59.46302032470703,67,0.3688000000000452
10772,538880,38.03329086303711,45,0.3688000000000452
10773,538880,67.09913635253906,74,0.3688000000000452
10774,539136,44.171356201171875,52,0.3685000000000452
10775,539136,101.73104095458984,111,0.3685000000000452
10776,539136,57.679691314697266,65,0.3685000000000452
10777,539392,91.18475341796875,101,0.36820000000004516
10778,539392,42.62509536743164,49,0.36820000000004516
10779,539392,56.924766540527344,65,0.36820000000004516
10780,539392,62.754703521728516,70,0.36820000000004516
10781,539648,92.94474792480469,105,0.36790000000004514
10782,539648,57.18748474121094,62,0.36790000000004514
10783,539648,75.62031555175781,84,0.36790000000004514
10784,539648,95.65068817138672,104,0.36790000000004514
10785,539648,54.989524841308594,63,0.36790000000004514
10786,539904,44.24688720703125,49,0.3676000000000451
10787,539904,42.37959289550781,50,0.3676000000000451
10788,540160,115.3752212524414,124,0.3673000000000451
10789,540160,58.998313903808594,68,0.3673000000000451
10790,540160,101.61306762695312,111,0.3673000000000451
10791,540160,101.33441925048828,110,0.3673000000000451
10792,540160,41.396217346191406,49,0.3673000000000451
10793,540416,60.06093978881836,65,0.36700000000004507
10794,540416,61.21489715576172,66,0.36700000000004507
10795,540416,37.828834533691406,45,0.36700000000004507
10796,540672,95.4526596069336,106,0.36670000000004505
10797,540672,82.1602783203125,90,0.36670000000004505
10798,540672,43.625877380371094,51,0.36670000000004505
10799,540672,50.5010986328125,59,0.36670000000004505
10800,540672,94.20759582519531,103,0.36670000000004505
10801,540672,57.27139663696289,65,0.36670000000004505
10802,540928,57.33681106567383,65,0.366400000000045
10803,540928,107.27274322509766,117,0.366400000000045
10804,541184,69.35543823242188,77,0.366100000000045
10805,541184,103.10920715332031,115,0.366100000000045
10806,541440,108.35575866699219,117,0.365800000000045
10807,541440,64.02386474609375,73,0.365800000000045
10808,541440,38.54737854003906,45,0.365800000000045
10809,541440,51.47727966308594,58,0.365800000000045
10810,541440,47.63990020751953,55,0.365800000000045
10811,541696,34.58462905883789,39,0.36550000000004496
10812,541696,36.37934875488281,43,0.36550000000004496
10813,541696,105.79188537597656,114,0.36550000000004496
10814,541696,45.30733871459961,54,0.36550000000004496
10815,541696,38.66181945800781,45,0.36550000000004496
10816,541952,73.34342956542969,82,0.36520000000004493
10817,541952,113.85437774658203,124,0.36520000000004493
10818,542208,116.73905944824219,127,0.3649000000000449
10819,542208,91.54092407226562,100,0.3649000000000449
10820,542208,27.04073715209961,33,0.3649000000000449
10821,542208,108.44781494140625,118,0.3649000000000449
10822,542208,35.67530822753906,43,0.3649000000000449
10823,542208,59.2192268371582,67,0.3649000000000449
10824,542464,88.95081329345703,98,0.3646000000000449
10825,542464,34.41627502441406,39,0.3646000000000449
10826,542720,111.55599212646484,122,0.36430000000004487
10827,542720,71.27071380615234,80,0.36430000000004487
10828,542720,76.0632553100586,86,0.36430000000004487
10829,542720,59.62922668457031,68,0.36430000000004487
10830,543232,63.093448638916016,73,0.3637000000000448
10831,543232,36.57927322387695,44,0.3637000000000448
10832,543232,36.008148193359375,41,0.3637000000000448
10833,543488,69.425048828125,78,0.3634000000000448
10834,543488,33.123260498046875,38,0.3634000000000448
10835,543744,85.51744842529297,94,0.3631000000000448
10836,543744,90.03778076171875,99,0.3631000000000448
10837,543744,56.59217071533203,65,0.3631000000000448
10838,544000,89.79136657714844,99,0.36280000000004475
10839,544000,65.62572479248047,73,0.36280000000004475
10840,544256,49.30351638793945,58,0.36250000000004473
10841,544256,83.63731384277344,92,0.36250000000004473
10842,544256,65.7437515258789,74,0.36250000000004473
10843,544256,65.98352813720703,75,0.36250000000004473
10844,544512,38.218017578125,46,0.3622000000000447
10845,544512,28.387371063232422,34,0.3622000000000447
10846,544512,43.50844955444336,52,0.3622000000000447
10847,544768,49.41286849975586,57,0.3619000000000447
10848,545024,46.94367218017578,55,0.36160000000004466
10849,545024,23.40097427368164,28,0.36160000000004466
10850,545280,48.417964935302734,54,0.36130000000004464
10851,545280,58.919761657714844,68,0.36130000000004464
10852,545280,52.78126525878906,60,0.36130000000004464
10853,545280,39.04718017578125,45,0.36130000000004464
10854,545280,58.81220626831055,67,0.36130000000004464
10855,545536,104.36766815185547,115,0.3610000000000446
10856,545792,60.18000793457031,67,0.3607000000000446
10857,545792,77.00466918945312,87,0.3607000000000446
10858,545792,80.72535705566406,89,0.3607000000000446
10859,545792,52.17516326904297,60,0.3607000000000446
10860,546048,73.85865783691406,82,0.3604000000000446
10861,546048,61.884735107421875,72,0.3604000000000446
10862,546304,78.42353057861328,87,0.36010000000004455
10863,546560,57.344322204589844,65,0.35980000000004453
10864,546816,36.74612045288086,43,0.3595000000000445
10865,546816,54.86021041870117,63,0.3595000000000445
10866,546816,56.78276062011719,64,0.3595000000000445
10867,546816,69.28944396972656,79,0.3595000000000445
10868,547072,83.24801635742188,93,0.3592000000000445
10869,547072,54.096641540527344,63,0.3592000000000445
10870,547328,45.26032638549805,53,0.35890000000004446
10871,547328,90.76655578613281,99,0.35890000000004446
10872,547328,109.53868865966797,119,0.35890000000004446
10873,547584,70.5521240234375,79,0.35860000000004444
10874,547584,73.01817321777344,81,0.35860000000004444
10875,547584,55.98917007446289,64,0.35860000000004444
10876,547584,70.47611236572266,79,0.35860000000004444
10877,547840,63.73504638671875,72,0.3583000000000444
10878,547840,84.30560302734375,92,0.3583000000000444
10879,548096,75.66385650634766,83,0.3580000000000444
10880,548864,119.86341094970703,131,0.3571000000000443
10881,548864,48.229515075683594,57,0.3571000000000443
10882,549120,84.97309875488281,93,0.3568000000000443
10883,549120,74.70783996582031,83,0.3568000000000443
10884,549120,94.55696868896484,103,0.3568000000000443
10885,549120,62.95301055908203,71,0.3568000000000443
10886,549120,64.88508605957031,74,0.3568000000000443
10887,549376,111.74664306640625,121,0.3565000000000443
10888,549376,94.1662826538086,103,0.3565000000000443
10889,549376,81.65162658691406,89,0.3565000000000443
10890,549376,68.92781829833984,77,0.3565000000000443
10891,549632,67.76929473876953,76,0.35620000000004426
10892,549632,77.96235656738281,86,0.35620000000004426
10893,549632,55.66584777832031,63,0.35620000000004426
10894,549888,46.915035247802734,54,0.35590000000004424
10895,550144,60.65236282348633,69,0.3556000000000442
10896,550400,79.50233459472656,87,0.3553000000000442
10897,550400,34.741416931152344,41,0.3553000000000442
10898,550400,38.47583770751953,43,0.3553000000000442
10899,550656,94.84132385253906,104,0.35500000000004417
10900,550912,105.25601196289062,114,0.35470000000004415
10901,550912,42.32168960571289,47,0.35470000000004415
10902,551168,59.701332092285156,69,0.3544000000000441
10903,551168,36.30031204223633,41,0.3544000000000441
10904,551168,42.72126770019531,50,0.3544000000000441
10905,551168,70.39099884033203,77,0.3544000000000441
10906,551424,85.05088806152344,93,0.3541000000000441
10907,551424,133.39254760742188,142,0.3541000000000441
10908,551424,53.12800598144531,58,0.3541000000000441
10909,551424,101.46434020996094,112,0.3541000000000441
10910,551680,31.16161346435547,37,0.3538000000000441
10911,551680,69.1659164428711,76,0.3538000000000441
10912,551680,85.64662170410156,95,0.3538000000000441
10913,552192,76.912109375,87,0.35320000000004403
10914,552192,110.11259460449219,117,0.35320000000004403
10915,552192,71.82354736328125,80,0.35320000000004403
10916,552192,34.77615737915039,42,0.35320000000004403
10917,552448,27.92491912841797,32,0.352900000000044
10918,552448,108.78630065917969,118,0.352900000000044
10919,552448,146.8884735107422,156,0.352900000000044
10920,552960,91.07727813720703,101,0.35230000000004397
10921,553216,87.26520538330078,97,0.35200000000004394
10922,553472,51.18161392211914,56,0.3517000000000439
10923,553472,109.05510711669922,118,0.3517000000000439
10924,553728,69.58159637451172,77,0.3514000000000439
10925,553728,72.57611083984375,83,0.3514000000000439
10926,553728,97.10421752929688,106,0.3514000000000439
10927,553984,33.539764404296875,40,0.3511000000000439
10928,553984,47.47264099121094,54,0.3511000000000439
10929,553984,46.171478271484375,53,0.3511000000000439
10930,554240,73.76246643066406,81,0.35080000000004385
10931,554240,109.44649505615234,117,0.35080000000004385
10932,554240,34.603328704833984,42,0.35080000000004385
10933,554496,84.97080993652344,93,0.35050000000004383
10934,554496,94.2081298828125,103,0.35050000000004383
10935,554496,75.33255767822266,84,0.35050000000004383
10936,554496,34.23676681518555,41,0.35050000000004383
10937,554496,46.46858596801758,53,0.35050000000004383
10938,554496,78.97539520263672,87,0.35050000000004383
10939,554752,64.01457214355469,72,0.3502000000000438
10940,554752,43.95436096191406,51,0.3502000000000438
10941,555008,65.68003845214844,75,0.3499000000000438
10942,555008,95.72282409667969,105,0.3499000000000438
10943,555264,35.38602066040039,40,0.34960000000004376
10944,555264,98.40744018554688,107,0.34960000000004376
10945,555264,73.55455017089844,81,0.34960000000004376
10946,555520,54.43366241455078,63,0.34930000000004374
10947,555776,124.94965362548828,135,0.3490000000000437
10948,555776,92.99226379394531,102,0.3490000000000437
10949,556032,105.0422592163086,115,0.3487000000000437
10950,556032,127.92144775390625,137,0.3487000000000437
10951,556032,93.04967498779297,102,0.3487000000000437
10952,556032,60.236106872558594,69,0.3487000000000437
10953,556032,105.35203552246094,114,0.3487000000000437
10954,556288,61.56392288208008,70,0.3484000000000437
10955,556544,36.398704528808594,41,0.34810000000004365
10956,556544,71.6198959350586,78,0.34810000000004365
10957,556544,56.78590774536133,66,0.34810000000004365
10958,556544,55.19127655029297,64,0.34810000000004365
10959,556544,76.53034210205078,87,0.34810000000004365
10960,556544,41.266029357910156,48,0.34810000000004365
10961,556800,67.079345703125,76,0.34780000000004363
10962,556800,120.72024536132812,129,0.34780000000004363
10963,556800,61.617191314697266,70,0.34780000000004363
10964,557056,93.09871673583984,102,0.3475000000000436
10965,557056,130.25054931640625,139,0.3475000000000436
10966,557056,68.93310546875,77,0.3475000000000436
10967,557056,135.3984375,143,0.3475000000000436
10968,557056,120.2889404296875,131,0.3475000000000436
10969,557312,175.10482788085938,184,0.3472000000000436
10970,557312,116.8084716796875,127,0.3472000000000436
10971,557312,48.155391693115234,53,0.3472000000000436
10972,557568,66.46753692626953,76,0.34690000000004356
10973,557568,115.18914794921875,122,0.34690000000004356
10974,557568,86.2001953125,95,0.34690000000004356
10975,557568,369.1706848144531,382,0.34690000000004356
10976,557824,56.40739059448242,65,0.34660000000004354
10977,557824,49.15290832519531,57,0.34660000000004354
10978,557824,67.15303039550781,75,0.34660000000004354
10979,557824,108.33949279785156,119,0.34660000000004354
10980,558336,28.46106719970703,33,0.3460000000000435
10981,558336,82.30677795410156,91,0.3460000000000435
10982,558336,88.09709930419922,98,0.3460000000000435
10983,558592,82.41255187988281,93,0.3457000000000435
10984,558592,134.450927734375,144,0.3457000000000435
10985,558848,152.8286895751953,161,0.34540000000004345
10986,558848,107.41032409667969,115,0.34540000000004345
10987,558848,101.54252624511719,110,0.34540000000004345
10988,558848,25.688018798828125,30,0.34540000000004345
10989,559104,66.37651824951172,74,0.3451000000000434
10990,559104,99.76252746582031,109,0.3451000000000434
10991,559616,44.242095947265625,49,0.3445000000000434
10992,559616,46.36982345581055,54,0.3445000000000434
10993,559616,59.8686408996582,68,0.3445000000000434
10994,559616,122.7232666015625,133,0.3445000000000434
10995,559616,33.982994079589844,41,0.3445000000000434
10996,559872,68.1683120727539,75,0.34420000000004336
10997,559872,46.556861877441406,51,0.34420000000004336
10998,560128,64.56240844726562,72,0.34390000000004334
10999,560128,71.26705932617188,79,0.34390000000004334
11000,560128,97.79730987548828,106,0.34390000000004334
11001,560640,107.73585510253906,116,0.3433000000000433
11002,560640,31.97314453125,38,0.3433000000000433
11003,560640,115.46115112304688,124,0.3433000000000433
11004,560640,83.23572540283203,93,0.3433000000000433
11005,560640,103.1756591796875,113,0.3433000000000433
11006,560640,63.45016098022461,72,0.3433000000000433
11007,560896,68.22418975830078,76,0.34300000000004327
11008,560896,82.1063003540039,92,0.34300000000004327
11009,561152,53.926055908203125,62,0.34270000000004325
11010,561152,81.73108673095703,89,0.34270000000004325
11011,561152,111.07560729980469,120,0.34270000000004325
11012,561152,41.228694915771484,48,0.34270000000004325
11013,561152,133.6351776123047,141,0.34270000000004325
11014,561408,74.3189697265625,83,0.3424000000000432
11015,561664,120.91625213623047,132,0.3421000000000432
11016,561664,134.73387145996094,143,0.3421000000000432
11017,561664,107.9529800415039,115,0.3421000000000432
11018,561920,42.504913330078125,50,0.3418000000000432
11019,561920,66.1363525390625,75,0.3418000000000432
11020,561920,95.95513916015625,104,0.3418000000000432
11021,562176,79.84308624267578,88,0.34150000000004316
11022,562176,57.01380920410156,66,0.34150000000004316
11023,562176,72.56495666503906,82,0.34150000000004316
11024,562432,149.22607421875,157,0.34120000000004314
11025,562432,76.6105728149414,85,0.34120000000004314
11026,562432,93.81170654296875,102,0.34120000000004314
11027,562432,24.639461517333984,31,0.34120000000004314
11028,562688,72.72764587402344,80,0.3409000000000431
11029,562688,92.0970230102539,103,0.3409000000000431
11030,562944,74.98759460449219,84,0.3406000000000431
11031,563200,61.13081359863281,70,0.34030000000004307
11032,563456,83.7811508178711,93,0.34000000000004305
11033,563456,90.19353485107422,99,0.34000000000004305
11034,563456,54.27987289428711,63,0.34000000000004305
11035,563456,31.55922508239746,36,0.34000000000004305
11036,563456,62.98324203491211,72,0.34000000000004305
11037,563712,47.55513381958008,55,0.339700000000043
11038,563712,93.49239349365234,103,0.339700000000043
11039,563968,102.31399536132812,111,0.339400000000043
11040,564224,144.47813415527344,156,0.339100000000043
11041,564224,91.8163070678711,101,0.339100000000043
11042,564480,123.8614273071289,131,0.33880000000004296
11043,564480,107.61680603027344,116,0.33880000000004296
11044,564480,37.314598083496094,42,0.33880000000004296
11045,564736,56.794677734375,66,0.33850000000004293
11046,564736,36.38606262207031,44,0.33850000000004293
11047,564992,93.18330383300781,99,0.3382000000000429
11048,564992,57.56022644042969,66,0.3382000000000429
11049,564992,86.12818145751953,95,0.3382000000000429
11050,564992,66.30061340332031,75,0.3382000000000429
11051,565248,98.37992858886719,108,0.3379000000000429
11052,565504,67.4118423461914,76,0.33760000000004287
11053,565760,61.77445983886719,70,0.33730000000004284
11054,566016,96.68851470947266,107,0.3370000000000428
11055,566016,156.54930114746094,164,0.3370000000000428
11056,566272,84.52303314208984,94,0.3367000000000428
11057,566272,70.76358795166016,80,0.3367000000000428
11058,566272,113.3255386352539,120,0.3367000000000428
11059,566272,47.1462516784668,55,0.3367000000000428
11060,566272,140.70838928222656,148,0.3367000000000428
11061,566272,38.57146453857422,43,0.3367000000000428
11062,566272,105.12916564941406,111,0.3367000000000428
11063,566528,65.74359130859375,74,0.3364000000000428
11064,567040,60.688533782958984,70,0.33580000000004273
11065,567040,90.05353546142578,99,0.33580000000004273
11066,567296,102.18434143066406,111,0.3355000000000427
11067,567296,33.5017204284668,38,0.3355000000000427
11068,567296,37.52687072753906,42,0.3355000000000427
11069,567296,118.86293029785156,127,0.3355000000000427
11070,567552,61.274192810058594,71,0.3352000000000427
11071,567552,31.621782302856445,36,0.3352000000000427
11072,567552,97.29182434082031,107,0.3352000000000427
11073,567808,85.98206329345703,96,0.33490000000004266
11074,567808,155.57054138183594,164,0.33490000000004266
11075,568064,87.8884048461914,97,0.33460000000004264
11076,568064,52.15900421142578,61,0.33460000000004264
11077,568320,92.08380126953125,100,0.3343000000000426
11078,568320,34.64678192138672,39,0.3343000000000426
11079,568320,116.5245361328125,123,0.3343000000000426
11080,568576,83.03987884521484,93,0.3340000000000426
11081,568576,115.37188720703125,124,0.3340000000000426
11082,568832,112.6827392578125,120,0.3337000000000426
11083,569088,100.8824234008789,110,0.33340000000004255
11084,569088,70.0727767944336,78,0.33340000000004255
11085,569344,99.7031021118164,108,0.33310000000004253
11086,569600,113.07970428466797,123,0.3328000000000425
11087,569600,143.17581176757812,155,0.3328000000000425
11088,569856,70.8426513671875,80,0.3325000000000425
11089,570112,138.23190307617188,146,0.33220000000004246
11090,570368,62.01698303222656,70,0.33190000000004244
11091,570368,122.95529174804688,132,0.33190000000004244
11092,570880,94.46432495117188,104,0.3313000000000424
11093,570880,111.4231948852539,118,0.3313000000000424
11094,571136,107.32717895507812,115,0.33100000000004237
11095,571392,100.90544128417969,109,0.33070000000004235
11096,571392,88.28509521484375,94,0.33070000000004235
11097,571648,112.04979705810547,121,0.3304000000000423
11098,571648,139.0177459716797,147,0.3304000000000423
11099,571648,111.25289916992188,122,0.3304000000000423
11100,572160,92.97808074951172,103,0.3298000000000423
11101,572416,61.082542419433594,67,0.32950000000004226
11102,572416,142.79269409179688,152,0.32950000000004226
11103,572416,61.63787841796875,71,0.32950000000004226
11104,572416,80.39977264404297,89,0.32950000000004226
11105,572672,120.85664367675781,130,0.32920000000004224
11106,572672,38.32286071777344,43,0.32920000000004224
11107,572672,168.5286407470703,176,0.32920000000004224
11108,572928,47.318111419677734,52,0.3289000000000422
11109,572928,71.0230712890625,80,0.3289000000000422
11110,573184,155.9580535888672,165,0.3286000000000422
11111,573184,39.342498779296875,44,0.3286000000000422
11112,573440,123.8897705078125,132,0.32830000000004217
11113,573440,97.13272857666016,104,0.32830000000004217
11114,573440,97.59634399414062,105,0.32830000000004217
11115,573440,79.5752944946289,85,0.32830000000004217
11116,573696,111.98532104492188,122,0.32800000000004215
11117,573696,98.70260620117188,105,0.32800000000004215
11118,573696,107.46265411376953,114,0.32800000000004215
11119,573696,136.9160614013672,144,0.32800000000004215
11120,573952,162.0989227294922,170,0.3277000000000421
11121,574208,72.17491912841797,79,0.3274000000000421
11122,574208,72.66590881347656,82,0.3274000000000421
11123,574208,118.42904663085938,125,0.3274000000000421
11124,574208,121.06259155273438,128,0.3274000000000421
11125,574464,88.46331787109375,97,0.3271000000000421
11126,574464,128.79241943359375,138,0.3271000000000421
11127,574464,32.75736999511719,37,0.3271000000000421
11128,574464,139.23641967773438,146,0.3271000000000421
11129,574464,145.17922973632812,155,0.3271000000000421
11130,574464,70.01760864257812,80,0.3271000000000421
11131,574464,47.42121505737305,52,0.3271000000000421
11132,574464,170.23281860351562,180,0.3271000000000421
11133,574720,112.5978012084961,121,0.32680000000004206
11134,574720,97.2211685180664,106,0.32680000000004206
11135,574720,46.426483154296875,51,0.32680000000004206
11136,575232,152.7003631591797,161,0.326200000000042
11137,575232,168.0777130126953,179,0.326200000000042
11138,575232,29.712026596069336,34,0.326200000000042
11139,575488,133.0522918701172,141,0.325900000000042
11140,575744,71.68669128417969,81,0.32560000000004197
11141,575744,122.993896484375,129,0.32560000000004197
11142,576000,135.78689575195312,144,0.32530000000004194
11143,576000,72.42707824707031,78,0.32530000000004194
11144,576256,75.26254272460938,85,0.3250000000000419
11145,576256,104.68579864501953,112,0.3250000000000419
11146,576512,164.4547119140625,174,0.3247000000000419
11147,576512,216.80352783203125,228,0.3247000000000419
11148,576768,79.85273742675781,86,0.3244000000000419
11149,576768,51.11674880981445,56,0.3244000000000419
11150,577024,94.64909362792969,104,0.32410000000004185
11151,577024,71.98482513427734,82,0.32410000000004185
11152,577024,135.62953186035156,143,0.32410000000004185
11153,577024,154.05787658691406,162,0.32410000000004185
11154,577280,123.62767791748047,130,0.32380000000004183
11155,577280,74.63555908203125,81,0.32380000000004183
11156,577280,67.19233703613281,73,0.32380000000004183
11157,577792,36.50064468383789,41,0.3232000000000418
11158,577792,36.301448822021484,41,0.3232000000000418
11159,577792,32.600852966308594,37,0.3232000000000418
11160,577792,31.171903610229492,36,0.3232000000000418
11161,577792,169.25900268554688,179,0.3232000000000418
11162,578048,99.27461242675781,105,0.32290000000004176
11163,578048,125.3364028930664,131,0.32290000000004176
11164,578304,157.61819458007812,166,0.32260000000004174
11165,578304,158.84124755859375,167,0.32260000000004174
11166,578304,92.64836120605469,99,0.32260000000004174
11167,578304,107.27281188964844,113,0.32260000000004174
11168,578304,77.02119445800781,83,0.32260000000004174
11169,578304,98.06355285644531,104,0.32260000000004174
11170,578560,165.60162353515625,177,0.3223000000000417
11171,578560,52.7124137878418,58,0.3223000000000417
11172,578560,166.30609130859375,174,0.3223000000000417
11173,578816,135.76541137695312,146,0.3220000000000417
11174,579072,38.35274124145508,46,0.3217000000000417
11175,579072,71.16657257080078,76,0.3217000000000417
11176,579072,98.3697509765625,108,0.3217000000000417
11177,579072,67.04141235351562,72,0.3217000000000417
11178,579328,80.31320190429688,90,0.32140000000004165
11179,579584,80.27725982666016,87,0.32110000000004163
11180,579584,105.2831802368164,111,0.32110000000004163
11181,579584,87.19308471679688,94,0.32110000000004163
11182,579840,103.93766784667969,110,0.3208000000000416
11183,579840,113.88072204589844,121,0.3208000000000416
11184,579840,160.4886932373047,168,0.3208000000000416
11185,579840,137.25042724609375,145,0.3208000000000416
11186,579840,45.336917877197266,50,0.3208000000000416
11187,579840,120.92908477783203,127,0.3208000000000416
11188,580096,112.77406311035156,121,0.3205000000000416
11189,580352,87.99346160888672,95,0.32020000000004156
11190,580352,52.21775436401367,57,0.32020000000004156
11191,580352,35.448585510253906,40,0.32020000000004156
11192,580608,72.53025817871094,78,0.31990000000004154
11193,580608,95.25836181640625,102,0.31990000000004154
11194,580864,116.3390121459961,123,0.3196000000000415
11195,580864,73.28250885009766,79,0.3196000000000415
11196,580864,136.217529296875,143,0.3196000000000415
11197,581120,101.25227355957031,107,0.3193000000000415
11198,581120,79.17598724365234,84,0.3193000000000415
11199,581120,99.7433090209961,107,0.3193000000000415
11200,581120,163.18614196777344,170,0.3193000000000415
11201,581376,78.25366973876953,84,0.3190000000000415
11202,581376,112.03565216064453,121,0.3190000000000415
11203,581888,110.5511474609375,119,0.3184000000000414
11204,581888,60.715084075927734,66,0.3184000000000414
11205,581888,100.79827117919922,108,0.3184000000000414
11206,582144,113.7933349609375,124,0.3181000000000414
11207,582144,103.4665756225586,110,0.3181000000000414
11208,582400,135.08322143554688,144,0.3178000000000414
11209,582400,79.26426696777344,85,0.3178000000000414
11210,582400,103.29763793945312,109,0.3178000000000414
11211,582912,109.44500732421875,120,0.31720000000004134
11212,582912,93.03187561035156,100,0.31720000000004134
11213,582912,138.65579223632812,147,0.31720000000004134
11214,582912,114.018798828125,120,0.31720000000004134
11215,583168,54.062477111816406,59,0.3169000000000413
11216,583168,166.60984802246094,176,0.3169000000000413
11217,583168,94.3679428100586,100,0.3169000000000413
11218,583424,154.2751007080078,162,0.3166000000000413
11219,583424,89.52188110351562,96,0.3166000000000413
11220,583680,25.815107345581055,30,0.31630000000004127
11221,583680,119.8008041381836,127,0.31630000000004127
11222,584192,135.54415893554688,143,0.3157000000000412
11223,584192,147.53720092773438,155,0.3157000000000412
11224,584192,157.09188842773438,165,0.3157000000000412
11225,584192,81.75260162353516,91,0.3157000000000412
11226,584448,98.21308135986328,105,0.3154000000000412
11227,584704,89.01642608642578,94,0.3151000000000412
11228,584704,139.71578979492188,147,0.3151000000000412
11229,584704,104.25808715820312,110,0.3151000000000412
11230,584960,66.88289642333984,73,0.31480000000004116
11231,584960,98.53384399414062,109,0.31480000000004116
11232,584960,84.88630676269531,95,0.31480000000004116
11233,584960,175.05770874023438,183,0.31480000000004116
11234,584960,178.41552734375,186,0.31480000000004116
11235,584960,91.38179779052734,97,0.31480000000004116
11236,584960,97.88915252685547,104,0.31480000000004116
11237,585216,57.09145736694336,62,0.31450000000004114
11238,585216,83.55974578857422,89,0.31450000000004114
11239,585216,108.14950561523438,114,0.31450000000004114
11240,585216,101.81019592285156,107,0.31450000000004114
11241,585216,74.19316864013672,80,0.31450000000004114
11242,585216,79.52461242675781,85,0.31450000000004114
11243,585472,83.6921615600586,90,0.3142000000000411
11244,585472,86.8194580078125,94,0.3142000000000411
11245,585728,38.9011344909668,46,0.3139000000000411
11246,585728,107.33919525146484,113,0.3139000000000411
11247,585984,39.35357666015625,44,0.31360000000004107
11248,585984,128.56268310546875,138,0.31360000000004107
11249,585984,44.14405059814453,49,0.31360000000004107
11250,586240,146.35897827148438,154,0.31330000000004105
11251,586240,109.23245239257812,115,0.31330000000004105
11252,586496,97.26129150390625,103,0.313000000000041
11253,586496,102.76688385009766,108,0.313000000000041
11254,586496,85.46586608886719,94,0.313000000000041
11255,586496,108.84341430664062,119,0.313000000000041
11256,586752,114.5638656616211,121,0.312700000000041
11257,586752,34.48325729370117,39,0.312700000000041
11258,587264,46.912044525146484,53,0.31210000000004096
11259,587264,104.58726501464844,110,0.31210000000004096
11260,587520,58.79351043701172,67,0.31180000000004093
11261,587520,67.44013214111328,72,0.31180000000004093
11262,587520,112.65446472167969,120,0.31180000000004093
11263,587776,42.371768951416016,47,0.3115000000000409
11264,587776,123.45255279541016,130,0.3115000000000409
11265,588032,105.13751983642578,111,0.3112000000000409
11266,588032,93.48876190185547,99,0.3112000000000409
11267,588288,31.759410858154297,36,0.31090000000004087
11268,588544,86.17375946044922,92,0.31060000000004084
11269,588544,94.68656921386719,105,0.31060000000004084
11270,588800,51.13047409057617,56,0.3103000000000408
11271,589056,88.50655364990234,96,0.3100000000000408
11272,589056,115.56975555419922,122,0.3100000000000408
11273,589056,122.27104187011719,130,0.3100000000000408
11274,589056,120.06502532958984,127,0.3100000000000408
11275,589056,120.7874984741211,127,0.3100000000000408
11276,589312,121.59969329833984,128,0.3097000000000408
11277,589312,23.873001098632812,28,0.3097000000000408
11278,589568,120.32815551757812,127,0.30940000000004075
11279,589568,126.85598754882812,135,0.30940000000004075
11280,589568,119.37052917480469,127,0.30940000000004075
11281,589568,56.86540603637695,62,0.30940000000004075
11282,589568,98.51991271972656,104,0.30940000000004075
11283,589568,33.80905532836914,38,0.30940000000004075
11284,589568,128.70289611816406,137,0.30940000000004075
11285,589568,99.44628143310547,105,0.30940000000004075
11286,589824,142.8680877685547,152,0.30910000000004073
11287,590080,43.31752014160156,48,0.3088000000000407
11288,590080,84.7274169921875,94,0.3088000000000407
11289,590080,66.35801696777344,75,0.3088000000000407
11290,590336,98.72652435302734,105,0.3085000000000407
11291,590592,97.26643371582031,106,0.30820000000004066
11292,590592,54.86430358886719,60,0.30820000000004066
11293,590592,124.39146423339844,131,0.30820000000004066
11294,590592,123.69300842285156,130,0.30820000000004066
11295,590592,27.74970245361328,32,0.30820000000004066
11296,590848,101.89982604980469,108,0.30790000000004064
11297,590848,120.34491729736328,126,0.30790000000004064
11298,590848,65.89668273925781,71,0.30790000000004064
11299,590848,64.73560333251953,70,0.30790000000004064
11300,591104,120.17778778076172,126,0.3076000000000406
11301,591104,87.19064331054688,92,0.3076000000000406
11302,591360,120.45622253417969,127,0.3073000000000406
11303,591360,111.53826904296875,118,0.3073000000000406
11304,591360,36.551517486572266,41,0.3073000000000406
11305,591616,44.52042007446289,49,0.3070000000000406
11306,591616,119.16600799560547,125,0.3070000000000406
11307,591616,124.48632049560547,132,0.3070000000000406
11308,591616,61.57066345214844,67,0.3070000000000406
11309,591616,173.47320556640625,181,0.3070000000000406
11310,591616,87.25774383544922,92,0.3070000000000406
11311,591872,63.31000900268555,72,0.30670000000004055
11312,591872,69.29122924804688,79,0.30670000000004055
11313,591872,101.53409576416016,111,0.30670000000004055
11314,592128,137.5295867919922,144,0.30640000000004053
11315,592128,150.7550506591797,159,0.30640000000004053
11316,592128,112.42564392089844,121,0.30640000000004053
11317,592384,145.6005859375,152,0.3061000000000405
11318,592384,64.55115509033203,70,0.3061000000000405
11319,592384,107.13819122314453,113,0.3061000000000405
11320,592640,110.62931060791016,119,0.3058000000000405
11321,592640,80.09149932861328,87,0.3058000000000405
11322,592640,77.12146759033203,83,0.3058000000000405
11323,592640,173.7801055908203,181,0.3058000000000405
11324,592640,50.87211227416992,56,0.3058000000000405
11325,592896,86.25703430175781,95,0.30550000000004046
11326,592896,60.169410705566406,65,0.30550000000004046
11327,592896,98.36137390136719,104,0.30550000000004046
11328,592896,27.769739151000977,32,0.30550000000004046
11329,593152,102.21920013427734,112,0.30520000000004044
11330,593152,93.34019470214844,101,0.30520000000004044
11331,593408,71.6675033569336,77,0.3049000000000404
11332,593408,103.20114135742188,109,0.3049000000000404
11333,593408,53.02332305908203,58,0.3049000000000404
11334,593408,104.51657104492188,110,0.3049000000000404
11335,593408,92.59629821777344,101,0.3049000000000404
11336,593664,66.37903594970703,72,0.3046000000000404
11337,593664,108.02377319335938,114,0.3046000000000404
11338,594176,96.71904754638672,103,0.30400000000004035
11339,594176,111.11820983886719,117,0.30400000000004035
11340,594176,163.942626953125,172,0.30400000000004035
11341,594432,144.34169006347656,155,0.3037000000000403
11342,594432,85.25083923339844,91,0.3037000000000403
11343,594944,126.40039825439453,133,0.3031000000000403
11344,595200,82.13602447509766,89,0.30280000000004026
11345,595200,76.1380615234375,81,0.30280000000004026
11346,595456,127.60186004638672,134,0.30250000000004024
11347,595456,108.49284362792969,114,0.30250000000004024
11348,595456,33.801979064941406,38,0.30250000000004024
11349,595456,67.23246765136719,72,0.30250000000004024
11350,595456,131.68939208984375,139,0.30250000000004024
11351,595712,77.48865509033203,83,0.3022000000000402
11352,595712,108.46739196777344,115,0.3022000000000402
11353,595968,98.58293914794922,105,0.3019000000000402
11354,596224,84.20891571044922,91,0.30160000000004017
11355,596224,96.9795150756836,103,0.30160000000004017
11356,596224,107.87417602539062,114,0.30160000000004017
11357,596224,98.50603485107422,104,0.30160000000004017
11358,596224,117.08567810058594,125,0.30160000000004017
11359,596224,143.4321746826172,151,0.30160000000004017
11360,596224,60.14838409423828,65,0.30160000000004017
11361,596480,125.75548553466797,135,0.30130000000004015
11362,596480,72.5326156616211,78,0.30130000000004015
11363,596480,102.66529846191406,110,0.30130000000004015
11364,596736,46.58985137939453,51,0.3010000000000401
11365,596736,38.689056396484375,43,0.3010000000000401
11366,597248,88.7856216430664,96,0.3004000000000401
11367,597248,34.534828186035156,39,0.3004000000000401
11368,597504,34.39875793457031,39,0.30010000000004006
11369,597504,93.84085845947266,101,0.30010000000004006
11370,598016,66.41893005371094,72,0.29950000000004
11371,598016,86.25421905517578,92,0.29950000000004
11372,598272,80.81024169921875,87,0.29920000000004
11373,598272,96.83302307128906,102,0.29920000000004
11374,598272,50.464805603027344,55,0.29920000000004
11375,598272,98.85398864746094,104,0.29920000000004
11376,598272,99.16214752197266,105,0.29920000000004
11377,598528,113.19022369384766,120,0.29890000000003997
11378,598528,210.00482177734375,219,0.29890000000003997
11379,598528,48.20949935913086,53,0.29890000000003997
11380,598528,84.48193359375,90,0.29890000000003997
11381,598784,121.445068359375,128,0.29860000000003994
11382,598784,33.425323486328125,38,0.29860000000003994
11383,598784,137.9573974609375,144,0.29860000000003994
11384,599040,98.72618103027344,104,0.2983000000000399
11385,599296,77.85213470458984,84,0.2980000000000399
11386,599296,45.24490737915039,50,0.2980000000000399
11387,599296,64.36759185791016,70,0.2980000000000399
11388,599296,143.51077270507812,153,0.2980000000000399
11389,599296,108.66143798828125,116,0.2980000000000399
11390,599296,25.867773056030273,30,0.2980000000000399
11391,599552,67.07889556884766,72,0.2977000000000399
11392,599552,129.0639190673828,136,0.2977000000000399
11393,599552,59.63605880737305,65,0.2977000000000399
11394,599552,97.51889038085938,103,0.2977000000000399
11395,599808,94.08467102050781,100,0.29740000000003985
11396,599808,91.66063690185547,100,0.29740000000003985
11397,600064,79.50076293945312,85,0.29710000000003983
11398,600064,81.72531127929688,87,0.29710000000003983
11399,600064,80.65886688232422,89,0.29710000000003983
11400,600320,86.5645523071289,92,0.2968000000000398
11401,600320,41.27269744873047,46,0.2968000000000398
11402,600576,80.6480484008789,87,0.2965000000000398
11403,600576,96.415771484375,102,0.2965000000000398
11404,600576,119.80192565917969,126,0.2965000000000398
11405,600576,135.5793914794922,144,0.2965000000000398
11406,600576,141.60923767089844,150,0.2965000000000398
11407,600832,99.80779266357422,108,0.29620000000003976
11408,600832,31.717416763305664,36,0.29620000000003976
11409,600832,133.9632568359375,140,0.29620000000003976
11410,601088,40.12637710571289,46,0.29590000000003974
11411,601344,254.5217742919922,263,0.2956000000000397
11412,601344,81.97044372558594,88,0.2956000000000397
11413,601600,34.48838806152344,39,0.2953000000000397
11414,601600,81.72341918945312,88,0.2953000000000397
11415,601856,22.967517852783203,27,0.2950000000000397
11416,601856,103.32781982421875,111,0.2950000000000397
11417,602368,92.21612548828125,98,0.29440000000003963
11418,602368,89.5711669921875,96,0.29440000000003963
11419,602368,74.15955352783203,80,0.29440000000003963
11420,602624,110.8533706665039,118,0.2941000000000396
11421,602624,135.0708465576172,142,0.2941000000000396
11422,602880,43.08518981933594,48,0.2938000000000396
11423,603136,136.86346435546875,144,0.29350000000003956
11424,603136,98.76168823242188,105,0.29350000000003956
11425,603392,82.29912567138672,87,0.29320000000003954
11426,603392,117.97183990478516,127,0.29320000000003954
11427,603392,131.38621520996094,140,0.29320000000003954
11428,603648,67.86624145507812,74,0.2929000000000395
11429,603904,68.55149841308594,74,0.2926000000000395
11430,604416,101.01042938232422,107,0.29200000000003945
11431,604672,120.32106018066406,126,0.2917000000000394
11432,604672,158.67556762695312,166,0.2917000000000394
11433,604672,97.07373809814453,103,0.2917000000000394
11434,604928,66.92220306396484,72,0.2914000000000394
11435,604928,119.18975830078125,126,0.2914000000000394
11436,604928,89.89530944824219,96,0.2914000000000394
11437,605184,115.56546020507812,121,0.2911000000000394
11438,605184,55.8216438293457,61,0.2911000000000394
11439,605184,72.99861907958984,78,0.2911000000000394
11440,605440,75.59052276611328,81,0.29080000000003936
11441,605440,143.32066345214844,153,0.29080000000003936
11442,605440,63.430973052978516,68,0.29080000000003936
11443,605696,115.30654907226562,123,0.29050000000003934
11444,605696,87.56671142578125,93,0.29050000000003934
11445,605696,102.13123321533203,112,0.29050000000003934
11446,605696,165.01412963867188,174,0.29050000000003934
11447,605696,113.26571655273438,119,0.29050000000003934
11448,605696,102.5663070678711,108,0.29050000000003934
11449,605952,58.18868637084961,64,0.2902000000000393
11450,605952,93.43159484863281,100,0.2902000000000393
11451,606208,71.95890808105469,77,0.2899000000000393
11452,606208,92.47825622558594,99,0.2899000000000393
11453,606464,85.73589324951172,92,0.28960000000003927
11454,606720,120.35969543457031,126,0.28930000000003925
11455,606720,32.670963287353516,37,0.28930000000003925
11456,606976,58.06321334838867,63,0.2890000000000392
11457,607232,66.13841247558594,71,0.2887000000000392
11458,607232,81.88465118408203,87,0.2887000000000392
11459,607488,87.64933013916016,94,0.2884000000000392
11460,607488,91.60700225830078,98,0.2884000000000392
11461,607488,205.49195861816406,216,0.2884000000000392
11462,607488,82.16091918945312,87,0.2884000000000392
11463,607488,89.63058471679688,95,0.2884000000000392
11464,607744,103.0467758178711,109,0.28810000000003916
11465,607744,89.9307632446289,96,0.28810000000003916
11466,608000,93.71368408203125,100,0.28780000000003914
11467,608000,98.6013412475586,105,0.28780000000003914
11468,608000,114.15596008300781,121,0.28780000000003914
11469,608256,105.545166015625,111,0.2875000000000391
11470,608256,44.20433044433594,49,0.2875000000000391
11471,608256,88.58673095703125,94,0.2875000000000391
11472,608256,147.7615509033203,154,0.2875000000000391
11473,608256,60.523433685302734,66,0.2875000000000391
11474,608768,56.167503356933594,66,0.28690000000003907
11475,608768,69.89622497558594,75,0.28690000000003907
11476,608768,107.61856079101562,113,0.28690000000003907
11477,608768,27.545604705810547,32,0.28690000000003907
11478,608768,62.84943389892578,68,0.28690000000003907
11479,608768,129.86721801757812,138,0.28690000000003907
11480,609024,125.17633819580078,134,0.28660000000003905
11481,609024,71.54869079589844,77,0.28660000000003905
11482,609280,67.90653991699219,73,0.286300000000039
11483,609280,114.26300048828125,120,0.286300000000039
11484,609280,68.92045593261719,75,0.286300000000039
11485,609280,104.05883026123047,112,0.286300000000039
11486,609280,188.48373413085938,196,0.286300000000039
11487,609280,95.92951202392578,103,0.286300000000039
11488,609280,79.11585235595703,85,0.286300000000039
11489,609280,217.179931640625,226,0.286300000000039
11490,609536,106.6242446899414,116,0.286000000000039
11491,609536,129.8685302734375,136,0.286000000000039
11492,609536,68.37214660644531,78,0.286000000000039
11493,609792,102.13601684570312,111,0.285700000000039
11494,609792,114.1777114868164,120,0.285700000000039
11495,609792,41.706764221191406,46,0.285700000000039
11496,610048,72.36157989501953,78,0.28540000000003896
11497,610048,123.89075469970703,131,0.28540000000003896
11498,610048,86.68733215332031,97,0.28540000000003896
11499,610048,196.88092041015625,204,0.28540000000003896
11500,610304,105.27824401855469,111,0.28510000000003893
11501,610304,77.12211608886719,83,0.28510000000003893
11502,610304,108.40299224853516,114,0.28510000000003893
11503,610304,111.05427551269531,119,0.28510000000003893
11504,610560,89.84455108642578,96,0.2848000000000389
11505,610560,87.1247787475586,93,0.2848000000000389
11506,610560,113.2748031616211,119,0.2848000000000389
11507,610560,65.09898376464844,71,0.2848000000000389
11508,610560,89.69113159179688,95,0.2848000000000389
11509,610816,80.72881317138672,86,0.2845000000000389
11510,610816,98.75457000732422,104,0.2845000000000389
11511,611072,91.58333587646484,102,0.28420000000003887
11512,611328,98.8387680053711,106,0.28390000000003884
11513,611328,115.8291015625,124,0.28390000000003884
11514,611584,112.55310821533203,121,0.2836000000000388
11515,611584,92.41996002197266,104,0.2836000000000388
11516,611584,66.00391387939453,71,0.2836000000000388
11517,611840,93.89840698242188,99,0.2833000000000388
11518,611840,96.59954833984375,103,0.2833000000000388
11519,611840,71.66110229492188,78,0.2833000000000388
11520,611840,81.7729721069336,87,0.2833000000000388
11521,611840,81.37051391601562,86,0.2833000000000388
11522,612096,123.85688018798828,131,0.2830000000000388
11523,612096,93.83338165283203,104,0.2830000000000388
11524,612352,116.52269744873047,123,0.28270000000003875
11525,612608,128.09764099121094,134,0.28240000000003873
11526,612608,46.396968841552734,51,0.28240000000003873
11527,612864,88.71439361572266,95,0.2821000000000387
11528,612864,144.46035766601562,153,0.2821000000000387
11529,613120,129.25552368164062,136,0.2818000000000387
11530,613120,93.46197509765625,99,0.2818000000000387
11531,613632,95.73527526855469,101,0.28120000000003864
11532,613632,82.91429901123047,90,0.28120000000003864
11533,613632,70.31605529785156,76,0.28120000000003864
11534,613632,65.28001403808594,71,0.28120000000003864
11535,613888,103.98583221435547,112,0.2809000000000386
11536,613888,27.64174461364746,32,0.2809000000000386
11537,613888,132.77027893066406,140,0.2809000000000386
11538,614144,33.61134338378906,38,0.2806000000000386
11539,614144,102.09464263916016,110,0.2806000000000386
11540,614144,187.99745178222656,196,0.2806000000000386
11541,614400,114.21515655517578,121,0.2803000000000386
11542,614400,76.38241577148438,82,0.2803000000000386
11543,614400,49.227474212646484,54,0.2803000000000386
11544,614400,75.68599700927734,85,0.2803000000000386
11545,614400,97.01872253417969,102,0.2803000000000386
11546,614656,76.40460968017578,83,0.28000000000003855
11547,614912,145.0523681640625,153,0.27970000000003853
11548,615168,56.36479187011719,62,0.2794000000000385
11549,615424,89.7664794921875,95,0.2791000000000385
11550,615424,95.63489532470703,101,0.2791000000000385
11551,615424,97.77304077148438,107,0.2791000000000385
11552,615424,108.21549224853516,114,0.2791000000000385
11553,615424,90.65589904785156,96,0.2791000000000385
11554,615680,34.4141845703125,39,0.27880000000003846
11555,615680,113.9992446899414,120,0.27880000000003846
11556,615936,96.02037048339844,103,0.27850000000003844
11557,615936,39.33503723144531,44,0.27850000000003844
11558,616192,21.913654327392578,26,0.2782000000000384
11559,616192,55.6549186706543,61,0.2782000000000384
11560,616192,94.4801254272461,102,0.2782000000000384
11561,616448,84.7529525756836,90,0.2779000000000384
11562,616448,141.8435821533203,151,0.2779000000000384
11563,616448,35.5662956237793,40,0.2779000000000384
11564,616448,85.4897232055664,91,0.2779000000000384
11565,616448,80.00972747802734,87,0.2779000000000384
11566,616448,44.3703727722168,49,0.2779000000000384
11567,616448,39.07938766479492,44,0.2779000000000384
11568,616448,29.772733688354492,34,0.2779000000000384
11569,616704,95.24031066894531,101,0.27760000000003837
11570,616960,57.79374313354492,63,0.27730000000003835
11571,617216,118.51197052001953,125,0.2770000000000383
11572,617216,54.595428466796875,63,0.2770000000000383
11573,617472,111.85333251953125,120,0.2767000000000383
11574,617728,96.65418243408203,102,0.2764000000000383
11575,617728,77.88744354248047,83,0.2764000000000383
11576,617728,66.76691436767578,72,0.2764000000000383
11577,617984,69.63607788085938,75,0.27610000000003826
11578,617984,92.86986541748047,98,0.27610000000003826
11579,617984,88.69259643554688,95,0.27610000000003826
11580,617984,130.30868530273438,137,0.27610000000003826
11581,618496,113.80738830566406,121,0.2755000000000382
11582,618496,85.0356216430664,90,0.2755000000000382
11583,618496,69.3199462890625,75,0.2755000000000382
11584,618496,102.2897720336914,109,0.2755000000000382
11585,618496,94.05122375488281,100,0.2755000000000382
11586,618752,83.1890640258789,88,0.2752000000000382
11587,618752,80.37377166748047,86,0.2752000000000382
11588,619008,128.17320251464844,135,0.27490000000003817
11589,619008,99.57077026367188,105,0.27490000000003817
11590,619264,61.08662414550781,66,0.27460000000003815
11591,619264,59.86091613769531,65,0.27460000000003815
11592,619520,59.50405502319336,65,0.2743000000000381
11593,619776,108.82037353515625,115,0.2740000000000381
11594,619776,108.68446350097656,114,0.2740000000000381
11595,619776,100.61454772949219,106,0.2740000000000381
11596,619776,81.18675231933594,91,0.2740000000000381
11597,619776,84.71417236328125,90,0.2740000000000381
11598,620032,82.11261749267578,92,0.2737000000000381
11599,620032,113.11117553710938,121,0.2737000000000381
11600,620288,102.22003936767578,108,0.27340000000003806
11601,620288,88.75463104248047,94,0.27340000000003806
11602,620288,84.05810546875,90,0.27340000000003806
11603,620544,138.1912384033203,146,0.27310000000003803
11604,620544,130.7509765625,138,0.27310000000003803
11605,620800,102.0462417602539,109,0.272800000000038
11606,621056,106.19232177734375,112,0.272500000000038
11607,621056,109.2388916015625,115,0.272500000000038
11608,621312,94.45011901855469,101,0.27220000000003797
11609,621568,85.79600524902344,92,0.27190000000003794
11610,621568,93.68169403076172,100,0.27190000000003794
11611,621568,47.07193374633789,52,0.27190000000003794
11612,621568,39.584510803222656,44,0.27190000000003794
11613,621568,109.16775512695312,115,0.27190000000003794
11614,621568,75.484619140625,82,0.27190000000003794
11615,621824,58.84313201904297,64,0.2716000000000379
11616,621824,105.71691131591797,113,0.2716000000000379
11617,621824,63.698097229003906,71,0.2716000000000379
11618,621824,89.82849884033203,95,0.2716000000000379
11619,621824,40.153263092041016,45,0.2716000000000379
11620,621824,87.28988647460938,92,0.2716000000000379
11621,621824,82.60623931884766,88,0.2716000000000379
11622,622080,120.93366241455078,127,0.2713000000000379
11623,622080,121.54441833496094,129,0.2713000000000379
11624,622336,143.94602966308594,151,0.2710000000000379
11625,622592,89.6973876953125,95,0.27070000000003785
11626,622848,119.16063690185547,125,0.27040000000003783
11627,622848,87.25337982177734,95,0.27040000000003783
11628,622848,116.03153991699219,122,0.27040000000003783
11629,623104,114.06731414794922,120,0.2701000000000378
11630,623104,109.01334381103516,115,0.2701000000000378
11631,623104,86.94508361816406,92,0.2701000000000378
11632,623104,101.71123504638672,108,0.2701000000000378
11633,623360,73.79716491699219,79,0.2698000000000378
11634,623360,84.92040252685547,91,0.2698000000000378
11635,623360,120.07958984375,126,0.2698000000000378
11636,623872,56.871620178222656,62,0.26920000000003774
11637,623872,112.56208801269531,119,0.26920000000003774
11638,624128,103.18595886230469,109,0.2689000000000377
11639,624128,110.5932846069336,117,0.2689000000000377
11640,624128,85.90521240234375,95,0.2689000000000377
11641,624128,70.14599609375,75,0.2689000000000377
11642,624128,81.28337097167969,87,0.2689000000000377
11643,624384,81.80184936523438,89,0.2686000000000377
11644,624384,115.15611267089844,122,0.2686000000000377
11645,624384,110.5845947265625,117,0.2686000000000377
11646,624384,108.70655059814453,114,0.2686000000000377
11647,624384,122.99156188964844,129,0.2686000000000377
11648,624640,67.41800689697266,73,0.2683000000000377
11649,624640,97.44328308105469,103,0.2683000000000377
11650,624640,109.48905181884766,115,0.2683000000000377
11651,624640,89.49474334716797,95,0.2683000000000377
11652,624640,49.90166473388672,55,0.2683000000000377
11653,624640,60.62479782104492,69,0.2683000000000377
11654,624640,38.68572235107422,43,0.2683000000000377
11655,624896,108.0864028930664,114,0.26800000000003765
11656,624896,163.79376220703125,178,0.26800000000003765
11657,624896,93.04467010498047,98,0.26800000000003765
11658,625152,80.0849838256836,85,0.26770000000003763
11659,625152,63.72649002075195,70,0.26770000000003763
11660,625408,63.04935836791992,68,0.2674000000000376
11661,625408,161.0059814453125,169,0.2674000000000376
11662,625408,98.83335876464844,104,0.2674000000000376
11663,625408,122.00314331054688,128,0.2674000000000376
11664,625408,95.32197570800781,105,0.2674000000000376
11665,625664,169.28994750976562,177,0.2671000000000376
11666,625664,99.50721740722656,106,0.2671000000000376
11667,625664,31.757102966308594,36,0.2671000000000376
11668,625664,71.69523620605469,78,0.2671000000000376
11669,625664,96.63887023925781,103,0.2671000000000376
11670,625664,99.05960845947266,104,0.2671000000000376
11671,625920,77.22340393066406,83,0.26680000000003756
11672,625920,113.17814636230469,119,0.26680000000003756
11673,625920,64.32860565185547,69,0.26680000000003756
11674,625920,40.572242736816406,45,0.26680000000003756
11675,626176,70.60066223144531,76,0.26650000000003754
11676,626176,83.91213989257812,95,0.26650000000003754
11677,626176,101.21996307373047,107,0.26650000000003754
11678,626176,58.01882553100586,63,0.26650000000003754
11679,626176,33.61841583251953,38,0.26650000000003754
11680,626176,97.05118560791016,104,0.26650000000003754
11681,626688,120.01235961914062,126,0.2659000000000375
11682,626688,154.95382690429688,163,0.2659000000000375
11683,626688,73.7336196899414,80,0.2659000000000375
11684,626688,64.25898742675781,70,0.2659000000000375
11685,626688,72.03229522705078,78,0.2659000000000375
11686,626688,39.59562683105469,44,0.2659000000000375
11687,626944,129.84962463378906,136,0.2656000000000375
11688,626944,64.7164077758789,70,0.2656000000000375
11689,626944,31.78688621520996,36,0.2656000000000375
11690,626944,59.53478240966797,65,0.2656000000000375
11691,626944,114.0234375,120,0.2656000000000375
11692,626944,61.9683723449707,67,0.2656000000000375
11693,627200,65.57433319091797,71,0.26530000000003745
11694,627200,59.33549118041992,64,0.26530000000003745
11695,627456,98.88516235351562,104,0.26500000000003743
11696,627456,60.64867401123047,66,0.26500000000003743
11697,627456,87.59271240234375,94,0.26500000000003743
11698,627456,89.07742309570312,95,0.26500000000003743
11699,627456,33.751304626464844,38,0.26500000000003743
11700,627712,129.62387084960938,137,0.2647000000000374
11701,627712,62.605194091796875,67,0.2647000000000374
11702,627712,66.86602783203125,72,0.2647000000000374
11703,627712,73.3708267211914,80,0.2647000000000374
11704,627712,62.39398956298828,68,0.2647000000000374
11705,627712,64.04541015625,70,0.2647000000000374
11706,627712,102.362548828125,108,0.2647000000000374
11707,627968,81.49502563476562,87,0.2644000000000374
11708,628224,102.6717529296875,108,0.26410000000003736
11709,628480,100.15515899658203,106,0.26380000000003734
11710,628736,138.03799438476562,144,0.2635000000000373
11711,628736,60.90397644042969,66,0.2635000000000373
11712,628736,85.00822448730469,92,0.2635000000000373
11713,628992,88.567138671875,94,0.2632000000000373
11714,628992,109.04362487792969,115,0.2632000000000373
11715,629504,88.55672454833984,95,0.26260000000003725
11716,629504,103.3886489868164,109,0.26260000000003725
11717,629760,81.32501983642578,87,0.2623000000000372
11718,629760,81.18017578125,87,0.2623000000000372
11719,629760,56.2823486328125,61,0.2623000000000372
11720,629760,77.06291198730469,82,0.2623000000000372
11721,629760,65.49700164794922,71,0.2623000000000372
11722,630016,117.16627502441406,124,0.2620000000000372
11723,630016,78.01746368408203,83,0.2620000000000372
11724,630016,83.19356536865234,88,0.2620000000000372
11725,630272,126.42039489746094,133,0.2617000000000372
11726,630528,93.23881530761719,100,0.26140000000003716
11727,630528,59.221343994140625,64,0.26140000000003716
11728,630784,82.79650115966797,88,0.26110000000003714
11729,630784,119.93583679199219,126,0.26110000000003714
11730,630784,112.39785766601562,120,0.26110000000003714
11731,630784,31.341705322265625,36,0.26110000000003714
11732,630784,74.81385803222656,84,0.26110000000003714
11733,630784,75.1771011352539,81,0.26110000000003714
11734,631040,80.23924255371094,85,0.2608000000000371
11735,631040,113.9123764038086,120,0.2608000000000371
11736,631040,161.54119873046875,171,0.2608000000000371
11737,631296,107.24160766601562,113,0.2605000000000371
11738,631296,127.76863098144531,137,0.2605000000000371
11739,631552,111.01533508300781,118,0.26020000000003707
11740,631552,56.67375946044922,62,0.26020000000003707
11741,631552,71.34332275390625,77,0.26020000000003707
11742,631808,81.65457916259766,88,0.25990000000003705
11743,631808,74.41802978515625,80,0.25990000000003705
11744,632064,64.22630310058594,69,0.259600000000037
11745,632064,79.50743865966797,86,0.259600000000037
11746,632064,81.01631927490234,87,0.259600000000037
11747,632320,84.3001480102539,90,0.259300000000037
11748,632320,110.638427734375,117,0.259300000000037
11749,632832,91.0440673828125,96,0.25870000000003696
11750,632832,99.98358154296875,106,0.25870000000003696
11751,633088,101.27532196044922,108,0.25840000000003693
11752,633344,101.710693359375,107,0.2581000000000369
11753,633344,46.38374710083008,51,0.2581000000000369
11754,633344,56.22604751586914,62,0.2581000000000369
11755,633600,91.52577209472656,97,0.2578000000000369
11756,633600,102.75092315673828,110,0.2578000000000369
11757,633600,89.36083221435547,100,0.2578000000000369
11758,633600,112.03604888916016,118,0.2578000000000369
11759,633856,68.99417877197266,79,0.25750000000003687
11760,633856,76.4861068725586,82,0.25750000000003687
11761,634112,86.621337890625,92,0.25720000000003684
11762,634112,50.62361526489258,56,0.25720000000003684
11763,634112,44.28114318847656,49,0.25720000000003684
11764,634112,40.29570770263672,45,0.25720000000003684
11765,634112,98.64654541015625,104,0.25720000000003684
11766,634368,64.48310852050781,70,0.2569000000000368
11767,634368,69.21548461914062,74,0.2569000000000368
11768,634368,34.5533447265625,39,0.2569000000000368
11769,634368,76.24500274658203,83,0.2569000000000368
11770,634368,99.62720489501953,105,0.2569000000000368
11771,634368,179.58819580078125,189,0.2569000000000368
11772,634624,111.97915649414062,117,0.2566000000000368
11773,634624,80.67929077148438,86,0.2566000000000368
11774,634624,97.88117980957031,103,0.2566000000000368
11775,634624,92.15044403076172,99,0.2566000000000368
11776,634880,52.39521789550781,57,0.2563000000000368
11777,634880,132.23812866210938,139,0.2563000000000368
11778,634880,89.67141723632812,95,0.2563000000000368
11779,635136,214.51785278320312,226,0.25600000000003675
11780,635136,95.55036926269531,101,0.25600000000003675
11781,635136,47.25778579711914,52,0.25600000000003675
11782,635136,48.47218704223633,53,0.25600000000003675
11783,635136,32.736000061035156,37,0.25600000000003675
11784,635392,77.57377624511719,84,0.25570000000003673
11785,635392,85.66918182373047,91,0.25570000000003673
11786,635392,94.05948638916016,99,0.25570000000003673
11787,635392,105.62799835205078,113,0.25570000000003673
11788,635392,101.3189697265625,108,0.25570000000003673
11789,635392,67.56049346923828,73,0.25570000000003673
11790,635648,147.11448669433594,154,0.2554000000000367
11791,635648,67.20376586914062,72,0.2554000000000367
11792,635648,77.98350524902344,83,0.2554000000000367
11793,635904,84.22856140136719,89,0.2551000000000367
11794,635904,96.69672393798828,103,0.2551000000000367
11795,636160,63.441993713378906,69,0.25480000000003666
11796,636160,93.14651489257812,99,0.25480000000003666
11797,636160,54.59944534301758,60,0.25480000000003666
11798,636160,65.99787902832031,71,0.25480000000003666
11799,636160,45.280704498291016,50,0.25480000000003666
11800,636160,36.34629440307617,41,0.25480000000003666
11801,636160,71.24119567871094,77,0.25480000000003666
11802,636416,73.84940338134766,79,0.25450000000003664
11803,636416,88.02886199951172,94,0.25450000000003664
11804,636416,73.13148498535156,79,0.25450000000003664
11805,636416,73.29068756103516,78,0.25450000000003664
11806,636672,82.66304016113281,89,0.2542000000000366
11807,636672,112.90266418457031,121,0.2542000000000366
11808,636672,34.72119140625,39,0.2542000000000366
11809,636928,39.25661849975586,44,0.2539000000000366
11810,637184,45.2086296081543,50,0.2536000000000366
11811,637184,31.300504684448242,36,0.2536000000000366
11812,637184,74.5571517944336,81,0.2536000000000366
11813,637184,38.442195892333984,43,0.2536000000000366
11814,637184,143.95872497558594,152,0.2536000000000366
11815,637184,79.43849182128906,85,0.2536000000000366
11816,637184,73.83595275878906,79,0.2536000000000366
11817,637440,45.080902099609375,50,0.25330000000003655
11818,637440,94.02289581298828,100,0.25330000000003655
11819,637440,86.5101089477539,92,0.25330000000003655
11820,637696,85.98124694824219,91,0.25300000000003653
11821,637696,74.92786407470703,80,0.25300000000003653
11822,637696,91.20146179199219,97,0.25300000000003653
11823,637952,108.55120086669922,114,0.2527000000000365
11824,637952,62.589332580566406,68,0.2527000000000365
11825,637952,26.79037857055664,31,0.2527000000000365
11826,638208,39.30834197998047,44,0.2524000000000365
11827,638464,72.2796630859375,77,0.25210000000003646
11828,638464,67.31278991699219,72,0.25210000000003646
11829,638464,87.50640869140625,93,0.25210000000003646
11830,638464,44.60588455200195,49,0.25210000000003646
11831,638464,53.77964401245117,59,0.25210000000003646
11832,638464,37.373111724853516,42,0.25210000000003646
11833,638464,37.4394416809082,42,0.25210000000003646
11834,638464,80.21492004394531,87,0.25210000000003646
11835,638720,101.16930389404297,107,0.25180000000003644
11836,638976,69.15109252929688,76,0.2515000000000364
11837,638976,85.05093383789062,91,0.2515000000000364
11838,638976,100.60958862304688,106,0.2515000000000364
11839,638976,72.39736938476562,77,0.2515000000000364
11840,638976,71.86992645263672,77,0.2515000000000364
11841,638976,66.37945556640625,73,0.2515000000000364
11842,638976,77.11572265625,82,0.2515000000000364
11843,639232,44.18892288208008,49,0.2512000000000364
11844,639488,71.22921752929688,77,0.25090000000003637
11845,639488,54.410484313964844,60,0.25090000000003637
11846,639488,66.0990219116211,71,0.25090000000003637
11847,639488,98.06145477294922,105,0.25090000000003637
11848,639744,47.7853889465332,53,0.25060000000003635
11849,639744,67.36515045166016,73,0.25060000000003635
11850,639744,42.27885055541992,47,0.25060000000003635
11851,639744,75.87425994873047,82,0.25060000000003635
11852,640000,95.50591278076172,101,0.2503000000000363
11853,640000,92.94767761230469,98,0.2503000000000363
11854,640000,43.986080169677734,49,0.2503000000000363
11855,640000,97.64995574951172,103,0.2503000000000363
11856,640000,50.73516845703125,56,0.2503000000000363
11857,640256,92.86280059814453,98,0.2500000000000363
11858,640256,146.08828735351562,154,0.2500000000000363
11859,640512,90.90380859375,96,0.2497000000000363
11860,640512,45.9064826965332,51,0.2497000000000363
11861,640512,80.64069366455078,86,0.2497000000000363
11862,640512,99.9334487915039,105,0.2497000000000363
11863,640768,57.440704345703125,63,0.24940000000003631
11864,640768,75.78958892822266,81,0.24940000000003631
11865,641024,68.79229736328125,75,0.24910000000003632
11866,641024,69.44610595703125,75,0.24910000000003632
11867,641280,79.52401733398438,89,0.24880000000003633
11868,641280,162.08753967285156,171,0.24880000000003633
11869,641536,71.14717864990234,77,0.24850000000003633
11870,641792,53.93992233276367,59,0.24820000000003634
11871,642048,96.85707092285156,102,0.24790000000003634
11872,642048,86.9605712890625,92,0.24790000000003634
11873,642048,57.267940521240234,62,0.24790000000003634
11874,642560,67.39134979248047,72,0.24730000000003635
11875,642560,114.28948211669922,120,0.24730000000003635
11876,642560,61.357913970947266,66,0.24730000000003635
11877,642560,63.125579833984375,68,0.24730000000003635
11878,642816,77.09276580810547,87,0.24700000000003636
11879,642816,66.0374984741211,71,0.24700000000003636
11880,642816,57.3218879699707,62,0.24700000000003636
11881,643072,117.043212890625,123,0.24670000000003636
11882,643072,73.48857879638672,79,0.24670000000003636
11883,643072,101.42869567871094,108,0.24670000000003636
11884,643328,107.98423767089844,113,0.24640000000003637
11885,643328,48.76726150512695,54,0.24640000000003637
11886,643328,95.0959701538086,100,0.24640000000003637
11887,643328,79.95368194580078,85,0.24640000000003637
11888,643328,67.31266021728516,72,0.24640000000003637
11889,643584,69.9683609008789,75,0.24610000000003637
11890,643584,118.80613708496094,125,0.24610000000003637
11891,643584,81.06432342529297,86,0.24610000000003637
11892,643584,71.39131164550781,76,0.24610000000003637
11893,643840,70.74121856689453,76,0.24580000000003638
11894,643840,121.74577331542969,128,0.24580000000003638
11895,643840,31.776540756225586,36,0.24580000000003638
11896,643840,78.98190307617188,84,0.24580000000003638
11897,643840,91.61937713623047,97,0.24580000000003638
11898,644096,73.73812103271484,79,0.24550000000003638
11899,644096,96.11405944824219,102,0.24550000000003638
11900,644096,131.9077606201172,138,0.24550000000003638
11901,644096,41.18415832519531,46,0.24550000000003638
11902,644096,34.74980926513672,39,0.24550000000003638
11903,644096,70.39398956298828,75,0.24550000000003638
11904,644352,90.7129898071289,96,0.2452000000000364
11905,644352,77.5821762084961,83,0.2452000000000364
11906,644352,47.57923126220703,53,0.2452000000000364
11907,644352,66.6964111328125,72,0.2452000000000364
11908,644352,55.36601257324219,61,0.2452000000000364
11909,644352,27.856311798095703,32,0.2452000000000364
11910,644608,82.70896911621094,88,0.2449000000000364
11911,644608,68.93763732910156,74,0.2449000000000364
11912,644608,78.44395446777344,84,0.2449000000000364
11913,644608,78.03337860107422,83,0.2449000000000364
11914,644608,72.89852142333984,78,0.2449000000000364
11915,644864,72.62442016601562,78,0.2446000000000364
11916,645120,40.470333099365234,45,0.2443000000000364
11917,645120,69.90560913085938,75,0.2443000000000364
11918,645120,32.6771354675293,37,0.2443000000000364
11919,645120,69.70148468017578,75,0.2443000000000364
11920,645376,99.67192077636719,105,0.2440000000000364
11921,645376,106.5323486328125,113,0.2440000000000364
11922,645376,65.14364624023438,71,0.2440000000000364
11923,645632,32.514137268066406,37,0.24370000000003642
11924,645632,51.526615142822266,57,0.24370000000003642
11925,645888,79.547607421875,86,0.24340000000003642
11926,645888,77.68143463134766,83,0.24340000000003642
11927,645888,62.363582611083984,69,0.24340000000003642
11928,645888,95.79857635498047,102,0.24340000000003642
11929,646144,76.04029846191406,82,0.24310000000003643
11930,646144,161.22608947753906,170,0.24310000000003643
11931,647168,58.98990249633789,65,0.24190000000003645
11932,647424,131.222900390625,138,0.24160000000003645
11933,647424,59.170082092285156,64,0.24160000000003645
11934,647424,72.91670227050781,79,0.24160000000003645
11935,647424,89.94818115234375,96,0.24160000000003645
11936,647680,65.852294921875,71,0.24130000000003646
11937,647680,57.263607025146484,63,0.24130000000003646
11938,647680,95.8576431274414,101,0.24130000000003646
11939,647680,119.61428833007812,126,0.24130000000003646
11940,647936,94.62704467773438,103,0.24100000000003646
11941,647936,92.10658264160156,97,0.24100000000003646
11942,647936,110.64903259277344,117,0.24100000000003646
11943,648192,87.30069732666016,92,0.24070000000003647
11944,648192,92.61793518066406,99,0.24070000000003647
11945,648448,88.93464660644531,94,0.24040000000003647
11946,648448,109.7206802368164,115,0.24040000000003647
11947,648448,61.26563262939453,66,0.24040000000003647
11948,648448,71.70160675048828,77,0.24040000000003647
11949,648448,45.37432861328125,50,0.24040000000003647
11950,648704,48.906517028808594,54,0.24010000000003648
11951,648704,51.505916595458984,56,0.24010000000003648
11952,648704,55.12715148925781,60,0.24010000000003648
11953,648704,69.3311996459961,74,0.24010000000003648
11954,648704,85.52991485595703,91,0.24010000000003648
11955,648960,32.817447662353516,37,0.23980000000003648
11956,648960,83.62752532958984,89,0.23980000000003648
11957,649472,47.27617645263672,52,0.2392000000000365
11958,649728,102.88379669189453,108,0.2389000000000365
11959,649728,68.41667175292969,74,0.2389000000000365
11960,649984,65.04345703125,70,0.2386000000000365
11961,649984,70.01740264892578,75,0.2386000000000365
11962,650240,81.77494049072266,88,0.2383000000000365
11963,650240,73.90562438964844,85,0.2383000000000365
11964,650240,86.2806625366211,91,0.2383000000000365
11965,650240,92.17207336425781,97,0.2383000000000365
11966,650240,57.438106536865234,63,0.2383000000000365
11967,650496,89.96110534667969,95,0.23800000000003652
11968,650496,46.60226821899414,51,0.23800000000003652
11969,650496,71.22352600097656,77,0.23800000000003652
11970,650496,88.2979965209961,93,0.23800000000003652
11971,650496,28.606130599975586,33,0.23800000000003652
11972,650752,87.84619903564453,93,0.23770000000003652
11973,650752,64.82948303222656,70,0.23770000000003652
11974,650752,71.24712371826172,77,0.23770000000003652
11975,650752,67.14237976074219,72,0.23770000000003652
11976,651008,55.98041915893555,61,0.23740000000003653
11977,651008,71.60521697998047,77,0.23740000000003653
11978,651008,30.860139846801758,35,0.23740000000003653
11979,651008,57.83735656738281,64,0.23740000000003653
11980,651008,82.09542846679688,87,0.23740000000003653
11981,651008,94.727294921875,100,0.23740000000003653
11982,651264,63.30109405517578,69,0.23710000000003653
11983,651264,63.94502639770508,70,0.23710000000003653
11984,651264,64.6249008178711,70,0.23710000000003653
11985,651264,96.0153579711914,101,0.23710000000003653
11986,651776,111.17800903320312,117,0.23650000000003654
11987,651776,118.38948059082031,125,0.23650000000003654
11988,651776,114.6299819946289,120,0.23650000000003654
11989,652032,89.1439437866211,96,0.23620000000003655
11990,652032,25.93927764892578,30,0.23620000000003655
11991,652032,97.24723815917969,109,0.23620000000003655
11992,652032,48.256446838378906,53,0.23620000000003655
11993,652032,45.99475860595703,51,0.23620000000003655
11994,652288,63.18616485595703,69,0.23590000000003655
11995,652288,61.725215911865234,67,0.23590000000003655
11996,652288,53.35438919067383,59,0.23590000000003655
11997,652544,92.07306671142578,97,0.23560000000003656
11998,652544,87.34418487548828,92,0.23560000000003656
11999,652544,64.53030395507812,69,0.23560000000003656
12000,652544,45.19365692138672,50,0.23560000000003656
12001,652544,29.699949264526367,34,0.23560000000003656
12002,652544,60.11825942993164,65,0.23560000000003656
12003,652800,66.16067504882812,72,0.23530000000003656
12004,652800,66.89000701904297,72,0.23530000000003656
12005,652800,93.99909210205078,99,0.23530000000003656
12006,653056,68.07405090332031,74,0.23500000000003657
12007,653312,86.16637420654297,91,0.23470000000003657
12008,653312,45.645694732666016,50,0.23470000000003657
12009,653312,112.30884552001953,118,0.23470000000003657
12010,653568,103.90485382080078,115,0.23440000000003658
12011,653568,34.31901168823242,39,0.23440000000003658
12012,653568,84.27149200439453,89,0.23440000000003658
12013,653824,80.3055191040039,85,0.23410000000003658
12014,653824,84.32575225830078,91,0.23410000000003658
12015,654080,84.06861114501953,89,0.2338000000000366
12016,654080,78.40895080566406,83,0.2338000000000366
12017,654080,59.10405349731445,64,0.2338000000000366
12018,654080,93.9518814086914,103,0.2338000000000366
12019,654336,76.06107330322266,81,0.2335000000000366
12020,654336,101.68871307373047,107,0.2335000000000366
12021,654336,66.4397201538086,71,0.2335000000000366
12022,654336,70.35175323486328,75,0.2335000000000366
12023,654336,75.11510467529297,80,0.2335000000000366
12024,654592,67.37171936035156,72,0.2332000000000366
12025,654592,73.46376037597656,78,0.2332000000000366
12026,654848,77.34900665283203,82,0.2329000000000366
12027,654848,64.30139923095703,69,0.2329000000000366
12028,654848,101.810791015625,107,0.2329000000000366
12029,654848,104.46480560302734,110,0.2329000000000366
12030,655104,44.23089599609375,49,0.2326000000000366
12031,655104,34.528648376464844,39,0.2326000000000366
12032,655104,51.83758544921875,57,0.2326000000000366
12033,655104,89.5844497680664,97,0.2326000000000366
12034,655104,89.98639678955078,95,0.2326000000000366
12035,655104,99.95417022705078,107,0.2326000000000366
12036,655104,58.40049743652344,63,0.2326000000000366
12037,655360,65.05290985107422,70,0.23230000000003662
12038,655360,69.48788452148438,75,0.23230000000003662
12039,655360,95.2547607421875,100,0.23230000000003662
12040,655360,95.03837585449219,100,0.23230000000003662
12041,655616,88.40902709960938,93,0.23200000000003662
12042,655616,65.72991180419922,70,0.23200000000003662
12043,655616,66.42689514160156,71,0.23200000000003662
12044,655872,88.20696258544922,93,0.23170000000003663
12045,655872,112.2966537475586,119,0.23170000000003663
12046,655872,78.85596466064453,84,0.23170000000003663
12047,655872,69.20426940917969,75,0.23170000000003663
12048,655872,40.217872619628906,45,0.23170000000003663
12049,655872,27.88451385498047,32,0.23170000000003663
12050,656128,66.47295379638672,71,0.23140000000003663
12051,656128,51.874481201171875,60,0.23140000000003663
12052,656384,55.3694953918457,60,0.23110000000003664
12053,656384,63.657161712646484,68,0.23110000000003664
12054,656640,81.57299041748047,87,0.23080000000003664
12055,656640,29.736543655395508,34,0.23080000000003664
12056,656896,43.437435150146484,48,0.23050000000003665
12057,656896,75.53954315185547,80,0.23050000000003665
12058,656896,72.0022201538086,78,0.23050000000003665
12059,656896,78.51054382324219,84,0.23050000000003665
12060,657152,33.50571823120117,38,0.23020000000003665
12061,657408,81.28917694091797,86,0.22990000000003666
12062,657408,82.16209411621094,87,0.22990000000003666
12063,657408,56.95988845825195,62,0.22990000000003666
12064,657408,180.4306640625,188,0.22990000000003666
12065,657408,79.1306381225586,84,0.22990000000003666
12066,657408,68.63689422607422,75,0.22990000000003666
12067,657408,101.76815795898438,107,0.22990000000003666
12068,657664,70.31868743896484,75,0.22960000000003666
12069,657920,82.50617980957031,89,0.22930000000003667
12070,657920,83.23472595214844,88,0.22930000000003667
12071,657920,67.83872985839844,74,0.22930000000003667
12072,658176,99.11451721191406,104,0.22900000000003667
12073,658176,53.340213775634766,59,0.22900000000003667
12074,658176,79.88571166992188,85,0.22900000000003667
12075,658432,51.21087646484375,56,0.22870000000003668
12076,658432,67.44937133789062,73,0.22870000000003668
12077,658432,60.19513702392578,65,0.22870000000003668
12078,658432,44.4123420715332,49,0.22870000000003668
12079,658688,47.006866455078125,52,0.22840000000003668
12080,658688,79.36286926269531,84,0.22840000000003668
12081,658688,53.491600036621094,58,0.22840000000003668
12082,658944,108.64955139160156,114,0.2281000000000367
12083,658944,88.79154205322266,94,0.2281000000000367
12084,658944,56.09341049194336,61,0.2281000000000367
12085,658944,80.50627136230469,87,0.2281000000000367
12086,659200,92.60030364990234,98,0.2278000000000367
12087,659200,53.50222396850586,59,0.2278000000000367
12088,659200,78.8623046875,84,0.2278000000000367
12089,659200,93.01547241210938,98,0.2278000000000367
12090,659200,36.516136169433594,41,0.2278000000000367
12091,659456,134.52174377441406,147,0.2275000000000367
12092,659456,77.17947387695312,82,0.2275000000000367
12093,659456,123.97035217285156,130,0.2275000000000367
12094,659456,73.67696380615234,79,0.2275000000000367
12095,659712,88.36959838867188,94,0.2272000000000367
12096,659712,71.0618667602539,76,0.2272000000000367
12097,659712,60.967491149902344,66,0.2272000000000367
12098,659712,182.31549072265625,196,0.2272000000000367
12099,659712,38.458274841308594,43,0.2272000000000367
12100,659968,85.74073028564453,91,0.2269000000000367
12101,659968,54.860050201416016,60,0.2269000000000367
12102,660224,63.13833999633789,69,0.22660000000003672
12103,660480,85.84495544433594,91,0.22630000000003672
12104,660480,75.33488464355469,82,0.22630000000003672
12105,660480,125.03113555908203,131,0.22630000000003672
12106,660736,94.10791778564453,99,0.22600000000003673
12107,660736,27.7170467376709,32,0.22600000000003673
12108,660736,76.47339630126953,81,0.22600000000003673
12109,660736,30.73643684387207,35,0.22600000000003673
12110,660992,82.08363342285156,88,0.22570000000003673
12111,661248,136.64952087402344,143,0.22540000000003674
12112,661248,82.23109436035156,87,0.22540000000003674
12113,661248,102.58528900146484,108,0.22540000000003674
12114,661248,47.03297805786133,52,0.22540000000003674
12115,661248,37.21055603027344,42,0.22540000000003674
12116,661504,55.201202392578125,61,0.22510000000003674
12117,661504,108.78472900390625,116,0.22510000000003674
12118,661504,59.14862823486328,64,0.22510000000003674
12119,661504,78.8910903930664,84,0.22510000000003674
12120,661760,106.75274658203125,112,0.22480000000003675
12121,661760,77.21526336669922,82,0.22480000000003675
12122,661760,42.207252502441406,47,0.22480000000003675
12123,661760,117.13768768310547,125,0.22480000000003675
12124,662016,62.84182357788086,69,0.22450000000003675
12125,662016,83.24394226074219,88,0.22450000000003675
12126,662016,71.4847412109375,76,0.22450000000003675
12127,662016,66.30623626708984,71,0.22450000000003675
12128,662016,79.80035400390625,86,0.22450000000003675
12129,662016,39.22526550292969,44,0.22450000000003675
12130,662016,91.42123413085938,97,0.22450000000003675
12131,662016,61.49083709716797,67,0.22450000000003675
12132,662016,94.72621154785156,100,0.22450000000003675
12133,662016,51.50501251220703,57,0.22450000000003675
12134,662272,97.37474822998047,105,0.22420000000003676
12135,662528,63.01430892944336,68,0.22390000000003676
12136,662528,84.12389373779297,89,0.22390000000003676
12137,662784,128.94442749023438,141,0.22360000000003677
12138,662784,67.17725372314453,72,0.22360000000003677
12139,663040,88.61832427978516,94,0.22330000000003677
12140,663040,53.20143508911133,58,0.22330000000003677
12141,663040,59.74113845825195,69,0.22330000000003677
12142,663040,127.08563995361328,133,0.22330000000003677
12143,663040,88.18501281738281,95,0.22330000000003677
12144,663296,74.59202575683594,80,0.22300000000003678
12145,663296,76.90135192871094,83,0.22300000000003678
12146,663552,43.65117645263672,49,0.22270000000003679
12147,663552,100.53086853027344,106,0.22270000000003679
12148,663808,63.325439453125,69,0.2224000000000368
12149,663808,98.32825469970703,104,0.2224000000000368
12150,663808,57.33168029785156,63,0.2224000000000368
12151,664064,99.2740707397461,109,0.2221000000000368
12152,664064,72.57875061035156,78,0.2221000000000368
12153,664064,66.21351623535156,72,0.2221000000000368
12154,664064,72.75201416015625,79,0.2221000000000368
12155,664064,94.28437042236328,100,0.2221000000000368
12156,664064,73.07218170166016,80,0.2221000000000368
12157,664064,71.32856750488281,77,0.2221000000000368
12158,664064,53.70729446411133,59,0.2221000000000368
12159,664320,70.04432678222656,77,0.2218000000000368
12160,664320,108.11823272705078,114,0.2218000000000368
12161,664576,96.25241088867188,102,0.2215000000000368
12162,664576,90.1537857055664,96,0.2215000000000368
12163,664576,67.53396606445312,73,0.2215000000000368
12164,664576,175.8232879638672,188,0.2215000000000368
12165,664576,112.32630157470703,118,0.2215000000000368
12166,664832,50.854042053222656,56,0.2212000000000368
12167,665088,40.06075668334961,45,0.22090000000003682
12168,665344,99.43310546875,105,0.22060000000003682
12169,665344,101.04737854003906,107,0.22060000000003682
12170,665600,64.1188735961914,70,0.22030000000003683
12171,665600,73.63253021240234,79,0.22030000000003683
12172,665600,81.90928649902344,87,0.22030000000003683
12173,665856,46.65011215209961,52,0.22000000000003683
12174,665856,48.96611785888672,54,0.22000000000003683
12175,666112,47.35285568237305,53,0.21970000000003684
12176,666112,58.057498931884766,63,0.21970000000003684
12177,666112,48.68712615966797,54,0.21970000000003684
12178,666112,95.42212677001953,101,0.21970000000003684
12179,666112,81.30523681640625,86,0.21970000000003684
12180,666112,63.56938934326172,69,0.21970000000003684
12181,666368,54.424835205078125,59,0.21940000000003684
12182,666368,72.59230041503906,79,0.21940000000003684
12183,666368,37.4512825012207,42,0.21940000000003684
12184,666624,82.67057800292969,90,0.21910000000003685
12185,666624,70.27738189697266,75,0.21910000000003685
12186,666624,65.3102035522461,71,0.21910000000003685
12187,666624,100.50537109375,106,0.21910000000003685
12188,666880,77.19190216064453,82,0.21880000000003685
12189,666880,42.22378158569336,47,0.21880000000003685
12190,666880,95.32147979736328,100,0.21880000000003685
12191,666880,84.24946594238281,91,0.21880000000003685
12192,666880,87.05156707763672,92,0.21880000000003685
12193,666880,95.52970123291016,101,0.21880000000003685
12194,667136,57.59709167480469,63,0.21850000000003686
12195,667136,67.35112762451172,72,0.21850000000003686
12196,667136,67.36656188964844,73,0.21850000000003686
12197,667136,51.3912239074707,56,0.21850000000003686
12198,667136,58.629913330078125,64,0.21850000000003686
12199,667392,54.3126106262207,60,0.21820000000003686
12200,667648,48.88148498535156,54,0.21790000000003687
12201,667648,74.46407318115234,79,0.21790000000003687
12202,667648,59.0767936706543,64,0.21790000000003687
12203,667648,45.859954833984375,51,0.21790000000003687
12204,667648,28.74612808227539,33,0.21790000000003687
12205,667904,54.677452087402344,60,0.21760000000003688
12206,667904,70.2317123413086,75,0.21760000000003688
12207,667904,42.234676361083984,47,0.21760000000003688
12208,668160,63.758480072021484,69,0.21730000000003688
12209,668160,81.52230834960938,88,0.21730000000003688
12210,668160,42.924171447753906,48,0.21730000000003688
12211,668416,49.43698501586914,55,0.21700000000003689
12212,668672,89.84355163574219,96,0.2167000000000369
12213,668928,101.56665802001953,108,0.2164000000000369
12214,668928,55.11802291870117,60,0.2164000000000369
12215,669184,67.00308227539062,72,0.2161000000000369
12216,669440,114.90776824951172,121,0.2158000000000369
12217,669440,119.6841812133789,126,0.2158000000000369
12218,669696,110.05912780761719,116,0.2155000000000369
12219,669696,117.82591247558594,124,0.2155000000000369
12220,669696,93.83960723876953,100,0.2155000000000369
12221,669952,28.704757690429688,33,0.21520000000003692
12222,669952,98.39449310302734,104,0.21520000000003692
12223,670208,95.7129898071289,101,0.21490000000003692
12224,670464,66.60684967041016,72,0.21460000000003693
12225,670464,57.4748649597168,63,0.21460000000003693
12226,670720,38.29679870605469,43,0.21430000000003693
12227,670720,64.9214859008789,70,0.21430000000003693
12228,670720,98.82294464111328,105,0.21430000000003693
12229,670976,57.012725830078125,63,0.21400000000003694
12230,670976,77.24554443359375,82,0.21400000000003694
12231,671232,84.8208999633789,90,0.21370000000003694
12232,671232,83.49678802490234,89,0.21370000000003694
12233,671232,73.14212036132812,78,0.21370000000003694
12234,671232,33.433597564697266,38,0.21370000000003694
12235,671232,55.99108123779297,61,0.21370000000003694
12236,671232,58.292503356933594,63,0.21370000000003694
12237,671232,73.60159301757812,79,0.21370000000003694
12238,671232,104.54229736328125,110,0.21370000000003694
12239,671488,70.68468475341797,75,0.21340000000003695
12240,671488,99.66824340820312,105,0.21340000000003695
12241,671488,70.26611328125,75,0.21340000000003695
12242,671488,118.50804901123047,124,0.21340000000003695
12243,671744,60.1796875,65,0.21310000000003695
12244,671744,76.01454162597656,81,0.21310000000003695
12245,672000,71.32180786132812,76,0.21280000000003696
12246,672000,56.4340934753418,62,0.21280000000003696
12247,672000,68.28517150878906,73,0.21280000000003696
12248,672000,45.02317428588867,50,0.21280000000003696
12249,672000,36.33361053466797,41,0.21280000000003696
12250,672000,106.71001434326172,112,0.21280000000003696
12251,672000,60.44196319580078,66,0.21280000000003696
12252,672000,99.34957885742188,105,0.21280000000003696
12253,672256,50.10980224609375,55,0.21250000000003696
12254,672256,91.00395202636719,96,0.21250000000003696
12255,672256,41.097938537597656,46,0.21250000000003696
12256,672256,81.4089126586914,86,0.21250000000003696
12257,672256,80.7990493774414,86,0.21250000000003696
12258,672256,78.24462127685547,83,0.21250000000003696
12259,672256,44.14384841918945,49,0.21250000000003696
12260,672256,58.61296081542969,64,0.21250000000003696
12261,672512,93.90357971191406,99,0.21220000000003697
12262,672512,32.40388870239258,37,0.21220000000003697
12263,672512,84.15220642089844,89,0.21220000000003697
12264,672512,90.82801818847656,96,0.21220000000003697
12265,672512,66.94263458251953,72,0.21220000000003697
12266,672512,59.35478591918945,65,0.21220000000003697
12267,672512,57.446224212646484,62,0.21220000000003697
12268,672768,58.70485305786133,64,0.21190000000003698
12269,672768,68.20736694335938,73,0.21190000000003698
12270,672768,82.98408508300781,88,0.21190000000003698
12271,672768,69.43791198730469,74,0.21190000000003698
12272,673024,71.99560546875,77,0.21160000000003698
12273,673024,56.58003616333008,61,0.21160000000003698
12274,673024,33.66606521606445,38,0.21160000000003698
12275,673280,53.139747619628906,58,0.21130000000003699
12276,673280,90.02249908447266,95,0.21130000000003699
12277,673280,56.48267364501953,62,0.21130000000003699
12278,673536,66.70512390136719,71,0.211000000000037
12279,673536,47.20753860473633,52,0.211000000000037
12280,673536,123.32056427001953,129,0.211000000000037
12281,673792,85.98965454101562,91,0.210700000000037
12282,673792,89.3477783203125,95,0.210700000000037
12283,674048,69.07491302490234,74,0.210400000000037
12284,674048,45.07476043701172,50,0.210400000000037
12285,674048,52.40450668334961,57,0.210400000000037
12286,674048,87.96765899658203,93,0.210400000000037
12287,674048,75.25658416748047,80,0.210400000000037
12288,674048,86.80526733398438,92,0.210400000000037
12289,674048,57.6905517578125,62,0.210400000000037
12290,674304,83.06742858886719,88,0.210100000000037
12291,674304,48.4849739074707,53,0.210100000000037
12292,674304,54.74585723876953,60,0.210100000000037
12293,674304,44.16913604736328,49,0.210100000000037
12294,674304,33.398624420166016,38,0.210100000000037
12295,674304,59.58818817138672,64,0.210100000000037
12296,674304,89.10357666015625,94,0.210100000000037
12297,674560,86.99520111083984,92,0.209800000000037
12298,674560,74.48733520507812,79,0.209800000000037
12299,674560,50.239566802978516,55,0.209800000000037
12300,674560,80.47087097167969,85,0.209800000000037
12301,674560,57.6056022644043,63,0.209800000000037
12302,674816,46.487220764160156,51,0.20950000000003702
12303,674816,64.71930694580078,70,0.20950000000003702
12304,675072,57.55326461791992,63,0.20920000000003702
12305,675072,30.637813568115234,35,0.20920000000003702
12306,675072,69.37693786621094,74,0.20920000000003702
12307,675072,90.06179809570312,95,0.20920000000003702
12308,675328,99.8873291015625,105,0.20890000000003703
12309,675584,75.11763763427734,80,0.20860000000003703
12310,675584,60.095054626464844,66,0.20860000000003703
12311,675584,87.6714096069336,93,0.20860000000003703
12312,675840,61.19104766845703,66,0.20830000000003704
12313,675840,39.54767608642578,44,0.20830000000003704
12314,675840,51.755889892578125,57,0.20830000000003704
12315,676096,65.38524627685547,71,0.20800000000003704
12316,676352,53.837562561035156,59,0.20770000000003705
12317,676352,75.75064849853516,81,0.20770000000003705
12318,676352,61.44929122924805,67,0.20770000000003705
12319,676352,20.912704467773438,25,0.20770000000003705
12320,676608,77.07865142822266,83,0.20740000000003705
12321,676608,46.454551696777344,51,0.20740000000003705
12322,676608,32.77002716064453,37,0.20740000000003705
12323,676608,42.84254455566406,48,0.20740000000003705
12324,676864,67.56131744384766,72,0.20710000000003706
12325,676864,60.006927490234375,66,0.20710000000003706
12326,676864,45.02283477783203,50,0.20710000000003706
12327,676864,58.046531677246094,63,0.20710000000003706
12328,677376,50.588478088378906,55,0.20650000000003707
12329,677376,35.781227111816406,40,0.20650000000003707
12330,677376,55.09058380126953,60,0.20650000000003707
12331,677376,47.31140899658203,52,0.20650000000003707
12332,677632,76.54967498779297,81,0.20620000000003708
12333,677632,74.52976989746094,79,0.20620000000003708
12334,677632,69.4577865600586,74,0.20620000000003708
12335,677888,73.55181121826172,79,0.20590000000003708
12336,677888,98.99725341796875,104,0.20590000000003708
12337,677888,43.139198303222656,48,0.20590000000003708
12338,677888,73.46337127685547,78,0.20590000000003708
12339,677888,80.97966003417969,86,0.20590000000003708
12340,677888,93.52738952636719,99,0.20590000000003708
12341,677888,61.19304656982422,67,0.20590000000003708
12342,677888,90.88180541992188,96,0.20590000000003708
12343,677888,57.25328063964844,62,0.20590000000003708
12344,677888,49.78467559814453,54,0.20590000000003708
12345,678144,66.473388671875,72,0.2056000000000371
12346,678144,130.64111328125,138,0.2056000000000371
12347,678144,92.67584228515625,98,0.2056000000000371
12348,678144,69.15081787109375,75,0.2056000000000371
12349,678144,85.13981628417969,90,0.2056000000000371
12350,678400,55.52520751953125,60,0.2053000000000371
12351,678400,68.2796859741211,73,0.2053000000000371
12352,678400,70.42120361328125,75,0.2053000000000371
12353,678400,39.507896423339844,44,0.2053000000000371
12354,678400,79.1191177368164,85,0.2053000000000371
12355,678656,79.4356689453125,84,0.2050000000000371
12356,678656,66.53128051757812,71,0.2050000000000371
12357,678656,98.69100952148438,104,0.2050000000000371
12358,678656,88.12490844726562,93,0.2050000000000371
12359,678656,38.49214553833008,43,0.2050000000000371
12360,678656,42.622188568115234,47,0.2050000000000371
12361,678656,82.02288055419922,87,0.2050000000000371
12362,678912,31.60664176940918,36,0.2047000000000371
12363,678912,39.4630126953125,44,0.2047000000000371
12364,678912,44.74125671386719,49,0.2047000000000371
12365,678912,88.86532592773438,94,0.2047000000000371
12366,678912,60.69524002075195,66,0.2047000000000371
12367,679168,82.19970703125,87,0.2044000000000371
12368,679168,86.45366668701172,93,0.2044000000000371
12369,679168,62.87443161010742,68,0.2044000000000371
12370,679168,92.068115234375,97,0.2044000000000371
12371,679424,60.04261016845703,65,0.2041000000000371
12372,679424,24.75638198852539,29,0.2041000000000371
12373,679424,74.28580474853516,79,0.2041000000000371
12374,679424,43.44889831542969,48,0.2041000000000371
12375,679424,40.43079376220703,45,0.2041000000000371
12376,679680,53.184513092041016,59,0.20380000000003712
12377,679680,43.50107192993164,48,0.20380000000003712
12378,679680,57.6717643737793,63,0.20380000000003712
12379,679680,55.91033172607422,61,0.20380000000003712
12380,679936,77.54499816894531,83,0.20350000000003712
12381,679936,61.803977966308594,67,0.20350000000003712
12382,680192,55.68293762207031,61,0.20320000000003713
12383,680192,94.7911605834961,100,0.20320000000003713
12384,680192,32.56914138793945,37,0.20320000000003713
12385,680192,40.09095764160156,45,0.20320000000003713
12386,680192,49.62028503417969,55,0.20320000000003713
12387,680192,82.8265151977539,89,0.20320000000003713
12388,680448,118.57344818115234,124,0.20290000000003713
12389,680448,55.851318359375,61,0.20290000000003713
12390,680448,74.60121154785156,80,0.20290000000003713
12391,680448,66.44857025146484,72,0.20290000000003713
12392,680448,48.28419876098633,53,0.20290000000003713
12393,680448,97.13128662109375,102,0.20290000000003713
12394,680448,62.239166259765625,68,0.20290000000003713
12395,680704,128.3909149169922,141,0.20260000000003714
12396,680960,36.78847122192383,41,0.20230000000003714
12397,680960,107.68475341796875,113,0.20230000000003714
12398,681216,46.94713592529297,52,0.20200000000003715
12399,681216,100.17189025878906,106,0.20200000000003715
12400,681216,46.3028564453125,51,0.20200000000003715
12401,681216,59.43869400024414,65,0.20200000000003715
12402,681472,85.3179702758789,91,0.20170000000003716
12403,681472,142.89065551757812,152,0.20170000000003716
12404,681472,35.53142166137695,40,0.20170000000003716
12405,681728,80.00506591796875,86,0.20140000000003716
12406,681728,67.5921859741211,73,0.20140000000003716
12407,681728,32.79762268066406,37,0.20140000000003716
12408,681728,62.967498779296875,69,0.20140000000003716
12409,681728,71.7761459350586,77,0.20140000000003716
12410,681728,36.43131637573242,41,0.20140000000003716
12411,681984,57.58027267456055,62,0.20110000000003717
12412,681984,73.28023529052734,78,0.20110000000003717
12413,681984,72.39982604980469,78,0.20110000000003717
12414,681984,50.59357833862305,55,0.20110000000003717
12415,682240,58.753578186035156,64,0.20080000000003717
12416,682240,97.6775894165039,103,0.20080000000003717
12417,682240,83.77288818359375,89,0.20080000000003717
12418,682240,100.05303192138672,105,0.20080000000003717
12419,682496,65.93782043457031,72,0.20050000000003718
12420,682752,79.49491119384766,84,0.20020000000003718
12421,682752,36.70708084106445,41,0.20020000000003718
12422,682752,39.4345703125,44,0.20020000000003718
12423,683008,87.30231475830078,92,0.1999000000000372
12424,683008,101.89266204833984,109,0.1999000000000372
12425,683008,70.11499786376953,75,0.1999000000000372
12426,683264,61.45524978637695,66,0.1996000000000372
12427,683264,63.271087646484375,69,0.1996000000000372
12428,683264,74.47288513183594,79,0.1996000000000372
12429,683520,25.7281436920166,30,0.1993000000000372
12430,683520,31.60541343688965,36,0.1993000000000372
12431,683520,81.4734878540039,86,0.1993000000000372
12432,683776,24.750385284423828,29,0.1990000000000372
12433,683776,97.54789733886719,103,0.1990000000000372
12434,684032,52.61137390136719,58,0.1987000000000372
12435,684032,41.32231521606445,46,0.1987000000000372
12436,684288,40.22488784790039,45,0.1984000000000372
12437,684288,63.06772994995117,68,0.1984000000000372
12438,684288,91.51288604736328,97,0.1984000000000372
12439,684288,41.154117584228516,46,0.1984000000000372
12440,684288,99.529052734375,105,0.1984000000000372
12441,684544,44.92887878417969,50,0.19810000000003722
12442,684544,42.917572021484375,48,0.19810000000003722
12443,684800,30.634496688842773,35,0.19780000000003722
12444,685056,60.74928283691406,66,0.19750000000003723
12445,685312,68.3966064453125,73,0.19720000000003723
12446,685312,40.22951126098633,45,0.19720000000003723
12447,685312,42.002994537353516,47,0.19720000000003723
12448,685312,86.23502349853516,91,0.19720000000003723
12449,685312,68.2396011352539,73,0.19720000000003723
12450,685568,45.16936111450195,50,0.19690000000003724
12451,685568,50.80582809448242,55,0.19690000000003724
12452,685824,98.01029205322266,111,0.19660000000003724
12453,686080,48.347450256347656,53,0.19630000000003725
12454,686336,87.53870391845703,93,0.19600000000003726
12455,686336,64.961181640625,70,0.19600000000003726
12456,686336,175.38551330566406,185,0.19600000000003726
12457,686336,58.82339859008789,64,0.19600000000003726
12458,686592,121.51445007324219,127,0.19570000000003726
12459,686592,93.78345489501953,99,0.19570000000003726
12460,686848,51.003807067871094,56,0.19540000000003727
12461,686848,54.378395080566406,59,0.19540000000003727
12462,687104,44.41337585449219,49,0.19510000000003727
12463,687104,50.723358154296875,55,0.19510000000003727
12464,687104,60.47359848022461,65,0.19510000000003727
12465,687104,97.88529205322266,103,0.19510000000003727
12466,687104,43.151123046875,48,0.19510000000003727
12467,687616,58.39095687866211,64,0.19450000000003728
12468,687616,51.833221435546875,57,0.19450000000003728
12469,687616,50.85834503173828,56,0.19450000000003728
12470,687616,47.23904800415039,52,0.19450000000003728
12471,687616,58.7696418762207,64,0.19450000000003728
12472,687616,170.67349243164062,184,0.19450000000003728
12473,687616,32.56510925292969,37,0.19450000000003728
12474,687872,38.5260009765625,43,0.1942000000000373
12475,687872,53.49607467651367,58,0.1942000000000373
12476,688128,51.84343719482422,57,0.1939000000000373
12477,688128,26.80667495727539,31,0.1939000000000373
12478,688384,96.686279296875,102,0.1936000000000373
12479,688384,68.49492645263672,74,0.1936000000000373
12480,688640,37.649375915527344,42,0.1933000000000373
12481,688640,62.33106994628906,67,0.1933000000000373
12482,688640,57.4255485534668,63,0.1933000000000373
12483,688640,31.739036560058594,36,0.1933000000000373
12484,688640,63.48466491699219,68,0.1933000000000373
12485,688896,100.6070327758789,106,0.1930000000000373
12486,688896,80.98826599121094,86,0.1930000000000373
12487,689152,54.528018951416016,60,0.1927000000000373
12488,689152,59.762882232666016,65,0.1927000000000373
12489,689152,64.704833984375,70,0.1927000000000373
12490,689408,55.2970085144043,60,0.19240000000003732
12491,689408,53.785423278808594,59,0.19240000000003732
12492,689664,61.492897033691406,67,0.19210000000003732
12493,689664,80.94865417480469,86,0.19210000000003732
12494,689920,42.36528396606445,47,0.19180000000003733
12495,690432,39.467681884765625,44,0.19120000000003734
12496,690432,88.08992767333984,93,0.19120000000003734
12497,690432,103.36598205566406,109,0.19120000000003734
12498,690688,58.77390670776367,63,0.19090000000003735
12499,690688,70.9286117553711,77,0.19090000000003735
12500,690688,39.33085632324219,44,0.19090000000003735
12501,690944,69.73861694335938,74,0.19060000000003735
12502,690944,94.85493469238281,100,0.19060000000003735
12503,691200,38.63819122314453,43,0.19030000000003736
12504,691200,47.41941833496094,52,0.19030000000003736
12505,691200,112.55065155029297,118,0.19030000000003736
12506,691200,38.47526931762695,43,0.19030000000003736
12507,691200,64.1783676147461,69,0.19030000000003736
12508,691456,94.17510986328125,99,0.19000000000003736
12509,691456,80.27859497070312,85,0.19000000000003736
12510,691712,51.73130798339844,56,0.18970000000003737
12511,691712,103.75914001464844,109,0.18970000000003737
12512,691712,40.40819549560547,45,0.18970000000003737
12513,691712,71.32514190673828,76,0.18970000000003737
12514,691712,59.7184944152832,64,0.18970000000003737
12515,691712,101.37678527832031,107,0.18970000000003737
12516,691712,62.68808364868164,67,0.18970000000003737
12517,691968,122.2154541015625,131,0.18940000000003737
12518,691968,61.620506286621094,66,0.18940000000003737
12519,691968,60.79114532470703,66,0.18940000000003737
12520,692224,64.37355041503906,69,0.18910000000003738
12521,692224,81.56346130371094,86,0.18910000000003738
12522,692224,100.03074645996094,105,0.18910000000003738
12523,692224,74.25511932373047,79,0.18910000000003738
12524,692224,93.79728698730469,99,0.18910000000003738
12525,692224,29.607885360717773,34,0.18910000000003738
12526,692224,51.14566421508789,56,0.18910000000003738
12527,692224,51.149070739746094,56,0.18910000000003738
12528,692224,97.71863555908203,103,0.18910000000003738
12529,692480,72.11107635498047,77,0.18880000000003738
12530,692480,45.461944580078125,50,0.18880000000003738
12531,692480,51.61848831176758,56,0.18880000000003738
12532,692480,50.611270904541016,55,0.18880000000003738
12533,692480,65.36869812011719,71,0.18880000000003738
12534,692480,80.0412826538086,85,0.18880000000003738
12535,692480,66.85076904296875,72,0.18880000000003738
12536,692480,47.10355758666992,52,0.18880000000003738
12537,692736,48.735694885253906,54,0.1885000000000374
12538,692736,102.53797149658203,108,0.1885000000000374
12539,692736,75.39690399169922,81,0.1885000000000374
12540,692992,107.28439331054688,113,0.1882000000000374
12541,692992,91.8610610961914,97,0.1882000000000374
12542,692992,115.60781860351562,121,0.1882000000000374
12543,693248,77.36343383789062,82,0.1879000000000374
12544,693248,41.245975494384766,46,0.1879000000000374
12545,693248,76.1200942993164,81,0.1879000000000374
12546,693248,47.68128967285156,53,0.1879000000000374
12547,693504,78.82656860351562,84,0.1876000000000374
12548,693504,61.47836685180664,66,0.1876000000000374
12549,693504,81.11611938476562,86,0.1876000000000374
12550,693504,110.51812744140625,116,0.1876000000000374
12551,693504,101.65904998779297,107,0.1876000000000374
12552,693760,55.13322067260742,60,0.1873000000000374
12553,693760,91.92536926269531,97,0.1873000000000374
12554,694016,43.28420639038086,48,0.18700000000003741
12555,694016,53.63662338256836,59,0.18700000000003741
12556,694016,32.605010986328125,37,0.18700000000003741
12557,694016,65.17974853515625,70,0.18700000000003741
12558,694016,42.16891860961914,47,0.18700000000003741
12559,694272,135.80946350097656,146,0.18670000000003742
12560,694528,35.202064514160156,40,0.18640000000003742
12561,694528,29.68695831298828,34,0.18640000000003742
12562,694784,31.55731773376465,36,0.18610000000003743
12563,694784,41.998477935791016,47,0.18610000000003743
12564,694784,53.44596481323242,59,0.18610000000003743
12565,695040,70.01466369628906,76,0.18580000000003744
12566,695040,44.08164978027344,49,0.18580000000003744
12567,695040,60.95344161987305,67,0.18580000000003744
12568,695040,104.29764556884766,110,0.18580000000003744
12569,695040,76.99400329589844,82,0.18580000000003744
12570,695040,45.380714416503906,50,0.18580000000003744
12571,695296,105.31404876708984,111,0.18550000000003744
12572,695296,101.2166519165039,114,0.18550000000003744
12573,695296,110.92255401611328,116,0.18550000000003744
12574,695296,87.96382141113281,94,0.18550000000003744
12575,695296,59.731910705566406,66,0.18550000000003744
12576,695552,77.50021362304688,83,0.18520000000003745
12577,695552,50.46276092529297,56,0.18520000000003745
12578,695552,75.2415542602539,80,0.18520000000003745
12579,695552,55.76507568359375,60,0.18520000000003745
12580,695552,60.72818374633789,66,0.18520000000003745
12581,695808,109.5664291381836,115,0.18490000000003745
12582,695808,59.129554748535156,65,0.18490000000003745
12583,695808,79.69992065429688,85,0.18490000000003745
12584,695808,64.78252410888672,70,0.18490000000003745
12585,695808,91.07362365722656,96,0.18490000000003745
12586,695808,68.8484878540039,74,0.18490000000003745
12587,696064,66.9338150024414,73,0.18460000000003746
12588,696320,58.99241256713867,64,0.18430000000003746
12589,696320,60.738216400146484,66,0.18430000000003746
12590,696320,34.42877197265625,39,0.18430000000003746
12591,696576,100.4085464477539,106,0.18400000000003747
12592,696832,61.894412994384766,68,0.18370000000003747
12593,696832,70.3394546508789,75,0.18370000000003747
12594,697088,72.09429168701172,77,0.18340000000003748
12595,697088,70.40205383300781,75,0.18340000000003748
12596,697344,98.90725708007812,104,0.18310000000003748
12597,697344,74.70369720458984,80,0.18310000000003748
12598,697344,57.84957504272461,63,0.18310000000003748
12599,697344,88.97993469238281,94,0.18310000000003748
12600,697600,69.02691650390625,74,0.1828000000000375
12601,697600,55.59982681274414,61,0.1828000000000375
12602,697600,88.93772888183594,94,0.1828000000000375
12603,697600,36.636962890625,41,0.1828000000000375
12604,697600,38.496803283691406,43,0.1828000000000375
12605,697600,104.05220031738281,109,0.1828000000000375
12606,697600,106.73762512207031,112,0.1828000000000375
12607,697856,63.37654495239258,68,0.1825000000000375
12608,697856,86.82673645019531,92,0.1825000000000375
12609,697856,79.27201843261719,84,0.1825000000000375
12610,698112,73.31002807617188,78,0.1822000000000375
12611,698112,64.31230163574219,69,0.1822000000000375
12612,698112,60.290611267089844,66,0.1822000000000375
12613,698624,40.53326416015625,45,0.1816000000000375
12614,698624,59.44171142578125,64,0.1816000000000375
12615,698624,67.99681091308594,73,0.1816000000000375
12616,698624,36.43632125854492,41,0.1816000000000375
12617,698624,97.7580337524414,103,0.1816000000000375
12618,698880,65.27287292480469,70,0.18130000000003751
12619,698880,74.64097595214844,80,0.18130000000003751
12620,698880,74.40531158447266,79,0.18130000000003751
12621,698880,99.8231201171875,105,0.18130000000003751
12622,699136,73.9335708618164,79,0.18100000000003752
12623,699136,99.80372619628906,105,0.18100000000003752
12624,699136,47.84291076660156,53,0.18100000000003752
12625,699136,62.86357879638672,68,0.18100000000003752
12626,699136,117.22974395751953,123,0.18100000000003752
12627,699392,87.34247589111328,92,0.18070000000003753
12628,699392,92.04443359375,97,0.18070000000003753
12629,699392,43.32143783569336,48,0.18070000000003753
12630,699392,79.03923034667969,84,0.18070000000003753
12631,699392,46.358001708984375,51,0.18070000000003753
12632,699392,25.84705352783203,30,0.18070000000003753
12633,699392,84.95365905761719,90,0.18070000000003753
12634,699392,56.417510986328125,62,0.18070000000003753
12635,699648,119.19669342041016,125,0.18040000000003753
12636,699648,91.52044677734375,97,0.18040000000003753
12637,699648,61.301551818847656,66,0.18040000000003753
12638,699648,62.719215393066406,69,0.18040000000003753
12639,699904,81.85364532470703,87,0.18010000000003754
12640,699904,70.12052917480469,76,0.18010000000003754
12641,699904,77.97576904296875,83,0.18010000000003754
12642,700160,62.2480583190918,67,0.17980000000003754
12643,700416,49.767276763916016,55,0.17950000000003755
12644,700416,39.48466110229492,44,0.17950000000003755
12645,700416,46.65983200073242,52,0.17950000000003755
12646,700672,98.389404296875,104,0.17920000000003755
12647,700672,88.48661041259766,94,0.17920000000003755
12648,700928,84.49967956542969,90,0.17890000000003756
12649,701184,99.79570007324219,105,0.17860000000003756
12650,701184,36.3049201965332,41,0.17860000000003756
12651,701184,75.1794204711914,81,0.17860000000003756
12652,701184,71.05435180664062,76,0.17860000000003756
12653,701184,57.629005432128906,62,0.17860000000003756
12654,701440,81.38548278808594,86,0.17830000000003757
12655,701440,110.0211181640625,115,0.17830000000003757
12656,701440,66.47000122070312,73,0.17830000000003757
12657,701696,64.46388244628906,70,0.17800000000003757
12658,701696,76.7666015625,83,0.17800000000003757
12659,701696,110.78421783447266,116,0.17800000000003757
12660,701952,68.05665588378906,73,0.17770000000003758
12661,701952,103.58474731445312,109,0.17770000000003758
12662,701952,108.71582794189453,114,0.17770000000003758
12663,701952,60.48811721801758,65,0.17770000000003758
12664,702208,28.677581787109375,33,0.17740000000003758
12665,702208,72.89218139648438,78,0.17740000000003758
12666,702208,47.78502655029297,53,0.17740000000003758
12667,702720,78.25833892822266,83,0.1768000000000376
12668,702720,65.91503143310547,71,0.1768000000000376
12669,702720,70.91325378417969,77,0.1768000000000376
12670,702976,30.24679183959961,35,0.1765000000000376
12671,703232,49.26190185546875,54,0.1762000000000376
12672,703232,58.89619445800781,64,0.1762000000000376
12673,703232,96.01714324951172,101,0.1762000000000376
12674,703488,89.83930969238281,95,0.1759000000000376
12675,703488,37.34920120239258,42,0.1759000000000376
12676,703488,84.21450805664062,89,0.1759000000000376
12677,703488,86.24239349365234,91,0.1759000000000376
12678,703744,58.00786209106445,63,0.17560000000003761
12679,704000,63.49650573730469,69,0.17530000000003762
12680,704000,41.133201599121094,46,0.17530000000003762
12681,704000,56.640472412109375,61,0.17530000000003762
12682,704000,53.08351135253906,58,0.17530000000003762
12683,704256,102.71003723144531,108,0.17500000000003763
12684,704256,41.30942153930664,47,0.17500000000003763
12685,704256,44.12671661376953,49,0.17500000000003763
12686,704512,95.78923797607422,101,0.17470000000003763
12687,704512,107.28990936279297,113,0.17470000000003763
12688,704512,61.3731689453125,66,0.17470000000003763
12689,704512,88.44512939453125,94,0.17470000000003763
12690,704512,103.5761489868164,110,0.17470000000003763
12691,704768,95.21484375,101,0.17440000000003764
12692,704768,42.96549987792969,48,0.17440000000003764
12693,704768,49.71238708496094,55,0.17440000000003764
12694,705024,97.88756561279297,103,0.17410000000003764
12695,705024,62.881622314453125,68,0.17410000000003764
12696,705024,86.006591796875,91,0.17410000000003764
12697,705280,52.7542610168457,58,0.17380000000003765
12698,705536,101.38694763183594,107,0.17350000000003765
12699,705536,77.44287872314453,83,0.17350000000003765
12700,705536,100.77759552001953,107,0.17350000000003765
12701,705536,30.75990867614746,35,0.17350000000003765
12702,705792,42.04813766479492,47,0.17320000000003766
12703,706048,75.30699920654297,81,0.17290000000003766
12704,706048,54.229305267333984,59,0.17290000000003766
12705,706048,88.17076873779297,94,0.17290000000003766
12706,706048,115.24137878417969,121,0.17290000000003766
12707,706048,83.40665435791016,88,0.17290000000003766
12708,706048,92.91918182373047,98,0.17290000000003766
12709,706304,65.2352066040039,70,0.17260000000003767
12710,706304,47.23991012573242,52,0.17260000000003767
12711,706304,61.97772979736328,68,0.17260000000003767
12712,706560,62.70650863647461,69,0.17230000000003767
12713,706560,51.09545135498047,56,0.17230000000003767
12714,706560,79.2408447265625,84,0.17230000000003767
12715,706816,53.43871307373047,59,0.17200000000003768
12716,707072,80.12560272216797,85,0.17170000000003768
12717,707072,69.03733825683594,74,0.17170000000003768
12718,707328,43.98054122924805,49,0.1714000000000377
12719,707328,239.85293579101562,251,0.1714000000000377
12720,707328,107.34905242919922,113,0.1714000000000377
12721,707584,85.88145446777344,91,0.1711000000000377
12722,707584,75.51749420166016,80,0.1711000000000377
12723,707584,93.90917205810547,99,0.1711000000000377
12724,707584,62.31928253173828,67,0.1711000000000377
12725,707584,54.288414001464844,59,0.1711000000000377
12726,707584,34.698768615722656,39,0.1711000000000377
12727,707840,48.273536682128906,53,0.1708000000000377
12728,707840,54.75973129272461,60,0.1708000000000377
12729,708096,46.172027587890625,51,0.1705000000000377
12730,708096,87.9999008178711,93,0.1705000000000377
12731,708096,35.18965530395508,40,0.1705000000000377
12732,708096,66.75129699707031,72,0.1705000000000377
12733,708352,99.65064239501953,105,0.1702000000000377
12734,708608,90.75733947753906,96,0.16990000000003772
12735,708608,68.32633972167969,73,0.16990000000003772
12736,708608,46.23714065551758,51,0.16990000000003772
12737,708608,72.8251724243164,78,0.16990000000003772
12738,708864,34.41886901855469,39,0.16960000000003772
12739,708864,63.934234619140625,69,0.16960000000003772
12740,709120,92.951904296875,101,0.16930000000003773
12741,709120,56.691383361816406,62,0.16930000000003773
12742,709120,83.00526428222656,88,0.16930000000003773
12743,709120,85.1318130493164,90,0.16930000000003773
12744,709120,117.69562530517578,123,0.16930000000003773
12745,709120,56.268733978271484,61,0.16930000000003773
12746,709376,101.84833526611328,108,0.16900000000003773
12747,709376,96.39127349853516,102,0.16900000000003773
12748,709376,74.03772735595703,79,0.16900000000003773
12749,709632,49.27878952026367,54,0.16870000000003774
12750,709888,50.05767059326172,55,0.16840000000003774
12751,709888,67.19200897216797,72,0.16840000000003774
12752,709888,99.83765411376953,105,0.16840000000003774
12753,710144,79.21510314941406,84,0.16810000000003775
12754,710144,64.943115234375,70,0.16810000000003775
12755,710144,43.26603317260742,48,0.16810000000003775
12756,710400,76.26227569580078,81,0.16780000000003775
12757,710400,72.29208374023438,77,0.16780000000003775
12758,710656,47.22825622558594,52,0.16750000000003776
12759,710656,67.98110961914062,73,0.16750000000003776
12760,710656,38.172542572021484,43,0.16750000000003776
12761,710656,60.6313591003418,65,0.16750000000003776
12762,710912,56.939910888671875,62,0.16720000000003776
12763,710912,41.39687728881836,46,0.16720000000003776
12764,710912,61.09885025024414,66,0.16720000000003776
12765,710912,72.1310043334961,77,0.16720000000003776
12766,711168,32.49728012084961,37,0.16690000000003777
12767,711168,64.5355453491211,69,0.16690000000003777
12768,711168,60.0213737487793,65,0.16690000000003777
12769,711424,87.45034790039062,93,0.16660000000003777
12770,711424,74.12416076660156,79,0.16660000000003777
12771,711680,67.29972076416016,73,0.16630000000003778
12772,711936,147.40811157226562,160,0.16600000000003778
12773,711936,47.439422607421875,52,0.16600000000003778
12774,712192,73.42940521240234,80,0.1657000000000378
12775,712192,71.93282318115234,77,0.1657000000000378
12776,712448,39.25482940673828,44,0.1654000000000378
12777,712704,62.30789566040039,67,0.1651000000000378
12778,712704,37.445098876953125,42,0.1651000000000378
12779,712960,44.08639144897461,49,0.1648000000000378
12780,713216,101.37437438964844,109,0.1645000000000378
12781,713216,77.1443862915039,82,0.1645000000000378
12782,713216,63.68754959106445,69,0.1645000000000378
12783,713216,81.93773651123047,87,0.1645000000000378
12784,713216,52.02416229248047,57,0.1645000000000378
12785,713216,122.566162109375,135,0.1645000000000378
12786,713472,65.52104949951172,72,0.16420000000003782
12787,713472,94.5611801147461,100,0.16420000000003782
12788,713728,104.52133178710938,113,0.16390000000003782
12789,713728,77.93742370605469,83,0.16390000000003782
12790,714240,98.76766204833984,104,0.16330000000003783
12791,714496,44.11448669433594,49,0.16300000000003784
12792,714496,75.72193145751953,82,0.16300000000003784
12793,714496,92.12162017822266,98,0.16300000000003784
12794,714752,60.802669525146484,67,0.16270000000003784
12795,714752,44.451290130615234,49,0.16270000000003784
12796,715008,22.41407585144043,27,0.16240000000003785
12797,715264,80.45902252197266,86,0.16210000000003785
12798,715776,43.83126449584961,49,0.16150000000003786
12799,715776,129.1360321044922,141,0.16150000000003786
12800,716032,82.51600646972656,93,0.16120000000003787
12801,716032,75.3924331665039,80,0.16120000000003787
12802,716032,56.992794036865234,63,0.16120000000003787
12803,716288,84.1322250366211,89,0.16090000000003787
12804,716288,106.64923858642578,112,0.16090000000003787
12805,716800,55.495635986328125,61,0.16030000000003788
12806,717056,53.43009948730469,59,0.1600000000000379
12807,717056,79.30219268798828,85,0.1600000000000379
12808,717312,81.0811767578125,86,0.1597000000000379
12809,717312,151.6143798828125,163,0.1597000000000379
12810,717312,81.83235931396484,87,0.1597000000000379
12811,717568,79.32302856445312,84,0.1594000000000379
12812,717568,55.63840866088867,61,0.1594000000000379
12813,717568,61.38777160644531,66,0.1594000000000379
12814,717824,93.91105651855469,99,0.1591000000000379
12815,717824,68.3782730102539,73,0.1591000000000379
12816,717824,76.6383285522461,82,0.1591000000000379
12817,717824,36.20771026611328,41,0.1591000000000379
12818,717824,64.55220031738281,72,0.1591000000000379
12819,717824,157.758056640625,171,0.1591000000000379
12820,718080,70.33586120605469,76,0.1588000000000379
12821,718080,40.189579010009766,45,0.1588000000000379
12822,718080,54.79768753051758,60,0.1588000000000379
12823,718080,60.72032165527344,66,0.1588000000000379
12824,718336,48.779212951660156,54,0.15850000000003792
12825,718336,31.548837661743164,36,0.15850000000003792
12826,718336,72.96521759033203,80,0.15850000000003792
12827,718336,69.08384704589844,75,0.15850000000003792
12828,718336,94.47762298583984,101,0.15850000000003792
12829,718336,37.147193908691406,42,0.15850000000003792
12830,718592,67.48580169677734,73,0.15820000000003792
12831,718592,58.69046401977539,64,0.15820000000003792
12832,718592,78.93659210205078,84,0.15820000000003792
12833,718848,77.7165298461914,83,0.15790000000003793
12834,718848,51.28028869628906,56,0.15790000000003793
12835,718848,135.06207275390625,147,0.15790000000003793
12836,719104,83.59981536865234,89,0.15760000000003793
12837,719104,77.11943817138672,82,0.15760000000003793
12838,719104,94.18293762207031,100,0.15760000000003793
12839,719104,48.901729583740234,54,0.15760000000003793
12840,719104,78.08174896240234,84,0.15760000000003793
12841,719360,27.782442092895508,32,0.15730000000003794
12842,719360,88.98214721679688,94,0.15730000000003794
12843,719616,33.54615783691406,38,0.15700000000003794
12844,719872,57.512245178222656,62,0.15670000000003795
12845,719872,105.6800537109375,111,0.15670000000003795
12846,720128,32.61330032348633,37,0.15640000000003795
12847,720128,83.86883544921875,89,0.15640000000003795
12848,720128,82.93079376220703,88,0.15640000000003795
12849,720128,76.03901672363281,81,0.15640000000003795
12850,720128,31.49126434326172,36,0.15640000000003795
12851,720128,49.95817947387695,55,0.15640000000003795
12852,720128,88.00853729248047,93,0.15640000000003795
12853,720128,61.96490478515625,67,0.15640000000003795
12854,720384,75.48236083984375,81,0.15610000000003796
12855,720384,28.68686866760254,33,0.15610000000003796
12856,720384,41.27289962768555,46,0.15610000000003796
12857,720384,79.88536071777344,85,0.15610000000003796
12858,720640,57.81147003173828,63,0.15580000000003796
12859,720640,70.26113891601562,76,0.15580000000003796
12860,720640,87.94837951660156,93,0.15580000000003796
12861,720896,100.01495361328125,105,0.15550000000003797
12862,720896,88.02400970458984,93,0.15550000000003797
12863,720896,59.881736755371094,65,0.15550000000003797
12864,720896,49.459232330322266,55,0.15550000000003797
12865,721152,72.2948989868164,77,0.15520000000003797
12866,721152,64.28691864013672,69,0.15520000000003797
12867,721152,96.3424072265625,102,0.15520000000003797
12868,721152,85.53994750976562,92,0.15520000000003797
12869,721408,113.6720962524414,121,0.15490000000003798
12870,721408,108.67048645019531,114,0.15490000000003798
12871,721664,96.91352844238281,102,0.15460000000003798
12872,721664,113.06938171386719,119,0.15460000000003798
12873,721664,99.43622589111328,106,0.15460000000003798
12874,721920,67.28394317626953,72,0.154300000000038
12875,721920,75.37064361572266,80,0.154300000000038
12876,721920,151.7958984375,162,0.154300000000038
12877,722176,61.808841705322266,67,0.154000000000038
12878,722176,59.552207946777344,64,0.154000000000038
12879,722176,83.00070190429688,88,0.154000000000038
12880,722432,146.91976928710938,159,0.153700000000038
12881,722432,58.49032211303711,63,0.153700000000038
12882,722688,58.022491455078125,63,0.153400000000038
12883,722688,42.634647369384766,47,0.153400000000038
12884,722688,75.41004943847656,80,0.153400000000038
12885,722944,105.56072998046875,113,0.153100000000038
12886,722944,83.24605560302734,88,0.153100000000038
12887,722944,81.14927673339844,86,0.153100000000038
12888,723200,58.33270263671875,63,0.15280000000003802
12889,723200,114.52813720703125,120,0.15280000000003802
12890,723200,32.484867095947266,37,0.15280000000003802
12891,723200,49.63853454589844,55,0.15280000000003802
12892,723456,76.06340026855469,81,0.15250000000003802
12893,723456,63.25910949707031,68,0.15250000000003802
12894,723456,35.98427200317383,42,0.15250000000003802
12895,723456,218.5228271484375,232,0.15250000000003802
12896,723456,47.71251678466797,52,0.15250000000003802
12897,723456,45.48468017578125,50,0.15250000000003802
12898,723456,69.7264633178711,75,0.15250000000003802
12899,723712,86.19774627685547,91,0.15220000000003803
12900,723712,45.59638595581055,50,0.15220000000003803
12901,723712,76.83920288085938,82,0.15220000000003803
12902,723968,54.81634521484375,60,0.15190000000003803
12903,723968,69.17117309570312,74,0.15190000000003803
12904,723968,99.03488159179688,104,0.15190000000003803
12905,724224,91.88340759277344,97,0.15160000000003804
12906,724224,86.74445343017578,99,0.15160000000003804
12907,724224,71.67321014404297,76,0.15160000000003804
12908,724224,82.25013732910156,88,0.15160000000003804
12909,724224,93.87467193603516,99,0.15160000000003804
12910,724480,93.34952545166016,106,0.15130000000003804
12911,724480,54.9805793762207,60,0.15130000000003804
12912,724736,93.82550048828125,100,0.15100000000003805
12913,724736,133.10791015625,141,0.15100000000003805
12914,724736,93.91877746582031,99,0.15100000000003805
12915,724736,55.01873779296875,60,0.15100000000003805
12916,724736,62.579490661621094,69,0.15100000000003805
12917,724736,69.81141662597656,75,0.15100000000003805
12918,724736,61.62165069580078,67,0.15100000000003805
12919,724992,50.00624084472656,55,0.15070000000003805
12920,725248,122.46160888671875,131,0.15040000000003806
12921,725248,31.49091911315918,36,0.15040000000003806
12922,725248,87.44920349121094,93,0.15040000000003806
12923,725504,36.352909088134766,41,0.15010000000003806
12924,725504,61.868221282958984,67,0.15010000000003806
12925,725504,37.30488204956055,42,0.15010000000003806
12926,725504,45.80064392089844,51,0.15010000000003806
12927,725504,80.24659729003906,86,0.15010000000003806
12928,726016,122.23932647705078,129,0.14950000000003807
12929,726016,42.872581481933594,48,0.14950000000003807
12930,726016,26.836271286010742,31,0.14950000000003807
12931,726016,59.770423889160156,65,0.14950000000003807
12932,726016,27.812637329101562,32,0.14950000000003807
12933,726016,62.74599838256836,68,0.14950000000003807
12934,726016,73.35588836669922,78,0.14950000000003807
12935,726272,103.18489837646484,110,0.14920000000003808
12936,726272,150.52996826171875,164,0.14920000000003808
12937,726528,97.45165252685547,103,0.14890000000003809
12938,726784,33.407569885253906,38,0.1486000000000381
12939,726784,48.43107223510742,53,0.1486000000000381
12940,726784,79.98136901855469,85,0.1486000000000381
12941,726784,67.42298126220703,73,0.1486000000000381
12942,727040,127.85208129882812,137,0.1483000000000381
12943,727296,97.76798248291016,109,0.1480000000000381
12944,727296,111.29332733154297,123,0.1480000000000381
12945,727296,188.2136688232422,198,0.1480000000000381
12946,727296,83.06829071044922,88,0.1480000000000381
12947,727296,143.6360626220703,151,0.1480000000000381
12948,727552,69.6165771484375,76,0.1477000000000381
12949,727552,74.4844970703125,79,0.1477000000000381
12950,727552,86.83062744140625,92,0.1477000000000381
12951,727552,34.54261016845703,39,0.1477000000000381
12952,727552,103.54779815673828,111,0.1477000000000381
12953,727808,115.04654693603516,123,0.1474000000000381
12954,728320,42.53270721435547,47,0.14680000000003812
12955,728320,90.1376953125,95,0.14680000000003812
12956,728320,151.1299591064453,159,0.14680000000003812
12957,728576,120.10332489013672,128,0.14650000000003813
12958,728576,83.23937225341797,88,0.14650000000003813
12959,728576,35.57375717163086,40,0.14650000000003813
12960,728576,76.9556884765625,82,0.14650000000003813
12961,728576,119.18482971191406,132,0.14650000000003813
12962,728576,44.41881561279297,49,0.14650000000003813
12963,728832,77.32404327392578,82,0.14620000000003813
12964,728832,82.32982635498047,87,0.14620000000003813
12965,728832,86.20117950439453,91,0.14620000000003813
12966,729088,95.89814758300781,101,0.14590000000003814
12967,729088,45.07717514038086,50,0.14590000000003814
12968,729088,42.031593322753906,47,0.14590000000003814
12969,729344,57.70494842529297,63,0.14560000000003814
12970,729344,134.468017578125,147,0.14560000000003814
12971,729344,48.39286804199219,53,0.14560000000003814
12972,729600,96.7899398803711,103,0.14530000000003815
12973,729600,95.90788269042969,101,0.14530000000003815
12974,729600,45.446170806884766,50,0.14530000000003815
12975,729600,32.5457649230957,37,0.14530000000003815
12976,729856,76.92160034179688,82,0.14500000000003815
12977,729856,32.9876823425293,38,0.14500000000003815
12978,730112,157.6339874267578,169,0.14470000000003816
12979,730112,38.70843505859375,44,0.14470000000003816
12980,730112,135.81202697753906,144,0.14470000000003816
12981,730368,134.5825653076172,147,0.14440000000003816
12982,730624,126.21499633789062,140,0.14410000000003817
12983,730624,43.19910430908203,48,0.14410000000003817
12984,730624,45.14639663696289,50,0.14410000000003817
12985,730624,133.3146514892578,146,0.14410000000003817
12986,730624,100.57696533203125,106,0.14410000000003817
12987,730880,79.7028579711914,85,0.14380000000003818
12988,730880,99.49840545654297,105,0.14380000000003818
12989,731136,43.688446044921875,49,0.14350000000003818
12990,731392,49.74173355102539,55,0.14320000000003819
12991,731392,46.08251953125,51,0.14320000000003819
12992,731648,84.24594116210938,90,0.1429000000000382
12993,731648,147.7147216796875,156,0.1429000000000382
12994,731648,140.77320861816406,154,0.1429000000000382
12995,731904,36.11183166503906,41,0.1426000000000382
12996,731904,50.86653518676758,56,0.1426000000000382
12997,732672,33.3323860168457,38,0.1417000000000382
12998,732672,45.10803985595703,50,0.1417000000000382
12999,732928,244.4521942138672,257,0.14140000000003822
13000,733440,209.44386291503906,221,0.14080000000003823
13001,733440,126.62879180908203,135,0.14080000000003823
13002,733696,74.21477508544922,79,0.14050000000003823
13003,733696,47.149593353271484,52,0.14050000000003823
13004,733696,42.50529861450195,47,0.14050000000003823
13005,733696,70.49458312988281,75,0.14050000000003823
13006,733952,76.39962005615234,81,0.14020000000003824
13007,733952,126.43372344970703,135,0.14020000000003824
13008,733952,93.24058532714844,98,0.14020000000003824
13009,733952,78.04476928710938,83,0.14020000000003824
13010,734208,104.87368774414062,110,0.13990000000003824
13011,734208,49.220054626464844,54,0.13990000000003824
13012,734208,59.36905288696289,64,0.13990000000003824
13013,734208,49.432533264160156,54,0.13990000000003824
13014,734208,44.00481033325195,49,0.13990000000003824
13015,734208,103.80117797851562,109,0.13990000000003824
13016,734208,34.35036087036133,39,0.13990000000003824
13017,734464,53.24446105957031,58,0.13960000000003825
13018,734464,39.23075866699219,44,0.13960000000003825
13019,734464,144.28082275390625,153,0.13960000000003825
13020,734464,105.66403198242188,111,0.13960000000003825
13021,734720,100.75274658203125,106,0.13930000000003825
13022,734720,78.90930938720703,84,0.13930000000003825
13023,734720,43.828330993652344,49,0.13930000000003825
13024,734720,39.352317810058594,44,0.13930000000003825
13025,734720,132.58523559570312,145,0.13930000000003825
13026,734720,57.767276763916016,63,0.13930000000003825
13027,734720,31.43210220336914,36,0.13930000000003825
13028,734976,143.3105926513672,156,0.13900000000003826
13029,734976,108.08451843261719,119,0.13900000000003826
13030,734976,73.94011688232422,80,0.13900000000003826
13031,734976,88.22036743164062,93,0.13900000000003826
13032,734976,42.284149169921875,47,0.13900000000003826
13033,734976,270.0440673828125,285,0.13900000000003826
13034,735232,52.15619659423828,57,0.13870000000003826
13035,735232,96.86251068115234,102,0.13870000000003826
13036,735232,85.91996002197266,91,0.13870000000003826
13037,735488,96.72662353515625,102,0.13840000000003827
13038,735488,82.41351318359375,88,0.13840000000003827
13039,735488,32.00740051269531,37,0.13840000000003827
13040,735488,45.033538818359375,50,0.13840000000003827
13041,735488,46.6473388671875,52,0.13840000000003827
13042,735744,37.274959564208984,42,0.13810000000003828
13043,735744,53.00621032714844,58,0.13810000000003828
13044,735744,100.35012817382812,109,0.13810000000003828
13045,735744,66.95645141601562,72,0.13810000000003828
13046,735744,54.04266357421875,59,0.13810000000003828
13047,735744,92.77365112304688,98,0.13810000000003828
13048,736000,90.41236877441406,96,0.13780000000003828
13049,736000,45.63677215576172,51,0.13780000000003828
13050,736000,60.75328826904297,66,0.13780000000003828
13051,736256,64.87495422363281,70,0.13750000000003829
13052,736256,57.672176361083984,63,0.13750000000003829
13053,736512,33.09313201904297,38,0.1372000000000383
13054,736512,81.2597885131836,87,0.1372000000000383
13055,736768,81.85627746582031,87,0.1369000000000383
13056,736768,97.78143310546875,103,0.1369000000000383
13057,736768,37.090763092041016,42,0.1369000000000383
13058,737024,26.182241439819336,31,0.1366000000000383
13059,737024,94.63101196289062,100,0.1366000000000383
13060,737280,73.18577575683594,78,0.1363000000000383
13061,737280,133.79930114746094,146,0.1363000000000383
13062,737536,66.6578369140625,72,0.1360000000000383
13063,737792,113.1846923828125,126,0.13570000000003832
13064,738304,101.81090545654297,110,0.13510000000003833
13065,738816,32.338958740234375,37,0.13450000000003834
13066,739072,64.20069885253906,70,0.13420000000003834
13067,739584,40.25923156738281,47,0.13360000000003835
13068,739840,58.49846649169922,64,0.13330000000003836
13069,740096,29.283191680908203,34,0.13300000000003837
13070,740864,65.96377563476562,72,0.13210000000003838
13071,740864,163.69659423828125,176,0.13210000000003838
13072,740864,110.46662902832031,116,0.13210000000003838
13073,740864,73.40773010253906,78,0.13210000000003838
13074,740864,31.707887649536133,36,0.13210000000003838
13075,740864,46.17167663574219,51,0.13210000000003838
13076,741120,55.8804931640625,61,0.1318000000000384
13077,741376,39.10197067260742,44,0.1315000000000384
13078,741632,68.2513427734375,74,0.1312000000000384
13079,741632,45.5958251953125,51,0.1312000000000384
13080,741632,60.80555725097656,66,0.1312000000000384
13081,741632,41.86751937866211,47,0.1312000000000384
13082,741888,88.0356674194336,94,0.1309000000000384
13083,741888,119.58275604248047,132,0.1309000000000384
13084,741888,55.93760299682617,61,0.1309000000000384
13085,742144,82.5158920288086,92,0.1306000000000384
13086,742144,57.526123046875,63,0.1306000000000384
13087,742144,65.44136047363281,71,0.1306000000000384
13088,742144,74.33684539794922,80,0.1306000000000384
13089,742144,46.87470245361328,52,0.1306000000000384
13090,742400,30.485197067260742,35,0.1303000000000384
13091,742912,100.10638427734375,106,0.12970000000003842
13092,742912,55.464141845703125,61,0.12970000000003842
13093,742912,54.816898345947266,60,0.12970000000003842
13094,743168,71.57823944091797,77,0.12940000000003843
13095,743168,85.0315933227539,90,0.12940000000003843
13096,743424,81.36602020263672,87,0.12910000000003843
13097,743424,48.64989471435547,54,0.12910000000003843
13098,743680,85.26444244384766,92,0.12880000000003844
13099,743936,71.0346908569336,76,0.12850000000003844
13100,743936,46.41440963745117,52,0.12850000000003844
13101,743936,67.76026153564453,73,0.12850000000003844
13102,744192,94.25835418701172,99,0.12820000000003845
13103,744192,61.266204833984375,67,0.12820000000003845
13104,744192,65.78047943115234,71,0.12820000000003845
13105,744192,95.5673599243164,101,0.12820000000003845
13106,744192,117.36701965332031,130,0.12820000000003845
13107,744192,51.72029113769531,57,0.12820000000003845
13108,744448,45.308048248291016,50,0.12790000000003846
13109,744704,81.46431732177734,87,0.12760000000003846
13110,744704,110.28495788574219,123,0.12760000000003846
13111,744960,74.61983489990234,81,0.12730000000003847
13112,744960,32.237972259521484,37,0.12730000000003847
13113,744960,71.07667541503906,76,0.12730000000003847
13114,744960,85.21920013427734,90,0.12730000000003847
13115,745216,65.57608795166016,70,0.12700000000003847
13116,745216,64.32288360595703,69,0.12700000000003847
13117,745216,95.1312255859375,101,0.12700000000003847
13118,745216,96.76029205322266,102,0.12700000000003847
13119,745216,57.75172424316406,63,0.12700000000003847
13120,745472,67.94776916503906,73,0.12670000000003848
13121,745472,54.557735443115234,60,0.12670000000003848
13122,745472,39.42549514770508,44,0.12670000000003848
13123,745472,102.98373413085938,108,0.12670000000003848
13124,745472,74.14659881591797,79,0.12670000000003848
13125,745728,57.112369537353516,62,0.12640000000003848
13126,745728,67.3859634399414,72,0.12640000000003848
13127,745984,42.422035217285156,47,0.1261000000000385
13128,745984,92.2210693359375,97,0.1261000000000385
13129,745984,59.01884460449219,64,0.1261000000000385
13130,746240,98.31119537353516,106,0.1258000000000385
13131,746240,202.54095458984375,215,0.1258000000000385
13132,746240,59.30723190307617,64,0.1258000000000385
13133,746240,74.36418151855469,79,0.1258000000000385
13134,746496,80.32939910888672,85,0.1255000000000385
13135,746496,63.27379608154297,68,0.1255000000000385
13136,746752,128.5550994873047,135,0.1252000000000385
13137,746752,81.08546447753906,86,0.1252000000000385
13138,746752,82.1946792602539,87,0.1252000000000385
13139,747008,63.95318603515625,69,0.12490000000003851
13140,747008,103.36883544921875,110,0.12490000000003851
13141,747264,165.47879028320312,178,0.12460000000003851
13142,747264,142.47169494628906,155,0.12460000000003851
13143,747520,44.88859939575195,50,0.12430000000003852
13144,747520,41.28418731689453,46,0.12430000000003852
13145,747776,44.71769714355469,50,0.12400000000003852
13146,747776,49.538665771484375,54,0.12400000000003852
13147,747776,46.37846755981445,52,0.12400000000003852
13148,747776,148.48818969726562,162,0.12400000000003852
13149,747776,77.5598373413086,82,0.12400000000003852
13150,748032,120.2336196899414,130,0.12370000000003853
13151,748032,57.54808044433594,63,0.12370000000003853
13152,748032,62.992408752441406,68,0.12370000000003853
13153,748032,178.87939453125,190,0.12370000000003853
13154,748032,49.337890625,54,0.12370000000003853
13155,748032,89.80687713623047,96,0.12370000000003853
13156,748032,108.29914093017578,117,0.12370000000003853
13157,748288,54.403263092041016,60,0.12340000000003853
13158,748544,103.65872955322266,109,0.12310000000003854
13159,748544,99.79983520507812,107,0.12310000000003854
13160,748800,50.29724884033203,55,0.12280000000003854
13161,749056,99.05656433105469,106,0.12250000000003855
13162,749056,94.69284057617188,100,0.12250000000003855
13163,749056,72.72891998291016,85,0.12250000000003855
13164,749312,47.889766693115234,53,0.12220000000003856
13165,749568,68.98856353759766,74,0.12190000000003856
13166,749568,84.31798553466797,97,0.12190000000003856
13167,749568,138.93975830078125,146,0.12190000000003856
13168,749824,107.43814086914062,117,0.12160000000003857
13169,749824,103.94157409667969,113,0.12160000000003857
13170,749824,53.46535873413086,59,0.12160000000003857
13171,750080,55.323795318603516,61,0.12130000000003857
13172,750080,98.34202575683594,104,0.12130000000003857
13173,750336,58.12826156616211,63,0.12100000000003858
13174,750336,149.06642150878906,157,0.12100000000003858
13175,750336,54.77958679199219,60,0.12100000000003858
13176,750336,58.19434356689453,63,0.12100000000003858
13177,750592,46.169517517089844,51,0.12070000000003858
13178,750592,54.539939880371094,60,0.12070000000003858
13179,750848,136.7857208251953,147,0.12040000000003859
13180,750848,85.09139251708984,91,0.12040000000003859
13181,750848,34.45431900024414,39,0.12040000000003859
13182,750848,56.26500701904297,62,0.12040000000003859
13183,751104,54.453121185302734,60,0.12010000000003859
13184,751104,96.70945739746094,103,0.12010000000003859
13185,751104,187.54299926757812,201,0.12010000000003859
13186,751104,189.14134216308594,202,0.12010000000003859
13187,751360,72.57991027832031,78,0.1198000000000386
13188,751360,70.57221221923828,76,0.1198000000000386
13189,751360,59.507442474365234,65,0.1198000000000386
13190,751360,51.777984619140625,57,0.1198000000000386
13191,751360,101.30298614501953,109,0.1198000000000386
13192,751360,59.22180938720703,64,0.1198000000000386
13193,751616,85.12757873535156,91,0.1195000000000386
13194,751616,111.07469177246094,120,0.1195000000000386
13195,751616,98.9240951538086,107,0.1195000000000386
13196,751872,77.03604125976562,82,0.11920000000003861
13197,752128,95.7161865234375,101,0.11890000000003861
13198,752128,52.6979866027832,58,0.11890000000003861
13199,752128,55.55106735229492,61,0.11890000000003861
13200,752384,89.7783203125,98,0.11860000000003862
13201,752640,98.8740463256836,104,0.11830000000003862
13202,753408,44.029361724853516,49,0.11740000000003864
13203,753664,96.82759094238281,110,0.11710000000003865
13204,753664,34.38996124267578,39,0.11710000000003865
13205,753664,64.92351531982422,70,0.11710000000003865
13206,753920,261.11920166015625,273,0.11680000000003865
13207,753920,168.76693725585938,182,0.11680000000003865
13208,753920,69.3926773071289,75,0.11680000000003865
13209,754176,68.423095703125,73,0.11650000000003866
13210,754176,54.19409942626953,59,0.11650000000003866
13211,754432,125.70701599121094,134,0.11620000000003866
13212,754688,123.4288101196289,135,0.11590000000003867
13213,754944,123.78327178955078,136,0.11560000000003867
13214,755200,120.56542205810547,130,0.11530000000003868
13215,755456,63.98602294921875,69,0.11500000000003868
13216,755712,47.9780158996582,53,0.11470000000003869
13217,755712,71.3302993774414,77,0.11470000000003869
13218,755968,50.18556213378906,55,0.11440000000003869
13219,756480,82.20609283447266,87,0.1138000000000387
13220,756480,74.83753204345703,81,0.1138000000000387
13221,756480,33.08507537841797,38,0.1138000000000387
13222,756480,73.64608001708984,79,0.1138000000000387
13223,756480,47.66158676147461,53,0.1138000000000387
13224,756992,40.17829132080078,45,0.11320000000003871
13225,756992,115.40299224853516,129,0.11320000000003871
13226,756992,271.17987060546875,286,0.11320000000003871
13227,756992,80.63890075683594,86,0.11320000000003871
13228,757248,53.457603454589844,59,0.11290000000003872
13229,757248,84.55323028564453,90,0.11290000000003872
13230,757248,72.68890380859375,78,0.11290000000003872
13231,757504,41.10792541503906,46,0.11260000000003872
13232,757760,78.50694274902344,85,0.11230000000003873
13233,758016,80.94058227539062,88,0.11200000000003874
13234,758528,81.85309600830078,87,0.11140000000003875
13235,758528,51.165435791015625,56,0.11140000000003875
13236,758528,240.6123504638672,257,0.11140000000003875
13237,758528,84.95450592041016,90,0.11140000000003875
13238,759808,110.46026611328125,123,0.10990000000003877
13239,759808,68.61228942871094,74,0.10990000000003877
13240,760320,117.55912017822266,124,0.10930000000003878
13241,761088,55.79906463623047,62,0.1084000000000388
13242,761088,76.79542541503906,83,0.1084000000000388
13243,761088,158.71917724609375,168,0.1084000000000388
13244,761344,38.481163024902344,44,0.1081000000000388
13245,761600,134.59764099121094,148,0.10780000000003881
13246,762368,37.0913200378418,42,0.10690000000003883
13247,762624,40.65012741088867,46,0.10660000000003883
13248,762624,271.9017639160156,292,0.10660000000003883
13249,762880,145.29165649414062,153,0.10630000000003884
13250,763648,96.578125,104,0.10540000000003885
13251,763648,314.7068786621094,331,0.10540000000003885
13252,763648,253.2166748046875,265,0.10540000000003885
13253,764160,48.92990493774414,54,0.10480000000003886
13254,764160,200.5409393310547,213,0.10480000000003886
13255,764416,131.34649658203125,139,0.10450000000003887
13256,764416,56.809268951416016,62,0.10450000000003887
13257,764416,203.8319854736328,216,0.10450000000003887
13258,764672,265.0897216796875,284,0.10420000000003887
13259,764672,59.765140533447266,66,0.10420000000003887
13260,764928,106.1609878540039,116,0.10390000000003888
13261,764928,113.49828338623047,121,0.10390000000003888
13262,765184,49.118614196777344,54,0.10360000000003888
13263,765184,69.02359008789062,74,0.10360000000003888
13264,765440,152.28201293945312,161,0.10330000000003889
13265,765440,69.28646087646484,74,0.10330000000003889
13266,765696,87.63900756835938,94,0.1030000000000389
13267,765696,71.22015380859375,77,0.1030000000000389
13268,765952,130.12664794921875,138,0.1027000000000389
13269,766208,159.5582275390625,168,0.1024000000000389
13270,766208,161.0041046142578,170,0.1024000000000389
13271,766208,146.04132080078125,155,0.1024000000000389
13272,766464,140.6151580810547,149,0.10210000000003891
13273,766720,84.08110809326172,89,0.10180000000003891
13274,766720,173.17918395996094,185,0.10180000000003891
13275,766976,122.86817169189453,130,0.10150000000003892
13276,766976,120.8018798828125,127,0.10150000000003892
13277,766976,142.911865234375,150,0.10150000000003892
13278,767232,87.092529296875,94,0.10120000000003893
13279,767232,157.24032592773438,166,0.10120000000003893
13280,767488,94.3810806274414,101,0.10090000000003893
13281,767488,58.07155227661133,64,0.10090000000003893
13282,767488,30.45329475402832,35,0.10090000000003893
13283,767488,94.69587707519531,102,0.10090000000003893
13284,767488,122.95394134521484,130,0.10090000000003893
13285,767744,38.92679214477539,44,0.10060000000003894
13286,767744,181.0862579345703,194,0.10060000000003894
13287,767744,38.22954559326172,44,0.10060000000003894
13288,767744,136.5404815673828,144,0.10060000000003894
13289,768256,123.2935791015625,130,0.10000000000003895
13290,768256,147.830078125,155,0.10000000000003895
13291,768512,80.67003631591797,88,0.09970000000003895
13292,768512,151.33468627929688,160,0.09970000000003895
13293,769024,135.7916259765625,142,0.09910000000003896
13294,769024,126.4916000366211,135,0.09910000000003896
13295,769280,43.283729553222656,48,0.09880000000003897
13296,769536,123.04019927978516,131,0.09850000000003897
13297,769536,93.91189575195312,99,0.09850000000003897
13298,769536,134.29576110839844,141,0.09850000000003897
13299,769536,75.18917083740234,80,0.09850000000003897
13300,769536,140.11326599121094,148,0.09850000000003897
13301,769536,159.44764709472656,167,0.09850000000003897
13302,769536,132.06764221191406,140,0.09850000000003897
13303,769536,94.16262817382812,102,0.09850000000003897
13304,769536,255.18617248535156,269,0.09850000000003897
13305,769792,114.07244873046875,121,0.09820000000003898
13306,769792,107.06158447265625,113,0.09820000000003898
13307,770048,133.65359497070312,142,0.09790000000003898
13308,770304,170.47409057617188,184,0.09760000000003899
13309,770304,59.86354446411133,65,0.09760000000003899
13310,770816,266.63800048828125,284,0.097000000000039
13311,770816,115.42558288574219,122,0.097000000000039
13312,770816,173.6212158203125,183,0.097000000000039
13313,771072,45.820228576660156,51,0.096700000000039
13314,771072,84.48028564453125,91,0.096700000000039
13315,771072,34.24225616455078,39,0.096700000000039
13316,771328,93.4853286743164,101,0.09640000000003901
13317,771584,97.58981323242188,105,0.09610000000003902
13318,771584,152.34225463867188,161,0.09610000000003902
13319,771840,134.2867889404297,142,0.09580000000003902
13320,772096,134.72540283203125,142,0.09550000000003903
13321,772352,190.56980895996094,203,0.09520000000003903
13322,772352,134.16989135742188,147,0.09520000000003903
13323,772352,113.7024917602539,120,0.09520000000003903
13324,772608,97.26449584960938,103,0.09490000000003904
13325,772608,116.32046508789062,124,0.09490000000003904
13326,772864,149.64601135253906,157,0.09460000000003904
13327,772864,103.83057403564453,112,0.09460000000003904
13328,773120,181.87416076660156,195,0.09430000000003905
13329,773120,100.2732162475586,108,0.09430000000003905
13330,773120,85.32145690917969,92,0.09430000000003905
13331,773376,290.643310546875,305,0.09400000000003905
13332,773376,103.19807434082031,111,0.09400000000003905
13333,774144,108.42152404785156,117,0.09310000000003907
13334,774400,103.11932373046875,111,0.09280000000003907
13335,774400,106.10639190673828,115,0.09280000000003907
13336,774400,83.26017761230469,91,0.09280000000003907
13337,774400,183.30718994140625,196,0.09280000000003907
13338,774400,120.75896453857422,127,0.09280000000003907
13339,774656,79.4126968383789,86,0.09250000000003908
13340,774656,149.3609619140625,159,0.09250000000003908
13341,774656,134.20965576171875,142,0.09250000000003908
13342,774912,113.40648651123047,120,0.09220000000003908
13343,774912,107.38651275634766,116,0.09220000000003908
13344,775168,125.62158203125,134,0.09190000000003909
13345,775168,107.21060943603516,116,0.09190000000003909
13346,775424,117.75041198730469,127,0.0916000000000391
13347,775424,206.52857971191406,220,0.0916000000000391
13348,775936,255.86000061035156,267,0.0910000000000391
13349,775936,200.32310485839844,213,0.0910000000000391
13350,775936,114.49584197998047,121,0.0910000000000391
13351,775936,85.6860580444336,93,0.0910000000000391
13352,776192,120.26197052001953,129,0.09070000000003911
13353,776192,147.77088928222656,155,0.09070000000003911
13354,776448,108.22148132324219,114,0.09040000000003912
13355,776448,100.84136962890625,110,0.09040000000003912
13356,776960,39.284786224365234,44,0.08980000000003913
13357,776960,121.18879699707031,129,0.08980000000003913
13358,777216,33.27069854736328,38,0.08950000000003913
13359,777728,109.11609649658203,117,0.08890000000003914
13360,777728,108.79740142822266,116,0.08890000000003914
13361,777984,151.5115203857422,161,0.08860000000003915
13362,778240,152.339111328125,161,0.08830000000003915
13363,778752,277.0808410644531,291,0.08770000000003916
13364,778752,133.1781768798828,143,0.08770000000003916
13365,779008,91.13640594482422,99,0.08740000000003917
13366,779008,198.6744842529297,212,0.08740000000003917
13367,779008,122.75163269042969,133,0.08740000000003917
13368,779008,298.4932556152344,314,0.08740000000003917
13369,779264,104.44544982910156,113,0.08710000000003917
13370,779520,259.16680908203125,270,0.08680000000003918
13371,779520,105.97840881347656,116,0.08680000000003918
13372,779776,124.1346435546875,134,0.08650000000003918
13373,780032,104.67618560791016,114,0.08620000000003919
13374,780032,106.86166381835938,113,0.08620000000003919
13375,780288,140.45352172851562,149,0.0859000000000392
13376,780288,118.40790557861328,126,0.0859000000000392
13377,780800,132.0732421875,139,0.0853000000000392
13378,780800,129.06849670410156,139,0.0853000000000392
13379,781312,101.51368713378906,108,0.08470000000003922
13380,781312,103.03352355957031,109,0.08470000000003922
13381,781312,83.50408935546875,89,0.08470000000003922
13382,781824,101.77137756347656,108,0.08410000000003923
13383,781824,110.88078308105469,119,0.08410000000003923
13384,781824,123.05083465576172,132,0.08410000000003923
13385,782080,144.9497528076172,153,0.08380000000003923
13386,782336,287.860107421875,303,0.08350000000003924
13387,782336,131.99752807617188,139,0.08350000000003924
13388,782336,120.81558990478516,127,0.08350000000003924
13389,782336,271.34808349609375,283,0.08350000000003924
13390,782592,144.6887664794922,153,0.08320000000003924
13391,782592,76.88813781738281,83,0.08320000000003924
13392,782592,80.73143768310547,87,0.08320000000003924
13393,783104,303.8875732421875,320,0.08260000000003925
13394,783104,128.15283203125,135,0.08260000000003925
13395,783616,117.5985336303711,126,0.08200000000003926
13396,783616,136.08438110351562,143,0.08200000000003926
13397,784128,123.6666030883789,132,0.08140000000003927
13398,784640,89.81153106689453,97,0.08080000000003928
13399,784640,134.2684326171875,143,0.08080000000003928
13400,784896,136.38751220703125,144,0.08050000000003929
13401,785152,142.74215698242188,152,0.0802000000000393
13402,785152,37.26388931274414,42,0.0802000000000393
13403,785152,123.39612579345703,130,0.0802000000000393
13404,785664,134.5894012451172,142,0.0796000000000393
13405,786176,353.8625793457031,367,0.07900000000003932
13406,786944,134.31594848632812,141,0.07810000000003933
13407,787200,168.53233337402344,177,0.07780000000003934
13408,787200,300.5743713378906,319,0.07780000000003934
13409,787456,147.6431121826172,155,0.07750000000003934
13410,788224,120.24451446533203,127,0.07660000000003936
13411,788224,134.27615356445312,141,0.07660000000003936
13412,788480,148.3948211669922,162,0.07630000000003936
13413,788736,129.1686248779297,136,0.07600000000003937
13414,788736,151.06251525878906,159,0.07600000000003937
13415,788992,120.49138641357422,127,0.07570000000003937
13416,788992,122.06631469726562,129,0.07570000000003937
13417,789248,125.30756378173828,132,0.07540000000003938
13418,789248,118.83203125,126,0.07540000000003938
13419,789248,115.97179412841797,123,0.07540000000003938
13420,789504,78.88497924804688,86,0.07510000000003939
13421,789504,283.1512451171875,297,0.07510000000003939
13422,789760,118.49806213378906,127,0.07480000000003939
13423,790016,103.96097564697266,111,0.0745000000000394
13424,790016,89.00940704345703,96,0.0745000000000394
13425,790016,184.4602508544922,195,0.0745000000000394
13426,790016,78.0270767211914,85,0.0745000000000394
13427,790016,220.50845336914062,232,0.0745000000000394
13428,790272,74.11326599121094,81,0.0742000000000394
13429,790528,279.6147766113281,291,0.0739000000000394
13430,790528,122.8299789428711,130,0.0739000000000394
13431,790784,89.23396301269531,97,0.07360000000003941
13432,790784,129.75650024414062,137,0.07360000000003941
13433,790784,145.8671112060547,154,0.07360000000003941
13434,791040,277.03515625,287,0.07330000000003942
13435,791552,163.57473754882812,172,0.07270000000003943
13436,791552,152.82550048828125,161,0.07270000000003943
13437,791808,112.44422912597656,120,0.07240000000003943
13438,791808,90.69072723388672,97,0.07240000000003943
13439,792064,167.85353088378906,178,0.07210000000003944
13440,792320,169.6702423095703,184,0.07180000000003944
13441,792576,263.3429260253906,275,0.07150000000003945
13442,792576,94.63084411621094,103,0.07150000000003945
13443,792832,101.54522705078125,108,0.07120000000003945
13444,792832,158.1739044189453,169,0.07120000000003945
13445,793344,161.61572265625,170,0.07060000000003946
13446,793600,97.8528823852539,107,0.07030000000003947
13447,793856,95.73067474365234,102,0.07000000000003948
13448,794880,92.08626556396484,99,0.0688000000000395
13449,794880,95.68009185791016,103,0.0688000000000395
13450,795136,92.11265563964844,99,0.0685000000000395
13451,795392,114.32608032226562,122,0.0682000000000395
13452,795392,80.79598999023438,87,0.0682000000000395
13453,795392,103.82556915283203,112,0.0682000000000395
13454,795648,95.0267333984375,102,0.06790000000003951
13455,795648,184.67408752441406,193,0.06790000000003951
13456,795904,77.9998779296875,85,0.06760000000003952
13457,795904,298.1451110839844,315,0.06760000000003952
13458,795904,102.27169036865234,111,0.06760000000003952
13459,796160,125.2874526977539,131,0.06730000000003952
13460,796160,147.7618865966797,155,0.06730000000003952
13461,796928,182.29693603515625,193,0.06640000000003954
13462,797184,106.61284637451172,115,0.06610000000003954
13463,797184,172.48367309570312,182,0.06610000000003954
13464,797952,78.74652862548828,85,0.06520000000003956
13465,797952,99.81646728515625,106,0.06520000000003956
13466,798208,350.57159423828125,366,0.06490000000003956
13467,798208,124.6150894165039,131,0.06490000000003956
13468,798720,87.83030700683594,94,0.06430000000003958
13469,799232,264.5204162597656,276,0.06370000000003959
13470,799232,102.69949340820312,110,0.06370000000003959
13471,799232,145.60655212402344,154,0.06370000000003959
13472,799488,161.50918579101562,173,0.06340000000003959
13473,799744,265.44891357421875,278,0.0631000000000396
13474,799744,203.21612548828125,215,0.0631000000000396
13475,800512,187.5944061279297,201,0.062200000000039606
13476,800768,122.40131378173828,130,0.061900000000039604
13477,801792,136.91749572753906,146,0.0607000000000396
13478,802304,84.71405029296875,92,0.060100000000039594
13479,803072,120.4302978515625,131,0.05920000000003959
13480,803840,291.63555908203125,307,0.058300000000039584
13481,804352,92.34903717041016,99,0.05770000000003958
13482,804608,138.16477966308594,147,0.05740000000003958
13483,804608,117.2879409790039,124,0.05740000000003958
13484,804864,295.8260192871094,310,0.05710000000003958
13485,805120,147.87298583984375,155,0.056800000000039576
13486,805888,109.755859375,117,0.05590000000003957
13487,806144,139.71083068847656,147,0.05560000000003957
13488,806144,141.92196655273438,151,0.05560000000003957
13489,806144,78.59223937988281,86,0.05560000000003957
13490,806400,134.9210205078125,144,0.05530000000003957
13491,806656,326.78497314453125,345,0.055000000000039566
13492,806912,163.72476196289062,173,0.054700000000039564
13493,807680,124.45841217041016,134,0.05380000000003956
13494,808448,95.58717346191406,104,0.052900000000039554
13495,808448,211.0664520263672,223,0.052900000000039554
13496,808448,116.69319915771484,127,0.052900000000039554
13497,808704,106.95704650878906,116,0.05260000000003955
13498,808960,201.70204162597656,214,0.05230000000003955
13499,809472,152.27635192871094,165,0.05170000000003955
13500,809984,124.62666320800781,133,0.051100000000039544
13501,810752,108.34618377685547,115,0.05020000000003954
13502,810752,124.59249877929688,132,0.05020000000003954
13503,811520,167.5500946044922,177,0.05
13504,812288,172.1186065673828,182,0.05
13505,812544,385.8614501953125,401,0.05
13506,812544,100.36839294433594,108,0.05
13507,812800,72.02476501464844,78,0.05
13508,813056,81.85086059570312,90,0.05
13509,813056,230.28907775878906,243,0.05
13510,813056,166.9097442626953,177,0.05
13511,813312,127.66413879394531,134,0.05
13512,813312,138.92303466796875,152,0.05
13513,813568,182.59046936035156,193,0.05
13514,813824,120.78946685791016,127,0.05
13515,813824,326.21112060546875,343,0.05
13516,814336,186.9944610595703,198,0.05
13517,814592,114.40933227539062,121,0.05
13518,815104,148.19100952148438,159,0.05
13519,815872,201.78701782226562,214,0.05
13520,816384,189.40391540527344,202,0.05
13521,817408,155.4443817138672,167,0.05
13522,817664,166.09609985351562,176,0.05
13523,817664,196.44241333007812,208,0.05
13524,817920,253.9673309326172,267,0.05
13525,818944,198.0879669189453,211,0.05
13526,819200,405.4175109863281,420,0.05
13527,820224,145.4337921142578,157,0.05
13528,820480,164.4357147216797,176,0.05
13529,820480,176.65255737304688,188,0.05
13530,820992,170.22360229492188,179,0.05
13531,820992,170.4250946044922,180,0.05
13532,821248,107.72721099853516,115,0.05
13533,821504,270.27099609375,284,0.05
13534,821504,178.7572021484375,193,0.05
13535,821760,78.63091278076172,86,0.05
13536,821760,93.48323822021484,101,0.05
13537,821760,296.4049377441406,310,0.05
13538,821760,114.43666076660156,122,0.05
13539,821760,217.1638641357422,230,0.05
13540,822016,191.15061950683594,203,0.05
13541,822528,112.64268493652344,121,0.05
13542,822784,177.01275634765625,188,0.05
13543,824064,136.87612915039062,148,0.05
13544,824064,258.5421142578125,272,0.05
13545,824320,196.3692626953125,209,0.05
13546,824320,176.86875915527344,187,0.05
13547,824320,378.32684326171875,393,0.05
13548,824576,183.52529907226562,196,0.05
13549,825088,199.18589782714844,211,0.05
13550,825088,399.2509460449219,419,0.05
13551,825600,166.5926513671875,180,0.05
13552,826112,200.96969604492188,213,0.05
13553,826112,218.34262084960938,233,0.05
13554,826368,167.48312377929688,180,0.05
13555,826624,232.6611328125,246,0.05
13556,827136,134.0026397705078,145,0.05
13557,827904,367.2319030761719,385,0.05
13558,828416,373.5486145019531,384,0.05
13559,828672,213.24440002441406,228,0.05
13560,829696,350.742431640625,369,0.05
13561,829952,183.92832946777344,196,0.05
13562,830720,358.9578857421875,375,0.05
13563,830720,225.92550659179688,239,0.05
13564,831232,97.4687271118164,107,0.05
13565,834304,310.70697021484375,327,0.05
13566,835328,205.80877685546875,218,0.05
13567,835840,149.57359313964844,160,0.05
13568,836096,136.71360778808594,146,0.05
13569,837120,138.43199157714844,148,0.05
13570,837632,232.99151611328125,244,0.05
13571,837888,167.39840698242188,178,0.05
13572,838144,359.14654541015625,375,0.05
13573,838144,206.88668823242188,218,0.05
13574,838656,269.1816711425781,281,0.05
13575,838656,219.34967041015625,232,0.05
13576,839424,202.78286743164062,214,0.05
13577,839424,162.0095977783203,172,0.05
13578,842496,193.40237426757812,205,0.05
13579,844544,263.51336669921875,279,0.05
13580,845568,426.2390441894531,437,0.05
13581,846080,378.8064270019531,398,0.05
13582,847360,351.38818359375,365,0.05
13583,848640,387.1903381347656,407,0.05
13584,848896,360.1995544433594,378,0.05
13585,849664,452.1139221191406,463,0.05
13586,849920,178.365478515625,192,0.05
13587,852480,240.3900604248047,254,0.05
13588,854528,402.79046630859375,421,0.05
13589,854784,280.1107482910156,297,0.05
13590,854784,305.0853271484375,321,0.05
13591,855552,284.2393493652344,302,0.05
13592,856832,406.4668884277344,425,0.05
13593,857856,272.1187438964844,296,0.05
13594,861440,255.93177795410156,271,0.05
13595,861696,463.2721252441406,488,0.05
13596,862976,515.1682739257812,524,0.05
13597,863744,456.8864440917969,468,0.05
13598,864256,327.7812194824219,347,0.05
13599,866816,453.7369079589844,465,0.05
13600,870656,282.8050842285156,300,0.05
13601,870912,312.7314758300781,335,0.05
13602,873728,395.7702331542969,416,0.05
13603,876288,478.08563232421875,488,0.05
13604,877568,491.6122741699219,502,0.05
13605,879360,359.4772644042969,379,0.05
13606,880384,471.80230712890625,480,0.05
13607,888064,373.53424072265625,390,0.05
13608,891648,533.2897338867188,547,0.05
13609,902656,421.2541198730469,434,0.05
13610,902912,496.6471862792969,506,0.05
13611,904704,426.5830993652344,437,0.05
13612,911616,602.312744140625,612,0.05
13613,911872,617.0079345703125,626,0.05
13614,914432,435.90673828125,455,0.05
13615,916224,473.5152893066406,500,0.05
13616,918016,582.3551025390625,590,0.05
13617,919296,518.938232421875,537,0.05
13618,923392,511.3317565917969,524,0.05
13619,923904,541.46630859375,557,0.05
13620,925184,497.7821044921875,515,0.05
13621,930304,669.1585693359375,677,0.05
13622,934912,548.7034912109375,565,0.05
13623,938496,581.6082763671875,599,0.05
13624,939776,516.1224365234375,529,0.05
13625,940544,763.3820190429688,779,0.05
13626,943872,504.50531005859375,523,0.05
13627,944128,657.6017456054688,687,0.05
13628,944640,461.2728576660156,477,0.05
13629,945152,620.5089721679688,642,0.05
13630,945152,594.5382080078125,607,0.05
13631,945408,459.8701477050781,473,0.05
13632,946176,413.37884521484375,424,0.05
13633,947712,600.0838623046875,613,0.05
13634,948224,604.65576171875,616,0.05
13635,948480,560.8193969726562,573,0.05
13636,948736,637.5856323242188,649,0.05
13637,949760,525.5117797851562,540,0.05
13638,949760,551.048095703125,561,0.05
13639,950016,600.5455932617188,618,0.05
13640,950272,648.1725463867188,665,0.05
13641,951296,545.0759887695312,561,0.05
13642,952064,560.1664428710938,570,0.05
13643,952320,497.3138122558594,510,0.05
13644,952576,620.7235717773438,637,0.05
13645,952832,627.2967529296875,639,0.05
13646,952832,597.36328125,608,0.05
13647,953344,552.1118774414062,564,0.05
13648,953344,568.1434936523438,581,0.05
13649,954112,680.59619140625,694,0.05
13650,954112,574.4285888671875,590,0.05
13651,955136,685.2261352539062,699,0.05
13652,955392,758.7802734375,769,0.05
13653,955904,489.57489013671875,507,0.05
13654,957184,696.7966918945312,712,0.05
13655,957952,640.5863647460938,662,0.05
13656,958208,820.5864868164062,846,0.05
13657,958464,705.6793212890625,730,0.05
13658,958720,717.5220947265625,741,0.05
13659,959232,527.8705444335938,537,0.05
13660,959744,556.5368041992188,573,0.05
13661,960256,546.3848266601562,562,0.05
13662,960256,589.36962890625,603,0.05
13663,960512,565.1776123046875,576,0.05
13664,960768,565.4173583984375,579,0.05
13665,961280,475.7699890136719,485,0.05
13666,961280,653.2317504882812,665,0.05
13667,961536,594.2467651367188,607,0.05
13668,961792,569.0128173828125,580,0.05
13669,961792,649.791748046875,661,0.05
13670,962304,525.7099609375,536,0.05
13671,962816,538.3381958007812,552,0.05
13672,963072,564.9800415039062,583,0.05
13673,965376,481.17724609375,492,0.05
13674,965888,656.7281494140625,668,0.05
13675,966656,597.3932495117188,609,0.05
13676,967424,590.0963134765625,603,0.05
13677,968704,558.550537109375,574,0.05
13678,969728,629.0087890625,645,0.05
13679,970496,629.4237060546875,646,0.05
13680,971264,680.7728271484375,698,0.05
13681,971520,655.3368530273438,673,0.05
13682,971520,606.0629272460938,618,0.05
13683,972288,874.8475341796875,885,0.05
13684,972544,483.4388427734375,500,0.05
13685,972800,675.7667846679688,693,0.05
13686,972800,615.017333984375,625,0.05
13687,973312,707.6029052734375,720,0.05
13688,973568,596.3375244140625,609,0.05
13689,973568,789.667724609375,798,0.05
13690,974080,576.958984375,586,0.05
13691,974592,560.5201416015625,571,0.05
13692,974848,583.8909301757812,598,0.05
13693,975872,746.755126953125,762,0.05
13694,976128,595.7219848632812,608,0.05
13695,976128,596.1901245117188,608,0.05
13696,976128,668.8775634765625,679,0.05
13697,976640,707.8900146484375,726,0.05
13698,976896,497.1967468261719,513,0.05
13699,976896,728.2833862304688,741,0.05
13700,977152,652.0650634765625,665,0.05
13701,977152,594.8159790039062,613,0.05
13702,977408,684.741455078125,704,0.05
13703,977664,596.7076416015625,609,0.05
13704,977664,764.7266235351562,780,0.05
13705,977664,595.4124755859375,611,0.05
13706,978432,721.9778442382812,738,0.05
13707,978432,724.2167358398438,741,0.05
13708,979712,731.4134521484375,746,0.05
13709,980480,611.5322875976562,623,0.05
13710,980992,615.2286376953125,633,0.05
13711,980992,774.6079711914062,789,0.05
13712,982272,705.4627075195312,719,0.05
13713,982272,663.2483520507812,675,0.05
13714,982272,735.4432983398438,755,0.05
13715,982784,580.1793823242188,592,0.05
13716,982784,667.001708984375,680,0.05
13717,983040,756.649169921875,775,0.05
13718,983296,797.8666381835938,828,0.05
13719,984064,509.06219482421875,525,0.05
13720,985088,795.8116455078125,810,0.05
13721,987648,601.6083374023438,613,0.05
13722,988160,620.9475708007812,633,0.05
13723,988416,610.4886474609375,630,0.05
13724,989184,708.6566162109375,720,0.05
13725,989440,762.6920166015625,779,0.05
13726,989440,626.1200561523438,637,0.05
13727,989952,592.73193359375,604,0.05
13728,990208,613.3353881835938,626,0.05
13729,990464,578.7528686523438,596,0.05
13730,990720,732.287841796875,746,0.05
13731,990720,547.8974609375,560,0.05
13732,991488,834.4215087890625,853,0.05
13733,991488,685.9765625,699,0.05
13734,991744,637.9120483398438,655,0.05
13735,992000,639.6986083984375,652,0.05
13736,992256,624.3175048828125,635,0.05
13737,992768,706.888916015625,720,0.05
13738,992768,747.4033813476562,770,0.05
13739,992768,603.849365234375,619,0.05
13740,993024,682.6386108398438,695,0.05
13741,993536,802.4109497070312,822,0.05
13742,993536,558.6552124023438,576,0.05
13743,994048,750.857421875,765,0.05
13744,994560,850.0099487304688,868,0.05
13745,995328,562.3140869140625,573,0.05
13746,995584,511.2446594238281,524,0.05
13747,996096,549.8594360351562,561,0.05
13748,996352,842.8251953125,857,0.05
13749,996352,719.9471435546875,734,0.05
13750,996864,608.063720703125,620,0.05
13751,996864,794.5298461914062,808,0.05
13752,996864,688.037353515625,699,0.05
13753,997120,732.98046875,745,0.05
13754,997120,727.0473022460938,744,0.05
13755,997376,705.626953125,723,0.05
13756,997632,672.4561767578125,686,0.05
13757,997632,677.3018798828125,690,0.05
13758,998144,594.024169921875,608,0.05
13759,998912,811.3923950195312,828,0.05
13760,998912,781.5629272460938,794,0.05
13761,999424,707.0181274414062,717,0.05
13762,999936,837.958251953125,850,0.05
13763,1000448,731.5780029296875,741,0.05
13764,1000448,788.5810546875,799,0.05
13765,1000704,955.6812133789062,964,0.05
13766,1000960,698.818359375,716,0.05
13767,1001216,944.1408081054688,956,0.05
13768,1001472,562.1034545898438,573,0.05
13769,1001728,780.3955688476562,791,0.05
13770,1002752,680.7177734375,697,0.05
13771,1003008,788.2691040039062,809,0.05
13772,1003264,996.7644653320312,1000,0.05
13773,1004800,792.94189453125,812,0.05
13774,1005312,781.902587890625,800,0.05
13775,1005824,640.880615234375,655,0.05
13776,1006080,913.684326171875,931,0.05
13777,1006080,991.6728515625,1000,0.05
13778,1006848,730.7963256835938,751,0.05
13779,1007104,983.6703491210938,1000,0.05
13780,1008384,860.4036254882812,872,0.05
13781,1008384,989.0300903320312,1000,0.05
13782,1008640,643.298095703125,661,0.05
13783,1008896,684.8526000976562,704,0.05
13784,1009920,814.9075927734375,835,0.05
13785,1010688,998.1398315429688,1000,0.05
13786,1010944,687.728271484375,704,0.05
13787,1011712,959.1574096679688,974,0.05
13788,1011712,870.5482177734375,883,0.05
13789,1011712,831.6329345703125,846,0.05
13790,1012224,542.8568115234375,553,0.05
13791,1012224,666.1041870117188,678,0.05
13792,1012224,711.1065673828125,725,0.05
13793,1012480,715.6546630859375,730,0.05
13794,1012992,730.731689453125,748,0.05
13795,1012992,992.1822509765625,1000,0.05
13796,1013248,507.7264709472656,523,0.05
13797,1013248,995.1455688476562,1000,0.05
13798,1013504,821.6420288085938,836,0.05
13799,1014272,939.1846923828125,951,0.05
13800,1014528,989.2918701171875,1000,0.05
13801,1014784,963.88671875,978,0.05
13802,1015296,871.052978515625,883,0.05
13803,1015552,570.7859497070312,581,0.05
13804,1015552,892.87255859375,906,0.05
13805,1015808,949.528076171875,962,0.05
13806,1016064,901.5280151367188,913,0.05
13807,1016320,642.7850952148438,654,0.05
13808,1017088,871.0193481445312,884,0.05
13809,1017088,529.4367065429688,545,0.05
13810,1017600,622.6106567382812,633,0.05
13811,1018368,689.9425048828125,702,0.05
13812,1019136,735.1998901367188,747,0.05
13813,1019648,791.2149658203125,804,0.05
13814,1019648,992.511962890625,1000,0.05
13815,1020928,995.1585693359375,1000,0.05
13816,1021184,985.41552734375,1000,0.05
13817,1021696,752.3365478515625,771,0.05
13818,1023488,873.54833984375,888,0.05
13819,1024512,885.1558227539062,902,0.05
13820,1025024,995.8763427734375,1000,0.05
13821,1025024,948.9639892578125,966,0.05
13822,1025536,993.6839599609375,1000,0.05
13823,1025536,990.7127075195312,1000,0.05
13824,1025792,993.5615844726562,1000,0.05
13825,1025792,625.211669921875,636,0.05
13826,1026304,991.0287475585938,1000,0.05
13827,1027072,990.4930419921875,1000,0.05
13828,1027328,939.2177124023438,954,0.05
13829,1027840,986.9240112304688,1000,0.05
13830,1028352,993.0396728515625,1000,0.05
13831,1028864,992.326416015625,1000,0.05
13832,1029376,952.7977294921875,964,0.05
13833,1029632,818.2910766601562,829,0.05
13834,1030400,991.6707153320312,1000,0.05
13835,1031936,990.8289184570312,1000,0.05
13836,1033216,991.4442138671875,1000,0.05
13837,1033728,646.6304321289062,664,0.05
13838,1034496,753.3106689453125,776,0.05
13839,1035776,814.9161987304688,846,0.05
13840,1035776,845.171875,865,0.05
13841,1036288,990.33056640625,1000,0.05
13842,1037312,681.3011474609375,701,0.05
13843,1037312,630.6114501953125,650,0.05
13844,1037312,669.520263671875,686,0.05
13845,1037824,695.985595703125,716,0.05
13846,1037824,997.8351440429688,1000,0.05
13847,1038080,626.1995239257812,642,0.05
13848,1038592,964.9840698242188,982,0.05
13849,1038592,997.865234375,1000,0.05
13850,1042176,836.24560546875,850,0.05
13851,1043456,690.6854248046875,700,0.05
13852,1043712,474.7295837402344,486,0.05
13853,1044480,851.14892578125,866,0.05
13854,1044992,955.0332641601562,975,0.05
13855,1051904,526.0471801757812,537,0.05
13856,1052160,752.0635986328125,763,0.05
13857,1053952,990.0991821289062,1000,0.05
13858,1054464,681.1563110351562,696,0.05
13859,1054720,622.262939453125,637,0.05
13860,1062400,422.1492614746094,430,0.05
13861,1062656,450.8691101074219,459,0.05
13862,1062912,615.6362915039062,626,0.05
13863,1063424,580.5474243164062,592,0.05
13864,1063936,566.1671752929688,577,0.05
13865,1064448,982.749755859375,1000,0.05
13866,1066496,491.6039733886719,500,0.05
13867,1067776,565.596435546875,585,0.05
13868,1067776,455.3034362792969,465,0.05
13869,1068288,838.6898193359375,853,0.05
13870,1068800,552.1295776367188,566,0.05
13871,1069568,992.856201171875,1000,0.05
13872,1074176,476.1392822265625,486,0.05
13873,1075200,435.5094909667969,453,0.05
13874,1076480,755.6362915039062,766,0.05
13875,1076736,579.6534423828125,592,0.05
13876,1078016,498.9169921875,515,0.05
13877,1079552,679.0423583984375,690,0.05
13878,1081344,488.51837158203125,502,0.05
13879,1081344,451.295166015625,467,0.05
13880,1084928,527.3892211914062,545,0.05
13881,1085440,666.2388916015625,679,0.05
13882,1085952,592.3937377929688,608,0.05
13883,1088256,525.5548095703125,541,0.05
13884,1089024,973.793701171875,988,0.05
13885,1090304,496.928955078125,508,0.05
13886,1091072,564.0585327148438,574,0.05
13887,1092352,787.0767822265625,798,0.05
13888,1093376,542.544189453125,560,0.05
13889,1096960,585.3157958984375,595,0.05
13890,1098240,521.9243774414062,533,0.05
13891,1099520,673.58935546875,688,0.05
13892,1099776,419.45709228515625,428,0.05
13893,1102080,537.1554565429688,550,0.05
13894,1104128,496.9188537597656,513,0.05
13895,1104896,585.7622680664062,595,0.05
13896,1104896,586.3118286132812,597,0.05
13897,1105408,510.3996887207031,524,0.05
13898,1106688,494.08782958984375,507,0.05
13899,1107200,566.507080078125,580,0.05
13900,1107456,609.86962890625,624,0.05
13901,1107968,485.0865173339844,501,0.05
13902,1110272,593.0057983398438,610,0.05
13903,1110784,998.6740112304688,1000,0.05
13904,1110784,590.9190063476562,600,0.05
13905,1111040,602.9814453125,613,0.05
13906,1111552,509.10516357421875,523,0.05
13907,1111552,572.0634155273438,581,0.05
13908,1111552,522.8124389648438,537,0.05
13909,1111808,585.6989135742188,600,0.05
13910,1112576,583.794189453125,594,0.05
13911,1112576,511.5653991699219,524,0.05
13912,1113088,610.1844482421875,626,0.05
13913,1113088,667.159912109375,677,0.05
13914,1113600,585.0709228515625,597,0.05
13915,1113856,602.4430541992188,617,0.05
13916,1113856,637.8104858398438,647,0.05
13917,1113856,508.0560302734375,519,0.05
13918,1114112,533.634033203125,549,0.05
13919,1114112,663.2998046875,678,0.05
13920,1115392,622.8582153320312,633,0.05
13921,1115904,460.9239196777344,470,0.05
13922,1116416,535.2738037109375,549,0.05
13923,1116416,508.00762939453125,517,0.05
13924,1116672,596.7197875976562,613,0.05
13925,1117440,469.7317199707031,487,0.05
13926,1117952,549.5022583007812,564,0.05
13927,1117952,525.850830078125,535,0.05
13928,1120512,610.5408325195312,622,0.05
13929,1122048,507.10028076171875,516,0.05
13930,1122304,556.11181640625,565,0.05
13931,1122560,689.8278198242188,698,0.05
13932,1123840,522.0040893554688,532,0.05
13933,1127424,509.7222595214844,519,0.05
13934,1128704,668.106201171875,685,0.05
13935,1128704,601.8718872070312,614,0.05
13936,1128960,434.2331237792969,444,0.05
13937,1129216,568.6629638671875,581,0.05
13938,1130496,649.662353515625,660,0.05
13939,1131008,696.2229614257812,713,0.05
13940,1131264,620.6635131835938,631,0.05
13941,1131776,594.3674926757812,608,0.05
13942,1132288,761.4517211914062,771,0.05
13943,1132544,662.6954956054688,680,0.05
13944,1132800,532.1127319335938,542,0.05
13945,1133056,600.4917602539062,613,0.05
13946,1133056,630.5512084960938,642,0.05
13947,1133056,576.982177734375,589,0.05
13948,1133056,527.73828125,538,0.05
13949,1133824,636.0319213867188,653,0.05
13950,1134080,526.5321655273438,536,0.05
13951,1134336,490.2784423828125,501,0.05
13952,1134592,531.2669677734375,541,0.05
13953,1134848,544.6893310546875,560,0.05
13954,1135104,594.9610595703125,612,0.05
13955,1135872,520.7535400390625,531,0.05
13956,1136896,521.9406127929688,533,0.05
13957,1138688,627.4904174804688,640,0.05
13958,1139712,636.858154296875,653,0.05
13959,1139968,681.3505249023438,694,0.05
13960,1139968,623.3843994140625,640,0.05
13961,1140224,523.7036743164062,537,0.05
13962,1145600,455.0381164550781,468,0.05
13963,1147392,774.0745239257812,790,0.05
13964,1147648,561.3295288085938,574,0.05
13965,1148416,729.6594848632812,744,0.05
13966,1148928,719.538818359375,737,0.05
13967,1150720,586.7562255859375,603,0.05
13968,1151744,669.54443359375,684,0.05
13969,1152256,623.2010498046875,636,0.05
13970,1152256,755.4194946289062,770,0.05
13971,1152256,606.6893310546875,622,0.05
13972,1152768,959.9248657226562,969,0.05
13973,1153024,616.6340942382812,634,0.05
13974,1153280,610.0007934570312,624,0.05
13975,1153536,620.2803955078125,641,0.05
13976,1154048,723.1922607421875,735,0.05
13977,1154816,530.796142578125,542,0.05
13978,1155584,680.691162109375,697,0.05
13979,1155840,548.23486328125,561,0.05
13980,1156096,688.2633056640625,700,0.05
13981,1156352,601.719482421875,613,0.05
13982,1156608,636.6536254882812,654,0.05
13983,1156608,681.983642578125,699,0.05
13984,1157376,604.8721313476562,626,0.05
13985,1157376,520.9170532226562,538,0.05
13986,1157888,672.8215942382812,682,0.05
13987,1157888,563.6266479492188,578,0.05
13988,1158656,616.8837890625,629,0.05
13989,1158912,624.8289184570312,635,0.05
13990,1159168,616.1658325195312,632,0.05
13991,1159936,605.7119140625,620,0.05
13992,1160192,548.8617553710938,557,0.05
13993,1160448,798.8298950195312,817,0.05
13994,1160704,569.6618041992188,579,0.05
13995,1161216,711.0962524414062,719,0.05
13996,1161216,648.3466186523438,660,0.05
13997,1162752,545.349609375,553,0.05
13998,1163520,632.7715454101562,643,0.05
13999,1163776,665.4146728515625,677,0.05
14000,1163776,757.9532470703125,767,0.05
14001,1166848,601.1895141601562,609,0.05
14002,1167360,680.6005249023438,700,0.05
14003,1168128,500.3358459472656,509,0.05
14004,1168640,751.62939453125,763,0.05
14005,1168896,661.1401977539062,672,0.05
14006,1169152,717.3281860351562,728,0.05
14007,1169664,609.952880859375,621,0.05
14008,1169920,645.7588500976562,657,0.05
14009,1170176,628.99560546875,637,0.05
14010,1170432,597.5867919921875,610,0.05
14011,1170432,652.34912109375,662,0.05
14012,1171200,714.528564453125,727,0.05
14013,1171712,672.8871459960938,683,0.05
14014,1171712,706.146728515625,716,0.05
14015,1171968,668.3374633789062,679,0.05
14016,1172224,772.0772094726562,784,0.05
14017,1172224,691.9580078125,704,0.05
14018,1172224,556.0691528320312,566,0.05
14019,1173248,730.505126953125,744,0.05
14020,1173504,629.9682006835938,645,0.05
14021,1173760,565.631591796875,576,0.05
14022,1173760,603.77783203125,618,0.05
14023,1174528,608.9030151367188,620,0.05
14024,1174528,572.6598510742188,584,0.05
14025,1174528,605.7256469726562,618,0.05
14026,1174528,636.5844116210938,648,0.05
14027,1175040,646.5758666992188,657,0.05
14028,1175296,707.0551147460938,721,0.05
14029,1176320,529.0872192382812,541,0.05
14030,1176832,540.005126953125,551,0.05
14031,1177088,746.6453857421875,758,0.05
14032,1177344,668.6060791015625,681,0.05
14033,1177600,631.6195678710938,646,0.05
14034,1178624,551.8941040039062,566,0.05
14035,1178624,670.6439819335938,685,0.05
14036,1179392,695.9034423828125,712,0.05
14037,1180416,669.3279418945312,684,0.05
14038,1180928,645.0653076171875,656,0.05
14039,1181440,691.1470336914062,703,0.05
14040,1182464,552.0523071289062,567,0.05
14041,1182976,668.969970703125,680,0.05
14042,1186304,656.1138916015625,671,0.05
14043,1188864,610.040283203125,619,0.05
14044,1188864,702.72314453125,715,0.05
14045,1189888,759.6122436523438,770,0.05
14046,1190912,683.746826171875,693,0.05
14047,1191680,873.1465454101562,884,0.05
14048,1193216,915.2655029296875,929,0.05
14049,1193984,940.9402465820312,952,0.05
14050,1193984,607.7384643554688,616,0.05
14051,1194240,681.4221801757812,692,0.05
14052,1195008,744.8596801757812,760,0.05
14053,1195008,752.3310546875,766,0.05
14054,1196032,648.908935546875,660,0.05
14055,1196032,702.5245361328125,714,0.05
14056,1196288,710.6192626953125,721,0.05
14057,1196544,710.5723876953125,720,0.05
14058,1196544,680.3143310546875,691,0.05
14059,1197568,710.6078491210938,726,0.05
14060,1197824,659.8102416992188,675,0.05
14061,1198080,770.970458984375,783,0.05
14062,1198080,707.5977172851562,723,0.05
14063,1198336,794.032470703125,803,0.05
14064,1198592,649.4948120117188,660,0.05
14065,1201152,845.5689697265625,855,0.05
14066,1202176,757.355224609375,766,0.05
14067,1202432,748.5385131835938,758,0.05
14068,1203968,692.1976928710938,701,0.05
14069,1204224,638.7920532226562,647,0.05
14070,1206528,830.7584838867188,840,0.05
14071,1208064,910.1717529296875,919,0.05
14072,1209344,669.1641845703125,678,0.05
14073,1210368,701.9114990234375,711,0.05
14074,1210624,644.0450439453125,653,0.05
14075,1212416,695.5220336914062,705,0.05
14076,1213440,650.821533203125,658,0.05
14077,1213952,754.3382568359375,761,0.05
14078,1214720,719.0110473632812,726,0.05
14079,1217792,776.3391723632812,784,0.05
14080,1218304,745.42431640625,753,0.05
14081,1218816,717.721923828125,725,0.05
14082,1219072,994.453369140625,1000,0.05
14083,1219328,733.5418701171875,742,0.05
14084,1219840,716.75732421875,724,0.05
14085,1220352,795.38818359375,803,0.05
14086,1220608,781.310546875,790,0.05
14087,1221632,694.7041015625,701,0.05
14088,1222912,978.70751953125,986,0.05
14089,1223680,654.0564575195312,663,0.05
14090,1224192,665.26904296875,672,0.05
14091,1224960,722.0112915039062,728,0.05
14092,1225216,781.2879638671875,788,0.05
14093,1225728,962.6911010742188,970,0.05
14094,1226240,947.0089111328125,953,0.05
14095,1226240,629.11962890625,636,0.05
14096,1227008,516.7233276367188,522,0.05
14097,1227264,630.540771484375,636,0.05
14098,1228032,784.2496948242188,790,0.05
14099,1228288,537.7783813476562,544,0.05
14100,1228288,998.74658203125,1000,0.05
14101,1229056,675.0151977539062,681,0.05
14102,1230592,998.68408203125,1000,0.05
14103,1233664,521.3082885742188,529,0.05
14104,1235712,612.6129150390625,621,0.05
14105,1235712,668.4369506835938,675,0.05
14106,1237504,869.4671630859375,876,0.05
14107,1238016,568.3064575195312,574,0.05
14108,1238272,665.8175048828125,671,0.05
14109,1239040,678.18212890625,684,0.05
14110,1243136,798.349365234375,804,0.05
14111,1243136,772.3999633789062,779,0.05
14112,1243392,672.81884765625,679,0.05
14113,1243648,899.3030395507812,906,0.05
14114,1244672,704.0546264648438,711,0.05
14115,1244928,778.590087890625,783,0.05
14116,1247232,570.7803955078125,577,0.05
14117,1247488,554.7840576171875,560,0.05
14118,1247744,998.21142578125,1000,0.05
14119,1249536,997.34228515625,1000,0.05
14120,1249536,676.4824829101562,681,0.05
14121,1250048,702.85400390625,708,0.05
14122,1250304,619.8197631835938,625,0.05
14123,1251840,776.4691162109375,781,0.05
14124,1253120,651.906982421875,657,0.05
14125,1255424,550.1956787109375,556,0.05
14126,1256704,731.1945190429688,736,0.05
14127,1257216,981.2674560546875,986,0.05
14128,1259520,859.710205078125,865,0.05
14129,1259776,589.8145751953125,595,0.05
14130,1261824,582.622802734375,587,0.05
14131,1262336,938.0869140625,943,0.05
14132,1262336,911.3607788085938,916,0.05
14133,1262592,601.7939453125,607,0.05
14134,1266944,727.0706787109375,732,0.05
14135,1268480,591.4489135742188,596,0.05
14136,1268480,560.1890869140625,565,0.05
14137,1268736,614.6300048828125,619,0.05
14138,1270784,708.0368041992188,713,0.05
14139,1270784,608.5255737304688,613,0.05
14140,1271040,621.993896484375,626,0.05
14141,1271296,695.0570678710938,699,0.05
14142,1271552,997.9608154296875,1000,0.05
14143,1272320,741.5882568359375,746,0.05
14144,1273600,851.439697265625,856,0.05
14145,1274112,656.97998046875,661,0.05
14146,1274112,615.2957153320312,620,0.05
14147,1274112,610.7305908203125,615,0.05
14148,1277184,575.5348510742188,580,0.05
14149,1277696,999.0249633789062,1000,0.05
14150,1278208,584.0853881835938,589,0.05
14151,1278720,784.8876342773438,790,0.05
14152,1280768,802.845703125,807,0.05
14153,1281536,998.6506958007812,1000,0.05
14154,1283072,722.4669189453125,727,0.05
14155,1290240,719.7840576171875,724,0.05
14156,1290240,983.3755493164062,988,0.05
14157,1291520,712.921630859375,717,0.05
14158,1291520,689.7944946289062,694,0.05
14159,1292032,616.9943237304688,621,0.05
14160,1293056,896.6513061523438,901,0.05
14161,1293824,628.216796875,633,0.05
14162,1295104,688.3168334960938,692,0.05
14163,1295104,626.4817504882812,630,0.05
14164,1296128,573.3692016601562,577,0.05
14165,1296128,887.1202392578125,892,0.05
14166,1296128,698.3700561523438,702,0.05
14167,1296384,634.4379272460938,638,0.05
14168,1297152,579.3926391601562,584,0.05
14169,1298432,690.0479125976562,695,0.05
14170,1300736,644.3513793945312,648,0.05
14171,1302272,841.1822509765625,845,0.05
14172,1304576,726.9002075195312,731,0.05
14173,1305600,750.1635131835938,754,0.05
14174,1308416,882.7109985351562,887,0.05
14175,1313024,786.1576538085938,790,0.05
14176,1322240,736.0582885742188,740,0.05
14177,1322496,921.2059326171875,926,0.05
14178,1322752,725.8977661132812,730,0.05
14179,1323008,753.9507446289062,758,0.05
14180,1323776,815.0123291015625,819,0.05
14181,1323776,999.02392578125,1000,0.05
14182,1324288,822.7067260742188,827,0.05
14183,1325056,731.0161743164062,735,0.05
14184,1325056,646.2579956054688,650,0.05
14185,1325824,657.14892578125,661,0.05
14186,1329408,687.9531860351562,692,0.05
14187,1329664,847.056640625,851,0.05
14188,1329920,602.4313354492188,607,0.05
14189,1330176,593.6505737304688,598,0.05
14190,1330176,739.6127319335938,744,0.05
14191,1330688,678.0807495117188,682,0.05
14192,1332992,696.2391967773438,701,0.05
14193,1334016,998.9942016601562,1000,0.05
14194,1355776,999.4650268554688,1000,0.05
14195,1358080,998.4578857421875,1000,0.05
14196,1361408,998.6788330078125,1000,0.05
14197,1362688,999.073486328125,1000,0.05
14198,1363712,743.5407104492188,748,0.05
14199,1364224,906.06396484375,910,0.05
14200,1367040,998.98583984375,1000,0.05
14201,1367552,999.3939819335938,1000,0.05
14202,1367552,998.853515625,1000,0.05
14203,1369088,998.8921508789062,1000,0.05
14204,1369600,999.4112548828125,1000,0.05
14205,1369856,999.18505859375,1000,0.05
14206,1370112,998.86962890625,1000,0.05
14207,1372416,999.1277465820312,1000,0.05
14208,1373952,999.2965698242188,1000,0.05
14209,1374464,693.7156372070312,701,0.05
14210,1378048,998.41796875,1000,0.05
14211,1378304,998.8444213867188,1000,0.05
14212,1378560,998.4571533203125,1000,0.05
14213,1384704,999.309326171875,1000,0.05
14214,1385216,998.6531982421875,1000,0.05
14215,1386496,999.31787109375,1000,0.05
14216,1387008,998.044677734375,1000,0.05
14217,1387776,895.4850463867188,900,0.05
14218,1388288,998.860595703125,1000,0.05
14219,1388544,998.2378540039062,1000,0.05
14220,1389056,999.2035522460938,1000,0.05
14221,1389056,998.8490600585938,1000,0.05
14222,1390080,998.2366333007812,1000,0.05
14223,1390336,998.7827758789062,1000,0.05
14224,1390592,999.2988891601562,1000,0.05
14225,1391104,999.1561279296875,1000,0.05
14226,1394432,583.739990234375,589,0.05
14227,1394688,999.3226928710938,1000,0.05
14228,1395968,999.0223388671875,1000,0.05
14229,1395968,998.6903686523438,1000,0.05
14230,1396224,999.4160766601562,1000,0.05
14231,1397760,951.203857421875,957,0.05
14232,1401600,999.456298828125,1000,0.05
14233,1403392,999.4658813476562,1000,0.05
14234,1404416,647.070556640625,652,0.05
14235,1404928,999.22216796875,1000,0.05
14236,1406720,999.4036865234375,1000,0.05
14237,1407744,998.5626831054688,1000,0.05
14238,1408256,998.8313598632812,1000,0.05
14239,1408256,999.248291015625,1000,0.05
14240,1409024,998.5202026367188,1000,0.05
14241,1409280,998.807861328125,1000,0.05
14242,1410048,998.5203247070312,1000,0.05
14243,1410816,998.8048706054688,1000,0.05
14244,1411584,999.0828857421875,1000,0.05
14245,1411840,997.7500610351562,1000,0.05
14246,1412352,998.22607421875,1000,0.05
14247,1412608,999.2324829101562,1000,0.05
14248,1413376,796.7279052734375,802,0.05
14249,1413376,998.9490966796875,1000,0.05
14250,1413888,999.3221435546875,1000,0.05
14251,1413888,998.83251953125,1000,0.05
14252,1414912,998.804443359375,1000,0.05
14253,1415168,999.135986328125,1000,0.05
14254,1415936,998.9442749023438,1000,0.05
14255,1416192,998.7200927734375,1000,0.05
14256,1416448,998.5410766601562,1000,0.05
14257,1416704,999.024169921875,1000,0.05
14258,1417216,999.3803100585938,1000,0.05
14259,1417216,998.7783813476562,1000,0.05
14260,1418752,999.3670043945312,1000,0.05
14261,1419520,998.1748046875,1000,0.05
14262,1419776,999.3805541992188,1000,0.05
14263,1419776,999.1090087890625,1000,0.05
14264,1422848,999.3060302734375,1000,0.05
14265,1423360,999.3639526367188,1000,0.05
14266,1424128,999.1295166015625,1000,0.05
14267,1424384,889.8973388671875,896,0.05
14268,1424640,999.2622680664062,1000,0.05
14269,1424896,999.2736206054688,1000,0.05
14270,1425152,998.6099853515625,1000,0.05
14271,1425408,984.8740234375,991,0.05
14272,1425664,998.525146484375,1000,0.05
14273,1425920,999.353271484375,1000,0.05
14274,1426176,998.5023193359375,1000,0.05
14275,1426432,998.470703125,1000,0.05
14276,1426432,998.7905883789062,1000,0.05
14277,1427200,998.6878051757812,1000,0.05
14278,1427200,935.9977416992188,941,0.05
14279,1427712,999.6430053710938,1000,0.05
14280,1427968,998.6424560546875,1000,0.05
14281,1428224,999.5803833007812,1000,0.05
14282,1428224,999.3963623046875,1000,0.05
14283,1428736,619.3226928710938,626,0.05
14284,1429248,999.036376953125,1000,0.05
14285,1429504,999.35302734375,1000,0.05
14286,1429760,999.1050415039062,1000,0.05
14287,1429760,999.054931640625,1000,0.05
14288,1430528,998.5196533203125,1000,0.05
14289,1430528,998.9641723632812,1000,0.05
14290,1430528,999.2446899414062,1000,0.05
14291,1431040,998.4356689453125,1000,0.05
14292,1431296,999.24072265625,1000,0.05
14293,1432320,999.218505859375,1000,0.05
14294,1432832,999.4880981445312,1000,0.05
14295,1433344,999.1201782226562,1000,0.05
14296,1433600,999.3704833984375,1000,0.05
14297,1434624,999.2512817382812,1000,0.05
14298,1434624,998.5910034179688,1000,0.05
14299,1435392,998.9085693359375,1000,0.05
14300,1436416,999.0111694335938,1000,0.05
14301,1436928,999.0791015625,1000,0.05
14302,1436928,871.5140991210938,877,0.05
14303,1437440,999.1119384765625,1000,0.05
14304,1438464,998.3596801757812,1000,0.05
14305,1438976,996.531005859375,1000,0.05
14306,1444864,999.21630859375,1000,0.05
14307,1444864,999.3689575195312,1000,0.05
14308,1445888,999.1544189453125,1000,0.05
14309,1446912,998.819580078125,1000,0.05
14310,1447680,998.23388671875,1000,0.05
14311,1449216,999.0834350585938,1000,0.05
14312,1449984,998.75830078125,1000,0.05
14313,1449984,999.30126953125,1000,0.05
14314,1450240,999.26171875,1000,0.05
14315,1451008,987.568359375,996,0.05
14316,1452032,999.2109985351562,1000,0.05
14317,1452288,998.5164794921875,1000,0.05
14318,1452544,999.014892578125,1000,0.05
14319,1452544,998.377197265625,1000,0.05
14320,1453568,999.7584838867188,1000,0.05
14321,1453568,505.1707458496094,512,0.05
14322,1453824,999.2022094726562,1000,0.05
14323,1454080,999.2962036132812,1000,0.05
14324,1454080,998.4620971679688,1000,0.05
14325,1454336,999.29345703125,1000,0.05
14326,1454336,816.6536254882812,824,0.05
14327,1454592,998.8951416015625,1000,0.05
14328,1455616,620.1720581054688,627,0.05
14329,1457152,999.0646362304688,1000,0.05
14330,1457408,645.561767578125,653,0.05
14331,1458176,999.7114868164062,1000,0.05
14332,1458432,999.2135009765625,1000,0.05
14333,1459968,998.8460693359375,1000,0.05
14334,1460224,999.384765625,1000,0.05
14335,1462528,998.6779174804688,1000,0.05
14336,1464064,827.8407592773438,835,0.05
14337,1465344,998.536376953125,1000,0.05
14338,1466368,999.7180786132812,1000,0.05
14339,1466368,658.0511474609375,665,0.05
14340,1466624,999.1304931640625,1000,0.05
14341,1467392,729.46826171875,737,0.05
14342,1468416,765.3446044921875,772,0.05
14343,1468928,742.091796875,747,0.05
14344,1469440,999.3009033203125,1000,0.05
14345,1469952,999.2020263671875,1000,0.05
14346,1470720,999.5205078125,1000,0.05
14347,1472256,567.4449462890625,575,0.05
14348,1473024,987.73486328125,995,0.05
14349,1473792,999.226318359375,1000,0.05
14350,1474816,998.7039184570312,1000,0.05
14351,1475072,999.5549926757812,1000,0.05
14352,1475328,999.4559936523438,1000,0.05
14353,1475840,998.8319702148438,1000,0.05
14354,1476352,999.2947387695312,1000,0.05
14355,1476608,999.1637573242188,1000,0.05
14356,1476864,413.6029968261719,421,0.05
14357,1477632,999.1253662109375,1000,0.05
14358,1478912,999.0890502929688,1000,0.05
14359,1479680,999.0565795898438,1000,0.05
14360,1480192,999.2511596679688,1000,0.05
14361,1480960,999.2645263671875,1000,0.05
14362,1481216,999.319580078125,1000,0.05
14363,1481728,998.8323974609375,1000,0.05
14364,1482240,612.662841796875,619,0.05
14365,1482240,999.2855834960938,1000,0.05
14366,1482240,998.4208374023438,1000,0.05
14367,1482496,724.9595336914062,732,0.05
14368,1483008,999.2742309570312,1000,0.05
14369,1483264,999.2605590820312,1000,0.05
14370,1483264,877.612060546875,885,0.05
14371,1484032,998.9917602539062,1000,0.05
14372,1484288,999.3013305664062,1000,0.05
14373,1484288,998.9457397460938,1000,0.05
14374,1484288,595.958740234375,603,0.05
14375,1485056,999.1441650390625,1000,0.05
14376,1486592,998.9703979492188,1000,0.05
14377,1489664,998.5391845703125,1000,0.05
14378,1491200,890.5875244140625,896,0.05
14379,1491456,502.15435791015625,508,0.05
14380,1491712,999.6044921875,1000,0.05
14381,1491712,999.371337890625,1000,0.05
14382,1492736,921.6819458007812,927,0.05
14383,1494016,998.9434204101562,1000,0.05
14384,1494272,999.330322265625,1000,0.05
14385,1495040,999.5631713867188,1000,0.05
14386,1495296,663.16943359375,668,0.05
14387,1495808,859.8989868164062,866,0.05
14388,1499136,999.2931518554688,1000,0.05
14389,1499136,999.32275390625,1000,0.05
14390,1500416,446.8708190917969,452,0.05
14391,1500672,999.3675537109375,1000,0.05
14392,1500928,999.1719970703125,1000,0.05
14393,1502720,667.4351806640625,672,0.05
14394,1503232,999.1034545898438,1000,0.05
14395,1503488,999.0166015625,1000,0.05
14396,1503744,999.0214233398438,1000,0.05
14397,1504768,665.4136352539062,671,0.05
14398,1505536,999.2112426757812,1000,0.05
14399,1505536,998.528564453125,1000,0.05
14400,1505536,835.8059692382812,841,0.05
14401,1506048,999.6280517578125,1000,0.05
14402,1507328,962.1478271484375,967,0.05
14403,1507840,999.6705322265625,1000,0.05
14404,1509120,998.97900390625,1000,0.05
14405,1513216,999.1065063476562,1000,0.05
14406,1515520,999.3132934570312,1000,0.05
14407,1518336,998.9810180664062,1000,0.05
14408,1518336,999.0189208984375,1000,0.05
14409,1518592,999.1764526367188,1000,0.05
14410,1522944,998.9258422851562,1000,0.05
14411,1524480,999.4223022460938,1000,0.05
14412,1524736,999.1235961914062,1000,0.05
14413,1526784,999.0036010742188,1000,0.05
14414,1527040,999.3396606445312,1000,0.05
14415,1527040,577.3200073242188,582,0.05
14416,1527296,998.993896484375,1000,0.05
14417,1527552,998.5919189453125,1000,0.05
14418,1528064,530.4688720703125,535,0.05
14419,1528320,999.7263793945312,1000,0.05
14420,1529600,999.4426879882812,1000,0.05
14421,1530112,999.5667114257812,1000,0.05
14422,1530112,998.91259765625,1000,0.05
14423,1532160,675.6724853515625,680,0.05
14424,1533184,999.15966796875,1000,0.05
14425,1534208,999.1404418945312,1000,0.05
14426,1535232,665.5899047851562,670,0.05
14427,1536768,999.1837158203125,1000,0.05
14428,1537536,999.6328735351562,1000,0.05
14429,1537792,549.408447265625,554,0.05
14430,1539072,998.1572875976562,1000,0.05
14431,1547520,999.1183471679688,1000,0.05
14432,1547520,998.7884521484375,1000,0.05
14433,1548032,999.0123291015625,1000,0.05
14434,1549056,999.0225219726562,1000,0.05
14435,1549568,515.5180053710938,520,0.05
14436,1549824,998.61328125,1000,0.05
14437,1550848,684.62646484375,689,0.05
14438,1552128,998.3572998046875,1000,0.05
14439,1552128,999.2208862304688,1000,0.05
14440,1552384,999.7091674804688,1000,0.05
14441,1553152,998.8790893554688,1000,0.05
14442,1554432,999.2947387695312,1000,0.05
14443,1554944,511.6910095214844,516,0.05
14444,1554944,533.7193603515625,538,0.05
14445,1555712,484.4098815917969,489,0.05
14446,1556736,999.1968994140625,1000,0.05
14447,1558272,999.2306518554688,1000,0.05
14448,1558528,635.963623046875,640,0.05
14449,1560576,998.8646240234375,1000,0.05
14450,1560576,751.676025390625,756,0.05
14451,1560832,707.4474487304688,712,0.05
14452,1561600,999.4039916992188,1000,0.05
14453,1562112,921.44287109375,926,0.05
14454,1562624,582.7454223632812,587,0.05
14455,1563904,683.1575927734375,688,0.05
14456,1564416,998.5394897460938,1000,0.05
14457,1565696,523.4409790039062,528,0.05
14458,1566464,631.7320556640625,637,0.05
14459,1568256,635.4779052734375,640,0.05
14460,1569024,999.1871337890625,1000,0.05
14461,1569536,542.5369873046875,547,0.05
14462,1572352,636.7380981445312,641,0.05
14463,1574144,690.5524291992188,695,0.05
14464,1574912,721.1820678710938,726,0.05
14465,1577984,511.252197265625,516,0.05
14466,1578240,999.3895263671875,1000,0.05
14467,1578752,999.3338012695312,1000,0.05
14468,1578752,778.4497680664062,783,0.05
14469,1579008,999.0496215820312,1000,0.05
14470,1579776,998.9220581054688,1000,0.05
14471,1580288,489.3655090332031,494,0.05
14472,1581824,999.1690063476562,1000,0.05
14473,1582080,764.5833129882812,769,0.05
14474,1583616,666.5241088867188,671,0.05
14475,1583872,603.3389282226562,608,0.05
14476,1585408,998.965087890625,1000,0.05
14477,1585664,999.1394653320312,1000,0.05
14478,1585920,643.8006591796875,649,0.05
14479,1586176,998.9315185546875,1000,0.05
14480,1586176,999.185791015625,1000,0.05
14481,1588224,739.4406127929688,744,0.05
14482,1590016,999.2200927734375,1000,0.05
14483,1594112,721.4461669921875,726,0.05
14484,1594112,631.76513671875,636,0.05
14485,1594880,658.3841552734375,664,0.05
14486,1594880,643.9903564453125,649,0.05
14487,1596160,635.2486572265625,640,0.05
14488,1597696,637.2438354492188,642,0.05
14489,1598464,740.2391357421875,745,0.05
14490,1602560,685.3824462890625,690,0.05
14491,1603584,594.2880249023438,599,0.05
14492,1605120,769.7395629882812,775,0.05
14493,1606144,672.1320190429688,677,0.05
14494,1610496,706.5789794921875,712,0.05
14495,1611776,999.5302124023438,1000,0.05
14496,1612800,633.9754638671875,639,0.05
14497,1613824,794.9247436523438,800,0.05
14498,1613824,471.8050537109375,477,0.05
14499,1616896,783.9712524414062,789,0.05
14500,1618688,998.5094604492188,1000,0.05
14501,1618688,498.7961730957031,504,0.05
14502,1620224,739.1824340820312,744,0.05
14503,1620224,999.3053588867188,1000,0.05
14504,1621504,582.501953125,589,0.05
14505,1623552,999.2810668945312,1000,0.05
14506,1623552,999.3526611328125,1000,0.05
14507,1625088,602.6273193359375,608,0.05
14508,1625600,999.4037475585938,1000,0.05
14509,1625856,999.396728515625,1000,0.05
14510,1626112,999.3416137695312,1000,0.05
14511,1626880,555.5438842773438,561,0.05
14512,1628416,999.1466674804688,1000,0.05
14513,1628928,603.0042724609375,609,0.05
14514,1629952,999.3488159179688,1000,0.05
14515,1636352,599.2290649414062,607,0.05
14516,1637632,508.8388977050781,514,0.05
14517,1639168,879.9234619140625,885,0.05
14518,1642496,999.2123413085938,1000,0.05
14519,1643008,999.4075317382812,1000,0.05
14520,1644288,999.4053955078125,1000,0.05
14521,1644544,999.1918334960938,1000,0.05
14522,1645056,998.8572998046875,1000,0.05
14523,1646080,806.058349609375,811,0.05
14524,1646080,999.4852905273438,1000,0.05
14525,1646336,999.3790283203125,1000,0.05
14526,1646592,998.9562377929688,1000,0.05
14527,1649152,574.2169189453125,579,0.05
14528,1649152,858.5482788085938,864,0.05
14529,1650432,999.3980102539062,1000,0.05
14530,1650944,524.0474243164062,529,0.05
14531,1651968,999.5341796875,1000,0.05
14532,1655552,849.5021362304688,854,0.05
14533,1657600,999.3282470703125,1000,0.05
14534,1657856,858.3862915039062,863,0.05
14535,1660928,999.5465698242188,1000,0.05
14536,1664768,993.320556640625,998,0.05
14537,1665024,659.1066284179688,664,0.05
14538,1665280,979.0619506835938,984,0.05
14539,1666048,999.3898315429688,1000,0.05
14540,1666816,999.1439208984375,1000,0.05
14541,1667584,999.2794799804688,1000,0.05
14542,1668608,632.0970458984375,637,0.05
14543,1669376,813.2516479492188,818,0.05
14544,1669376,999.2714233398438,1000,0.05
14545,1669888,999.1235961914062,1000,0.05
14546,1669888,999.1212158203125,1000,0.05
14547,1671168,999.42724609375,1000,0.05
14548,1671936,999.0805053710938,1000,0.05
14549,1672192,999.3919067382812,1000,0.05
14550,1672704,999.299560546875,1000,0.05
14551,1672960,732.1029663085938,737,0.05
14552,1673216,998.7924194335938,1000,0.05
14553,1674752,999.2345581054688,1000,0.05
14554,1675520,999.3318481445312,1000,0.05
14555,1675776,999.2540283203125,1000,0.05
14556,1677312,892.447021484375,897,0.05
14557,1679360,999.51953125,1000,0.05
14558,1680128,998.7323608398438,1000,0.05
14559,1680384,999.3314819335938,1000,0.05
14560,1680640,999.315673828125,1000,0.05
14561,1681152,999.5177001953125,1000,0.05
14562,1681408,998.9451904296875,1000,0.05
14563,1681664,999.1102905273438,1000,0.05
14564,1682176,999.2024536132812,1000,0.05
14565,1682176,880.8470458984375,885,0.05
14566,1682432,999.0781860351562,1000,0.05
14567,1682432,999.4774780273438,1000,0.05
14568,1683200,999.1173095703125,1000,0.05
14569,1683200,999.6300048828125,1000,0.05
14570,1683712,999.2037963867188,1000,0.05
14571,1685248,999.25537109375,1000,0.05
14572,1685760,998.6365966796875,1000,0.05
14573,1686528,999.2550659179688,1000,0.05
14574,1687040,998.6512451171875,1000,0.05
14575,1689600,999.4035034179688,1000,0.05
14576,1690112,872.8699951171875,878,0.05
14577,1690624,998.7776489257812,1000,0.05
14578,1690624,998.734619140625,1000,0.05
14579,1691392,999.5637817382812,1000,0.05
14580,1691648,842.0914916992188,847,0.05
14581,1692416,998.8756103515625,1000,0.05
14582,1693440,999.2171630859375,1000,0.05
14583,1694976,998.795166015625,1000,0.05
14584,1696256,644.278564453125,649,0.05
14585,1700864,662.7849731445312,667,0.05
14586,1700864,999.228759765625,1000,0.05
14587,1700864,999.4859008789062,1000,0.05
14588,1701632,678.804931640625,683,0.05
14589,1702912,999.0615844726562,1000,0.05
14590,1705984,999.4754638671875,1000,0.05
14591,1705984,999.2405395507812,1000,0.05
14592,1707008,999.12939453125,1000,0.05
14593,1708032,999.092529296875,1000,0.05
14594,1708288,998.9713745117188,1000,0.05
14595,1708544,999.1372680664062,1000,0.05
14596,1708544,999.5018920898438,1000,0.05
14597,1709568,999.2161865234375,1000,0.05
14598,1709568,998.8523559570312,1000,0.05
14599,1710080,999.3729248046875,1000,0.05
14600,1710080,999.0198974609375,1000,0.05
14601,1710336,998.9744262695312,1000,0.05
14602,1710336,999.3236694335938,1000,0.05
14603,1710592,999.0195922851562,1000,0.05
14604,1712640,904.7666625976562,910,0.05
14605,1713152,999.0684204101562,1000,0.05
14606,1713408,999.224853515625,1000,0.05
14607,1714176,999.3018798828125,1000,0.05
14608,1714432,999.0316772460938,1000,0.05
14609,1716224,999.3783569335938,1000,0.05
14610,1718528,999.5694580078125,1000,0.05
14611,1719808,597.0514526367188,602,0.05
14612,1719808,822.71484375,828,0.05
14613,1720064,999.2454223632812,1000,0.05
14614,1722368,999.3984985351562,1000,0.05
14615,1722368,998.9869384765625,1000,0.05
14616,1722624,999.3554077148438,1000,0.05
14617,1722624,528.3179321289062,533,0.05
14618,1723392,998.8361206054688,1000,0.05
14619,1724416,999.142333984375,1000,0.05
14620,1724928,999.4835815429688,1000,0.05
14621,1725952,856.2439575195312,861,0.05
14622,1725952,999.2745361328125,1000,0.05
14623,1728256,999.3414916992188,1000,0.05
14624,1729792,999.3717041015625,1000,0.05
14625,1731072,999.2691040039062,1000,0.05
14626,1731328,999.2433471679688,1000,0.05
14627,1731840,998.9564819335938,1000,0.05
14628,1732352,708.0729370117188,713,0.05
14629,1732352,999.471923828125,1000,0.05
14630,1732608,999.4778442382812,1000,0.05
14631,1732864,799.3491821289062,804,0.05
14632,1732864,999.3757934570312,1000,0.05
14633,1733632,999.3081665039062,1000,0.05
14634,1733888,639.205078125,644,0.05
14635,1734656,576.087890625,581,0.05
14636,1734912,999.3235473632812,1000,0.05
14637,1735168,761.5379028320312,766,0.05
14638,1735424,943.6585693359375,948,0.05
14639,1736192,998.9869995117188,1000,0.05
14640,1737216,999.4259643554688,1000,0.05
14641,1737728,998.923828125,1000,0.05
14642,1738240,999.2259521484375,1000,0.05
14643,1738240,999.284912109375,1000,0.05
14644,1738240,999.3090209960938,1000,0.05
14645,1738496,998.9534912109375,1000,0.05
14646,1739008,999.185791015625,1000,0.05
14647,1739264,999.3462524414062,1000,0.05
14648,1740032,999.1358642578125,1000,0.05
14649,1740288,999.042724609375,1000,0.05
14650,1740288,999.2000732421875,1000,0.05
14651,1741056,999.1007690429688,1000,0.05
14652,1742592,999.289794921875,1000,0.05
14653,1743104,723.6787109375,728,0.05
14654,1746432,513.4917602539062,518,0.05
14655,1747200,999.0035400390625,1000,0.05
14656,1747456,999.4375,1000,0.05
14657,1747712,998.9253540039062,1000,0.05
14658,1750016,601.264892578125,606,0.05
14659,1750016,999.458251953125,1000,0.05
14660,1750272,999.1766967773438,1000,0.05
14661,1751296,999.2469482421875,1000,0.05
14662,1751296,762.8272094726562,767,0.05
14663,1751808,998.6465454101562,1000,0.05
14664,1755136,999.0479736328125,1000,0.05
14665,1755136,998.7216796875,1000,0.05
14666,1756416,999.1450805664062,1000,0.05
14667,1756672,999.468505859375,1000,0.05
14668,1758720,999.2337036132812,1000,0.05
14669,1759232,999.2623901367188,1000,0.05
14670,1759488,998.8607177734375,1000,0.05
14671,1759744,999.0250854492188,1000,0.05
14672,1760768,999.3213500976562,1000,0.05
14673,1761536,999.4685668945312,1000,0.05
14674,1763328,999.0841674804688,1000,0.05
14675,1763328,816.568603515625,821,0.05
14676,1765120,999.1505737304688,1000,0.05
14677,1767424,712.063720703125,717,0.05
14678,1769216,999.264892578125,1000,0.05
14679,1772800,660.8096923828125,665,0.05
14680,1774336,998.9392700195312,1000,0.05
14681,1774336,998.9390258789062,1000,0.05
14682,1774592,999.3928833007812,1000,0.05
14683,1776640,786.8704833984375,791,0.05
14684,1778944,999.4217529296875,1000,0.05
14685,1780480,999.2965698242188,1000,0.05
14686,1780480,903.5888061523438,908,0.05
14687,1780480,620.7992553710938,626,0.05
14688,1780736,999.0210571289062,1000,0.05
14689,1781248,726.6444702148438,731,0.05
14690,1781248,649.6080322265625,654,0.05
14691,1781504,479.3873291015625,484,0.05
14692,1783040,998.9408569335938,1000,0.05
14693,1783296,998.8800659179688,1000,0.05
14694,1783552,999.0208740234375,1000,0.05
14695,1784064,999.3204956054688,1000,0.05
14696,1784320,999.2958984375,1000,0.05
14697,1785088,521.90087890625,526,0.05
14698,1785600,999.3328857421875,1000,0.05
14699,1788160,999.3147583007812,1000,0.05
14700,1789184,999.4321899414062,1000,0.05
14701,1790208,999.5558471679688,1000,0.05
14702,1791232,999.5074462890625,1000,0.05
14703,1792512,674.4127197265625,679,0.05
14704,1792768,999.4005737304688,1000,0.05
14705,1793536,999.2763671875,1000,0.05
14706,1793792,999.311279296875,1000,0.05
14707,1798400,678.8280639648438,683,0.05
14708,1803520,999.3938598632812,1000,0.05
14709,1803520,999.2723999023438,1000,0.05
14710,1804544,780.8356323242188,785,0.05
14711,1805056,999.2005615234375,1000,0.05
14712,1805568,999.000732421875,1000,0.05
14713,1806336,947.7457275390625,952,0.05
14714,1806848,999.03955078125,1000,0.05
14715,1808128,999.3379516601562,1000,0.05
14716,1808128,999.0834350585938,1000,0.05
14717,1808384,999.4070434570312,1000,0.05
14718,1809920,663.0481567382812,667,0.05
14719,1810432,999.2803344726562,1000,0.05
14720,1810688,580.4688720703125,585,0.05
14721,1810944,998.5516967773438,1000,0.05
14722,1811712,999.2819213867188,1000,0.05
14723,1814272,999.2376098632812,1000,0.05
14724,1814528,998.964111328125,1000,0.05
14725,1814784,652.611328125,657,0.05
14726,1816576,999.3154296875,1000,0.05
14727,1816576,999.1614990234375,1000,0.05
14728,1816832,999.3661499023438,1000,0.05
14729,1817600,998.8914794921875,1000,0.05
14730,1818112,998.7864990234375,1000,0.05
14731,1819904,999.397705078125,1000,0.05
14732,1820416,999.1106567382812,1000,0.05
14733,1822464,698.6128540039062,703,0.05
14734,1822464,999.1932983398438,1000,0.05
14735,1824256,998.73681640625,1000,0.05
14736,1825536,999.4253540039062,1000,0.05
14737,1828096,633.7679443359375,638,0.05
14738,1828352,998.7224731445312,1000,0.05
14739,1830912,873.7156982421875,878,0.05
14740,1830912,999.352294921875,1000,0.05
14741,1833984,796.7513427734375,801,0.05
14742,1833984,999.377197265625,1000,0.05
14743,1834240,999.1530151367188,1000,0.05
14744,1834752,999.08984375,1000,0.05
14745,1834752,998.978759765625,1000,0.05
14746,1835008,999.00634765625,1000,0.05
14747,1835264,556.527099609375,561,0.05
14748,1835264,873.1744995117188,878,0.05
14749,1835776,999.2637329101562,1000,0.05
14750,1836288,998.8181762695312,1000,0.05
14751,1837056,927.9646606445312,932,0.05
14752,1837824,999.0888061523438,1000,0.05
14753,1838080,999.4375,1000,0.05
14754,1839616,998.9071655273438,1000,0.05
14755,1841408,758.5211791992188,763,0.05
14756,1841408,999.3838500976562,1000,0.05
14757,1841664,998.8798217773438,1000,0.05
14758,1842176,998.8071899414062,1000,0.05
14759,1844224,427.4605712890625,432,0.05
14760,1844224,999.2498168945312,1000,0.05
14761,1846016,999.3283081054688,1000,0.05
14762,1846528,637.9462280273438,642,0.05
14763,1846528,631.1849975585938,636,0.05
14764,1846784,529.5860595703125,534,0.05
14765,1850112,998.9967651367188,1000,0.05
14766,1850880,999.2687377929688,1000,0.05
14767,1852160,999.0447387695312,1000,0.05
14768,1852416,807.2299194335938,812,0.05
14769,1852928,666.7037963867188,671,0.05
14770,1853696,999.2291870117188,1000,0.05
14771,1854208,922.2726440429688,927,0.05
14772,1855232,570.4356689453125,575,0.05
14773,1856512,557.5431518554688,562,0.05
14774,1857280,557.7249755859375,562,0.05
14775,1858816,688.387451171875,693,0.05
14776,1859840,672.6907348632812,677,0.05
14777,1861120,999.4564208984375,1000,0.05
14778,1865728,592.0497436523438,596,0.05
14779,1865728,579.2652587890625,584,0.05
14780,1867776,999.0692749023438,1000,0.05
14781,1868800,999.1532592773438,1000,0.05
14782,1871616,958.663818359375,963,0.05
14783,1872384,975.8453369140625,980,0.05
14784,1874688,999.11376953125,1000,0.05
14785,1876224,999.2869262695312,1000,0.05
14786,1878016,533.8699951171875,538,0.05
14787,1879552,999.27099609375,1000,0.05
14788,1879808,561.571044921875,566,0.05
14789,1881600,999.1336669921875,1000,0.05
14790,1881856,998.953857421875,1000,0.05
14791,1882112,999.162109375,1000,0.05
14792,1882880,999.002197265625,1000,0.05
14793,1884416,999.1928100585938,1000,0.05
14794,1885952,999.12890625,1000,0.05
14795,1890048,774.0945434570312,779,0.05
14796,1891328,952.342529296875,957,0.05
14797,1891584,853.7036743164062,858,0.05
14798,1892352,999.20458984375,1000,0.05
14799,1892608,713.8193359375,719,0.05
14800,1893632,998.776611328125,1000,0.05
14801,1895680,732.2846069335938,737,0.05
14802,1896448,674.9296875,679,0.05
14803,1896960,877.5353393554688,882,0.05
14804,1897216,762.129638671875,767,0.05
14805,1899008,999.3370361328125,1000,0.05
14806,1900288,998.8609008789062,1000,0.05
14807,1901056,999.0208740234375,1000,0.05
14808,1901824,910.7935180664062,915,0.05
14809,1902080,999.4625854492188,1000,0.05
14810,1904384,929.48828125,934,0.05
14811,1905152,998.8575439453125,1000,0.05
14812,1905152,998.9496459960938,1000,0.05
14813,1905920,974.0263671875,978,0.05
14814,1906432,397.56243896484375,402,0.05
14815,1906944,998.8624877929688,1000,0.05
14816,1907712,679.0725708007812,683,0.05
14817,1907968,998.5808715820312,1000,0.05
14818,1911296,671.018798828125,675,0.05
14819,1913344,906.6612548828125,911,0.05
14820,1913856,999.071533203125,1000,0.05
14821,1917184,772.0191040039062,776,0.05
14822,1920768,523.7821655273438,528,0.05
14823,1921024,998.8402099609375,1000,0.05
14824,1921280,915.8555297851562,920,0.05
14825,1922048,998.69091796875,1000,0.05
14826,1922304,940.0548706054688,944,0.05
14827,1922816,998.9996948242188,1000,0.05
14828,1923072,937.1870727539062,941,0.05
14829,1923328,990.7819213867188,995,0.05
14830,1925376,998.9826049804688,1000,0.05
14831,1925376,999.503662109375,1000,0.05
14832,1925888,998.4400634765625,1000,0.05
14833,1925888,999.4349365234375,1000,0.05
14834,1928192,998.9437866210938,1000,0.05
14835,1928704,998.880615234375,1000,0.05
14836,1928960,999.4032592773438,1000,0.05
14837,1929216,999.117431640625,1000,0.05
14838,1930752,999.1357421875,1000,0.05
14839,1931520,999.1437377929688,1000,0.05
14840,1931776,998.9673461914062,1000,0.05
14841,1933312,998.8211059570312,1000,0.05
14842,1934336,764.2789916992188,768,0.05
14843,1934848,768.1296997070312,772,0.05
14844,1935360,998.8695068359375,1000,0.05
14845,1936384,999.0847778320312,1000,0.05
14846,1937664,998.8580322265625,1000,0.05
14847,1938432,999.4459838867188,1000,0.05
14848,1938432,998.4334106445312,1000,0.05
14849,1939200,999.178955078125,1000,0.05
14850,1939200,999.1995849609375,1000,0.05
14851,1941248,998.7860717773438,1000,0.05
14852,1942272,840.741943359375,845,0.05
14853,1943040,998.5528564453125,1000,0.05
14854,1944832,705.4376831054688,709,0.05
14855,1944832,861.1263427734375,865,0.05
14856,1945600,999.4277954101562,1000,0.05
14857,1946112,999.4524536132812,1000,0.05
14858,1946624,999.1209716796875,1000,0.05
14859,1946880,872.2244873046875,876,0.05
14860,1947392,998.5567626953125,1000,0.05
14861,1948416,999.3867797851562,1000,0.05
14862,1948416,737.0487060546875,741,0.05
14863,1949440,998.7147216796875,1000,0.05
14864,1950976,998.7039794921875,1000,0.05
14865,1951488,741.3864135742188,745,0.05
14866,1952256,998.9075317382812,1000,0.05
14867,1954304,951.783203125,956,0.05
14868,1956352,669.5288696289062,673,0.05
14869,1956352,593.375732421875,597,0.05
14870,1956864,998.869873046875,1000,0.05
14871,1956864,998.7230834960938,1000,0.05
14872,1957376,852.0306396484375,856,0.05
14873,1957632,998.8408203125,1000,0.05
14874,1958400,648.9525146484375,653,0.05
14875,1958912,998.94775390625,1000,0.05
14876,1959936,601.1830444335938,605,0.05
14877,1961984,998.5484008789062,1000,0.05
14878,1961984,999.131591796875,1000,0.05
14879,1962240,852.393798828125,856,0.05
14880,1963264,472.11102294921875,476,0.05
14881,1964288,999.4386596679688,1000,0.05
14882,1964544,999.1030883789062,1000,0.05
14883,1965568,999.44482421875,1000,0.05
14884,1966080,499.7633361816406,504,0.05
14885,1966080,998.830078125,1000,0.05
14886,1966336,998.7570190429688,1000,0.05
14887,1966336,998.762451171875,1000,0.05
14888,1966592,998.88818359375,1000,0.05
14889,1970176,998.995849609375,1000,0.05
14890,1970432,999.198974609375,1000,0.05
14891,1975808,999.0813598632812,1000,0.05
14892,1975808,999.3009033203125,1000,0.05
14893,1976064,999.1406860351562,1000,0.05
14894,1976320,552.1994018554688,556,0.05
14895,1977344,547.009521484375,551,0.05
14896,1978112,582.2993774414062,586,0.05
14897,1978368,998.9385986328125,1000,0.05
14898,1978368,998.9578247070312,1000,0.05
14899,1980160,903.939697265625,908,0.05
14900,1980416,998.6822509765625,1000,0.05
14901,1980928,998.9312133789062,1000,0.05
14902,1981952,998.9242553710938,1000,0.05
14903,1984256,999.3300170898438,1000,0.05
14904,1984256,532.7720947265625,537,0.05
14905,1985792,998.904541015625,1000,0.05
14906,1987072,998.847412109375,1000,0.05
14907,1987328,999.3543090820312,1000,0.05
14908,1987840,998.81201171875,1000,0.05
14909,1988096,837.3848266601562,841,0.05
14910,1988352,999.5525512695312,1000,0.05
14911,1988352,999.4674072265625,1000,0.05
14912,1988608,996.189208984375,1000,0.05
14913,1988864,999.1580200195312,1000,0.05
14914,1989888,998.5847778320312,1000,0.05
14915,1990656,999.3010864257812,1000,0.05
14916,1991168,998.7855834960938,1000,0.05
14917,1991424,820.3329467773438,824,0.05
14918,1991424,999.0108032226562,1000,0.05
14919,1992192,999.43212890625,1000,0.05
14920,1992704,612.3202514648438,616,0.05
14921,1993728,528.7928466796875,533,0.05
14922,1994240,998.68017578125,1000,0.05
14923,1994240,998.9197998046875,1000,0.05
14924,1995008,999.0932006835938,1000,0.05
14925,1995264,998.8717041015625,1000,0.05
14926,1996032,998.8897094726562,1000,0.05
14927,1996288,998.80126953125,1000,0.05
14928,1997056,999.4418334960938,1000,0.05
14929,1998592,998.8997802734375,1000,0.05
14930,2002432,998.7714233398438,1000,0.05
14931,2003200,999.0474243164062,1000,0.05
14932,2003456,998.8441772460938,1000,0.05
14933,2006016,998.7184448242188,1000,0.05
14934,2006016,999.0473022460938,1000,0.05
14935,2006272,998.655029296875,1000,0.05
14936,2007296,999.1069946289062,1000,0.05
14937,2007296,999.030517578125,1000,0.05
14938,2007808,998.8783569335938,1000,0.05
14939,2010112,752.2516479492188,756,0.05
14940,2011136,999.1475219726562,1000,0.05
14941,2011136,999.0239868164062,1000,0.05
14942,2012416,998.919677734375,1000,0.05
14943,2012672,998.9114379882812,1000,0.05
14944,2015232,998.9927978515625,1000,0.05
14945,2015488,742.5194702148438,747,0.05
14946,2015488,998.787109375,1000,0.05
14947,2015744,999.0277709960938,1000,0.05
14948,2017280,818.219482421875,822,0.05
14949,2017536,999.5814208984375,1000,0.05
14950,2017792,938.1542358398438,942,0.05
14951,2018560,654.2803344726562,658,0.05
14952,2019072,731.4197998046875,735,0.05
14953,2019328,998.7718505859375,1000,0.05
14954,2019584,718.2764892578125,722,0.05
14955,2019840,598.354736328125,602,0.05
14956,2020864,737.897705078125,742,0.05
14957,2021120,998.83740234375,1000,0.05
14958,2023424,998.361328125,1000,0.05
14959,2025216,999.0158081054688,1000,0.05
14960,2026496,743.3783569335938,747,0.05
14961,2027776,909.55859375,914,0.05
14962,2029824,755.9895629882812,760,0.05
14963,2030336,998.8221435546875,1000,0.05
14964,2030336,999.3084106445312,1000,0.05
14965,2030592,998.9014282226562,1000,0.05
14966,2034944,999.114990234375,1000,0.05
14967,2036480,999.1826171875,1000,0.05
14968,2036480,999.0105590820312,1000,0.05
14969,2036736,999.0310668945312,1000,0.05
14970,2037248,999.4064331054688,1000,0.05
14971,2037248,999.1840209960938,1000,0.05
14972,2037504,999.1275634765625,1000,0.05
14973,2039040,999.142822265625,1000,0.05
14974,2039040,568.9625244140625,573,0.05
14975,2039296,999.0501708984375,1000,0.05
14976,2039552,998.7845458984375,1000,0.05
14977,2040064,695.3043212890625,699,0.05
14978,2040320,999.540283203125,1000,0.05
14979,2041088,998.7351684570312,1000,0.05
14980,2044160,998.5899047851562,1000,0.05
14981,2044416,459.04278564453125,463,0.05
14982,2045184,999.1507568359375,1000,0.05
14983,2046208,998.9035034179688,1000,0.05
14984,2048512,998.8115234375,1000,0.05
14985,2048768,998.8792114257812,1000,0.05
14986,2049536,925.1827392578125,929,0.05
14987,2049536,998.6650390625,1000,0.05
14988,2050048,940.7117309570312,945,0.05
14989,2052096,826.0361938476562,830,0.05
14990,2052608,584.7031860351562,589,0.05
14991,2054400,998.7037963867188,1000,0.05
14992,2059776,481.49871826171875,486,0.05
14993,2060544,998.5843505859375,1000,0.05
14994,2061568,999.0286865234375,1000,0.05
14995,2062336,999.5987548828125,1000,0.05
14996,2064128,998.8197021484375,1000,0.05
14997,2064384,998.5158081054688,1000,0.05
14998,2065920,999.13525390625,1000,0.05
14999,2066432,998.844482421875,1000,0.05
15000,2066688,999.492431640625,1000,0.05
15001,2066944,999.3599853515625,1000,0.05
15002,2067456,474.8477478027344,479,0.05
15003,2070272,998.8038940429688,1000,0.05
15004,2070528,999.3056640625,1000,0.05
15005,2070784,998.4814453125,1000,0.05
15006,2072576,998.6459350585938,1000,0.05
15007,2072832,998.7857055664062,1000,0.05
15008,2073600,999.5938110351562,1000,0.05
15009,2074112,999.0592651367188,1000,0.05
15010,2075904,999.0587768554688,1000,0.05
15011,2076416,998.9090576171875,1000,0.05
15012,2078464,998.6990966796875,1000,0.05
15013,2078464,998.8665161132812,1000,0.05
15014,2081536,998.7467651367188,1000,0.05
15015,2084352,999.0509643554688,1000,0.05
15016,2085376,570.1500854492188,574,0.05
15017,2089984,998.8399047851562,1000,0.05
15018,2090240,999.4847412109375,1000,0.05
15019,2090752,999.0578002929688,1000,0.05
15020,2091776,999.183349609375,1000,0.05
15021,2092032,932.1253662109375,936,0.05
15022,2093824,998.9180297851562,1000,0.05
15023,2094080,998.8541870117188,1000,0.05
15024,2095616,454.17669677734375,458,0.05
15025,2097152,791.3051147460938,795,0.05
15026,2097408,998.7174072265625,1000,0.05
15027,2097664,998.7942504882812,1000,0.05
15028,2098176,999.4925537109375,1000,0.05
15029,2098432,893.2374267578125,897,0.05
15030,2100224,999.1419067382812,1000,0.05
15031,2100224,999.608642578125,1000,0.05
15032,2101760,564.3008422851562,568,0.05
15033,2102016,998.9323120117188,1000,0.05
15034,2102528,998.9957885742188,1000,0.05
15035,2102528,998.7102661132812,1000,0.05
15036,2105344,650.8988647460938,655,0.05
15037,2105344,717.4868774414062,721,0.05
15038,2106624,673.0155639648438,677,0.05
15039,2106880,999.0211181640625,1000,0.05
15040,2108160,998.9122314453125,1000,0.05
15041,2108416,567.8717041015625,572,0.05
15042,2108928,999.002197265625,1000,0.05
15043,2109696,999.4159545898438,1000,0.05
15044,2110208,998.940185546875,1000,0.05
15045,2111232,881.8787231445312,886,0.05
15046,2111232,998.6115112304688,1000,0.05
15047,2111744,710.5465087890625,714,0.05
15048,2112512,998.6273803710938,1000,0.05
15049,2114816,998.9927978515625,1000,0.05
15050,2115840,999.1431884765625,1000,0.05
15051,2116352,422.0606994628906,426,0.05
15052,2116608,488.0699157714844,492,0.05
15053,2121728,999.1513061523438,1000,0.05
15054,2123776,999.1550903320312,1000,0.05
15055,2127616,999.0286865234375,1000,0.05
15056,2128384,592.1668090820312,596,0.05
15057,2128384,998.9671630859375,1000,0.05
15058,2130688,999.4406127929688,1000,0.05
15059,2132224,998.829833984375,1000,0.05
15060,2133248,610.3948974609375,614,0.05
15061,2134016,998.9923706054688,1000,0.05
15062,2134016,490.92926025390625,495,0.05
15063,2135552,998.717041015625,1000,0.05
15064,2135808,999.6976928710938,1000,0.05
15065,2137600,999.4732666015625,1000,0.05
15066,2137856,999.4757080078125,1000,0.05
15067,2137856,557.1577758789062,561,0.05
15068,2138112,998.6959228515625,1000,0.05
15069,2138880,998.5426025390625,1000,0.05
15070,2141184,837.154052734375,841,0.05
15071,2141952,998.9454956054688,1000,0.05
15072,2144512,884.2649536132812,888,0.05
15073,2145280,695.3877563476562,699,0.05
15074,2146048,998.9305419921875,1000,0.05
15075,2147328,998.5045166015625,1000,0.05
15076,2147584,999.0614624023438,1000,0.05
15077,2148608,998.5711059570312,1000,0.05
15078,2151680,999.5245361328125,1000,0.05
15079,2152448,998.468505859375,1000,0.05
15080,2152960,999.0020751953125,1000,0.05
15081,2153216,999.1800537109375,1000,0.05
15082,2154752,837.731689453125,842,0.05
15083,2155008,998.1953125,1000,0.05
15084,2155520,769.28955078125,773,0.05
15085,2156288,999.1368408203125,1000,0.05
15086,2156288,944.7572021484375,949,0.05
15087,2157056,998.6338500976562,1000,0.05
15088,2158080,998.7185668945312,1000,0.05
15089,2160384,999.5747680664062,1000,0.05
15090,2161152,998.8201293945312,1000,0.05
15091,2161152,998.8450317382812,1000,0.05
15092,2161920,999.5546875,1000,0.05
15093,2162432,998.4373779296875,1000,0.05
15094,2162944,998.931396484375,1000,0.05
15095,2163712,999.2814331054688,1000,0.05
15096,2163968,999.001953125,1000,0.05
15097,2164992,690.2564086914062,694,0.05
15098,2166528,739.3568725585938,743,0.05
15099,2167296,998.6703491210938,1000,0.05
15100,2169856,999.074462890625,1000,0.05
15101,2173696,861.3468627929688,865,0.05
15102,2175232,818.8985595703125,823,0.05
15103,2175488,638.4348754882812,642,0.05
15104,2177024,999.3775024414062,1000,0.05
15105,2177280,998.3773193359375,1000,0.05
15106,2178048,999.1328735351562,1000,0.05
15107,2178304,999.5628662109375,1000,0.05
15108,2178560,432.93408203125,437,0.05
15109,2178816,998.9165649414062,1000,0.05
15110,2179072,999.068115234375,1000,0.05
15111,2179328,998.7891845703125,1000,0.05
15112,2180864,910.3767700195312,914,0.05
15113,2181376,998.6182250976562,1000,0.05
15114,2181376,998.9365844726562,1000,0.05
15115,2182400,840.6395263671875,845,0.05
15116,2183168,699.456787109375,703,0.05
15117,2183424,576.4120483398438,580,0.05
15118,2183680,568.20654296875,572,0.05
15119,2184192,999.7361450195312,1000,0.05
15120,2184704,999.6620483398438,1000,0.05
15121,2185216,998.9973754882812,1000,0.05
15122,2186752,999.5465698242188,1000,0.05
15123,2187520,998.7525024414062,1000,0.05
15124,2187776,998.7469482421875,1000,0.05
15125,2190336,998.9639892578125,1000,0.05
15126,2190848,803.3062744140625,807,0.05
15127,2190848,999.0863647460938,1000,0.05
15128,2192384,998.8980712890625,1000,0.05
15129,2194432,998.9557495117188,1000,0.05
15130,2195200,999.403076171875,1000,0.05
15131,2196480,797.4152221679688,801,0.05
15132,2197248,998.9319458007812,1000,0.05
15133,2198016,816.1131591796875,820,0.05
15134,2198272,998.4664916992188,1000,0.05
15135,2198528,673.3424072265625,677,0.05
15136,2199040,998.834228515625,1000,0.05
15137,2200832,998.73486328125,1000,0.05
15138,2201600,999.0263061523438,1000,0.05
15139,2202112,998.7518920898438,1000,0.05
15140,2202624,998.7813110351562,1000,0.05
15141,2203392,885.293701171875,889,0.05
15142,2203392,999.746826171875,1000,0.05
15143,2204416,998.7122192382812,1000,0.05
15144,2204416,999.0419311523438,1000,0.05
15145,2205440,998.35302734375,1000,0.05
15146,2206976,998.5592651367188,1000,0.05
15147,2207488,998.4326782226562,1000,0.05
15148,2208768,548.168212890625,552,0.05
15149,2208768,752.1618041992188,756,0.05
15150,2210304,999.379150390625,1000,0.05
15151,2210560,889.2609252929688,893,0.05
15152,2212352,999.3895874023438,1000,0.05
15153,2212864,998.8697509765625,1000,0.05
15154,2212864,998.6710815429688,1000,0.05
15155,2213376,998.9898681640625,1000,0.05
15156,2214400,998.9776611328125,1000,0.05
15157,2214912,998.9139404296875,1000,0.05
15158,2215936,979.2689208984375,983,0.05
15159,2215936,998.4720458984375,1000,0.05
15160,2217984,998.3299560546875,1000,0.05
15161,2218240,998.9534912109375,1000,0.05
15162,2219264,998.1948852539062,1000,0.05
15163,2219520,698.7297973632812,703,0.05
15164,2219776,782.3555297851562,786,0.05
15165,2221568,998.2072143554688,1000,0.05
15166,2222080,998.5866088867188,1000,0.05
15167,2222336,999.025634765625,1000,0.05
15168,2222592,998.40380859375,1000,0.05
15169,2224896,556.1803588867188,560,0.05
15170,2226176,998.6968383789062,1000,0.05
15171,2226432,999.4443359375,1000,0.05
15172,2228480,644.8489379882812,649,0.05
15173,2229504,937.0225219726562,941,0.05
15174,2233344,998.6559448242188,1000,0.05
15175,2234112,998.7591552734375,1000,0.05
15176,2234368,998.3394775390625,1000,0.05
15177,2234880,617.0952758789062,621,0.05
15178,2236160,998.7333984375,1000,0.05
15179,2236416,998.1989135742188,1000,0.05
15180,2236928,998.6118774414062,1000,0.05
15181,2238976,783.4970703125,787,0.05
15182,2240256,998.3930053710938,1000,0.05
15183,2241792,539.8843994140625,544,0.05
15184,2241792,998.8104858398438,1000,0.05
15185,2243072,999.2080688476562,1000,0.05
15186,2243840,997.9267578125,1000,0.05
15187,2244352,999.154541015625,1000,0.05
15188,2244352,997.2415771484375,1000,0.05
15189,2244864,999.0933227539062,1000,0.05
15190,2245120,528.39208984375,532,0.05
15191,2245632,531.8900146484375,536,0.05
15192,2245632,877.6378173828125,882,0.05
15193,2245888,998.2854614257812,1000,0.05
15194,2246400,806.4203491210938,810,0.05
15195,2247168,998.4356689453125,1000,0.05
15196,2247424,998.1305541992188,1000,0.05
15197,2248192,998.6290283203125,1000,0.05
15198,2248704,998.386962890625,1000,0.05
15199,2249728,998.7626342773438,1000,0.05
15200,2250240,999.2739868164062,1000,0.05
15201,2251008,998.783203125,1000,0.05
15202,2251264,998.6333618164062,1000,0.05
15203,2252032,998.5164184570312,1000,0.05
15204,2252032,706.5452270507812,710,0.05
15205,2252288,998.4948120117188,1000,0.05
15206,2253056,998.3192749023438,1000,0.05
15207,2254592,999.196044921875,1000,0.05
15208,2256640,567.6821899414062,572,0.05
15209,2258432,998.2123413085938,1000,0.05
15210,2259456,999.3809814453125,1000,0.05
15211,2259712,643.1771850585938,647,0.05
15212,2260224,944.4609375,948,0.05
15213,2260736,504.0318603515625,508,0.05
15214,2262016,997.9924926757812,1000,0.05
15215,2262016,997.9767456054688,1000,0.05
15216,2262272,998.6710205078125,1000,0.05
15217,2263040,575.1131591796875,579,0.05
15218,2263808,999.4437866210938,1000,0.05
15219,2265600,840.5036010742188,844,0.05
15220,2266112,998.1107177734375,1000,0.05
15221,2267136,997.8992919921875,1000,0.05
15222,2268416,998.6576538085938,1000,0.05
15223,2268672,999.16455078125,1000,0.05
15224,2271488,998.68798828125,1000,0.05
15225,2271488,997.9100341796875,1000,0.05
15226,2271744,997.6983642578125,1000,0.05
15227,2272000,865.3679809570312,869,0.05
15228,2273280,999.4898681640625,1000,0.05
15229,2273792,998.02294921875,1000,0.05
15230,2275072,997.6483764648438,1000,0.05
15231,2275328,998.2877807617188,1000,0.05
15232,2275584,998.2596435546875,1000,0.05
15233,2275840,719.1161499023438,723,0.05
15234,2276864,998.9536743164062,1000,0.05
15235,2277120,997.932373046875,1000,0.05
15236,2279424,997.8567504882812,1000,0.05
15237,2282496,998.9857788085938,1000,0.05
15238,2283776,999.3892822265625,1000,0.05
15239,2284544,848.5026245117188,852,0.05
15240,2285824,999.0169067382812,1000,0.05
15241,2286336,998.8627319335938,1000,0.05
15242,2286336,998.7880859375,1000,0.05
15243,2286592,999.3106079101562,1000,0.05
15244,2291200,697.3544921875,701,0.05
15245,2292480,999.1035766601562,1000,0.05
15246,2292480,998.355712890625,1000,0.05
15247,2292736,998.1731567382812,1000,0.05
15248,2293248,999.5767211914062,1000,0.05
15249,2295040,996.6738891601562,1000,0.05
15250,2295296,997.3715209960938,1000,0.05
15251,2296064,997.0665893554688,1000,0.05
15252,2296320,998.1849365234375,1000,0.05
15253,2297088,998.0183715820312,1000,0.05
15254,2297600,461.08740234375,465,0.05
15255,2300160,998.8125,1000,0.05
15256,2300416,998.4027709960938,1000,0.05
15257,2301184,922.4767456054688,926,0.05
15258,2301184,998.6520385742188,1000,0.05
15259,2301440,978.4404907226562,982,0.05
15260,2302208,999.5471801757812,1000,0.05
15261,2303488,627.3228149414062,631,0.05
15262,2304256,756.529541015625,760,0.05
15263,2304512,997.1723022460938,1000,0.05
15264,2304768,997.5880126953125,1000,0.05
15265,2304768,487.1993103027344,491,0.05
15266,2306816,657.394287109375,661,0.05
15267,2308096,996.8349609375,1000,0.05
15268,2308608,997.3200073242188,1000,0.05
15269,2310400,999.4375610351562,1000,0.05
15270,2311680,643.3422241210938,647,0.05
15271,2314752,724.4075927734375,728,0.05
15272,2315776,996.72265625,1000,0.05
15273,2316032,566.8547973632812,571,0.05
15274,2316544,996.3690795898438,1000,0.05
15275,2317568,601.9427490234375,606,0.05
15276,2317568,997.886474609375,1000,0.05
15277,2318336,554.1822509765625,558,0.05
15278,2320384,999.2915649414062,1000,0.05
15279,2321920,996.8118896484375,1000,0.05
15280,2322176,690.2994995117188,694,0.05
15281,2322944,999.4801025390625,1000,0.05
15282,2323712,737.298828125,741,0.05
15283,2326528,997.4199829101562,1000,0.05
15284,2326784,996.364013671875,1000,0.05
15285,2328576,999.3103637695312,1000,0.05
15286,2328832,996.6798095703125,1000,0.05
15287,2329600,995.4662475585938,1000,0.05
15288,2330112,996.7431640625,1000,0.05
15289,2330112,734.1126708984375,738,0.05
15290,2330368,589.9879760742188,594,0.05
15291,2332416,998.8999633789062,1000,0.05
15292,2334464,594.1962280273438,598,0.05
15293,2334464,999.4412841796875,1000,0.05
15294,2334464,997.682861328125,1000,0.05
15295,2337024,667.93310546875,672,0.05
15296,2337792,637.0685424804688,641,0.05
15297,2338816,552.0017700195312,556,0.05
15298,2340352,997.4336547851562,1000,0.05
15299,2341120,718.2882080078125,722,0.05
15300,2341376,997.6702880859375,1000,0.05
15301,2341888,750.3544921875,755,0.05
15302,2342144,715.2612915039062,719,0.05
15303,2344192,553.0225830078125,557,0.05
15304,2345984,999.5021362304688,1000,0.05
15305,2346240,999.0540161132812,1000,0.05
15306,2346240,743.6168823242188,748,0.05
15307,2347776,999.4290771484375,1000,0.05
15308,2348032,998.9579467773438,1000,0.05
15309,2349824,998.3770141601562,1000,0.05
15310,2351616,998.8969116210938,1000,0.05
15311,2352896,738.311279296875,742,0.05
15312,2353152,999.318359375,1000,0.05
15313,2353408,998.7682495117188,1000,0.05
15314,2353664,997.2142333984375,1000,0.05
15315,2354176,998.7125854492188,1000,0.05
15316,2354432,997.2238159179688,1000,0.05
15317,2356224,997.1940307617188,1000,0.05
15318,2356224,995.6109008789062,1000,0.05
15319,2357760,995.5738525390625,1000,0.05
15320,2358016,998.0348510742188,1000,0.05
15321,2358528,998.3550415039062,1000,0.05
15322,2359040,624.4217529296875,629,0.05
15323,2360064,900.9498901367188,905,0.05
15324,2361344,999.193359375,1000,0.05
15325,2361344,999.0933227539062,1000,0.05
15326,2362624,996.64697265625,1000,0.05
15327,2362880,997.1380004882812,1000,0.05
15328,2363136,713.977783203125,718,0.05
15329,2364160,999.1079711914062,1000,0.05
15330,2367232,997.8709716796875,1000,0.05
15331,2367232,999.4827880859375,1000,0.05
15332,2368512,996.1554565429688,1000,0.05
15333,2371840,998.652099609375,1000,0.05
15334,2372352,999.5440673828125,1000,0.05
15335,2372608,999.2723388671875,1000,0.05
15336,2376192,554.1742553710938,558,0.05
15337,2377472,636.8240356445312,641,0.05
15338,2377728,998.6912841796875,1000,0.05
15339,2379776,996.5589599609375,1000,0.05
15340,2383360,699.2080688476562,703,0.05
15341,2383616,997.8321533203125,1000,0.05
15342,2386432,873.38134765625,877,0.05
15343,2388224,999.5328369140625,1000,0.05
15344,2389248,997.3717041015625,1000,0.05
15345,2390016,999.648193359375,1000,0.05
15346,2390272,805.2655639648438,809,0.05
15347,2391552,995.9312133789062,1000,0.05
15348,2391808,434.8555603027344,439,0.05
15349,2391808,996.9467163085938,1000,0.05
15350,2392832,468.80517578125,473,0.05
15351,2393088,664.3551025390625,668,0.05
15352,2393856,999.2213134765625,1000,0.05
15353,2393856,999.544921875,1000,0.05
15354,2394112,998.5619506835938,1000,0.05
15355,2394880,998.99169921875,1000,0.05
15356,2395392,697.263916015625,701,0.05
15357,2401280,996.144775390625,1000,0.05
15358,2403328,999.5038452148438,1000,0.05
15359,2403584,999.7216186523438,1000,0.05
15360,2407680,999.2337036132812,1000,0.05
15361,2408448,998.0855102539062,1000,0.05
15362,2408960,998.214111328125,1000,0.05
15363,2409216,998.6043701171875,1000,0.05
15364,2411008,997.3978881835938,1000,0.05
15365,2411520,997.0499877929688,1000,0.05
15366,2412288,998.6446533203125,1000,0.05
15367,2413056,999.0621948242188,1000,0.05
15368,2416384,999.4791870117188,1000,0.05
15369,2417152,998.7348022460938,1000,0.05
15370,2417152,999.4630737304688,1000,0.05
15371,2419456,755.0938110351562,760,0.05
15372,2419712,998.5691528320312,1000,0.05
15373,2419968,799.3663940429688,803,0.05
15374,2419968,999.73828125,1000,0.05
15375,2422528,998.989013671875,1000,0.05
15376,2423296,997.6409301757812,1000,0.05
15377,2427136,693.4179077148438,697,0.05
15378,2428160,494.9005432128906,499,0.05
15379,2429696,858.9161376953125,863,0.05
15380,2431232,999.4495239257812,1000,0.05
15381,2432512,494.8996276855469,499,0.05
15382,2433024,999.2430419921875,1000,0.05
15383,2433280,997.6571655273438,1000,0.05
15384,2434048,997.6859741210938,1000,0.05
15385,2434816,998.0595092773438,1000,0.05
15386,2436864,998.705810546875,1000,0.05
15387,2437376,998.9608154296875,1000,0.05
15388,2438400,998.3543090820312,1000,0.05
15389,2439424,996.9962158203125,1000,0.05
15390,2439680,998.1392822265625,1000,0.05
15391,2440192,996.6930541992188,1000,0.05
15392,2440704,998.0364379882812,1000,0.05
15393,2441216,999.3477172851562,1000,0.05
15394,2442752,996.361572265625,1000,0.05
15395,2443520,999.0931396484375,1000,0.05
15396,2443776,998.7509765625,1000,0.05
15397,2446336,996.1490478515625,1000,0.05
15398,2446848,998.0593872070312,1000,0.05
15399,2446848,998.4710083007812,1000,0.05
15400,2448384,997.7789306640625,1000,0.05
15401,2449152,632.0250244140625,636,0.05
15402,2449664,893.7560424804688,898,0.05
15403,2450432,999.1285400390625,1000,0.05
15404,2450944,513.2044677734375,518,0.05
15405,2451200,997.7543334960938,1000,0.05
15406,2452992,646.58203125,651,0.05
15407,2453248,997.5728149414062,1000,0.05
15408,2454272,999.5661010742188,1000,0.05
15409,2454528,998.8849487304688,1000,0.05
15410,2455040,996.1771240234375,1000,0.05
15411,2455808,706.921142578125,711,0.05
15412,2456832,996.391845703125,1000,0.05
15413,2458112,995.74755859375,1000,0.05
15414,2458624,996.6905517578125,1000,0.05
15415,2458880,630.6832885742188,635,0.05
15416,2459392,999.73291015625,1000,0.05
15417,2460160,961.8313598632812,966,0.05
15418,2460416,996.935302734375,1000,0.05
15419,2460416,999.3843383789062,1000,0.05
15420,2461440,999.1573486328125,1000,0.05
15421,2462976,995.2620849609375,1000,0.05
15422,2463488,997.4889526367188,1000,0.05
15423,2464768,996.9057006835938,1000,0.05
15424,2466304,997.7205810546875,1000,0.05
15425,2466560,998.3541259765625,1000,0.05
15426,2468352,999.0433959960938,1000,0.05
15427,2468864,998.3145141601562,1000,0.05
15428,2470912,996.8451538085938,1000,0.05
15429,2471936,999.48583984375,1000,0.05
15430,2472448,886.356689453125,891,0.05
15431,2473984,998.0693359375,1000,0.05
15432,2474240,996.1439819335938,1000,0.05
15433,2475264,999.578369140625,1000,0.05
15434,2475520,999.5349731445312,1000,0.05
15435,2477568,996.7539672851562,1000,0.05
15436,2478336,994.3781127929688,1000,0.05
15437,2478592,999.59375,1000,0.05
15438,2479104,910.5092163085938,915,0.05
15439,2482176,999.0082397460938,1000,0.05
15440,2482432,995.4685668945312,1000,0.05
15441,2483200,585.1112060546875,589,0.05
15442,2484480,999.5052490234375,1000,0.05
15443,2485504,996.7484130859375,1000,0.05
15444,2490112,996.1015014648438,1000,0.05
15445,2490368,999.6652221679688,1000,0.05
15446,2490880,998.4761962890625,1000,0.05
15447,2491904,968.200927734375,972,0.05
15448,2492160,998.0390625,1000,0.05
15449,2492416,999.4431762695312,1000,0.05
15450,2492928,997.8419799804688,1000,0.05
15451,2493440,689.9603881835938,694,0.05
15452,2494976,998.63427734375,1000,0.05
15453,2496256,996.9713134765625,1000,0.05
15454,2497792,997.3302001953125,1000,0.05
15455,2497792,994.24755859375,1000,0.05
15456,2499840,997.288330078125,1000,0.05
15457,2500352,997.7926635742188,1000,0.05
15458,2501120,997.0333251953125,1000,0.05
15459,2501632,999.248291015625,1000,0.05
15460,2501632,999.7439575195312,1000,0.05
15461,2501888,996.8179931640625,1000,0.05
15462,2502400,996.7313842773438,1000,0.05
15463,2503168,997.9885864257812,1000,0.05
15464,2503424,997.8487548828125,1000,0.05
15465,2504192,999.608642578125,1000,0.05
15466,2505216,433.87225341796875,438,0.05
15467,2505728,994.35205078125,1000,0.05
15468,2506240,999.6239624023438,1000,0.05
15469,2507008,998.900634765625,1000,0.05
15470,2507264,997.3414916992188,1000,0.05
15471,2508032,998.1192626953125,1000,0.05
15472,2508032,997.6255493164062,1000,0.05
15473,2508288,997.9161987304688,1000,0.05
15474,2508544,695.0567626953125,699,0.05
15475,2509056,995.4492797851562,1000,0.05
15476,2510592,998.7970581054688,1000,0.05
15477,2512640,997.484375,1000,0.05
15478,2514432,995.8234252929688,1000,0.05
15479,2515456,998.7216796875,1000,0.05
15480,2515712,996.3910522460938,1000,0.05
15481,2516224,997.139404296875,1000,0.05
15482,2516736,998.0159912109375,1000,0.05
15483,2518016,998.3990478515625,1000,0.05
15484,2518016,998.6957397460938,1000,0.05
15485,2518272,997.4295043945312,1000,0.05
15486,2519040,997.8643798828125,1000,0.05
15487,2519808,998.5493774414062,1000,0.05
15488,2521600,995.7247924804688,1000,0.05
15489,2522112,998.6432495117188,1000,0.05
15490,2523136,999.0723266601562,1000,0.05
15491,2523904,813.260986328125,817,0.05
15492,2524416,999.0109252929688,1000,0.05
15493,2524672,998.3019409179688,1000,0.05
15494,2526464,617.4017333984375,622,0.05
15495,2527488,998.1947631835938,1000,0.05
15496,2527488,997.1500244140625,1000,0.05
15497,2528000,999.671875,1000,0.05
15498,2528256,667.0322265625,672,0.05
15499,2529280,999.3614501953125,1000,0.05
15500,2531072,998.9409790039062,1000,0.05
15501,2531328,929.2457275390625,933,0.05
15502,2531328,998.4020385742188,1000,0.05
15503,2531584,996.175048828125,1000,0.05
15504,2531840,998.3756103515625,1000,0.05
15505,2532864,996.6094970703125,1000,0.05
15506,2533120,999.2273559570312,1000,0.05
15507,2538496,998.861572265625,1000,0.05
15508,2539776,998.7813720703125,1000,0.05
15509,2540544,999.806884765625,1000,0.05
15510,2541824,998.6843872070312,1000,0.05
15511,2542336,808.3333129882812,812,0.05
15512,2542592,997.3416137695312,1000,0.05
15513,2547200,999.690673828125,1000,0.05
15514,2548480,998.5509643554688,1000,0.05
15515,2548736,995.7615966796875,1000,0.05
15516,2549248,997.9849243164062,1000,0.05
15517,2551040,999.7984619140625,1000,0.05
15518,2551296,998.6285400390625,1000,0.05
15519,2552064,998.7772216796875,1000,0.05
15520,2553088,998.5460205078125,1000,0.05
15521,2553600,998.9072265625,1000,0.05
15522,2556160,997.083740234375,1000,0.05
15523,2557184,896.7304077148438,901,0.05
15524,2557184,997.9705810546875,1000,0.05
15525,2557184,998.557373046875,1000,0.05
15526,2557440,998.65869140625,1000,0.05
15527,2558208,999.38818359375,1000,0.05
15528,2559232,843.7242431640625,848,0.05
15529,2559488,998.5071411132812,1000,0.05
15530,2560256,997.6721801757812,1000,0.05
15531,2560512,998.4847412109375,1000,0.05
15532,2560768,998.6981201171875,1000,0.05
15533,2562816,998.673828125,1000,0.05
15534,2564096,999.5027465820312,1000,0.05
15535,2564352,603.091064453125,607,0.05
15536,2564608,996.4327392578125,1000,0.05
15537,2566400,998.510498046875,1000,0.05
15538,2567680,998.9712524414062,1000,0.05
15539,2572032,998.2991333007812,1000,0.05
15540,2572544,998.5110473632812,1000,0.05
15541,2573056,538.7984008789062,543,0.05
15542,2573568,997.86865234375,1000,0.05
15543,2573568,998.8550415039062,1000,0.05
15544,2574592,855.9341430664062,860,0.05
15545,2576128,791.6553344726562,796,0.05
15546,2576384,997.7710571289062,1000,0.05
15547,2577920,999.6047973632812,1000,0.05
15548,2578176,999.2783813476562,1000,0.05
15549,2578944,999.1118774414062,1000,0.05
15550,2579712,998.5597534179688,1000,0.05
15551,2582784,997.9785766601562,1000,0.05
15552,2584576,998.137939453125,1000,0.05
15553,2584832,997.2945556640625,1000,0.05
15554,2586112,999.054931640625,1000,0.05
15555,2586112,998.7863159179688,1000,0.05
15556,2586368,999.1497802734375,1000,0.05
15557,2590464,998.2462768554688,1000,0.05
15558,2590464,998.6466064453125,1000,0.05
15559,2593024,998.4098510742188,1000,0.05
15560,2593792,997.1259765625,1000,0.05
15561,2594816,998.5100708007812,1000,0.05
15562,2596352,998.6135864257812,1000,0.05
15563,2597120,998.5532836914062,1000,0.05
15564,2597376,999.42138671875,1000,0.05
15565,2597888,998.6790161132812,1000,0.05
15566,2600192,998.6732177734375,1000,0.05
15567,2601472,479.1689453125,484,0.05
15568,2601984,999.7046508789062,1000,0.05
15569,2602240,997.2454833984375,1000,0.05
15570,2602240,998.4892578125,1000,0.05
15571,2602752,755.1895141601562,759,0.05
15572,2603776,997.5547485351562,1000,0.05
15573,2604032,999.4930419921875,1000,0.05
15574,2604544,983.8071899414062,988,0.05
15575,2605824,998.36767578125,1000,0.05
15576,2608640,449.6275329589844,454,0.05
15577,2608896,999.4717407226562,1000,0.05
15578,2609152,999.4674682617188,1000,0.05
15579,2609408,999.47802734375,1000,0.05
15580,2609664,996.9708862304688,1000,0.05
15581,2610176,999.1168212890625,1000,0.05
15582,2610688,842.1568603515625,847,0.05
15583,2612224,998.8085327148438,1000,0.05
15584,2612992,785.2151489257812,789,0.05
15585,2613760,998.0153198242188,1000,0.05
15586,2614016,999.7774047851562,1000,0.05
15587,2614528,999.4329833984375,1000,0.05
15588,2615040,999.424072265625,1000,0.05
15589,2616064,999.0560302734375,1000,0.05
15590,2617344,998.14794921875,1000,0.05
15591,2617344,997.2030639648438,1000,0.05
15592,2618624,999.4857177734375,1000,0.05
15593,2618880,998.2085571289062,1000,0.05
15594,2619136,999.81787109375,1000,0.05
15595,2620160,998.6326293945312,1000,0.05
15596,2623232,998.1499633789062,1000,0.05
15597,2624512,999.3478393554688,1000,0.05
15598,2626816,738.0928955078125,742,0.05
15599,2627840,996.9177856445312,1000,0.05
15600,2628608,998.0245971679688,1000,0.05
15601,2632192,998.3511962890625,1000,0.05
15602,2633472,998.2384033203125,1000,0.05
15603,2633728,999.3795166015625,1000,0.05
15604,2635776,999.5623168945312,1000,0.05
15605,2639360,999.5091552734375,1000,0.05
15606,2639616,998.304931640625,1000,0.05
15607,2642432,999.2842407226562,1000,0.05
15608,2644224,997.45263671875,1000,0.05
15609,2645248,999.33154296875,1000,0.05
15610,2646016,998.5633544921875,1000,0.05
15611,2646272,997.5375366210938,1000,0.05
15612,2647552,999.486083984375,1000,0.05
15613,2647808,998.5340576171875,1000,0.05
15614,2647808,997.9052124023438,1000,0.05
15615,2648832,999.5612182617188,1000,0.05
15616,2649856,998.7167358398438,1000,0.05
15617,2650112,998.434326171875,1000,0.05
15618,2650880,998.9113159179688,1000,0.05
15619,2651392,998.1328125,1000,0.05
15620,2657280,997.5440063476562,1000,0.05
15621,2659328,998.7823486328125,1000,0.05
15622,2659584,998.4857177734375,1000,0.05
15623,2660096,615.0350952148438,619,0.05
15624,2663680,998.8931274414062,1000,0.05
15625,2665216,998.7308349609375,1000,0.05
15626,2667520,998.5718383789062,1000,0.05
15627,2668288,999.5323486328125,1000,0.05
15628,2669056,999.013671875,1000,0.05
15629,2669824,850.2943115234375,854,0.05
15630,2672384,998.7413330078125,1000,0.05
15631,2673152,998.312255859375,1000,0.05
15632,2673152,998.4048461914062,1000,0.05
15633,2675456,999.1389770507812,1000,0.05
15634,2675712,998.7703247070312,1000,0.05
15635,2675968,998.7042236328125,1000,0.05
15636,2675968,997.7938232421875,1000,0.05
15637,2678528,999.0696411132812,1000,0.05
15638,2679296,998.0264892578125,1000,0.05
15639,2683136,998.1224975585938,1000,0.05
15640,2684160,998.9447021484375,1000,0.05
15641,2685696,999.4395751953125,1000,0.05
15642,2687232,998.7897338867188,1000,0.05
15643,2688512,998.2890014648438,1000,0.05
15644,2689024,998.3487548828125,1000,0.05
15645,2689280,998.6163330078125,1000,0.05
15646,2690816,997.3721313476562,1000,0.05
15647,2693376,998.3923950195312,1000,0.05
15648,2694400,999.3554077148438,1000,0.05
15649,2695424,998.6511840820312,1000,0.05
15650,2695680,997.2557983398438,1000,0.05
15651,2696192,999.4669189453125,1000,0.05
15652,2696704,998.5106201171875,1000,0.05
15653,2697216,999.0639038085938,1000,0.05
15654,2698752,998.4015502929688,1000,0.05
15655,2699520,998.2990112304688,1000,0.05
15656,2699776,999.7293701171875,1000,0.05
15657,2702336,996.9554443359375,1000,0.05
15658,2702848,998.7368774414062,1000,0.05
15659,2702848,998.6244506835938,1000,0.05
15660,2704384,998.78125,1000,0.05
15661,2705152,998.7896118164062,1000,0.05
15662,2705664,999.4818115234375,1000,0.05
15663,2706432,997.9951171875,1000,0.05
15664,2706944,999.589599609375,1000,0.05
15665,2708992,999.6907348632812,1000,0.05
15666,2709248,997.9166259765625,1000,0.05
15667,2710272,998.8419189453125,1000,0.05
15668,2710528,998.6461791992188,1000,0.05
15669,2711040,998.4243774414062,1000,0.05
15670,2711808,997.9833984375,1000,0.05
15671,2712832,997.5382080078125,1000,0.05
15672,2714112,998.74072265625,1000,0.05
15673,2714624,999.1085205078125,1000,0.05
15674,2714880,999.6675415039062,1000,0.05
15675,2715392,998.1298217773438,1000,0.05
15676,2716160,997.5540771484375,1000,0.05
15677,2716416,997.9661254882812,1000,0.05
15678,2716416,998.1937255859375,1000,0.05
15679,2717440,998.7890014648438,1000,0.05
15680,2718976,998.5581665039062,1000,0.05
15681,2719488,998.6651000976562,1000,0.05
15682,2720768,999.6337280273438,1000,0.05
15683,2722304,997.8151245117188,1000,0.05
15684,2722560,998.5127563476562,1000,0.05
15685,2724352,998.6721801757812,1000,0.05
15686,2724864,999.7019653320312,1000,0.05
15687,2726912,998.4686279296875,1000,0.05
15688,2727936,998.2443237304688,1000,0.05
15689,2728448,998.3812255859375,1000,0.05
15690,2729984,998.3690185546875,1000,0.05
15691,2730240,998.2449951171875,1000,0.05
15692,2731264,998.3042602539062,1000,0.05
15693,2731520,998.73876953125,1000,0.05
15694,2732032,649.7618408203125,654,0.05
15695,2732800,776.1325073242188,780,0.05
15696,2734336,998.737548828125,1000,0.05
15697,2734592,895.8899536132812,900,0.05
15698,2734592,998.5366821289062,1000,0.05
15699,2735104,999.6376342773438,1000,0.05
15700,2738176,998.131591796875,1000,0.05
15701,2738432,998.1646118164062,1000,0.05
15702,2739200,998.2103881835938,1000,0.05
15703,2740480,998.9801025390625,1000,0.05
15704,2741504,998.5408325195312,1000,0.05
15705,2746112,999.5864868164062,1000,0.05
15706,2746368,998.52880859375,1000,0.05
15707,2746880,998.108642578125,1000,0.05
15708,2747904,998.55810546875,1000,0.05
15709,2748160,998.3696899414062,1000,0.05
15710,2748928,998.146484375,1000,0.05
15711,2749440,998.1586303710938,1000,0.05
15712,2750976,998.4170532226562,1000,0.05
15713,2752256,997.96923828125,1000,0.05
15714,2753792,998.3870239257812,1000,0.05
15715,2753792,998.356201171875,1000,0.05
15716,2754816,914.0118408203125,918,0.05
15717,2755840,998.744384765625,1000,0.05
15718,2756352,999.6039428710938,1000,0.05
15719,2757120,998.4197998046875,1000,0.05
15720,2757632,998.2907104492188,1000,0.05
15721,2757888,997.943359375,1000,0.05
15722,2758400,998.6301879882812,1000,0.05
15723,2759168,998.159912109375,1000,0.05
15724,2759424,998.3135986328125,1000,0.05
15725,2761216,998.7186889648438,1000,0.05
15726,2761728,559.1832275390625,564,0.05
15727,2761728,998.5669555664062,1000,0.05
15728,2762240,998.4872436523438,1000,0.05
15729,2763008,999.182861328125,1000,0.05
15730,2763264,998.4730224609375,1000,0.05
15731,2764032,999.23583984375,1000,0.05
15732,2764032,996.4447021484375,1000,0.05
15733,2764288,998.4049682617188,1000,0.05
15734,2764544,998.7977294921875,1000,0.05
15735,2765056,998.210205078125,1000,0.05
15736,2766592,998.0711059570312,1000,0.05
15737,2768640,998.606201171875,1000,0.05
15738,2770432,998.57666015625,1000,0.05
15739,2770944,622.0383911132812,626,0.05
15740,2771456,998.3057250976562,1000,0.05
15741,2771712,997.5885009765625,1000,0.05
15742,2772224,999.4381103515625,1000,0.05
15743,2772736,999.0620727539062,1000,0.05
15744,2774016,998.68115234375,1000,0.05
15745,2774016,998.1603393554688,1000,0.05
15746,2774272,998.49267578125,1000,0.05
15747,2775040,998.5874633789062,1000,0.05
15748,2777600,998.6226196289062,1000,0.05
15749,2778112,998.7811279296875,1000,0.05
15750,2779136,998.6465454101562,1000,0.05
15751,2779904,999.4052734375,1000,0.05
15752,2780416,998.7926025390625,1000,0.05
15753,2780672,998.7057495117188,1000,0.05
15754,2782464,997.77392578125,1000,0.05
15755,2782464,848.5708618164062,853,0.05
15756,2783488,997.9144287109375,1000,0.05
15757,2783488,998.2695922851562,1000,0.05
15758,2784000,998.0347900390625,1000,0.05
15759,2784256,998.2703247070312,1000,0.05
15760,2785280,997.9165649414062,1000,0.05
15761,2787072,998.2667846679688,1000,0.05
15762,2787328,998.06689453125,1000,0.05
15763,2787328,998.633544921875,1000,0.05
15764,2787584,998.6233520507812,1000,0.05
15765,2787840,998.7603759765625,1000,0.05
15766,2788864,998.5927734375,1000,0.05
15767,2794496,997.4945678710938,1000,0.05
15768,2795776,998.1506958007812,1000,0.05
15769,2796544,998.1826171875,1000,0.05
15770,2797824,997.822265625,1000,0.05
15771,2798336,998.4365234375,1000,0.05
15772,2798592,998.3377075195312,1000,0.05
15773,2803200,999.2730712890625,1000,0.05
15774,2804480,999.3762817382812,1000,0.05
15775,2804736,997.809814453125,1000,0.05
15776,2805248,997.0247802734375,1000,0.05
15777,2807040,998.7646484375,1000,0.05
15778,2807296,998.9324340820312,1000,0.05
15779,2808064,998.9016723632812,1000,0.05
15780,2809088,998.675537109375,1000,0.05
15781,2809600,998.1265869140625,1000,0.05
15782,2812160,997.85546875,1000,0.05
15783,2813184,997.94970703125,1000,0.05
15784,2813184,998.4049682617188,1000,0.05
15785,2813184,998.197021484375,1000,0.05
15786,2813440,997.8176879882812,1000,0.05
15787,2814208,998.1368408203125,1000,0.05
15788,2815232,999.546875,1000,0.05
15789,2815488,997.6412353515625,1000,0.05
15790,2816256,999.02783203125,1000,0.05
15791,2816512,997.8828735351562,1000,0.05
15792,2816768,997.6929321289062,1000,0.05
15793,2818816,998.4065551757812,1000,0.05
15794,2820352,997.4088134765625,1000,0.05
15795,2822400,998.6539306640625,1000,0.05
15796,2823680,999.4912719726562,1000,0.05
15797,2828032,998.2081909179688,1000,0.05
15798,2828544,998.6752319335938,1000,0.05
15799,2828544,852.9313354492188,857,0.05
15800,2829056,998.786865234375,1000,0.05
15801,2829568,998.10986328125,1000,0.05
15802,2829568,998.7628784179688,1000,0.05
15803,2830592,997.1580200195312,1000,0.05
15804,2832128,997.72021484375,1000,0.05
15805,2832384,997.774658203125,1000,0.05
15806,2833920,998.7598266601562,1000,0.05
15807,2834176,998.82763671875,1000,0.05
15808,2834688,602.92333984375,607,0.05
15809,2834944,998.7760009765625,1000,0.05
15810,2835712,997.484375,1000,0.05
15811,2838784,998.6154174804688,1000,0.05
15812,2840576,997.8749389648438,1000,0.05
15813,2840832,999.4243774414062,1000,0.05
15814,2842112,998.422607421875,1000,0.05
15815,2842112,998.4571533203125,1000,0.05
15816,2842368,998.6023559570312,1000,0.05
15817,2846464,997.494384765625,1000,0.05
15818,2846464,998.65087890625,1000,0.05
15819,2849024,998.6162109375,1000,0.05
15820,2849792,998.55712890625,1000,0.05
15821,2850816,999.7015991210938,1000,0.05
15822,2852352,998.9877319335938,1000,0.05
15823,2853120,998.3270874023438,1000,0.05
15824,2853376,998.88671875,1000,0.05
15825,2853888,998.093505859375,1000,0.05
15826,2856192,999.1853637695312,1000,0.05
15827,2857472,997.9664916992188,1000,0.05
15828,2857984,998.8300170898438,1000,0.05
15829,2858240,998.1385498046875,1000,0.05
15830,2858240,998.0747680664062,1000,0.05
15831,2858496,627.482177734375,632,0.05
15832,2858752,998.5823974609375,1000,0.05
15833,2859776,998.3807373046875,1000,0.05
15834,2860032,997.5767822265625,1000,0.05
15835,2860544,999.4637451171875,1000,0.05
15836,2861824,999.4408569335938,1000,0.05
15837,2864640,998.458740234375,1000,0.05
15838,2864896,998.7256469726562,1000,0.05
15839,2865408,998.619384765625,1000,0.05
15840,2865664,997.8927612304688,1000,0.05
15841,2866176,998.696044921875,1000,0.05
15842,2868224,998.4876708984375,1000,0.05
15843,2868992,998.1133422851562,1000,0.05
15844,2869760,998.77197265625,1000,0.05
15845,2870016,998.6058349609375,1000,0.05
15846,2870528,998.5217895507812,1000,0.05
15847,2871040,998.474609375,1000,0.05
15848,2872064,998.4381103515625,1000,0.05
15849,2873344,998.7228393554688,1000,0.05
15850,2874624,999.418701171875,1000,0.05
15851,2874880,998.5357055664062,1000,0.05
15852,2875136,998.580078125,1000,0.05
15853,2876160,998.8193359375,1000,0.05
15854,2879232,998.6876831054688,1000,0.05
15855,2880512,999.39599609375,1000,0.05
15856,2882816,998.6502075195312,1000,0.05
15857,2883840,998.5568237304688,1000,0.05
15858,2884608,998.7146606445312,1000,0.05
15859,2888192,997.9409790039062,1000,0.05
15860,2888192,990.1633911132812,994,0.05
15861,2889472,492.73876953125,497,0.05
15862,2889472,998.7710571289062,1000,0.05
15863,2891776,997.4140625,1000,0.05
15864,2895360,996.556884765625,1000,0.05
15865,2895616,998.8043212890625,1000,0.05
15866,2898432,997.4546508789062,1000,0.05
15867,2900224,998.4197387695312,1000,0.05
15868,2901248,997.7274780273438,1000,0.05
15869,2902016,998.7428588867188,1000,0.05
15870,2902272,998.6673583984375,1000,0.05
15871,2903552,998.81005859375,1000,0.05
15872,2903808,998.6369018554688,1000,0.05
15873,2903808,999.3060913085938,1000,0.05
15874,2904832,997.751220703125,1000,0.05
15875,2905856,998.5374145507812,1000,0.05
15876,2906112,998.1268310546875,1000,0.05
15877,2906880,998.7855224609375,1000,0.05
15878,2907392,998.2158203125,1000,0.05
15879,2913280,998.2850952148438,1000,0.05
15880,2915328,997.7659912109375,1000,0.05
15881,2915584,998.152587890625,1000,0.05
15882,2916096,998.432861328125,1000,0.05
15883,2919680,997.61328125,1000,0.05
15884,2921216,998.4766235351562,1000,0.05
15885,2923520,998.794921875,1000,0.05
15886,2924288,624.7970581054688,629,0.05
15887,2924288,998.2622680664062,1000,0.05
15888,2925056,998.1815795898438,1000,0.05
15889,2925824,999.521484375,1000,0.05
15890,2928384,998.2387084960938,1000,0.05
15891,2929152,997.9317016601562,1000,0.05
15892,2929152,998.4510498046875,1000,0.05
15893,2931456,998.0545043945312,1000,0.05
15894,2931712,998.5811767578125,1000,0.05
15895,2931968,998.3694458007812,1000,0.05
15896,2931968,998.46923828125,1000,0.05
15897,2934528,998.5045776367188,1000,0.05
15898,2939136,998.5285034179688,1000,0.05
15899,2940160,997.9132690429688,1000,0.05
15900,2941696,997.70361328125,1000,0.05
15901,2943232,998.2877197265625,1000,0.05
15902,2944512,998.7979736328125,1000,0.05
15903,2945024,998.921142578125,1000,0.05
15904,2945280,998.0275268554688,1000,0.05
15905,2946816,998.4420166015625,1000,0.05
15906,2949376,998.5327758789062,1000,0.05
15907,2950400,998.7368774414062,1000,0.05
15908,2951424,998.4813842773438,1000,0.05
15909,2951680,998.115966796875,1000,0.05
15910,2952192,998.2993774414062,1000,0.05
15911,2953216,998.28076171875,1000,0.05
15912,2954752,998.034423828125,1000,0.05
15913,2955520,998.2160034179688,1000,0.05
15914,2955776,998.8082885742188,1000,0.05
15915,2958336,998.2283325195312,1000,0.05
15916,2958848,998.5122680664062,1000,0.05
15917,2958848,998.0612182617188,1000,0.05
15918,2960384,998.478271484375,1000,0.05
15919,2961152,997.9984130859375,1000,0.05
15920,2961664,998.5892944335938,1000,0.05
15921,2962432,998.6026000976562,1000,0.05
15922,2962944,998.2911987304688,1000,0.05
15923,2964992,998.8154907226562,1000,0.05
15924,2965248,998.0863647460938,1000,0.05
15925,2966272,997.3603515625,1000,0.05
15926,2966528,997.7110595703125,1000,0.05
15927,2967040,998.0828247070312,1000,0.05
15928,2967808,997.7882690429688,1000,0.05
15929,2968832,998.7412109375,1000,0.05
15930,2970112,997.888671875,1000,0.05
15931,2970624,998.6063842773438,1000,0.05
15932,2970880,997.9730224609375,1000,0.05
15933,2971392,998.3405151367188,1000,0.05
15934,2972160,998.542724609375,1000,0.05
15935,2972416,998.2019653320312,1000,0.05
15936,2972416,998.2064819335938,1000,0.05
15937,2973440,998.5113525390625,1000,0.05
15938,2974976,998.4662475585938,1000,0.05
15939,2975488,999.2620239257812,1000,0.05
15940,2976768,999.222900390625,1000,0.05
15941,2978304,998.8046875,1000,0.05
15942,2978560,998.5783081054688,1000,0.05
15943,2980352,998.4801635742188,1000,0.05
15944,2980864,998.3253173828125,1000,0.05
15945,2982912,997.3756713867188,1000,0.05
15946,2983936,997.9258422851562,1000,0.05
15947,2984448,998.7676391601562,1000,0.05
15948,2985984,997.6511840820312,1000,0.05
15949,2986240,998.4520263671875,1000,0.05
15950,2987264,998.67041015625,1000,0.05
15951,2987520,998.4017333984375,1000,0.05
15952,2988032,998.09912109375,1000,0.05
15953,2988800,997.9232177734375,1000,0.05
15954,2990336,998.5347290039062,1000,0.05
15955,2990592,999.23486328125,1000,0.05
15956,2990592,998.8726196289062,1000,0.05
15957,2991104,998.226318359375,1000,0.05
15958,2994176,997.7998657226562,1000,0.05
15959,2994432,998.0308837890625,1000,0.05
15960,2994432,727.5389404296875,732,0.05
15961,2995200,998.7700805664062,1000,0.05
15962,2996480,997.6365356445312,1000,0.05
15963,2997504,998.4393920898438,1000,0.05
15964,3002112,998.44287109375,1000,0.05
15965,3002368,999.228759765625,1000,0.05
15966,3002880,992.574951171875,1000,0.05
15967,3003904,997.3465576171875,1000,0.05
15968,3004160,998.3114624023438,1000,0.05
15969,3004928,998.2804565429688,1000,0.05
15970,3005440,998.2470703125,1000,0.05
15971,3006976,996.6395874023438,1000,0.05
15972,3008256,997.5166625976562,1000,0.05
15973,3009792,998.6047973632812,1000,0.05
15974,3009792,997.971435546875,1000,0.05
15975,3010816,998.0588989257812,1000,0.05
15976,3011840,998.6114501953125,1000,0.05
15977,3012352,998.0985717773438,1000,0.05
15978,3013120,998.0302734375,1000,0.05
15979,3013632,997.9736328125,1000,0.05
15980,3013888,998.3583984375,1000,0.05
15981,3014400,997.7198486328125,1000,0.05
15982,3015168,998.4083862304688,1000,0.05
15983,3015424,997.6480712890625,1000,0.05
15984,3017216,997.8919677734375,1000,0.05
15985,3017728,998.5390625,1000,0.05
15986,3017728,997.4373779296875,1000,0.05
15987,3019008,997.4189453125,1000,0.05
15988,3020032,997.9669189453125,1000,0.05
15989,3020032,997.1924438476562,1000,0.05
15990,3020288,998.4449462890625,1000,0.05
15991,3020544,998.3213500976562,1000,0.05
15992,3021056,998.606201171875,1000,0.05
15993,3022592,998.3748168945312,1000,0.05
15994,3024640,997.5773315429688,1000,0.05
15995,3026432,997.9705810546875,1000,0.05
15996,3026944,997.6090698242188,1000,0.05
15997,3027456,998.1595458984375,1000,0.05
15998,3027712,998.0209350585938,1000,0.05
15999,3028224,998.3907470703125,1000,0.05
16000,3028736,997.7665405273438,1000,0.05
16001,3030016,998.0967407226562,1000,0.05
16002,3030016,997.9000244140625,1000,0.05
16003,3030272,998.541748046875,1000,0.05
16004,3031040,998.145263671875,1000,0.05
16005,3033600,997.6563720703125,1000,0.05
16006,3034112,998.1508178710938,1000,0.05
16007,3035136,997.6519775390625,1000,0.05
16008,3035904,998.0365600585938,1000,0.05
16009,3036416,998.6046752929688,1000,0.05
16010,3036672,996.9336547851562,1000,0.05
16011,3038464,997.1469116210938,1000,0.05
16012,3038464,998.197509765625,1000,0.05
16013,3039488,997.7625732421875,1000,0.05
16014,3039488,998.3478393554688,1000,0.05
16015,3040000,998.1068115234375,1000,0.05
16016,3040256,996.8595581054688,1000,0.05
16017,3041280,998.320068359375,1000,0.05
16018,3043072,998.157958984375,1000,0.05
16019,3043328,997.1563720703125,1000,0.05
16020,3043328,998.2584838867188,1000,0.05
16021,3043584,998.5960083007812,1000,0.05
16022,3043840,998.2862548828125,1000,0.05
16023,3044864,997.1614990234375,1000,0.05
16024,3050496,997.7631225585938,1000,0.05
16025,3051776,998.0833740234375,1000,0.05
16026,3052544,997.1737670898438,1000,0.05
16027,3053824,997.871337890625,1000,0.05
16028,3054336,997.84130859375,1000,0.05
16029,3054592,997.9510498046875,1000,0.05
16030,3059200,997.4746704101562,1000,0.05
16031,3060480,998.3526000976562,1000,0.05
16032,3060736,998.2030029296875,1000,0.05
16033,3061248,996.93994140625,1000,0.05
16034,3063296,997.86572265625,1000,0.05
16035,3064064,998.6906127929688,1000,0.05
16036,3065088,997.6109008789062,1000,0.05
16037,3065600,997.34423828125,1000,0.05
16038,3068160,997.74462890625,1000,0.05
16039,3069184,998.6619873046875,1000,0.05
16040,3069184,997.6563720703125,1000,0.05
16041,3069184,998.4645385742188,1000,0.05
16042,3069440,997.984130859375,1000,0.05
16043,3070208,998.3823852539062,1000,0.05
16044,3071232,996.6821899414062,1000,0.05
16045,3071488,998.3392333984375,1000,0.05
16046,3072256,998.315185546875,1000,0.05
16047,3072512,998.40234375,1000,0.05
16048,3072768,997.7510375976562,1000,0.05
16049,3074816,997.8577880859375,1000,0.05
16050,3076352,997.2537231445312,1000,0.05
16051,3078400,997.9501342773438,1000,0.05
16052,3079680,996.8485717773438,1000,0.05
16053,3084032,998.4483642578125,1000,0.05
16054,3084544,998.41943359375,1000,0.05
16055,3084544,997.5103759765625,1000,0.05
16056,3085056,997.1093139648438,1000,0.05
16057,3085568,997.5062255859375,1000,0.05
16058,3085568,998.380126953125,1000,0.05
16059,3086592,997.1759033203125,1000,0.05
16060,3088128,997.4029541015625,1000,0.05
16061,3088384,998.4794311523438,1000,0.05
16062,3089920,998.558837890625,1000,0.05
16063,3090176,997.4539794921875,1000,0.05
16064,3090688,997.5886840820312,1000,0.05
16065,3090944,997.2734985351562,1000,0.05
16066,3091712,998.2987060546875,1000,0.05
16067,3094784,998.091796875,1000,0.05
16068,3096576,997.8479614257812,1000,0.05
16069,3096832,997.4577026367188,1000,0.05
16070,3098112,998.97607421875,1000,0.05
16071,3098112,998.3207397460938,1000,0.05
16072,3098368,997.9581298828125,1000,0.05
16073,3102464,997.6128540039062,1000,0.05
16074,3102464,997.3980102539062,1000,0.05
16075,3105024,997.4247436523438,1000,0.05
16076,3105792,997.7276611328125,1000,0.05
16077,3106816,998.121826171875,1000,0.05
16078,3108352,998.0452880859375,1000,0.05
16079,3109120,997.9312133789062,1000,0.05
16080,3109376,998.2357788085938,1000,0.05
16081,3109888,998.5365600585938,1000,0.05
16082,3112192,997.7244262695312,1000,0.05
16083,3113472,997.667724609375,1000,0.05
16084,3113984,997.9375,1000,0.05
16085,3114240,998.6822509765625,1000,0.05
16086,3114240,997.1856079101562,1000,0.05
16087,3114496,998.4177856445312,1000,0.05
16088,3114752,997.5091552734375,1000,0.05
16089,3115776,997.7090454101562,1000,0.05
16090,3116032,997.2244873046875,1000,0.05
16091,3116544,998.5629272460938,1000,0.05
16092,3117824,997.9624633789062,1000,0.05
16093,3120640,998.5805053710938,1000,0.05
16094,3120896,997.6499633789062,1000,0.05
16095,3121408,997.4255981445312,1000,0.05
16096,3121664,997.761962890625,1000,0.05
16097,3122176,997.9271240234375,1000,0.05
16098,3124224,997.3115234375,1000,0.05
16099,3124992,997.767822265625,1000,0.05
16100,3125760,998.205810546875,1000,0.05
16101,3126016,998.5062866210938,1000,0.05
16102,3126528,997.8948364257812,1000,0.05
16103,3127040,997.72314453125,1000,0.05
16104,3128064,996.8316650390625,1000,0.05
16105,3129344,997.7698364257812,1000,0.05
16106,3130624,998.1347045898438,1000,0.05
16107,3130880,998.047607421875,1000,0.05
16108,3131136,998.0777587890625,1000,0.05
16109,3132160,998.1065673828125,1000,0.05
16110,3132928,669.6757202148438,674,0.05
16111,3135232,998.1129150390625,1000,0.05
16112,3136512,997.9796142578125,1000,0.05
16113,3138816,997.214599609375,1000,0.05
16114,3139840,998.24755859375,1000,0.05
16115,3140608,998.056884765625,1000,0.05
16116,3144192,996.5952758789062,1000,0.05
16117,3144192,997.2647705078125,1000,0.05
16118,3145472,997.0603637695312,1000,0.05
16119,3145472,998.2434692382812,1000,0.05
16120,3147776,996.9314575195312,1000,0.05
16121,3151360,997.28857421875,1000,0.05
16122,3151616,998.0917358398438,1000,0.05
16123,3154432,997.3253784179688,1000,0.05
16124,3156224,997.4940795898438,1000,0.05
16125,3157248,997.7197265625,1000,0.05
16126,3158016,997.7191772460938,1000,0.05
16127,3158272,996.3558349609375,1000,0.05
16128,3159552,997.8748779296875,1000,0.05
16129,3159808,994.7368774414062,1000,0.05
16130,3159808,997.1090087890625,1000,0.05
16131,3160832,996.9992065429688,1000,0.05
16132,3161856,995.2008056640625,1000,0.05
16133,3162112,997.0117797851562,1000,0.05
16134,3162880,997.7744140625,1000,0.05
16135,3163392,997.5254516601562,1000,0.05
16136,3169280,996.3267211914062,1000,0.05
16137,3171328,996.5224609375,1000,0.05
16138,3171584,997.2093505859375,1000,0.05
16139,3172096,997.222900390625,1000,0.05
16140,3175680,997.7176513671875,1000,0.05
16141,3177216,998.3238525390625,1000,0.05
16142,3179520,995.17919921875,1000,0.05
16143,3180288,996.6410522460938,1000,0.05
16144,3180288,997.0164184570312,1000,0.05
16145,3181056,996.4408569335938,1000,0.05
16146,3181824,997.3997802734375,1000,0.05
16147,3184384,995.5770874023438,1000,0.05
16148,3185152,997.4352416992188,1000,0.05
16149,3185152,995.2137451171875,1000,0.05
16150,3187456,994.146240234375,1000,0.05
16151,3187712,996.8972778320312,1000,0.05
16152,3187968,996.5326538085938,1000,0.05
16153,3187968,998.2770385742188,1000,0.05
16154,3190528,996.6405639648438,1000,0.05
16155,3195136,996.816162109375,1000,0.05
16156,3196160,997.1091918945312,1000,0.05
16157,3197696,998.1693115234375,1000,0.05
16158,3199232,996.401123046875,1000,0.05
16159,3200512,991.525146484375,1000,0.05
16160,3201024,996.7998657226562,1000,0.05
16161,3201280,998.0228271484375,1000,0.05
16162,3202816,995.85107421875,1000,0.05
16163,3205376,998.6873168945312,1000,0.05
16164,3206400,997.5945434570312,1000,0.05
16165,3207424,996.3208618164062,1000,0.05
16166,3207680,988.3123168945312,1000,0.05
16167,3208192,994.8892211914062,1000,0.05
16168,3209216,997.9176025390625,1000,0.05
16169,3210752,988.957275390625,1000,0.05
16170,3211520,997.1474609375,1000,0.05
16171,3211776,995.934326171875,1000,0.05
16172,3214336,996.2081298828125,1000,0.05
16173,3214848,995.273681640625,1000,0.05
16174,3214848,996.6795043945312,1000,0.05
16175,3217152,997.0128784179688,1000,0.05
16176,3217664,991.4342651367188,1000,0.05
16177,3218432,996.5267944335938,1000,0.05
16178,3218944,995.9342651367188,1000,0.05
16179,3220992,997.43701171875,1000,0.05
16180,3221248,988.1377563476562,1000,0.05
16181,3222272,995.5867919921875,1000,0.05
16182,3222528,996.28125,1000,0.05
16183,3223040,997.5072631835938,1000,0.05
16184,3223808,995.899658203125,1000,0.05
16185,3224832,995.5120239257812,1000,0.05
16186,3226112,987.9353637695312,1000,0.05
16187,3226624,997.4088134765625,1000,0.05
16188,3226880,997.8916015625,1000,0.05
16189,3227392,996.0853881835938,1000,0.05
16190,3228160,993.9450073242188,1000,0.05
16191,3228416,997.0354614257812,1000,0.05
16192,3228416,996.8468627929688,1000,0.05
16193,3229440,996.2514038085938,1000,0.05
16194,3230976,995.4547729492188,1000,0.05
16195,3231488,994.7109375,1000,0.05
16196,3232768,997.0980224609375,1000,0.05
16197,3234304,998.5198974609375,1000,0.05
16198,3234560,995.875244140625,1000,0.05
16199,3236352,997.0252685546875,1000,0.05
16200,3236864,996.55615234375,1000,0.05
16201,3238912,995.4257202148438,1000,0.05
16202,3239936,997.4409790039062,1000,0.05
16203,3240448,997.7376098632812,1000,0.05
16204,3241984,995.9633178710938,1000,0.05
16205,3242240,996.8350219726562,1000,0.05
16206,3243264,996.4702758789062,1000,0.05
16207,3243520,996.3999633789062,1000,0.05
16208,3244032,995.595703125,1000,0.05
16209,3244800,987.987060546875,1000,0.05
16210,3246336,996.4235229492188,1000,0.05
16211,3246592,996.8230590820312,1000,0.05
16212,3246592,996.5958251953125,1000,0.05
16213,3247104,995.9774169921875,1000,0.05
16214,3250176,996.3695678710938,1000,0.05
16215,3250432,996.6539916992188,1000,0.05
16216,3250432,997.0958862304688,1000,0.05
16217,3251200,995.7610473632812,1000,0.05
16218,3252480,995.4270629882812,1000,0.05
16219,3253504,993.3236083984375,1000,0.05
16220,3258112,995.185546875,1000,0.05
16221,3258368,997.1759033203125,1000,0.05
16222,3258880,994.24609375,1000,0.05
16223,3259904,995.83740234375,1000,0.05
16224,3260160,996.2919311523438,1000,0.05
16225,3260928,996.1097412109375,1000,0.05
16226,3261440,996.6719360351562,1000,0.05
16227,3262976,998.1885375976562,1000,0.05
16228,3264256,994.5551147460938,1000,0.05
16229,3265792,995.6904907226562,1000,0.05
16230,3265792,995.267578125,1000,0.05
16231,3266816,993.9632568359375,1000,0.05
16232,3267840,995.1533813476562,1000,0.05
16233,3268352,996.2390747070312,1000,0.05
16234,3269120,995.7897338867188,1000,0.05
16235,3269632,996.9984741210938,1000,0.05
16236,3269888,995.03662109375,1000,0.05
16237,3270400,996.33251953125,1000,0.05
16238,3271168,996.9839477539062,1000,0.05
16239,3271424,997.069091796875,1000,0.05
16240,3273216,993.9407348632812,1000,0.05
16241,3273728,995.5250854492188,1000,0.05
16242,3273728,996.6884765625,1000,0.05
16243,3275008,995.6847534179688,1000,0.05
16244,3276032,996.4979858398438,1000,0.05
16245,3276032,995.3408203125,1000,0.05
16246,3276288,997.3201293945312,1000,0.05
16247,3276544,996.845458984375,1000,0.05
16248,3277056,994.9053955078125,1000,0.05
16249,3278592,997.06298828125,1000,0.05
16250,3280640,996.4769897460938,1000,0.05
16251,3282432,995.4481811523438,1000,0.05
16252,3282944,997.2508544921875,1000,0.05
16253,3283456,997.5413818359375,1000,0.05
16254,3283712,996.2150268554688,1000,0.05
16255,3284224,990.367919921875,1000,0.05
16256,3284736,994.5883178710938,1000,0.05
16257,3286016,996.76904296875,1000,0.05
16258,3286016,996.2404174804688,1000,0.05
16259,3286272,995.0340576171875,1000,0.05
16260,3287040,995.5991821289062,1000,0.05
16261,3289600,997.0612182617188,1000,0.05
16262,3290112,996.9085083007812,1000,0.05
16263,3291136,996.4130859375,1000,0.05
16264,3291904,999.1142578125,1000,0.05
16265,3292416,995.7034301757812,1000,0.05
16266,3292672,995.6549682617188,1000,0.05
16267,3294464,995.87353515625,1000,0.05
16268,3294464,996.3321533203125,1000,0.05
16269,3295488,993.7930297851562,1000,0.05
16270,3295488,995.6702880859375,1000,0.05
16271,3296000,995.579833984375,1000,0.05
16272,3296256,995.2501831054688,1000,0.05
16273,3297280,995.6760864257812,1000,0.05
16274,3299072,997.8612060546875,1000,0.05
16275,3299328,995.5252075195312,1000,0.05
16276,3299328,996.8532104492188,1000,0.05
16277,3299584,996.8104248046875,1000,0.05
16278,3299840,997.2478637695312,1000,0.05
16279,3300864,996.8331909179688,1000,0.05
16280,3306496,997.6011962890625,1000,0.05
16281,3307776,996.2074584960938,1000,0.05
16282,3308544,996.8626708984375,1000,0.05
16283,3309824,994.1865234375,1000,0.05
16284,3310336,996.0880737304688,1000,0.05
16285,3310592,996.369873046875,1000,0.05
16286,3315200,997.8240356445312,1000,0.05
16287,3316480,995.5543823242188,1000,0.05
16288,3316736,993.13134765625,1000,0.05
16289,3317248,995.7267456054688,1000,0.05
16290,3319296,994.2911376953125,1000,0.05
16291,3320064,994.7291259765625,1000,0.05
16292,3321088,997.0382080078125,1000,0.05
16293,3321600,996.0009765625,1000,0.05
16294,3324160,994.2911376953125,1000,0.05
16295,3325184,995.5991821289062,1000,0.05
16296,3325184,995.5236206054688,1000,0.05
16297,3325184,996.457763671875,1000,0.05
16298,3325440,997.0001831054688,1000,0.05
16299,3326208,995.8521118164062,1000,0.05
16300,3327232,996.916259765625,1000,0.05
16301,3327488,997.0300903320312,1000,0.05
16302,3328256,996.906982421875,1000,0.05
16303,3328512,993.3563232421875,1000,0.05
16304,3328768,997.095458984375,1000,0.05
16305,3330816,994.016845703125,1000,0.05
16306,3332352,994.484619140625,1000,0.05
16307,3334400,991.2438354492188,1000,0.05
16308,3335680,996.5462036132812,1000,0.05
16309,3340032,995.8544311523438,1000,0.05
16310,3340544,995.7443237304688,1000,0.05
16311,3340544,996.2228393554688,1000,0.05
16312,3341056,997.587890625,1000,0.05
16313,3341568,996.9920043945312,1000,0.05
16314,3341568,995.1968994140625,1000,0.05
16315,3342592,994.736572265625,1000,0.05
16316,3344128,995.6344604492188,1000,0.05
16317,3344384,993.893310546875,1000,0.05
16318,3345920,993.3302612304688,1000,0.05
16319,3346176,995.7468872070312,1000,0.05
16320,3346688,997.7037353515625,1000,0.05
16321,3346944,995.3394165039062,1000,0.05
16322,3347712,996.176513671875,1000,0.05
16323,3350784,995.4414672851562,1000,0.05
16324,3351552,855.6658935546875,873,0.05
16325,3352576,996.2604370117188,1000,0.05
16326,3352832,996.843017578125,1000,0.05
16327,3354112,990.4021606445312,1000,0.05
16328,3354112,994.7391967773438,1000,0.05
16329,3354368,995.0068969726562,1000,0.05
16330,3358464,994.7442016601562,1000,0.05
16331,3358464,993.498291015625,1000,0.05
16332,3361024,995.8026733398438,1000,0.05
16333,3361792,996.2178344726562,1000,0.05
16334,3362816,996.4497680664062,1000,0.05
16335,3364352,993.767578125,1000,0.05
16336,3365120,996.37646484375,1000,0.05
16337,3365376,990.7020874023438,1000,0.05
16338,3365888,998.3277587890625,1000,0.05
16339,3368192,997.0233154296875,1000,0.05
16340,3369472,987.7047119140625,1000,0.05
16341,3369984,994.7215576171875,1000,0.05
16342,3370240,996.260009765625,1000,0.05
16343,3370240,993.880859375,1000,0.05
16344,3370496,994.9703979492188,1000,0.05
16345,3370752,996.9390258789062,1000,0.05
16346,3371776,993.3795776367188,1000,0.05
16347,3372032,996.6913452148438,1000,0.05
16348,3372544,996.291015625,1000,0.05
16349,3373824,997.3245849609375,1000,0.05
16350,3376640,997.2232666015625,1000,0.05
16351,3376896,993.2300415039062,1000,0.05
16352,3377408,994.526123046875,1000,0.05
16353,3377664,995.5153198242188,1000,0.05
16354,3378176,994.48046875,1000,0.05
16355,3380224,996.8973388671875,1000,0.05
16356,3380992,989.7062377929688,1000,0.05
16357,3381760,993.322509765625,1000,0.05
16358,3382016,996.5949096679688,1000,0.05
16359,3382528,994.3875122070312,1000,0.05
16360,3383040,996.319580078125,1000,0.05
16361,3385344,991.8612670898438,1000,0.05
16362,3386624,991.61474609375,1000,0.05
16363,3386880,995.3896484375,1000,0.05
16364,3387136,992.2582397460938,1000,0.05
16365,3388160,993.9031982421875,1000,0.05
16366,3388928,995.8995971679688,1000,0.05
16367,3391232,997.1111450195312,1000,0.05
16368,3392512,994.614990234375,1000,0.05
16369,3394816,992.1673583984375,1000,0.05
16370,3395840,996.4417724609375,1000,0.05
16371,3396608,995.3656616210938,1000,0.05
16372,3400192,992.38330078125,1000,0.05
16373,3400192,994.845458984375,1000,0.05
16374,3401472,992.6753540039062,1000,0.05
16375,3401472,990.2368774414062,1000,0.05
16376,3403776,992.5173950195312,1000,0.05
16377,3407360,994.739013671875,1000,0.05
16378,3407616,990.8076782226562,1000,0.05
16379,3410432,990.2913208007812,1000,0.05
16380,3412224,990.6964721679688,1000,0.05
16381,3413248,996.2693481445312,1000,0.05
16382,3414016,994.354248046875,1000,0.05
16383,3414272,992.093994140625,1000,0.05
16384,3415552,995.6535034179688,1000,0.05
16385,3415808,994.2609252929688,1000,0.05
16386,3415808,994.8798217773438,1000,0.05
16387,3416832,995.390625,1000,0.05
16388,3417856,994.9951782226562,1000,0.05
16389,3418112,993.8588256835938,1000,0.05
16390,3418880,993.6486206054688,1000,0.05
16391,3419392,994.869873046875,1000,0.05
16392,3425280,991.2239379882812,1000,0.05
16393,3427328,995.5711669921875,1000,0.05
16394,3427584,992.5332641601562,1000,0.05
16395,3428096,997.1849975585938,1000,0.05
16396,3429888,824.8914794921875,842,0.05
16397,3431680,991.127197265625,1000,0.05
16398,3433216,989.5931396484375,1000,0.05
16399,3435520,994.756591796875,1000,0.05
16400,3436288,994.79638671875,1000,0.05
16401,3436288,996.6364135742188,1000,0.05
16402,3437056,994.8103637695312,1000,0.05
16403,3437824,995.123779296875,1000,0.05
16404,3440384,994.0269165039062,1000,0.05
16405,3441152,995.3372192382812,1000,0.05
16406,3441152,989.5113525390625,1000,0.05
16407,3442688,840.6797485351562,860,0.05
16408,3443456,997.0424194335938,1000,0.05
16409,3443712,994.5696411132812,1000,0.05
16410,3443968,991.7713623046875,1000,0.05
16411,3443968,991.7969970703125,1000,0.05
16412,3446528,993.8959350585938,1000,0.05
16413,3451136,993.7620849609375,1000,0.05
16414,3452160,989.891845703125,1000,0.05
16415,3453696,993.350341796875,1000,0.05
16416,3455232,988.2939453125,1000,0.05
16417,3456512,991.320556640625,1000,0.05
16418,3457024,989.6257934570312,1000,0.05
16419,3457280,992.857421875,1000,0.05
16420,3458816,994.8859252929688,1000,0.05
16421,3461376,993.4713745117188,1000,0.05
16422,3462400,992.9788208007812,1000,0.05
16423,3463424,993.1844482421875,1000,0.05
16424,3463680,990.1488647460938,1000,0.05
16425,3464192,991.0704956054688,1000,0.05
16426,3465216,992.9031982421875,1000,0.05
16427,3466752,994.8594360351562,1000,0.05
16428,3467520,991.5879516601562,1000,0.05
16429,3467776,992.3870849609375,1000,0.05
16430,3470848,991.10693359375,1000,0.05
16431,3470848,994.430419921875,1000,0.05
16432,3473152,995.6720581054688,1000,0.05
16433,3473664,992.1193237304688,1000,0.05
16434,3474432,994.1078491210938,1000,0.05
16435,3474944,992.1829833984375,1000,0.05
16436,3476992,994.4239501953125,1000,0.05
16437,3477248,994.693115234375,1000,0.05
16438,3478272,993.88525390625,1000,0.05
16439,3479040,991.4627075195312,1000,0.05
16440,3479808,990.8185424804688,1000,0.05
16441,3480832,993.1936645507812,1000,0.05
16442,3482112,992.63671875,1000,0.05
16443,3482624,992.8173217773438,1000,0.05
16444,3482880,993.4402465820312,1000,0.05
16445,3483392,993.1560668945312,1000,0.05
16446,3484160,993.9747314453125,1000,0.05
16447,3484416,992.0792236328125,1000,0.05
16448,3484416,994.1925659179688,1000,0.05
16449,3485440,991.5889892578125,1000,0.05
16450,3486976,992.6915893554688,1000,0.05
16451,3487488,991.326416015625,1000,0.05
16452,3488768,993.0528564453125,1000,0.05
16453,3490304,990.994384765625,1000,0.05
16454,3490560,993.048828125,1000,0.05
16455,3492352,994.103515625,1000,0.05
16456,3492864,990.7858276367188,1000,0.05
16457,3494912,991.1055908203125,1000,0.05
16458,3495936,992.3801879882812,1000,0.05
16459,3496448,996.8152465820312,1000,0.05
16460,3497984,993.4664916992188,1000,0.05
16461,3498240,993.0967407226562,1000,0.05
16462,3499264,990.9935302734375,1000,0.05
16463,3499520,990.4073486328125,1000,0.05
16464,3500032,992.3181762695312,1000,0.05
16465,3500800,993.02685546875,1000,0.05
16466,3502336,993.6499633789062,1000,0.05
16467,3502592,990.7058715820312,1000,0.05
16468,3502592,990.4935302734375,1000,0.05
16469,3503104,990.7144165039062,1000,0.05
16470,3506176,991.2638549804688,1000,0.05
16471,3506432,991.4078369140625,1000,0.05
16472,3506432,991.952392578125,1000,0.05
16473,3507200,991.5755004882812,1000,0.05
16474,3508480,991.0391235351562,1000,0.05
16475,3509504,990.1072998046875,1000,0.05
16476,3514112,991.9849243164062,1000,0.05
16477,3514368,991.4503173828125,1000,0.05
16478,3514880,992.5910034179688,1000,0.05
16479,3515904,991.3509521484375,1000,0.05
16480,3516160,994.457275390625,1000,0.05
16481,3516928,991.91455078125,1000,0.05
16482,3517440,990.215576171875,1000,0.05
16483,3518976,991.0287475585938,1000,0.05
16484,3520256,990.5001831054688,1000,0.05
16485,3521792,994.2399291992188,1000,0.05
16486,3521792,992.5455322265625,1000,0.05
16487,3522816,990.7550659179688,1000,0.05
16488,3523840,990.7285766601562,1000,0.05
16489,3524352,994.7041015625,1000,0.05
16490,3525120,991.1629638671875,1000,0.05
16491,3525632,995.8643798828125,1000,0.05
16492,3525888,992.4937133789062,1000,0.05
16493,3526400,991.2640991210938,1000,0.05
16494,3527168,989.9830322265625,1000,0.05
16495,3527424,994.3522338867188,1000,0.05
16496,3529216,991.0750732421875,1000,0.05
16497,3529728,991.4117431640625,1000,0.05
16498,3529728,994.7703247070312,1000,0.05
16499,3531008,991.7693481445312,1000,0.05
16500,3532032,991.1019287109375,1000,0.05
16501,3532032,990.9019775390625,1000,0.05
16502,3532288,991.66650390625,1000,0.05
16503,3532544,993.1133422851562,1000,0.05
16504,3533056,990.3026123046875,1000,0.05
16505,3534592,993.388671875,1000,0.05
16506,3536640,993.2196044921875,1000,0.05
16507,3538432,991.8580322265625,1000,0.05
16508,3538944,990.44775390625,1000,0.05
16509,3539200,709.76708984375,722,0.05
16510,3539456,992.0882568359375,1000,0.05
16511,3539712,993.0606079101562,1000,0.05
16512,3540224,993.5400390625,1000,0.05
16513,3540736,994.1033935546875,1000,0.05
16514,3542016,991.963623046875,1000,0.05
16515,3542016,993.4740600585938,1000,0.05
16516,3542272,991.136962890625,1000,0.05
16517,3543040,989.3662109375,1000,0.05
16518,3545600,994.5070190429688,1000,0.05
16519,3546112,993.1934204101562,1000,0.05
16520,3547136,992.7343139648438,1000,0.05
16521,3547904,996.5228881835938,1000,0.05
16522,3548416,992.7862548828125,1000,0.05
16523,3548672,994.7857055664062,1000,0.05
16524,3550464,992.7163696289062,1000,0.05
16525,3550464,991.0319213867188,1000,0.05
16526,3551488,992.001220703125,1000,0.05
16527,3551488,995.6798095703125,1000,0.05
16528,3552000,994.230224609375,1000,0.05
16529,3552256,989.2175903320312,1000,0.05
16530,3553280,994.3750610351562,1000,0.05
16531,3555072,993.1527709960938,1000,0.05
16532,3555328,992.4636840820312,1000,0.05
16533,3555328,991.2562255859375,1000,0.05
16534,3555584,996.168701171875,1000,0.05
16535,3555840,990.951171875,1000,0.05
16536,3556864,994.5719604492188,1000,0.05
16537,3562496,992.798095703125,1000,0.05
16538,3563776,993.0505981445312,1000,0.05
16539,3564544,995.9999389648438,1000,0.05
16540,3565824,993.1126098632812,1000,0.05
16541,3566336,995.0145874023438,1000,0.05
16542,3566592,993.7684936523438,1000,0.05
16543,3571200,994.00146484375,1000,0.05
16544,3572480,993.5626831054688,1000,0.05
16545,3572736,992.7650146484375,1000,0.05
16546,3573248,996.7568969726562,1000,0.05
16547,3575296,993.4676513671875,1000,0.05
16548,3576064,994.6151733398438,1000,0.05
16549,3577088,993.9110107421875,1000,0.05
16550,3577600,990.5136108398438,1000,0.05
16551,3580160,991.082763671875,1000,0.05
16552,3581184,994.34228515625,1000,0.05
16553,3581184,993.9837646484375,1000,0.05
16554,3581184,994.2286987304688,1000,0.05
16555,3581440,996.1642456054688,1000,0.05
16556,3582208,995.0660400390625,1000,0.05
16557,3583232,994.96484375,1000,0.05
16558,3583488,994.3170166015625,1000,0.05
16559,3584256,994.4361572265625,1000,0.05
16560,3584512,995.150390625,1000,0.05
16561,3584768,996.6178588867188,1000,0.05
16562,3586816,993.6411743164062,1000,0.05
16563,3588352,991.0399169921875,1000,0.05
16564,3590400,991.7779541015625,1000,0.05
16565,3591680,993.682373046875,1000,0.05
16566,3596032,994.7923583984375,1000,0.05
16567,3596544,992.9076538085938,1000,0.05
16568,3596544,993.901611328125,1000,0.05
16569,3597056,995.117919921875,1000,0.05
16570,3597568,992.2348022460938,1000,0.05
16571,3597568,995.9652709960938,1000,0.05
16572,3598592,993.4931030273438,1000,0.05
16573,3600128,990.6311645507812,1000,0.05
16574,3600384,991.642333984375,1000,0.05
16575,3601920,991.5816650390625,1000,0.05
16576,3602176,993.1363525390625,1000,0.05
16577,3602688,995.3675537109375,1000,0.05
16578,3602944,995.0151977539062,1000,0.05
16579,3603712,993.64501953125,1000,0.05
16580,3606784,996.6978149414062,1000,0.05
16581,3607552,995.565185546875,1000,0.05
16582,3608576,992.44287109375,1000,0.05
16583,3608832,994.9420166015625,1000,0.05
16584,3610112,991.6935424804688,1000,0.05
16585,3610112,995.0950317382812,1000,0.05
16586,3614464,995.5670776367188,1000,0.05
16587,3614464,994.7553100585938,1000,0.05
16588,3617024,996.1475830078125,1000,0.05
16589,3617792,996.4602661132812,1000,0.05
16590,3618816,992.5557861328125,1000,0.05
16591,3620352,994.7614135742188,1000,0.05
16592,3621120,995.0061645507812,1000,0.05
16593,3621376,995.2118530273438,1000,0.05
16594,3621888,995.7758178710938,1000,0.05
16595,3624192,993.566650390625,1000,0.05
16596,3625472,994.9069213867188,1000,0.05
16597,3625984,994.2308349609375,1000,0.05
16598,3626240,994.6248779296875,1000,0.05
16599,3626240,995.1358642578125,1000,0.05
16600,3626496,994.688232421875,1000,0.05
16601,3626752,995.4121704101562,1000,0.05
16602,3627776,994.80517578125,1000,0.05
16603,3628032,994.2942504882812,1000,0.05
16604,3628544,994.6305541992188,1000,0.05
16605,3629824,990.9058837890625,1000,0.05
16606,3632640,995.2933349609375,1000,0.05
16607,3632896,995.622314453125,1000,0.05
16608,3633408,994.8569946289062,1000,0.05
16609,3633664,995.1693725585938,1000,0.05
16610,3634176,993.4136352539062,1000,0.05
16611,3636224,996.7628173828125,1000,0.05
16612,3636992,992.9041748046875,1000,0.05
16613,3637760,994.9404296875,1000,0.05
16614,3638016,998.0018920898438,1000,0.05
16615,3638528,995.5298461914062,1000,0.05
16616,3639040,994.1278686523438,1000,0.05
16617,3641344,994.7048950195312,1000,0.05
16618,3642624,997.0508422851562,1000,0.05
16619,3642880,994.4791259765625,1000,0.05
16620,3643136,996.3609008789062,1000,0.05
16621,3644160,995.4037475585938,1000,0.05
16622,3644928,993.2177734375,1000,0.05
16623,3647232,994.5164184570312,1000,0.05
16624,3648512,996.5955810546875,1000,0.05
16625,3650816,997.4555053710938,1000,0.05
16626,3651840,992.4844970703125,1000,0.05
16627,3652608,997.9484252929688,1000,0.05
16628,3656192,995.2964477539062,1000,0.05
16629,3656192,996.8656616210938,1000,0.05
16630,3657472,996.781005859375,1000,0.05
16631,3657472,995.187255859375,1000,0.05
16632,3659776,995.621337890625,1000,0.05
16633,3663360,994.7147216796875,1000,0.05
16634,3663616,995.9818115234375,1000,0.05
16635,3666432,996.4094848632812,1000,0.05
16636,3668224,993.9573364257812,1000,0.05
16637,3669248,995.25830078125,1000,0.05
16638,3670016,995.2855224609375,1000,0.05
16639,3670272,996.4720458984375,1000,0.05
16640,3671552,994.3845825195312,1000,0.05
16641,3671808,993.9171752929688,1000,0.05
16642,3671808,993.1635131835938,1000,0.05
16643,3672832,995.6348266601562,1000,0.05
16644,3673856,995.5403442382812,1000,0.05
16645,3674112,996.5231323242188,1000,0.05
16646,3674880,993.8292846679688,1000,0.05
16647,3675392,995.2469482421875,1000,0.05
16648,3681280,997.0903930664062,1000,0.05
16649,3683328,996.0469970703125,1000,0.05
16650,3683584,997.3069458007812,1000,0.05
16651,3684096,994.181884765625,1000,0.05
16652,3685888,995.2129516601562,1000,0.05
16653,3687680,995.2921142578125,1000,0.05
16654,3689216,994.3826904296875,1000,0.05
16655,3691520,994.6131591796875,1000,0.05
16656,3692288,997.5105590820312,1000,0.05
16657,3692288,994.3069458007812,1000,0.05
16658,3693056,994.8448486328125,1000,0.05
16659,3693824,994.787841796875,1000,0.05
16660,3696384,994.6412963867188,1000,0.05
16661,3697152,994.1539916992188,1000,0.05
16662,3697152,995.386962890625,1000,0.05
16663,3698688,993.4054565429688,1000,0.05
16664,3699456,996.91455078125,1000,0.05
16665,3699712,994.3976440429688,1000,0.05
16666,3699968,996.9649047851562,1000,0.05
16667,3699968,996.0227661132812,1000,0.05
16668,3702528,997.0014038085938,1000,0.05
16669,3707136,995.0723876953125,1000,0.05
16670,3708160,991.724365234375,1000,0.05
16671,3709696,996.44677734375,1000,0.05
16672,3711232,998.0257568359375,1000,0.05
16673,3712512,995.9222412109375,1000,0.05
16674,3713024,997.3709106445312,1000,0.05
16675,3713280,996.8912963867188,1000,0.05
16676,3714816,995.9881591796875,1000,0.05
16677,3717376,996.9559326171875,1000,0.05
16678,3718400,996.7677612304688,1000,0.05
16679,3719424,995.5831298828125,1000,0.05
16680,3719680,997.1869506835938,1000,0.05
16681,3720192,995.7611694335938,1000,0.05
16682,3721216,997.4303588867188,1000,0.05
16683,3722752,996.2962646484375,1000,0.05
16684,3723520,997.400634765625,1000,0.05
16685,3723776,996.7600708007812,1000,0.05
16686,3726848,997.3623046875,1000,0.05
16687,3726848,995.4717407226562,1000,0.05
16688,3729152,996.8062744140625,1000,0.05
16689,3729664,996.0910034179688,1000,0.05
16690,3730432,997.0149536132812,1000,0.05
16691,3730944,996.1000366210938,1000,0.05
16692,3732992,997.3243408203125,1000,0.05
16693,3733248,996.6241455078125,1000,0.05
16694,3734272,997.09619140625,1000,0.05
16695,3735040,994.7373046875,1000,0.05
16696,3735808,994.9700317382812,1000,0.05
16697,3736832,996.5191040039062,1000,0.05
16698,3738112,996.11279296875,1000,0.05
16699,3738624,996.31982421875,1000,0.05
16700,3738880,995.8433837890625,1000,0.05
16701,3739392,996.2326049804688,1000,0.05
16702,3740160,996.3322143554688,1000,0.05
16703,3740416,996.13916015625,1000,0.05
16704,3740416,997.7443237304688,1000,0.05
16705,3741440,996.9318237304688,1000,0.05
16706,3742976,996.38427734375,1000,0.05
16707,3743488,997.0191650390625,1000,0.05
16708,3744768,996.066650390625,1000,0.05
16709,3746304,996.1102905273438,1000,0.05
16710,3746560,995.1350708007812,1000,0.05
16711,3748352,997.2496337890625,1000,0.05
16712,3748864,995.9666748046875,1000,0.05
16713,3750912,996.933349609375,1000,0.05
16714,3751936,994.8301391601562,1000,0.05
16715,3752448,997.2088012695312,1000,0.05
16716,3753984,997.6478881835938,1000,0.05
16717,3754240,997.13037109375,1000,0.05
16718,3755264,997.6483154296875,1000,0.05
16719,3755520,996.0565795898438,1000,0.05
16720,3756032,997.1337280273438,1000,0.05
16721,3756800,996.7611694335938,1000,0.05
16722,3758336,996.75048828125,1000,0.05
16723,3758592,995.6490478515625,1000,0.05
16724,3758592,994.8466796875,1000,0.05
16725,3759104,995.7051391601562,1000,0.05
16726,3762176,996.3665161132812,1000,0.05
16727,3762432,997.0734252929688,1000,0.05
16728,3762432,996.6691284179688,1000,0.05
16729,3763200,997.0320434570312,1000,0.05
16730,3764480,996.7932739257812,1000,0.05
16731,3765504,997.9815673828125,1000,0.05
16732,3770112,997.3577880859375,1000,0.05
16733,3770368,996.3134155273438,1000,0.05
16734,3770880,996.44580078125,1000,0.05
16735,3771904,996.88623046875,1000,0.05
16736,3772160,997.135009765625,1000,0.05
16737,3772928,995.9878540039062,1000,0.05
16738,3773440,995.8958129882812,1000,0.05
16739,3774976,997.0079956054688,1000,0.05
16740,3776256,995.69970703125,1000,0.05
16741,3777792,995.8168334960938,1000,0.05
16742,3777792,996.44189453125,1000,0.05
16743,3778816,997.1176147460938,1000,0.05
16744,3779840,996.9010009765625,1000,0.05
16745,3780352,994.2747192382812,1000,0.05
16746,3781120,996.4312133789062,1000,0.05
16747,3781632,997.6273803710938,1000,0.05
16748,3781888,995.8605346679688,1000,0.05
16749,3782400,997.4815063476562,1000,0.05
16750,3783168,997.2706298828125,1000,0.05
16751,3783424,997.3076171875,1000,0.05
16752,3785216,996.8360595703125,1000,0.05
16753,3785728,996.1851196289062,1000,0.05
16754,3785728,997.2203369140625,1000,0.05
16755,3787008,996.65234375,1000,0.05
16756,3788032,997.7095947265625,1000,0.05
16757,3788032,998.12890625,1000,0.05
16758,3788288,997.2633666992188,1000,0.05
16759,3788544,997.2939453125,1000,0.05
16760,3789056,996.7730712890625,1000,0.05
16761,3790592,995.086669921875,1000,0.05
16762,3792640,997.715087890625,1000,0.05
16763,3794432,996.7024536132812,1000,0.05
16764,3794944,997.73486328125,1000,0.05
16765,3795200,996.3511962890625,1000,0.05
16766,3795456,996.3076782226562,1000,0.05
16767,3795712,996.290771484375,1000,0.05
16768,3796224,995.3136596679688,1000,0.05
16769,3796736,995.4342041015625,1000,0.05
16770,3798016,996.2106323242188,1000,0.05
16771,3798016,996.5811767578125,1000,0.05
16772,3798272,997.6165771484375,1000,0.05
16773,3799040,996.6953735351562,1000,0.05
16774,3801600,997.0198974609375,1000,0.05
16775,3802112,996.7327880859375,1000,0.05
16776,3803136,996.3983764648438,1000,0.05
16777,3803904,996.4201049804688,1000,0.05
16778,3804416,996.792724609375,1000,0.05
16779,3804672,995.2507934570312,1000,0.05
16780,3806464,997.6574096679688,1000,0.05
16781,3806464,997.4287109375,1000,0.05
16782,3807488,996.556640625,1000,0.05
16783,3807488,995.4640502929688,1000,0.05
16784,3808000,995.0821533203125,1000,0.05
16785,3808256,995.8919677734375,1000,0.05
16786,3809280,996.8809814453125,1000,0.05
16787,3811072,995.8147583007812,1000,0.05
16788,3811328,997.3516235351562,1000,0.05
16789,3811328,996.2135009765625,1000,0.05
16790,3811584,997.0452880859375,1000,0.05
16791,3811840,997.9190063476562,1000,0.05
16792,3812864,995.455078125,1000,0.05
16793,3818496,995.341796875,1000,0.05
16794,3819776,997.4166870117188,1000,0.05
16795,3820544,996.3268432617188,1000,0.05
16796,3821824,996.9938354492188,1000,0.05
16797,3822336,996.7863159179688,1000,0.05
16798,3822592,996.921630859375,1000,0.05
16799,3827200,996.6539306640625,1000,0.05
16800,3828480,998.0370483398438,1000,0.05
16801,3828736,997.5241088867188,1000,0.05
16802,3829248,997.3397827148438,1000,0.05
16803,3831296,995.4577026367188,1000,0.05
16804,3832064,997.524658203125,1000,0.05
16805,3833088,997.8103637695312,1000,0.05
16806,3833600,997.6053466796875,1000,0.05
16807,3836160,997.1397705078125,1000,0.05
16808,3837184,997.7109985351562,1000,0.05
16809,3837184,996.4219970703125,1000,0.05
16810,3837184,997.6749877929688,1000,0.05
16811,3837440,997.4244995117188,1000,0.05
16812,3838208,996.4857177734375,1000,0.05
16813,3839232,995.9644165039062,1000,0.05
16814,3839488,997.7464599609375,1000,0.05
16815,3840256,997.1795654296875,1000,0.05
16816,3840512,996.5420532226562,1000,0.05
16817,3840768,996.7155151367188,1000,0.05
16818,3842816,996.2960815429688,1000,0.05
16819,3844352,996.8775024414062,1000,0.05
16820,3846400,996.635009765625,1000,0.05
16821,3847680,995.08251953125,1000,0.05
16822,3852032,996.7662963867188,1000,0.05
16823,3852544,997.9249877929688,1000,0.05
16824,3852544,996.791259765625,1000,0.05
16825,3853056,997.3633422851562,1000,0.05
16826,3853568,996.4888305664062,1000,0.05
16827,3853568,997.0494995117188,1000,0.05
16828,3854592,997.0753784179688,1000,0.05
16829,3856128,997.558349609375,1000,0.05
16830,3856384,997.4847412109375,1000,0.05
16831,3857920,997.1987915039062,1000,0.05
16832,3858176,997.4718627929688,1000,0.05
16833,3858688,997.3151245117188,1000,0.05
16834,3858944,997.3607177734375,1000,0.05
16835,3859712,996.3353271484375,1000,0.05
16836,3862784,995.09423828125,1000,0.05
16837,3863552,997.0174560546875,1000,0.05
16838,3864576,996.38525390625,1000,0.05
16839,3864832,996.4530029296875,1000,0.05
16840,3866112,997.3605346679688,1000,0.05
16841,3866112,997.33837890625,1000,0.05
16842,3870464,997.7097778320312,1000,0.05
16843,3870464,996.3314208984375,1000,0.05
16844,3873024,997.2456665039062,1000,0.05
16845,3873792,997.7020874023438,1000,0.05
16846,3874816,996.7127685546875,1000,0.05
16847,3876352,997.8746948242188,1000,0.05
16848,3877120,998.1480102539062,1000,0.05
16849,3877376,996.639404296875,1000,0.05
16850,3877888,997.0562744140625,1000,0.05
16851,3880192,996.0269775390625,1000,0.05
16852,3881472,996.866455078125,1000,0.05
16853,3881984,997.831787109375,1000,0.05
16854,3882240,995.5447387695312,1000,0.05
16855,3882240,995.9252319335938,1000,0.05
16856,3882496,996.7158203125,1000,0.05
16857,3882752,997.2695922851562,1000,0.05
16858,3883776,996.0736083984375,1000,0.05
16859,3884032,997.829833984375,1000,0.05
16860,3884544,997.4161376953125,1000,0.05
16861,3885824,997.1353149414062,1000,0.05
16862,3888640,996.8068237304688,1000,0.05
16863,3888896,996.7218017578125,1000,0.05
16864,3889408,996.5765380859375,1000,0.05
16865,3889664,997.3174438476562,1000,0.05
16866,3890176,996.7928466796875,1000,0.05
16867,3892224,997.4198608398438,1000,0.05
16868,3892992,997.37841796875,1000,0.05
16869,3893760,995.5413818359375,1000,0.05
16870,3894016,996.5928955078125,1000,0.05
16871,3894528,997.381103515625,1000,0.05
16872,3895040,995.6129150390625,1000,0.05
16873,3897344,996.7147827148438,1000,0.05
16874,3898624,996.1793823242188,1000,0.05
16875,3898880,996.9771728515625,1000,0.05
16876,3899136,997.038818359375,1000,0.05
16877,3900160,996.9746704101562,1000,0.05
16878,3900928,996.3875122070312,1000,0.05
16879,3903232,997.073974609375,1000,0.05
16880,3904512,995.9195556640625,1000,0.05
16881,3906816,995.9230346679688,1000,0.05
16882,3907840,996.7359619140625,1000,0.05
16883,3908608,997.4153442382812,1000,0.05
16884,3912192,996.1967163085938,1000,0.05
16885,3912192,997.29931640625,1000,0.05
16886,3913472,995.9599609375,1000,0.05
16887,3913472,996.5922241210938,1000,0.05
16888,3915776,996.5074462890625,1000,0.05
16889,3919360,996.8709716796875,1000,0.05
16890,3919616,996.3534545898438,1000,0.05
16891,3922432,996.902099609375,1000,0.05
16892,3924224,995.9479370117188,1000,0.05
16893,3925248,997.324462890625,1000,0.05
16894,3926016,994.9898071289062,1000,0.05
16895,3926272,996.8008422851562,1000,0.05
16896,3927552,997.2140502929688,1000,0.05
16897,3927808,997.341064453125,1000,0.05
16898,3927808,997.5765380859375,1000,0.05
16899,3928832,997.3902587890625,1000,0.05
16900,3929856,997.2459106445312,1000,0.05
16901,3930112,997.5805053710938,1000,0.05
16902,3930880,997.7359008789062,1000,0.05
16903,3931392,996.2283325195312,1000,0.05
16904,3937280,997.1817016601562,1000,0.05
16905,3939328,996.4700317382812,1000,0.05
16906,3939584,997.0889282226562,1000,0.05
16907,3940096,997.5536499023438,1000,0.05
16908,3941888,997.2501831054688,1000,0.05
16909,3943680,997.6981201171875,1000,0.05
16910,3945216,997.4666748046875,1000,0.05
16911,3947520,995.31591796875,1000,0.05
16912,3948288,996.340576171875,1000,0.05
16913,3948288,996.4478759765625,1000,0.05
16914,3949056,996.960693359375,1000,0.05
16915,3949824,996.8472900390625,1000,0.05
16916,3952384,996.4584350585938,1000,0.05
16917,3953152,996.498291015625,1000,0.05
16918,3953152,997.6407470703125,1000,0.05
16919,3954688,995.8355712890625,1000,0.05
16920,3955456,997.876953125,1000,0.05
16921,3955712,997.5098876953125,1000,0.05
16922,3955968,996.68408203125,1000,0.05
16923,3955968,997.6802978515625,1000,0.05
16924,3958528,996.7221069335938,1000,0.05
16925,3963136,997.1465454101562,1000,0.05
16926,3964160,996.38232421875,1000,0.05
16927,3965696,997.3630981445312,1000,0.05
16928,3967232,996.4952392578125,1000,0.05
16929,3968512,996.14990234375,1000,0.05
16930,3969024,996.3599853515625,1000,0.05
16931,3969280,995.9414672851562,1000,0.05
16932,3970816,998.1867065429688,1000,0.05
16933,3973376,997.146484375,1000,0.05
16934,3974400,997.4381103515625,1000,0.05
16935,3975424,998.1724853515625,1000,0.05
16936,3975680,996.4907836914062,1000,0.05
16937,3976192,997.1614379882812,1000,0.05
16938,3977216,996.27880859375,1000,0.05
16939,3978752,997.715087890625,1000,0.05
16940,3979520,995.92138671875,1000,0.05
16941,3979776,996.2544555664062,1000,0.05
16942,3982848,997.3773803710938,1000,0.05
16943,3982848,996.6007080078125,1000,0.05
16944,3985152,997.2415161132812,1000,0.05
16945,3985664,996.6249389648438,1000,0.05
16946,3986432,997.0208129882812,1000,0.05
16947,3986944,997.0585327148438,1000,0.05
16948,3988992,997.4061279296875,1000,0.05
16949,3989248,996.1969604492188,1000,0.05
16950,3990272,995.7420654296875,1000,0.05
16951,3991040,995.399658203125,1000,0.05
16952,3991808,996.8828735351562,1000,0.05
16953,3992832,997.6143798828125,1000,0.05
16954,3994112,997.9049682617188,1000,0.05
16955,3994624,996.5361938476562,1000,0.05
16956,3994880,997.2767333984375,1000,0.05
16957,3995392,996.7559204101562,1000,0.05
16958,3996160,997.1058349609375,1000,0.05
16959,3996416,997.368408203125,1000,0.05
16960,3996416,996.684814453125,1000,0.05
16961,3997440,996.4428100585938,1000,0.05
16962,3998976,995.9725341796875,1000,0.05
16963,3999488,996.4273681640625,1000,0.05
16964,4000768,997.0436401367188,1000,0.05
16965,4002304,997.6239624023438,1000,0.05
16966,4002560,996.591552734375,1000,0.05
16967,4004352,994.9819946289062,1000,0.05
16968,4004864,997.1986083984375,1000,0.05
16969,4006912,997.45263671875,1000,0.05
16970,4007936,995.9727783203125,1000,0.05
16971,4008448,994.8333129882812,1000,0.05
16972,4009984,997.5699462890625,1000,0.05
16973,4010240,995.1397094726562,1000,0.05
16974,4011264,997.5860595703125,1000,0.05
16975,4011520,996.8551635742188,1000,0.05
16976,4012032,996.9983520507812,1000,0.05
16977,4012288,332.466552734375,340,0.05
16978,4012800,997.0870361328125,1000,0.05
16979,4014336,997.91064453125,1000,0.05
16980,4014592,997.6907348632812,1000,0.05
16981,4014592,997.7100219726562,1000,0.05
16982,4015104,997.4961547851562,1000,0.05
16983,4018176,996.9483032226562,1000,0.05
16984,4018432,996.6492309570312,1000,0.05
16985,4018432,997.0338134765625,1000,0.05
16986,4019200,997.0715942382812,1000,0.05
16987,4020480,995.8614501953125,1000,0.05
16988,4021504,996.9000854492188,1000,0.05
16989,4026112,996.423095703125,1000,0.05
16990,4026368,996.682373046875,1000,0.05
16991,4026880,995.7869262695312,1000,0.05
16992,4027904,997.562744140625,1000,0.05
16993,4028160,996.6876831054688,1000,0.05
16994,4028928,996.1285400390625,1000,0.05
16995,4029440,997.4068603515625,1000,0.05
16996,4030976,997.4696655273438,1000,0.05
16997,4032256,995.455322265625,1000,0.05
16998,4033792,995.6109008789062,1000,0.05
16999,4033792,996.55517578125,1000,0.05
17000,4034816,995.6528930664062,1000,0.05
17001,4035840,997.5587158203125,1000,0.05
17002,4036352,997.2130737304688,1000,0.05
17003,4037120,997.5307006835938,1000,0.05
17004,4037632,995.6519165039062,1000,0.05
17005,4037888,996.3020629882812,1000,0.05
17006,4038400,996.511962890625,1000,0.05
17007,4039168,996.1155395507812,1000,0.05
17008,4039424,997.1634521484375,1000,0.05
17009,4041216,996.5443115234375,1000,0.05
17010,4041728,996.5383911132812,1000,0.05
17011,4041728,996.4131469726562,1000,0.05
17012,4043008,996.66552734375,1000,0.05
17013,4044032,996.8506469726562,1000,0.05
17014,4044032,995.3117065429688,1000,0.05
17015,4044288,996.131103515625,1000,0.05
17016,4044544,996.7905883789062,1000,0.05
17017,4045056,996.4237060546875,1000,0.05
17018,4046592,997.2404174804688,1000,0.05
17019,4048640,997.7088623046875,1000,0.05
17020,4050432,996.518798828125,1000,0.05
17021,4050944,996.5769653320312,1000,0.05
17022,4051200,994.8151245117188,1000,0.05
17023,4051456,997.8365478515625,1000,0.05
17024,4051712,996.2405395507812,1000,0.05
17025,4052224,997.2453002929688,1000,0.05
17026,4052736,996.306396484375,1000,0.05
17027,4054016,997.4677124023438,1000,0.05
17028,4054016,997.7944946289062,1000,0.05
17029,4054272,996.0926513671875,1000,0.05
17030,4055040,997.343017578125,1000,0.05
17031,4057600,995.4177856445312,1000,0.05
17032,4058112,997.3093872070312,1000,0.05
17033,4059136,996.1026000976562,1000,0.05
17034,4059904,996.7700805664062,1000,0.05
17035,4060416,997.1383666992188,1000,0.05
17036,4060672,997.0702514648438,1000,0.05
17037,4060928,393.40069580078125,400,0.05
17038,4062464,997.1650390625,1000,0.05
17039,4062464,996.969970703125,1000,0.05
17040,4063488,996.6090087890625,1000,0.05
17041,4063488,997.1480102539062,1000,0.05
17042,4064000,997.3491821289062,1000,0.05
17043,4064256,996.7401733398438,1000,0.05
17044,4065280,996.4369506835938,1000,0.05
17045,4067072,997.4954833984375,1000,0.05
17046,4067328,996.1002807617188,1000,0.05
17047,4067328,996.100341796875,1000,0.05
17048,4067584,996.0543823242188,1000,0.05
17049,4067840,996.3068237304688,1000,0.05
17050,4068864,997.068603515625,1000,0.05
17051,4074496,997.2559814453125,1000,0.05
17052,4075776,996.1743774414062,1000,0.05
17053,4076544,995.4927368164062,1000,0.05
17054,4077824,997.4192504882812,1000,0.05
17055,4078336,341.63360595703125,349,0.05
17056,4078336,996.0079345703125,1000,0.05
17057,4078592,997.6593017578125,1000,0.05
17058,4083200,997.1179809570312,1000,0.05
17059,4084480,997.443115234375,1000,0.05
17060,4084736,997.2885131835938,1000,0.05
17061,4085248,997.4173583984375,1000,0.05
17062,4087296,996.770751953125,1000,0.05
17063,4088064,997.3480834960938,1000,0.05
17064,4089088,997.4043579101562,1000,0.05
17065,4089600,997.5865478515625,1000,0.05
17066,4092160,995.69189453125,1000,0.05
17067,4093184,996.6014404296875,1000,0.05
17068,4093184,996.5296020507812,1000,0.05
17069,4093184,997.2163696289062,1000,0.05
17070,4093440,993.8456420898438,1000,0.05
17071,4094208,997.1448364257812,1000,0.05
17072,4095232,995.9581909179688,1000,0.05
17073,4095488,996.142333984375,1000,0.05
17074,4096256,994.9619750976562,1000,0.05
17075,4096512,997.1377563476562,1000,0.05
17076,4096768,996.4891967773438,1000,0.05
17077,4098816,997.1732788085938,1000,0.05
17078,4100352,993.7150268554688,1000,0.05
17079,4102400,996.7924194335938,1000,0.05
17080,4103680,997.2176513671875,1000,0.05
17081,4104960,153.6183319091797,166,0.05
17082,4108032,997.1884765625,1000,0.05
17083,4108544,995.1148681640625,1000,0.05
17084,4108544,996.044921875,1000,0.05
17085,4109056,996.9171752929688,1000,0.05
17086,4109568,996.8687133789062,1000,0.05
17087,4109568,995.2747192382812,1000,0.05
17088,4110592,996.325439453125,1000,0.05
17089,4112128,997.0018310546875,1000,0.05
17090,4112384,996.3958129882812,1000,0.05
17091,4113920,996.0374145507812,1000,0.05
17092,4114176,995.23095703125,1000,0.05
17093,4114688,994.731689453125,1000,0.05
17094,4114944,995.7667236328125,1000,0.05
17095,4115712,996.4968872070312,1000,0.05
17096,4118784,995.1172485351562,1000,0.05
17097,4119552,997.1744384765625,1000,0.05
17098,4120576,997.0276489257812,1000,0.05
17099,4120832,996.0634155273438,1000,0.05
17100,4122112,995.9798583984375,1000,0.05
17101,4122112,997.4349365234375,1000,0.05
17102,4126464,996.7218017578125,1000,0.05
17103,4126464,997.2696533203125,1000,0.05
17104,4129024,997.2691040039062,1000,0.05
17105,4129792,996.974609375,1000,0.05
17106,4130816,995.136474609375,1000,0.05
17107,4132352,996.3838500976562,1000,0.05
17108,4133120,995.4093627929688,1000,0.05
17109,4133376,369.4637145996094,379,0.05
17110,4133376,996.7392578125,1000,0.05
17111,4133888,997.230224609375,1000,0.05
17112,4134912,88.0031967163086,95,0.05
17113,4136192,321.0746765136719,333,0.05
17114,4136192,996.4420776367188,1000,0.05
17115,4136960,365.0843505859375,374,0.05
17116,4137472,997.4634399414062,1000,0.05
17117,4137984,997.6281127929688,1000,0.05
17118,4138240,997.9841918945312,1000,0.05
17119,4138240,997.4574584960938,1000,0.05
17120,4138496,996.9929809570312,1000,0.05
17121,4138752,995.3588256835938,1000,0.05
17122,4139776,387.5660400390625,398,0.05
17123,4139776,995.8489990234375,1000,0.05
17124,4140032,997.0812377929688,1000,0.05
17125,4140544,995.7703247070312,1000,0.05
17126,4141056,366.086181640625,375,0.05
17127,4141056,396.3865051269531,406,0.05
17128,4141824,996.8756103515625,1000,0.05
17129,4141824,436.41497802734375,451,0.05
17130,4143104,486.2513122558594,503,0.05
17131,4144640,997.3555297851562,1000,0.05
17132,4144896,252.07318115234375,267,0.05
17133,4144896,995.8225708007812,1000,0.05
17134,4145408,996.59521484375,1000,0.05
17135,4145664,995.8359375,1000,0.05
17136,4145664,408.72174072265625,415,0.05
17137,4146176,997.793701171875,1000,0.05
17138,4148224,997.3521728515625,1000,0.05
17139,4148992,996.9911499023438,1000,0.05
17140,4149248,340.78375244140625,349,0.05
17141,4149760,996.746337890625,1000,0.05
17142,4150016,995.2122802734375,1000,0.05
17143,4150272,323.0875549316406,332,0.05
17144,4150528,996.427490234375,1000,0.05
17145,4151040,997.4169311523438,1000,0.05
17146,4151296,343.39068603515625,353,0.05
17147,4151296,377.7626037597656,387,0.05
17148,4151552,112.88482666015625,120,0.05
17149,4153344,424.67584228515625,431,0.05
17150,4153344,996.7401123046875,1000,0.05
17151,4154624,997.7192993164062,1000,0.05
17152,4154624,66.1181411743164,72,0.05
17153,4154880,996.9063720703125,1000,0.05
17154,4155136,996.3978271484375,1000,0.05
17155,4155392,89.66464233398438,96,0.05
17156,4155648,365.6506652832031,381,0.05
17157,4156160,997.1055297851562,1000,0.05
17158,4156160,225.33753967285156,237,0.05
17159,4156416,332.1427001953125,349,0.05
17160,4156928,996.9708862304688,1000,0.05
17161,4157952,401.1369323730469,411,0.05
17162,4158976,69.02848815917969,75,0.05
17163,4158976,248.26345825195312,261,0.05
17164,4159232,995.65478515625,1000,0.05
17165,4159232,76.3882064819336,82,0.05
17166,4159744,399.7114562988281,412,0.05
17167,4160512,997.2200927734375,1000,0.05
17168,4162048,94.62215423583984,101,0.05
17169,4162560,80.75907897949219,88,0.05
17170,4162816,996.5031127929688,1000,0.05
17171,4163328,410.3854675292969,427,0.05
17172,4163840,995.8677978515625,1000,0.05
17173,4164096,319.31585693359375,334,0.05
17174,4164352,264.6015930175781,278,0.05
17175,4164352,385.2247314453125,394,0.05
17176,4164608,996.0780639648438,1000,0.05
17177,4164864,69.13975524902344,75,0.05
17178,4165632,329.98992919921875,351,0.05
17179,4166400,399.8482360839844,413,0.05
17180,4167168,391.2606201171875,402,0.05
17181,4167936,99.55963134765625,105,0.05
17182,4167936,59.90594482421875,66,0.05
17183,4167936,103.5515365600586,110,0.05
17184,4168192,996.0077514648438,1000,0.05
17185,4168192,995.7617797851562,1000,0.05
17186,4169472,996.7335815429688,1000,0.05
17187,4169472,996.7211303710938,1000,0.05
17188,4169984,346.6242370605469,358,0.05
17189,4171264,395.8606262207031,406,0.05
17190,4171776,331.7125549316406,346,0.05
17191,4171776,65.95751953125,72,0.05
17192,4171776,995.5841674804688,1000,0.05
17193,4172032,82.91915893554688,90,0.05
17194,4173312,262.6911926269531,277,0.05
17195,4173824,218.30841064453125,231,0.05
17196,4173824,328.1919860839844,349,0.05
17197,4173824,215.18032836914062,227,0.05
17198,4174336,108.41693878173828,115,0.05
17199,4175104,87.57613372802734,93,0.05
17200,4175360,996.0284423828125,1000,0.05
17201,4175616,994.3095092773438,1000,0.05
17202,4176640,92.15657806396484,98,0.05
17203,4177664,100.9439926147461,108,0.05
17204,4178432,996.8805541992188,1000,0.05
17205,4178688,340.5407409667969,357,0.05
17206,4178688,145.0997314453125,158,0.05
17207,4178944,69.29194641113281,75,0.05
17208,4179200,154.3792266845703,161,0.05
17209,4179200,89.72682189941406,96,0.05
17210,4179712,91.429931640625,97,0.05
17211,4179968,108.13700103759766,115,0.05
17212,4180224,995.96044921875,1000,0.05
17213,4180224,246.42298889160156,258,0.05
17214,4180992,317.0143127441406,335,0.05
17215,4180992,282.6629333496094,302,0.05
17216,4181248,300.07989501953125,322,0.05
17217,4181504,335.4589538574219,344,0.05
17218,4181760,226.6552734375,246,0.05
17219,4182016,995.9531860351562,1000,0.05
17220,4182272,995.8710327148438,1000,0.05
17221,4183040,324.5346984863281,337,0.05
17222,4183296,304.9635925292969,324,0.05
17223,4183552,996.512451171875,1000,0.05
17224,4183552,363.9426574707031,384,0.05
17225,4183808,995.4795532226562,1000,0.05
17226,4183808,996.52001953125,1000,0.05
17227,4184320,61.7116813659668,67,0.05
17228,4184832,996.8524780273438,1000,0.05
17229,4184832,81.3973159790039,87,0.05
17230,4184832,78.1471176147461,84,0.05
17231,4185856,300.1520690917969,316,0.05
17232,4185856,996.3541870117188,1000,0.05
17233,4186112,995.1441650390625,1000,0.05
17234,4186624,410.6556091308594,423,0.05
17235,4186624,199.18568420410156,209,0.05
17236,4186880,996.6753540039062,1000,0.05
17237,4186880,349.97796630859375,362,0.05
17238,4187392,994.6459350585938,1000,0.05
17239,4189952,121.15946960449219,132,0.05
17240,4189952,123.60720825195312,134,0.05
17241,4190464,80.5337905883789,87,0.05
17242,4190464,116.61311340332031,127,0.05
17243,4190720,82.35527038574219,89,0.05
17244,4190720,127.65617370605469,139,0.05
17245,4191232,146.75363159179688,156,0.05
17246,4191488,108.2293701171875,115,0.05
17247,4192256,55.096317291259766,61,0.05
17248,4192768,105.15109252929688,111,0.05
17249,4193024,103.97538757324219,114,0.05
17250,4193280,995.8299560546875,1000,0.05
17251,4193536,364.91387939453125,380,0.05
17252,4193792,312.3760681152344,329,0.05
17253,4193792,140.15347290039062,150,0.05
17254,4194048,89.85214233398438,96,0.05
17255,4194560,126.757080078125,139,0.05
17256,4194560,97.63860321044922,104,0.05
17257,4195328,996.2893676757812,1000,0.05
17258,4195328,384.6203308105469,399,0.05
17259,4195584,993.5783081054688,1000,0.05
17260,4195840,80.37158966064453,86,0.05
17261,4195840,77.93529510498047,84,0.05
17262,4196096,243.4384002685547,262,0.05
17263,4196096,112.20795440673828,119,0.05
17264,4196096,997.1649169921875,1000,0.05
17265,4196096,419.1772155761719,435,0.05
17266,4196608,81.73414611816406,89,0.05
17267,4197376,279.01434326171875,294,0.05
17268,4197376,139.5157012939453,149,0.05
17269,4197888,996.814697265625,1000,0.05
17270,4198400,244.7696990966797,258,0.05
17271,4199168,86.25196075439453,93,0.05
17272,4199424,338.37908935546875,353,0.05
17273,4199424,333.69317626953125,355,0.05
17274,4199680,62.97838592529297,69,0.05
17275,4199680,995.95166015625,1000,0.05
17276,4199680,297.12554931640625,313,0.05
17277,4200704,236.46250915527344,249,0.05
17278,4200960,245.544677734375,258,0.05
17279,4201216,996.905029296875,1000,0.05
17280,4201472,428.3966369628906,439,0.05
17281,4201728,218.15481567382812,229,0.05
17282,4201728,95.64647674560547,104,0.05
17283,4202240,83.75057220458984,91,0.05
17284,4202752,76.4443588256836,82,0.05
17285,4203520,995.9902954101562,1000,0.05
17286,4203776,90.29679107666016,96,0.05
17287,4204032,64.62107849121094,71,0.05
17288,4204032,203.24183654785156,214,0.05
17289,4204032,178.6275634765625,193,0.05
17290,4204032,333.6570129394531,348,0.05
17291,4204032,87.0212173461914,94,0.05
17292,4204288,996.2467041015625,1000,0.05
17293,4204288,994.8123779296875,1000,0.05
17294,4204800,234.75889587402344,246,0.05
17295,4204800,65.34595489501953,71,0.05
17296,4205056,996.8753051757812,1000,0.05
17297,4205056,97.4905014038086,104,0.05
17298,4205568,205.84188842773438,218,0.05
17299,4205568,191.93533325195312,204,0.05
17300,4205568,293.8514709472656,309,0.05
17301,4205824,996.376220703125,1000,0.05
17302,4206080,304.970458984375,328,0.05
17303,4206080,68.7734603881836,75,0.05
17304,4206336,363.25482177734375,378,0.05
17305,4206592,342.6334228515625,362,0.05
17306,4206592,352.34490966796875,369,0.05
17307,4207360,305.4820251464844,316,0.05
17308,4207616,73.66498565673828,79,0.05
17309,4207872,162.0611572265625,170,0.05
17310,4208384,994.7511596679688,1000,0.05
17311,4208384,105.325927734375,112,0.05
17312,4209152,135.3466033935547,146,0.05
17313,4209152,996.5679931640625,1000,0.05
17314,4209152,232.66180419921875,249,0.05
17315,4209152,995.9974365234375,1000,0.05
17316,4209408,382.4346008300781,394,0.05
17317,4209920,91.36103820800781,98,0.05
17318,4210176,85.25322723388672,92,0.05
17319,4210688,995.1941528320312,1000,0.05
17320,4210944,110.15853118896484,120,0.05
17321,4211456,996.7692260742188,1000,0.05
17322,4211712,996.7492065429688,1000,0.05
17323,4211712,90.74573516845703,97,0.05
17324,4211968,993.2301025390625,1000,0.05
17325,4211968,995.524658203125,1000,0.05
17326,4212992,71.04615020751953,78,0.05
17327,4213760,209.8139190673828,222,0.05
17328,4214016,33.229042053222656,38,0.05
17329,4214016,111.65291595458984,120,0.05
17330,4214272,214.59378051757812,227,0.05
17331,4214272,149.1920623779297,160,0.05
17332,4214272,285.0838928222656,300,0.05
17333,4214528,208.78732299804688,217,0.05
17334,4215040,70.8421401977539,77,0.05
17335,4215296,220.69410705566406,230,0.05
17336,4215552,64.9330825805664,71,0.05
17337,4215808,125.42327117919922,136,0.05
17338,4215808,82.6807861328125,90,0.05
17339,4216320,112.45970916748047,123,0.05
17340,4216576,83.42617797851562,90,0.05
17341,4216576,194.38607788085938,202,0.05
17342,4217088,97.32242584228516,106,0.05
17343,4217088,122.12321472167969,131,0.05
17344,4217856,286.6068420410156,297,0.05
17345,4218624,321.6293640136719,333,0.05
17346,4218624,285.01568603515625,305,0.05
17347,4218880,56.95292663574219,63,0.05
17348,4219136,207.05828857421875,215,0.05
17349,4219136,996.3511352539062,1000,0.05
17350,4219136,128.2451934814453,138,0.05
17351,4219136,70.73352813720703,77,0.05
17352,4219648,279.72332763671875,289,0.05
17353,4219648,78.71925354003906,85,0.05
17354,4219648,401.81549072265625,419,0.05
17355,4219904,306.01812744140625,317,0.05
17356,4219904,96.09422302246094,102,0.05
17357,4220160,996.9147338867188,1000,0.05
17358,4220160,93.3650894165039,100,0.05
17359,4220160,600.500732421875,610,0.05
17360,4220672,83.22171783447266,91,0.05
17361,4220672,145.73580932617188,155,0.05
17362,4221184,110.1957778930664,119,0.05
17363,4221184,93.94120788574219,100,0.05
17364,4221696,995.51123046875,1000,0.05
17365,4221696,101.46599578857422,108,0.05
17366,4221952,880.5912475585938,888,0.05
17367,4221952,268.51690673828125,280,0.05
17368,4222464,380.2653503417969,398,0.05
17369,4222720,78.56400299072266,84,0.05
17370,4222720,58.78063201904297,65,0.05
17371,4222720,222.78704833984375,234,0.05
17372,4222976,79.79536437988281,86,0.05
17373,4222976,89.46394348144531,96,0.05
17374,4222976,77.28617858886719,83,0.05
17375,4223232,339.5504150390625,351,0.05
17376,4223232,996.4443969726562,1000,0.05
17377,4223232,86.65127563476562,94,0.05
17378,4223488,56.590065002441406,63,0.05
17379,4223744,77.59930419921875,84,0.05
17380,4223744,149.5645294189453,159,0.05
17381,4224000,72.69986724853516,78,0.05
17382,4224256,105.01012420654297,111,0.05
17383,4224256,108.81615447998047,119,0.05
17384,4224512,995.8629150390625,1000,0.05
17385,4224768,355.6859436035156,371,0.05
17386,4225024,996.3119506835938,1000,0.05
17387,4225280,995.5775756835938,1000,0.05
17388,4225792,296.106689453125,311,0.05
17389,4226048,321.53857421875,332,0.05
17390,4226048,109.98214721679688,117,0.05
17391,4226048,166.080322265625,175,0.05
17392,4226560,442.91766357421875,463,0.05
17393,4226816,993.2028198242188,1000,0.05
17394,4226816,308.2149658203125,321,0.05
17395,4226816,60.14189529418945,66,0.05
17396,4227072,75.52813720703125,83,0.05
17397,4227328,82.44903564453125,88,0.05
17398,4227328,132.39569091796875,144,0.05
17399,4227328,288.34906005859375,309,0.05
17400,4227328,102.79312896728516,109,0.05
17401,4227584,216.53125,225,0.05
17402,4227840,114.67892456054688,124,0.05
17403,4227840,101.02449798583984,110,0.05
17404,4227840,70.94165802001953,76,0.05
17405,4228608,175.05026245117188,193,0.05
17406,4228608,70.27452850341797,76,0.05
17407,4228608,96.76416778564453,105,0.05
17408,4228864,82.26271057128906,88,0.05
17409,4228864,105.16778564453125,114,0.05
17410,4229376,995.1381225585938,1000,0.05
17411,4229632,226.54708862304688,241,0.05
17412,4230400,994.7750854492188,1000,0.05
17413,4230400,113.27655029296875,120,0.05
17414,4230400,58.76723098754883,65,0.05
17415,4230656,92.0404281616211,98,0.05
17416,4230912,99.22867584228516,105,0.05
17417,4231424,994.8638305664062,1000,0.05
17418,4231680,994.084716796875,1000,0.05
17419,4231936,174.91427612304688,184,0.05
17420,4231936,81.76280212402344,89,0.05
17421,4231936,71.13526916503906,78,0.05
17422,4232192,996.474609375,1000,0.05
17423,4232448,841.0928955078125,851,0.05
17424,4232704,79.41441345214844,85,0.05
17425,4232960,258.9493103027344,267,0.05
17426,4233216,996.078857421875,1000,0.05
17427,4233984,33.406639099121094,38,0.05
17428,4234496,109.05311584472656,116,0.05
17429,4234752,141.25169372558594,149,0.05
17430,4234752,994.3222045898438,1000,0.05
17431,4234752,24.654132843017578,29,0.05
17432,4235264,235.2166290283203,247,0.05
17433,4235520,111.57034301757812,119,0.05
17434,4235520,993.5087890625,1000,0.05
17435,4235776,994.6185302734375,1000,0.05
17436,4236032,114.860595703125,125,0.05
17437,4236288,76.01950073242188,82,0.05
17438,4236544,29.568546295166016,34,0.05
17439,4236800,107.44804382324219,118,0.05
17440,4237312,93.99413299560547,100,0.05
17441,4237312,115.2489242553711,124,0.05
17442,4237312,120.6977767944336,130,0.05
17443,4237824,345.9832763671875,363,0.05
17444,4238336,127.56179809570312,136,0.05
17445,4238592,27.78183364868164,32,0.05
17446,4238848,993.8405151367188,1000,0.05
17447,4238848,993.2182006835938,1000,0.05
17448,4239104,32.33165740966797,37,0.05
17449,4239104,181.0642852783203,190,0.05
17450,4239360,892.537841796875,904,0.05
17451,4239616,131.41201782226562,140,0.05
17452,4239616,101.37005615234375,110,0.05
17453,4239616,128.89784240722656,139,0.05
17454,4239872,879.4837646484375,889,0.05
17455,4239872,255.72665405273438,268,0.05
17456,4239872,289.59075927734375,310,0.05
17457,4240128,780.302978515625,791,0.05
17458,4240384,214.5894317626953,230,0.05
17459,4240640,377.0354919433594,399,0.05
17460,4240640,983.8046264648438,993,0.05
17461,4240640,719.9523315429688,729,0.05
17462,4240640,729.3619384765625,740,0.05
17463,4240896,847.9136962890625,857,0.05
17464,4241152,948.4028930664062,956,0.05
17465,4241152,735.5286865234375,745,0.05
17466,4241152,996.1423950195312,1000,0.05
17467,4241152,640.4139404296875,651,0.05
17468,4241152,951.2315673828125,960,0.05
17469,4241152,945.5592651367188,957,0.05
17470,4241152,893.5921020507812,902,0.05
17471,4241152,98.36853790283203,105,0.05
17472,4241152,567.048095703125,578,0.05
17473,4241152,793.31787109375,802,0.05
17474,4241152,856.7560424804688,867,0.05
17475,4241408,863.2526245117188,871,0.05
17476,4241408,740.0551147460938,753,0.05
17477,4241408,132.30313110351562,142,0.05
17478,4241408,823.6204833984375,833,0.05
17479,4241664,994.4092407226562,1000,0.05
17480,4241664,628.9920043945312,640,0.05
17481,4241664,934.1627197265625,941,0.05
17482,4241664,77.93008422851562,85,0.05
17483,4241664,662.6863403320312,675,0.05
17484,4241920,826.1778564453125,836,0.05
17485,4241920,896.9448852539062,906,0.05
17486,4241920,80.67959594726562,89,0.05
17487,4241920,893.0558471679688,901,0.05
17488,4242176,764.142578125,773,0.05
17489,4242176,948.8112182617188,956,0.05
17490,4242176,84.69361114501953,92,0.05
17491,4242176,127.16516876220703,135,0.05
17492,4242176,941.0770874023438,948,0.05
17493,4242176,832.8719482421875,841,0.05
17494,4242176,965.3395385742188,974,0.05
17495,4242432,880.3934326171875,888,0.05
17496,4242688,838.138427734375,846,0.05
17497,4242688,774.4246215820312,785,0.05
17498,4242688,971.7723388671875,980,0.05
17499,4242944,220.15097045898438,232,0.05
17500,4242944,914.5171508789062,922,0.05
17501,4242944,995.2301635742188,1000,0.05
17502,4243200,889.8314208984375,900,0.05
17503,4243456,233.11489868164062,247,0.05
17504,4243712,740.7445068359375,751,0.05
17505,4243712,790.522216796875,802,0.05
17506,4243712,985.6187744140625,994,0.05
17507,4243712,967.630859375,975,0.05
17508,4243712,947.5752563476562,956,0.05
17509,4243712,818.1416625976562,826,0.05
17510,4243712,24.801109313964844,29,0.05
17511,4243968,935.2833251953125,944,0.05
17512,4243968,738.233154296875,751,0.05
17513,4244224,93.79822540283203,100,0.05
17514,4244224,680.099609375,690,0.05
17515,4244736,105.6270523071289,113,0.05
17516,4244736,832.4779052734375,841,0.05
17517,4244992,121.95955657958984,129,0.05
17518,4245248,836.0530395507812,845,0.05
17519,4245504,90.44612121582031,99,0.05
17520,4245504,779.0933227539062,796,0.05
17521,4245504,113.80960845947266,122,0.05
17522,4246016,988.3798828125,996,0.05
17523,4246272,67.27558898925781,74,0.05
17524,4246272,229.2964324951172,242,0.05
17525,4246272,995.3843994140625,1000,0.05
17526,4246272,935.7509765625,943,0.05
17527,4246784,88.44654083251953,95,0.05
17528,4247040,783.7789916992188,793,0.05
17529,4247296,209.10275268554688,218,0.05
17530,4247296,34.66986846923828,39,0.05
17531,4247296,134.12596130371094,143,0.05
17532,4247296,738.4638061523438,751,0.05
17533,4247552,280.59429931640625,296,0.05
17534,4247552,901.2061767578125,910,0.05
17535,4247808,708.1659545898438,724,0.05
17536,4247808,266.775390625,282,0.05
17537,4247808,30.74845314025879,35,0.05
17538,4247808,307.8042907714844,318,0.05
17539,4247808,26.861454010009766,31,0.05
17540,4248064,31.557641983032227,36,0.05
17541,4248064,104.8910903930664,114,0.05
17542,4248320,23.857227325439453,28,0.05
17543,4248320,28.739622116088867,33,0.05
17544,4248320,115.98271179199219,124,0.05
17545,4248576,121.79126739501953,129,0.05
17546,4248576,617.5791015625,627,0.05
17547,4248576,114.96018981933594,123,0.05
17548,4248832,216.06480407714844,227,0.05
17549,4248832,612.9004516601562,622,0.05
17550,4249088,698.6611938476562,708,0.05
17551,4249088,730.239501953125,742,0.05
17552,4249088,76.60999298095703,84,0.05
17553,4249088,100.43682861328125,109,0.05
17554,4249344,95.53416442871094,103,0.05
17555,4249600,793.2357177734375,803,0.05
17556,4249600,306.3863830566406,318,0.05
17557,4249856,885.6909790039062,896,0.05
17558,4250112,106.93795776367188,117,0.05
17559,4250112,895.5065307617188,906,0.05
17560,4250368,77.79761505126953,84,0.05
17561,4250368,816.8301391601562,825,0.05
17562,4250624,590.21484375,602,0.05
17563,4250624,953.1967163085938,969,0.05
17564,4250624,838.7079467773438,847,0.05
17565,4250624,838.1033935546875,847,0.05
17566,4250624,255.69471740722656,267,0.05
17567,4250880,954.4213256835938,963,0.05
17568,4250880,938.5520629882812,947,0.05
17569,4250880,994.3284912109375,1000,0.05
17570,4250880,445.3706970214844,457,0.05
17571,4251136,100.82101440429688,107,0.05
17572,4251136,836.8335571289062,845,0.05
17573,4251392,707.3069458007812,719,0.05
17574,4251392,69.25221252441406,76,0.05
17575,4251648,33.5540771484375,38,0.05
17576,4251904,739.5559692382812,748,0.05
17577,4252416,193.9745635986328,202,0.05
17578,4252416,995.5029907226562,1000,0.05
17579,4252416,802.2838745117188,812,0.05
17580,4252672,30.548555374145508,35,0.05
17581,4252672,36.65907669067383,41,0.05
17582,4252928,32.630313873291016,37,0.05
17583,4253440,253.2277069091797,264,0.05
17584,4253440,28.65150260925293,33,0.05
17585,4253952,254.5762481689453,265,0.05
17586,4254208,95.20982360839844,103,0.05
17587,4254464,215.60804748535156,228,0.05
17588,4254720,938.6129760742188,948,0.05
17589,4255232,943.5386962890625,952,0.05
17590,4255232,217.7913055419922,232,0.05
17591,4255744,917.9694213867188,927,0.05
17592,4255744,106.76677703857422,116,0.05
17593,4255744,89.4013442993164,97,0.05
17594,4255744,758.7031860351562,774,0.05
17595,4256000,867.4237670898438,879,0.05
17596,4256000,742.2866821289062,752,0.05
17597,4256256,805.0844116210938,819,0.05
17598,4256512,27.723939895629883,32,0.05
17599,4256512,116.4028091430664,126,0.05
17600,4256768,30.698989868164062,35,0.05
17601,4256768,102.91139221191406,110,0.05
17602,4257024,87.12016296386719,94,0.05
17603,4257024,139.20486450195312,148,0.05
17604,4257280,27.66875648498535,32,0.05
17605,4257536,76.31005096435547,84,0.05
17606,4257536,22.909587860107422,27,0.05
17607,4257792,122.43697357177734,129,0.05
17608,4258048,246.6226806640625,257,0.05
17609,4258560,94.94955444335938,101,0.05
17610,4258816,66.00635528564453,73,0.05
17611,4258816,111.23094177246094,118,0.05
17612,4258816,322.6221923828125,332,0.05
17613,4259072,27.689889907836914,32,0.05
17614,4260096,31.683303833007812,36,0.05
17615,4260608,222.94544982910156,231,0.05
17616,4260864,110.96498107910156,119,0.05
17617,4261376,29.675426483154297,34,0.05
17618,4261376,106.39476776123047,114,0.05
17619,4261632,129.38760375976562,137,0.05
17620,4261888,76.25367736816406,84,0.05
17621,4261888,30.709468841552734,35,0.05
17622,4261888,269.6090393066406,281,0.05
17623,4262144,120.60232543945312,131,0.05
17624,4262400,146.8559112548828,155,0.05
17625,4262400,120.46550750732422,131,0.05
17626,4262400,114.09378814697266,124,0.05
17627,4262912,219.6124267578125,229,0.05
17628,4263424,133.1314697265625,143,0.05
17629,4263424,204.59716796875,212,0.05
17630,4263680,204.8195343017578,216,0.05
17631,4265216,94.75599670410156,102,0.05
17632,4265216,34.475547790527344,39,0.05
17633,4265728,328.37841796875,340,0.05
17634,4265984,110.22740936279297,119,0.05
17635,4267264,368.4734191894531,382,0.05
17636,4267520,105.97897338867188,113,0.05
17637,4267776,361.7185974121094,375,0.05
17638,4268032,104.8574447631836,112,0.05
17639,4268288,123.26428985595703,132,0.05
17640,4268800,97.53951263427734,106,0.05
17641,4269056,344.39404296875,357,0.05
17642,4269312,238.64065551757812,249,0.05
17643,4269568,102.63522338867188,111,0.05
17644,4270080,283.5811767578125,292,0.05
17645,4270080,107.4803695678711,115,0.05
17646,4271360,191.13304138183594,198,0.05
17647,4271872,111.18400573730469,120,0.05
17648,4271872,187.00198364257812,195,0.05
17649,4271872,180.33230590820312,188,0.05
17650,4272128,220.07382202148438,227,0.05
17651,4272128,206.12643432617188,215,0.05
17652,4272384,101.39175415039062,110,0.05
17653,4272640,114.90154266357422,123,0.05
17654,4273152,214.54385375976562,224,0.05
17655,4273152,225.1749725341797,231,0.05
17656,4273664,75.18922424316406,83,0.05
17657,4273664,434.4449768066406,447,0.05
17658,4273664,228.5035858154297,237,0.05
17659,4273920,112.32523345947266,121,0.05
17660,4273920,118.96804809570312,128,0.05
17661,4274432,105.62991333007812,114,0.05
17662,4274688,249.2339630126953,261,0.05
17663,4275456,310.8702697753906,321,0.05
17664,4275456,99.50360870361328,109,0.05
17665,4275456,88.7202377319336,97,0.05
17666,4275968,199.9553985595703,208,0.05
17667,4276480,103.97318267822266,111,0.05
17668,4276736,231.4808349609375,241,0.05
17669,4276992,96.18782806396484,105,0.05
17670,4277248,113.9915542602539,121,0.05
17671,4277504,102.96150207519531,112,0.05
17672,4277760,204.4237518310547,215,0.05
17673,4278016,123.23675537109375,132,0.05
17674,4278784,150.3292236328125,160,0.05
17675,4278784,375.546142578125,391,0.05
17676,4279040,221.79238891601562,228,0.05
17677,4279040,116.92207336425781,126,0.05
17678,4279296,118.84770202636719,129,0.05
17679,4279808,135.6602325439453,144,0.05
17680,4280320,215.1044921875,224,0.05
17681,4280832,226.57342529296875,238,0.05
17682,4280832,121.47518920898438,131,0.05
17683,4281088,142.4223175048828,153,0.05
17684,4281856,228.5150909423828,237,0.05
17685,4282112,157.7587890625,166,0.05
17686,4282112,149.1827850341797,157,0.05
17687,4282368,120.88059997558594,130,0.05
17688,4282368,247.0801544189453,258,0.05
17689,4282368,123.11737060546875,132,0.05
17690,4282624,129.2508087158203,138,0.05
17691,4282880,124.62783813476562,133,0.05
17692,4283136,32.59237289428711,37,0.05
17693,4283136,125.42779541015625,136,0.05
17694,4283648,348.9590759277344,361,0.05
17695,4283904,131.2945556640625,141,0.05
17696,4284672,213.1405029296875,222,0.05
17697,4284928,128.6730194091797,140,0.05
17698,4284928,269.57000732421875,276,0.05
17699,4284928,223.19528198242188,236,0.05
17700,4285952,124.47681427001953,136,0.05
17701,4286464,228.52732849121094,237,0.05
17702,4290560,153.0662384033203,164,0.05
17703,4290816,240.2533416748047,250,0.05
17704,4291840,292.9154052734375,302,0.05
17705,4291840,210.91712951660156,219,0.05
17706,4292608,246.3424530029297,255,0.05
17707,4292608,226.66920471191406,235,0.05
17708,4292864,170.82546997070312,178,0.05
17709,4293632,316.48382568359375,326,0.05
17710,4293888,91.68029022216797,100,0.05
17711,4294144,198.46707153320312,206,0.05
17712,4294400,332.8811340332031,343,0.05
17713,4294656,284.1623229980469,293,0.05
17714,4295680,175.4759063720703,188,0.05
17715,4296704,285.6170654296875,293,0.05
17716,4296960,209.50164794921875,218,0.05
17717,4296960,266.32012939453125,273,0.05
17718,4296960,431.04193115234375,442,0.05
17719,4297216,268.7906799316406,275,0.05
17720,4297472,118.09425354003906,126,0.05
17721,4297728,212.0308074951172,222,0.05
17722,4297984,208.08367919921875,216,0.05
17723,4298240,278.50433349609375,285,0.05
17724,4298496,286.2004089355469,293,0.05
17725,4298496,292.2845458984375,300,0.05
17726,4298752,212.96002197265625,221,0.05
17727,4299520,313.49432373046875,324,0.05
17728,4301312,243.60374450683594,253,0.05
17729,4301312,300.54241943359375,310,0.05
17730,4301824,195.4520721435547,204,0.05
17731,4301824,254.86386108398438,262,0.05
17732,4301824,312.9374084472656,321,0.05
17733,4303104,406.7557373046875,418,0.05
17734,4303360,223.16868591308594,232,0.05
17735,4303360,234.15830993652344,241,0.05
17736,4303872,307.6999816894531,315,0.05
17737,4304640,240.07066345214844,250,0.05
17738,4306688,289.8709716796875,298,0.05
17739,4306688,225.7171173095703,233,0.05
17740,4307200,308.25604248046875,317,0.05
17741,4307968,320.5108642578125,331,0.05
17742,4307968,431.6324157714844,443,0.05
17743,4308224,249.44644165039062,260,0.05
17744,4308736,196.80979919433594,204,0.05
17745,4308736,337.9764099121094,348,0.05
17746,4309248,326.74383544921875,337,0.05
17747,4309504,340.6592712402344,349,0.05
17748,4309504,265.17388916015625,273,0.05
17749,4310016,186.28982543945312,192,0.05
17750,4310272,253.55889892578125,260,0.05
17751,4310528,299.1920471191406,307,0.05
17752,4315392,298.3099060058594,305,0.05
17753,4315904,256.8963623046875,264,0.05
17754,4315904,266.6822814941406,273,0.05
17755,4315904,225.58094787597656,231,0.05
17756,4316160,323.33294677734375,331,0.05
17757,4316160,311.35400390625,318,0.05
17758,4316160,280.6376647949219,289,0.05
17759,4316416,255.339599609375,262,0.05
17760,4316416,370.75445556640625,380,0.05
17761,4316672,301.8043518066406,310,0.05
17762,4316672,295.3453063964844,303,0.05
17763,4316672,214.60333251953125,221,0.05
17764,4316928,282.2442626953125,290,0.05
17765,4317184,233.59555053710938,239,0.05
17766,4317184,248.984130859375,256,0.05
17767,4317440,412.9754943847656,422,0.05
17768,4317696,303.86859130859375,310,0.05
17769,4317952,428.6199951171875,437,0.05
17770,4317952,273.2093811035156,280,0.05
17771,4318464,209.98403930664062,219,0.05
17772,4320768,308.7324523925781,316,0.05
17773,4323072,336.953125,348,0.05
17774,4326144,324.29449462890625,334,0.05
17775,4326656,322.0447692871094,330,0.05
17776,4328448,334.2109680175781,341,0.05
17777,4328960,372.69207763671875,380,0.05
17778,4329728,337.9911193847656,346,0.05
17779,4329728,333.95904541015625,345,0.05
17780,4329984,337.7651062011719,346,0.05
17781,4334848,407.6759948730469,420,0.05
17782,4335104,415.6356506347656,426,0.05
17783,4335104,471.26605224609375,482,0.05
17784,4335360,320.9454040527344,329,0.05
17785,4335360,351.9792175292969,363,0.05
17786,4335616,336.38812255859375,343,0.05
17787,4335616,445.8067321777344,455,0.05
17788,4335616,355.52984619140625,363,0.05
17789,4335872,324.5822448730469,333,0.05
17790,4335872,449.22442626953125,461,0.05
17791,4335872,352.3672790527344,366,0.05
17792,4335872,374.0544738769531,387,0.05
17793,4336128,247.23031616210938,253,0.05
17794,4336128,332.82476806640625,340,0.05
17795,4336128,348.3165588378906,361,0.05
17796,4336128,301.8152160644531,309,0.05
17797,4336384,307.84283447265625,315,0.05
17798,4336640,383.3129577636719,395,0.05
17799,4339456,359.2208251953125,367,0.05
17800,4341760,352.6498718261719,359,0.05
17801,4341760,265.0295715332031,273,0.05
17802,4342016,350.4456787109375,357,0.05
17803,4342016,359.9680480957031,368,0.05
17804,4342016,508.5336608886719,519,0.05
17805,4342016,278.11090087890625,284,0.05
17806,4342016,280.0028991699219,285,0.05
17807,4342016,352.00286865234375,361,0.05
17808,4342272,307.32684326171875,314,0.05
17809,4342272,349.8070983886719,357,0.05
17810,4342272,386.4773254394531,395,0.05
17811,4342272,384.7216796875,391,0.05
17812,4342272,246.4405517578125,252,0.05
17813,4342528,332.50982666015625,338,0.05
17814,4342528,309.4346618652344,316,0.05
17815,4342528,379.4167175292969,386,0.05
17816,4342528,339.5339660644531,348,0.05
17817,4342528,331.4602966308594,339,0.05
17818,4342528,286.1093444824219,293,0.05
17819,4342528,419.6930847167969,427,0.05
17820,4342528,348.77813720703125,359,0.05
17821,4342528,302.0735778808594,308,0.05
17822,4342528,320.54071044921875,327,0.05
17823,4342528,349.0977783203125,356,0.05
17824,4342528,306.20184326171875,313,0.05
17825,4342528,390.6807861328125,398,0.05
17826,4342528,361.2255554199219,369,0.05
17827,4342528,379.282470703125,386,0.05
17828,4342784,343.24017333984375,349,0.05
17829,4342784,322.0236511230469,328,0.05
17830,4342784,323.7748107910156,329,0.05
17831,4342784,330.113525390625,336,0.05
17832,4342784,395.18218994140625,403,0.05
17833,4342784,272.0133056640625,277,0.05
17834,4342784,338.2333068847656,345,0.05
17835,4342784,327.748291015625,334,0.05
17836,4342784,353.2429504394531,361,0.05
17837,4342784,251.98974609375,258,0.05
17838,4342784,346.2283020019531,352,0.05
17839,4342784,387.29290771484375,395,0.05
17840,4342784,370.4818420410156,377,0.05
17841,4342784,367.0229797363281,373,0.05
17842,4342784,295.0035095214844,300,0.05
17843,4342784,452.51617431640625,460,0.05
17844,4342784,295.6641845703125,301,0.05
17845,4342784,355.7068786621094,362,0.05
17846,4342784,287.6960144042969,293,0.05
17847,4342784,306.4588623046875,314,0.05
17848,4342784,346.5417785644531,353,0.05
17849,4342784,308.3052062988281,315,0.05
17850,4342784,321.015625,327,0.05
17851,4342784,329.1675720214844,335,0.05
17852,4342784,329.7646179199219,338,0.05
17853,4342784,372.4354248046875,383,0.05
17854,4342784,309.3270568847656,316,0.05
17855,4342784,374.03179931640625,380,0.05
17856,4342784,277.75665283203125,284,0.05
17857,4342784,348.8171691894531,355,0.05
17858,4343040,389.0283203125,398,0.05
17859,4343040,391.2685241699219,398,0.05
17860,4343040,297.6362609863281,304,0.05
17861,4343040,327.1966247558594,334,0.05
17862,4343040,335.9871826171875,341,0.05
17863,4343040,383.977294921875,391,0.05
17864,4343040,457.6601867675781,465,0.05
17865,4343040,381.713134765625,390,0.05
17866,4343040,226.4842071533203,234,0.05
17867,4343040,306.81268310546875,313,0.05
17868,4343040,365.8503112792969,372,0.05
17869,4343040,263.71612548828125,270,0.05
17870,4343040,382.08721923828125,388,0.05
17871,4343040,270.448486328125,277,0.05
17872,4343040,352.5337219238281,360,0.05
17873,4343040,310.9764099121094,317,0.05
17874,4343040,433.39337158203125,444,0.05
17875,4343040,386.93829345703125,394,0.05
17876,4343040,363.3001708984375,369,0.05
17877,4343296,328.23138427734375,334,0.05
17878,4343296,355.632568359375,363,0.05
17879,4343296,411.66815185546875,422,0.05
17880,4343296,415.16937255859375,424,0.05
17881,4343296,313.679931640625,320,0.05
17882,4343296,348.92578125,355,0.05
17883,4343296,331.7214660644531,339,0.05
17884,4343552,429.0727844238281,436,0.05
17885,4343552,353.86297607421875,360,0.05
17886,4343552,327.4598693847656,336,0.05
17887,4343552,388.0717468261719,398,0.05
17888,4343552,252.8382110595703,260,0.05
17889,4343808,390.92218017578125,398,0.05
17890,4343808,374.6205139160156,387,0.05
17891,4344832,31.55091094970703,36,0.05
17892,4352000,31.52227783203125,36,0.05
17893,4352256,372.8996276855469,379,0.05
17894,4353024,34.65052032470703,39,0.05
17895,4353280,36.521724700927734,41,0.05
17896,4353536,416.44537353515625,422,0.05
17897,4355072,316.7830505371094,324,0.05
17898,4355584,430.904541015625,437,0.05
17899,4359936,525.3983764648438,534,0.05
17900,4360192,304.07305908203125,310,0.05
17901,4360192,403.3157653808594,412,0.05
17902,4360448,257.09649658203125,264,0.05
17903,4360448,240.10325622558594,246,0.05
17904,4360704,299.7768249511719,306,0.05
17905,4360704,384.9881896972656,391,0.05
17906,4360960,301.128173828125,308,0.05
17907,4362496,339.6186218261719,349,0.05
17908,4363264,343.1817932128906,349,0.05
17909,4364288,315.3688049316406,321,0.05
17910,4364288,328.0533447265625,334,0.05
17911,4364544,261.7080383300781,269,0.05
17912,4364544,328.6181640625,334,0.05
17913,4364544,313.0130310058594,319,0.05
17914,4364544,396.71051025390625,403,0.05
17915,4365056,316.39984130859375,323,0.05
17916,4367104,428.0913391113281,435,0.05
17917,4368128,377.72650146484375,385,0.05
17918,4368128,332.9851379394531,340,0.05
17919,4368640,283.0678405761719,289,0.05
17920,4368640,320.5777893066406,327,0.05
17921,4368896,390.6758117675781,397,0.05
17922,4369152,355.0191345214844,362,0.05
17923,4373504,348.829833984375,356,0.05
17924,4373760,509.1247253417969,517,0.05
17925,4373760,500.21221923828125,507,0.05
17926,4374016,425.24627685546875,432,0.05
17927,4374016,377.209228515625,385,0.05
17928,4374016,343.3399963378906,352,0.05
17929,4374016,317.4273681640625,325,0.05
17930,4374272,382.2444152832031,389,0.05
17931,4374272,289.5174255371094,298,0.05
17932,4374272,371.1113586425781,378,0.05
17933,4374272,462.43267822265625,470,0.05
17934,4374272,446.85369873046875,454,0.05
17935,4374528,271.7869567871094,279,0.05
17936,4374528,377.26788330078125,385,0.05
17937,4374528,390.89385986328125,398,0.05
17938,4374528,409.2622375488281,416,0.05
17939,4374528,406.4554138183594,413,0.05
17940,4374784,388.6685791015625,395,0.05
17941,4374784,350.73223876953125,358,0.05
17942,4374784,345.5039978027344,352,0.05
17943,4375040,339.52008056640625,346,0.05
17944,4375296,398.0209045410156,404,0.05
17945,4375296,465.0403747558594,473,0.05
17946,4375296,384.09222412109375,390,0.05
17947,4375808,301.3697509765625,308,0.05
17948,4381696,398.1046447753906,405,0.05
17949,4381952,384.6787414550781,391,0.05
17950,4381952,395.9460144042969,402,0.05
17951,4381952,389.58441162109375,397,0.05
17952,4381952,345.8627624511719,352,0.05
17953,4381952,337.0308837890625,345,0.05
17954,4381952,395.50335693359375,403,0.05
17955,4381952,413.5530090332031,420,0.05
17956,4382208,474.4082336425781,482,0.05
17957,4382208,389.4257507324219,396,0.05
17958,4382208,336.1183166503906,343,0.05
17959,4382720,308.5180969238281,316,0.05
17960,4391168,288.4590759277344,294,0.05
17961,4391168,438.57159423828125,445,0.05
17962,4391168,371.984375,380,0.05
17963,4391168,316.4481201171875,322,0.05
17964,4391168,268.9267272949219,275,0.05
17965,4391168,430.40283203125,437,0.05
17966,4391424,313.7721862792969,320,0.05
17967,4391424,335.1440124511719,342,0.05
17968,4391424,358.0787353515625,364,0.05
17969,4391424,379.0235900878906,386,0.05
17970,4391424,428.5481262207031,436,0.05
17971,4391424,410.3025817871094,416,0.05
17972,4391424,287.2541198730469,293,0.05
17973,4391680,493.6350402832031,501,0.05
17974,4391680,458.95928955078125,466,0.05
17975,4391680,357.37896728515625,364,0.05
17976,4391680,338.72662353515625,345,0.05
17977,4391680,315.436279296875,322,0.05
17978,4391680,468.3686828613281,475,0.05
17979,4391680,314.0582580566406,321,0.05
17980,4391680,410.8460998535156,417,0.05
17981,4391680,363.8133239746094,370,0.05
17982,4391936,454.91741943359375,462,0.05
17983,4391936,385.03326416015625,391,0.05
17984,4391936,348.2746887207031,354,0.05
17985,4391936,420.0796203613281,427,0.05
17986,4392192,367.3471984863281,373,0.05
17987,4392448,295.141357421875,301,0.05
17988,4392448,360.2359619140625,367,0.05
17989,4393216,453.70172119140625,460,0.05
17990,4394240,295.9932556152344,302,0.05
17991,4394752,338.071044921875,344,0.05
17992,4394752,332.0187072753906,338,0.05
17993,4394752,332.9334411621094,339,0.05
17994,4395008,401.57012939453125,408,0.05
17995,4395008,377.6415100097656,383,0.05
17996,4395008,428.3624572753906,435,0.05
17997,4395008,468.4826354980469,476,0.05
17998,4395008,393.2892150878906,400,0.05
17999,4395264,324.5642395019531,332,0.05
18000,4395520,335.4681091308594,342,0.05
18001,4397824,369.4448547363281,375,0.05
18002,4397824,311.3267517089844,317,0.05
18003,4397824,399.1488342285156,405,0.05
18004,4397824,259.783447265625,266,0.05
18005,4398080,315.6029357910156,321,0.05
18006,4398080,312.4354248046875,318,0.05
18007,4398336,260.8729248046875,267,0.05
18008,4398848,315.7462158203125,323,0.05
18009,4403712,401.6546325683594,407,0.05
18010,4405760,402.1219787597656,408,0.05
18011,4405760,239.95858764648438,246,0.05
18012,4405760,239.7515869140625,246,0.05
18013,4405760,365.9584655761719,372,0.05
18014,4406016,382.1449279785156,388,0.05
18015,4406784,347.0068664550781,353,0.05
18016,4408576,250.57591247558594,257,0.05
18017,4409088,474.0003356933594,481,0.05
18018,4409088,424.63665771484375,431,0.05
18019,4409344,350.30084228515625,357,0.05
18020,4409600,285.5752258300781,290,0.05
18021,4409856,354.28753662109375,360,0.05
18022,4410624,257.55670166015625,264,0.05
18023,4411392,412.2112731933594,417,0.05
18024,4412160,370.79595947265625,376,0.05
18025,4412416,366.53521728515625,372,0.05
18026,4413952,301.57550048828125,307,0.05
18027,4414464,407.7583312988281,413,0.05
18028,4415232,305.2068176269531,311,0.05
18029,4415232,277.1941833496094,283,0.05
18030,4415232,276.6188659667969,283,0.05
18031,4415232,273.8074951171875,280,0.05
18032,4415232,353.34405517578125,360,0.05
18033,4415488,279.0311584472656,285,0.05
18034,4415488,278.2392883300781,286,0.05
18035,4415488,307.7279968261719,314,0.05
18036,4415488,278.36297607421875,285,0.05
18037,4415488,277.26556396484375,284,0.05
18038,4415744,275.65545654296875,283,0.05
18039,4415744,343.3893127441406,350,0.05
18040,4416000,379.71881103515625,386,0.05
18041,4416000,455.3497619628906,462,0.05
18042,4416000,376.7071228027344,383,0.05
18043,4416000,306.4024353027344,313,0.05
18044,4416000,418.1336364746094,425,0.05
18045,4416000,279.1955871582031,285,0.05
18046,4416256,307.24163818359375,313,0.05
18047,4416256,281.9742126464844,288,0.05
18048,4416512,280.8089294433594,287,0.05
18049,4416512,312.06597900390625,319,0.05
18050,4418048,415.7651062011719,422,0.05
18051,4418304,343.00115966796875,349,0.05
18052,4418560,290.3099670410156,296,0.05
18053,4418560,289.5635070800781,296,0.05
18054,4418816,289.4647521972656,297,0.05
18055,4419072,294.8304443359375,301,0.05
18056,4419328,397.5376892089844,403,0.05
18057,4419584,292.4700622558594,299,0.05
18058,4419840,455.4484558105469,461,0.05
18059,4420352,293.3847351074219,301,0.05
18060,4420608,349.77734375,355,0.05
18061,4421376,326.4070129394531,332,0.05
18062,4423168,304.15606689453125,311,0.05
18063,4423168,310.24200439453125,316,0.05
18064,4423680,310.6101989746094,316,0.05
18065,4424448,465.6732177734375,473,0.05
18066,4424448,312.1421813964844,318,0.05
18067,4424448,311.6977844238281,318,0.05
18068,4425472,347.21710205078125,353,0.05
18069,4425728,317.5252990722656,324,0.05
18070,4425984,317.5885925292969,324,0.05
18071,4425984,318.5590515136719,326,0.05
18072,4426496,318.2745056152344,325,0.05
18073,4426496,322.6933898925781,330,0.05
18074,4426496,417.98309326171875,426,0.05
18075,4426752,321.3359069824219,328,0.05
18076,4427008,500.2183837890625,507,0.05
18077,4427520,426.34234619140625,433,0.05
18078,4427520,324.4864196777344,331,0.05
18079,4428288,327.0141296386719,334,0.05
18080,4428800,330.5597229003906,336,0.05
18081,4429056,335.0041809082031,341,0.05
18082,4429056,328.9142150878906,335,0.05
18083,4429056,330.6304626464844,336,0.05
18084,4429056,322.9509582519531,329,0.05
18085,4429312,344.74530029296875,351,0.05
18086,4429312,334.6502990722656,340,0.05
18087,4430336,337.8800964355469,344,0.05
18088,4430592,336.85601806640625,342,0.05
18089,4430592,341.5233459472656,347,0.05
18090,4431616,343.9248962402344,350,0.05
18091,4431616,345.47039794921875,350,0.05
18092,4432640,343.6444396972656,351,0.05
18093,4432896,345.99847412109375,352,0.05
18094,4432896,408.9373474121094,415,0.05
18095,4433152,345.81243896484375,353,0.05
18096,4433152,346.9638671875,353,0.05
18097,4433152,277.91778564453125,284,0.05
18098,4433152,344.3477783203125,352,0.05
18099,4433152,348.30474853515625,354,0.05
18100,4433152,346.2514953613281,352,0.05
18101,4433152,250.09339904785156,258,0.05
18102,4433408,346.56829833984375,353,0.05
18103,4433408,346.3370361328125,352,0.05
18104,4433408,346.35113525390625,353,0.05
18105,4433408,348.8980712890625,355,0.05
18106,4433664,346.854248046875,353,0.05
18107,4433664,347.45965576171875,353,0.05
18108,4433920,445.1698303222656,451,0.05
18109,4434944,353.3468322753906,359,0.05
18110,4435200,352.1109924316406,358,0.05
18111,4436480,358.8758544921875,366,0.05
18112,4436736,389.1168518066406,395,0.05
18113,4436736,386.94500732421875,393,0.05
18114,4436736,320.47406005859375,327,0.05
18115,4436736,387.0838928222656,393,0.05
18116,4436992,362.7115783691406,369,0.05
18117,4436992,313.00830078125,320,0.05
18118,4436992,388.9464416503906,395,0.05
18119,4436992,465.3403625488281,472,0.05
18120,4437248,364.92962646484375,370,0.05
18121,4437248,321.3553466796875,328,0.05
18122,4437248,363.98291015625,370,0.05
18123,4437504,362.8963928222656,370,0.05
18124,4437504,364.9061584472656,370,0.05
18125,4437504,364.4183044433594,371,0.05
18126,4437760,420.3487548828125,427,0.05
18127,4438016,364.20916748046875,371,0.05
18128,4439808,374.54217529296875,380,0.05
18129,4441600,406.5295104980469,412,0.05
18130,4443136,260.59661865234375,267,0.05
18131,4443136,263.264404296875,268,0.05
18132,4443136,382.57720947265625,389,0.05
18133,4443136,299.94122314453125,305,0.05
18134,4443648,263.6725769042969,271,0.05
18135,4443648,319.029052734375,325,0.05
18136,4444160,267.5074462890625,274,0.05
18137,4444160,390.7831115722656,398,0.05
18138,4444416,417.2382507324219,424,0.05
18139,4444416,393.08740234375,400,0.05
18140,4444672,390.8296813964844,398,0.05
18141,4444672,391.8585510253906,398,0.05
18142,4444928,392.740966796875,400,0.05
18143,4444928,267.4410095214844,275,0.05
18144,4445184,393.2738952636719,400,0.05
18145,4445440,395.8970031738281,402,0.05
18146,4445440,393.5751647949219,400,0.05
18147,4445696,265.350830078125,273,0.05
18148,4445696,419.55462646484375,426,0.05
18149,4445952,326.4759521484375,333,0.05
18150,4445952,355.0546569824219,361,0.05
18151,4445952,330.1026916503906,336,0.05
18152,4445952,397.7280578613281,404,0.05
18153,4446208,424.47088623046875,431,0.05
18154,4446976,279.2073669433594,285,0.05
18155,4446976,331.2197265625,337,0.05
18156,4447232,249.3488006591797,255,0.05
18157,4447232,397.59423828125,404,0.05
18158,4447232,365.44561767578125,372,0.05
18159,4447232,400.9094543457031,407,0.05
18160,4447232,249.6955108642578,255,0.05
18161,4447232,275.4425354003906,281,0.05
18162,4447232,277.8181457519531,283,0.05
18163,4447232,318.44012451171875,324,0.05
18164,4447488,275.6773681640625,282,0.05
18165,4447488,335.2927551269531,341,0.05
18166,4447488,402.4637756347656,409,0.05
18167,4447488,323.50933837890625,329,0.05
18168,4447488,249.80923461914062,256,0.05
18169,4447488,399.88128662109375,406,0.05
18170,4447488,279.3800048828125,285,0.05
18171,4447488,301.0809020996094,307,0.05
18172,4447744,365.9872131347656,373,0.05
18173,4448256,407.90283203125,415,0.05
18174,4448256,278.9951477050781,286,0.05
18175,4448256,38.437313079833984,43,0.05
18176,4448256,302.8385009765625,311,0.05
18177,4450048,341.37445068359375,348,0.05
18178,4450304,415.1523132324219,421,0.05
18179,4451072,313.2217102050781,320,0.05
18180,4453376,340.76531982421875,347,0.05
18181,4453632,302.4385986328125,309,0.05
18182,4453632,426.8211364746094,433,0.05
18183,4453632,304.0853271484375,310,0.05
18184,4453632,425.6130676269531,432,0.05
18185,4453888,239.22186279296875,245,0.05
18186,4453888,342.4684143066406,349,0.05
18187,4453888,329.17559814453125,335,0.05
18188,4453888,274.31036376953125,280,0.05
18189,4454144,273.0816345214844,279,0.05
18190,4454400,344.40203857421875,351,0.05
18191,4455168,33.57239532470703,38,0.05
18192,4455424,26.76482391357422,31,0.05
18193,4455680,26.77350425720215,31,0.05
18194,4455936,317.29559326171875,322,0.05
18195,4457984,439.0064697265625,446,0.05
18196,4458240,444.6505432128906,451,0.05
18197,4461568,407.66180419921875,414,0.05
18198,4462080,256.6139221191406,263,0.05
18199,4463360,274.0002746582031,280,0.05
18200,4464128,346.122314453125,353,0.05
18201,4464896,318.226318359375,324,0.05
18202,4466688,355.3098449707031,360,0.05
18203,4466944,410.69952392578125,417,0.05
18204,4468992,293.9872741699219,301,0.05
18205,4469504,298.16949462890625,305,0.05
18206,4469504,365.56610107421875,372,0.05
18207,4471808,344.8323669433594,351,0.05
18208,4471808,343.82135009765625,351,0.05
18209,4471808,307.7821960449219,314,0.05
18210,4471808,305.8428039550781,313,0.05
18211,4472064,376.8877258300781,383,0.05
18212,4472064,376.1056823730469,383,0.05
18213,4472064,413.3216552734375,421,0.05
18214,4472064,344.9789733886719,351,0.05
18215,4472320,294.98834228515625,302,0.05
18216,4472320,308.8851013183594,315,0.05
18217,4472320,308.7969055175781,315,0.05
18218,4472576,401.39013671875,408,0.05
18219,4473088,376.87921142578125,384,0.05
18220,4473344,426.3508605957031,433,0.05
18221,4474624,315.3404846191406,321,0.05
18222,4475136,306.517333984375,313,0.05
18223,4475136,356.935791015625,364,0.05
18224,4475136,271.53863525390625,279,0.05
18225,4475648,389.4351806640625,396,0.05
18226,4475648,266.1922302246094,273,0.05
18227,4475904,298.7146301269531,305,0.05
18228,4476160,228.8312225341797,235,0.05
18229,4476416,300.8038330078125,306,0.05
18230,4476672,316.2218322753906,322,0.05
18231,4476672,326.8523254394531,333,0.05
18232,4476672,325.8377990722656,331,0.05
18233,4476672,320.4090576171875,326,0.05
18234,4476928,312.892333984375,319,0.05
18235,4476928,327.3154296875,333,0.05
18236,4476928,314.84259033203125,321,0.05
18237,4476928,312.3251647949219,318,0.05
18238,4476928,327.7692565917969,334,0.05
18239,4476928,314.14141845703125,320,0.05
18240,4476928,252.27171325683594,259,0.05
18241,4476928,415.417236328125,423,0.05
18242,4476928,328.6138916015625,335,0.05
18243,4476928,314.35968017578125,320,0.05
18244,4477184,328.47796630859375,334,0.05
18245,4477184,433.6229553222656,440,0.05
18246,4477184,329.7244567871094,335,0.05
18247,4477184,395.2586364746094,402,0.05
18248,4477184,391.1748046875,398,0.05
18249,4477184,272.1962890625,278,0.05
18250,4477184,328.04473876953125,333,0.05
18251,4477440,327.3932800292969,333,0.05
18252,4477440,257.83892822265625,264,0.05
18253,4477952,331.3601989746094,338,0.05
18254,4477952,400.314697265625,407,0.05
18255,4478464,30.712963104248047,35,0.05
18256,4484608,357.5098571777344,363,0.05
18257,4484864,292.3942565917969,298,0.05
18258,4484864,344.6134948730469,351,0.05
18259,4484864,255.13720703125,261,0.05
18260,4485120,304.5788269042969,310,0.05
18261,4485120,358.9194641113281,365,0.05
18262,4485120,265.838134765625,272,0.05
18263,4485120,278.9057312011719,285,0.05
18264,4485120,47.53911590576172,52,0.05
18265,4485120,266.6048889160156,273,0.05
18266,4485376,334.4341125488281,341,0.05
18267,4485376,396.0649719238281,403,0.05
18268,4485376,264.6136474609375,271,0.05
18269,4485376,347.3708801269531,354,0.05
18270,4485376,301.3947448730469,307,0.05
18271,4485632,359.5726013183594,366,0.05
18272,4485888,29.839977264404297,34,0.05
18273,4486144,31.735260009765625,36,0.05
18274,4486144,365.5111999511719,371,0.05
18275,4486400,26.803348541259766,31,0.05
18276,4487168,35.55266571044922,40,0.05
18277,4491008,384.7660827636719,390,0.05
18278,4491776,356.98687744140625,363,0.05
18279,4492032,298.8011474609375,305,0.05
18280,4492032,292.94427490234375,299,0.05
18281,4492032,294.7695617675781,300,0.05
18282,4492032,315.7156982421875,322,0.05
18283,4492288,226.75172424316406,233,0.05
18284,4492288,273.90985107421875,280,0.05
18285,4492544,292.48455810546875,299,0.05
18286,4492544,363.1826477050781,370,0.05
18287,4492544,365.01202392578125,370,0.05
18288,4492800,260.6883544921875,267,0.05
18289,4492800,389.94610595703125,396,0.05
18290,4492800,307.27099609375,314,0.05
18291,4493312,26.8316707611084,31,0.05
18292,4493824,300.3349304199219,307,0.05
18293,4494080,432.9079284667969,439,0.05
18294,4496128,378.1289367675781,384,0.05
18295,4496128,270.7709655761719,276,0.05
18296,4496896,289.6475830078125,295,0.05
18297,4496896,403.5855407714844,411,0.05
18298,4497152,38.46778106689453,43,0.05
18299,4497152,244.0415802001953,250,0.05
18300,4497152,408.3955383300781,414,0.05
18301,4497664,270.3232421875,276,0.05
18302,4498432,307.0555725097656,313,0.05
18303,4498688,250.55453491210938,257,0.05
18304,4499200,323.3369445800781,328,0.05
18305,4500224,391.89581298828125,398,0.05
18306,4500224,266.18280029296875,272,0.05
18307,4500480,272.77655029296875,279,0.05
18308,4500736,325.9288330078125,333,0.05
18309,4500992,280.62481689453125,287,0.05
18310,4501504,266.7144470214844,273,0.05
18311,4501760,278.89373779296875,284,0.05
18312,4501760,287.2318420410156,294,0.05
18313,4502272,333.67333984375,339,0.05
18314,4502272,248.0514373779297,254,0.05
18315,4502272,329.0740051269531,335,0.05
18316,4502272,265.5110778808594,271,0.05
18317,4502528,330.856201171875,337,0.05
18318,4502528,221.99639892578125,228,0.05
18319,4502784,282.54791259765625,289,0.05
18320,4503040,295.14703369140625,301,0.05
18321,4503296,305.1479187011719,311,0.05
18322,4503552,283.4254150390625,290,0.05
18323,4503552,354.17034912109375,360,0.05
18324,4503552,336.53363037109375,343,0.05
18325,4503808,376.3630065917969,383,0.05
18326,4504064,326.38946533203125,333,0.05
18327,4504320,341.73345947265625,348,0.05
18328,4504320,286.5657043457031,293,0.05
18329,4504576,327.1263122558594,333,0.05
18330,4504576,431.2173767089844,438,0.05
18331,4504832,323.5115966796875,330,0.05
18332,4504832,307.99261474609375,314,0.05
18333,4505088,367.2154846191406,374,0.05
18334,4505088,271.6730041503906,279,0.05
18335,4505344,333.1916198730469,339,0.05
18336,4505600,342.91876220703125,349,0.05
18337,4505600,310.2143859863281,317,0.05
18338,4505600,344.6455078125,352,0.05
18339,4505856,270.3209533691406,277,0.05
18340,4505856,370.8218078613281,378,0.05
18341,4509696,248.5750732421875,255,0.05
18342,4510208,304.51544189453125,311,0.05
18343,4510464,301.2779846191406,308,0.05
18344,4512000,301.03863525390625,307,0.05
18345,4512000,369.0065002441406,375,0.05
18346,4512000,302.3502502441406,308,0.05
18347,4512000,340.63067626953125,347,0.05
18348,4512000,288.72607421875,294,0.05
18349,4512000,286.8638916015625,293,0.05
18350,4512256,318.0890808105469,325,0.05
18351,4512256,286.16375732421875,292,0.05
18352,4512256,300.9317626953125,308,0.05
18353,4512256,295.7458801269531,301,0.05
18354,4512256,369.73211669921875,376,0.05
18355,4512256,465.53778076171875,473,0.05
18356,4512256,257.48541259765625,264,0.05
18357,4512512,290.18231201171875,296,0.05
18358,4512512,265.7930603027344,271,0.05
18359,4512512,356.9600830078125,363,0.05
18360,4512512,256.1351623535156,262,0.05
18361,4512512,304.38323974609375,310,0.05
18362,4512768,304.3844299316406,311,0.05
18363,4513024,305.79412841796875,312,0.05
18364,4513024,288.83538818359375,295,0.05
18365,4513024,251.01107788085938,257,0.05
18366,4513280,288.39312744140625,296,0.05
18367,4513536,293.40863037109375,301,0.05
18368,4514560,405.7719421386719,412,0.05
18369,4515328,258.3300476074219,265,0.05
18370,4515584,275.186279296875,281,0.05
18371,4515584,299.9798889160156,306,0.05
18372,4515584,267.45416259765625,273,0.05
18373,4515840,422.90234375,430,0.05
18374,4515840,372.100830078125,378,0.05
18375,4515840,262.68560791015625,268,0.05
18376,4515840,383.14739990234375,390,0.05
18377,4515840,272.1053466796875,278,0.05
18378,4515840,272.8163757324219,279,0.05
18379,4516096,264.4770812988281,270,0.05
18380,4516096,385.9309997558594,392,0.05
18381,4516352,345.3494873046875,351,0.05
18382,4518144,377.0450744628906,384,0.05
18383,4518400,323.96527099609375,330,0.05
18384,4518400,282.2338562011719,287,0.05
18385,4518400,310.5060119628906,318,0.05
18386,4518656,327.1366882324219,334,0.05
18387,4518656,315.0480041503906,320,0.05
18388,4518912,247.7743682861328,253,0.05
18389,4518912,328.7752990722656,334,0.05
18390,4519168,270.59735107421875,277,0.05
18391,4519168,280.3993225097656,286,0.05
18392,4519168,302.790771484375,310,0.05
18393,4519424,296.6183166503906,304,0.05
18394,4519680,277.33038330078125,284,0.05
18395,4519680,292.3573913574219,299,0.05
18396,4519680,293.2652587890625,299,0.05
18397,4519680,361.22601318359375,367,0.05
18398,4519936,371.5148620605469,378,0.05
18399,4519936,35.66926956176758,40,0.05
18400,4520704,29.65243148803711,34,0.05
18401,4520704,317.2234191894531,324,0.05
18402,4520960,290.0867614746094,297,0.05
18403,4523776,334.1968688964844,340,0.05
18404,4524288,379.0093994140625,384,0.05
18405,4525312,287.4403076171875,294,0.05
18406,4525824,275.8567199707031,282,0.05
18407,4526080,381.2672119140625,388,0.05
18408,4526592,384.6100158691406,391,0.05
18409,4526848,316.8831787109375,323,0.05
18410,4528640,381.6766052246094,389,0.05
18411,4529152,289.7523193359375,295,0.05
18412,4529152,379.2938537597656,386,0.05
18413,4529152,289.95654296875,295,0.05
18414,4529408,314.84039306640625,321,0.05
18415,4529408,368.9199523925781,375,0.05
18416,4529408,280.8946838378906,287,0.05
18417,4529408,219.0645294189453,225,0.05
18418,4529664,332.7067565917969,338,0.05
18419,4529664,285.7205505371094,291,0.05
18420,4529664,324.43096923828125,330,0.05
18421,4529664,315.8477783203125,321,0.05
18422,4529664,290.7989501953125,297,0.05
18423,4529920,435.7071228027344,443,0.05
18424,4529920,369.9520568847656,376,0.05
18425,4530176,358.29534912109375,364,0.05
18426,4530176,317.73858642578125,324,0.05
18427,4530176,273.3685607910156,281,0.05
18428,4530432,286.2542724609375,292,0.05
18429,4531200,320.5690612792969,327,0.05
18430,4531200,327.09881591796875,333,0.05
18431,4531968,452.2732849121094,459,0.05
18432,4531968,324.4801940917969,331,0.05
18433,4532224,294.2966003417969,300,0.05
18434,4532480,325.3318176269531,332,0.05
18435,4532480,403.1446228027344,410,0.05
18436,4532480,327.6832275390625,332,0.05
18437,4532736,439.0406494140625,446,0.05
18438,4532736,251.3760223388672,258,0.05
18439,4533248,333.83721923828125,340,0.05
18440,4533760,274.23382568359375,280,0.05
18441,4534272,329.510986328125,336,0.05
18442,4534272,277.40362548828125,284,0.05
18443,4534784,390.22723388671875,397,0.05
18444,4537344,280.33428955078125,286,0.05
18445,4537344,304.7959899902344,310,0.05
18446,4537344,351.10125732421875,357,0.05
18447,4537600,351.4320068359375,358,0.05
18448,4537856,420.98822021484375,428,0.05
18449,4537856,347.1983947753906,354,0.05
18450,4539904,39.37337875366211,44,0.05
18451,4540928,356.58099365234375,362,0.05
18452,4541184,293.4905700683594,298,0.05
18453,4541184,346.994384765625,352,0.05
18454,4541184,396.8138122558594,403,0.05
18455,4542464,404.5990295410156,412,0.05
18456,4542720,251.5923614501953,258,0.05
18457,4543744,370.08331298828125,376,0.05
18458,4544000,346.59344482421875,352,0.05
18459,4544000,271.89105224609375,279,0.05
18460,4544512,387.4357604980469,394,0.05
18461,4545280,36.55836486816406,41,0.05
18462,4545536,384.7495422363281,390,0.05
18463,4545536,289.506103515625,297,0.05
18464,4547840,386.1907653808594,392,0.05
18465,4547840,324.02447509765625,330,0.05
18466,4548096,358.67041015625,366,0.05
18467,4548608,276.93414306640625,284,0.05
18468,4548608,377.62408447265625,384,0.05
18469,4548608,292.32452392578125,298,0.05
18470,4548864,366.3105163574219,373,0.05
18471,4548864,391.5542907714844,397,0.05
18472,4548864,294.8812561035156,300,0.05
18473,4548864,390.49822998046875,397,0.05
18474,4548864,364.76275634765625,371,0.05
18475,4548864,282.81201171875,290,0.05
18476,4548864,386.5581970214844,393,0.05
18477,4549120,282.79339599609375,289,0.05
18478,4550912,288.1251220703125,294,0.05
18479,4552192,284.90008544921875,293,0.05
18480,4554240,264.47943115234375,270,0.05
18481,4554496,294.56536865234375,303,0.05
18482,4555008,316.63494873046875,324,0.05
18483,4555008,263.0550537109375,269,0.05
18484,4555264,300.0724182128906,307,0.05
18485,4555264,317.2195129394531,324,0.05
18486,4555520,315.4454345703125,322,0.05
18487,4555520,299.6931457519531,306,0.05
18488,4555520,302.776611328125,309,0.05
18489,4555776,320.4534912109375,327,0.05
18490,4555776,300.4317321777344,307,0.05
18491,4555776,271.1133728027344,277,0.05
18492,4556032,317.1844177246094,323,0.05
18493,4556032,306.1408386230469,312,0.05
18494,4556032,270.8503112792969,277,0.05
18495,4556288,301.7450256347656,309,0.05
18496,4557056,325.5262756347656,331,0.05
18497,4557568,272.4957275390625,278,0.05
18498,4558848,352.574462890625,359,0.05
18499,4559104,313.68084716796875,320,0.05
18500,4559104,282.41015625,289,0.05
18501,4559104,315.37847900390625,321,0.05
18502,4559360,320.99688720703125,327,0.05
18503,4559360,235.72305297851562,243,0.05
18504,4559616,255.62362670898438,263,0.05
18505,4559616,406.248779296875,413,0.05
18506,4559616,313.3108215332031,319,0.05
18507,4559616,283.96783447265625,291,0.05
18508,4559616,335.23895263671875,342,0.05
18509,4559616,256.5634765625,264,0.05
18510,4559872,316.7222900390625,324,0.05
18511,4559872,325.5797424316406,331,0.05
18512,4560384,257.51812744140625,262,0.05
18513,4561408,322.82855224609375,330,0.05
18514,4562688,331.0953674316406,336,0.05
18515,4562688,418.0489196777344,425,0.05
18516,4563200,330.8865966796875,337,0.05
18517,4564480,303.5643310546875,310,0.05
18518,4564992,344.9400939941406,351,0.05
18519,4567552,262.23919677734375,267,0.05
18520,4568576,382.9241638183594,389,0.05
18521,4569344,375.7476501464844,381,0.05
18522,4570112,280.6888427734375,286,0.05
18523,4570368,259.4749450683594,266,0.05
18524,4570624,327.0662536621094,333,0.05
18525,4570624,358.4747314453125,365,0.05
18526,4570624,359.0473327636719,366,0.05
18527,4570624,358.19744873046875,364,0.05
18528,4571136,329.8279724121094,335,0.05
18529,4571392,303.2167053222656,310,0.05
18530,4571392,330.32147216796875,336,0.05
18531,4572672,385.6944885253906,394,0.05
18532,4573696,268.24591064453125,274,0.05
18533,4574720,376.7667541503906,383,0.05
18534,4574976,317.8925476074219,324,0.05
18535,4575232,342.3642272949219,349,0.05
18536,4575232,348.15802001953125,354,0.05
18537,4575488,271.5497131347656,277,0.05
18538,4575744,378.7220153808594,384,0.05
18539,4575744,270.4014587402344,275,0.05
18540,4575744,348.7528991699219,355,0.05
18541,4575744,306.55096435546875,311,0.05
18542,4575744,380.7002258300781,386,0.05
18543,4575744,268.7751770019531,274,0.05
18544,4575744,376.4277038574219,382,0.05
18545,4577024,318.6685485839844,325,0.05
18546,4577024,322.5058898925781,329,0.05
18547,4577280,307.6284484863281,314,0.05
18548,4577280,324.821533203125,332,0.05
18549,4577536,353.0576477050781,360,0.05
18550,4577536,325.6494140625,332,0.05
18551,4577536,331.1289978027344,338,0.05
18552,4577536,328.48785400390625,334,0.05
18553,4577536,290.1328125,296,0.05
18554,4577792,287.4598083496094,294,0.05
18555,4577792,278.56689453125,286,0.05
18556,4577792,387.367431640625,394,0.05
18557,4578304,288.2944641113281,294,0.05
18558,4578304,250.95423889160156,258,0.05
18559,4581120,307.97369384765625,314,0.05
18560,4581888,265.1781311035156,271,0.05
18561,4582656,325.6558837890625,332,0.05
18562,4583168,270.06903076171875,275,0.05
18563,4583424,297.4309387207031,306,0.05
18564,4583424,299.8905944824219,304,0.05
18565,4583680,304.8197326660156,312,0.05
18566,4583680,309.4999694824219,316,0.05
18567,4583936,350.1861267089844,356,0.05
18568,4583936,349.1602783203125,356,0.05
18569,4583936,302.7128601074219,309,0.05
18570,4584192,372.1283264160156,379,0.05
18571,4584192,313.3919372558594,320,0.05
18572,4584448,271.74298095703125,277,0.05
18573,4584448,275.1017761230469,281,0.05
18574,4584704,337.46221923828125,342,0.05
18575,4584704,325.1836853027344,330,0.05
18576,4584960,358.487060546875,364,0.05
18577,4584960,342.0545959472656,347,0.05
18578,4585216,313.1631164550781,319,0.05
18579,4585216,264.091064453125,269,0.05
18580,4585216,356.50860595703125,362,0.05
18581,4585216,349.56134033203125,356,0.05
18582,4585472,265.6187744140625,271,0.05
18583,4585728,334.2635498046875,341,0.05
18584,4585728,326.464599609375,333,0.05
18585,4585728,385.8780212402344,391,0.05
18586,4585984,389.1754150390625,395,0.05
18587,4586240,321.0408630371094,327,0.05
18588,4586240,361.0465393066406,366,0.05
18589,4586752,328.45208740234375,333,0.05
18590,4586752,285.0364685058594,291,0.05
18591,4587008,285.16986083984375,292,0.05
18592,4587008,287.7279357910156,293,0.05
18593,4587264,393.192626953125,399,0.05
18594,4587520,264.17626953125,270,0.05
18595,4589568,323.9379577636719,330,0.05
18596,4589568,269.9679870605469,276,0.05
18597,4589568,281.53240966796875,287,0.05
18598,4589568,297.0257263183594,303,0.05
18599,4589824,246.08071899414062,252,0.05
18600,4589824,264.3264465332031,270,0.05
18601,4589824,303.5830078125,310,0.05
18602,4589824,331.1954040527344,338,0.05
18603,4589824,266.2236328125,273,0.05
18604,4590080,282.1705322265625,290,0.05
18605,4590080,284.3487548828125,291,0.05
18606,4590080,284.2774353027344,291,0.05
18607,4590080,300.0567321777344,305,0.05
18608,4591872,362.3031311035156,370,0.05
18609,4592384,332.87628173828125,339,0.05
18610,4592640,309.48040771484375,315,0.05
18611,4592896,308.78997802734375,315,0.05
18612,4593152,297.1689758300781,303,0.05
18613,4593408,275.9465026855469,284,0.05
18614,4595200,342.6646728515625,349,0.05
18615,4595968,345.3233947753906,352,0.05
18616,4595968,366.8311767578125,374,0.05
18617,4596224,291.8985595703125,298,0.05
18618,4596480,375.0043029785156,382,0.05
18619,4596480,352.4841003417969,360,0.05
18620,4596480,322.46722412109375,328,0.05
18621,4596736,323.41082763671875,330,0.05
18622,4596992,296.15838623046875,302,0.05
18623,4597504,313.7622375488281,319,0.05
18624,4597760,315.08148193359375,320,0.05
18625,4597760,327.5395812988281,333,0.05
18626,4598528,307.81304931640625,313,0.05
18627,4598784,233.72439575195312,240,0.05
18628,4598784,331.7342529296875,337,0.05
18629,4599040,308.93109130859375,315,0.05
18630,4599040,320.479248046875,327,0.05
18631,4599296,330.8423156738281,337,0.05
18632,4599552,221.39013671875,228,0.05
18633,4599552,309.9194641113281,316,0.05
18634,4599552,269.1934509277344,275,0.05
18635,4599552,281.15679931640625,288,0.05
18636,4599552,266.6654052734375,273,0.05
18637,4599552,265.5364074707031,271,0.05
18638,4599808,321.9416198730469,328,0.05
18639,4599808,267.9209899902344,274,0.05
18640,4600064,269.978759765625,276,0.05
18641,4600064,308.5098571777344,314,0.05
18642,4600320,329.05413818359375,335,0.05
18643,4600576,267.5840148925781,274,0.05
18644,4600576,334.6669921875,341,0.05
18645,4601344,306.8579406738281,314,0.05
18646,4602112,375.922119140625,382,0.05
18647,4602112,274.7447509765625,281,0.05
18648,4602624,346.4153747558594,353,0.05
18649,4603136,249.76661682128906,257,0.05
18650,4603648,351.1996765136719,358,0.05
18651,4603904,269.5640563964844,276,0.05
18652,4604416,325.5588684082031,331,0.05
18653,4604416,253.8897705078125,260,0.05
18654,4604672,299.6764221191406,305,0.05
18655,4604672,229.25790405273438,235,0.05
18656,4604672,242.22933959960938,248,0.05
18657,4604672,362.6770324707031,369,0.05
18658,4604672,274.7753601074219,281,0.05
18659,4604928,232.75723266601562,239,0.05
18660,4604928,286.985107421875,293,0.05
18661,4604928,340.7565002441406,348,0.05
18662,4605184,286.0331726074219,295,0.05
18663,4605440,332.55859375,339,0.05
18664,4605952,400.9034423828125,407,0.05
18665,4608256,412.4629211425781,419,0.05
18666,4608256,255.7427978515625,263,0.05
18667,4608256,341.55670166015625,348,0.05
18668,4608512,239.58775329589844,246,0.05
18669,4608512,356.3878479003906,362,0.05
18670,4608512,293.2243957519531,299,0.05
18671,4608512,292.64898681640625,298,0.05
18672,4608768,261.3359375,269,0.05
18673,4608768,304.6228942871094,311,0.05
18674,4609280,406.32958984375,413,0.05
18675,4609792,371.1382141113281,378,0.05
18676,4612096,314.1642761230469,321,0.05
18677,4612096,327.5032958984375,333,0.05
18678,4612096,421.5782165527344,429,0.05
18679,4612096,307.4610900878906,313,0.05
18680,4612608,299.548828125,306,0.05
18681,4613888,321.9212646484375,327,0.05
18682,4614912,316.77203369140625,322,0.05
18683,4615680,426.1803894042969,433,0.05
18684,4615680,351.833251953125,357,0.05
18685,4615936,429.38995361328125,437,0.05
18686,4615936,330.9058837890625,337,0.05
18687,4616192,327.3113708496094,332,0.05
18688,4616448,320.8764953613281,328,0.05
18689,4617216,337.9315185546875,343,0.05
18690,4617728,339.23779296875,345,0.05
18691,4618240,328.6972961425781,335,0.05
18692,4618240,342.2199401855469,348,0.05
18693,4618240,310.2934265136719,315,0.05
18694,4618240,380.7422180175781,387,0.05
18695,4618496,382.1907653808594,389,0.05
18696,4618496,265.0851745605469,272,0.05
18697,4618496,341.8158874511719,348,0.05
18698,4618752,285.1509704589844,292,0.05
18699,4618752,330.25762939453125,336,0.05
18700,4618752,270.7962951660156,276,0.05
18701,4618752,335.3289794921875,342,0.05
18702,4618752,355.3606262207031,362,0.05
18703,4619008,325.5341796875,331,0.05
18704,4619264,388.2274169921875,395,0.05
18705,4619264,449.39385986328125,457,0.05
18706,4619264,382.4749450683594,389,0.05
18707,4619264,408.26605224609375,415,0.05
18708,4619264,366.5261535644531,373,0.05
18709,4619520,292.46759033203125,300,0.05
18710,4619520,411.7156982421875,419,0.05
18711,4619776,312.2762756347656,320,0.05
18712,4620800,350.3741149902344,356,0.05
18713,4621056,246.37234497070312,253,0.05
18714,4621312,281.4591979980469,287,0.05
18715,4621568,301.8753662109375,309,0.05
18716,4621568,253.208251953125,259,0.05
18717,4622080,257.43756103515625,264,0.05
18718,4622592,397.4985656738281,404,0.05
18719,4622592,285.717041015625,292,0.05
18720,4623360,244.53558349609375,251,0.05
18721,4623616,232.21116638183594,238,0.05
18722,4623616,287.88116455078125,293,0.05
18723,4623616,344.7068786621094,351,0.05
18724,4623616,250.9841766357422,258,0.05
18725,4623616,400.9727478027344,407,0.05
18726,4623616,244.59490966796875,251,0.05
18727,4623872,306.17071533203125,312,0.05
18728,4623872,266.10369873046875,272,0.05
18729,4624384,261.2978820800781,267,0.05
18730,4624384,32.44374465942383,37,0.05
18731,4624640,291.5185241699219,297,0.05
18732,4626688,270.1041259765625,278,0.05
18733,4626944,271.2181091308594,277,0.05
18734,4627200,256.78424072265625,263,0.05
18735,4627200,299.25006103515625,306,0.05
18736,4627712,274.7027282714844,281,0.05
18737,4628736,31.508628845214844,36,0.05
18738,4629504,276.09783935546875,283,0.05
18739,4629760,282.4196472167969,288,0.05
18740,4631296,266.77850341796875,273,0.05
18741,4631552,292.31573486328125,299,0.05
18742,4634368,326.734375,334,0.05
18743,4635648,306.1379699707031,313,0.05
18744,4635648,308.1281433105469,314,0.05
18745,4635904,333.37078857421875,340,0.05
18746,4636160,307.8368835449219,314,0.05
18747,4636160,334.9018249511719,341,0.05
18748,4636160,294.9521789550781,301,0.05
18749,4636416,248.9822235107422,257,0.05
18750,4636416,290.29241943359375,297,0.05
18751,4636416,293.9392395019531,300,0.05
18752,4636672,349.1565856933594,357,0.05
18753,4637440,338.53900146484375,345,0.05
18754,4637952,316.6761169433594,324,0.05
18755,4638464,302.82769775390625,310,0.05
18756,4640512,309.5741271972656,316,0.05
18757,4640768,265.4649658203125,272,0.05
18758,4641024,248.62197875976562,255,0.05
18759,4641024,311.99713134765625,318,0.05
18760,4641024,312.6931457519531,318,0.05
18761,4641024,311.2923889160156,318,0.05
18762,4641280,383.70916748046875,391,0.05
18763,4641280,270.7270202636719,278,0.05
18764,4641536,302.2522888183594,308,0.05
18765,4641536,227.76731872558594,233,0.05
18766,4641536,343.7015075683594,349,0.05
18767,4641792,283.996337890625,290,0.05
18768,4642048,273.3182678222656,280,0.05
18769,4642048,357.2326965332031,365,0.05
18770,4642048,277.26641845703125,284,0.05
18771,4642304,315.3921813964844,322,0.05
18772,4642304,263.06524658203125,268,0.05
18773,4642304,256.2477111816406,262,0.05
18774,4642304,216.45118713378906,223,0.05
18775,4642560,255.00230407714844,262,0.05
18776,4642560,297.6144104003906,303,0.05
18777,4642560,372.425048828125,379,0.05
18778,4642816,275.8502502441406,282,0.05
18779,4642816,281.3332214355469,290,0.05
18780,4643072,246.15350341796875,253,0.05
18781,4643072,259.0952453613281,266,0.05
18782,4643840,216.4242706298828,223,0.05
18783,4643840,323.2508544921875,330,0.05
18784,4644352,250.63160705566406,258,0.05
18785,4645888,346.1428527832031,353,0.05
18786,4645888,345.70977783203125,352,0.05
18787,4646144,373.8886413574219,380,0.05
18788,4646144,418.16387939453125,425,0.05
18789,4646144,260.1592102050781,267,0.05
18790,4646400,263.148681640625,269,0.05
18791,4646656,270.7803955078125,277,0.05
18792,4646656,288.2292785644531,294,0.05
18793,4647168,291.4463195800781,299,0.05
18794,4651520,235.35411071777344,242,0.05
18795,4651776,291.3925476074219,297,0.05
18796,4652288,357.9377746582031,365,0.05
18797,4654592,264.2622375488281,271,0.05
18798,4654592,256.46771240234375,262,0.05
18799,4654592,271.8257141113281,278,0.05
18800,4654848,263.9988708496094,270,0.05
18801,4654848,268.5512390136719,275,0.05
18802,4654848,322.80743408203125,329,0.05
18803,4655104,259.896728515625,266,0.05
18804,4655104,303.92950439453125,310,0.05
18805,4655104,366.5547790527344,373,0.05
18806,4655360,321.6162414550781,328,0.05
18807,4655872,237.4973907470703,244,0.05
18808,4656128,299.4393005371094,307,0.05
18809,4657408,35.14474868774414,40,0.05
18810,4658432,412.91546630859375,420,0.05
18811,4658688,366.2129821777344,373,0.05
18812,4659200,265.8454284667969,272,0.05
18813,4659200,311.75396728515625,319,0.05
18814,4659456,291.1541442871094,296,0.05
18815,4659456,265.7467956542969,273,0.05
18816,4659712,313.4278564453125,320,0.05
18817,4660224,318.4842529296875,324,0.05
18818,4660224,286.8386535644531,292,0.05
18819,4660480,288.5093994140625,295,0.05
18820,4660480,270.16058349609375,276,0.05
18821,4660480,297.824951171875,304,0.05
18822,4660736,326.0526428222656,332,0.05
18823,4660736,280.6255798339844,289,0.05
18824,4660736,233.3651885986328,239,0.05
18825,4660992,260.098388671875,266,0.05
18826,4660992,292.1812744140625,298,0.05
18827,4660992,298.1480712890625,304,0.05
18828,4660992,231.5602264404297,238,0.05
18829,4661248,323.0330505371094,329,0.05
18830,4661504,432.66741943359375,440,0.05
18831,4661504,288.9795227050781,295,0.05
18832,4661504,297.6288146972656,304,0.05
18833,4661760,341.17962646484375,348,0.05
18834,4662016,250.82333374023438,258,0.05
18835,4662016,297.00054931640625,303,0.05
18836,4662016,248.24659729003906,254,0.05
18837,4662272,294.7159423828125,301,0.05
18838,4662528,333.1140441894531,339,0.05
18839,4662784,278.3307800292969,285,0.05
18840,4662784,277.9888000488281,284,0.05
18841,4663040,303.6542663574219,308,0.05
18842,4664832,232.83718872070312,239,0.05
18843,4665088,343.79937744140625,349,0.05
18844,4666368,247.76266479492188,254,0.05
18845,4667136,314.03021240234375,321,0.05
18846,4667392,258.4104919433594,264,0.05
18847,4667392,313.1841125488281,319,0.05
18848,4667392,320.4529113769531,326,0.05
18849,4667392,346.1031188964844,352,0.05
18850,4667648,258.9810485839844,265,0.05
18851,4667904,269.0952453613281,275,0.05
18852,4667904,255.858154296875,263,0.05
18853,4667904,323.75592041015625,330,0.05
18854,4668160,259.1112060546875,266,0.05
18855,4668160,313.79083251953125,320,0.05
18856,4668160,299.1717834472656,306,0.05
18857,4668160,355.50762939453125,363,0.05
18858,4668416,301.2284240722656,307,0.05
18859,4668416,275.71575927734375,282,0.05
18860,4668672,266.46923828125,272,0.05
18861,4668672,240.04150390625,247,0.05
18862,4668928,250.71661376953125,257,0.05
18863,4669184,321.8027038574219,328,0.05
18864,4669440,269.3208923339844,276,0.05
18865,4670464,406.9512939453125,414,0.05
18866,4673024,269.671142578125,277,0.05
18867,4673024,229.7398223876953,236,0.05
18868,4673024,319.8479919433594,325,0.05
18869,4673280,270.1184387207031,276,0.05
18870,4673280,319.4930725097656,325,0.05
18871,4673280,366.8118591308594,373,0.05
18872,4673536,282.3932189941406,289,0.05
18873,4673536,284.63616943359375,290,0.05
18874,4674304,289.6288757324219,296,0.05
18875,4676352,320.84576416015625,327,0.05
18876,4676608,307.33843994140625,313,0.05
18877,4676608,343.30133056640625,349,0.05
18878,4676864,321.2864990234375,327,0.05
18879,4676864,383.7898254394531,390,0.05
18880,4676864,332.4246826171875,339,0.05
18881,4677120,324.2090148925781,331,0.05
18882,4677120,307.5602111816406,314,0.05
18883,4677120,335.01348876953125,342,0.05
18884,4677120,275.0762939453125,281,0.05
18885,4677120,296.64990234375,303,0.05
18886,4677120,348.71923828125,355,0.05
18887,4677376,201.10238647460938,207,0.05
18888,4677376,256.43756103515625,264,0.05
18889,4678912,294.3041687011719,300,0.05
18890,4679936,315.5831604003906,321,0.05
18891,4679936,357.55108642578125,363,0.05
18892,4679936,368.02703857421875,374,0.05
18893,4680192,260.4051818847656,266,0.05
18894,4680448,381.773681640625,388,0.05
18895,4680448,312.5470275878906,318,0.05
18896,4680448,261.6548156738281,267,0.05
18897,4680704,311.4930114746094,317,0.05
18898,4681728,401.31951904296875,407,0.05
18899,4682240,299.00750732421875,304,0.05
18900,4682240,282.0648498535156,289,0.05
18901,4682496,378.9983825683594,385,0.05
18902,4682496,370.8563232421875,378,0.05
18903,4682496,299.1386413574219,305,0.05
18904,4682496,246.1189727783203,253,0.05
18905,4683008,405.54766845703125,412,0.05
18906,4683264,285.14154052734375,292,0.05
18907,4684032,385.0086364746094,391,0.05
18908,4684800,338.2749938964844,345,0.05
18909,4685824,296.1051940917969,302,0.05
18910,4685824,254.2813720703125,260,0.05
18911,4685824,326.5324401855469,333,0.05
18912,4686080,345.62310791015625,352,0.05
18913,4686080,334.4336853027344,341,0.05
18914,4686080,257.872802734375,264,0.05
18915,4686080,312.67626953125,318,0.05
18916,4686080,312.523681640625,318,0.05
18917,4686336,313.12115478515625,319,0.05
18918,4686336,250.1704559326172,256,0.05
18919,4686336,429.27923583984375,436,0.05
18920,4686336,312.84295654296875,319,0.05
18921,4686336,253.7130584716797,260,0.05
18922,4686336,267.9681091308594,274,0.05
18923,4686592,271.4752502441406,277,0.05
18924,4686592,265.20709228515625,271,0.05
18925,4686592,285.761474609375,291,0.05
18926,4686592,241.65309143066406,247,0.05
18927,4686848,346.33984375,353,0.05
18928,4686848,257.0356140136719,264,0.05
18929,4686848,245.26486206054688,251,0.05
18930,4686848,286.5584411621094,292,0.05
18931,4687104,364.98504638671875,372,0.05
18932,4687104,261.43621826171875,267,0.05
18933,4687616,244.05661010742188,250,0.05
18934,4688640,28.558378219604492,33,0.05
18935,4689408,260.1331787109375,265,0.05
18936,4690944,273.0727233886719,280,0.05
18937,4691200,296.0799560546875,302,0.05
18938,4691712,274.90130615234375,282,0.05
18939,4691712,278.5486755371094,285,0.05
18940,4691968,411.9576416015625,419,0.05
18941,4692224,320.8317565917969,328,0.05
18942,4692736,286.39996337890625,291,0.05
18943,4693504,288.08270263671875,293,0.05
18944,4694528,330.9177551269531,336,0.05
18945,4694528,371.1701965332031,378,0.05
18946,4694528,276.4667053222656,281,0.05
18947,4695296,290.5291748046875,297,0.05
18948,4695296,332.6182556152344,338,0.05
18949,4695808,263.4715881347656,268,0.05
18950,4696576,299.05999755859375,305,0.05
18951,4696832,372.8677978515625,380,0.05
18952,4696832,352.4404602050781,359,0.05
18953,4697088,349.9665222167969,356,0.05
18954,4697088,230.28001403808594,236,0.05
18955,4697344,337.8947448730469,344,0.05
18956,4698624,361.68878173828125,367,0.05
18957,4698624,416.6751403808594,424,0.05
18958,4698880,288.2131042480469,294,0.05
18959,4698880,309.8406982421875,315,0.05
18960,4699136,361.00830078125,368,0.05
18961,4699136,398.9438781738281,406,0.05
18962,4699136,257.3714294433594,264,0.05
18963,4699136,319.41455078125,325,0.05
18964,4699392,289.5642395019531,296,0.05
18965,4699392,308.90411376953125,315,0.05
18966,4699392,307.652587890625,313,0.05
18967,4699648,349.6537780761719,356,0.05
18968,4699648,308.92034912109375,315,0.05
18969,4700160,302.9048767089844,309,0.05
18970,4702720,393.0232238769531,400,0.05
18971,4702976,312.50244140625,319,0.05
18972,4702976,302.46795654296875,309,0.05
18973,4703232,381.2867431640625,388,0.05
18974,4703232,335.1566162109375,342,0.05
18975,4703488,282.6512451171875,289,0.05
18976,4703488,334.4277038574219,342,0.05
18977,4703744,276.3659362792969,283,0.05
18978,4704768,242.26748657226562,248,0.05
18979,4706048,373.2613830566406,380,0.05
18980,4706304,265.13031005859375,273,0.05
18981,4706816,412.26483154296875,419,0.05
18982,4706816,339.6865234375,346,0.05
18983,4706816,324.2191467285156,331,0.05
18984,4706816,251.9586944580078,259,0.05
18985,4707328,341.9479064941406,348,0.05
18986,4707584,309.35791015625,316,0.05
18987,4707584,349.37982177734375,356,0.05
18988,4707584,253.62315368652344,260,0.05
18989,4708864,252.26817321777344,258,0.05
18990,4709632,329.5566101074219,335,0.05
18991,4709632,349.38873291015625,355,0.05
18992,4710400,259.4136657714844,267,0.05
18993,4710400,332.52362060546875,339,0.05
18994,4710400,329.7269287109375,335,0.05
18995,4710912,320.9469909667969,327,0.05
18996,4711168,288.6741943359375,295,0.05
18997,4711424,269.7188415527344,275,0.05
18998,4711680,261.7303771972656,268,0.05
18999,4712448,327.1842346191406,334,0.05
19000,4712448,337.95452880859375,344,0.05
19001,4712448,251.712158203125,258,0.05
19002,4712704,267.7132568359375,273,0.05
19003,4712960,415.3461608886719,422,0.05
19004,4714240,356.3701171875,362,0.05
19005,4715776,283.1017150878906,289,0.05
19006,4716544,287.88067626953125,293,0.05
19007,4716544,307.62432861328125,314,0.05
19008,4716544,283.98388671875,290,0.05
19009,4716800,357.2049255371094,364,0.05
19010,4717056,291.30181884765625,298,0.05
19011,4717056,342.57476806640625,349,0.05
19012,4717056,286.868896484375,293,0.05
19013,4717312,334.76873779296875,342,0.05
19014,4717568,271.075927734375,277,0.05
19015,4717568,304.92694091796875,311,0.05
19016,4718848,286.7621765136719,293,0.05
19017,4719616,298.2164306640625,305,0.05
19018,4722432,360.605712890625,366,0.05
19019,4723456,311.7945861816406,317,0.05
19020,4723968,334.0157470703125,338,0.05
19021,4724480,235.44789123535156,241,0.05
19022,4724736,322.1728515625,327,0.05
19023,4725248,409.0050048828125,416,0.05
19024,4725504,320.4183654785156,325,0.05
19025,4725504,318.0339050292969,324,0.05
19026,4725504,309.7756652832031,317,0.05
19027,4725504,245.46044921875,254,0.05
19028,4725760,314.2987976074219,320,0.05
19029,4725760,221.95672607421875,228,0.05
19030,4726016,343.746337890625,350,0.05
19031,4726016,271.9056396484375,278,0.05
19032,4726272,344.88079833984375,351,0.05
19033,4726272,394.7826843261719,401,0.05
19034,4726272,257.62103271484375,264,0.05
19035,4726784,455.9780578613281,463,0.05
19036,4727296,266.68426513671875,273,0.05
19037,4728320,276.1976318359375,282,0.05
19038,4728576,330.74700927734375,336,0.05
19039,4728832,259.20849609375,265,0.05
19040,4728832,282.6802978515625,289,0.05
19041,4728832,316.5505065917969,323,0.05
19042,4729088,318.2467346191406,324,0.05
19043,4729088,281.4074401855469,289,0.05
19044,4729088,348.08392333984375,354,0.05
19045,4729088,283.6104736328125,290,0.05
19046,4729344,256.9227600097656,263,0.05
19047,4729344,338.16064453125,345,0.05
19048,4729344,229.543212890625,237,0.05
19049,4729600,271.18719482421875,278,0.05
19050,4729600,235.027099609375,241,0.05
19051,4729600,256.23626708984375,263,0.05
19052,4730368,267.1535949707031,272,0.05
19053,4730880,327.3182678222656,332,0.05
19054,4731392,342.8877258300781,349,0.05
19055,4732160,247.49594116210938,253,0.05
19056,4732416,257.5916748046875,263,0.05
19057,4733696,301.6623229980469,307,0.05
19058,4734464,378.1175231933594,385,0.05
19059,4734720,300.8920593261719,308,0.05
19060,4734976,308.3737487792969,314,0.05
19061,4734976,289.1024169921875,296,0.05
19062,4735488,290.0299987792969,296,0.05
19063,4735744,357.248291015625,364,0.05
19064,4737280,298.3374328613281,305,0.05
19065,4737536,267.11346435546875,274,0.05
19066,4737792,296.1510925292969,302,0.05
19067,4738048,224.8569793701172,231,0.05
19068,4738048,391.3714294433594,398,0.05
19069,4738048,287.9300537109375,293,0.05
19070,4738304,355.7644348144531,361,0.05
19071,4738560,265.93463134765625,272,0.05
19072,4738816,31.461965560913086,36,0.05
19073,4738816,248.7452392578125,255,0.05
19074,4739072,267.92974853515625,277,0.05
19075,4739328,375.6502990722656,382,0.05
19076,4739584,373.4964599609375,380,0.05
19077,4739840,328.43621826171875,333,0.05
19078,4739840,404.6192932128906,412,0.05
19079,4739840,356.95416259765625,364,0.05
19080,4739840,303.264404296875,308,0.05
19081,4740864,310.8601989746094,318,0.05
19082,4741120,277.3748779296875,285,0.05
19083,4741120,271.1195068359375,276,0.05
19084,4741632,385.71240234375,392,0.05
19085,4741632,301.0361022949219,308,0.05
19086,4742912,311.9143371582031,318,0.05
19087,4742912,228.5814666748047,236,0.05
19088,4742912,313.6918029785156,320,0.05
19089,4743168,253.8327178955078,260,0.05
19090,4743424,253.60874938964844,260,0.05
19091,4743424,314.7628173828125,321,0.05
19092,4743424,287.2017822265625,294,0.05
19093,4743424,254.30006408691406,260,0.05
19094,4743936,311.14324951171875,320,0.05
19095,4743936,269.0542297363281,276,0.05
19096,4744192,292.8134460449219,299,0.05
19097,4744448,297.34454345703125,305,0.05
19098,4744704,258.4902648925781,265,0.05
19099,4745728,276.256591796875,284,0.05
19100,4746240,322.80364990234375,330,0.05
19101,4746496,328.44866943359375,335,0.05
19102,4746496,243.64935302734375,250,0.05
19103,4746496,265.898193359375,273,0.05
19104,4746752,386.0751647949219,393,0.05
19105,4746752,245.16432189941406,251,0.05
19106,4746752,304.0599365234375,311,0.05
19107,4746752,397.48504638671875,405,0.05
19108,4747008,242.14657592773438,250,0.05
19109,4747008,302.24981689453125,309,0.05
19110,4747008,246.9093017578125,255,0.05
19111,4747520,427.4918212890625,435,0.05
19112,4747520,283.88360595703125,290,0.05
19113,4748544,318.734375,327,0.05
19114,4748544,432.73431396484375,441,0.05
19115,4749824,266.70709228515625,273,0.05
19116,4750080,313.7041931152344,321,0.05
19117,4750080,343.5976257324219,350,0.05
19118,4750336,340.58917236328125,347,0.05
19119,4750336,316.7305603027344,324,0.05
19120,4750336,366.37432861328125,374,0.05
19121,4750592,296.2994384765625,302,0.05
19122,4750848,261.53173828125,268,0.05
19123,4750848,349.1931457519531,357,0.05
19124,4750848,296.6762390136719,304,0.05
19125,4750848,281.8983154296875,288,0.05
19126,4751104,315.13836669921875,320,0.05
19127,4751104,245.1258087158203,252,0.05
19128,4751616,300.26007080078125,307,0.05
19129,4751872,245.91725158691406,253,0.05
19130,4752896,300.7833557128906,307,0.05
19131,4753152,376.8943786621094,383,0.05
19132,4753408,323.89501953125,331,0.05
19133,4753664,355.4774475097656,362,0.05
19134,4753664,377.3458251953125,384,0.05
19135,4753920,292.7027893066406,299,0.05
19136,4754176,233.76174926757812,242,0.05
19137,4754432,393.4410095214844,399,0.05
19138,4754944,298.2419738769531,304,0.05
19139,4754944,331.5087890625,339,0.05
19140,4755200,268.62677001953125,275,0.05
19141,4755200,264.254638671875,269,0.05
19142,4755200,363.3627624511719,371,0.05
19143,4755200,365.4410400390625,371,0.05
19144,4755456,229.40110778808594,238,0.05
19145,4755712,272.85076904296875,280,0.05
19146,4755712,302.00115966796875,307,0.05
19147,4756224,333.26263427734375,339,0.05
19148,4756224,268.8849182128906,274,0.05
19149,4756736,258.34075927734375,266,0.05
19150,4756736,292.2391662597656,298,0.05
19151,4756736,283.3305358886719,291,0.05
19152,4756736,318.7290954589844,325,0.05
19153,4756992,272.1248474121094,277,0.05
19154,4757248,292.2864074707031,300,0.05
19155,4757248,406.81011962890625,413,0.05
19156,4757248,270.03790283203125,275,0.05
19157,4757504,270.7607421875,276,0.05
19158,4757760,307.7469482421875,315,0.05
19159,4758528,225.0010223388672,232,0.05
19160,4758528,263.8091125488281,270,0.05
19161,4759296,301.6009826660156,307,0.05
19162,4761344,382.44329833984375,388,0.05
19163,4761600,421.6554870605469,429,0.05
19164,4761856,314.35302734375,320,0.05
19165,4761856,287.9718017578125,295,0.05
19166,4761856,287.1033935546875,293,0.05
19167,4761856,287.117919921875,295,0.05
19168,4762112,268.9087219238281,275,0.05
19169,4762112,238.25234985351562,246,0.05
19170,4762112,382.34832763671875,389,0.05
19171,4762368,289.426513671875,296,0.05
19172,4762624,390.802490234375,398,0.05
19173,4762880,243.51788330078125,248,0.05
19174,4763136,216.3440399169922,223,0.05
19175,4763648,271.87188720703125,277,0.05
19176,4763904,366.9269104003906,373,0.05
19177,4764672,335.41510009765625,342,0.05
19178,4764672,250.95484924316406,257,0.05
19179,4764928,295.6806640625,302,0.05
19180,4764928,236.07131958007812,242,0.05
19181,4765440,265.864501953125,272,0.05
19182,4765440,269.414794921875,277,0.05
19183,4765952,327.02520751953125,334,0.05
19184,4765952,340.2616271972656,347,0.05
19185,4766208,270.8273620605469,277,0.05
19186,4766464,340.6349792480469,348,0.05
19187,4766720,402.9878845214844,411,0.05
19188,4768256,209.95315551757812,218,0.05
19189,4769280,245.10911560058594,252,0.05
19190,4769536,267.0410461425781,274,0.05
19191,4769792,317.16314697265625,324,0.05
19192,4770560,303.9869384765625,310,0.05
19193,4770816,272.39447021484375,279,0.05
19194,4770816,280.47857666015625,287,0.05
19195,4770816,392.4884033203125,400,0.05
19196,4770816,324.6382141113281,331,0.05
19197,4771072,323.99822998046875,331,0.05
19198,4771072,257.0739440917969,264,0.05
19199,4771328,349.7799072265625,357,0.05
19200,4771584,285.04736328125,292,0.05
19201,4771840,273.326171875,280,0.05
19202,4772864,266.3454284667969,273,0.05
19203,4772864,329.75946044921875,338,0.05
19204,4773632,254.04225158691406,261,0.05
19205,4774144,295.6724853515625,302,0.05
19206,4774912,378.11236572265625,385,0.05
19207,4776448,355.4991455078125,364,0.05
19208,4777728,365.23052978515625,372,0.05
19209,4777728,316.17047119140625,322,0.05
19210,4777728,329.77105712890625,336,0.05
19211,4777984,249.5391082763672,256,0.05
19212,4777984,301.96484375,308,0.05
19213,4777984,351.5903625488281,359,0.05
19214,4778240,311.2601318359375,317,0.05
19215,4778240,248.51910400390625,255,0.05
19216,4778240,304.9597473144531,311,0.05
19217,4778496,353.5161437988281,362,0.05
19218,4778752,254.44305419921875,263,0.05
19219,4778752,301.6513366699219,309,0.05
19220,4778752,305.65203857421875,311,0.05
19221,4779008,290.1031799316406,296,0.05
19222,4780032,277.4699401855469,284,0.05
19223,4781056,364.8538818359375,371,0.05
19224,4781056,362.72369384765625,369,0.05
19225,4781568,297.55377197265625,304,0.05
19226,4781568,274.74786376953125,281,0.05
19227,4782080,369.3703918457031,376,0.05
19228,4782592,366.9468994140625,375,0.05
19229,4782848,351.0334777832031,359,0.05
19230,4783104,320.4560546875,330,0.05
19231,4783104,253.90924072265625,260,0.05
19232,4783104,344.6502380371094,350,0.05
19233,4783360,289.7627258300781,296,0.05
19234,4783360,293.68353271484375,299,0.05
19235,4783616,289.1910705566406,297,0.05
19236,4783616,374.6947937011719,382,0.05
19237,4783872,369.5238037109375,378,0.05
19238,4784384,283.27685546875,289,0.05
19239,4784640,378.5436096191406,384,0.05
19240,4784640,259.08660888671875,264,0.05
19241,4784896,288.7173767089844,294,0.05
19242,4785152,344.56719970703125,354,0.05
19243,4785408,303.1297912597656,309,0.05
19244,4785408,332.1263427734375,338,0.05
19245,4785920,361.3310852050781,367,0.05
19246,4786944,227.78065490722656,237,0.05
19247,4787200,284.9686279296875,291,0.05
19248,4787968,297.6833801269531,303,0.05
19249,4788480,302.50091552734375,311,0.05
19250,4788480,264.8774719238281,272,0.05
19251,4788992,344.0047302246094,349,0.05
19252,4789248,276.0973205566406,282,0.05
19253,4789760,354.4917297363281,362,0.05
19254,4790016,302.8815002441406,308,0.05
19255,4790272,278.5428466796875,286,0.05
19256,4791040,248.11534118652344,253,0.05
19257,4791040,335.9601745605469,342,0.05
19258,4791040,283.7751770019531,290,0.05
19259,4791552,283.6326904296875,289,0.05
19260,4791808,253.14651489257812,260,0.05
19261,4792064,240.42984008789062,246,0.05
19262,4793344,315.11236572265625,322,0.05
19263,4794368,248.40769958496094,257,0.05
19264,4794880,273.5211486816406,279,0.05
19265,4795648,267.3467102050781,274,0.05
19266,4795904,236.8903045654297,243,0.05
19267,4795904,267.79705810546875,275,0.05
19268,4795904,325.9159240722656,334,0.05
19269,4796160,220.18914794921875,227,0.05
19270,4796416,360.14208984375,366,0.05
19271,4796672,316.03143310546875,322,0.05
19272,4796928,295.7923278808594,302,0.05
19273,4797184,347.31341552734375,353,0.05
19274,4797184,285.1171569824219,292,0.05
19275,4797440,386.75177001953125,394,0.05
19276,4798464,227.90682983398438,233,0.05
19277,4798720,282.6285095214844,290,0.05
19278,4800000,218.07208251953125,223,0.05
19279,4800000,269.53216552734375,278,0.05
19280,4800256,270.23291015625,278,0.05
19281,4800512,274.15716552734375,279,0.05
19282,4801024,318.7638244628906,326,0.05
19283,4801280,244.40243530273438,250,0.05
19284,4802048,266.9086608886719,273,0.05
19285,4802048,296.80902099609375,305,0.05
19286,4802048,344.9971008300781,353,0.05
19287,4802304,289.1272277832031,298,0.05
19288,4802304,277.89984130859375,286,0.05
19289,4802560,363.4336853027344,371,0.05
19290,4803072,240.83575439453125,247,0.05
19291,4803328,294.93011474609375,304,0.05
19292,4803584,264.84918212890625,270,0.05
19293,4805120,219.53311157226562,227,0.05
19294,4805376,305.93353271484375,315,0.05
19295,4805376,280.4159240722656,289,0.05
19296,4806656,294.9101867675781,304,0.05
19297,4807680,275.455078125,284,0.05
19298,4808448,256.37457275390625,263,0.05
19299,4808448,255.37435913085938,261,0.05
19300,4808448,307.8704528808594,313,0.05
19301,4808448,314.74444580078125,321,0.05
19302,4808960,282.2257995605469,290,0.05
19303,4809216,393.8953857421875,400,0.05
19304,4809472,267.2130126953125,273,0.05
19305,4809472,228.22811889648438,233,0.05
19306,4809984,310.77581787109375,315,0.05
19307,4809984,283.11669921875,290,0.05
19308,4809984,306.24603271484375,311,0.05
19309,4810240,360.0047302246094,366,0.05
19310,4810240,245.86434936523438,252,0.05
19311,4810496,257.43157958984375,263,0.05
19312,4811008,312.11029052734375,319,0.05
19313,4811264,252.36495971679688,260,0.05
19314,4811776,277.9403381347656,286,0.05
19315,4812032,324.9781188964844,333,0.05
19316,4812288,381.418212890625,390,0.05
19317,4813312,252.9964141845703,260,0.05
19318,4814336,340.5728454589844,346,0.05
19319,4814848,375.2576904296875,381,0.05
19320,4815872,297.38055419921875,304,0.05
19321,4815872,385.292236328125,391,0.05
19322,4816640,265.5727844238281,272,0.05
19323,4817152,299.9967346191406,308,0.05
19324,4817408,304.73870849609375,311,0.05
19325,4817408,297.65557861328125,305,0.05
19326,4817664,280.24468994140625,287,0.05
19327,4817920,270.0519714355469,275,0.05
19328,4817920,316.0624694824219,324,0.05
19329,4818944,287.6832275390625,295,0.05
19330,4819968,309.98699951171875,316,0.05
19331,4819968,260.76617431640625,267,0.05
19332,4820224,313.24859619140625,321,0.05
19333,4820224,295.5205383300781,302,0.05
19334,4820480,302.697998046875,308,0.05
19335,4820736,351.0628356933594,356,0.05
19336,4820992,304.7571716308594,312,0.05
19337,4821248,366.1604309082031,374,0.05
19338,4821248,295.7725830078125,302,0.05
19339,4821248,364.88519287109375,372,0.05
19340,4821760,272.8536071777344,280,0.05
19341,4822016,263.1182556152344,270,0.05
19342,4822016,455.3453063964844,464,0.05
19343,4822016,314.2499084472656,321,0.05
19344,4822272,249.05320739746094,254,0.05
19345,4822528,290.3657531738281,297,0.05
19346,4822784,253.3583526611328,258,0.05
19347,4822784,277.98870849609375,283,0.05
19348,4823040,351.8833312988281,360,0.05
19349,4823040,283.2630920410156,291,0.05
19350,4823296,374.74151611328125,381,0.05
19351,4823552,242.12139892578125,251,0.05
19352,4823808,294.2877502441406,300,0.05
19353,4824064,237.28060913085938,243,0.05
19354,4824320,252.50167846679688,261,0.05
19355,4824576,258.9329528808594,264,0.05
19356,4824576,299.2602844238281,305,0.05
19357,4824832,372.8492126464844,381,0.05
19358,4824832,286.0155029296875,291,0.05
19359,4824832,334.8519592285156,341,0.05
19360,4825088,297.5708312988281,303,0.05
19361,4825088,326.9690856933594,333,0.05
19362,4825088,285.779296875,290,0.05
19363,4825344,254.2084503173828,264,0.05
19364,4825600,367.248291015625,376,0.05
19365,4825856,266.2637023925781,274,0.05
19366,4825856,302.8326110839844,309,0.05
19367,4826112,317.34649658203125,323,0.05
19368,4826368,419.7695617675781,429,0.05
19369,4826880,377.34368896484375,383,0.05
19370,4826880,280.2582702636719,288,0.05
19371,4827136,287.786376953125,294,0.05
19372,4827648,277.9183654785156,284,0.05
19373,4828160,279.5815734863281,285,0.05
19374,4828416,274.6211853027344,280,0.05
19375,4828416,267.91546630859375,273,0.05
19376,4829184,347.8103942871094,353,0.05
19377,4830208,342.4826354980469,349,0.05
19378,4830720,288.818359375,295,0.05
19379,4830976,294.1666564941406,301,0.05
19380,4831488,298.623046875,305,0.05
19381,4831488,290.9994201660156,297,0.05
19382,4831488,278.79229736328125,285,0.05
19383,4832256,239.92176818847656,245,0.05
19384,4832768,330.0630798339844,336,0.05
19385,4832768,396.58135986328125,403,0.05
19386,4832768,270.5749206542969,277,0.05
19387,4834816,262.3169250488281,271,0.05
19388,4835072,296.6126708984375,304,0.05
19389,4835584,277.4473876953125,283,0.05
19390,4836352,398.0548400878906,406,0.05
19391,4836864,313.943115234375,320,0.05
19392,4836864,273.4366455078125,282,0.05
19393,4837888,269.5089416503906,278,0.05
19394,4838912,293.43109130859375,300,0.05
19395,4838912,292.9407958984375,301,0.05
19396,4839424,338.3641052246094,346,0.05
19397,4839424,325.05157470703125,333,0.05
19398,4839680,322.6409912109375,330,0.05
19399,4839680,337.7483825683594,346,0.05
19400,4839936,296.01324462890625,304,0.05
19401,4839936,343.44683837890625,350,0.05
19402,4840192,330.2243957519531,338,0.05
19403,4840704,359.3293151855469,367,0.05
19404,4840704,324.9035949707031,334,0.05
19405,4840704,260.513671875,270,0.05
19406,4841216,266.8409729003906,273,0.05
19407,4841216,370.7964782714844,380,0.05
19408,4841472,405.2939147949219,414,0.05
19409,4841728,373.2012939453125,380,0.05
19410,4841984,298.876708984375,305,0.05
19411,4842240,324.1536865234375,334,0.05
19412,4842240,331.2808532714844,338,0.05
19413,4842496,358.15496826171875,367,0.05
19414,4842496,332.3671875,337,0.05
19415,4842496,350.4059753417969,358,0.05
19416,4842496,308.229248046875,315,0.05
19417,4842752,310.94598388671875,317,0.05
19418,4842752,353.1112060546875,362,0.05
19419,4842752,272.4430847167969,281,0.05
19420,4843264,331.1820983886719,340,0.05
19421,4843520,398.0859680175781,405,0.05
19422,4843520,355.9779968261719,362,0.05
19423,4843776,298.86865234375,308,0.05
19424,4843776,278.3431701660156,284,0.05
19425,4844032,373.802734375,382,0.05
19426,4844032,316.6548156738281,323,0.05
19427,4845056,378.82421875,385,0.05
19428,4845824,363.4317626953125,372,0.05
19429,4846080,304.8349304199219,313,0.05
19430,4846080,287.8742370605469,294,0.05
19431,4846080,396.0786437988281,403,0.05
19432,4846080,306.9250793457031,313,0.05
19433,4846592,308.1642761230469,314,0.05
19434,4846592,394.2124938964844,403,0.05
19435,4846848,315.85540771484375,321,0.05
19436,4846848,287.28594970703125,293,0.05
19437,4847104,291.16943359375,298,0.05
19438,4847616,347.36102294921875,355,0.05
19439,4847616,369.48724365234375,377,0.05
19440,4847872,265.6338806152344,274,0.05
19441,4847872,264.4366149902344,270,0.05
19442,4848128,283.9935302734375,289,0.05
19443,4848384,285.1968688964844,292,0.05
19444,4848640,242.6884765625,251,0.05
19445,4848640,287.6103210449219,296,0.05
19446,4848896,297.8755798339844,306,0.05
19447,4848896,252.5914306640625,261,0.05
19448,4848896,333.7713317871094,339,0.05
19449,4848896,300.0679016113281,305,0.05
19450,4849152,299.6649475097656,305,0.05
19451,4849152,273.8775939941406,279,0.05
19452,4849664,333.2445983886719,340,0.05
19453,4849664,330.48858642578125,339,0.05
19454,4849920,269.23931884765625,278,0.05
19455,4849920,406.83770751953125,416,0.05
19456,4850176,249.6794891357422,255,0.05
19457,4850176,232.492431640625,238,0.05
19458,4850176,357.1641540527344,363,0.05
19459,4850688,278.933837890625,284,0.05
19460,4850944,325.0215148925781,330,0.05
19461,4851456,262.13232421875,267,0.05
19462,4851712,337.00604248046875,344,0.05
19463,4851968,321.2658386230469,327,0.05
19464,4851968,284.2756652832031,290,0.05
19465,4855040,241.169921875,248,0.05
19466,4855040,301.96624755859375,307,0.05
19467,4855040,265.83941650390625,273,0.05
19468,4855296,354.5303955078125,363,0.05
19469,4855552,310.2444763183594,315,0.05
19470,4856064,299.0627746582031,304,0.05
19471,4857088,281.4658508300781,287,0.05
19472,4857088,245.0396728515625,254,0.05
19473,4857344,290.6947937011719,298,0.05
19474,4857344,273.927490234375,279,0.05
19475,4857344,295.8233947753906,302,0.05
19476,4857856,355.1290588378906,361,0.05
19477,4858368,256.7228698730469,263,0.05
19478,4858368,285.552734375,292,0.05
19479,4858368,294.4516296386719,300,0.05
19480,4858624,281.2817687988281,286,0.05
19481,4858880,338.9289855957031,348,0.05
19482,4859392,270.6488037109375,279,0.05
19483,4859392,271.9348449707031,277,0.05
19484,4859648,407.8249206542969,414,0.05
19485,4859904,272.2072448730469,277,0.05
19486,4860160,366.4968566894531,372,0.05
19487,4860160,264.0003662109375,270,0.05
19488,4860416,302.6074523925781,308,0.05
19489,4860672,248.3882293701172,253,0.05
19490,4860672,409.1662292480469,415,0.05
19491,4860672,236.0776824951172,242,0.05
19492,4861440,274.4597473144531,279,0.05
19493,4861696,273.9950256347656,279,0.05
19494,4862208,298.5234375,306,0.05
19495,4862464,322.3284606933594,328,0.05
19496,4862464,250.7142333984375,257,0.05
19497,4862720,313.50994873046875,319,0.05
19498,4864000,259.0032653808594,265,0.05
19499,4864000,301.4898376464844,307,0.05
19500,4864512,297.54852294921875,302,0.05
19501,4865024,367.8847961425781,374,0.05
19502,4867328,245.26785278320312,250,0.05
19503,4867584,270.38116455078125,276,0.05
19504,4867584,279.2509765625,284,0.05
19505,4868096,277.1148986816406,282,0.05
19506,4868352,283.4483947753906,289,0.05
19507,4868352,277.429931640625,283,0.05
19508,4868608,346.16876220703125,353,0.05
19509,4869376,276.7325744628906,282,0.05
19510,4869888,349.42596435546875,355,0.05
19511,4869888,300.16510009765625,305,0.05
19512,4869888,332.4736328125,338,0.05
19513,4870400,335.528076171875,342,0.05
19514,4870912,337.15887451171875,343,0.05
19515,4870912,235.05563354492188,240,0.05
19516,4871424,273.1979064941406,279,0.05
19517,4872192,274.09820556640625,280,0.05
19518,4873984,263.28790283203125,268,0.05
19519,4875520,371.8979187011719,378,0.05
19520,4877056,287.0549011230469,293,0.05
19521,4877824,349.5057067871094,355,0.05
19522,4878336,384.6285705566406,392,0.05
19523,4878848,315.6829833984375,322,0.05
19524,4878848,264.3250427246094,271,0.05
19525,4879104,309.2342529296875,315,0.05
19526,4879104,314.83099365234375,320,0.05
19527,4879360,364.1468811035156,370,0.05
19528,4879360,368.4068603515625,376,0.05
19529,4880128,352.88726806640625,358,0.05
19530,4880128,391.1311950683594,398,0.05
19531,4880640,415.4604187011719,421,0.05
19532,4881408,274.4638671875,279,0.05
19533,4881664,293.6540222167969,299,0.05
19534,4881664,353.24371337890625,359,0.05
19535,4881664,250.72119140625,257,0.05
19536,4881664,244.4530029296875,251,0.05
19537,4882176,313.2259521484375,321,0.05
19538,4882176,267.7917175292969,273,0.05
19539,4882176,262.626708984375,269,0.05
19540,4882432,351.8631896972656,357,0.05
19541,4882432,273.2956848144531,279,0.05
19542,4882432,281.33319091796875,286,0.05
19543,4882432,283.96954345703125,289,0.05
19544,4882688,402.74285888671875,409,0.05
19545,4882944,240.36788940429688,245,0.05
19546,4883200,337.3505859375,342,0.05
19547,4883200,346.36029052734375,351,0.05
19548,4883200,286.4833068847656,292,0.05
19549,4883456,262.8486022949219,268,0.05
19550,4883712,389.5380554199219,395,0.05
19551,4883968,279.3472595214844,284,0.05
19552,4884224,288.7220458984375,294,0.05
19553,4884224,258.678955078125,264,0.05
19554,4884224,283.05267333984375,288,0.05
19555,4884224,291.33465576171875,296,0.05
19556,4884224,276.7613220214844,282,0.05
19557,4884480,320.7249450683594,326,0.05
19558,4884736,335.9479675292969,341,0.05
19559,4884992,315.65887451171875,324,0.05
19560,4885504,241.52565002441406,247,0.05
19561,4885504,295.1618347167969,301,0.05
19562,4885760,328.5466613769531,334,0.05
19563,4885760,232.70004272460938,239,0.05
19564,4885760,259.85455322265625,265,0.05
19565,4885760,389.295166015625,395,0.05
19566,4886272,323.6387634277344,329,0.05
19567,4887040,238.01333618164062,243,0.05
19568,4887552,238.1781005859375,244,0.05
19569,4891136,338.7001953125,344,0.05
19570,4892416,266.27294921875,272,0.05
19571,4892416,273.4035949707031,278,0.05
19572,4892672,342.0205993652344,348,0.05
19573,4892928,247.1162872314453,252,0.05
19574,4893184,260.3533935546875,267,0.05
19575,4893952,352.11181640625,357,0.05
19576,4893952,355.470458984375,362,0.05
19577,4893952,247.00279235839844,253,0.05
19578,4894464,332.2044677734375,339,0.05
19579,4894720,278.5607604980469,284,0.05
19580,4894720,283.23480224609375,289,0.05
19581,4894976,307.8094482421875,315,0.05
19582,4894976,274.3351745605469,280,0.05
19583,4895744,278.7552795410156,284,0.05
19584,4895744,276.12890625,282,0.05
19585,4895744,263.03411865234375,269,0.05
19586,4895744,301.6619873046875,307,0.05
19587,4896256,344.42156982421875,350,0.05
19588,4896256,263.0615234375,270,0.05
19589,4896256,289.2901611328125,294,0.05
19590,4897024,436.5862121582031,444,0.05
19591,4897024,284.50091552734375,290,0.05
19592,4897280,271.92559814453125,277,0.05
19593,4897280,275.80572509765625,281,0.05
19594,4897792,288.8638916015625,296,0.05
19595,4898048,287.9581298828125,293,0.05
19596,4898048,294.7993469238281,300,0.05
19597,4899072,299.3167724609375,304,0.05
19598,4899328,213.23953247070312,221,0.05
19599,4899584,259.5171203613281,266,0.05
19600,4899840,213.14573669433594,219,0.05
19601,4900096,304.59051513671875,311,0.05
19602,4900352,257.6513977050781,264,0.05
19603,4901120,291.98638916015625,297,0.05
19604,4901376,253.8740692138672,259,0.05
19605,4901376,250.60586547851562,257,0.05
19606,4901888,293.6351623535156,300,0.05
19607,4901888,290.612060546875,296,0.05
19608,4902144,265.4200744628906,271,0.05
19609,4902400,373.352783203125,379,0.05
19610,4902656,386.4136047363281,392,0.05
19611,4902912,270.8535461425781,276,0.05
19612,4903424,358.3091125488281,364,0.05
19613,4903936,360.76025390625,367,0.05
19614,4904192,312.9435729980469,319,0.05
19615,4904448,309.3186950683594,315,0.05
19616,4904448,332.65997314453125,340,0.05
19617,4905216,304.564697265625,310,0.05
19618,4905216,327.7134094238281,333,0.05
19619,4905472,309.97698974609375,315,0.05
19620,4905728,284.64483642578125,290,0.05
19621,4905984,397.04931640625,405,0.05
19622,4906240,369.5736999511719,375,0.05
19623,4906240,267.76483154296875,273,0.05
19624,4906752,268.607666015625,273,0.05
19625,4907008,335.28692626953125,340,0.05
19626,4907008,231.09056091308594,236,0.05
19627,4907008,291.8749084472656,297,0.05
19628,4907264,247.1022186279297,252,0.05
19629,4907264,313.23193359375,318,0.05
19630,4907520,292.7112731933594,297,0.05
19631,4907776,232.94027709960938,239,0.05
19632,4907776,329.67901611328125,336,0.05
19633,4908288,352.90252685546875,361,0.05
19634,4908544,235.57723999023438,244,0.05
19635,4908800,251.85226440429688,259,0.05
19636,4909056,301.8562927246094,306,0.05
19637,4909056,261.4799499511719,267,0.05
19638,4909312,293.4917907714844,299,0.05
19639,4909312,332.8937683105469,341,0.05
19640,4909568,266.1360778808594,271,0.05
19641,4909568,268.9945068359375,274,0.05
19642,4910080,264.2099304199219,269,0.05
19643,4910336,281.01788330078125,287,0.05
19644,4910336,240.83766174316406,247,0.05
19645,4911360,360.234130859375,366,0.05
19646,4911360,273.4931945800781,279,0.05
19647,4911872,252.5146942138672,257,0.05
19648,4912128,278.5579528808594,284,0.05
19649,4912384,251.05101013183594,256,0.05
19650,4912384,359.82196044921875,365,0.05
19651,4912896,245.9414520263672,252,0.05
19652,4912896,263.0496826171875,269,0.05
19653,4912896,274.9673767089844,280,0.05
19654,4915200,249.1371307373047,255,0.05
19655,4915712,283.2597351074219,289,0.05
19656,4915712,280.69097900390625,286,0.05
19657,4915712,267.44586181640625,272,0.05
19658,4916224,257.84210205078125,263,0.05
19659,4916224,256.94561767578125,262,0.05
19660,4916736,286.830810546875,292,0.05
19661,4917504,287.41033935546875,292,0.05
19662,4917504,353.66448974609375,359,0.05
19663,4917760,259.54901123046875,265,0.05
19664,4918016,409.2411193847656,415,0.05
19665,4918272,360.3616027832031,366,0.05
19666,4920320,295.8269958496094,301,0.05
19667,4920320,249.49261474609375,255,0.05
19668,4921088,357.7908935546875,363,0.05
19669,4921088,313.103515625,318,0.05
19670,4921088,277.8938293457031,283,0.05
19671,4921088,244.2367706298828,250,0.05
19672,4922368,278.6489562988281,284,0.05
19673,4923136,289.61798095703125,295,0.05
19674,4923136,284.9741516113281,290,0.05
19675,4923392,310.59027099609375,316,0.05
19676,4923648,278.8226318359375,285,0.05
19677,4923904,308.0163269042969,313,0.05
19678,4924160,293.5677490234375,299,0.05
19679,4924160,368.6455993652344,374,0.05
19680,4924416,243.86874389648438,251,0.05
19681,4924416,316.18603515625,321,0.05
19682,4924928,280.4643249511719,285,0.05
19683,4925184,444.1025085449219,450,0.05
19684,4925184,255.1326141357422,261,0.05
19685,4925184,324.0850524902344,330,0.05
19686,4925440,413.8764953613281,420,0.05
19687,4925696,367.9720764160156,373,0.05
19688,4926208,315.8604736328125,321,0.05
19689,4926464,300.1770324707031,306,0.05
19690,4926464,317.5708312988281,324,0.05
19691,4926464,246.7441864013672,253,0.05
19692,4926464,297.10931396484375,302,0.05
19693,4926720,337.2923278808594,343,0.05
19694,4927232,304.34405517578125,310,0.05
19695,4928256,333.1392822265625,339,0.05
19696,4928512,263.7385559082031,269,0.05
19697,4928512,342.2530212402344,347,0.05
19698,4928768,268.1584167480469,273,0.05
19699,4928768,273.0741882324219,279,0.05
19700,4928768,318.4893493652344,324,0.05
19701,4929024,296.6347961425781,302,0.05
19702,4929024,402.7268981933594,409,0.05
19703,4929024,308.47589111328125,313,0.05
19704,4929280,267.3671875,273,0.05
19705,4929280,254.15103149414062,261,0.05
19706,4929280,283.8231506347656,289,0.05
19707,4929536,277.659912109375,283,0.05
19708,4929536,341.7658386230469,347,0.05
19709,4929536,277.18707275390625,282,0.05
19710,4929536,273.90264892578125,280,0.05
19711,4929536,405.7159423828125,412,0.05
19712,4929792,310.42425537109375,316,0.05
19713,4929792,349.4227600097656,355,0.05
19714,4930048,306.1270751953125,312,0.05
19715,4930304,394.50555419921875,401,0.05
19716,4930304,315.2520446777344,322,0.05
19717,4930816,340.8915100097656,346,0.05
19718,4931072,303.06207275390625,309,0.05
19719,4931840,430.5163879394531,436,0.05
19720,4931840,313.6218566894531,319,0.05
19721,4933632,288.6101989746094,293,0.05
19722,4933632,368.0717468261719,374,0.05
19723,4933888,273.768310546875,278,0.05
19724,4934144,383.01385498046875,388,0.05
19725,4934144,319.0895080566406,325,0.05
19726,4934912,365.0911560058594,371,0.05
19727,4935680,273.2434997558594,278,0.05
19728,4935680,290.5627746582031,295,0.05
19729,4935680,288.39923095703125,293,0.05
19730,4935936,237.42947387695312,242,0.05
19731,4935936,289.2408447265625,294,0.05
19732,4936192,331.8043518066406,338,0.05
19733,4936448,278.62139892578125,283,0.05
19734,4937216,307.36285400390625,312,0.05
19735,4937216,364.62652587890625,370,0.05
19736,4937472,313.986083984375,320,0.05
19737,4938240,298.111572265625,303,0.05
19738,4940032,278.70831298828125,283,0.05
19739,4940544,373.55023193359375,379,0.05
19740,4940800,231.7537078857422,237,0.05
19741,4941056,312.1038818359375,317,0.05
19742,4941312,363.05242919921875,369,0.05
19743,4941312,273.5935363769531,279,0.05
19744,4941568,303.8092346191406,310,0.05
19745,4941568,280.1134948730469,286,0.05
19746,4942848,282.08306884765625,287,0.05
19747,4943616,327.4811706542969,333,0.05
19748,4943872,450.49310302734375,457,0.05
19749,4944384,292.87628173828125,298,0.05
19750,4944640,236.3117218017578,242,0.05
19751,4944896,364.7452392578125,370,0.05
19752,4944896,324.83636474609375,330,0.05
19753,4945152,330.0929260253906,335,0.05
19754,4945152,298.1248779296875,304,0.05
19755,4945920,324.5063171386719,330,0.05
19756,4945920,321.0841979980469,326,0.05
19757,4946176,230.289794921875,236,0.05
19758,4946688,391.66949462890625,397,0.05
19759,4946688,314.52392578125,319,0.05
19760,4946944,249.8500213623047,255,0.05
19761,4947200,341.3270263671875,347,0.05
19762,4947456,380.5636291503906,386,0.05
19763,4947456,368.8883361816406,375,0.05
19764,4947456,354.0134582519531,361,0.05
19765,4947712,297.6296081542969,302,0.05
19766,4947712,246.97752380371094,252,0.05
19767,4947712,264.1758728027344,269,0.05
19768,4947968,241.26788330078125,247,0.05
19769,4948224,354.32904052734375,360,0.05
19770,4948736,303.1366882324219,308,0.05
19771,4948736,263.3194580078125,268,0.05
19772,4948736,395.57611083984375,401,0.05
19773,4949504,272.80755615234375,278,0.05
19774,4949504,260.5669250488281,266,0.05
19775,4949504,363.6075439453125,369,0.05
19776,4949760,260.78509521484375,266,0.05
19777,4950272,260.3145751953125,266,0.05
19778,4950528,303.669189453125,309,0.05
19779,4951296,312.8436279296875,318,0.05
19780,4951808,279.6464538574219,285,0.05
19781,4951808,267.0657043457031,272,0.05
19782,4951808,258.3140869140625,263,0.05
19783,4952064,337.9037170410156,344,0.05
19784,4952320,246.88352966308594,253,0.05
19785,4952576,265.7019958496094,271,0.05
19786,4953088,324.91485595703125,330,0.05
19787,4953600,266.5975341796875,271,0.05
19788,4953600,330.2708740234375,336,0.05
19789,4953856,268.9349670410156,274,0.05
19790,4954624,270.5986633300781,275,0.05
19791,4954880,270.29705810546875,276,0.05
19792,4955136,284.2550048828125,291,0.05
19793,4955648,293.6390075683594,299,0.05
19794,4956416,284.9988098144531,290,0.05
19795,4956672,272.0388488769531,277,0.05
19796,4957440,233.9957275390625,239,0.05
19797,4957440,333.190673828125,338,0.05
19798,4958208,302.69390869140625,308,0.05
19799,4958208,287.8582763671875,293,0.05
19800,4958976,282.0853576660156,287,0.05
19801,4959232,239.7799530029297,246,0.05
19802,4959744,251.8019561767578,257,0.05
19803,4959744,314.433349609375,320,0.05
19804,4959744,293.4264831542969,298,0.05
19805,4960512,254.03695678710938,260,0.05
19806,4961792,308.10552978515625,313,0.05
19807,4962048,287.0731201171875,293,0.05
19808,4962048,345.1385192871094,351,0.05
19809,4963328,266.13055419921875,271,0.05
19810,4963840,333.3341369628906,339,0.05
19811,4963840,316.4961242675781,321,0.05
19812,4964608,264.0710754394531,269,0.05
19813,4965120,241.23074340820312,246,0.05
19814,4965632,363.97894287109375,370,0.05
19815,4966656,262.9369201660156,269,0.05
19816,4966656,324.2052307128906,329,0.05
19817,4966656,224.8581085205078,233,0.05
19818,4966912,263.9158630371094,269,0.05
19819,4966912,312.1012268066406,318,0.05
19820,4967168,259.2832336425781,265,0.05
19821,4967424,381.7181396484375,387,0.05
19822,4967424,279.2049255371094,284,0.05
19823,4967680,288.5273742675781,294,0.05
19824,4967680,274.9581604003906,281,0.05
19825,4967936,236.61866760253906,242,0.05
19826,4968192,316.16748046875,322,0.05
19827,4968960,247.17027282714844,252,0.05
19828,4969216,360.36968994140625,366,0.05
19829,4969472,324.9757385253906,330,0.05
19830,4969472,293.3592834472656,300,0.05
19831,4969728,261.7742004394531,267,0.05
19832,4969728,267.9073791503906,273,0.05
19833,4969984,250.36160278320312,257,0.05
19834,4970496,280.2364807128906,287,0.05
19835,4971008,275.7012634277344,281,0.05
19836,4971264,252.6949920654297,258,0.05
19837,4971520,264.24737548828125,270,0.05
19838,4971776,236.78529357910156,244,0.05
19839,4972032,295.6319274902344,301,0.05
19840,4972288,304.6606140136719,310,0.05
19841,4972544,249.8837890625,255,0.05
19842,4973312,307.9698181152344,313,0.05
19843,4973312,273.1441955566406,279,0.05
19844,4973312,301.6302185058594,307,0.05
19845,4975616,358.7348327636719,364,0.05
19846,4975872,261.90289306640625,268,0.05
19847,4975872,276.8714904785156,283,0.05
19848,4975872,293.7848815917969,298,0.05
19849,4975872,276.90667724609375,281,0.05
19850,4976128,308.95458984375,314,0.05
19851,4976128,274.7064514160156,280,0.05
19852,4976384,303.871826171875,309,0.05
19853,4976384,346.24969482421875,352,0.05
19854,4976640,328.8582458496094,334,0.05
19855,4976640,361.97015380859375,368,0.05
19856,4976896,294.10540771484375,299,0.05
19857,4977152,306.7595520019531,312,0.05
19858,4977152,310.48736572265625,316,0.05
19859,4977408,366.0898132324219,371,0.05
19860,4977664,359.2108154296875,365,0.05
19861,4977920,310.27178955078125,316,0.05
19862,4977920,277.87005615234375,283,0.05
19863,4977920,361.4071960449219,367,0.05
19864,4977920,365.0972900390625,371,0.05
19865,4978432,356.07928466796875,362,0.05
19866,4978432,317.75152587890625,323,0.05
19867,4978432,280.82989501953125,286,0.05
19868,4978944,383.2679138183594,389,0.05
19869,4979200,269.6724548339844,275,0.05
19870,4979200,258.9090576171875,265,0.05
19871,4979456,265.3636474609375,270,0.05
19872,4979456,264.6488037109375,270,0.05
19873,4979456,275.25250244140625,280,0.05
19874,4979456,270.2698059082031,275,0.05
19875,4979968,337.4284362792969,342,0.05
19876,4980224,258.94219970703125,265,0.05
19877,4980224,298.45880126953125,303,0.05
19878,4980992,391.7935791015625,398,0.05
19879,4980992,261.3529052734375,266,0.05
19880,4980992,283.89837646484375,290,0.05
19881,4981248,278.0825500488281,284,0.05
19882,4982784,288.91558837890625,293,0.05
19883,4983040,341.14495849609375,346,0.05
19884,4983040,296.35455322265625,302,0.05
19885,4983296,257.0284118652344,262,0.05
19886,4983296,381.482421875,387,0.05
19887,4983296,315.5859069824219,321,0.05
19888,4983552,320.37261962890625,326,0.05
19889,4985600,304.1617431640625,310,0.05
19890,4985856,268.80181884765625,274,0.05
19891,4987392,237.40731811523438,243,0.05
19892,4987392,253.1289520263672,259,0.05
19893,4987392,289.4982604980469,294,0.05
19894,4987648,278.13250732421875,283,0.05
19895,4987904,254.95669555664062,261,0.05
19896,4987904,332.9775390625,338,0.05
19897,4987904,268.8163757324219,274,0.05
19898,4988160,359.07220458984375,364,0.05
19899,4988672,224.35867309570312,229,0.05
19900,4988672,240.7079620361328,247,0.05
19901,4988928,331.2528991699219,336,0.05
19902,4989184,261.5643005371094,266,0.05
19903,4989440,241.1295623779297,246,0.05
19904,4989696,276.8500671386719,282,0.05
19905,4989696,245.25823974609375,252,0.05
19906,4990208,319.9894714355469,325,0.05
19907,4990464,261.45172119140625,266,0.05
19908,4993024,322.7285461425781,328,0.05
19909,4993024,279.6377868652344,284,0.05
19910,4993280,366.8552551269531,372,0.05
19911,4993536,310.67913818359375,315,0.05
19912,4993536,321.3747253417969,326,0.05
19913,4994048,246.7873077392578,252,0.05
19914,4994048,338.5859680175781,343,0.05
19915,4994560,267.8374328613281,272,0.05
19916,4994560,261.4969482421875,266,0.05
19917,4994816,253.5600128173828,258,0.05
19918,4995328,299.3833312988281,304,0.05
19919,4996096,291.4832763671875,296,0.05
19920,4996096,276.63287353515625,282,0.05
19921,4996352,343.8844299316406,349,0.05
19922,4996352,267.4883117675781,272,0.05
19923,4996352,255.42306518554688,261,0.05
19924,4996608,343.1151428222656,348,0.05
19925,4997632,235.85037231445312,241,0.05
19926,4997888,282.1077880859375,287,0.05
19927,4998144,287.6337585449219,292,0.05
19928,4998400,285.5355224609375,290,0.05
19929,4999168,286.70245361328125,292,0.05
19930,4999168,266.52093505859375,272,0.05
19931,4999424,281.1722717285156,286,0.05
19932,4999424,300.6966247558594,306,0.05
19933,4999680,293.701904296875,299,0.05
19934,4999936,377.41900634765625,383,0.05
19935,5000448,268.5696716308594,274,0.05
19936,5000960,327.4659118652344,333,0.05
19937,5000960,258.1414489746094,263,0.05
19938,5001472,279.38665771484375,285,0.05
19939,5001472,277.26214599609375,282,0.05
19940,5001472,275.5516052246094,281,0.05
19941,5001728,235.77708435058594,241,0.05
19942,5002240,293.8380432128906,299,0.05
19943,5002240,281.3274230957031,287,0.05
19944,5002240,288.09954833984375,293,0.05
19945,5002752,285.64471435546875,291,0.05
19946,5003520,253.73924255371094,259,0.05
19947,5004032,368.29620361328125,374,0.05
19948,5004544,278.2886657714844,284,0.05
19949,5004544,309.86688232421875,316,0.05
19950,5004800,230.73419189453125,236,0.05
19951,5005056,256.1513366699219,261,0.05
19952,5005056,360.9715576171875,366,0.05
19953,5005312,368.2302551269531,374,0.05
19954,5005312,342.37286376953125,348,0.05
19955,5005568,295.1828308105469,301,0.05
19956,5006848,297.95294189453125,303,0.05
19957,5007104,300.1867370605469,305,0.05
19958,5007104,251.932373046875,257,0.05
19959,5007616,343.0417175292969,349,0.05
19960,5007616,274.942138671875,281,0.05
19961,5007616,238.49229431152344,244,0.05
19962,5007872,253.70449829101562,259,0.05
19963,5008128,245.6671905517578,251,0.05
19964,5008384,277.7270202636719,283,0.05
19965,5008384,237.3870391845703,244,0.05
19966,5009152,243.0531005859375,250,0.05
19967,5009152,238.23211669921875,243,0.05
19968,5009408,384.1312561035156,390,0.05
19969,5009408,385.2594299316406,391,0.05
19970,5009664,280.24786376953125,286,0.05
19971,5010176,250.29531860351562,256,0.05
19972,5010688,323.423828125,329,0.05
19973,5010688,312.36474609375,318,0.05
19974,5010944,356.7619323730469,363,0.05
19975,5010944,307.8116455078125,313,0.05
19976,5011200,254.4281768798828,259,0.05
19977,5011456,267.8540344238281,273,0.05
19978,5011456,316.8856506347656,322,0.05
19979,5011968,293.38446044921875,298,0.05
19980,5011968,311.2366638183594,316,0.05
19981,5012224,295.84130859375,302,0.05
19982,5012224,308.9237976074219,314,0.05
19983,5012480,387.2688293457031,393,0.05
19984,5012480,301.630615234375,307,0.05
19985,5012480,383.5460205078125,389,0.05
19986,5012736,294.388427734375,299,0.05
19987,5012736,237.2966766357422,243,0.05
19988,5012992,276.2558288574219,281,0.05
19989,5013504,231.62156677246094,238,0.05
19990,5014016,324.1438903808594,330,0.05
19991,5014016,340.4272155761719,347,0.05
19992,5014016,252.84188842773438,259,0.05
19993,5014272,255.55319213867188,261,0.05
19994,5014784,272.4698486328125,278,0.05
19995,5015040,268.4842834472656,274,0.05
19996,5016064,257.2981872558594,263,0.05
19997,5016832,290.31365966796875,295,0.05
19998,5017600,268.56756591796875,273,0.05
19999,5017856,336.2085266113281,342,0.05
