episode,step,cart_pos,pole_angle,cart_vel,pole_ang_vel,action
0,0,-0.18027619,-0.08316414,0.052787483,0.12910098,-1.5
1,0,-0.14480609,-0.035351202,-0.0035178363,-0.19700016,-1.5
2,0,0.14265695,0.025885299,0.11437088,0.13904786,-2.5
3,0,0.16537952,0.018765002,-0.20113663,-0.00860706,-2.5
4,0,-0.1966207,0.098897636,0.04273337,-0.091291524,-2.5
5,0,0.050595373,-0.20020674,-0.17069194,-0.09748708,-1.5
6,0,-0.11378593,0.20861274,-0.0041130334,-0.09303767,-2.5
7,0,-0.060606763,-0.09080355,-0.16049902,0.197115,-1.5
8,0,0.073259026,0.13217524,-0.123415485,0.11817899,-2.5
9,0,0.14674133,0.111102074,-0.103571795,-0.008263826,-2.5
10,0,-0.023126915,-0.15082604,0.118710846,-0.1244317,-1.5
11,0,0.08606678,0.06288454,-0.029077232,-0.01084891,-2.5
12,0,0.16254222,-0.09669985,-0.12065258,0.07224816,-1.5
13,0,-0.032456115,-0.07339904,0.026492506,0.046504617,-1.5
14,0,0.19705614,-0.020981148,-0.15789725,-0.010143623,-1.5
15,0,-0.1482455,-0.19805562,0.16709796,-0.011920229,-1.5
16,0,0.14646006,0.10487431,0.19885656,-0.13481012,-2.5
17,0,-0.17976275,-0.060037717,-0.13584882,0.05816263,-1.5
18,0,-0.14437352,0.1428341,0.11096227,0.18144369,-2.5
19,0,-0.018064648,0.16257444,-0.09669944,-0.18813674,-2.5
20,0,0.1623545,-0.15680547,-0.17317694,-0.090036884,-1.5
21,0,-0.03967251,-0.124819964,0.1855075,0.00635539,-1.5
22,0,-0.0687688,-0.14716916,0.15703449,0.094017476,-1.5
23,0,0.004735723,0.09673986,-0.107970044,-0.18477535,-2.5
24,0,0.19377321,-0.084590554,-0.19830628,0.14199018,-1.5
25,0,-0.008434713,0.089657664,0.035120323,0.18147054,-2.5
26,0,-0.1703609,-0.07775448,0.15804088,-0.1356127,-1.5
27,0,0.024102017,-0.053975403,0.039516866,0.1886388,-1.5
28,0,0.15850523,-0.13362265,-0.20652837,0.072828054,-1.5
29,0,0.12758684,0.18910238,-0.07084447,0.11003393,-2.5
30,0,0.15161306,0.12687153,0.101662785,0.004057154,-2.5
31,0,0.12549898,0.20629069,-0.06920804,-0.018923074,-2.5
32,0,-0.060396716,0.15373242,0.051177114,-0.196515,-2.5
33,0,0.16908154,0.10654649,0.123348266,0.11781135,-2.5
34,0,-0.18005352,-0.13119555,-0.11508248,0.19665179,-1.5
35,0,0.12929979,0.07518852,0.08900344,0.17871314,-2.5
36,0,-0.1675476,0.1341618,0.052823484,0.17797744,-2.5
37,0,-0.022092506,0.046097577,0.16951033,0.095917195,-2.5
38,0,0.11819905,-0.18411043,0.033137232,-0.13120112,-1.5
39,0,0.17735526,0.16864797,-0.0927703,0.06931767,-2.5
40,0,-0.09055532,0.08859894,-0.13068362,0.1962516,-2.5
41,0,0.18573269,0.08579922,0.033660874,-0.088636905,-2.5
42,0,-0.096572705,0.051544517,-0.114818044,-0.13640842,-2.5
43,0,0.0746212,-0.07645364,0.18144807,-0.072386384,-1.5
44,0,0.13333908,0.08159423,-0.17616934,0.15603071,-2.5
45,0,-0.16991678,0.08823532,0.07910168,-0.20357466,-2.5
46,0,0.11796808,0.007542193,-0.04236321,-0.19200492,-2.5
47,0,0.04731387,0.111969054,-0.030721292,-0.011359051,-2.5
48,0,0.03886792,-0.104286864,0.14802372,-0.047835782,-1.5
49,0,-0.12336757,0.12192029,-0.10970469,-0.106997475,-2.5
50,0,0.053965002,-0.08444672,-0.10401905,-0.115928225,-1.5
51,0,-0.14973164,-0.14595267,0.0129558,-0.032363713,-1.5
52,0,0.059402883,-0.1287722,0.10595024,0.12270507,-1.5
53,0,-0.179734,0.15062934,0.013162255,-0.0847391,-2.5
54,0,-0.0063614994,-0.14464712,-0.12420026,-0.1841716,-1.5
55,0,0.009795651,0.06805086,-0.057151854,0.14190549,-2.5
56,0,-0.016859218,-0.06109716,-0.11489287,0.014020592,-1.5
57,0,-0.082311034,0.18397495,-0.06065765,0.19354236,-2.5
58,0,0.009748265,-0.17036764,0.099042475,-0.16468976,-1.5
59,0,0.02438271,-0.20512748,-0.009865269,-0.12873304,-1.5
60,0,0.0987761,-0.014732927,-0.11308223,-0.015836522,-1.5
61,0,0.1411652,0.08397445,-0.10693853,0.0034559816,-2.5
62,0,-0.15136991,-0.12066441,-0.022759333,0.09757966,-1.5
63,0,-0.087264076,-0.1674611,-0.17627129,-0.1487048,-1.5
64,0,0.0018565804,0.11063978,0.16892996,-0.20665476,-2.5
65,0,-0.025492236,0.013928413,-0.02487439,-0.17603551,-2.5
66,0,0.058721334,-0.12186649,0.0449048,0.040765703,-1.5
67,0,-0.13209628,-0.1940302,-0.19383317,-0.064850494,-1.5
68,0,-0.054026857,-0.0655829,0.014564529,-0.18579632,-1.5
69,0,-0.07193324,-0.1945104,-0.055054978,-0.20132859,-1.5
70,0,-0.08921669,-0.09121658,-0.15267569,0.018209174,-1.5
71,0,0.028576657,0.050446212,-0.15648556,0.0063018054,-2.5
72,0,0.20103309,0.17461151,0.09597394,0.10490763,-2.5
73,0,0.08850005,-0.016001344,-0.04062283,0.15770549,-1.5
74,0,-0.13563329,0.12875843,0.046703637,0.03469023,-2.5
75,0,0.08801359,0.2002089,-0.070446804,-0.19064975,-2.5
76,0,-0.1944005,-0.035291314,0.14565799,-0.17274332,-1.5
77,0,0.1827128,0.0729745,-0.18452232,0.07837975,-2.5
78,0,-0.09946159,0.02460803,0.13682169,-0.040472656,-2.5
79,0,-0.17536269,-0.12385063,-0.06923491,0.10856667,-1.5
80,0,0.11174142,-0.0063106716,-0.16874042,0.01415275,-1.5
81,0,-0.018283635,-0.011023477,-0.11856795,-0.019457668,-1.5
82,0,0.15974253,-0.038952023,-0.13200629,0.20750076,-1.5
83,0,-0.19001845,-0.025551125,0.20134047,0.1424115,-1.5
84,0,0.03113395,-0.070767,-0.2087954,-0.1362452,-1.5
85,0,-0.10695497,0.13001263,-0.0005121231,0.088672966,-2.5
86,0,0.05951819,-0.0101543665,0.1008378,0.026750863,-1.5
87,0,0.14876923,0.018454239,-0.102150574,0.16741136,-2.5
88,0,0.048342705,0.15752962,-0.010974154,-0.08089772,-2.5
89,0,-0.14662428,0.11896697,0.09914741,-0.1578295,-2.5
90,0,-0.20091423,0.09094992,-0.010013476,0.12740082,-2.5
91,0,-0.008857951,0.030154064,-0.12157802,-0.05279927,-2.5
92,0,-0.056252137,0.033273205,-0.10312918,0.11437926,-2.5
93,0,-0.18008712,-0.059983134,0.12742755,-0.032585412,-1.5
94,0,0.05684364,-0.2076907,-0.0617688,-0.072836936,-1.5
95,0,0.03439325,-0.043827564,-0.111911364,0.12715775,-1.5
96,0,-0.15806818,0.1031611,-0.111233965,0.08835435,-2.5
97,0,-0.17084436,0.031320244,7.033348e-06,0.038565367,-2.5
98,0,0.1023598,-0.20019601,0.20055622,0.028757975,-1.5
99,0,-0.060105488,-0.16189465,-0.033584267,0.1731964,-1.5
0,1,-0.18044247,-0.08303509,-0.06773187,-0.06882549,-1.5
1,1,-0.14549449,-0.03836908,-0.1177015,-0.37852556,-1.5
2,1,0.1426945,0.025598524,-0.080537714,-0.15773463,-2.5
3,1,0.16239366,0.017196387,-0.37277564,-0.27064317,-2.5
4,1,-0.1972347,0.09649735,-0.14210981,-0.3602805,-2.5
5,1,0.04825572,-0.20236458,-0.2784598,-0.29062584,-1.5
6,1,-0.11478917,0.20646462,-0.17689712,-0.3226247,-2.5
7,1,-0.06281766,-0.08986658,-0.26536977,0.022227004,-1.5
8,1,0.07107126,0.1320478,-0.29341066,-0.121926665,-2.5
9,1,0.1447327,0.10965293,-0.2766026,-0.25690442,-2.5
10,1,-0.022682037,-0.15337361,-0.009099139,-0.34223187,-1.5
11,1,0.08474776,0.06126347,-0.21096905,-0.28153017,-2.5
12,1,0.1607108,-0.097046964,-0.2287563,-0.10843161,-1.5
13,1,-0.0328709,-0.07406352,-0.09165741,-0.14645927,-1.5
14,1,0.19489537,-0.022004165,-0.25977752,-0.17053783,-1.5
15,1,-0.14734812,-0.19956897,0.034531277,-0.24232294,-1.5
16,1,0.14734395,0.10194928,0.0027703512,-0.419999,-2.5
17,1,-0.18172707,-0.060457546,-0.24124737,-0.11329677,-1.5
18,1,-0.14431098,0.14321072,-0.075639896,-0.082029805,-2.5
19,1,-0.019980714,0.15943111,-0.2664345,-0.42222458,-2.5
20,1,0.16000195,-0.15882958,-0.27953154,-0.2758381,-1.5
21,1,-0.038580913,-0.12606701,0.05352882,-0.21461245,-1.5
22,1,-0.06795598,-0.14755198,0.026477769,-0.12749988,-1.5
23,1,0.0026775487,0.09349841,-0.28172758,-0.43714622,-2.5
24,1,0.19120236,-0.084170446,-0.30009663,-0.027322171,-1.5
25,1,-0.009126105,0.08997149,-0.14976233,-0.089136995,-2.5
26,1,-0.16951768,-0.080333315,0.029858943,-0.34464818,-1.5
27,1,0.023818826,-0.05319563,-0.078741886,-0.001752343,-1.5
28,1,0.1558399,-0.13396353,-0.30962804,-0.105042964,-1.5
29,1,0.12593336,0.18898371,-0.24029051,-0.11834273,-2.5
30,1,0.15157796,0.1254455,-0.08550116,-0.26334912,-2.5
31,1,0.12387076,0.20491976,-0.23738274,-0.24199018,-2.5
32,1,-0.060901184,0.1503909,-0.13021672,-0.45007664,-2.5
33,1,0.16924347,0.106200986,-0.0669287,-0.15807658,-2.5
34,1,-0.18184228,-0.13035361,-0.22488478,0.008860555,-1.5
35,1,0.12911718,0.07541022,-0.10090168,-0.102149904,-2.5
36,1,-0.16804652,0.13452256,-0.13012844,-0.081560016,-2.5
37,1,-0.021518117,0.045381222,-0.028324386,-0.20211062,-2.5
38,1,0.117816076,-0.18671434,-0.08923291,-0.34462008,-1.5
39,1,0.17548046,0.16809078,-0.26224494,-0.16311695,-2.5
40,1,-0.09283474,0.089166865,-0.30323926,-0.055586472,-2.5
41,1,0.18502527,0.08340462,-0.1514176,-0.36030525,-2.5
42,1,-0.098717906,0.048701975,-0.29101917,-0.400248,-2.5
43,1,0.07568892,-0.07841351,0.05156542,-0.2838498,-1.5
44,1,0.13062078,0.08177565,-0.34579685,-0.09253057,-2.5
45,1,-0.17018807,0.08466619,-0.10923773,-0.4798639,-2.5
46,1,0.11649736,0.00401444,-0.22656225,-0.4752095,-1.5
47,1,0.046003252,0.11044332,-0.20912561,-0.26808688,-2.5
48,1,0.039606676,-0.10602171,0.019557096,-0.26081276,-1.5
49,1,-0.12542953,0.119510084,-0.28151897,-0.3518431,-2.5
50,1,0.052296918,-0.08666754,-0.21286783,-0.29612935,-1.5
51,1,-0.15029845,-0.14750485,-0.106868744,-0.2373678,-1.5
52,1,0.059731517,-0.12880962,-0.020230457,-0.08985936,-1.5
53,1,-0.18060404,0.14842372,-0.16561383,-0.33486348,-2.5
54,1,-0.008241432,-0.14762697,-0.23378102,-0.37339693,-1.5
55,1,0.008210341,0.06798615,-0.23658656,-0.12407301,-2.5
56,1,-0.01862329,-0.061973948,-0.22191288,-0.16009602,-1.5
57,1,-0.0838698,0.18467346,-0.23126799,-0.037583437,-2.5
58,1,0.009999931,-0.17333089,-0.027839929,-0.38338766,-1.5
59,1,0.023583082,-0.20770544,-0.12955654,-0.34045652,-1.5
60,1,0.09704681,-0.015831655,-0.21801211,-0.18001026,-1.5
61,1,0.13911083,0.082589336,-0.28160423,-0.25248846,-2.5
62,1,-0.1522715,-0.12085793,-0.13907696,-0.09885481,-1.5
63,1,-0.08964904,-0.17008448,-0.28271672,-0.3359633,-1.5
64,1,0.0024567856,0.10702767,-0.024522087,-0.48677045,-2.5
65,1,-0.026792895,0.010560284,-0.21003751,-0.4597387,-1.5
66,1,0.058467343,-0.122673914,-0.076500185,-0.16362756,-1.5
67,1,-0.13465625,-0.19583917,-0.29974544,-0.25445867,-1.5
68,1,-0.054553103,-0.06855023,-0.10235662,-0.37583503,-1.5
69,1,-0.07316341,-0.19777247,-0.17116179,-0.40645012,-1.5
70,1,-0.091352925,-0.09207472,-0.2581658,-0.15772346,-1.5
71,1,0.026032154,0.049056366,-0.32960713,-0.25293264,-2.5
72,1,0.20096968,0.17430279,-0.08696981,-0.14683187,-2.5
73,1,0.08746395,-0.01541438,-0.15104386,-0.015090745,-1.5
74,1,-0.1361937,0.12767848,-0.13621967,-0.22586179,-2.5
75,1,0.086369745,0.19710703,-0.23909992,-0.41572282,-2.5
76,1,-0.19366083,-0.038164757,0.020281795,-0.37151873,-1.5
77,1,0.17991038,0.072367705,-0.35410103,-0.17160477,-2.5
78,1,-0.09920976,0.02250863,-0.05986518,-0.3402487,-2.5
79,1,-0.17671025,-0.12390874,-0.18220282,-0.08314431,-1.5
80,1,0.10948267,-0.007058131,-0.26905462,-0.14162904,-1.5
81,1,-0.02006398,-0.012148376,-0.22289643,-0.18215023,-1.5
82,1,0.15782288,-0.037845854,-0.23669372,0.040191256,-1.5
83,1,-0.18874197,-0.025292959,0.072273076,-0.06057149,-1.5
84,1,0.028467452,-0.073100574,-0.30921373,-0.30158558,-1.5
85,1,-0.10796685,0.12950586,-0.17981821,-0.1660913,-2.5
86,1,0.05983852,-0.010960291,-0.019919906,-0.16115738,-1.5
87,1,0.14673086,0.018580232,-0.28122354,-0.1061009,-2.5
88,1,0.047245238,0.15539305,-0.18741764,-0.32614058,-2.5
89,1,-0.14668787,0.115906335,-0.08846642,-0.42744508,-2.5
90,1,-0.20203714,0.090755135,-0.19143565,-0.13767573,-2.5
91,1,-0.011077348,0.028111916,-0.29854485,-0.3212693,-2.5
92,1,-0.058293495,0.03289674,-0.2812797,-0.15537407,-2.5
93,1,-0.1795309,-0.061483413,0.002292459,-0.23446414,-1.5
94,1,0.05554603,-0.20968015,-0.17771745,-0.27918333,-1.5
95,1,0.03266407,-0.04354634,-0.2183479,-0.043572202,-1.5
96,1,-0.16015416,0.10266689,-0.28424242,-0.16164447,-2.5
97,1,-0.17189927,0.030113952,-0.18600804,-0.2436536,-2.5
98,1,0.103577316,-0.20132625,0.06548431,-0.20565954,-1.5
99,1,-0.061122213,-0.16138276,-0.1504299,-0.029168922,-1.5
0,2,-0.18176267,-0.08480642,-0.17923768,-0.25291076,-1.5
1,2,-0.14727704,-0.043132126,-0.22345725,-0.54753023,-1.5
2,2,0.14086595,0.022471378,-0.2608627,-0.43213725,-2.5
3,2,0.15776394,0.013117291,-0.5316435,-0.51328063,-1.5
4,2,-0.19962023,0.091521926,-0.31339368,-0.60894644,-2.5
5,2,0.04488337,-0.20638789,-0.37830338,-0.47206312,-1.5
6,2,-0.117450036,0.20212342,-0.33729264,-0.5340123,-2.5
7,2,-0.066032454,-0.09060874,-0.36237738,-0.14048156,-1.5
8,2,0.06725525,0.12962858,-0.45081267,-0.34286356,-2.5
9,2,0.14106609,0.105826244,-0.4368926,-0.4863336,-2.5
10,2,-0.023461564,-0.15801987,-0.12744653,-0.545941,-1.5
11,2,0.081686355,0.05705123,-0.37938547,-0.53179955,-2.5
12,2,0.15784416,-0.09913093,-0.328799,-0.27681142,-1.5
13,2,-0.03441706,-0.07658133,-0.20099089,-0.32598445,-1.5
14,2,0.19175895,-0.024565898,-0.35406908,-0.3194108,-1.5
15,2,-0.1477209,-0.2033038,-0.08826478,-0.4581413,-1.5
16,2,0.14634816,0.096292906,-0.17898807,-0.68380576,-2.5
17,2,-0.18470056,-0.06252357,-0.33877158,-0.27272132,-1.5
18,2,-0.14603549,0.1410734,-0.24839373,-0.3243628,-2.5
19,2,-0.023525057,0.15404764,-0.42396078,-0.63838375,-2.5
20,2,0.15663044,-0.16264586,-0.3780315,-0.4499526,-1.5
21,2,-0.038753383,-0.12943979,-0.06864236,-0.42075863,-1.5
22,2,-0.06839363,-0.15006639,-0.09439036,-0.33430946,-1.5
23,2,-0.0010464473,0.087839134,-0.44280878,-0.6706807,-2.5
24,2,0.18765704,-0.08537638,-0.39426556,-0.18489021,-1.5
25,2,-0.011587636,0.087700315,-0.32083553,-0.33854142,-2.5
26,2,-0.16990238,-0.084922396,-0.08881317,-0.5394448,-1.5
27,2,0.022403698,-0.05424101,-0.1881134,-0.17837682,-1.5
28,2,0.15218711,-0.13601695,-0.4050698,-0.27127782,-1.5
29,2,0.1226562,0.1866881,-0.39731187,-0.32798588,-2.5
30,2,0.14974931,0.121462844,-0.2589152,-0.51005,-2.5
31,2,0.12062979,0.20142022,-0.39340866,-0.44705138,-2.5
32,2,-0.06314568,0.14462171,-0.29854664,-0.68442476,-2.5
33,2,0.16758305,0.10321925,-0.2430806,-0.4124335,-2.5
34,2,-0.18468244,-0.13131753,-0.32650375,-0.1663342,-1.5
35,2,0.1271164,0.072947755,-0.276611,-0.3612074,-2.5
36,2,-0.17029749,0.13240662,-0.2994858,-0.3203204,-2.5
37,2,-0.022838151,0.041812833,-0.21140516,-0.47758853,-2.5
38,2,0.11626066,-0.1913772,-0.20257263,-0.5446743,-1.5
39,2,0.17198166,0.16531585,-0.4192871,-0.37681758,-2.5
40,2,-0.09676611,0.08733004,-0.46288162,-0.2875473,-2.5
41,2,0.18254426,0.07840871,-0.3228883,-0.61154073,-2.5
42,2,-0.10255152,0.043330815,-0.4542347,-0.64460695,-2.5
43,2,0.07551262,-0.0824059,-0.068661354,-0.48076442,-1.5
44,2,0.12627837,0.07958248,-0.50275195,-0.32163805,-2.5
45,2,-0.17226492,0.07844904,-0.28382885,-0.73571616,-2.5
46,2,0.11368909,-0.0015710713,-0.32203624,-0.6220775,-1.5
47,2,0.042983163,0.10646243,-0.3744006,-0.50502735,-2.5
48,2,0.039114967,-0.10980502,-0.09936184,-0.45940217,-1.5
49,2,-0.1291385,0.11475696,-0.44079155,-0.5779823,-2.5
50,2,0.049586073,-0.090622514,-0.3136511,-0.46426913,-1.5
51,2,-0.15201308,-0.15103175,-0.21781671,-0.42904696,-1.5
52,2,0.05885175,-0.1308911,-0.13702203,-0.28809524,-1.5
53,2,-0.18318816,0.14382608,-0.33139473,-0.56565195,-2.5
54,2,-0.011171316,-0.15243208,-0.3352712,-0.55067855,-1.5
55,2,0.004906989,0.06537881,-0.4026202,-0.36950105,-2.5
56,2,-0.021412233,-0.06452315,-0.3209547,-0.32208365,-1.5
57,2,-0.08706273,0.18317056,-0.3892685,-0.24951959,-2.5
58,2,0.009035993,-0.17840306,-0.14534307,-0.5882047,-1.5
59,2,0.02163657,-0.21232748,-0.2404369,-0.53918976,-1.5
60,2,0.09431258,-0.018505026,-0.31512904,-0.33232862,-1.5
61,2,0.13538322,0.07875566,-0.4433501,-0.48887306,-2.5
62,2,-0.154287,-0.12294066,-0.24673542,-0.28208363,-1.5
63,2,-0.09305394,-0.17451537,-0.3813137,-0.51163524,-1.5
64,2,0.0012020114,0.100731455,-0.20391808,-0.74605995,-2.5
65,2,-0.029440355,0.005130127,-0.3064079,-0.6069895,-1.5
66,2,0.0570506,-0.12544763,-0.18887919,-0.3543354,-1.5
67,2,-0.13823108,-0.19947903,-0.39786533,-0.43251246,-1.5
68,2,-0.056199595,-0.073345855,-0.21063016,-0.55301076,-1.5
69,2,-0.07550611,-0.2030154,-0.278714,-0.5990289,-1.5
70,2,-0.09449944,-0.09462462,-0.3558027,-0.3217392,-1.5
71,2,0.021829467,0.045184847,-0.4898721,-0.49264523,-2.5
72,2,0.19915329,0.17159219,-0.25648305,-0.37830377,-2.5
73,2,0.08537099,-0.0164818,-0.25315765,-0.17501971,-1.5
74,2,-0.1385068,0.12410847,-0.30567735,-0.46608263,-2.5
75,2,0.08310732,0.19185272,-0.3957377,-0.62330484,-2.5
76,2,-0.19412237,-0.042948242,-0.09581862,-0.55644655,-1.5
77,2,0.17548397,0.06937057,-0.5110609,-0.40233707,-2.5
78,2,-0.100841865,0.017536694,-0.24194466,-0.6178932,-1.0
79,2,-0.17913966,-0.1258109,-0.28676182,-0.26201966,-1.5
80,2,0.106263295,-0.0092987595,-0.36188596,-0.28601113,-1.5
81,2,-0.022843517,-0.014833554,-0.31945908,-0.333064,-1.5
82,2,0.15490137,-0.03834225,-0.33348772,-0.114820935,-1.5
83,2,-0.18870102,-0.026979385,-0.047106814,-0.24861564,-1.5
84,2,0.024838848,-0.07702541,-0.40220407,-0.45585388,-1.5
85,2,-0.110696405,0.1265659,-0.34587413,-0.40075052,-2.5
86,2,0.0590025,-0.013567298,-0.1316638,-0.33531874,-1.5
87,2,0.14297822,0.016088987,-0.4468697,-0.35894206,-1.0
88,2,0.04445599,0.15091166,-0.35104915,-0.5523365,-2.5
89,2,-0.14855027,0.110263765,-0.2624282,-0.6767767,-2.5
90,2,-0.20489734,0.08802727,-0.3593506,-0.38210267,-2.5
91,2,-0.014991902,0.023497373,-0.46238315,-0.569878,-1.0
92,2,-0.062040575,0.029938951,-0.44611233,-0.40471342,-2.5
93,2,-0.18017316,-0.064922765,-0.113527134,-0.42224425,-1.5
94,2,0.05313735,-0.21366186,-0.28514072,-0.47291175,-1.5
95,2,0.029916009,-0.044902116,-0.316798,-0.20198476,-1.5
96,2,-0.16389717,0.09978395,-0.4444142,-0.39209732,-2.5
97,2,-0.1747356,0.026205266,-0.35816762,-0.5047632,-1.0
98,2,0.10350065,-0.20471625,-0.059637636,-0.42518377,-1.5
99,2,-0.063258134,-0.16281916,-0.2586178,-0.21831742,-1.5
0,3,-0.18415092,-0.08834835,-0.2824642,-0.42454314,-1.5
1,3,-0.15007359,-0.049523458,-0.32148853,-0.70535004,-1.5
2,3,0.13730964,0.01671278,-0.42786622,-0.6865468,-1.5
3,3,0.15203883,0.0073682014,-0.60373247,-0.622678,-1.5
4,3,-0.20364888,0.08416042,-0.47232094,-0.8395631,-2.5
5,3,0.04055412,-0.21216667,-0.4708179,-0.64292985,-1.5
6,3,-0.12165129,0.19575818,-0.48641485,-0.7292842,-2.5
7,3,-0.07017629,-0.092915796,-0.45216292,-0.29222485,-1.5
8,3,0.061930142,0.12509598,-0.596757,-0.5467705,-2.5
9,3,0.13586217,0.09980079,-0.58557785,-0.6986952,-2.5
10,3,-0.025375113,-0.16463244,-0.23705977,-0.7369366,-1.5
11,3,0.07701027,0.050437983,-0.53550845,-0.76389307,-2.5
12,3,0.15401909,-0.10283653,-0.42143607,-0.43413422,-1.5
13,3,-0.037010714,-0.08082665,-0.3022318,-0.49344182,-1.5
14,3,0.18771887,-0.02855872,-0.4414139,-0.4579785,-1.5
15,3,-0.14927024,-0.20912255,-0.20200428,-0.6607148,-1.5
16,3,0.14360838,0.08810396,-0.34769288,-0.9286417,-2.5
17,3,-0.18860842,-0.06612318,-0.42907608,-0.42135236,-1.5
18,3,-0.14941622,0.1366187,-0.40856618,-0.5479471,-2.5
19,3,-0.028582081,0.14659064,-0.57036346,-0.8386511,-2.5
20,3,0.15231493,-0.1681447,-0.46929014,-0.6135479,-1.5
21,3,-0.040096354,-0.13479908,-0.18177564,-0.61353576,-1.5
22,3,-0.06998923,-0.15457405,-0.20631519,-0.52781415,-1.5
23,3,-0.00631614,0.07993731,-0.5923263,-0.88747996,-2.5
24,3,0.18320975,-0.08809834,-0.48143864,-0.33190036,-1.5
25,3,-0.015688607,0.08304159,-0.47933736,-0.56908405,-2.5
26,3,-0.17142443,-0.091388464,-0.19874859,-0.72146827,-1.5
27,3,0.019941146,-0.056982566,-0.28933537,-0.34262863,-1.5
28,3,0.14761989,-0.13967377,-0.49346256,-0.4270331,-1.5
29,3,0.11787279,0.1823897,-0.54303855,-0.5210126,-2.5
30,3,0.14625722,0.115115985,-0.4198194,-0.73838794,-2.5
31,3,0.11589099,0.19595943,-0.5383814,-0.63615316,-2.5
32,3,-0.06700654,0.13660334,-0.4549787,-0.9017548,-2.5
33,3,0.1642339,0.097801566,-0.40638196,-0.64767,-2.5
34,3,-0.18849596,-0.13396895,-0.4205858,-0.3301548,-1.5
35,3,0.12343184,0.06800424,-0.43939042,-0.6008549,-2.5
36,3,-0.17417195,0.12800725,-0.45648652,-0.54064053,-2.5
37,3,-0.025912771,0.03560266,-0.38102376,-0.73296195,-2.5
38,3,0.11361918,-0.19797331,-0.30755985,-0.7326455,-1.5
39,3,0.16697644,0.16049738,-0.5650223,-0.5738974,-2.5
40,3,-0.10222716,0.08327368,-0.6107639,-0.50180876,-2.5
41,3,0.17841856,0.07100167,-0.4819524,-0.84461504,-2.5
42,3,-0.1079504,0.03561255,-0.6055884,-0.87161136,-1.0
43,3,0.07418421,-0.08829461,-0.18001841,-0.664619,-1.5
44,3,0.12043188,0.07519602,-0.64816046,-0.5334178,-2.5
45,3,-0.17601706,0.06977398,-0.4458773,-0.9734121,-2.5
46,3,0.10996462,-0.008572243,-0.41063884,-0.7592207,-1.5
47,3,0.038377866,0.10021045,-0.52771944,-0.7243959,-2.5
48,3,0.03748379,-0.11550192,-0.20949624,-0.64504826,-1.5
49,3,-0.13437578,0.107834876,-0.5886365,-0.78751564,-2.5
50,3,0.045909226,-0.096198894,-0.407029,-0.6216031,-1.5
51,3,-0.15479083,-0.15640824,-0.320579,-0.60870886,-1.5
52,3,0.056853168,-0.134882,-0.24516073,-0.47339094,-1.5
53,3,-0.18736336,0.13701609,-0.4853481,-0.7793034,-2.5
54,3,-0.015073969,-0.15895061,-0.42930663,-0.7172276,-1.5
55,3,1.2528879e-05,0.060420368,-0.5564387,-0.59662116,-2.5
56,3,-0.025150178,-0.06863134,-0.4126809,-0.4731993,-1.5
57,3,-0.09177063,0.1796447,-0.5358115,-0.4444276,-2.5
58,3,0.006946121,-0.1854537,-0.25417688,-0.7804831,-1.5
59,3,0.018627519,-0.21887131,-0.3431563,-0.72616094,-1.5
60,3,0.09064762,-0.022642298,-0.40509498,-0.47404492,-1.5
61,3,0.1301047,0.072655566,-0.59331894,-0.7078571,-2.5
62,3,-0.15733387,-0.12678868,-0.34642318,-0.45340943,-1.5
63,3,-0.09740384,-0.1806451,-0.47267008,-0.6768784,-1.5
64,3,-0.0017746215,0.09194467,-0.37050265,-0.9868774,-2.5
65,3,-0.033012584,-0.0017187704,-0.39583984,-0.7443942,-1.5
66,3,0.05455717,-0.13005921,-0.29294726,-0.5327103,-1.5
67,3,-0.14274633,-0.2048412,-0.4887825,-0.60013235,-1.5
68,3,-0.058884047,-0.07984956,-0.31096715,-0.7186746,-1.5
69,3,-0.07887953,-0.21012127,-0.37835205,-0.7802801,-1.5
70,3,-0.098581485,-0.09875473,-0.44622827,-0.4750571,-1.5
71,3,0.016090496,0.03901366,-0.6384009,-0.71495456,-2.5
72,3,0.19571084,0.16666797,-0.41379583,-0.59182286,-2.5
73,3,0.082300074,-0.019083213,-0.34766805,-0.3234113,-1.5
74,3,-0.1424452,0.118237406,-0.46288452,-0.68826616,-2.5
75,3,0.07834009,0.18460844,-0.54142994,-0.8153935,-2.5
76,3,-0.19569695,-0.04951242,-0.20341562,-0.7289915,-1.5
77,3,0.16955307,0.0641625,-0.65651554,-0.61592096,-2.5
78,3,-0.10357845,0.010887711,-0.29802346,-0.701932,-1.5
79,3,-0.18257076,-0.1294366,-0.38358012,-0.42932427,-1.5
80,3,0.10215437,-0.0129260635,-0.44787088,-0.42019716,-1.5
81,3,-0.026548497,-0.018968996,-0.40891474,-0.47344604,-1.5
82,3,0.15105303,-0.04032603,-0.42305058,-0.2587879,-1.5
83,3,-0.18980353,-0.030470608,-0.15761444,-0.42326105,-1.5
84,3,0.020318786,-0.08243809,-0.48838118,-0.60022104,-1.5
85,3,-0.11501829,0.121379726,-0.49987754,-0.6175643,-2.5
86,3,0.05709574,-0.017846923,-0.23515794,-0.49717808,-1.5
87,3,0.13827951,0.012162595,-0.4875989,-0.41944972,-1.5
88,3,0.040096194,0.14426242,-0.5030202,-0.76165175,-2.5
89,3,-0.15208222,0.10222777,-0.42395264,-0.90811926,-2.5
90,3,-0.209367,0.08295859,-0.5149658,-0.608163,-2.5
91,3,-0.019836286,0.017484458,-0.50158894,-0.62695587,-1.5
92,3,-0.06736708,0.024590358,-0.5987828,-0.63582397,-1.0
93,3,-0.18192524,-0.07016926,-0.22079954,-0.5973809,-1.5
94,3,0.04969921,-0.21951701,-0.38466796,-0.655212,-1.5
95,3,0.02622497,-0.047779605,-0.4079305,-0.34934604,-1.5
96,3,-0.16917573,0.09469421,-0.5928968,-0.6051705,-2.5
97,3,-0.1785812,0.020779744,-0.40504447,-0.5732479,-1.0
98,3,0.10222515,-0.21022546,-0.17553227,-0.6311673,-1.5
99,3,-0.06643053,-0.16607939,-0.35881066,-0.3954986,-1.5
0,4,-0.18752848,-0.09354437,-0.37808904,-0.5850097,-1.5
1,4,-0.15381072,-0.057438836,-0.41243598,-0.85320604,-1.5
2,4,0.13257927,0.00916858,-0.50758547,-0.80721253,-1.5
3,4,0.14562127,0.00056238583,-0.67072004,-0.72510415,-1.5
4,4,-0.20920348,0.07458073,-0.6199596,-1.0541466,-2.5
5,4,0.035338033,-0.21960184,-0.55655843,-0.8042895,-1.5
6,4,-0.1272861,0.18751864,-0.62524945,-0.910274,-2.5
7,4,-0.07518044,-0.096685156,-0.53531986,-0.43413207,-1.5
8,4,0.05520446,0.1186084,-0.73225623,-0.73555034,-2.5
9,4,0.12923096,0.09173535,-0.7236708,-0.89589596,-2.5
10,4,-0.028339269,-0.17309214,-0.3386128,-0.91650254,-1.5
11,4,0.070836134,0.04159303,-0.6803944,-0.9798083,-1.0
12,4,0.14930606,-0.10806035,-0.5072724,-0.5815534,-1.5
13,4,-0.04057486,-0.08668668,-0.39604557,-0.65009725,-1.5
14,4,0.18284117,-0.033886526,-0.52239835,-0.587355,-1.5
15,4,-0.15190949,-0.21690066,-0.30735663,-0.8513108,-1.5
16,4,0.1392484,0.07755885,-0.50447035,-1.1566344,-2.5
17,4,-0.19338198,-0.071155585,-0.51276207,-0.5603347,-1.5
18,4,-0.15433404,0.13002081,-0.55728275,-0.7549011,-2.5
19,4,-0.03504627,0.1372078,-0.7066039,-1.0248258,-2.5
20,4,0.1471245,-0.17522773,-0.5538758,-0.76771337,-1.5
21,4,-0.04252361,-0.14201966,-0.28658316,-0.79429644,-1.5
22,4,-0.07265739,-0.16095003,-0.3099913,-0.70933074,-1.5
23,4,-0.0130217755,0.06994862,-0.7312692,-1.0894097,-2.5
24,4,0.177927,-0.092237584,-0.5621932,-0.46945274,-1.5
25,4,-0.021309914,0.0761709,-0.6263752,-0.78285617,-2.5
26,4,-0.17400062,-0.099612184,-0.30065483,-0.8920663,-1.5
27,4,0.016508648,-0.06130459,-0.38308638,-0.49579504,-1.5
28,4,0.14220539,-0.14483595,-0.57537144,-0.5733889,-1.5
29,4,0.11169012,0.17624311,-0.6784735,-0.69929415,-2.5
30,4,0.14122018,0.10657563,-0.56931365,-0.9504354,-2.5
31,4,0.10975909,0.18868576,-0.6732718,-0.8111,-2.5
32,4,-0.07237093,0.12649389,-0.6005425,-1.1039999,-2.5
33,4,0.15931772,0.090125784,-0.5579669,-0.8659274,-2.5
34,4,-0.19321103,-0.13820133,-0.507733,-0.4837469,-1.5
35,4,0.11818603,0.06076043,-0.5903729,-0.823234,-2.5
36,4,-0.17955293,0.121495925,-0.6022323,-0.74459434,-2.5
37,4,-0.030614236,0.026938077,-0.53833693,-0.9704202,-1.5
38,4,0.109971486,-0.2063893,-0.40482497,-0.9097358,-1.5
39,4,0.16057187,0.15378994,-0.70045054,-0.75622755,-2.5
40,4,-0.10910648,0.07716262,-0.74792045,-0.70032156,-2.5
41,4,0.17276585,0.061352514,-0.62967783,-1.0615464,-2.5
42,4,-0.11416132,0.026696969,-0.6334848,-0.9094629,-1.5
43,4,0.071788155,-0.095957555,-0.28322607,-0.83678406,-1.5
44,4,0.11319076,0.06877767,-0.78303283,-0.7297759,-2.5
45,4,-0.18132542,0.058809955,-0.596451,-1.19497,-2.5
46,4,0.10538926,-0.01689864,-0.4929445,-0.8877317,-1.5
47,4,0.032300703,0.09185083,-0.6701263,-0.92815995,-2.5
48,4,0.034796868,-0.1229913,-0.3115488,-0.8190881,-1.5
49,4,-0.14103298,0.09889829,-0.72604454,-0.98230636,-2.5
50,4,0.041336857,-0.10329581,-0.49360693,-0.7692884,-1.5
51,4,-0.15855359,-0.16352177,-0.4157961,-0.77757466,-1.5
52,4,0.053818285,-0.14066102,-0.34533092,-0.6470454,-1.5
53,4,-0.19301759,0.12815301,-0.62850803,-0.9777591,-2.5
54,4,-0.01987827,-0.16708225,-0.5164736,-0.87416893,-1.5
55,4,-0.0063572256,0.053281367,-0.699106,-0.80744374,-2.5
56,4,-0.029767564,-0.07419699,-0.49769926,-0.614601,-1.5
57,4,-0.09788505,0.1742543,-0.6719208,-0.6242202,-2.5
58,4,0.0038131864,-0.19436517,-0.35499942,-0.9614772,-1.5
59,4,0.014634036,-0.22722648,-0.43832117,-0.9025268,-1.5
60,4,0.08611986,-0.028144602,-0.48851398,-0.606306,-1.5
61,4,0.123386994,0.06445105,-0.7325315,-0.9113678,-2.5
62,4,-0.16133615,-0.13229048,-0.4387786,-0.614047,-1.5
63,4,-0.10262963,-0.18837611,-0.55734867,-0.8327737,-1.5
64,4,-0.00635154,0.080839105,-0.5253744,-1.2112967,-2.5
65,4,-0.037443638,-0.009894831,-0.47891456,-0.8730568,-1.5
66,4,0.051066276,-0.13639314,-0.38936648,-0.7000121,-1.5
67,4,-0.14813311,-0.21182792,-0.57304674,-0.75837225,-1.5
68,4,-0.06253092,-0.087953955,-0.40401682,-0.8740661,-1.5
69,4,-0.083207935,-0.2189839,-0.47067076,-0.9513421,-1.5
70,4,-0.10353044,-0.1043651,-0.5300336,-0.6188058,-1.5
71,4,0.008926624,0.030704983,-0.7761989,-0.9217618,-1.0
72,4,0.19075786,0.15969692,-0.5599974,-0.789431,-2.5
73,4,0.07832339,-0.023110854,-0.43521947,-0.4614855,-1.5
74,4,-0.14789288,0.11023299,-0.60892034,-0.89444447,-2.5
75,4,0.072171874,0.17551817,-0.67712265,-0.9937483,-2.5
76,4,-0.19830367,-0.057741802,-0.3032118,-0.8904908,-1.5
77,4,0.16222684,0.05690322,-0.79146415,-0.8142426,-2.5
78,4,-0.10706819,0.0030937798,-0.38779858,-0.8390126,-1.5
79,4,-0.18692976,-0.13467753,-0.47327787,-0.5862392,-1.5
80,4,0.097220875,-0.017844945,-0.52759016,-0.54528844,-1.5
81,4,-0.03111141,-0.0244565,-0.49186438,-0.6044371,-1.5
82,4,0.14634654,-0.04369394,-0.50599116,-0.39286405,-1.5
83,4,-0.1919652,-0.035641443,-0.2599957,-0.5859204,-1.5
84,4,0.014972072,-0.08924632,-0.568308,-0.7357644,-1.5
85,4,-0.120818354,0.114113286,-0.6428939,-0.81853807,-2.5
86,4,0.05419661,-0.023684379,-0.33109877,-0.6480556,-1.5
87,4,0.13297567,0.0073212567,-0.56303436,-0.53413475,-1.5
88,4,0.03427637,0.13560222,-0.6443508,-0.9559989,-2.5
89,4,-0.15716577,0.0919656,-0.574114,-1.1234988,-2.5
90,4,-0.21532957,0.07572005,-0.65936065,-0.81789416,-2.5
91,4,-0.025272038,0.010586267,-0.57572216,-0.73886764,-1.5
92,4,-0.07351682,0.018009646,-0.62770164,-0.6768775,-1.5
93,4,-0.18470587,-0.07710483,-0.32022816,-0.76121217,-1.5
94,4,0.045307163,-0.22713831,-0.47688785,-0.82720715,-1.5
95,4,0.021660496,-0.05207557,-0.49235943,-0.48682207,-1.5
96,4,-0.17587902,0.087559454,-0.73071545,-0.8027962,-2.5
97,4,-0.18287778,0.014690544,-0.4486987,-0.63760626,-1.5
98,4,0.09983915,-0.21772644,-0.28287876,-0.82489353,-1.5
99,4,-0.07056308,-0.17105111,-0.45162907,-0.56189114,-1.5
0,5,-0.19182296,-0.100290254,-0.46673417,-0.73549795,-1.5
1,5,-0.15842102,-0.06678558,-0.4968816,-0.9922123,-1.5
2,5,0.12708269,0.00045683578,-0.581723,-0.92044526,-1.5
3,5,0.13855976,-0.007235523,-0.73303384,-0.82137346,-1.5
4,5,-0.21617672,0.06293206,-0.7572565,-1.2544836,-2.5
5,5,0.02929987,-0.22860448,-0.6360388,-0.9571363,-1.5
6,5,-0.13425674,0.17753758,-0.7546694,-1.0785989,-2.5
7,5,-0.08098185,-0.10182499,-0.6123948,-0.56724846,-1.5
8,5,0.04717728,0.11030661,-0.8582131,-0.9108962,-2.5
9,5,0.12127299,0.081770964,-0.8520726,-1.0796319,-2.5
10,5,-0.03227703,-0.18329203,-0.432725,-1.0858271,-1.5
11,5,0.06391117,0.03165468,-0.7024085,-1.0076996,-1.0
12,5,0.1437698,-0.11471004,-0.58686393,-0.72013474,-1.5
13,5,-0.04503881,-0.094060674,-0.48304144,-0.7971152,-1.5
14,5,0.17718625,-0.040463764,-0.59755707,-0.7085598,-1.5
15,5,-0.15555829,-0.22652568,-0.40494356,-1.0311165,-1.5
16,5,0.13338162,0.064814314,-0.6503139,-1.3696588,-2.5
17,5,-0.1989583,-0.07753087,-0.59038013,-0.69072086,-1.5
18,5,-0.16068037,0.121434435,-0.6955424,-0.94710046,-2.5
19,5,-0.042821057,0.12603016,-0.83353436,-1.1984992,-2.5
20,5,0.1411228,-0.18380694,-0.6323122,-0.9134607,-1.5
21,5,-0.04595573,-0.15098912,-0.38371947,-0.96429175,-1.5
22,5,-0.07631938,-0.16908209,-0.40606076,-0.8800849,-1.5
23,5,-0.021062814,0.058011416,-0.860516,-1.278127,-1.0
24,5,0.17186989,-0.097705916,-0.6370605,-0.59856427,-1.5
25,5,-0.028342796,0.067244306,-0.76293653,-0.98172116,-2.5
26,5,-0.17755447,-0.10948699,-0.39517647,-1.0524733,-1.5
27,5,0.012177237,-0.06710363,-0.46998858,-0.6390604,-1.5
28,5,0.13600537,-0.15141578,-0.6513179,-0.7113486,-1.5
29,5,0.10420581,0.16838546,-0.8045076,-0.8644872,-2.5
30,5,0.13474654,0.09599325,-0.70837194,-1.148025,-2.5
31,5,0.10232982,0.17973085,-0.7989411,-0.973487,-2.5
32,5,-0.07913556,0.11443354,-0.73614764,-1.2928637,-2.5
33,5,0.15294568,0.08034984,-0.6988429,-1.0691054,-2.5
34,5,-0.19876158,-0.14391898,-0.5885026,-0.62817764,-1.5
35,5,0.11149094,0.051377084,-0.7305691,-1.0302546,-2.5
36,5,-0.18633369,0.11302482,-0.73770237,-0.9340215,-2.5
37,5,-0.036398456,0.016645137,-0.60928965,-1.0760561,-1.5
38,5,0.105391435,-0.21652327,-0.49495003,-1.0770646,-1.5
39,5,0.15286578,0.14533071,-0.826461,-0.9254665,-2.5
40,5,-0.11730231,0.06914347,-0.87527674,-0.8848306,-2.5
41,5,0.16569392,0.049611494,-0.76701224,-1.2641246,-1.0
42,5,-0.120856375,0.01707609,-0.69729066,-1.0040932,-1.5
43,5,0.068402074,-0.10528567,-0.3789414,-0.9985162,-1.5
44,5,0.104655005,0.060471006,-0.9082736,-0.91241854,-2.5
45,5,-0.18808082,0.04570725,-0.7364939,-1.4021735,-1.0
46,5,0.10002292,-0.026470136,-0.56947416,-1.0086043,-1.5
47,5,0.024855284,0.08152873,-0.80254865,-1.1180665,-2.5
48,5,0.031131247,-0.13216475,-0.4061629,-0.98275334,-1.5
49,5,-0.14901094,0.08808431,-0.85389555,-1.1640087,-2.5
50,5,0.035933718,-0.11182342,-0.57393837,-0.90838903,-1.5
51,5,-0.1632293,-0.17227139,-0.5040581,-0.93677706,-1.5
52,5,0.049823087,-0.14811923,-0.43816438,-0.81026506,-1.5
53,5,-0.20004831,0.11737809,-0.76179034,-1.1627351,-2.5
54,5,-0.025518669,-0.17673731,-0.59731007,-1.0225424,-1.5
55,5,-0.014096416,0.044113576,-0.8315734,-1.0037662,-1.0
56,5,-0.035200596,-0.08112961,-0.5765659,-0.7473531,-1.5
57,5,-0.105307065,0.16713995,-0.79850686,-0.7905918,-2.5
58,5,-0.00028619965,-0.20503183,-0.4484162,-1.1323506,-1.5
59,5,0.009728432,-0.23729362,-0.52649295,-1.0693682,-1.5
60,5,0.080791526,-0.03492393,-0.5659365,-0.7301604,-1.5
61,5,0.11533223,0.05428612,-0.86189836,-1.1011235,-1.0
62,5,-0.166224,-0.13934626,-0.5243901,-0.7651231,-1.5
63,5,-0.10866754,-0.19762118,-0.63586783,-0.9803246,-1.5
64,5,-0.012417349,0.06756733,-0.66950125,-1.4211432,-2.5
65,5,-0.042673063,-0.019316895,-0.5561589,-0.9939816,-1.5
66,5,0.046650838,-0.14434603,-0.47874606,-0.8574072,-1.5
67,5,-0.15432787,-0.22035147,-0.65116686,-0.9082165,-1.5
68,5,-0.067070834,-0.09756338,-0.49037045,-1.0203198,-1.5
69,5,-0.088421315,-0.22950791,-0.55621856,-1.1132745,-1.5
70,5,-0.10928329,-0.111366585,-0.6077612,-0.7540264,-1.5
71,5,0.0010804778,0.021391599,-0.7915487,-0.94101745,-1.5
72,5,0.18439968,0.15082696,-0.69605243,-0.9729309,-2.5
73,5,0.07350706,-0.028468508,-0.5164001,-0.59035933,-1.5
74,5,-0.1547438,0.100244045,-0.74474233,-1.0864173,-2.5
75,5,0.064697675,0.1647096,-0.80365425,-1.1599234,-2.5
76,5,-0.20186833,-0.067533515,-0.39584473,-1.0421627,-1.5
77,5,0.153605,0.047734834,-0.9168004,-0.99898946,-1.0
78,5,-0.111420445,-0.0060255593,-0.47124252,-0.96753997,-1.5
79,5,-0.19214885,-0.14143659,-0.55642724,-0.73386073,-1.5
80,5,0.091522366,-0.023970738,-0.60157293,-0.6622915,-1.5
81,5,-0.03647044,-0.031208659,-0.56885546,-0.7270795,-1.5
82,5,0.14084487,-0.0483537,-0.582867,-0.51811045,-1.5
83,5,-0.19510877,-0.042380095,-0.35493058,-0.7378859,-1.5
84,5,0.008858178,-0.09736804,-0.6424987,-0.8634733,-1.5
85,5,-0.12799236,0.10491388,-0.7758705,-1.0054512,-2.5
86,5,0.050376896,-0.03097735,-0.4201197,-0.7891553,-1.5
87,5,0.12694773,0.0013740968,-0.6330714,-0.6412534,-1.5
88,5,0.027097538,0.12507021,-0.77594477,-1.1370691,-2.5
89,5,-0.1636929,0.07962571,-0.7138614,-1.3247024,-2.5
90,5,-0.22267859,0.06646361,-0.79349744,-1.0131118,-2.5
91,5,-0.031420264,0.0026055034,-0.6446615,-0.84384483,-1.5
92,5,-0.08015965,0.010696199,-0.69234455,-0.7740752,-1.5
93,5,-0.18844038,-0.085624024,-0.4124546,-0.91496336,-1.5
94,5,0.040031146,-0.23642923,-0.56234646,-0.98994863,-1.5
95,5,0.016286293,-0.05769784,-0.5706469,-0.615484,-1.5
96,5,-0.18390587,0.07852341,-0.8587848,-0.98669654,-2.5
97,5,-0.18780833,0.007646032,-0.52695155,-0.75630647,-1.5
98,5,0.09642449,-0.22710402,-0.38230893,-1.0075666,-1.5
99,5,-0.07558541,-0.17763335,-0.53764963,-0.71859807,-1.5
0,6,-0.19696793,-0.108493,-0.5489685,-0.87709963,-1.5
1,6,-0.16384259,-0.0774815,-0.57535315,-1.1233842,-1.5
2,6,0.12087303,-0.009353597,-0.65073943,-1.027123,-1.5
3,6,0.13089873,-0.0159686,-0.791063,-0.91222984,-1.5
4,6,-0.22447015,0.049347,-0.8850504,-1.442156,-1.0
5,6,0.022499504,-0.23909518,-0.7097318,-1.1023939,-1.5
6,6,-0.14247368,0.16593274,-0.87544954,-1.2356892,-2.5
7,6,-0.08752266,-0.10825341,-0.6838895,-0.6925387,-1.5
8,6,0.037939254,0.100315556,-0.9754326,-1.0743154,-2.5
9,6,0.11208042,0.070032865,-0.9715855,-1.2514116,-2.5
10,6,-0.03711726,-0.19513649,-0.51996255,-1.2460061,-1.5
11,6,0.05677162,0.021434626,-0.72327435,-1.0353416,-1.5
12,6,0.1374698,-0.12270335,-0.66072,-0.85086006,-1.5
13,6,-0.05033767,-0.10285893,-0.5637755,-0.9355642,-1.5
14,6,0.17080952,-0.048214544,-0.66737694,-0.822525,-1.5
15,6,-0.16014233,-0.23789652,-0.49533784,-1.2012367,-1.5
16,6,0.12611222,0.05000973,-0.7860989,-1.5693663,-1.0
17,6,-0.20527963,-0.08516911,-0.662433,-0.8134774,-1.5
18,6,-0.16835591,0.11099673,-0.82423186,-1.1262066,-2.5
19,6,-0.051817823,0.11317391,-0.95191145,-1.3610822,-2.5
20,6,0.13436857,-0.19380392,-0.70507914,-1.0517253,-1.5
21,6,-0.050319474,-0.16160697,-0.47378317,-1.1246738,-1.5
22,6,-0.080902554,-0.17886966,-0.4951136,-1.0412114,-1.5
23,6,-0.029706983,0.045234784,-0.8683513,-1.2817299,-1.0
24,6,0.16509439,-0.10442476,-0.70652735,-0.7201721,-1.5
25,6,-0.036687706,0.05640054,-0.8899011,-1.1673381,-1.0
26,6,-0.18201554,-0.12091796,-0.4828989,-1.203817,-1.5
27,6,0.007012047,-0.07428745,-0.5506102,-0.77351105,-1.5
28,6,0.12907667,-0.15933506,-0.72178113,-0.84184134,-1.5
29,6,0.09550914,0.15893851,-0.92193466,-1.0180618,-2.5
30,6,0.12693554,0.08350332,-0.83785725,-1.3327783,-2.5
31,6,0.09369085,0.16921149,-0.9161552,-1.1247281,-2.5
32,6,-0.08720559,0.100546785,-0.8625983,-1.46985,-2.5
33,6,0.14521961,0.06861403,-0.8299041,-1.2588884,-2.5
34,6,-0.20508684,-0.15103653,-0.6634081,-0.7644369,-1.5
35,6,0.1034491,0.03999718,-0.8608789,-1.2236166,-1.0
36,6,-0.19441669,0.10272905,-0.8637676,-1.1105548,-2.5
37,6,-0.04286598,0.005324402,-0.67545426,-1.1759084,-1.5
38,6,0.09994737,-0.22828402,-0.57846874,-1.235668,-1.5
39,6,0.14394763,0.13524145,-0.94384533,-1.0830873,-2.5
40,6,-0.12672156,0.05934655,-0.99366045,-1.056895,-1.0
41,6,0.15794191,0.036899235,-0.7822519,-1.280416,-1.0
42,6,-0.12816606,0.006533938,-0.7568118,-1.0936093,-1.5
43,6,0.06409741,-0.11618176,-0.46776175,-1.1509639,-1.5
44,6,0.09491609,0.050403662,-1.0246923,-1.0828724,-1.0
45,6,-0.19554254,0.03158695,-0.7542737,-1.4230103,-1.5
46,6,0.09392056,-0.03721599,-0.64069974,-1.1227437,-1.5
47,6,0.01613657,0.06937304,-0.9258112,-1.2956667,-2.5
48,6,0.026557889,-0.14292558,-0.49392533,-1.1371741,-1.5
49,6,-0.15821877,0.07551465,-0.97297186,-1.334092,-2.5
50,6,0.029759306,-0.121701956,-0.6485275,-1.0398806,-1.5
51,6,-0.1687516,-0.18256699,-0.5859058,-1.0873624,-1.5
52,6,0.044937547,-0.15715922,-0.52424103,-0.9641651,-1.5
53,6,-0.20836158,0.10481667,-0.8860067,-1.33575,-2.5
54,6,-0.031934723,-0.18783608,-0.6723077,-1.1633066,-1.5
55,6,-0.02246774,0.03403941,-0.8421252,-1.0136023,-1.0
56,6,-0.041390758,-0.08934881,-0.64978826,-0.8724315,-1.5
57,6,-0.11394626,0.15842655,-0.9163802,-0.94504654,-2.5
58,6,-0.0052811694,-0.21735911,-0.5349813,-1.2941772,-1.5
59,6,0.003977673,-0.24898368,-0.6081879,-1.227689,-1.5
60,6,0.07471959,-0.04290219,-0.6378633,-0.8465656,-1.5
61,6,0.10667412,0.043275252,-0.86971724,-1.1052239,-1.0
62,6,-0.17193313,-0.14786683,-0.60379755,-0.9076788,-1.5
63,6,-0.11545873,-0.2083026,-0.70870245,-1.1204587,-1.5
64,6,-0.019869618,0.052265078,-0.80373585,-1.6180243,-1.0
65,6,-0.04864536,-0.029913276,-0.6280503,-1.1080819,-1.5
66,6,0.041377995,-0.15382542,-0.56164396,-1.0059717,-1.5
67,6,-0.1612719,-0.23033358,-0.7236118,-1.0505803,-1.5
68,6,-0.07243996,-0.108592905,-0.57056504,-1.158472,-1.5
69,6,-0.09445484,-0.24160807,-0.6354983,-1.2670581,-1.5
70,6,-0.115782194,-0.11967984,-0.67990714,-0.8816769,-1.5
71,6,-0.007129794,0.01155001,-0.84376246,-1.0185812,-1.5
72,6,0.17673269,0.1401892,-0.8228166,-1.1439171,-2.5
73,6,0.067911625,-0.03507055,-0.591746,-0.7110541,-1.5
74,6,-0.16290084,0.088402696,-0.8712002,-1.2657809,-2.5
75,6,0.056004725,0.1522959,-0.9217692,-1.3152951,-2.5
76,6,-0.20632263,-0.078796186,-0.48189172,-1.1851158,-1.5
77,6,0.14441918,0.03777077,-0.9207768,-0.9981354,-1.0
78,6,-0.11657494,-0.016390951,-0.54887545,-1.088506,-1.5
79,6,-0.19816561,-0.14962721,-0.6335534,-0.8732024,-1.5
80,6,0.08511333,-0.031228308,-0.67030144,-0.77212644,-1.5
81,6,-0.04256894,-0.039147925,-0.640386,-0.842325,-1.5
82,6,0.13460563,-0.054223098,-0.65418804,-0.63550097,-1.5
83,6,-0.19916347,-0.050586972,-0.44303736,-0.8803365,-1.5
84,6,0.0020317065,-0.10673057,-0.711422,-0.9842554,-1.5
85,6,-0.1364449,0.09391227,-0.8996492,-1.1798832,-2.5
86,6,0.045702398,-0.039634906,-0.50279564,-0.92157423,-1.5
87,6,0.12024695,-0.005608614,-0.698165,-0.7416703,-1.5
88,6,0.01865233,0.112789854,-0.89860386,-1.3063596,-2.5
89,6,-0.17156444,0.06534005,-0.8440333,-1.513308,-1.0
90,6,-0.23131652,0.05532435,-0.9182336,-1.1954327,-1.0
91,6,-0.03823158,-0.006393614,-0.7088385,-0.9427095,-1.5
92,6,-0.08742426,0.002440389,-0.752524,-0.8655241,-1.5
93,6,-0.19306014,-0.09563303,-0.49806213,-1.0597545,-1.5
94,6,0.033935856,-0.24730326,-0.64154696,-1.144415,-1.5
95,6,0.010160741,-0.064564414,-0.64330596,-0.7363147,-1.5
96,6,-0.19316365,0.06771376,-0.9779204,-1.1584069,-2.5
97,6,-0.19349085,-0.00054644176,-0.59970605,-0.86762404,-1.5
98,6,0.092057,-0.23825462,-0.47440585,-1.180309,-1.5
99,6,-0.08143265,-0.1857356,-0.6174046,-0.86664605,-1.5
0,7,-0.20290235,-0.11807001,-0.62531084,-1.0108165,-1.5
1,7,-0.17001846,-0.08945402,-0.6483291,-1.2476478,-1.5
2,7,0.11399901,-0.020202156,-0.71505296,-1.1280459,-1.5
3,7,0.122678906,-0.025586963,-0.8451619,-0.998354,-1.5
4,7,-0.2333529,0.034930497,-0.89153576,-1.4450331,-1.5
5,7,0.014992316,-0.25100332,-0.7780707,-1.2409165,-1.5
6,7,-0.1518546,0.15280853,-0.98827916,-1.3828148,-2.5
7,7,-0.094749786,-0.115897715,-0.7502633,-0.8108913,-1.5
8,7,0.02757351,0.08874612,-1.0846331,-1.2271534,-2.5
9,7,0.10173795,0.056632236,-1.0829244,-1.4125801,-1.0
10,7,-0.042794187,-0.20854022,-0.60084075,-1.3980455,-1.5
11,7,0.049214818,0.010604586,-0.78063285,-1.1208613,-1.5
12,7,0.13046063,-0.13196734,-0.7293053,-0.97463226,-1.5
13,7,-0.056411784,-0.11300183,-0.63875395,-1.066423,-1.5
14,7,0.16376173,-0.057071783,-0.7323012,-0.9301034,-1.5
15,7,-0.16559267,-0.25092262,-0.57906437,-1.3626935,-1.5
16,7,0.118176475,0.034256227,-0.8000485,-1.5836822,-1.5
17,7,-0.21229309,-0.093999535,-0.729379,-0.9294901,-1.5
18,7,-0.17726962,0.09882945,-0.94413906,-1.2936945,-2.5
19,7,-0.061954997,0.09874214,-1.0624086,-1.513829,-2.5
20,7,0.12691592,-0.20514922,-0.77261543,-1.1833698,-1.5
21,7,-0.05554729,-0.1737836,-0.5573194,-1.2765002,-1.5
22,7,-0.0863399,-0.19022295,-0.57768947,-1.1937565,-1.5
23,7,-0.038430773,0.032405633,-0.8762023,-1.2872982,-1.5
24,7,0.1576519,-0.112324476,-0.771039,-0.83513874,-1.5
25,7,-0.045613345,0.044749137,-0.89554995,-1.1677893,-1.0
26,7,-0.18731892,-0.13382082,-0.5643525,-1.3471255,-1.5
27,7,0.0010728237,-0.08277412,-0.625469,-0.90014243,-1.5
28,7,0.12147153,-0.16852449,-0.7872002,-0.96572477,-1.5
29,7,0.08568199,0.1480103,-1.0314621,-1.1613263,-2.5
30,7,0.117878385,0.06922524,-0.9585342,-1.5061316,-1.0
31,7,0.08392267,0.15723135,-1.0255975,-1.2660805,-2.5
32,7,-0.096493654,0.08494408,-0.98060614,-1.63629,-2.5
33,7,0.13623294,0.05504297,-0.9519439,-1.4367709,-1.0
34,7,-0.21213092,-0.15947792,-0.7329206,-0.8934396,-1.5
35,7,0.09479513,0.027735678,-0.8695146,-1.2311763,-1.5
36,7,-0.2037124,0.09072849,-0.98120254,-1.2756455,-2.5
37,7,-0.049971174,-0.006970857,-0.73721373,-1.2707095,-1.5
38,7,0.09370257,-0.24159014,-0.6558684,-1.386501,-1.5
39,7,0.13389948,0.12363014,-1.0533096,-1.230402,-2.5
40,7,-0.13663906,0.048873503,-0.9913312,-1.0445783,-1.0
41,7,0.15003936,0.024012415,-0.7969582,-1.2978241,-1.5
42,7,-0.1360496,-0.0048824777,-0.8123948,-1.1786739,-1.5
43,7,0.058939952,-0.12855949,-0.5502288,-1.2951754,-1.5
44,7,0.08469813,0.03967588,-1.0204785,-1.0690074,-1.0
45,7,-0.20339307,0.016916633,-0.80891997,-1.5028826,-1.5
46,7,0.08713273,-0.049074005,-0.7070493,-1.2309748,-1.5
47,7,0.0062318407,0.05549824,-1.0406471,-1.46234,-1.0
48,7,0.021142205,-0.15518773,-0.5753694,-1.2833852,-1.5
49,7,-0.16857275,0.06129735,-1.0839697,-1.4938645,-1.0
50,7,0.022868367,-0.1328609,-0.7178333,-1.1646577,-1.5
51,7,-0.17505924,-0.19432834,-0.6618329,-1.2302939,-1.5
52,7,0.03922615,-0.16769421,-0.604091,-1.1097726,-1.5
53,7,-0.21787098,0.09057994,-1.001878,-1.4981507,-2.5
54,7,-0.03907063,-0.20030792,-0.7419145,-1.297342,-1.5
55,7,-0.030943897,0.023856465,-0.85238564,-1.0245218,-1.5
56,7,-0.048284322,-0.098783426,-0.7178286,-0.9907309,-1.5
57,7,-0.123719804,0.14822493,-1.0262647,-1.0889233,-2.5
58,7,-0.011106093,-0.23126261,-0.6151995,-1.447945,-1.5
59,7,-0.0025561638,-0.26221716,-0.68387836,-1.3784174,-1.5
60,7,0.067956336,-0.052010357,-0.70474964,-0.9563968,-1.5
61,7,0.097937055,0.032209683,-0.877486,-1.11092,-1.5
62,7,-0.17840436,-0.157773,-0.67749465,-1.0426723,-1.5
63,7,-0.12294886,-0.22035147,-0.7762861,-1.254031,-1.5
64,7,-0.02797366,0.03603998,-0.816291,-1.629859,-1.5
65,7,-0.05530955,-0.041620918,-0.6950215,-1.2161909,-1.5
66,7,0.035309587,-0.16474918,-0.63856965,-1.1466949,-1.5
67,7,-0.16891089,-0.24170469,-0.790811,-1.1863105,-1.5
68,7,-0.078579545,-0.12096739,-0.6450873,-1.2894685,-1.5
69,7,-0.10124846,-0.25520843,-0.70896894,-1.4135978,-1.5
70,7,-0.122973986,-0.12923466,-0.7469242,-1.0026377,-1.5
71,7,-0.015843734,0.00094997865,-0.89256006,-1.0923926,-1.5
72,7,0.1678453,0.1279,-0.9410501,-1.3038026,-2.5
73,7,0.061592534,-0.04284101,-0.6617451,-0.8245034,-1.5
74,7,-0.1722748,0.07482619,-0.9890484,-1.4339505,-2.5
75,7,0.04617328,0.13837752,-1.0321304,-1.4610863,-2.5
76,7,-0.21160379,-0.09144888,-0.5618749,-1.3203584,-1.5
77,7,0.13519153,0.02780077,-0.92494446,-0.9990864,-1.5
78,7,-0.12247637,-0.0279324,-0.6211684,-1.2028118,-1.5
79,7,-0.20492259,-0.15917237,-0.7051371,-1.0051984,-1.5
80,7,0.07804373,-0.039551217,-0.7342142,-0.8756339,-1.5
81,7,-0.04935499,-0.04820576,-0.7069089,-0.9510433,-1.5
82,7,0.1276816,-0.061229147,-0.72041965,-0.7459283,-1.5
83,7,-0.20406426,-0.060173634,-0.5248774,-1.014347,-1.5
84,7,-0.005457171,-0.117269844,-0.7755044,-1.0989419,-1.5
85,7,-0.14608839,0.081224546,-1.0149794,-1.3432397,-2.5
86,7,0.040233485,-0.049576465,-0.5796484,-1.046312,-1.5
87,7,0.1129203,-0.013564786,-0.7587293,-0.83617526,-1.5
88,7,0.00902589,0.09887061,-1.0130405,-1.4652001,-2.5
89,7,-0.18004933,0.05021119,-0.8529164,-1.5174694,-1.0
90,7,-0.24051389,0.043408614,-0.92182314,-1.1928797,-1.0
91,7,-0.045660675,-0.01635464,-0.7686457,-1.0362121,-1.5
92,7,-0.09526819,-0.0067047016,-0.8086102,-0.9519306,-1.5
93,7,-0.1985021,-0.107048616,-0.57758015,-1.1966085,-1.5
94,7,0.027081244,-0.2596832,-0.7149507,-1.291513,-1.5
95,7,0.0033373602,-0.07260261,-0.7108046,-0.85021436,-1.5
96,7,-0.20356727,0.05524387,-1.0888501,-1.3192972,-1.0
97,7,-0.19987303,-0.009818469,-0.6674184,-0.9724278,-1.5
98,7,0.08680692,-0.2510853,-0.55970436,-1.3441603,-1.5
99,7,-0.08804499,-0.1952772,-0.6913831,-1.0069858,-1.5
0,8,-0.20957005,-0.12894812,-0.69623345,-1.1375664,-1.5
1,8,-0.1768962,-0.10263929,-0.7162423,-1.3658472,-1.5
2,8,0.10650546,-0.03203585,-0.77504295,-1.2239451,-1.5
3,8,0.11393771,-0.036047187,-0.895653,-1.0803696,-1.5
4,8,-0.24251631,0.020135963,-0.9357284,-1.5082691,-1.5
5,8,0.0068296036,-0.26426643,-0.84145,-1.3734928,-1.5
6,8,-0.16232361,0.13825758,-1.0937734,-1.5211073,-2.5
7,8,-0.10261447,-0.12469364,-0.81193566,-0.9231238,-1.5
8,8,0.016156439,0.07569662,-1.1864575,-1.3706135,-2.5
9,8,0.09096354,0.042654008,-1.0742196,-1.390932,-1.0
10,8,-0.049246877,-0.2234275,-0.67582715,-1.542867,-1.5
11,8,0.041104764,-0.0010617129,-0.8342323,-1.2022521,-1.5
12,8,0.122792535,-0.14243765,-0.7930439,-1.0922804,-1.5
13,8,-0.063206285,-0.12441904,-0.7084367,-1.1905869,-1.5
14,8,0.15608951,-0.06697649,-0.7927328,-1.0320749,-1.5
15,8,-0.17184536,-0.26552308,-0.6566015,-1.5164291,-1.5
16,8,0.10988825,0.018013068,-0.8511953,-1.6577845,-1.5
17,8,-0.21995002,-0.103959784,-0.79163533,-1.0395712,-1.5
18,8,-0.18733782,0.08504056,-1.055965,-1.4508755,-2.5
19,8,-0.07315729,0.08282624,-1.1656257,-1.657858,-1.0
20,8,0.11881486,-0.21778154,-0.83532023,-1.309187,-1.5
21,8,-0.061576754,-0.18743943,-0.6348229,-1.4207383,-1.5
22,8,-0.09256946,-0.20306206,-0.6542796,-1.338681,-1.5
23,8,-0.047447894,0.019174797,-0.92160857,-1.3527557,-1.5
24,8,0.14958955,-0.121343605,-0.8310018,-0.9442571,-1.5
25,8,-0.05459734,0.03307711,-0.90133405,-1.1702162,-1.5
26,8,-0.19340469,-0.14812104,-0.6400168,-1.483337,-1.5
27,8,-0.0055855783,-0.09249112,-0.6950367,-1.0198658,-1.5
28,8,0.11323806,-0.17892289,-0.8479759,-1.0837886,-1.5
29,8,0.07479964,0.13569663,-1.1337231,-1.2954491,-2.5
30,8,0.108298674,0.054249845,-0.95865595,-1.4962069,-1.0
31,8,0.07309942,0.1438823,-1.1278785,-1.3986672,-2.5
32,8,-0.10691901,0.06772353,-1.0908023,-1.7933639,-1.0
33,8,0.12671182,0.04073388,-0.95314926,-1.4306437,-1.0
34,8,-0.21984242,-0.16917588,-0.7974711,-1.016029,-1.5
35,8,0.08584044,0.015053884,-0.91563094,-1.2984312,-1.5
36,8,-0.21413869,0.07712953,-1.0906974,-1.4305862,-2.5
37,8,-0.057672027,-0.020194294,-0.7949162,-1.361129,-1.5
38,8,0.08671569,-0.25636932,-0.72759205,-1.5304421,-1.5
39,8,0.12279684,0.11059257,-1.1554849,-1.3685825,-2.5
40,8,-0.14653811,0.03850431,-0.9896783,-1.0348835,-1.0
41,8,0.14177774,0.010609694,-0.84872025,-1.374377,-1.5
42,8,-0.14446938,-0.017132424,-0.86435467,-1.2598935,-1.5
43,8,0.05299039,-0.14234242,-0.62683254,-1.4321067,-1.5
44,8,0.074516594,0.029065771,-1.0170934,-1.0580373,-1.5
45,8,-0.21177205,0.001458527,-0.86016214,-1.5797673,-1.5
46,8,0.07970592,-0.06198978,-0.76891035,-1.33405,-1.5
47,8,-0.0041384394,0.040992353,-1.0351933,-1.4458858,-1.5
48,8,0.014944588,-0.16887495,-0.6509785,-1.4223326,-1.5
49,8,-0.17935598,0.046514038,-1.0750294,-1.4711713,-1.0
50,8,0.015311306,-0.14523818,-0.78227216,-1.2835379,-1.5
51,8,-0.18209556,-0.20748438,-0.7322885,-1.3664562,-1.5
52,8,0.03274835,-0.17964709,-0.67819715,-1.2480305,-1.5
53,8,-0.22849678,0.0747666,-1.1100448,-1.6511356,-1.0
54,8,-0.046874814,-0.21409056,-0.80653673,-1.4254564,-1.5
55,8,-0.039735723,0.013223965,-0.8999255,-1.0945163,-1.5
56,8,-0.055831943,-0.10937077,-0.78110737,-1.1030704,-1.5
57,8,-0.13455163,0.13663344,-1.1288074,-1.2234181,-2.5
58,8,-0.017700095,-0.24666722,-0.68952835,-1.5945598,-1.5
59,8,-0.009815465,-0.27692336,-0.75399417,-1.5224077,-1.5
60,8,0.060549725,-0.06218768,-0.76700956,-1.0604535,-1.5
61,8,0.08890797,0.02074389,-0.9227487,-1.1761426,-1.5
62,8,-0.18558325,-0.16899459,-0.7459312,-1.1709839,-1.5
63,8,-0.1310877,-0.23370704,-0.8390133,-1.3818278,-1.5
64,8,-0.03641689,0.019348491,-0.8661571,-1.701723,-1.5
65,8,-0.06261871,-0.054384634,-0.7574646,-1.3190678,-1.5
66,8,0.028502649,-0.17704451,-0.7099864,-1.2804838,-1.5
67,8,-0.17719464,-0.2544033,-0.8531561,-1.3161893,-1.5
68,8,-0.08543544,-0.13462062,-0.71437776,-1.4141725,-1.5
69,8,-0.108746424,-0.27024165,-0.7770471,-1.5537256,-1.5
70,8,-0.13080978,-0.1399692,-0.8092246,-1.1177167,-1.5
71,8,-0.025028808,-0.010374294,-0.9382179,-1.1629837,-1.5
72,8,0.15781882,0.11406255,-1.0514292,-1.4538441,-2.5
73,8,0.054600634,-0.051712777,-0.7268416,-0.93156075,-1.5
74,8,-0.18278354,0.059618633,-1.0989579,-1.5921865,-1.0
75,8,0.03527739,0.123043455,-1.1353297,-1.5983877,-2.5
76,8,-0.21765392,-0.105420195,-0.6362659,-1.4488081,-1.5
77,8,0.12570667,0.017477373,-0.9668324,-1.0597502,-1.5
78,8,-0.12907381,-0.04058841,-0.68854773,-1.3112789,-1.5
79,8,-0.21236697,-0.170004,-0.7716169,-1.1307081,-1.5
80,8,0.070359364,-0.04888099,-0.79371023,-0.9735829,-1.5
81,8,-0.05678093,-0.058321845,-0.7688358,-1.0540292,-1.5
82,8,0.12012117,-0.069307335,-0.7819861,-0.8502107,-1.5
83,8,-0.20975152,-0.071061775,-0.6009596,-1.1408968,-1.5
84,8,-0.01356231,-0.1289296,-0.8351333,-1.2082945,-1.5
85,8,-0.15684234,0.066953614,-1.1225289,-1.4967723,-1.0
86,8,0.034025617,-0.060730893,-0.6511506,-1.1642791,-1.5
87,8,0.105010875,-0.022439808,-0.8151411,-0.9254905,-1.5
88,8,-0.0017032726,0.08340963,-1.1198887,-1.6147738,-2.5
89,8,-0.18862446,0.03502133,-0.86181456,-1.5239536,-1.5
90,8,-0.24974993,0.031500567,-0.9257099,-1.1925899,-1.5
91,8,-0.053665955,-0.02722823,-0.8244394,-1.1250389,-1.5
92,8,-0.10365249,-0.016692685,-0.8609398,-1.0339415,-1.5
93,8,-0.20470814,-0.11979717,-0.65148824,-1.3264582,-1.5
94,8,0.019522883,-0.2735005,-0.7829781,-1.4320784,-1.5
95,8,-0.0041347602,-0.08174826,-0.77356887,-0.9580073,-1.5
96,8,-0.21439849,0.042200726,-1.0797111,-1.2971666,-1.0
97,8,-0.2069069,-0.020109853,-0.73050267,-1.0715103,-1.5
98,8,0.08073949,-0.26551306,-0.63869226,-1.5000787,-1.5
99,8,-0.09536727,-0.20618649,-0.76003265,-1.1404952,-1.5
0,9,-0.2169193,-0.14106292,-0.76216495,-1.2581896,-1.5
1,9,-0.18442746,-0.116981454,-0.77948433,-1.4787526,-1.5
2,9,0.09843358,-0.0448086,-0.8310538,-1.3154882,-1.5
3,9,0.104709506,-0.04731176,-0.9428301,-1.1588492,-1.5
4,9,-0.2521081,0.00471298,-0.9773027,-1.5697438,-1.5
5,9,-0.0019410675,-0.27882946,-0.9002281,-1.5008479,-1.5
6,9,-0.17381056,0.12236189,-1.1924824,-1.6515785,-2.5
7,9,-0.11107198,-0.13458467,-0.8692891,-1.0299869,-1.5
8,9,0.0037584323,0.061254114,-1.2814813,-1.5057743,-1.0
9,9,0.08026771,0.0288634,-1.066789,-1.3733495,-1.5
10,9,-0.056418788,-0.2397313,-0.74534386,-1.6813121,-1.5
11,9,0.032477297,-0.013526585,-0.8843722,-1.2800916,-1.5
12,9,0.114511736,-0.15405776,-0.852321,-1.2045654,-1.5
13,9,-0.07067065,-0.1370487,-0.773241,-1.3088748,-1.5
14,9,0.14783561,-0.077877045,-0.8490382,-1.1291533,-1.5
15,9,-0.17884089,-0.2816259,-0.72838306,-1.6633073,-1.5
16,9,0.101104744,0.0010351646,-0.8992467,-1.7296151,-1.5
17,9,-0.22820577,-0.114995174,-0.84958154,-1.1444649,-1.5
18,9,-0.19848333,0.069725886,-1.1603343,-1.5989194,-1.0
19,9,-0.08471618,0.06648998,-1.1497803,-1.6213472,-1.0
20,9,0.11011165,-0.23164709,-0.89355564,-1.429905,-1.5
21,9,-0.06835009,-0.202504,-0.7067413,-1.5582731,-1.5
22,9,-0.099533945,-0.21731623,-0.7253301,-1.4768661,-1.5
23,9,-0.05690459,0.005296524,-0.9642519,-1.4159888,-1.5
24,9,0.14095066,-0.13142821,-0.886786,-1.0482552,-1.5
25,9,-0.06385453,0.021035314,-0.94478226,-1.2325209,-1.5
26,9,-0.20021744,-0.16375291,-0.7103244,-1.6133045,-1.5
27,9,-0.0129127605,-0.10337458,-0.75974154,-1.1335148,-1.5
28,9,0.10442059,-0.19047658,-0.90447325,-1.1967598,-1.5
29,9,0.0629314,0.12208244,-1.2292855,-1.4214776,-2.5
30,9,0.09871276,0.039349046,-0.9594282,-1.4895465,-1.5
31,9,0.06128949,0.12924576,-1.2235466,-1.5234947,-2.5
32,9,-0.11776721,0.049957335,-1.0813019,-1.7689133,-1.5
33,9,0.11717419,0.026463,-0.95491034,-1.4275383,-1.5
34,9,-0.228174,-0.18007104,-0.8574523,-1.1329813,-1.5
35,9,0.07643954,0.0017080805,-0.9589063,-1.3632542,-1.5
36,9,-0.22561969,0.062026463,-1.1928676,-1.5765319,-1.0
37,9,-0.0659298,-0.034305904,-0.84887743,-1.4477792,-1.5
38,9,0.079041265,-0.27255753,-0.7940405,-1.6682962,-1.5
39,9,0.11070925,0.096213505,-1.2509372,-1.4986793,-2.5
40,9,-0.15642518,0.028213313,-0.98865044,-1.0277177,-1.5
41,9,0.13301569,-0.0035473923,-0.8972404,-1.4479893,-1.5
42,9,-0.15339093,-0.03018092,-0.91297823,-1.3378251,-1.5
43,9,0.046304822,-0.1574631,-0.69801545,-1.5626285,-1.5
44,9,0.06414997,0.018215569,-1.0520151,-1.1077733,-1.5
45,9,-0.22064687,-0.0147605315,-0.9082527,-1.6541532,-1.5
46,9,0.07168296,-0.07591603,-0.8266342,-1.4326566,-1.5
47,9,-0.014674917,0.026294177,-1.0683202,-1.4911227,-1.5
48,9,0.008020886,-0.18391989,-0.72118944,-1.554879,-1.5
49,9,-0.19005853,0.031927496,-1.067402,-1.4527228,-1.5
50,9,0.0071346094,-0.15877943,-0.8422215,-1.3972698,-1.5
51,9,-0.18980816,-0.22197236,-0.7976794,-1.4966599,-1.5
52,9,0.02555906,-0.1929497,-0.74699813,-1.3798037,-1.5
53,9,-0.23952606,0.058448207,-1.0986911,-1.6227401,-1.0
54,9,-0.05529952,-0.22912927,-0.86654186,-1.5483894,-1.5
55,9,-0.048986726,0.0019043293,-0.9444341,-1.1614716,-1.5
56,9,-0.06398823,-0.121055916,-0.8400065,-1.2102002,-1.5
57,9,-0.14637172,0.12373923,-1.2245888,-1.349602,-2.5
58,9,-0.025006594,-0.26350647,-0.7583814,-1.7348497,-1.5
59,9,-0.017746657,-0.29303962,-0.8189247,-1.660445,-1.5
60,9,0.05254382,-0.07338096,-0.8250191,-1.1594672,-1.5
61,9,0.079441175,0.008635721,-0.96519244,-1.2387856,-1.5
62,9,-0.19341955,-0.18146981,-0.809516,-1.2934226,-1.5
63,9,-0.13982868,-0.24831599,-0.8972409,-1.5045708,-1.5
64,9,-0.04534325,0.0019431296,-0.91303724,-1.7715529,-1.5
65,9,-0.070529655,-0.068156414,-0.81573486,-1.4174052,-1.5
66,9,0.02100985,-0.19064721,-0.7763144,-1.4081705,-1.5
67,9,-0.18607666,-0.26837525,-0.91100293,-1.4409353,-1.5
68,9,-0.0929576,-0.14949453,-0.7788346,-1.533371,-1.5
69,9,-0.11689693,-0.2866482,-0.84010994,-1.6882032,-1.5
70,9,-0.1392446,-0.15182923,-0.8671831,-1.2276548,-1.5
71,9,-0.034655098,-0.022393659,-0.9809883,-1.2308439,-1.5
72,9,0.14672826,0.09876828,-1.1545575,-1.5951624,-2.5
73,9,0.04698257,-0.06162679,-0.7874392,-1.0330064,-1.5
74,9,-0.1937113,0.043858364,-1.0890322,-1.5682507,-1.5
75,9,0.023385594,0.10637252,-1.2318964,-1.7281761,-2.5
76,9,-0.22441952,-0.12064734,-0.7054903,-1.5712988,-1.5
77,9,0.11581681,0.006556914,-1.0061016,-1.1179634,-1.5
78,9,-0.13632041,-0.054305255,-0.75139946,-1.4146556,-1.5
79,9,-0.22045,-0.18206207,-0.8333917,-1.2505206,-1.5
80,9,0.06210225,-0.059166446,-0.8491526,-1.0666773,-1.5
81,9,-0.064803004,-0.06944339,-0.8265406,-1.1520096,-1.5
82,9,0.11196871,-0.07840089,-0.8392741,-0.94909835,-1.5
83,9,-0.21617036,-0.08318233,-0.6717448,-1.260879,-1.5
84,9,-0.022241224,-0.14166085,-0.89066046,-1.3130103,-1.5
85,9,-0.16799279,0.052175842,-1.1104517,-1.4683975,-1.0
86,9,0.027129782,-0.07303565,-0.7177307,-1.2763062,-1.5
87,9,0.09655816,-0.032185912,-0.8677436,-1.010277,-1.5
88,9,-0.01346257,0.06649302,-1.219714,-1.7561373,-1.0
89,9,-0.19750352,0.019417752,-0.90826535,-1.590679,-1.5
90,9,-0.25924107,0.01924829,-0.96741235,-1.2524483,-1.5
91,9,-0.06220918,-0.03897156,-0.87654394,-1.2098182,-1.5
92,9,-0.11254141,-0.027483305,-0.90981984,-1.1121494,-1.5
93,9,-0.2116247,-0.13381393,-0.72022015,-1.4501536,-1.5
94,9,0.011312393,-0.2886946,-0.8460109,-1.5668805,-1.5
95,9,-0.012210557,-0.09194502,-0.83198655,-1.0604492,-1.5
96,9,-0.22514676,0.029351162,-1.0718484,-1.278964,-1.5
97,9,-0.2145484,-0.031367894,-0.7893346,-1.1655952,-1.5
98,9,0.07391534,-0.2814639,-0.71181244,-1.648945,-1.5
99,9,-0.10334853,-0.21840017,-0.82376087,-1.2679828,-1.5
0,10,-0.22490248,-0.15435785,-0.8234937,-1.3734546,-1.5
1,10,-0.19256754,-0.13243188,-0.8384087,-1.5870653,-1.5
2,10,0.08982133,-0.05848064,-0.8833981,-1.4032863,-1.5
3,10,0.09502586,-0.0593486,-0.9869603,-1.2343178,-1.5
4,10,-0.26210317,-0.011323193,-1.0164526,-1.629835,-1.5
5,10,-0.011275494,-0.29464424,-0.95472866,-1.623647,-1.5
6,10,-0.18625046,0.10519402,-1.2849,-1.7751367,-2.5
7,10,-0.12008113,-0.14552137,-0.92267185,-1.1321704,-1.5
8,10,-0.00891571,0.046481334,-1.2577401,-1.4602838,-1.0
9,10,0.06942466,0.0148912305,-1.0980821,-1.4175948,-1.5
10,10,-0.064257346,-0.25739247,-0.8097712,-1.8141501,-1.5
11,10,0.023365412,-0.026757816,-0.93132544,-1.3549094,-1.5
12,10,0.10566082,-0.16677839,-0.9074863,-1.3121843,-1.5
13,10,-0.078758284,-0.1508367,-0.83354455,-1.422035,-1.5
14,10,0.13903931,-0.0897286,-0.90155,-1.2219919,-1.5
15,10,-0.18652391,-0.2991673,-0.7948009,-1.8041213,-1.5
16,10,0.09185562,-0.016657429,-0.94442374,-1.7996039,-1.5
17,10,-0.23701924,-0.12705807,-0.90356237,-1.2448525,-1.5
18,10,-0.20999539,0.053955026,-1.1453809,-1.5657235,-1.0
19,10,-0.096128374,0.050482433,-1.135772,-1.590097,-1.0
20,10,0.10084913,-0.24669896,-0.94764894,-1.5461915,-1.5
21,10,-0.07581375,-0.21891522,-0.7734786,-1.6899114,-1.5
22,10,-0.10718023,-0.23292297,-0.7912441,-1.6091182,-1.5
23,10,-0.06677447,-0.009209506,-1.0043437,-1.4774089,-1.5
24,10,0.13177508,-0.14253129,-0.93872863,-1.1478015,-1.5
25,10,-0.07353221,0.008378214,-0.9855701,-1.2925776,-1.5
26,10,-0.20770581,-0.18065871,-0.7756649,-1.7378052,-1.5
27,10,-0.02086237,-0.11536848,-0.8199724,-1.2418524,-1.5
28,10,0.09505995,-0.20313875,-0.95702374,-1.3053056,-1.5
29,10,0.05014128,0.10724277,-1.3186593,-1.5403535,-2.5
30,10,0.08890087,0.024161328,-0.99833757,-1.5439655,-1.5
31,10,0.04855614,0.113393635,-1.3130943,-1.6414683,-2.5
32,10,-0.1287433,0.032071993,-1.1107392,-1.8071654,-1.5
33,10,0.10740118,0.011870922,-0.99473244,-1.4853237,-1.5
34,10,-0.23708208,-0.19211152,-0.9132215,-1.2450099,-1.5
35,10,0.06661957,-0.012280083,-0.9995606,-1.4260728,-1.5
36,10,-0.23744558,0.046488527,-1.1757858,-1.5412041,-1.5
37,10,-0.07470876,-0.04927148,-0.89938414,-1.531221,-1.5
38,10,0.07073003,-0.2900983,-0.85557497,-1.8007994,-1.5
39,10,0.09770099,0.080567926,-1.3401744,-1.621637,-1.0
40,10,-0.16651976,0.0176462,-1.0257419,-1.0809245,-1.5
41,10,0.12378421,-0.018432433,-0.94276637,-1.5191416,-1.5
42,10,-0.1627824,-0.04399828,-0.9585265,-1.41298,-1.5
43,10,0.03893517,-0.17386232,-0.76417637,-1.6875336,-1.5
44,10,0.05344489,0.006872181,-1.0848603,-1.1559716,-1.5
45,10,-0.22998735,-0.03171835,-0.9534212,-1.7264909,-1.5
46,10,0.06310338,-0.09081195,-0.88053876,-1.5274222,-1.5
47,10,-0.025533793,0.011140459,-1.0996534,-1.5358502,-1.5
48,10,0.00042284236,-0.20026335,-0.7863962,-1.6818111,-1.5
49,10,-0.20090654,0.01716682,-1.0985333,-1.4962697,-1.5
50,10,-0.001618789,-0.17343742,-0.89802265,-1.5065378,-1.5
51,10,-0.19814849,-0.23773725,-0.85837334,-1.6216459,-1.5
52,10,0.017709056,-0.20754208,-0.8108909,-1.5058831,-1.5
53,10,-0.25045177,0.04238005,-1.0888561,-1.5991274,-1.5
54,10,-0.06430045,-0.2453764,-0.9222615,-1.6668172,-1.5
55,10,-0.05866804,-0.010074981,-0.98615444,-1.2258576,-1.5
56,10,-0.072711416,-0.13379106,-0.8948722,-1.3128074,-1.5
57,10,-0.15911554,0.1096194,-1.3141307,-1.4684392,-2.5
58,10,-0.032972887,-0.28172174,-0.822131,-1.869572,-1.5
59,10,-0.026299829,-0.31051075,-0.8790211,-1.7932485,-1.5
60,10,0.04397912,-0.085543945,-0.8791197,-1.2541074,-1.5
61,10,0.06956357,-0.0040917117,-1.0050403,-1.2992797,-1.5
62,10,-0.20186687,-0.19514447,-0.8686199,-1.4107279,-1.5
63,10,-0.14912865,-0.26413178,-0.95129144,-1.6229205,-1.5
64,10,-0.054724086,-0.016158307,-0.95714164,-1.8397589,-1.5
65,10,-0.07900251,-0.082894765,-0.8701541,-1.5118371,-1.5
66,10,0.0128799,-0.20550095,-0.83793384,-1.5305145,-1.5
67,10,-0.19551376,-0.2835733,-0.9646736,-1.5612086,-1.5
68,10,-0.10109975,-0.16553847,-0.8388167,-1.6477813,-1.5
69,10,-0.12565169,-0.3043759,-0.8984966,-1.817729,-1.5
70,10,-0.148237,-0.16476755,-0.9211392,-1.3331305,-1.5
71,10,-0.04469508,-0.03508363,-1.021101,-1.2964242,-1.5
72,10,0.13464302,0.082098186,-1.2509744,-1.7287611,-1.0
73,10,0.03878118,-0.072531395,-0.8439049,-1.1295545,-1.5
74,10,-0.20476258,0.027976055,-1.1180451,-1.6067339,-1.5
75,10,0.010561468,0.08843438,-1.3223056,-1.8513288,-1.0
76,10,-0.23185115,-0.13707538,-0.76993144,-1.6885898,-1.5
77,10,0.10554691,-0.004938646,-1.042963,-1.1741345,-1.5
78,10,-0.14417289,-0.06903625,-0.81007296,-1.5136245,-1.5
79,10,-0.22912672,-0.19529414,-0.89082336,-1.365359,-1.5
80,10,0.053311,-0.07036306,-0.9008712,-1.1555619,-1.5
81,10,-0.07338098,-0.08152449,-0.880363,-1.2456496,-1.5
82,10,0.10326494,-0.088460155,-0.8926353,-1.0432789,-1.5
83,10,-0.22327024,-0.09647469,-0.73765075,-1.3751074,-1.5
84,10,-0.03145473,-0.15542121,-0.942404,-1.4137284,-1.5
85,10,-0.17903246,0.037649747,-1.0999128,-1.4446064,-1.5
86,10,0.019592946,-0.08643604,-0.77977675,-1.3831505,-1.5
87,10,0.087598406,-0.042761594,-0.91684926,-1.0911411,-1.5
88,10,-0.025545066,0.049182173,-1.2005686,-1.7170049,-1.5
89,10,-0.2068328,0.0031510862,-0.9519538,-1.6555458,-1.5
90,10,-0.26913613,0.0064037233,-1.0065907,-1.3102983,-1.5
91,10,-0.07125519,-0.051547732,-0.9252543,-1.2911264,-1.5
92,10,-0.12190209,-0.03904193,-0.9555298,-1.1870981,-1.5
93,10,-0.2192022,-0.14904216,-0.7841675,-1.5684702,-1.5
94,10,0.0024978032,-0.30521208,-0.9043939,-1.6966252,-1.5
95,10,-0.020848634,-0.10314369,-0.8864102,-1.1582322,-1.5
96,10,-0.23603785,0.016327402,-1.1027092,-1.3224448,-1.5
97,10,-0.22275695,-0.043546747,-0.8442561,-1.2553451,-1.5
98,10,0.06639092,-0.29887205,-0.77946526,-1.7915666,-1.5
99,10,-0.111941695,-0.23186263,-0.8829384,-1.3901913,-1.5
0,11,-0.23347558,-0.16878371,-0.8805714,-1.4840637,-1.5
1,11,-0.20127511,-0.14894858,-0.8933341,-1.6914254,-1.5
2,11,0.08070375,-0.07301801,-0.9323596,-1.4878997,-1.5
3,11,0.08491581,-0.07213061,-1.028287,-1.3072587,-1.5
4,11,-0.2724783,-0.027960906,-1.053355,-1.6888936,-1.5
5,11,-0.0211325,-0.3116688,-1.0052428,-1.7424989,-1.5
6,11,-0.19958298,0.08681801,-1.3714695,-1.8926005,-1.0
7,11,-0.12960406,-0.15746097,-0.97240007,-1.2303077,-1.5
8,11,-0.021367334,0.03212395,-1.236398,-1.4206886,-1.5
9,11,0.058277003,0.00047350582,-1.1276841,-1.4613681,-1.5
10,11,-0.07271354,-0.27635917,-0.86945033,-1.9420815,-1.5
11,11,0.013799526,-0.040728226,-0.97534037,-1.4271924,-1.5
12,11,0.09627906,-0.18055679,-0.95885646,-1.4157755,-1.5
13,11,-0.08742614,-0.16573596,-0.8896887,-1.5307515,-1.5
14,11,0.12973677,-0.102492474,-0.95057064,-1.3111902,-1.5
15,11,-0.19484271,-0.31809103,-0.8562074,-1.9395947,-1.5
16,11,0.0821685,-0.035048753,-0.9869268,-1.8681475,-1.5
17,11,-0.24635261,-0.14010729,-0.9538901,-1.3413593,-1.5
18,11,-0.2213693,0.03848085,-1.1322002,-1.5376159,-1.5
19,11,-0.10741154,0.03475233,-1.1234766,-1.5638813,-1.5
20,11,0.09106705,-0.2628965,-0.9978953,-1.6586562,-1.5
21,11,-0.08391793,-0.23661858,-0.8353981,-1.8163886,-1.5
22,11,-0.115458995,-0.24982743,-0.852385,-1.7361733,-1.5
23,11,-0.07703317,-0.024327537,-1.0420778,-1.5373964,-1.5
24,11,0.12209939,-0.15461208,-0.9871356,-1.24351,-1.5
25,11,-0.083605014,-0.0048742406,-1.023906,-1.3507901,-1.5
26,11,-0.2158221,-0.19878806,-0.83638805,-1.8575453,-1.5
27,11,-0.029391719,-0.12842405,-0.87608194,-1.345576,-1.5
28,11,0.08519392,-0.21686898,-1.0059273,-1.4100386,-1.5
29,11,0.036488473,0.09124387,-1.4023048,-1.6529278,-2.5
30,11,0.07871108,0.0084292665,-1.0350378,-1.597313,-1.5
31,11,0.034957994,0.096389405,-1.3969651,-1.7534055,-2.5
32,11,-0.14000712,0.013793877,-1.1387452,-1.8459551,-1.5
33,11,0.09724175,-0.0032974759,-1.0322448,-1.5417814,-1.5
34,11,-0.24652638,-0.20525213,-0.96510303,-1.3527697,-1.5
35,11,0.05640557,-0.02689303,-1.037795,-1.4872824,-1.5
36,11,-0.24932638,0.030938374,-1.1981556,-1.5690336,-1.5
37,11,-0.08397586,-0.065062135,-0.94669646,-1.61197,-1.5
38,11,0.06182937,-0.30894226,-0.9125196,-1.9286237,-1.5
39,11,0.084470496,0.06470507,-1.311317,-1.5654292,-1.0
40,11,-0.17697352,0.00655307,-1.0605828,-1.1322831,-1.5
41,11,0.11411191,-0.034023583,-0.9855234,-1.5882765,-1.5
42,11,-0.1726144,-0.058559645,-1.0012369,-1.4858284,-1.5
43,11,0.03092964,-0.19148827,-0.8256738,-1.807543,-1.5
44,11,0.042421136,-0.004951049,-1.1157956,-1.2029568,-1.5
45,11,-0.23976547,-0.04939701,-0.99587625,-1.7971945,-1.5
46,11,0.054003734,-0.10664268,-0.9309112,-1.6189209,-1.5
47,11,-0.0366979,-0.0044653537,-1.1293259,-1.5803312,-1.5
48,11,-0.007801486,-0.21785359,-0.84695286,-1.803846,-1.5
49,11,-0.21205786,0.001966235,-1.1280127,-1.5395275,-1.5
50,11,-0.010909159,-0.18917136,-0.949983,-1.6119667,-1.5
51,11,-0.20707142,-0.254731,-0.91470134,-1.7420914,-1.5
52,11,0.009245389,-0.22337171,-0.8702342,-1.6269925,-1.5
53,11,-0.261502,0.026186187,-1.117964,-1.6379908,-1.5
54,11,-0.073836386,-0.26279065,-0.97399324,-1.7813569,-1.5
55,11,-0.06875306,-0.022690974,-1.0253086,-1.2881064,-1.5
56,11,-0.08196297,-0.14753485,-0.9460184,-1.4115206,-1.5
57,11,-0.17272343,0.094342,-1.3979036,-1.5807997,-2.5
58,11,-0.04154975,-0.30126137,-0.8811106,-1.9994161,-1.5
59,11,-0.03542834,-0.3292884,-0.9345988,-1.9214755,-1.5
60,11,0.034892913,-0.09863673,-0.92962086,-1.3449867,-1.5
61,11,0.059299916,-0.01741941,-1.0424957,-1.3580227,-1.5
62,11,-0.21088229,-0.20997143,-0.92357796,-1.5235775,-1.5
63,11,-0.15894741,-0.28111413,-1.0014548,-1.73748,-1.5
64,11,-0.06453274,-0.034941923,-0.9986613,-1.9067193,-1.5
65,11,-0.088000424,-0.09856425,-0.92101324,-1.6029426,-1.5
66,11,0.004157949,-0.2215565,-0.89518774,-1.6482103,-1.5
67,11,-0.20546575,-0.29995638,-1.0144578,-1.677614,-1.5
68,11,-0.109818965,-0.18270856,-0.894647,-1.7580572,-1.5
69,11,-0.13496555,-0.32337883,-0.95251155,-1.9429393,-1.5
70,11,-0.15774873,-0.1787434,-0.9714006,-1.4347658,-1.5
71,11,-0.055123396,-0.048423998,-1.0587659,-1.3601401,-1.5
72,11,0.12226624,0.0651068,-1.2288363,-1.6826923,-1.0
73,11,0.030035818,-0.08438168,-0.8965721,-1.2218589,-1.5
74,11,-0.21609713,0.011701306,-1.1456056,-1.6454116,-1.5
75,11,-0.002497322,0.07027242,-1.2947098,-1.795956,-1.0
76,11,-0.2399029,-0.15465656,-0.82993406,-1.8013716,-1.5
77,11,0.0949199,-0.016991248,-1.07761,-1.2286403,-1.5
78,11,-0.15259129,-0.08474118,-0.8648843,-1.6088092,-1.5
79,11,-0.23835562,-0.20965452,-0.9442394,-1.4758865,-1.5
80,11,0.044021092,-0.082432404,-0.9491661,-1.2408278,-1.5
81,11,-0.08247782,-0.09452555,-0.9306112,-1.3355587,-1.5
82,11,0.09404725,-0.09944202,-0.9423899,-1.1333834,-1.5
83,11,-0.23100455,-0.110885926,-0.79905444,-1.4843245,-1.5
84,11,-0.04116665,-0.17017432,-0.9906516,-1.5110327,-1.5
85,11,-0.19018967,0.023001345,-1.1283361,-1.4830993,-1.5
86,11,0.011458411,-0.10088451,-0.8376396,-1.4855033,-1.5
87,11,0.07816491,-0.0541311,-0.9627425,-1.1686388,-1.5
88,11,-0.037662927,0.03189352,-1.2210581,-1.7415669,-1.5
89,11,-0.21658579,-0.013762517,-0.9930803,-1.7189454,-1.5
90,11,-0.27941087,-0.0070154467,-1.0434421,-1.3665234,-1.5
91,11,-0.08077163,-0.064925335,-0.9708384,-1.3694916,-1.5
92,11,-0.13170435,-0.05133909,-0.9983244,-1.2592884,-1.5
93,11,-0.22739488,-0.16543238,-0.84368324,-1.6821147,-1.5
94,11,-0.00687608,-0.32300618,-0.9584374,-1.8219578,-1.5
95,11,-0.030010918,-0.11530163,-0.9371599,-1.2519907,-1.5
96,11,-0.24722916,0.0028669098,-1.1318793,-1.3653103,-1.5
97,11,-0.23149534,-0.05660683,-0.89557743,-1.341366,-1.5
98,11,0.058218934,-0.3176796,-0.8420107,-1.9286813,-1.5
99,11,-0.121103175,-0.24652526,-0.9379005,-1.5078017,-1.5
0,12,-0.24259791,-0.18429786,-0.93371516,-1.5906587,-1.5
1,12,-0.21051179,-0.16649558,-0.9445467,-1.7924168,-1.5
2,12,0.07111317,-0.088392034,-0.9781951,-1.5698417,-1.5
3,12,0.07440612,-0.085635304,-1.0670311,-1.3781164,-1.5
4,12,-0.283212,-0.04519185,-1.0881712,-1.7472438,-1.5
5,12,-0.031473633,-0.32986712,-1.0520312,-1.8579601,-1.5
6,12,-0.21311332,0.068272434,-1.3403001,-1.831978,-1.0
7,12,-0.1396059,-0.17036657,-1.0187604,-1.32498,-1.5
8,12,-0.03383299,0.01779545,-1.2548208,-1.4445908,-1.5
9,12,0.046840932,-0.014386665,-1.1557231,-1.504926,-1.5
10,12,-0.0817415,-0.29658613,-0.9246861,-2.0657432,-1.5
11,12,0.0038077135,-0.055415254,-1.0166432,-1.497389,-1.5
12,12,0.0864028,-0.19535635,-1.0067174,-1.5159242,-1.5
13,12,-0.09663437,-0.18170589,-0.94198114,-1.6356487,-1.5
14,12,0.11996136,-0.11613571,-0.9963739,-1.3972979,-1.5
15,12,-0.2037488,-0.33834752,-0.912918,-2.070388,-1.5
16,12,0.072069086,-0.054126605,-1.0269381,-1.935611,-1.5
17,12,-0.256171,-0.15410759,-1.0008476,-1.4345571,-1.5
18,12,-0.23283559,0.0229245,-1.1582017,-1.5722685,-1.5
19,12,-0.11879568,0.018921198,-1.1503115,-1.6003958,-1.5
20,12,0.08080244,-0.28020504,-1.0445591,-1.7678572,-1.5
21,12,-0.092616245,-0.25556648,-0.89282525,-1.9383748,-1.5
22,12,-0.12432432,-0.26798168,-0.9090793,-1.8587029,-1.5
23,12,-0.0876581,-0.040045436,-1.0776303,-1.5963031,-1.5
24,12,0.111957364,-0.16763575,-1.0322843,-1.3359438,-1.5
25,12,-0.09404952,-0.018705942,-1.0599806,-1.4075322,-1.5
26,12,-0.22452185,-0.21809725,-0.8928069,-1.9731671,-1.5
27,12,-0.038461436,-0.14249912,-0.92838925,-1.4453241,-1.5
28,12,0.07485741,-0.23163253,-1.0514551,-1.5115198,-1.5
29,12,0.022027854,0.07414395,-1.4806372,-1.7599707,-1.0
30,12,0.06816456,-0.007838415,-1.0696911,-1.6499074,-1.5
31,12,0.020549502,0.07828881,-1.4755604,-1.8600476,-1.0
32,12,-0.15154488,-0.004883616,-1.1654171,-1.8854768,-1.5
33,12,0.086718015,-0.01903104,-1.0676197,-1.5972513,-1.5
34,12,-0.25646967,-0.21945386,-1.01339,-1.4568607,-1.5
35,12,0.045820676,-0.042116947,-1.0737928,-1.547248,-1.5
36,12,-0.26142678,0.01509853,-1.2195562,-1.5977467,-1.5
37,12,-0.0937005,-0.08165384,-0.99105,-1.6904974,-1.5
38,12,0.05238364,-0.32904616,-0.9651642,-2.0523815,-1.5
39,12,0.07151155,0.049360424,-1.2852327,-1.5158286,-1.0
40,12,-0.18776497,-0.0050497907,-1.0933543,-1.1821454,-1.5
41,12,0.10402531,-0.050303202,-1.0257164,-1.6558022,-1.5
42,12,-0.18285978,-0.07384465,-1.0413252,-1.556803,-1.5
43,12,0.022333086,-0.21029596,-0.8828291,-1.9233129,-1.5
44,12,0.031096922,-0.017243883,-1.1449736,-1.2490307,-1.5
45,12,-0.24995518,-0.06778252,-1.0358073,-1.8666464,-1.5
46,12,0.044417858,-0.12337879,-0.9780112,-1.7076781,-1.5
47,12,-0.048151348,-0.020522341,-1.1574607,-1.6248119,-1.5
48,12,-0.01660735,-0.2366455,-0.903177,-1.9216357,-1.5
49,12,-0.22349657,-0.01367291,-1.1559633,-1.582742,-1.5
50,12,-0.020699648,-0.20594631,-0.9983793,-1.7141273,-1.5
51,12,-0.21653491,-0.27291188,-0.96696013,-1.8586137,-1.5
52,12,0.00021175313,-0.24039288,-0.92535007,-1.743791,-1.5
53,12,-0.27283648,0.009595706,-1.1456195,-1.6770957,-1.5
54,12,-0.08386891,-0.28133643,-1.0220034,-1.8925706,-1.5
55,12,-0.07921734,-0.035924777,-1.0620987,-1.3486178,-1.5
56,12,-0.091707334,-0.16225189,-0.99372876,-1.5069155,-1.5
57,12,-0.18714018,0.07796689,-1.4763323,-1.6874716,-1.0
58,12,-0.050691053,-0.3220803,-0.9356179,-2.1250093,-1.5
59,12,-0.045088492,-0.34933022,-0.98593944,-2.045725,-1.5
60,12,0.025319561,-0.11262518,-0.9768035,-1.4326671,-1.5
61,12,0.048673056,-0.031332165,-1.0777452,-1.4153829,-1.5
62,12,-0.2204261,-0.2259099,-0.97469205,-1.6325909,-1.5
63,12,-0.16924752,-0.2992285,-1.04799,-1.8488004,-1.5
64,12,-0.07474432,-0.054397408,-1.0377698,-1.9727836,-1.5
65,12,-0.09748932,-0.115134865,-0.9685753,-1.6912519,-1.5
66,12,-0.0051140706,-0.23877129,-0.9483841,-1.761892,-1.5
67,12,-0.21589524,-0.31748918,-1.060615,-1.7907044,-1.5
68,12,-0.11907534,-0.20096704,-0.9466153,-1.864794,-1.5
69,12,-0.14479628,-0.34361735,-1.0024257,-2.0644143,-1.5
70,12,-0.16774443,-0.19372188,-1.0182449,-1.5331296,-1.5
71,12,-0.06591668,-0.06239852,-1.094174,-1.4223753,-1.5
72,12,0.11009641,0.0485349,-1.2090061,-1.642694,-1.0
73,12,0.020782705,-0.097138956,-0.9457435,-1.3105189,-1.5
74,12,-0.22770102,-0.004969143,-1.1718185,-1.6844939,-1.5
75,12,-0.015296896,0.052618235,-1.2698257,-1.7474307,-1.0
76,12,-0.24853213,-0.1733496,-0.88580775,-1.9102724,-1.5
77,12,0.08395689,-0.029586425,-1.1102189,-1.28183,-1.5
78,12,-0.16153865,-0.10138573,-0.91611916,-1.7007794,-1.5
79,12,-0.24809816,-0.22510386,-0.9939351,-1.5827094,-1.5
80,12,0.03426516,-0.09534169,-0.9943101,-1.3230174,-1.5
81,12,-0.09205943,-0.1084127,-0.9775645,-1.422295,-1.5
82,12,0.08435,-0.11130933,-0.98882884,-1.2199907,-1.5
83,12,-0.23933025,-0.1263701,-0.8562968,-1.5892078,-1.5
84,12,-0.0513435,-0.18588929,-1.0356628,-1.6054577,-1.5
85,12,-0.2016242,0.007961927,-1.1553099,-1.5215997,-1.5
86,12,0.002766186,-0.11634006,-0.89163655,-1.583996,-1.5
87,12,0.06828829,-0.06626397,-1.0056823,-1.2432814,-1.5
88,12,-0.04998268,0.014344143,-1.2407628,-1.7675596,-1.5
89,12,-0.22673792,-0.031310633,-1.0318276,-1.7812392,-1.5
90,12,-0.29004315,-0.02099519,-1.078147,-1.4214786,-1.5
91,12,-0.090728626,-0.07907796,-1.01354,-1.4453996,-1.5
92,12,-0.14192034,-0.06435007,-1.0384353,-1.3291801,-1.5
93,12,-0.23616019,-0.18294176,-0.8990845,-1.7917304,-1.5
94,12,-0.01676735,-0.3420364,-1.0084189,-1.9434681,-1.5
95,12,-0.03966236,-0.12838224,-0.9845258,-1.3423064,-1.5
96,12,-0.25870454,-0.0110258,-1.1594896,-1.407821,-1.5
97,12,-0.24072915,-0.070514314,-0.9435802,-1.4242136,-1.5
98,12,0.049448743,-0.3378354,-0.89977145,-2.0609627,-1.5
99,12,-0.13079251,-0.26234585,-0.9889494,-1.6214377,-1.5
0,13,-0.25223172,-0.20086378,-0.9832104,-1.6938257,-1.5
1,13,-0.22024184,-0.18504247,-0.99230367,-1.8905712,-1.5
2,13,0.061079524,-0.10457891,-1.0211375,-1.6495832,-1.5
3,13,0.063521445,-0.09984438,-1.1033933,-1.4473,-1.5
4,13,-0.29428422,-0.06301081,-1.1210474,-1.8051864,-1.5
5,13,-0.042262852,-0.3492082,-1.0953256,-1.9705374,-1.5
6,13,-0.22635022,0.050284404,-1.3121079,-1.7786628,-1.5
7,13,-0.15005445,-0.18420681,-1.0620128,-1.4167197,-1.5
8,13,-0.04648008,0.0032159071,-1.2725238,-1.4695659,-1.5
9,13,0.035131376,-0.029688623,-1.1823165,-1.5485069,-1.5
10,13,-0.091298215,-0.31803393,-0.9757494,-2.1857138,-1.5
11,13,-0.0065840925,-0.0708006,-1.0554394,-1.5659115,-1.5
12,13,0.07606567,-0.21114585,-1.0513268,-1.6131647,-1.5
13,13,-0.10634601,-0.19871178,-0.99069875,-1.7372962,-1.5
14,13,0.10974381,-0.13063048,-1.0392076,-1.4808178,-1.5
15,13,-0.21319674,-0.35989353,-0.9652134,-2.197104,-1.5
16,13,0.06158138,-0.07388225,-1.0646224,-2.002332,-1.5
17,13,-0.2664421,-0.16902913,-1.0446901,-1.5249702,-1.5
18,13,-0.24455622,0.0070126154,-1.1829604,-1.6073835,-1.5
19,13,-0.13044217,0.0027160866,-1.1758466,-1.6373253,-1.5
20,13,0.070089854,-0.2985948,-1.0878757,-1.8743016,-1.5
21,13,-0.10186536,-0.27571762,-0.9460508,-2.056478,-1.5
22,13,-0.1337333,-0.28734407,-0.96161896,-1.9773179,-1.5
23,13,-0.09862837,-0.056354426,-1.1111623,-1.6544548,-1.5
24,13,0.10138015,-0.18157277,-1.0744256,-1.4256197,-1.5
25,13,-0.10484414,-0.033104345,-1.0939684,-1.4631498,-1.5
26,13,-0.23376355,-0.23854858,-0.94520104,-2.0852542,-1.5
27,13,-0.048035156,-0.15755752,-0.97718257,-1.5416805,-1.5
28,13,0.0640828,-0.24740009,-1.0938509,-1.6102625,-1.5
29,13,0.007449663,0.056978155,-1.441637,-1.6891278,-1.0
30,13,0.05728091,-0.02463603,-1.1024455,-1.7020438,-1.5
31,13,0.0060204193,0.060124174,-1.436878,-1.7891084,-1.0
32,13,-0.1633438,-0.023968952,-1.1908426,-1.9259126,-1.5
33,13,0.075850435,-0.035321854,-1.1010145,-1.652048,-1.5
34,13,-0.26687753,-0.2346834,-1.0583465,-1.5578324,-1.5
35,13,0.034886293,-0.057941493,-1.1077207,-1.6063077,-1.5
36,13,-0.2737374,-0.0010407652,-1.240059,-1.627489,-1.5
37,13,-0.10385429,-0.099027075,-1.0326577,-1.7672372,-1.5
38,13,0.042434506,-0.3503726,-1.0137659,-2.17263,-1.5
39,13,0.058797497,0.034470044,-1.2617302,-1.4724847,-1.5
40,13,-0.1988744,-0.017149463,-1.1242222,-1.2308371,-1.5
41,13,0.09354899,-0.06725753,-1.0635316,-1.7220949,-1.5
42,13,-0.19349346,-0.089837044,-1.0789864,-1.626302,-1.5
43,13,0.013187368,-0.23024657,-0.93592936,-2.0354393,-1.5
44,13,0.019488992,-0.029998971,-1.1725343,-1.2944734,-1.5
45,13,-0.26053217,-0.08686453,-1.0733848,-1.9351981,-1.5
46,13,0.034377158,-0.14099582,-1.0220723,-1.7941738,-1.5
47,13,-0.059879396,-0.037031937,-1.1841687,-1.6695215,-1.5
48,13,-0.025952961,-0.25660026,-0.9553522,-2.035773,-1.5
49,13,-0.2352081,-0.02975162,-1.1824975,-1.6261419,-1.5
50,13,-0.030955993,-0.22373278,-1.0434595,-1.81354,-1.5
51,13,-0.22649972,-0.29224405,-1.0154146,-1.9717746,-1.5
52,13,-0.009351173,-0.25856614,-0.97652787,-1.8568809,-1.5
53,13,-0.2844412,-0.0073951134,-1.1719261,-1.7166501,-1.5
54,13,-0.09436208,-0.30098355,-1.0665287,-2.00097,-1.5
55,13,-0.090038285,-0.04976133,-1.0967096,-1.4077612,-1.5
56,13,-0.10191161,-0.17791227,-1.0382588,-1.5995188,-1.5
57,13,-0.20167547,0.06153008,-1.4374405,-1.616218,-1.0
58,13,-0.060353443,-0.34413937,-0.98591715,-2.2469223,-1.5
59,13,-0.055239208,-0.37059966,-1.033293,-2.1665428,-1.5
60,13,0.015290787,-0.1274805,-1.0209216,-1.5176635,-1.5
61,13,0.037704054,-0.045818273,-1.1109587,-1.4717007,-1.5
62,13,-0.23046134,-0.24292499,-1.0222334,-1.7383329,-1.5
63,13,-0.17999394,-0.31844547,-1.091128,-1.9573832,-1.5
64,13,-0.0853356,-0.07451777,-1.0746237,-2.038273,-1.5
65,13,-0.10743756,-0.13258162,-1.0130771,-1.7772496,-1.5
66,13,-0.014897102,-0.25710863,-0.997799,-1.8721367,-1.5
67,13,-0.22676715,-0.33614144,-1.1033771,-1.9009836,-1.5
68,13,-0.12883165,-0.22028181,-0.9949804,-1.9685329,-1.5
69,13,-0.15510404,-0.36505723,-1.0484799,-2.182682,-1.5
70,13,-0.17819132,-0.20967343,-1.061922,-1.6287423,-1.5
71,13,-0.077053376,-0.07699459,-1.127499,-1.4834843,-1.5
72,13,0.098111294,0.03232345,-1.1913286,-1.6084856,-1.5
73,13,0.01105521,-0.1107702,-0.9916934,-1.3960841,-1.5
74,13,-0.23956136,-0.02204058,-1.1967797,-1.7241771,-1.5
75,13,-0.027863413,0.03540523,-1.2474784,-1.705435,-1.5
76,13,-0.25769904,-0.19311914,-0.9378293,-2.015863,-1.5
77,13,0.07267733,-0.042713046,-1.1409513,-1.3340273,-1.5
78,13,-0.17098062,-0.11894096,-0.964035,-1.7900562,-1.5
79,13,-0.25831866,-0.24160844,-1.040176,-1.6863817,-1.5
80,13,0.024073288,-0.10906325,-1.0365497,-1.4026284,-1.5
81,13,-0.10209431,-0.123157404,-1.021476,-1.5063708,-1.5
82,13,0.074204795,-0.12403043,-1.0322161,-1.3036323,-1.5
83,13,-0.24820746,-0.14288767,-0.909685,-1.6903747,-1.5
84,13,-0.06195421,-0.20254032,-1.0776699,-1.6974919,-1.5
85,13,-0.21332216,-0.007469942,-1.1809425,-1.5603238,-1.5
86,13,-0.0064467057,-0.13276765,-0.9420537,-1.679206,-1.5
87,13,0.057996694,-0.07913458,-1.0459039,-1.3155385,-1.5
88,13,-0.062496778,-0.0034810142,-1.2597364,-1.7950972,-1.5
89,13,-0.23726636,-0.04948427,-1.0683618,-1.8427618,-1.5
90,13,-0.30101243,-0.035524867,-1.1108708,-1.475493,-1.5
91,13,-0.10109862,-0.09398382,-1.0535797,-1.5192972,-1.5
92,13,-0.15252452,-0.07805454,-1.0760734,-1.3971971,-1.5
93,13,-0.24545854,-0.20153365,-0.9506558,-1.897903,-1.5
94,13,-0.027136672,-0.3622676,-1.0545851,-2.0616927,-1.5
95,13,-0.04977065,-0.14235438,-1.028771,-1.4297122,-1.5
96,13,-0.2704491,-0.025348704,-1.18566,-1.4502193,-1.5
97,13,-0.2504267,-0.085240655,-0.98852,-1.5043976,-1.5
98,13,0.040126693,-0.3592947,-0.9530351,-2.1890252,-1.5
99,13,-0.14097206,-0.2792881,-1.0363569,-1.731669,-1.5
0,14,-0.26234195,-0.21845041,-1.029313,-1.7940992,-1.5
1,14,-0.230432,-0.20456375,-1.0368346,-1.986373,-1.5
2,14,0.05063055,-0.121559314,-1.0613964,-1.7275561,-1.5
3,14,0.05228455,-0.11474345,-1.1375556,-1.5151867,-1.5
4,14,-0.3056763,-0.08141542,-1.1521161,-1.8629993,-1.5
5,14,-0.053466268,-0.36966604,-1.1353304,-2.0806916,-1.5
6,14,-0.2395358,0.0324539,-1.3242192,-1.790153,-1.5
7,14,-0.16092,-0.19895542,-1.102391,-1.5060153,-1.5
8,14,-0.05930171,-0.011626157,-1.2895617,-1.4957309,-1.5
9,14,0.023162182,-0.045434006,-1.2075719,-1.5923336,-1.5
10,14,-0.101343185,-0.34066886,-1.02288,-2.302519,-1.5
11,14,-0.017351892,-0.086869895,-1.0919148,-1.6331414,-1.5
12,14,0.06529888,-0.22789922,-1.0929152,-1.7079858,-1.5
13,14,-0.1165267,-0.21672428,-1.0360893,-1.8362138,-1.5
14,14,0.099112526,-0.14595379,-1.079296,-1.5622123,-1.5
15,14,-0.22314359,-0.38269138,-1.0133426,-2.320288,-1.5
16,14,0.050727833,-0.094310164,-1.1001275,-2.0686207,-1.5
17,14,-0.27713612,-0.184847,-1.0856478,-1.6130784,-1.5
18,14,-0.25651923,-0.0092605855,-1.2065669,-1.643145,-1.5
19,14,-0.14233854,-0.01386836,-1.2001762,-1.6748608,-1.5
20,14,0.058961652,-0.31804103,-1.1280547,-1.9784517,-1.5
21,14,-0.11162458,-0.29703644,-0.995333,-2.171252,-1.5
22,14,-0.14364576,-0.30787882,-1.0102636,-2.0925741,-1.5
23,14,-0.10992462,-0.07324883,-1.1428189,-1.7121533,-1.5
24,14,0.09039653,-0.19639845,-1.1137854,-1.513011,-1.5
25,14,-0.115968935,-0.048060212,-1.126028,-1.5179638,-1.5
26,14,-0.24350826,-0.26010975,-0.9938184,-2.1943352,-1.5
27,14,-0.058079217,-0.17356864,-1.0227219,-1.6351795,-1.5
28,14,0.052900247,-0.26414707,-1.1333321,-1.7067354,-1.5
29,14,-0.006760001,0.040468656,-1.4061853,-1.6262691,-1.5
30,14,0.04607834,-0.041960716,-1.1334362,-1.753997,-1.5
31,14,-0.008143243,0.042615846,-1.401728,-1.7262716,-1.5
32,14,-0.17539182,-0.04347234,-1.2151017,-1.9674329,-1.5
33,14,0.064658016,-0.052165005,-1.1325722,-1.7064638,-1.5
34,14,-0.277718,-0.25091264,-1.1002101,-1.6561878,-1.5
35,14,0.02362225,-0.074359566,-1.1397307,-1.6647745,-1.5
36,14,-0.28624973,-0.017490683,-1.2597283,-1.6583974,-1.5
37,14,-0.11441086,-0.1171664,-1.0717118,-1.8425868,-1.5
38,14,0.03202127,-0.37288937,-1.0585519,-2.289874,-1.5
39,14,0.046090018,0.01964396,-1.2781627,-1.4929718,-1.5
40,14,-0.21028365,-0.029736148,-1.1533386,-1.2786616,-1.5
41,14,0.08270577,-0.08487637,-1.0991377,-1.7875019,-1.5
42,14,-0.20449217,-0.10652431,-1.1143974,-1.694692,-1.5
43,14,0.0035316728,-0.2513069,-0.98523,-2.1444633,-1.5
44,14,0.00761277,-0.04321164,-1.1986058,-1.3395455,-1.5
45,14,-0.27147377,-0.10663602,-1.1087621,-2.0031734,-1.5
46,14,0.023910865,-0.15947379,-1.0633042,-1.8788469,-1.5
47,14,-0.07186836,-0.053997774,-1.2095515,-1.7146745,-1.5
48,14,-0.035799164,-0.27768445,-1.0037304,-2.146796,-1.5
49,14,-0.24717885,-0.046273097,-1.2077173,-1.669942,-1.5
50,14,-0.041646227,-0.24250612,-1.0854445,-1.9106781,-1.5
51,14,-0.23692904,-0.31269687,-1.0602998,-2.0820851,-1.5
52,14,-0.019405404,-0.27785763,-1.0240254,-1.966809,-1.5
53,14,-0.2963033,-0.024792003,-1.1969792,-1.7568498,-1.5
54,14,-0.10528209,-0.32170662,-1.1077785,-2.107019,-1.5
55,14,-0.101195104,-0.064189084,-1.1293098,-1.465878,-1.5
56,14,-0.11254527,-0.19449098,-1.0798384,-1.6898113,-1.5
57,14,-0.21584316,0.04575485,-1.4020678,-1.5527891,-1.5
58,14,-0.070496,-0.3674046,-1.0322415,-2.3656723,-1.5
59,14,-0.06584171,-0.39306533,-1.0768802,-2.2844245,-1.5
60,14,0.004835926,-0.14317876,-1.0622045,-1.600447,-1.5
61,14,0.026412377,-0.060869284,-1.1422908,-1.5272918,-1.5
62,14,-0.24095367,-0.2609871,-1.0664445,-1.8413192,-1.5
63,14,-0.19115373,-0.33874032,-1.131072,-2.0636847,-1.5
64,14,-0.09628476,-0.09529907,-1.1093636,-2.1034858,-1.5
65,14,-0.117815726,-0.15088409,-1.0547314,-1.8613789,-1.5
66,14,-0.025154652,-0.27653724,-1.0436783,-1.9794693,-1.5
67,14,-0.23804861,-0.35588786,-1.1429486,-2.00891,-1.5
68,14,-0.13905312,-0.2406258,-1.0399727,-2.0697665,-1.5
69,14,-0.16585132,-0.38766903,-1.0908855,-2.2982206,-1.5
70,14,-0.18905902,-0.22657347,-1.1026556,-1.7220795,-1.5
71,14,-0.08851357,-0.092203,-1.1588985,-1.5437944,-1.5
72,14,0.086076654,0.016086698,-1.213195,-1.637716,-1.5
73,14,0.000884106,-0.12524758,-1.0346705,-1.4790579,-1.5
74,14,-0.25166613,-0.03952017,-1.220576,-1.7646458,-1.5
75,14,-0.04043483,0.018240552,-1.2650343,-1.7275693,-1.5
76,14,-0.26736653,-0.21393514,-0.9862454,-2.118662,-1.5
77,14,0.06109912,-0.056363076,-1.1699543,-1.3855324,-1.5
78,14,-0.18088534,-0.1373828,-1.008863,-1.8771156,-1.5
79,14,-0.26898384,-0.25913987,-1.0831995,-1.7874091,-1.5
80,14,0.013473228,-0.12357415,-1.0761094,-1.4801184,-1.5
81,14,-0.112553336,-0.13873594,-1.062574,-1.5882548,-1.5
82,14,0.06364078,-0.1375787,-1.072791,-1.3847957,-1.5
83,14,-0.2575992,-0.16040489,-0.9594957,-1.7883896,-1.5
84,14,-0.072969906,-0.22010624,-1.1168817,-1.7875812,-1.5
85,14,-0.22527075,-0.023297783,-1.2053331,-1.599475,-1.5
86,14,-0.016145922,-0.15013768,-0.98914886,-1.7716597,-1.5
87,14,0.047316045,-0.09272178,-1.0836215,-1.385843,-1.5
88,14,-0.0751982,-0.021598095,-1.2780277,-1.824288,-1.5
89,14,-0.24814978,-0.06827764,-1.102833,-1.9038229,-1.5
90,14,-0.3122998,-0.050596975,-1.1417634,-1.5288717,-1.5
91,14,-0.11185616,-0.10962534,-1.0911573,-1.5915945,-1.5
92,14,-0.16349322,-0.09243617,-1.11143,-1.4637301,-1.5
93,14,-0.25525302,-0.22117674,-0.99865115,-2.0011654,-1.5
94,14,-0.037947,-0.3836698,-1.0971543,-2.17712,-1.5
95,14,-0.06030593,-0.15719196,-1.0701331,-1.5146968,-1.5
96,14,-0.28244907,-0.04010211,-1.2105006,-1.4927315,-1.5
97,14,-0.26055875,-0.100762084,-1.0306286,-1.5823861,-1.5
98,14,0.030296477,-0.38201863,-1.0020567,-2.3134258,-1.5
99,14,-0.15160675,-0.29732117,-1.0803651,-1.8390154,-1.5
0,15,-0.2728959,-0.23703176,-1.0722517,-1.891966,-1.5
1,15,-0.24105111,-0.22503853,-1.0783432,-2.0802615,-1.5
2,15,0.039792027,-0.13931799,-1.0991606,-1.8041567,-1.5
3,15,0.040716507,-0.1303217,-1.1696819,-1.5821232,-1.5
4,15,-0.3173708,-0.10040596,-1.1814958,-1.9209394,-1.5
5,15,-0.06505186,-0.39121866,-1.1722251,-2.1888402,-1.5
6,15,-0.25284305,0.01448729,-1.336174,-1.8041154,-1.5
7,15,-0.17217495,-0.21459065,-1.1401052,-1.593314,-1.5
8,15,-0.072291546,-0.026743358,-1.3059846,-1.523197,-1.5
9,15,0.010946176,-0.061626576,-1.2315859,-1.6366146,-1.5
10,15,-0.11183809,-0.36446187,-1.0662882,-2.4166353,-1.5
11,15,-0.028473431,-0.10361238,-1.1262381,-1.6994288,-1.5
12,15,0.05413151,-0.24559498,-1.1316891,-1.8008326,-1.5
13,15,-0.12714437,-0.2357189,-1.0783739,-1.9328743,-1.5
14,15,0.08809381,-0.16208701,-1.1168407,-1.641905,-1.5
15,15,-0.23354878,-0.40670854,-1.0575243,-2.4404378,-1.5
16,15,0.039529543,-0.11540773,-1.1335859,-2.1347618,-1.5
17,15,-0.28822532,-0.20154081,-1.1239272,-1.6993203,-1.5
18,15,-0.26871362,-0.025902664,-1.2291044,-1.6797261,-1.5
19,15,-0.15447327,-0.030839331,-1.2233857,-1.7131816,-1.5
20,15,0.047448255,-0.33852318,-1.1652802,-2.0807269,-1.5
21,15,-0.12185566,-0.3194925,-1.0409,-2.2831967,-1.5
22,15,-0.15402398,-0.32955518,-1.0552427,-2.204976,-1.5
23,15,-0.121528834,-0.09072584,-1.1727318,-1.7696772,-1.5
24,15,0.079033166,-0.21209264,-1.150567,-1.5985513,-1.5
25,15,-0.12740546,-0.06356737,-1.156304,-1.5722713,-1.5
26,15,-0.25371933,-0.28275356,-1.0388786,-2.3008895,-1.5
27,15,-0.068562396,-0.19050683,-1.0652409,-1.7263086,-1.5
28,15,0.041337814,-0.2818534,-1.1700934,-1.8013669,-1.5
29,15,-0.020848772,0.024208985,-1.4115722,-1.628844,-1.5
30,15,0.034573812,-0.059812225,-1.1627854,-1.8060224,-1.5
31,15,-0.022189006,0.025356099,-1.407407,-1.7289953,-1.5
32,15,-0.18767768,-0.0634056,-1.2382642,-2.010196,-1.5
33,15,0.053158373,-0.06955836,-1.1624223,-1.7607694,-1.5
34,15,-0.2889613,-0.2681182,-1.1391922,-1.7523856,-1.5
35,15,0.012046949,-0.09136702,-1.1699597,-1.7229373,-1.5
36,15,-0.2989557,-0.03426371,-1.2786229,-1.6906022,-1.5
37,15,-0.12534563,-0.1360601,-1.1083841,-1.9169109,-1.5
38,15,0.021181125,-0.396569,-1.0997213,-2.4045732,-1.5
39,15,0.03322005,0.0045989384,-1.2940397,-1.5148598,-1.5
40,15,-0.22197604,-0.04280294,-1.1808423,-1.3259001,-1.5
41,15,0.07151689,-0.10315287,-1.1326865,-1.8523426,-1.5
42,15,-0.21583429,-0.12389745,-1.1477175,-1.7623101,-1.5
43,15,-0.0065971725,-0.27344874,-1.0309573,-2.2508748,-1.5
44,15,-0.0045175343,-0.056879714,-1.2233049,-1.3844904,-1.5
45,15,-0.2827587,-0.127093,-1.1420766,-2.0708687,-1.5
46,15,0.013046245,-0.1787969,-1.1018938,-1.9620978,-1.5
47,15,-0.0841055,-0.071425535,-1.2337004,-1.76047,-1.5
48,15,-0.046109118,-0.29986978,-1.0485342,-2.2551925,-1.5
49,15,-0.2593962,-0.06324259,-1.2317159,-1.7143422,-1.5
50,15,-0.05274045,-0.2622462,-1.1245306,-2.005973,-1.5
51,15,-0.24778827,-0.33424458,-1.1018232,-2.1900082,-1.5
52,15,-0.02991534,-0.29823875,-1.0680716,-2.0740728,-1.5
53,15,-0.30841073,-0.042602565,-1.2208643,-1.7978774,-1.5
54,15,-0.11659712,-0.34348452,-1.1459365,-2.2111385,-1.5
55,15,-0.11266857,-0.07919974,-1.1600521,-1.5232841,-1.5
56,15,-0.12357996,-0.21196765,-1.1186736,-1.778233,-1.5
57,15,-0.22989045,0.030236492,-1.4074954,-1.5546068,-1.5
58,15,-0.08107994,-0.39184716,-1.0747957,-2.4817286,-1.5
59,15,-0.07685925,-0.41670033,-1.1168941,-2.3998203,-1.5
60,15,-0.006017838,-0.15970048,-1.1008587,-1.6814502,-1.5
61,15,0.014816027,-0.076479755,-1.1718824,-1.5824484,-1.5
62,15,-0.2518709,-0.2800714,-1.1075411,-1.9420191,-1.5
63,15,-0.20269585,-0.36009255,-1.1680013,-2.1681173,-1.5
64,15,-0.10757137,-0.11674018,-1.142115,-2.168694,-1.5
65,15,-0.1285964,-0.17002605,-1.0937285,-1.9440448,-1.5
66,15,-0.03585251,-0.29703087,-1.08624,-2.0843675,-1.5
67,15,-0.2497086,-0.3767072,-1.1795094,-2.1148996,-1.5
68,15,-0.1497071,-0.26197663,-1.0817959,-2.1689408,-1.5
69,15,-0.17700249,-0.41142797,-1.129827,-2.4114647,-1.5
70,15,-0.20031916,-0.24440187,-1.1406461,-1.8135748,-1.5
71,15,-0.100278795,-0.10801764,-1.1885152,-1.603608,-1.5
72,15,0.07382719,-0.00045496415,-1.2341398,-1.6680001,-1.5
73,15,-0.009702163,-0.14054805,-1.0748992,-1.5599029,-1.5
74,15,-0.26400405,-0.057416856,-1.2432863,-1.8060722,-1.5
75,15,-0.05317996,0.0008377983,-1.2820127,-1.7514266,-1.5
76,15,-0.27749962,-0.23577246,-1.0312748,-2.2191405,-1.5
77,15,0.04923878,-0.07053132,-1.1973622,-1.4366238,-1.5
78,15,-0.19122307,-0.15669174,-1.0508108,-1.9623923,-1.5
79,15,-0.28006268,-0.2776744,-1.1232172,-1.8862517,-1.5
80,15,0.002490617,-0.13885577,-1.1131911,-1.5559072,-1.5
81,15,-0.123409554,-0.15512908,-1.1010644,-1.6683775,-1.5
82,15,0.052684825,-0.15193212,-1.1107699,-1.4639295,-1.5
83,15,-0.2674711,-0.17889339,-1.0059767,-1.883766,-1.5
84,15,-0.08436363,-0.23857002,-1.1534836,-1.8761319,-1.5
85,15,-0.23745804,-0.039527066,-1.2285719,-1.6392434,-1.5
86,15,-0.02629953,-0.16842549,-1.0331533,-1.8618382,-1.5
87,15,0.03627028,-0.107008524,-1.1190292,-1.4545934,-1.5
88,15,-0.08808037,-0.040024288,-1.2956798,-1.8552343,-1.5
89,15,-0.25936833,-0.08768787,-1.1353774,-1.964708,-1.5
90,15,-0.32388774,-0.06620693,-1.1709619,-1.5818981,-1.5
91,15,-0.12297766,-0.12598884,-1.1264535,-1.662669,-1.5
92,15,-0.1748046,-0.10748239,-1.1446785,-1.5291392,-1.5
93,15,-0.2655091,-0.24184482,-1.0432962,-2.1020014,-1.5
94,15,-0.04916328,-0.40621752,-1.1363173,-2.2901938,-1.5
95,15,-0.0712406,-0.17287357,-1.1088258,-1.5977088,-1.5
96,15,-0.29469165,-0.055288482,-1.2341113,-1.5355693,-1.5
97,15,-0.27109808,-0.1170593,-1.070115,-1.6586087,-1.5
98,15,0.019999422,-0.40597335,-1.0470608,-2.4346719,-1.5
99,15,-0.16266371,-0.31641892,-1.1211897,-1.9439503,-1.5
0,16,-0.283863,-0.25658634,-1.1122292,-1.9878687,-1.5
1,16,-0.25206983,-0.24644998,-1.117009,-2.172637,-1.5
2,16,0.028587973,-0.1578434,-1.1345994,-1.8797468,-1.5
3,16,0.028836835,-0.14657158,-1.1999202,-1.648429,-1.5
4,16,-0.32935143,-0.119985126,-1.2092925,-1.9792435,-1.5
5,16,-0.076989256,-0.41384822,-1.2061654,-2.2953615,-1.5
6,16,-0.26627052,-0.0036403823,-1.3479826,-1.820582,-1.5
7,16,-0.18379372,-0.23109509,-1.1753434,-1.6790252,-1.5
8,16,-0.08544368,-0.0421494,-1.3218374,-1.5520703,-1.5
9,16,-0.0015047342,-0.07827209,-1.2544472,-1.6815432,-1.5
10,16,-0.12274656,-0.38938847,-1.1061577,-2.5284917,-1.5
11,16,-0.039928053,-0.121020615,-1.158561,-1.7650963,-1.5
12,16,0.042590752,-0.26421577,-1.1678315,-1.8921119,-1.5
13,16,-0.13816898,-0.25567567,-1.1177487,-2.0277073,-1.5
14,16,0.0767121,-0.17901546,-1.1520222,-1.7202832,-1.5
16,16,0.02800636,-0.13717502,-1.1651149,-2.2010171,-1.5
17,16,-0.299684,-0.21909437,-1.1597124,-1.784097,-1.5
18,16,-0.2811291,-0.042922847,-1.2506475,-1.7172891,-1.5
19,16,-0.16683555,-0.048205744,-1.2455527,-1.7524563,-1.5
20,16,0.03557843,-0.36002475,-1.1997129,-2.1815066,-1.5
21,16,-0.13252242,-0.34306017,-1.0829515,-2.392766,-1.5
22,16,-0.16483223,-0.3523473,-1.0967582,-2.3149803,-1.5
23,16,-0.13342422,-0.1087853,-1.2010193,-1.8272843,-1.5
24,16,0.06731483,-0.22863923,-1.1849524,-1.6826376,-1.5
25,16,-0.13913663,-0.07962246,-1.1849279,-1.6263485,-1.5
26,16,-0.2643621,-0.30645713,-1.0805734,-2.405351,-1.5
27,16,-0.07945564,-0.20835118,-1.104948,-1.8155134,-1.5
28,16,0.029421797,-0.300503,-1.2043061,-1.8945463,-1.5
29,16,-0.03499454,0.007900276,-1.4172637,-1.634354,-1.5
30,16,0.022783106,-0.078192756,-1.1906041,-1.858357,-1.5
31,16,-0.03629474,0.008044596,-1.4133923,-1.7348087,-1.5
32,16,-0.20019072,-0.083782084,-1.2603931,-2.054349,-1.5
33,16,0.041367926,-0.08750238,-1.1906823,-1.8152157,-1.5
34,16,-0.3005796,-0.28628096,-1.1754812,-1.8468436,-1.5
35,16,0.00017751205,-0.10896247,-1.1985308,-1.7810631,-1.5
36,16,-0.31184798,-0.051373597,-1.2967956,-1.724225,-1.5
37,16,-0.13663562,-0.15569998,-1.1428288,-1.9905437,-1.5
39,16,0.020192906,-0.010679633,-1.309403,-1.5382413,-1.5
40,16,-0.23393619,-0.05634563,-1.2068605,-1.3728143,-1.5
41,16,0.06000218,-0.12208312,-1.1643146,-1.9169112,-1.5
42,16,-0.22749972,-0.14195062,-1.1790891,-1.8294663,-1.5
43,16,-0.017164422,-0.2966485,-1.0733099,-2.3551183,-1.5
44,16,-0.016888816,-0.071003355,-1.2467381,-1.4295343,-1.5
45,16,-0.29436696,-0.1482343,-1.17345,-2.1385558,-1.5
46,16,0.0018088393,-0.19895312,-1.1380074,-2.0442913,-1.5
47,16,-0.096578926,-0.08932279,-1.2566985,-1.8070941,-1.5
48,16,-0.056848053,-0.32313243,-1.0899589,-2.3614037,-1.5
49,16,-0.2718484,-0.080667265,-1.2545763,-1.7595284,-1.5
50,16,-0.064210564,-0.28293675,-1.1608909,-2.099815,-1.5
51,16,-0.2590446,-0.35686564,-1.1401662,-2.2959635,-1.5
52,16,-0.0408475,-0.31968537,-1.1088682,-2.1791232,-1.5
53,16,-0.32075223,-0.06083614,-1.2436594,-1.8399038,-1.5
54,16,-0.12827702,-0.3663001,-1.1811626,-2.3137088,-1.5
55,16,-0.124440886,-0.094788015,-1.1890751,-1.5802718,-1.5
56,16,-0.13498923,-0.23032595,-1.1549472,-1.8651848,-1.5
57,16,-0.243995,0.014677771,-1.4132041,-1.5592121,-1.5
58,16,-0.092068344,-0.4174424,-1.1137574,-2.5955162,-1.5
60,16,-0.017245248,-0.17703031,-1.1370695,-1.7610687,-1.5
61,16,0.002931692,-0.09264703,-1.1998603,-1.6374414,-1.5
62,16,-0.26318288,-0.30015764,-1.1457134,-2.0408578,-1.5
63,16,-0.21459088,-0.38248566,-1.2020711,-2.2710538,-1.5
64,16,-0.11917609,-0.13884255,-1.1729889,-2.2341454,-1.5
65,16,-0.13975386,-0.18999507,-1.1302377,-2.0256166,-1.5
66,16,-0.046958465,-0.31856763,-1.125676,-2.1872628,-1.5
67,16,-0.2617178,-0.39858234,-1.2132156,-2.2193296,-1.5
68,16,-0.16076277,-0.28431594,-1.1206295,-2.2664604,-1.5
70,16,-0.21194525,-0.26314262,-1.1760702,-1.9036231,-1.5
71,16,-0.11233197,-0.12443526,-1.2164775,-1.6632044,-1.5
72,16,0.06137174,-0.017312959,-1.2542285,-1.6994773,-1.5
73,16,-0.020677261,-0.1566529,-1.1125822,-1.6390426,-1.5
74,16,-0.27656472,-0.0757412,-1.2649808,-1.848617,-1.5
75,16,-0.066093266,-0.016820839,-1.2984523,-1.7770959,-1.5
76,16,-0.2880654,-0.25861037,-1.0731105,-2.317724,-1.5
77,16,0.037111547,-0.085215285,-1.223297,-1.4875602,-1.5
78,16,-0.20196597,-0.17685236,-1.090064,-2.0462825,-1.5
79,16,-0.2915261,-0.29719272,-1.160416,-1.983328,-1.5
80,16,-0.008850793,-0.15489346,-1.1479772,-1.6303807,-1.5
81,16,-0.1346379,-0.17232156,-1.1371319,-1.7471325,-1.5
82,16,0.04136178,-0.16707297,-1.1463479,-1.5414448,-1.5
83,16,-0.277791,-0.1983296,-1.0493494,-1.9769723,-1.5
84,16,-0.09611015,-0.25791848,-1.1876394,-1.9635139,-1.5
85,16,-0.249873,-0.056165084,-1.250741,-1.6798068,-1.5
86,16,-0.03687775,-0.187611,-1.0742737,-1.95018,-1.5
87,16,0.024881486,-0.121981554,-1.1523025,-1.5221565,-1.5
88,16,-0.1011371,-0.05877776,-1.3127309,-1.8880316,-1.5
89,16,-0.27090344,-0.1077148,-1.1661159,-2.02568,-1.5
90,16,-0.33576,-0.082352854,-1.1985899,-1.6348348,-1.5
91,16,-0.1344412,-0.14306423,-1.1596304,-1.7328669,-1.5
92,16,-0.18643852,-0.123184,-1.1759756,-1.593756,-1.5
93,16,-0.27619427,-0.26351616,-1.0847907,-2.2008498,-1.5
95,16,-0.08254903,-0.18938197,-1.1450412,-1.6791579,-1.5
96,16,-0.30716518,-0.070912324,-1.256583,-1.5789301,-1.5
97,16,-0.28201956,-0.13411708,-1.1071675,-1.7334596,-1.5
99,16,-0.1741121,-0.33655986,-1.1590208,-2.0469031,-1.5
0,17,-0.29521462,-0.27709696,-1.1494253,-2.0822093,-1.5
1,17,-0.26346052,-0.26878506,-1.1529901,-2.2638605,-1.5
2,17,0.017040828,-0.17712742,-1.1678631,-1.9546585,-1.5
3,17,0.016663687,-0.16348863,-1.228402,-1.7143983,-1.5
4,17,-0.34160283,-0.14015791,-1.2356002,-2.0381286,-1.5
6,17,-0.27981675,-0.021954384,-1.3596523,-1.8395834,-1.5
7,17,-0.19575249,-0.24845509,-1.2082735,-1.7635219,-1.5
8,17,-0.09875267,-0.057858992,-1.3371612,-1.5824511,-1.5
9,17,-0.014179461,-0.09537814,-1.2762344,-1.7273008,-1.5
10,17,-0.13403389,-0.4154282,-1.1426467,-2.6384788,-1.5
11,17,-0.051696487,-0.13909021,-1.1890197,-1.8304408,-1.5
12,17,0.03070205,-0.28374818,-1.201504,-1.9821916,-1.5
13,17,-0.1495723,-0.27657858,-1.154386,-2.1211033,-1.5
14,17,0.064990155,-0.19672817,-1.1850027,-1.797702,-1.5
16,17,0.016177077,-0.15961461,-1.1948166,-2.2676244,-1.5
17,17,-0.31148806,-0.23749518,-1.193167,-1.8677734,-1.5
18,17,-0.29375622,-0.0603319,-1.2712644,-1.7559861,-1.5
19,17,-0.17941535,-0.065978125,-1.2667465,-1.7928419,-1.5
20,17,0.023379462,-0.38253272,-1.2314911,-2.2811337,-1.5
21,17,-0.14359048,-0.3677179,-1.1216623,-2.5003695,-1.5
22,17,-0.17603676,-0.37623355,-1.1349863,-2.4229999,-1.5
23,17,-0.1455951,-0.12742949,-1.2277876,-1.8852121,-1.5
24,17,0.055264607,-0.2460259,-1.2171031,-1.7656319,-1.5
25,17,-0.15114655,-0.096224785,-1.2120185,-1.68045,-1.5
26,17,-0.27540368,-0.33120176,-1.1190703,-2.5081103,-1.5
27,17,-0.090731815,-0.22708485,-1.1420294,-1.9031999,-1.5
28,17,0.01717692,-0.32008335,-1.2361205,-1.9866265,-1.5
29,17,-0.049200222,-0.008486702,-1.4232374,-1.642772,-1.5
30,17,0.010720995,-0.097106725,-1.2169914,-1.9112195,-1.5
31,17,-0.05046338,-0.009349433,-1.4196612,-1.7436844,-1.5
32,17,-0.21292092,-0.10461649,-1.2815429,-2.1000283,-1.5
33,17,0.029301997,-0.1059999,-1.2174569,-1.870035,-1.5
34,17,-0.31254685,-0.3053859,-1.2092434,-1.9399418,-1.5
35,17,-0.011970089,-0.12714705,-1.2255546,-1.8393984,-1.5
36,17,-0.32491946,-0.068835236,-1.3142936,-1.7593815,-1.5
37,17,-0.14825925,-0.17608093,-1.1751823,-2.06379,-1.5
39,17,0.0070134997,-0.026207268,-1.3242899,-1.5632044,-1.5
40,17,-0.2461499,-0.0703625,-1.2315086,-1.4196478,-1.5
41,17,0.04818018,-0.14166604,-1.1941433,-1.9814777,-1.5
42,17,-0.23946963,-0.16068093,-1.2086396,-1.8964448,-1.5
43,17,-0.02813715,-0.3208868,-1.1124611,-2.457594,-1.5
44,17,-0.029488975,-0.08558487,-1.2690018,-1.4748884,-1.5
45,17,-0.30627966,-0.17006126,-1.202989,-2.2064822,-1.5
46,17,-0.009777349,-0.21993385,-1.1717917,-2.1257596,-1.5
47,17,-0.10927755,-0.107698895,-1.2786185,-1.8547186,-1.5
48,17,-0.06798295,-0.34745285,-1.1281742,-2.4658282,-1.5
49,17,-0.2845245,-0.09855606,-1.2763736,-1.8056742,-1.5
50,17,-0.076030046,-0.30456537,-1.1946757,-2.1925585,-1.5
51,17,-0.27066696,-0.38054252,-1.1754861,-2.4003289,-1.5
52,17,-0.052170247,-0.34217772,-1.1465918,-2.2823682,-1.5
53,17,-0.33331734,-0.07950371,-1.2654335,-1.8830884,-1.5
54,17,-0.14029306,-0.39013982,-1.2135937,-2.4150722,-1.5
55,17,-0.13649556,-0.1109514,-1.216504,-1.6371115,-1.5
56,17,-0.14674833,-0.24955338,-1.1888212,-1.9510318,-1.5
57,17,-0.2581595,-0.0009490824,-1.419175,-1.5665808,-1.5
60,17,-0.028822776,-0.19515657,-1.171002,-1.8396642,-1.5
61,17,-0.009225144,-0.10937104,-1.2263398,-1.6925218,-1.5
62,17,-0.27486122,-0.3212293,-1.1811285,-2.138221,-1.5
63,17,-0.22681081,-0.40590656,-1.233414,-2.3728313,-1.5
64,17,-0.13108063,-0.16160989,-1.2020814,-2.3000684,-1.5
65,17,-0.15126409,-0.2107822,-1.1644087,-2.1064298,-1.5
66,17,-0.058442075,-0.3411298,-1.1621536,-2.2885463,-1.5
68,17,-0.17219098,-0.30762932,-1.1566288,-2.3626904,-1.5
70,17,-0.22391242,-0.28278327,-1.2090839,-1.9925829,-1.5
71,17,-0.12465717,-0.14145528,-1.2429005,-1.7228413,-1.5
72,17,0.048718512,-0.03450005,-1.2735204,-1.7322782,-1.5
73,17,-0.032016754,-0.17354749,-1.147901,-1.7168651,-1.5
74,17,-0.2893383,-0.09450534,-1.2857225,-1.8924295,-1.5
75,17,-0.07916955,-0.034754038,-1.3143878,-1.8046618,-1.5
76,17,-0.29903275,-0.2824321,-1.1119206,-2.414798,-1.5
77,17,0.024731528,-0.10041492,-1.2478689,-1.5385813,-1.5
78,17,-0.21308804,-0.19785288,-1.1267861,-2.1291473,-1.5
79,17,-0.30334678,-0.31767935,-1.1949599,-2.0790176,-1.5
80,17,-0.020528963,-0.1716763,-1.1806309,-1.7038921,-1.5
81,17,-0.14621508,-0.19030195,-1.1709415,-1.8248802,-1.5
82,17,0.029694661,-0.18298736,-1.1797007,-1.6177187,-1.5
83,17,-0.2885289,-0.21869434,-1.0898105,-2.0684347,-1.5
84,17,-0.108185746,-0.2781419,-1.219493,-2.0500624,-1.5
85,17,-0.26250532,-0.073220834,-1.2719142,-1.7213324,-1.5
86,17,-0.047852736,-0.2076782,-1.1126935,-2.037084,-1.5
87,17,0.013170102,-0.13763106,-1.1836002,-1.5888698,-1.5
88,17,-0.114362545,-0.07787759,-1.3292137,-1.9227704,-1.5
89,17,-0.28273755,-0.12836076,-1.1951561,-2.0869813,-1.5
90,17,-0.34790152,-0.09903535,-1.22476,-1.6879252,-1.5
91,17,-0.14622638,-0.16084468,-1.1908336,-1.8025067,-1.5
92,17,-0.19837624,-0.13953495,-1.2054623,-1.6578864,-1.5
93,17,-0.28727794,-0.28617322,-1.1233094,-2.2981074,-1.5
95,17,-0.0942074,-0.20670381,-1.1789513,-1.7594188,-1.5
96,17,-0.31985867,-0.08698001,-1.2779975,-1.6229985,-1.5
97,17,-0.29329976,-0.15192392,-1.1419556,-1.8073002,-1.5
99,17,-0.1859228,-0.3577263,-1.1940246,-2.148263,-1.5
0,18,-0.30692375,-0.29855007,-1.1839963,-2.1753519,-1.5
1,18,-0.27519703,-0.2920341,-1.1864231,-2.3542585,-1.5
2,18,0.005171645,-0.19716509,-1.1990851,-2.0291936,-1.5
3,18,0.0042139837,-0.18107107,-1.2552458,-1.7803001,-1.5
4,18,-0.3541105,-0.16093127,-1.2605002,-2.0977943,-1.5
6,18,-0.29348037,-0.04048028,-1.3711874,-1.861149,-1.5
7,18,-0.20802893,-0.26666057,-1.2390437,-1.8471452,-1.5
8,18,-0.1122134,-0.07388783,-1.3519919,-1.6144351,-1.5
9,18,-0.027067646,-0.112954065,-1.2970177,-1.7740544,-1.5
11,18,-0.06376076,-0.1578196,-1.2177354,-1.8957341,-1.5
12,18,0.01848941,-0.30418214,-1.2328472,-2.0714064,-1.5
13,18,-0.16132775,-0.29841527,-1.1884369,-2.2134142,-1.5
14,18,0.05294919,-0.21521752,-1.2159252,-1.874485,-1.5
16,18,0.0040595494,-0.18273118,-1.2227799,-2.3347993,-1.5
17,18,-0.323615,-0.2567343,-1.2244354,-1.9506829,-1.5
18,18,-0.30658588,-0.07814208,-1.2910155,-1.7959592,-1.5
19,18,-0.1922033,-0.084168494,-1.2870297,-1.8344855,-1.5
20,18,0.010877405,-0.4060372,-1.2607328,-2.379917,-1.5
21,18,-0.15502709,-0.39344805,-1.1571819,-2.6063766,-1.5
22,18,-0.1876053,-0.40119606,-1.1700783,-2.5294077,-1.5
23,18,-0.15802678,-0.14666294,-1.2531302,-1.9436789,-1.5
24,18,0.04290409,-0.2642437,-1.2471621,-1.8478644,-1.5
25,18,-0.16342051,-0.113376044,-1.2376821,-1.7348126,-1.5
26,18,-0.28681272,-0.35697234,-1.1545131,-2.6095207,-1.5
27,18,-0.10236555,-0.24669483,-1.1766497,-1.9897372,-1.5
28,18,0.004626532,-0.34058535,-1.2656671,-2.077928,-1.5
29,18,-0.06346852,-0.02498092,-1.4294717,-1.6540745,-1.5
30,18,-0.0015986833,-0.11656065,-1.2420355,-1.9648125,-1.5
31,18,-0.06469764,-0.0268565,-1.4261909,-1.7555984,-1.5
32,18,-0.22585864,-0.12592484,-1.3017591,-2.1473587,-1.5
33,18,0.016974946,-0.12505595,-1.2428402,-1.9254415,-1.5
34,18,-0.32483855,-0.3254213,-1.2406242,-2.032025,-1.5
35,18,-0.024380911,-0.14592423,-1.2511294,-1.8981698,-1.5
36,18,-0.33816373,-0.08666467,-1.331158,-1.7961795,-1.5
37,18,-0.16019624,-0.19720072,-1.2055644,-2.1369267,-1.5
39,18,-0.0063136076,-0.042000335,-1.338735,-1.5898342,-1.5
40,18,-0.25860408,-0.08485417,-1.2548916,-1.4666272,-1.5
41,18,0.036068335,-0.16190311,-1.2222797,-2.0462894,-1.5
42,18,-0.25172645,-0.1800882,-1.2364814,-1.9635057,-1.5
43,18,-0.03948401,-0.3461479,-1.1485606,-2.5586636,-1.5
44,18,-0.04230681,-0.10062861,-1.2901833,-1.5207494,-1.5
45,18,-0.3184789,-0.19257762,-1.2307857,-2.274873,-1.5
46,18,-0.021689657,-0.24173354,-1.2033743,-2.206803,-1.5
47,18,-0.12219091,-0.12656483,-1.2995244,-1.903503,-1.5
48,18,-0.07948236,-0.37281513,-1.1633269,-2.568825,-1.5
49,18,-0.2974142,-0.116919555,-1.2971737,-1.8529402,-1.5
50,18,-0.08817374,-0.3271229,-1.226015,-2.2845216,-1.5
51,18,-0.28262573,-0.4052611,-1.2079171,-2.5034463,-1.5
52,18,-0.063853554,-0.3656999,-1.1813953,-2.384176,-1.5
53,18,-0.3460961,-0.09861776,-1.286248,-1.9275786,-1.5
54,18,-0.15261777,-0.4149932,-1.2433461,-2.515538,-1.5
55,18,-0.1488173,-0.12768997,-1.2424515,-1.6940535,-1.5
56,18,-0.15883398,-0.2696408,-1.220438,-2.0361052,-1.5
57,18,-0.2723864,-0.016671607,-1.4253885,-1.5766921,-1.5
60,18,-0.040728427,-0.21407102,-1.2028029,-1.9175664,-1.5
61,18,-0.021640066,-0.12665406,-1.2514234,-1.7479209,-1.5
62,18,-0.28687897,-0.34327382,-1.2139314,-2.2344582,-1.5
64,18,-0.14326753,-0.18504809,-1.2294757,-2.366668,-1.5
65,18,-0.16310431,-0.23238166,-1.1963722,-2.1867893,-1.5
66,18,-0.07027442,-0.36470318,-1.1958172,-2.3885705,-1.5
68,18,-0.18396397,-0.33190563,-1.1899282,-2.4579592,-1.5
70,18,-0.2361973,-0.30331486,-1.2398233,-2.08078,-1.5
71,18,-0.13723959,-0.15907957,-1.267887,-1.7827559,-1.5
72,18,0.03587518,-0.052030273,-1.292069,-1.7665263,-1.5
73,18,-0.043697886,-0.19122082,-1.1810179,-1.7937256,-1.5
74,18,-0.30231556,-0.11372278,-1.3055658,-1.9376485,-1.5
75,18,-0.09240395,-0.052981276,-1.3298497,-1.8342044,-1.5
76,18,-0.31037214,-0.30722454,-1.1478512,-2.5107095,-1.5
77,18,0.012111781,-0.116132446,-1.2711775,-1.5899101,-1.5
78,18,-0.22456463,-0.21968499,-1.1611212,-2.2113144,-1.5
79,18,-0.31549886,-0.33912235,-1.2269918,-2.1736634,-1.5
80,18,-0.03252337,-0.18919656,-1.2112983,-1.7767657,-1.5
81,18,-0.15811928,-0.20906214,-1.2026393,-1.9019494,-1.5
82,18,0.017704858,-0.19966501,-1.2109848,-1.693097,-1.5
83,18,-0.29965657,-0.23997246,-1.1275338,-2.1585383,-1.5
84,18,-0.12056799,-0.2992337,-1.249169,-2.1360807,-1.5
85,18,-0.27534547,-0.09070491,-1.2921578,-1.7639749,-1.5
86,18,-0.05919831,-0.22861488,-1.148575,-2.1229136,-1.5
87,18,0.0011550821,-0.15395051,-1.2130644,-1.6550447,-1.5
88,18,-0.12775116,-0.0973437,-1.3451555,-1.959534,-1.5
89,18,-0.29485416,-0.14963035,-1.2225931,-2.1488326,-1.5
90,18,-0.36029828,-0.11625735,-1.2495725,-1.7413943,-1.5
91,18,-0.15831417,-0.17932642,-1.2201923,-1.8718796,-1.5
92,18,-0.21060035,-0.15653215,-1.2332653,-1.7218117,-1.5
93,18,-0.298731,-0.3098021,-1.1590042,-2.3941324,-1.5
95,18,-0.106193475,-0.2248293,-1.2107083,-1.8388345,-1.5
96,18,-0.33276203,-0.103499696,-1.2984284,-1.6679457,-1.5
97,18,-0.30491695,-0.17047173,-1.1746305,-1.8804615,-1.5
99,18,-0.1980682,-0.37990442,-1.2263451,-2.2483819,-1.5
0,19,-0.31896472,-0.32093555,-1.2160778,-2.2676246,-1.5
1,19,-0.28725433,-0.3161905,-1.2174244,-2.4441245,-1.5
2,19,-0.00699975,-0.21795425,-1.228382,-2.1036274,-1.5
3,19,-0.008496447,-0.1993198,-1.2805551,-1.8463813,-1.5
4,19,-0.36686075,-0.18231407,-1.284063,-2.158421,-1.5
6,19,-0.30726007,-0.059243903,-1.3825903,-1.8853071,-1.5
7,19,-0.22060211,-0.28570464,-1.267783,-1.9302039,-1.5
8,19,-0.12582111,-0.090252526,-1.3663609,-1.6481125,-1.5
9,19,-0.040159583,-0.1310108,-1.3168595,-1.8219601,-1.5
11,19,-0.07610399,-0.17720976,-1.2448146,-1.9612259,-1.5
12,19,0.0059755445,-0.32551065,-1.261983,-2.1600578,-1.5
13,19,-0.17341006,-0.3211767,-1.2200314,-2.3049593,-1.5
14,19,0.040609132,-0.2344789,-1.2449161,-1.9509279,-1.5
16,19,-0.008329158,-0.20653152,-1.2490797,-2.4027364,-1.5
17,19,-0.33604354,-0.2768058,-1.2536434,-2.0331268,-1.5
18,19,-0.31960985,-0.096366934,-1.3099538,-1.8373417,-1.5
19,19,-0.20519058,-0.10279027,-1.3064572,-1.8775234,-1.5
23,19,-0.17070545,-0.16649222,-1.2771289,-2.002885,-1.5
24,19,0.030253556,-0.28328678,-1.2752539,-1.9296355,-1.5
25,19,-0.17594476,-0.13108018,-1.2620145,-1.7896545,-1.5
26,19,-0.29855922,-0.383757,-1.1870235,-2.709899,-1.5
27,19,-0.11433299,-0.26717165,-1.208953,-2.07546,-1.5
28,19,-0.008207203,-0.36200285,-1.2930579,-2.1687388,-1.5
29,19,-0.07780192,-0.041611135,-1.4359446,-1.6682417,-1.5
30,19,-0.014162898,-0.13656299,-1.2658138,-2.0193222,-1.5
31,19,-0.07899999,-0.04450689,-1.4329585,-1.7705283,-1.5
32,19,-0.23899476,-0.14772429,-1.32108,-2.196452,-1.5
33,19,0.0044002514,-0.1446776,-1.2669139,-1.9816316,-1.5
34,19,-0.33743146,-0.34637886,-1.269748,-2.1234043,-1.5
35,19,-0.03704091,-0.16529962,-1.2753417,-1.9575855,-1.5
36,19,-0.35157463,-0.10487893,-1.3474249,-1.8347199,-1.5
37,19,-0.17242737,-0.21905969,-1.234079,-2.2102056,-1.5
39,19,-0.019784166,-0.05807603,-1.3527682,-1.618212,-1.5
40,19,-0.2712866,-0.09982342,-1.2771044,-1.5139636,-1.5
41,19,0.0236831,-0.18279813,-1.2488174,-2.1115727,-1.5
42,19,-0.26425356,-0.20017463,-1.262713,-2.0308864,-1.5
43,19,-0.051174987,-0.37241948,-1.181736,-2.6586518,-1.5
44,19,-0.05533194,-0.11614079,-1.3103616,-1.5673004,-1.5
45,19,-0.3309476,-0.21578912,-1.2569187,-2.3439307,-1.5
46,19,-0.033906583,-0.2643495,-1.2328653,-2.2876937,-1.5
47,19,-0.13530913,-0.14593308,-1.3194724,-1.9535941,-1.5
48,19,-0.091316156,-0.39920667,-1.1955404,-2.670718,-1.5
49,19,-0.3105079,-0.13576986,-1.3170344,-1.9014748,-1.5
50,19,-0.10061767,-0.350603,-1.2550192,-2.3759913,-1.5
52,19,-0.075868785,-0.39023918,-1.2134093,-2.484878,-1.5
53,19,-0.35907918,-0.1181922,-1.3061557,-1.9735116,-1.5
55,19,-0.16139187,-0.14500616,-1.2670181,-1.7513279,-1.5
56,19,-0.17122424,-0.29058227,-1.249921,-2.1207044,-1.5
57,19,-0.2866781,-0.03251716,-1.4318252,-1.589529,-1.5
60,19,-0.052941546,-0.2337685,-1.2326009,-1.9950758,-1.5
61,19,-0.034299612,-0.1445006,-1.2752029,-1.8038526,-1.5
62,19,-0.2992106,-0.36628154,-1.2442462,-2.3298826,-1.5
64,19,-0.15572008,-0.20916493,-1.2552418,-2.43413,-1.5
65,19,-0.175253,-0.25479046,-1.2262417,-2.2669706,-1.5
66,19,-0.08242787,-0.38927686,-1.2267902,-2.4876533,-1.5
68,19,-0.19605522,-0.35713685,-1.220641,-2.5525615,-1.5
70,19,-0.24877766,-0.32473147,-1.2684057,-2.1685061,-1.5
71,19,-0.1500653,-0.17731224,-1.2915272,-1.8431655,-1.5
72,19,0.022848923,-0.06991881,-1.3099213,-1.802337,-1.5
73,19,-0.055699423,-0.20966522,-1.2120773,-1.8699491,-1.5
74,19,-0.31548768,-0.13340837,-1.3245575,-1.9844015,-1.5
75,19,-0.105791844,-0.0715228,-1.3448634,-1.8657993,-1.5
76,19,-0.32205522,-0.3329776,-1.1810263,-2.605771,-1.5
77,19,-0.00073555316,-0.13237225,-1.2933117,-1.6417531,-1.5
78,19,-0.23637246,-0.24234341,-1.1931951,-2.2930803,-1.5
79,19,-0.32795772,-0.3615131,-1.2566338,-2.267575,-1.5
80,19,-0.044814844,-0.20744969,-1.2401086,-1.8492973,-1.5
81,19,-0.17033005,-0.2285971,-1.2323548,-1.9786396,-1.5
82,19,0.005412293,-0.21709889,-1.2403395,-1.7678957,-1.5
83,19,-0.31114745,-0.26215243,-1.1626717,-2.2476342,-1.5
84,19,-0.13323559,-0.32119015,-1.276774,-2.2218432,-1.5
85,19,-0.28838444,-0.10862937,-1.31153,-1.8078792,-1.5
86,19,-0.07088981,-0.25041217,-1.18206,-2.207997,-1.5
87,19,-0.011145943,-0.17093626,-1.2408228,-1.7209662,-1.5
88,19,-0.14129762,-0.11719683,-1.360578,-1.9983997,-1.5
89,19,-0.30723768,-0.17153025,-1.2485092,-2.211435,-1.5
90,19,-0.37293714,-0.13402392,-1.2731171,-1.7954508,-1.5
91,19,-0.17068674,-0.19850834,-1.2478205,-1.9412518,-1.5
92,19,-0.22309464,-0.1741751,-1.2594969,-1.7857901,-1.5
93,19,-0.31052583,-0.3343922,-1.1920055,-2.4892476,-1.5
95,19,-0.118486434,-0.24375184,-1.2404467,-1.9177165,-1.5
96,19,-0.3458657,-0.12048117,-1.3179411,-1.7139319,-1.5
97,19,-0.31685066,-0.18975553,-1.2053262,-1.9532458,-1.5
99,19,-0.21052203,-0.4030834,-1.2561048,-2.3475761,-1.5
0,20,-0.3313132,-0.34424633,-1.2457858,-2.3593233,-1.5
1,20,-0.29960847,-0.3412504,-1.246092,-2.5337205,-1.5
2,20,-0.019454584,-0.2394953,-1.2558539,-2.1782088,-1.5
3,20,-0.021452721,-0.21823789,-1.3044206,-1.9128678,-1.5
4,20,-0.37984034,-0.20431684,-1.3063471,-2.2201726,-1.5
6,20,-0.32115448,-0.07827137,-1.39386,-1.9120849,-1.5
7,20,-0.23345228,-0.3055832,-1.2946042,-2.0129786,-1.5
8,20,-0.13957137,-0.10697056,-1.3802963,-1.6835686,-1.5
9,20,-0.053446125,-0.1495607,-1.3358133,-1.8711615,-1.5
11,20,-0.088710316,-0.19726403,-1.270351,-2.0271437,-1.5
12,20,-0.006817924,-0.34772962,-1.2890147,-2.2484179,-1.5
13,20,-0.1857951,-0.34485683,-1.2492796,-2.3960242,-1.5
14,20,0.027988749,-0.25451046,-1.2720848,-2.027298,-1.5
16,20,-0.020972634,-0.23102422,-1.2737781,-2.4716108,-1.5
17,20,-0.34875357,-0.2977065,-1.2808993,-2.1153777,-1.5
18,20,-0.33282015,-0.11502135,-1.3281261,-1.8802567,-1.5
19,20,-0.21836889,-0.12185819,-1.3250765,-1.9220825,-1.5
23,20,-0.18361801,-0.18692583,-1.2998546,-2.0630138,-1.5
24,20,0.017332146,-0.3031521,-1.3014864,-2.0112164,-1.5
25,20,-0.18870647,-0.14934324,-1.2851,-1.8451768,-1.5
26,20,-0.31061408,-0.41154692,-1.2167033,-2.80953,-1.5
27,20,-0.12661153,-0.28850886,-1.2390645,-2.1606715,-1.5
28,20,-0.021303114,-0.38433236,-1.3183864,-2.259318,-1.5
29,20,-0.09220268,-0.05840593,-1.4426341,-1.6852571,-1.5
30,20,-0.026959317,-0.15712386,-1.2883934,-2.0749187,-1.5
31,20,-0.093372665,-0.062330667,-1.4399403,-1.7884555,-1.5
32,20,-0.25232038,-0.17003302,-1.3395351,-2.247411,-1.5
33,20,-0.008409347,-0.16487375,-1.2897501,-2.038786,-1.5
34,20,-0.35030344,-0.3682531,-1.296722,-2.2143607,-1.5
35,20,-0.04993683,-0.18528083,-1.298266,-2.0178356,-1.5
36,20,-0.36514625,-0.123496026,-1.363124,-1.8750968,-1.5
37,20,-0.1849344,-0.24166058,-1.2608145,-2.2838538,-1.5
39,20,-0.033394203,-0.074452326,-1.3664161,-1.6484146,-1.5
40,20,-0.28418627,-0.115275055,-1.2982329,-1.561853,-1.5
41,20,0.011040074,-0.20435697,-1.2738376,-2.1775308,-1.5
42,20,-0.2770353,-0.22094469,-1.287419,-2.0988023,-1.5
43,20,-0.06318122,-0.39969227,-1.212094,-2.7578511,-1.5
44,20,-0.06855473,-0.13212939,-1.3296067,-1.6147118,-1.5
45,20,-0.3436694,-0.23970343,-1.2814527,-2.4138384,-1.5
46,20,-0.046407603,-0.2877815,-1.2603581,-2.3686755,-1.5
47,20,-0.14862287,-0.1658175,-1.3385097,-2.0051267,-1.5
49,20,-0.32379633,-0.1551205,-1.3360053,-1.9514152,-1.5
50,20,-0.11333884,-0.37500226,-1.2817808,-2.467225,-1.5
52,20,-0.08818846,-0.41578624,-1.242744,-2.584773,-1.5
53,20,-0.37225777,-0.13824221,-1.3252025,-2.0210133,-1.5
55,20,-0.17420588,-0.1629046,-1.2902925,-1.8091474,-1.5
56,20,-0.18389821,-0.3123745,-1.2773758,-2.2051,-1.5
57,20,-0.30103672,-0.04851296,-1.438466,-1.6050782,-1.5
60,20,-0.06544267,-0.25424665,-1.2605083,-2.072465,-1.5
61,20,-0.047191165,-0.1629172,-1.2977587,-1.8605136,-1.5
62,20,-0.31183168,-0.39024594,-1.2721773,-2.4247768,-1.5
64,20,-0.16842224,-0.23396994,-1.2794359,-2.5026197,-1.5
65,20,-0.18768963,-0.2780082,-1.254113,-2.3472219,-1.5
66,20,-0.09487589,-0.41484296,-1.2551751,-2.5860786,-1.5
68,20,-0.20843919,-0.3833177,-1.2488618,-2.6467624,-1.5
70,20,-0.26163238,-0.34702986,-1.29493,-2.2560258,-1.5
71,20,-0.16312128,-0.19615941,-1.3139,-1.9042697,-1.5
72,20,0.009646478,-0.08818197,-1.3271186,-1.839819,-1.5
73,20,-0.06800144,-0.22887608,-1.2412057,-1.9458311,-1.5
74,20,-0.3288464,-0.15357815,-1.3427373,-2.0328062,-1.5
75,20,-0.11932887,-0.090399586,-1.3594502,-1.8995173,-1.5
76,20,-0.33405483,-0.3596843,-1.211551,-2.700262,-1.5
77,20,-0.013799164,-0.14914064,-1.3143511,-1.6943015,-1.5
78,20,-0.24848941,-0.2658256,-1.223115,-2.374712,-1.5
79,20,-0.34069985,-0.38484573,-1.2839887,-2.3610299,-1.5
80,20,-0.057385407,-0.22643389,-1.2671756,-1.9217572,-1.5
81,20,-0.18282813,-0.24890466,-1.2602,-2.0552225,-1.5
82,20,-0.0071643884,-0.23528494,-1.267888,-1.8424039,-1.5
83,20,-0.3229763,-0.2852259,-1.1953553,-2.3360376,-1.5
84,20,-0.14616822,-0.34401003,-1.3023975,-2.3075953,-1.5
85,20,-0.30161375,-0.12700766,-1.3300818,-1.8531795,-1.5
86,20,-0.08290384,-0.27306435,-1.213272,-2.2926314,-1.5
87,20,-0.023716522,-0.18858735,-1.266988,-1.7868966,-1.5
88,20,-0.1549968,-0.13745841,-1.3754977,-2.0394392,-1.5
89,20,-0.31987324,-0.194069,-1.2729735,-2.274973,-1.5
90,20,-0.3858059,-0.15234214,-1.2954727,-1.8502867,-1.5
91,20,-0.18332724,-0.21839187,-1.2738173,-2.0108657,-1.5
92,20,-0.23584393,-0.19246574,-1.284256,-1.8500586,-1.5
93,20,-0.32263595,-0.35993603,-1.2224237,-2.5837426,-1.5
95,20,-0.1310667,-0.2634678,-1.2682838,-1.9963483,-1.5
96,20,-0.35916087,-0.13793573,-1.3365932,-1.7611053,-1.5
97,20,-0.32908168,-0.20977318,-1.2341604,-2.0259295,-1.5
0,21,-0.34394577,-0.36847815,-1.2732176,-2.4507134,-1.5
1,21,-0.3122364,-0.36721215,-1.272506,-2.6232824,-1.5
2,21,-0.032174997,-0.26179105,-1.2815874,-2.2531621,-1.5
3,21,-0.03464078,-0.2378306,-1.3269203,-1.979964,-1.5
4,21,-0.39303678,-0.22695164,-1.3274009,-2.283197,-1.5
6,21,-0.33516225,-0.097589046,-1.404993,-1.9415082,-1.5
7,21,-0.24656071,-0.326295,-1.319603,-2.0957224,-1.5
8,21,-0.15345992,-0.12406021,-1.3938208,-1.7208837,-1.5
9,21,-0.06691862,-0.16861756,-1.353925,-1.9217908,-1.5
11,21,-0.10156467,-0.21798785,-1.2944252,-2.0936944,-1.5
12,21,-0.01987029,-0.37083754,-1.3140281,-2.3367305,-1.5
13,21,-0.19845982,-0.36945215,-1.2762737,-2.4868643,-1.5
14,21,0.0151058175,-0.2753129,-1.2975262,-2.1038382,-1.5
16,21,-0.033855,-0.25621942,-1.296924,-2.5415788,-1.5
17,21,-0.361726,-0.31943595,-1.3062953,-2.1976814,-1.5
18,21,-0.34620938,-0.13412134,-1.345572,-1.9248186,-1.5
19,21,-0.23173031,-0.14138816,-1.3429276,-1.9682794,-1.5
23,21,-0.19675195,-0.20797394,-1.3213668,-2.1242309,-1.5
24,21,0.004158037,-0.32383922,-1.3259518,-2.0928526,-1.5
25,21,-0.20169353,-0.1681731,-1.3070122,-1.9015648,-1.5
27,21,-0.13917978,-0.31070292,-1.2670918,-2.2456458,-1.5
28,21,-0.034640852,-0.4075728,-1.3417298,-2.3498983,-1.5
29,21,-0.106672816,-0.07539372,-1.4495186,-1.7051065,-1.5
30,21,-0.039976228,-0.1782551,-1.3098315,-2.1317582,-1.5
31,21,-0.107817665,-0.08035773,-1.4471127,-1.8093634,-1.5
32,21,-0.26582694,-0.19287018,-1.357146,-2.3003273,-1.5
33,21,-0.02144176,-0.18565501,-1.3114094,-2.0970693,-1.5
34,21,-0.36343342,-0.39104116,-1.3216354,-2.3051453,-1.5
35,21,-0.0630561,-0.20587717,-1.319966,-2.0790932,-1.5
36,21,-0.37887308,-0.14253484,-1.3782798,-1.9173968,-1.5
37,21,-0.19769979,-0.2650082,-1.2858459,-2.3580756,-1.5
39,21,-0.047139987,-0.09114797,-1.3797013,-1.6805158,-1.5
40,21,-0.29729274,-0.13121577,-1.3183534,-1.6104783,-1.5
41,21,-0.0018458528,-0.22658738,-1.2974073,-2.2443502,-1.5
42,21,-0.29005674,-0.24240483,-1.310671,-2.1674485,-1.5
44,21,-0.08196617,-0.14860396,-1.3479798,-1.6631416,-1.5
45,21,-0.35662845,-0.26432988,-1.3044398,-2.484758,-1.5
46,21,-0.059173018,-0.31203166,-1.2859302,-2.4499664,-1.5
47,21,-0.16212319,-0.18623321,-1.3566751,-2.0582235,-1.5
49,21,-0.33727086,-0.17498626,-1.354128,-2.002886,-1.5
50,21,-0.12631504,-0.40031946,-1.3063745,-2.5584517,-1.5
53,21,-0.3856234,-0.15878418,-1.3434258,-2.0701985,-1.5
55,21,-0.18724684,-0.18139194,-1.3123528,-1.8677067,-1.5
56,21,-0.196836,-0.33501688,-1.3028916,-2.2895353,-1.5
57,21,-0.31546414,-0.06468608,-1.4452922,-1.6233295,-1.5
60,21,-0.07821331,-0.27550578,-1.286621,-2.14998,-1.5
61,21,-0.060302846,-0.18191221,-1.3191608,-1.9180845,-1.5
62,21,-0.32471865,-0.41516295,-1.297811,-2.519393,-1.5
64,21,-0.18135835,-0.2594741,-1.3021023,-2.5722837,-1.5
65,21,-0.20039451,-0.30203673,-1.2800664,-2.4277654,-1.5
68,21,-0.22109117,-0.41044542,-1.2746668,-2.7407982,-1.5
70,21,-0.27474117,-0.3702092,-1.3194788,-2.343576,-1.5
71,21,-0.1763952,-0.21562913,-1.335073,-1.9662507,-1.5
72,21,-0.003725786,-0.10683711,-1.3436967,-1.8790733,-1.5
73,21,-0.0805852,-0.24885154,-1.268514,-2.0216398,-1.5
74,21,-0.34238368,-0.17424922,-1.3601365,-2.0829692,-1.5
75,21,-0.1330108,-0.109633274,-1.3736265,-1.9354243,-1.5
76,21,-0.34634474,-0.38734016,-1.2395104,-2.7944334,-1.5
77,21,-0.027068477,-0.16644578,-1.334365,-1.7477314,-1.5
78,21,-0.26089436,-0.29013157,-1.2509714,-2.45645,-1.5
79,21,-0.35370278,-0.409117,-1.3091424,-2.4542766,-1.5
80,21,-0.070218116,-0.24614991,-1.2925978,-1.9943912,-1.5
81,21,-0.1955953,-0.2699851,-1.2862711,-2.131945,-1.5
82,21,-0.020007672,-0.25422183,-1.2937373,-1.9168842,-1.5
83,21,-0.33511895,-0.30918753,-1.2256972,-2.4240332,-1.5
84,21,-0.15934628,-0.36769435,-1.3261124,-2.3935559,-1.5
85,21,-0.31502542,-0.14585452,-1.3478574,-1.8999997,-1.5
86,21,-0.09521813,-0.29656833,-1.2423149,-2.3770838,-1.5
87,21,-0.03654125,-0.20690534,-1.2916595,-1.8530756,-1.5
88,21,-0.16884364,-0.15815054,-1.3899258,-2.082716,-1.5
89,21,-0.3327465,-0.21725686,-1.2960445,-2.3396084,-1.5
90,21,-0.39889303,-0.17122081,-1.3167089,-1.9060783,-1.5
91,21,-0.19621983,-0.23898071,-1.2982688,-2.0809417,-1.5
92,21,-0.24883391,-0.21140832,-1.3076292,-1.9148333,-1.5
93,21,-0.33503577,-0.38642862,-1.2503496,-2.6778767,-1.5
95,21,-0.14391573,-0.28397605,-1.2943208,-2.0749867,-1.5
96,21,-0.37263915,-0.15587613,-1.3544345,-1.8096032,-1.5
97,21,-0.34159198,-0.23052515,-1.2612354,-2.098762,-1.5
0,22,-0.35683998,-0.39362904,-1.2984524,-2.5420308,-1.5
1,22,-0.32511574,-0.39407644,-1.2967306,-2.713019,-1.5
2,22,-0.045143865,-0.28484625,-1.3056526,-2.3286896,-1.5
3,22,-0.04804726,-0.25810516,-1.3481199,-2.047856,-1.5
4,22,-0.4064378,-0.25023186,-1.3472614,-2.3476243,-1.5
6,22,-0.34928194,-0.11722354,-1.4159827,-1.9736001,-1.5
7,22,-0.25990948,-0.3478409,-1.3428593,-2.1786625,-1.5
8,22,-0.16748273,-0.14154057,-1.4069527,-1.7601336,-1.5
9,22,-0.0805688,-0.18819636,-1.3712327,-1.9739695,-1.5
11,22,-0.11465274,-0.23938864,-1.3171048,-2.1610646,-1.5
12,22,-0.033161595,-0.39483505,-1.3370935,-2.4252124,-1.5
13,22,-0.21138184,-0.3949616,-1.3010888,-2.5777085,-1.5
14,22,0.0019772742,-0.29688913,-1.321319,-2.1807668,-1.5
16,22,-0.046960775,-0.28212866,-1.3185542,-2.6127748,-1.5
17,22,-0.3749425,-0.34199587,-1.3299077,-2.2802582,-1.5
18,22,-0.3597704,-0.15368402,-1.3623245,-1.9711323,-1.5
19,22,-0.24526732,-0.16139717,-1.3600439,-2.016221,-1.5
23,22,-0.21009536,-0.22964828,-1.3417145,-2.1866856,-1.5
24,22,-0.009251412,-0.34534985,-1.3487265,-2.1747656,-1.5
25,22,-0.21489452,-0.18757948,-1.3278148,-1.9589882,-1.5
27,22,-0.15201725,-0.3337528,-1.2931246,-2.3306274,-1.5
29,22,-0.12121416,-0.09260281,-1.4565755,-1.727779,-1.5
30,22,-0.053202387,-0.1999699,-1.3301749,-2.1899807,-1.5
31,22,-0.12233674,-0.09861782,-1.4544506,-1.8332378,-1.5
32,22,-0.2795059,-0.21625577,-1.3739266,-2.3552804,-1.5
33,22,-0.034685433,-0.20703351,-1.3319428,-2.15663,-1.5
34,22,-0.37680095,-0.41474253,-1.3445604,-2.395984,-1.5
35,22,-0.076386675,-0.22709961,-1.3404944,-2.1415148,-1.5
36,22,-0.39274973,-0.1620151,-1.3929112,-1.9617006,-1.5
37,22,-0.2107067,-0.28910923,-1.309233,-2.4330537,-1.5
39,22,-0.06101798,-0.10818236,-1.3926426,-1.714585,-1.5
40,22,-0.3105962,-0.14765397,-1.3375342,-1.6600082,-1.5
41,22,-0.014960386,-0.24949892,-1.3195828,-2.3121958,-1.5
42,22,-0.30330348,-0.26456332,-1.3325285,-2.2370002,-1.5
44,22,-0.095557846,-0.16557564,-1.3655357,-1.7127372,-1.5
45,22,-0.36980933,-0.28967932,-1.3259196,-2.5568326,-1.5
46,22,-0.07218381,-0.33710408,-1.3096431,-2.5317607,-1.5
47,22,-0.17580149,-0.20719652,-1.3739996,-2.1129956,-1.5
49,22,-0.3509231,-0.19538312,-1.3714358,-2.056002,-1.5
53,22,-0.39916793,-0.17983547,-1.3608556,-2.1211727,-1.5
55,22,-0.20050295,-0.2004766,-1.3332657,-1.927184,-1.5
56,22,-0.21001846,-0.35851088,-1.3265408,-2.3742275,-1.5
57,22,-0.32996213,-0.081063546,-1.4522847,-1.6442752,-1.5
60,22,-0.09123591,-0.2975482,-1.3110201,-2.227843,-1.5
61,22,-0.073623404,-0.2014957,-1.3394693,-1.97673,-1.5
64,22,-0.19451317,-0.28568974,-1.3232732,-2.6432502,-1.5
65,22,-0.21334869,-0.32688,-1.3041673,-2.5087986,-1.5
70,22,-0.2880845,-0.39427093,-1.342118,-2.4313674,-1.5
71,22,-0.18987523,-0.2357311,-1.355103,-2.0292735,-1.5
72,22,-0.017261814,-0.12590252,-1.3596852,-1.9201939,-1.5
73,22,-0.09343294,-0.26959237,-1.2940978,-2.0976193,-1.5
74,22,-0.3560918,-0.19543973,-1.3767796,-2.1349869,-1.5
75,22,-0.14683361,-0.12924613,-1.3874044,-1.9735812,-1.5
76,22,-0.35889947,-0.41594312,-1.2649733,-2.8885083,-1.5
77,22,-0.040533543,-0.18429743,-1.3534143,-1.8022059,-1.5
78,22,-0.27356693,-0.31526345,-1.2768389,-2.538508,-1.5
80,22,-0.083296925,-0.26660073,-1.3164595,-2.0674217,-1.5
81,22,-0.20861411,-0.29184115,-1.3106501,-2.209028,-1.5
82,22,-0.03310102,-0.2739106,-1.3179804,-1.9915749,-1.5
83,22,-0.3475525,-0.3340346,-1.2537918,-2.5118756,-1.5
84,22,-0.17275088,-0.39224622,-1.3479769,-2.4799209,-1.5
85,22,-0.32861188,-0.16518578,-1.364893,-1.9484545,-1.5
86,22,-0.107811324,-0.32092363,-1.2692766,-2.4615939,-1.5
87,22,-0.049605627,-0.225894,-1.3149236,-1.9197224,-1.5
88,22,-0.18283324,-0.17929593,-1.4038677,-2.1282885,-1.5
89,22,-0.34584367,-0.24110556,-1.3177681,-2.40549,-1.5
90,22,-0.4121876,-0.19067049,-1.3368844,-1.9629871,-1.5
91,22,-0.20934935,-0.2602806,-1.321247,-2.1516783,-1.5
92,22,-0.2620511,-0.23100902,-1.3296908,-1.9803114,-1.5
93,22,-0.34770057,-0.41386756,-1.2758567,-2.7718809,-1.5
95,22,-0.15701589,-0.30527806,-1.3186432,-2.1538625,-1.5
96,22,-0.38629267,-0.17431632,-1.3715074,-1.8595526,-1.5
97,22,-0.35436437,-0.2520142,-1.2866386,-2.17197,-1.5
2,23,-0.058344703,-0.30866763,-1.3281071,-2.4049704,-1.5
3,23,-0.061659366,-0.2790704,-1.3680733,-2.1167116,-1.5
4,23,-0.42003152,-0.27417213,-1.3659554,-2.4135714,-1.5
6,23,-0.363512,-0.13720167,-1.4268193,-2.0083818,-1.5
7,23,-0.27348143,-0.370224,-1.364438,-2.262003,-1.5
8,23,-0.18163595,-0.1594314,-1.4197067,-1.8013887,-1.5
9,23,-0.09438874,-0.20831323,-1.3877667,-2.027807,-1.5
11,23,-0.12796077,-0.26147556,-1.3384457,-2.2294228,-1.5
14,23,-0.011380643,-0.3192441,-1.3435289,-2.2582798,-1.5
16,23,-0.060274754,-0.30876482,-1.338693,-2.685319,-1.5
17,23,-0.3883855,-0.36539,-1.3517977,-2.3633046,-1.5
18,23,-0.37349635,-0.17372744,-1.3784095,-2.0192943,-1.5
19,23,-0.25897267,-0.18190327,-1.3764513,-2.0660048,-1.5
23,23,-0.22363673,-0.25196195,-1.3609363,-2.2505124,-1.5
24,23,-0.022879507,-0.36768785,-1.3698725,-2.257152,-1.5
25,23,-0.22829859,-0.20757361,-1.3475615,-2.017601,-1.5
27,23,-0.16510423,-0.35765973,-1.3172362,-2.4158354,-1.5
29,23,-0.13582826,-0.11006139,-1.463782,-1.753266,-1.5
30,23,-0.06662697,-0.22228278,-1.3494613,-2.2497125,-1.5
31,23,-0.13693134,-0.11714055,-1.4619285,-1.860066,-1.5
32,23,-0.29334894,-0.24021044,-1.3898823,-2.4123404,-1.5
33,23,-0.048129242,-0.22902276,-1.3513911,-2.2176023,-1.5
35,23,-0.08991698,-0.24896057,-1.3598937,-2.2052405,-1.5
36,23,-0.406771,-0.18195726,-1.4070313,-2.0080807,-1.5
37,23,-0.22393881,-0.31397203,-1.3310226,-2.5089483,-1.5
39,23,-0.07502481,-0.12557563,-1.4052548,-1.7506882,-1.5
40,23,-0.3240876,-0.16459964,-1.3558342,-1.7106,-1.5
41,23,-0.028289702,-0.27310258,-1.3404076,-2.381216,-1.5
42,23,-0.3167618,-0.28743,-1.3530383,-2.3076131,-1.5
44,23,-0.1093218,-0.18305689,-1.3823206,-1.7636337,-1.5
45,23,-0.383197,-0.3157638,-1.3459194,-2.6301873,-1.5
46,23,-0.08542145,-0.36300462,-1.3315446,-2.6142302,-1.5
47,23,-0.18964937,-0.2287247,-1.3905057,-2.169542,-1.5
49,23,-0.36474502,-0.21632805,-1.3879541,-2.1108654,-1.5
53,23,-0.41288355,-0.20141453,-1.3775144,-2.174029,-1.5
55,23,-0.21396297,-0.22016874,-1.3530889,-1.9877422,-1.5
56,23,-0.22342709,-0.38286015,-1.3483813,-2.4593694,-1.5
57,23,-0.34453216,-0.09767228,-1.4594238,-1.6679103,-1.5
60,23,-0.104493566,-0.32037866,-1.3337721,-2.3062522,-1.5
61,23,-0.08714212,-0.22167931,-1.3587339,-2.0366,-1.5
64,23,-0.20787165,-0.31263036,-1.342969,-2.7156308,-1.5
65,23,-0.22653371,-0.35254383,-1.3264657,-2.5904968,-1.5
71,23,-0.20355022,-0.25647655,-1.3740363,-2.0934873,-1.5
72,23,-0.03095581,-0.14539738,-1.3751082,-1.9632674,-1.5
73,23,-0.106527776,-0.29110143,-1.3180367,-2.1739886,-1.5
74,23,-0.3699632,-0.2171687,-1.3926831,-2.188946,-1.5
75,23,-0.16079326,-0.14926097,-1.4007913,-2.014044,-1.5
77,23,-0.054184973,-0.20270696,-1.3715507,-1.8578739,-1.5
78,23,-0.28648728,-0.3412254,-1.3007766,-2.6210759,-1.5
80,23,-0.09660653,-0.28779146,-1.338832,-2.1410494,-1.5
81,23,-0.22186796,-0.3144775,-1.3334038,-2.28667,-1.5
82,23,-0.046428718,-0.29435465,-1.3406954,-2.066692,-1.5
83,23,-0.36025462,-0.35976672,-1.279716,-2.5997913,-1.5
84,23,-0.18636355,-0.41767052,-1.368034,-2.5668628,-1.5
85,23,-0.34236577,-0.18501845,-1.381218,-1.9986476,-1.5
86,23,-0.12066283,-0.34613186,-1.2942284,-2.546375,-1.5
87,23,-0.06289593,-0.2455592,-1.3368543,-1.9870356,-1.5
88,23,-0.19696064,-0.2009178,-1.417323,-2.1762083,-1.5
89,23,-0.35915136,-0.26562825,-1.3381793,-2.4727464,-1.5
90,23,-0.42567924,-0.21070321,-1.356049,-2.0211604,-1.5
91,23,-0.22270125,-0.28229916,-1.342811,-2.2232544,-1.5
92,23,-0.27548268,-0.25127593,-1.350503,-2.0466712,-1.5
95,23,-0.17035036,-0.32737735,-1.3413221,-2.2331836,-1.5
96,23,-0.40011385,-0.19327155,-1.3878468,-1.9110692,-1.5
97,23,-0.36738238,-0.27424523,-1.310444,-2.2457573,-1.5
2,24,-0.07176149,-0.3332635,-1.3489947,-2.482164,-1.5
3,24,-0.07546477,-0.30073684,-1.3868234,-2.1866798,-1.5
4,24,-0.4338062,-0.2987881,-1.3834991,-2.4811385,-1.5
6,24,-0.3778508,-0.1575504,-1.4374896,-2.0458724,-1.5
7,24,-0.2872599,-0.39344925,-1.3843908,-2.3459246,-1.5
8,24,-0.19591579,-0.17775315,-1.4320921,-1.8447148,-1.5
9,24,-0.10837075,-0.2289853,-1.4035492,-2.0834026,-1.5
11,24,-0.14147553,-0.28425923,-1.3584918,-2.298919,-1.5
14,24,-0.024952253,-0.34238458,-1.3642074,-2.3365512,-1.5
16,24,-0.07378189,-0.3361417,-1.3573537,-2.7593122,-1.5
17,24,-0.4020378,-0.3896239,-1.3720126,-2.4469953,-1.5
18,24,-0.3873806,-0.19427057,-1.3938469,-2.0693913,-1.5
19,24,-0.27283925,-0.20292534,-1.3921688,-2.117719,-1.5
23,24,-0.2373648,-0.27492929,-1.3790607,-2.3158298,-1.5
24,24,-0.03671008,-0.39085886,-1.389438,-2.3401875,-1.5
25,24,-0.24189536,-0.22816817,-1.3662964,-2.077543,-1.5
27,24,-0.17842166,-0.38242692,-1.3394859,-2.5014648,-1.5
29,24,-0.1505165,-0.12779759,-1.4711145,-1.781561,-1.5
30,24,-0.080239475,-0.24520943,-1.367718,-2.311066,-1.5
31,24,-0.15160275,-0.13595538,-1.4695195,-1.8898373,-1.5
32,24,-0.3073476,-0.26475552,-1.4050102,-2.4715652,-1.5
33,24,-0.061762407,-0.25163752,-1.3697852,-2.2801049,-1.5
35,24,-0.10363581,-0.27147374,-1.3781962,-2.270396,-1.5
36,24,-0.4209317,-0.20238242,-1.4206474,-2.0566034,-1.5
37,24,-0.23738016,-0.33960643,-1.3512487,-2.5859025,-1.5
39,24,-0.08915722,-0.14334849,-1.4175496,-1.7888873,-1.5
40,24,-0.33775836,-0.18206431,-1.3733053,-1.7623988,-1.5
41,24,-0.041820336,-0.29741082,-1.3599141,-2.451541,-1.5
42,24,-0.3304183,-0.3110163,-1.372236,-2.3794267,-1.5
44,24,-0.12325053,-0.20106147,-1.3983737,-1.815956,-1.5
45,24,-0.39677653,-0.34259662,-1.3644547,-2.7049294,-1.5
46,24,-0.098867804,-0.38974068,-1.351668,-2.697526,-1.5
47,24,-0.20365866,-0.25083596,-1.4062078,-2.2279513,-1.5
49,24,-0.3787287,-0.23783907,-1.4037007,-2.1675682,-1.5
53,24,-0.42676246,-0.2235406,-1.3934168,-2.2288518,-1.5
55,24,-0.22761625,-0.24048,-1.3718688,-2.0495286,-1.5
56,24,-0.23704389,-0.40806997,-1.368456,-2.5451322,-1.5
57,24,-0.35917562,-0.11453919,-1.4666898,-1.6942331,-1.5
60,24,-0.11796992,-0.34400344,-1.354929,-2.385384,-1.5
61,24,-0.100848675,-0.24247606,-1.3769952,-2.0978296,-1.5
64,24,-0.2214189,-0.34031045,-1.3611984,-2.78952,-1.5
65,24,-0.2399316,-0.3790355,-1.346998,-2.6730144,-1.5
71,24,-0.21740924,-0.27787814,-1.3919096,-2.159026,-1.5
72,24,-0.04480217,-0.16534169,-1.3899839,-2.0083735,-1.5
73,24,-0.1198535,-0.31338364,-1.3403972,-2.2509441,-1.5
74,24,-0.38399044,-0.23945591,-1.4078567,-2.2449224,-1.5
75,24,-0.17488584,-0.16970111,-1.41379,-2.0568635,-1.5
77,24,-0.06801382,-0.2216871,-1.3888171,-1.9148717,-1.5
78,24,-0.29963624,-0.36802325,-1.3228294,-2.7043219,-1.5
80,24,-0.11013224,-0.3097291,-1.3597728,-2.215454,-1.5
81,24,-0.23534074,-0.33790058,-1.3545853,-2.3650477,-1.5
82,24,-0.059975747,-0.31555933,-1.3619472,-2.1424289,-1.5
83,24,-0.3732038,-0.38638562,-1.3035305,-2.6879818,-1.5
85,24,-0.35628012,-0.2053704,-1.3968548,-2.0506735,-1.5
86,24,-0.1337527,-0.37219673,-1.317226,-2.6316166,-1.5
87,24,-0.07639909,-0.2659086,-1.3575139,-2.0551956,-1.5
88,24,-0.21122088,-0.22303976,-1.4302857,-2.2265189,-1.5
89,24,-0.3726564,-0.29083917,-1.3573016,-2.541491,-1.5
90,24,-0.439358,-0.23133233,-1.3742422,-2.0807304,-1.5
91,24,-0.23626159,-0.3050456,-1.3630083,-2.295829,-1.5
92,24,-0.2891163,-0.27221873,-1.3701171,-2.1140745,-1.5
95,24,-0.18390281,-0.35027927,-1.3624139,-2.3131351,-1.5
96,24,-0.41409546,-0.2127581,-1.4034805,-1.964259,-1.5
97,24,-0.38063028,-0.29722503,-1.3327109,-2.3203063,-1.5
2,25,-0.085378535,-0.35864365,-1.3683469,-2.5604095,-1.5
3,25,-0.08945149,-0.32311624,-1.4044015,-2.2578938,-1.5
4,25,-0.44775027,-0.32409638,-1.3998991,-2.5504124,-1.5
6,25,-0.39229652,-0.17829691,-1.4479775,-2.0860884,-1.5
7,25,-0.3012287,-0.4175232,-1.4027547,-2.4305873,-1.5
8,25,-0.21031855,-0.1965269,-1.4441143,-1.8901714,-1.5
9,25,-0.12250733,-0.2502306,-1.4185954,-2.140845,-1.5
11,25,-0.1551841,-0.30775174,-1.3772756,-2.3696856,-1.5
14,25,-0.0387223,-0.36631894,-1.3833928,-2.4157352,-1.5
16,25,-0.0874672,-0.36427414,-1.374538,-2.8348417,-1.5
17,25,-0.41588265,-0.41470483,-1.3905859,-2.5314832,-1.5
18,25,-0.40141672,-0.21533321,-1.408649,-2.1215022,-1.5
19,25,-0.28686023,-0.2244831,-1.4072082,-2.1714418,-1.5
23,25,-0.2512686,-0.29856566,-1.3961059,-2.382742,-1.5
24,25,-0.05072734,-0.41487014,-1.4074578,-2.4240265,-1.5
25,25,-0.2556748,-0.24937716,-1.3840542,-2.13894,-1.5
27,25,-0.19195104,-0.40805945,-1.3599167,-2.587688,-1.5
29,25,-0.16527994,-0.14583945,-1.4785488,-1.8126585,-1.5
30,25,-0.09402956,-0.26876655,-1.3849633,-2.3741398,-1.5
31,25,-0.16635185,-0.15509167,-1.4771959,-1.922541,-1.5
32,25,-0.32149345,-0.2899128,-1.4193,-2.5330026,-1.5
33,25,-0.07557438,-0.2748936,-1.387146,-2.3442433,-1.5
35,25,-0.117532186,-0.294654,-1.395424,-2.3370912,-1.5
36,25,-0.4352268,-0.22331232,-1.4337615,-2.1073275,-1.5
37,25,-0.25101504,-0.3660235,-1.369933,-2.6640391,-1.5
39,25,-0.103412054,-0.16152222,-1.4295341,-1.8292401,-1.5
40,25,-0.35160047,-0.20006081,-1.389991,-1.8155373,-1.5
41,25,-0.055539053,-0.32243717,-1.378123,-2.5232844,-1.5
42,25,-0.34425977,-0.33533472,-1.3901453,-2.4525616,-1.5
44,25,-0.13733684,-0.21960433,-1.4137266,-1.8698183,-1.5
45,25,-0.41053307,-0.37019193,-1.3815299,-2.7811515,-1.5
46,25,-0.11250498,-0.41732112,-1.3700341,-2.7817795,-1.5
47,25,-0.21782123,-0.27354923,-1.4211129,-2.2883005,-1.5
49,25,-0.3928664,-0.25993496,-1.4186859,-2.2261915,-1.5
53,25,-0.44079703,-0.2462337,-1.4085699,-2.285713,-1.5
55,25,-0.24145244,-0.26142338,-1.389643,-2.1126752,-1.5
57,25,-0.37389368,-0.13169116,-1.4740622,-1.7232425,-1.5
60,25,-0.1316491,-0.36843055,-1.3745306,-2.4653945,-1.5
61,25,-0.11473315,-0.2639002,-1.3942842,-2.1605403,-1.5
64,25,-0.23514001,-0.3687453,-1.3779594,-2.864998,-1.5
65,25,-0.25352454,-0.40636384,-1.365787,-2.756486,-1.5
71,25,-0.23144174,-0.2999498,-1.4087487,-2.2260077,-1.5
72,25,-0.058795437,-0.18575619,-1.4043242,-2.0555832,-1.5
73,25,-0.13339451,-0.33644584,-1.3612319,-2.3286607,-1.5
74,25,-0.3981662,-0.2623218,-1.4223018,-2.3029823,-1.5
75,25,-0.18910736,-0.19059043,-1.4263977,-2.1020844,-1.5
77,25,-0.0820115,-0.24125187,-1.4052479,-1.973323,-1.5
78,25,-0.3129949,-0.39566445,-1.3430271,-2.7883923,-1.5
80,25,-0.123859875,-0.33242226,-1.3793267,-2.2907953,-1.5
81,25,-0.24901675,-0.3621186,-1.3742349,-2.444318,-1.5
82,25,-0.07372765,-0.3375318,-1.3817878,-2.2189586,-1.5
83,25,-0.38637888,-0.41389483,-1.3252807,-2.776626,-1.5
85,25,-0.37034804,-0.22626047,-1.4118189,-2.104618,-1.5
86,25,-0.14706138,-0.39912364,-1.3383101,-2.7174838,-1.5
87,25,-0.09010258,-0.28695157,-1.3769528,-2.1243637,-1.5
88,25,-0.2256088,-0.2456859,-1.442744,-2.2792575,-1.5
89,25,-0.38634583,-0.31675363,-1.375148,-2.611822,-1.5
90,25,-0.45321426,-0.2525725,-1.391496,-2.1418173,-1.5
91,25,-0.25001675,-0.3285306,-1.3818736,-2.369543,-1.5
92,25,-0.30294013,-0.29384872,-1.3885735,-2.1826646,-1.5
95,25,-0.19765751,-0.37399107,-1.381962,-2.3938808,-1.5
96,25,-0.42823052,-0.23279321,-1.418429,-2.019218,-1.5
97,25,-0.39409274,-0.32096204,-1.353486,-2.3957791,-1.5
2,26,-0.09918041,-0.3848191,-1.386182,-2.6398282,-1.5
3,26,-0.1036078,-0.34622166,-1.4208289,-2.330471,-1.5
4,26,-0.461852,-0.3501142,-1.4151517,-2.6214654,-1.5
6,26,-0.4068471,-0.19946845,-1.4582626,-2.1290426,-1.5
8,26,-0.22484057,-0.21577425,-1.4557738,-1.937814,-1.5
9,26,-0.13679104,-0.27206805,-1.4329126,-2.2002127,-1.5
11,26,-0.16907384,-0.33196625,-1.3948185,-2.441839,-1.5
14,26,-0.05267582,-0.39105693,-1.4011112,-2.495967,-1.5
16,26,-0.1013156,-0.39317754,-1.3902366,-2.9119794,-1.5
18,26,-0.41559827,-0.23693585,-1.422822,-2.1756952,-1.5
19,26,-0.30102867,-0.24659699,-1.4215745,-2.2272427,-1.5
23,26,-0.26533723,-0.32288745,-1.4120806,-2.451339,-1.5
25,26,-0.26962718,-0.27121577,-1.4008602,-2.2019048,-1.5
29,26,-0.1801194,-0.16421498,-1.4860592,-1.8465551,-1.5
30,26,-0.10798703,-0.2929717,-1.4012059,-2.4390194,-1.5
31,26,-0.1811793,-0.17457868,-1.4849277,-1.9581681,-1.5
32,26,-0.33577776,-0.31570438,-1.432733,-2.5966904,-1.5
33,26,-0.089554764,-0.29880777,-1.4034853,-2.4101098,-1.5
35,26,-0.13159531,-0.3185172,-1.4115891,-2.4054234,-1.5
36,26,-0.4496511,-0.24476922,-1.4463694,-2.160304,-1.5
37,26,-0.26482782,-0.3932356,-1.387085,-2.743465,-1.5
39,26,-0.11778618,-0.18011875,-1.4412111,-1.8717998,-1.5
40,26,-0.36560616,-0.2186033,-1.4059272,-1.8701377,-1.5
41,26,-0.06943276,-0.34819624,-1.3950442,-2.5965447,-1.5
42,26,-0.35827327,-0.36039895,-1.4067794,-2.5271235,-1.5
44,26,-0.15157376,-0.23870145,-1.4284035,-1.925325,-1.5
45,26,-0.42445174,-0.3985648,-1.3971384,-2.858931,-1.5
47,26,-0.23212896,-0.29688427,-1.4352194,-2.3506565,-1.5
49,26,-0.40715033,-0.28263524,-1.4329119,-2.2868056,-1.5
53,26,-0.45497966,-0.2695145,-1.4229735,-2.3446767,-1.5
55,26,-0.2554615,-0.28301314,-1.4064386,-2.177301,-1.5
57,26,-0.3886872,-0.14915507,-1.4815193,-1.7549398,-1.5
60,26,-0.14551552,-0.3936695,-1.3926028,-2.54642,-1.5
61,26,-0.12878583,-0.28596702,-1.4106221,-2.2248394,-1.5
64,26,-0.24901994,-0.39795095,-1.3932389,-2.9421306,-1.5
71,26,-0.24563736,-0.32270643,-1.4245703,-2.2945368,-1.5
72,26,-0.072930224,-0.20666224,-1.4181352,-2.1049619,-1.5
73,26,-0.1471356,-0.36029646,-1.380581,-2.4072938,-1.5
74,26,-0.41248292,-0.28578746,-1.436013,-2.3631816,-1.5
75,26,-0.20345384,-0.21195307,-1.4386071,-2.149747,-1.5
77,26,-0.09616976,-0.2614164,-1.4208692,-2.0333395,-1.5
80,26,-0.13777559,-0.355881,-1.397527,-2.3672152,-1.5
81,26,-0.26288065,-0.38714108,-1.3923796,-2.524617,-1.5
82,26,-0.08767039,-0.36028078,-1.4002565,-2.296436,-1.5
85,26,-0.38456273,-0.2477082,-1.4261181,-2.1605563,-1.5
87,26,-0.10399432,-0.308699,-1.39521,-2.1946843,-1.5
88,26,-0.24011917,-0.26888058,-1.4546802,-2.334454,-1.5
89,26,-0.4002067,-0.34338775,-1.3917208,-2.6838217,-1.5
90,26,-0.46723855,-0.27443948,-1.4078315,-2.2045274,-1.5
91,26,-0.26395336,-0.35276622,-1.3994309,-2.44452,-1.5
92,26,-0.31694263,-0.31617832,-1.4059014,-2.2525694,-1.5
95,26,-0.21159899,-0.3985213,-1.399997,-2.4755657,-1.5
96,26,-0.4425121,-0.25339505,-1.4327055,-2.0760322,-1.5
97,26,-0.40775493,-0.34546626,-1.3728043,-2.4723182,-1.5
2,27,-0.113151744,-0.411802,-1.4025072,-2.7205255,-1.5
3,27,-0.11792208,-0.37006718,-1.436116,-2.404513,-1.5
4,27,-0.47609967,-0.37685955,-1.4292443,-2.6943574,-1.5
6,27,-0.42150033,-0.22109245,-1.4683208,-2.1747446,-1.5
8,27,-0.23947808,-0.23551731,-1.4670662,-1.9876919,-1.5
9,27,-0.15121445,-0.29451716,-1.4465003,-2.261573,-1.5
11,27,-0.18313219,-0.35691714,-1.4111319,-2.515479,-1.5
14,27,-0.066798024,-0.41660944,-1.4173775,-2.5773637,-1.5
18,27,-0.4299189,-0.2590996,-1.4363649,-2.2320316,-1.5
19,27,-0.3153378,-0.26928797,-1.4352652,-2.28518,-1.5
23,27,-0.27955973,-0.34791178,-1.4269838,-2.521698,-1.5
25,27,-0.28374302,-0.29370007,-1.4167305,-2.2665353,-1.5
29,27,-0.19503544,-0.18295212,-1.4936184,-1.883247,-1.5
30,27,-0.1221017,-0.31784323,-1.4164461,-2.5057764,-1.5
31,27,-0.19608538,-0.19444554,-1.4926835,-1.9967092,-1.5
32,27,-0.35019165,-0.34215277,-1.4452833,-2.6626558,-1.5
33,27,-0.10369319,-0.3233977,-1.4188056,-2.4777818,-1.5
35,27,-0.14581437,-0.34307995,-1.4266945,-2.4754739,-1.5
36,27,-0.4641994,-0.26677582,-1.4584609,-2.2155771,-1.5
39,27,-0.13227645,-0.19916038,-1.4525802,-1.9166161,-1.5
40,27,-0.3797681,-0.23770706,-1.421142,-1.9263111,-1.5
41,27,-0.083488345,-0.3747034,-1.4106776,-2.6714041,-1.5
42,27,-0.37244582,-0.38622355,-1.4221407,-2.603202,-1.5
44,27,-0.16595459,-0.2583698,-1.4424219,-1.9825699,-1.5
47,27,-0.2465737,-0.3208613,-1.4485182,-2.4150746,-1.5
49,27,-0.4215728,-0.30596006,-1.4463727,-2.3494704,-1.5
53,27,-0.4693027,-0.29340416,-1.436619,-2.405796,-1.5
55,27,-0.26963368,-0.30526462,-1.422274,-2.24351,-1.5
57,27,-0.40355688,-0.16695783,-1.4890386,-1.7893269,-1.5
61,27,-0.14299713,-0.30869293,-1.4260218,-2.2908213,-1.5
71,27,-0.2599858,-0.3461639,-1.439381,-2.3647044,-1.5
72,27,-0.08720114,-0.22808184,-1.4314176,-2.1565661,-1.5
73,27,-0.16106188,-0.38494527,-1.3984712,-2.4869797,-1.5
74,27,-0.42693308,-0.30987445,-1.4489771,-2.4255676,-1.5
75,27,-0.2179211,-0.23381361,-1.4504054,-2.199884,-1.5
77,27,-0.110480495,-0.28219697,-1.4356993,-2.0950208,-1.5
80,27,-0.15186577,-0.3801166,-1.4143951,-2.444837,-1.5
81,27,-0.27691734,-0.41297886,-1.4090347,-2.606065,-1.5
82,27,-0.10179026,-0.3838164,-1.417381,-2.374996,-1.5
85,27,-0.39891753,-0.26973388,-1.4397539,-2.218554,-1.5
87,27,-0.1180625,-0.33116305,-1.4123139,-2.266286,-1.5
88,27,-0.25474653,-0.29264835,-1.4660703,-2.3921316,-1.5
89,27,-0.414226,-0.37075844,-1.4070122,-2.7575593,-1.5
90,27,-0.4814217,-0.2969499,-1.4232624,-2.2689536,-1.5
91,27,-0.27805823,-0.37776548,-1.4156923,-2.5208678,-1.5
92,27,-0.33111247,-0.3392213,-1.4221203,-2.3239017,-1.5
96,27,-0.45693353,-0.27458256,-1.4463161,-2.1347773,-1.5
97,27,-0.42160222,-0.37074882,-1.3906873,-2.5500486,-1.5
3,28,-0.13238275,-0.39466777,-1.4502635,-2.4801068,-1.5
4,28,-0.49048132,-0.40435082,-1.4421544,-2.7691364,-1.5
6,28,-0.4362537,-0.24319632,-1.4781244,-2.2232003,-1.5
8,28,-0.25422728,-0.2557786,-1.4779822,-2.0398483,-1.5
9,28,-0.1657701,-0.31759804,-1.4593512,-2.3249838,-1.5
11,28,-0.1973467,-0.38261962,-1.4262156,-2.590693,-1.5
18,28,-0.44437206,-0.28184605,-1.4492699,-2.2905629,-1.5
19,28,-0.32978064,-0.29257774,-1.4482708,-2.3453045,-1.5
23,28,-0.29392526,-0.37365642,-1.4408053,-2.5938823,-1.5
25,28,-0.2980128,-0.3168472,-1.4316723,-2.332918,-1.5
29,28,-0.21002838,-0.20207882,-1.5011976,-1.9227315,-1.5
30,28,-0.13636334,-0.34340006,-1.4306744,-2.5744722,-1.5
31,28,-0.21107012,-0.21472132,-1.5004301,-2.0381546,-1.5
32,28,-0.36472595,-0.36928058,-1.4569167,-2.7309172,-1.5
33,28,-0.117979266,-0.34868157,-1.4331001,-2.5473263,-1.5
35,28,-0.16017857,-0.3683597,-1.4407334,-2.5473127,-1.5
36,28,-0.47886634,-0.28935525,-1.4700197,-2.273183,-1.5
39,28,-0.1468797,-0.2186699,-1.4636357,-1.9637331,-1.5
40,28,-0.3940791,-0.25738835,-1.4356561,-1.9841584,-1.5
41,28,-0.09769267,-0.40197495,-1.4250124,-2.7479327,-1.5
42,28,-0.38676444,-0.412824,-1.4362209,-2.6808739,-1.5
44,28,-0.18047273,-0.27862725,-1.4557918,-2.0416372,-1.5
47,28,-0.26114705,-0.34550112,-1.4609919,-2.4815996,-1.5
49,28,-0.4361259,-0.32993007,-1.4590559,-2.414237,-1.5
53,28,-0.48375833,-0.31792447,-1.4494911,-2.4691138,-1.5
55,28,-0.2839593,-0.32819405,-1.437158,-2.311393,-1.5
57,28,-0.41850314,-0.18512635,-1.4965955,-1.8264062,-1.5
61,28,-0.15735756,-0.3320951,-1.4404866,-2.3585677,-1.5
71,28,-0.2744768,-0.3703389,-1.4531786,-2.4365878,-1.5
72,28,-0.10160279,-0.25003743,-1.4441656,-2.2104454,-1.5
73,28,-0.17515865,-0.41040337,-1.4149175,-2.5678372,-1.5
74,28,-0.44150892,-0.33460468,-1.4611735,-2.4901757,-1.5
75,28,-0.23250479,-0.25619686,-1.4617748,-2.2525225,-1.5
77,28,-0.124935724,-0.30361053,-1.449748,-2.1584547,-1.5
80,28,-0.16611703,-0.4051417,-1.4299406,-2.5237684,-1.5
82,28,-0.1160737,-0.40815,-1.4331768,-2.4547558,-1.5
85,28,-0.41340554,-0.2923583,-1.4527199,-2.2786682,-1.5
87,28,-0.13229558,-0.35435715,-1.428282,-2.3392806,-1.5
88,28,-0.26948506,-0.31701404,-1.4768841,-2.4523053,-1.5
89,28,-0.42839056,-0.39888313,-1.4210048,-2.8330908,-1.5
90,28,-0.4957546,-0.3201213,-1.4377928,-2.3351777,-1.5
91,28,-0.2923182,-0.4035425,-1.4306598,-2.5986772,-1.5
92,28,-0.34543854,-0.36299235,-1.4372394,-2.396758,-1.5
96,28,-0.47148797,-0.29637542,-1.4592599,-2.19552,-1.5
97,28,-0.43562013,-0.39682207,-1.4071462,-2.629077,-1.5
6,29,-0.45110437,-0.26580754,-1.4876407,-2.2744114,-1.5
8,29,-0.2690843,-0.27658123,-1.4885077,-2.0943213,-1.5
9,29,-0.18045042,-0.34133142,-1.4714495,-2.3904922,-1.5
11,29,-0.2117048,-0.40908954,-1.4400607,-2.6675518,-1.5
18,29,-0.4589512,-0.30519733,-1.4615226,-2.3513305,-1.5
19,29,-0.34435013,-0.3164882,-1.4605749,-2.4076576,-1.5
23,29,-0.3084226,-0.40013978,-1.4535263,-2.6679444,-1.5
25,29,-0.3124271,-0.34067494,-1.4456847,-2.4011264,-1.5
29,29,-0.22509812,-0.22162294,-1.5087662,-1.9650048,-1.5
30,29,-0.1507615,-0.36966172,-1.4438729,-2.6451547,-1.5
31,29,-0.22613311,-0.23543495,-1.5081311,-2.082493,-1.5
32,29,-0.379371,-0.39711064,-1.4675914,-2.8014846,-1.5
33,29,-0.13240245,-0.37467825,-1.4463532,-2.6187966,-1.5
35,29,-0.17467692,-0.39437452,-1.45369,-2.6209965,-1.5
36,29,-0.49364638,-0.3125308,-1.4810237,-2.3331518,-1.5
39,29,-0.16159266,-0.23867056,-1.474368,-2.0131905,-1.5
40,29,-0.4085321,-0.2776644,-1.4494829,-2.0437694,-1.5
44,29,-0.19512156,-0.29949236,-1.4685163,-2.102601,-1.5
47,29,-0.2758405,-0.3708247,-1.472616,-2.5502667,-1.5
49,29,-0.45080167,-0.35456637,-1.4709401,-2.481144,-1.5
53,29,-0.49833855,-0.34309736,-1.4615667,-2.5346634,-1.5
55,29,-0.29842862,-0.35181847,-1.4510908,-2.3810287,-1.5
57,29,-0.43352622,-0.20368755,-1.5041645,-1.8661808,-1.5
61,29,-0.17185758,-0.35619146,-1.454011,-2.428148,-1.5
71,29,-0.2890999,-0.39524877,-1.4659522,-2.510252,-1.5
72,29,-0.116129644,-0.27255198,-1.4563668,-2.2666411,-1.5
74,29,-0.45620248,-0.3600003,-1.4725744,-2.557034,-1.5
75,29,-0.24720041,-0.2791278,-1.4726918,-2.3076842,-1.5
77,29,-0.13952754,-0.32567507,-1.4630173,-2.2237191,-1.5
85,29,-0.42801994,-0.31560278,-1.4650031,-2.3409457,-1.5
87,29,-0.14668204,-0.3782956,-1.4431227,-2.4137669,-1.5
88,29,-0.28432864,-0.34200242,-1.4870853,-2.514983,-1.5
90,29,-0.51022804,-0.3439719,-1.4514183,-2.4032688,-1.5
92,29,-0.3599096,-0.38750705,-1.4512577,-2.471223,-1.5
96,29,-0.48616856,-0.31879377,-1.4715288,-2.2583175,-1.5
6,30,-0.4660492,-0.28895348,-1.4968332,-2.328375,-1.5
8,30,-0.28404495,-0.2979483,-1.4986231,-2.1511421,-1.5
9,30,-0.19524756,-0.3657383,-1.482773,-2.4581366,-1.5
18,30,-0.4736495,-0.32917583,-1.4731016,-2.4143703,-1.5
19,30,-0.35903892,-0.3410417,-1.472154,-2.4722705,-1.5
25,30,-0.32697645,-0.3652018,-1.458757,-2.4712226,-1.5
29,30,-0.24024434,-0.2416123,-1.5162907,-2.0100625,-1.5
30,30,-0.16528551,-0.39664802,-1.456015,-2.7178626,-1.5
31,30,-0.2412736,-0.25661522,-1.5157478,-2.1297126,-1.5
33,30,-0.14695197,-0.40140703,-1.4585407,-2.6922352,-1.5
36,30,-0.50853366,-0.3363262,-1.491444,-2.395504,-1.5
39,30,-0.17641197,-0.25918588,-1.4847628,-2.0650225,-1.5
40,30,-0.42312023,-0.2985533,-1.4626286,-2.1052234,-1.5
44,30,-0.20989454,-0.32098442,-1.4805914,-2.1655262,-1.5
47,30,-0.29064515,-0.3968535,-1.4833579,-2.6211026,-1.5
49,30,-0.4655917,-0.37989038,-1.4819976,-2.5502224,-1.5
53,30,-0.51303494,-0.3689451,-1.4728148,-2.6024692,-1.5
55,30,-0.31303203,-0.3761557,-1.4640638,-2.4524834,-1.5
57,30,-0.44862592,-0.22266835,-1.5117178,-1.9086528,-1.5
61,30,-0.18648751,-0.38100052,-1.4665813,-2.4996202,-1.5
72,30,-0.13077599,-0.29564866,-1.4680034,-2.3251877,-1.5
74,30,-0.47100535,-0.38608384,-1.4831444,-2.6261616,-1.5
75,30,-0.26200318,-0.30263174,-1.4831276,-2.3653839,-1.5
77,30,-0.15424801,-0.34840915,-1.475501,-2.2908792,-1.5
85,30,-0.44275355,-0.3394891,-1.4765838,-2.405425,-1.5
87,30,-0.16121043,-0.4029936,-1.4568331,-2.4898272,-1.5
88,30,-0.29927072,-0.36763838,-1.4966317,-2.5801666,-1.5
90,30,-0.5248327,-0.36852068,-1.4641265,-2.4732842,-1.5
92,30,-0.37451434,-0.4127817,-1.4641652,-2.5473669,-1.5
96,30,-0.50096834,-0.3418584,-1.4831073,-2.323217,-1.5
6,31,-0.48108444,-0.3126616,-1.50566,-2.385084,-1.5
8,31,-0.2991049,-0.3199034,-1.5083041,-2.210337,-1.5
9,31,-0.21015342,-0.39084002,-1.4932915,-2.5279467,-1.5
18,31,-0.48845994,-0.35380426,-1.4839785,-2.4797063,-1.5
19,31,-0.37383938,-0.3662607,-1.4829774,-2.5391667,-1.5
25,31,-0.34165105,-0.39044672,-1.4708705,-2.5432568,-1.5
29,31,-0.25546628,-0.26207468,-1.5237354,-2.057899,-1.5
31,31,-0.25649038,-0.27829075,-1.5232385,-2.1797998,-1.5
36,31,-0.52352184,-0.36076516,-1.5012459,-2.4602544,-1.5
39,31,-0.19133404,-0.28023973,-1.4948008,-2.1192586,-1.5
40,31,-0.43783647,-0.32007375,-1.4750918,-2.1685908,-1.5
44,31,-0.22478497,-0.34312326,-1.492006,-2.2304678,-1.5
49,31,-0.48048726,-0.40592372,-1.4921927,-2.6214948,-1.5
53,31,-0.5278388,-0.39549014,-1.483198,-2.6725464,-1.5
55,31,-0.32775956,-0.40122402,-1.4760596,-2.5258121,-1.5
57,31,-0.46380195,-0.24209572,-1.5192251,-1.9538234,-1.5
61,31,-0.2012375,-0.40654126,-1.4781753,-2.5730302,-1.5
72,31,-0.14553592,-0.31935108,-1.4790509,-2.3861113,-1.5
74,31,-0.4859088,-0.4128777,-1.4928414,-2.6975684,-1.5
75,31,-0.27690786,-0.32673386,-1.4930474,-2.42563,-1.5
77,31,-0.16908897,-0.3718319,-1.4871851,-2.3599904,-1.5
85,31,-0.45759916,-0.36403924,-1.4874347,-2.4721353,-1.5
88,31,-0.31430423,-0.39394677,-1.5054747,-2.64785,-1.5
90,31,-0.5395592,-0.39378682,-1.4758961,-2.5452704,-1.5
96,31,-0.51588017,-0.36559024,-1.4939733,-2.3902562,-1.5
6,32,-0.4962061,-0.336959,-1.5140753,-2.4445262,-1.5
8,32,-0.3142595,-0.34247026,-1.5175203,-2.2719243,-1.5
9,32,-0.22515953,-0.41665816,-1.502968,-2.5999422,-1.5
18,32,-0.5033751,-0.3791056,-1.4941182,-2.5473557,-1.5
19,32,-0.38874358,-0.39216802,-1.4930071,-2.608361,-1.5
25,32,-0.35644102,-0.41642913,-1.4819987,-2.6172693,-1.5
29,32,-0.2707628,-0.28303766,-1.5310616,-2.1085072,-1.5
31,32,-0.27178183,-0.30049005,-1.5305582,-2.2327378,-1.5
36,32,-0.5386043,-0.3858715,-1.5103887,-2.5274103,-1.5
39,32,-0.20635502,-0.3018562,-1.5044582,-2.175922,-1.5
40,32,-0.45267385,-0.34224513,-1.4868636,-2.2339306,-1.5
44,32,-0.23978598,-0.36592922,-1.502742,-2.297473,-1.5
57,32,-0.47905356,-0.2619966,-1.5266539,-2.001693,-1.5
72,32,-0.16040319,-0.34368291,-1.4894781,-2.4494298,-1.5
75,32,-0.29190898,-0.35145953,-1.502411,-2.4884243,-1.5
77,32,-0.18404217,-0.39596295,-1.4980482,-2.4310975,-1.5
85,32,-0.472549,-0.3892754,-1.4975218,-2.5410979,-1.5
96,32,-0.5308966,-0.39001083,-1.5040975,-2.4594657,-1.5
6,33,-0.5114096,-0.3618728,-1.5220274,-2.5066848,-1.5
8,33,-0.32950374,-0.3656728,-1.5262363,-2.3359177,-1.5
18,33,-0.5183872,-0.4051027,-1.5034791,-2.6173282,-1.5
19,33,-0.40374315,-0.4187864,-1.5021983,-2.67986,-1.5
29,33,-0.28613243,-0.30452892,-1.5382277,-2.161876,-1.5
31,33,-0.28714588,-0.32324135,-1.537659,-2.2885075,-1.5
36,33,-0.55377424,-0.41166908,-1.5188252,-2.5969713,-1.5
39,33,-0.22147083,-0.32405958,-1.5137056,-2.2350307,-1.5
40,33,-0.46762526,-0.36508742,-1.4979285,-2.3012934,-1.5
44,33,-0.2548905,-0.38942292,-1.512775,-2.3665776,-1.5
57,33,-0.49437964,-0.28239787,-1.5339687,-2.0522604,-1.5
72,33,-0.17537121,-0.368668,-1.4992481,-2.5151553,-1.5
75,33,-0.30700043,-0.37683406,-1.5111722,-2.5537624,-1.5
85,33,-0.48759496,-0.41522005,-1.506804,-2.6123252,-1.5
96,33,-0.54600966,-0.41514176,-1.5134436,-2.5308664,-1.5
6,34,-0.5266898,-0.38742983,-1.5294603,-2.5715382,-1.5
8,34,-0.34483224,-0.38953492,-1.5344106,-2.4023237,-1.5
29,34,-0.30157316,-0.3265758,-1.5451884,-2.217994,-1.5
31,34,-0.30257988,-0.34657276,-1.5444881,-2.3470874,-1.5
39,34,-0.23667704,-0.34687427,-1.5225091,-2.2965972,-1.5
40,34,-0.4826833,-0.38862088,-1.5082632,-2.3707201,-1.5
44,34,-0.27009115,-0.41362545,-1.5220721,-2.437812,-1.5
57,34,-0.5097787,-0.3033265,-1.5411308,-2.1055205,-1.5
72,34,-0.19043301,-0.3943303,-1.5083172,-2.5832913,-1.5
75,34,-0.3221757,-0.40288255,-1.5192785,-2.621634,-1.5
6,35,-0.54204106,-0.41365665,-1.5363123,-2.6390605,-1.5
8,35,-0.3602391,-0.4140806,-1.5419965,-2.471143,-1.5
29,35,-0.31708252,-0.34920564,-1.5518945,-2.2768464,-1.5
31,35,-0.31808063,-0.37051204,-1.5509892,-2.408452,-1.5
39,35,-0.25196883,-0.37032467,-1.5308286,-2.3606274,-1.5
40,35,-0.49784032,-0.41286618,-1.5178379,-2.4422426,-1.5
57,35,-0.5252488,-0.3248092,-1.548098,-2.161467,-1.5
29,36,-0.33265752,-0.37244552,-1.5582931,-2.338413,-1.5
31,36,-0.33364424,-0.3950867,-1.5571021,-2.4725733,-1.5
39,36,-0.26734093,-0.39443535,-1.538619,-2.4271214,-1.5
57,36,-0.5407878,-0.34687272,-1.5548248,-2.2200906,-1.5
29,37,-0.3482946,-0.39632225,-1.564327,-2.4026723,-1.5
57,37,-0.55639285,-0.36954358,-1.5612617,-2.2813773,-1.5
57,38,-0.5720605,-0.39284816,-1.5673546,-2.345311,-1.5
57,39,-0.5877868,-0.41681275,-1.5730454,-2.4118705,-1.5
