{
  "experiment": "epsilon_greedy_eps0.01",
  "label": "epsilon_greedy: \u03b5=0.01",
  "config": {
    "strategy": "epsilon_greedy",
    "epsilon": 0.01,
    "seed": 42
  },
  "parameters": {
    "n_arms": 10,
    "n_runs": 2000,
    "n_steps": 1000
  },
  "results": {
    "final_avg_reward": 1.316551537379391,
    "final_optimal_pct": 60.45,
    "final_cumulative_regret": 343.1373249220775,
    "final_q_error": 0.5593810500987874,
    "total_optimal_selections": 1002199,
    "total_suboptimal_selections": 997801
  },
  "last_run": {
    "true_means": [
      -0.17721072309000882,
      0.4874630642518686,
      -0.16018783141004964,
      1.2931356331105255,
      0.32892120080304676,
      -0.8667889908830338,
      2.295288444642079,
      0.7776124470527553,
      0.3432863484373335,
      0.23089474689136918
    ],
    "q_estimates": [
      0.0,
      0.24975480991698423,
      -0.3160105201771158,
      0.5253619394219968,
      -0.3939862210838432,
      0.0,
      2.266025526938062,
      0.8356311144071825,
      -0.5023575234462125,
      1.1949630797623587
    ],
    "optimal_arm": 6,
    "action_counts": [
      0.0,
      5.0,
      5.0,
      2.0,
      1.0,
      0.0,
      918.0,
      66.0,
      2.0,
      1.0
    ]
  }
}