{
  "experiment": "ucb_c1.0_q5.0_alpha0.1",
  "label": "ucb: c=1.0, Q\u2080=5.0, \u03b1=0.1",
  "config": {
    "strategy": "ucb",
    "c": 1.0,
    "initial_q": 5.0,
    "alpha": 0.1,
    "seed": 42
  },
  "parameters": {
    "n_arms": 10,
    "n_runs": 2000,
    "n_steps": 1000
  },
  "results": {
    "final_avg_reward": 1.416411038397995,
    "final_optimal_pct": 79.0,
    "final_cumulative_regret": 322.64552362081116,
    "final_q_error": 0.6949824745456936,
    "total_optimal_selections": 1272270,
    "total_suboptimal_selections": 727730
  },
  "last_run": {
    "true_means": [
      -0.17721072309000882,
      0.4874630642518686,
      -0.16018783141004964,
      1.2931356331105255,
      0.32892120080304676,
      -0.8667889908830338,
      2.295288444642079,
      0.7776124470527553,
      0.3432863484373335,
      0.23089474689136918
    ],
    "q_estimates": [
      0.9207535514565001,
      0.9310929803484603,
      0.8386234122317916,
      1.1642326008660349,
      0.9638918164219615,
      0.9450058895222684,
      2.5080890570090144,
      0.890584032011581,
      0.8689912281259324,
      0.9729901616265082
    ],
    "optimal_arm": 6,
    "action_counts": [
      12.0,
      19.0,
      13.0,
      37.0,
      18.0,
      12.0,
      835.0,
      17.0,
      17.0,
      20.0
    ]
  }
}