{
  "experiment": "epsilon_greedy_eps0.0_q5.0",
  "label": "epsilon_greedy: \u03b5=0.0, Q\u2080=5.0",
  "config": {
    "strategy": "epsilon_greedy",
    "epsilon": 0.0,
    "initial_q": 5.0,
    "alpha": null,
    "seed": 42
  },
  "parameters": {
    "n_arms": 10,
    "n_runs": 2000,
    "n_steps": 1000
  },
  "results": {
    "final_avg_reward": 1.4175361029445968,
    "final_optimal_pct": 70.35,
    "final_cumulative_regret": 131.01366712181797,
    "final_q_error": 0.6182690561000431,
    "total_optimal_selections": 1382133,
    "total_suboptimal_selections": 617867
  },
  "last_run": {
    "true_means": [
      -0.17721072309000882,
      0.4874630642518686,
      -0.16018783141004964,
      1.2931356331105255,
      0.32892120080304676,
      -0.8667889908830338,
      2.295288444642079,
      0.7776124470527553,
      0.3432863484373335,
      0.23089474689136918
    ],
    "q_estimates": [
      -1.794918217679399,
      1.0377335401495564,
      -0.44240334625976097,
      0.8067561335770916,
      -1.182276957239952,
      -1.589696412769924,
      2.321516631477287,
      -0.5475342232722298,
      1.2355027131543177,
      1.1596523111311101
    ],
    "optimal_arm": 6,
    "action_counts": [
      1.0,
      1.0,
      1.0,
      1.0,
      1.0,
      1.0,
      990.0,
      1.0,
      2.0,
      1.0
    ]
  }
}