{
  "experiment": "epsilon_greedy_eps0.0",
  "label": "epsilon_greedy: \u03b5=0.0",
  "config": {
    "strategy": "epsilon_greedy",
    "epsilon": 0.0,
    "seed": 42
  },
  "parameters": {
    "n_arms": 10,
    "n_runs": 2000,
    "n_steps": 1000
  },
  "results": {
    "final_avg_reward": 0.9811187974509897,
    "final_optimal_pct": 36.0,
    "final_cumulative_regret": 527.6220599575986,
    "final_q_error": 0.695983428175947,
    "total_optimal_selections": 713851,
    "total_suboptimal_selections": 1286149
  },
  "last_run": {
    "true_means": [
      -0.17721072309000882,
      0.4874630642518686,
      -0.16018783141004964,
      1.2931356331105255,
      0.32892120080304676,
      -0.8667889908830338,
      2.295288444642079,
      0.7776124470527553,
      0.3432863484373335,
      0.23089474689136918
    ],
    "q_estimates": [
      0.0,
      -0.13711746472366215,
      -0.44240334625976085,
      0.0,
      0.0,
      -1.5896964127699238,
      0.0,
      0.7574671354357805,
      0.0,
      0.0
    ],
    "optimal_arm": 6,
    "action_counts": [
      0.0,
      3.0,
      1.0,
      0.0,
      0.0,
      1.0,
      0.0,
      995.0,
      0.0,
      0.0
    ]
  }
}