{
  "experiment": "ucb_c5.0",
  "label": "ucb: c=5.0",
  "config": {
    "strategy": "ucb",
    "c": 5.0,
    "seed": 42
  },
  "parameters": {
    "n_arms": 10,
    "n_runs": 2000,
    "n_steps": 1000
  },
  "results": {
    "final_avg_reward": 1.2628901208509165,
    "final_optimal_pct": 64.64999999999999,
    "final_cumulative_regret": 482.43548006071387,
    "final_q_error": 0.13096931526210545,
    "total_optimal_selections": 990652,
    "total_suboptimal_selections": 1009348
  },
  "last_run": {
    "true_means": [
      -0.17721072309000882,
      0.4874630642518686,
      -0.16018783141004964,
      1.2931356331105255,
      0.32892120080304676,
      -0.8667889908830338,
      2.295288444642079,
      0.7776124470527553,
      0.3432863484373335,
      0.23089474689136918
    ],
    "q_estimates": [
      0.051685815486913304,
      0.521711344120357,
      -0.1545120495577328,
      1.3974421589937398,
      0.37240190407910334,
      -0.9128692868037791,
      2.249783077733233,
      0.355519853522036,
      0.22340920245202334,
      0.3937763056224924
    ],
    "optimal_arm": 6,
    "action_counts": [
      25.0,
      36.0,
      21.0,
      95.0,
      31.0,
      13.0,
      688.0,
      31.0,
      28.0,
      32.0
    ]
  }
}