{
  "experiment": "ucb_c0.5",
  "label": "ucb: c=0.5",
  "config": {
    "strategy": "ucb",
    "c": 0.5,
    "seed": 42
  },
  "parameters": {
    "n_arms": 10,
    "n_runs": 2000,
    "n_steps": 1000
  },
  "results": {
    "final_avg_reward": 1.4660301813739913,
    "final_optimal_pct": 87.7,
    "final_cumulative_regret": 57.10520524177558,
    "final_q_error": 0.5545280883701341,
    "total_optimal_selections": 1669648,
    "total_suboptimal_selections": 330352
  },
  "last_run": {
    "true_means": [
      -0.17721072309000882,
      0.4874630642518686,
      -0.16018783141004964,
      1.2931356331105255,
      0.32892120080304676,
      -0.8667889908830338,
      2.295288444642079,
      0.7776124470527553,
      0.3432863484373335,
      0.23089474689136918
    ],
    "q_estimates": [
      -1.0288065579035115,
      0.9549495498162748,
      -0.19168641299030334,
      1.3544553057746243,
      -1.135478553689266,
      -1.3531684904164676,
      2.197046087370277,
      -0.7335857109902434,
      -0.9818603218876513,
      0.001726461750983288
    ],
    "optimal_arm": 6,
    "action_counts": [
      1.0,
      9.0,
      1.0,
      461.0,
      1.0,
      1.0,
      523.0,
      1.0,
      1.0,
      1.0
    ]
  }
}