{
  "experiment": "ucb_c0.1",
  "label": "ucb: c=0.1",
  "config": {
    "strategy": "ucb",
    "c": 0.1,
    "seed": 42
  },
  "parameters": {
    "n_arms": 10,
    "n_runs": 2000,
    "n_steps": 1000
  },
  "results": {
    "final_avg_reward": 1.3961621857491002,
    "final_optimal_pct": 73.25,
    "final_cumulative_regret": 119.90742605192374,
    "final_q_error": 0.6084623785472858,
    "total_optimal_selections": 1432334,
    "total_suboptimal_selections": 567666
  },
  "last_run": {
    "true_means": [
      -0.17721072309000882,
      0.4874630642518686,
      -0.16018783141004964,
      1.2931356331105255,
      0.32892120080304676,
      -0.8667889908830338,
      2.295288444642079,
      0.7776124470527553,
      0.3432863484373335,
      0.23089474689136918
    ],
    "q_estimates": [
      -1.0288065579035115,
      0.4827886726601729,
      -0.19168641299030334,
      1.277319229223657,
      -1.135478553689266,
      -1.3531684904164676,
      0.6742428719762956,
      -0.7335857109902434,
      -0.9818603218876513,
      0.001726461750983288
    ],
    "optimal_arm": 6,
    "action_counts": [
      1.0,
      1.0,
      1.0,
      990.0,
      1.0,
      1.0,
      2.0,
      1.0,
      1.0,
      1.0
    ]
  }
}