{
  "experiment": "epsilon_greedy_eps0.0_q5.0_alpha0.1",
  "label": "epsilon_greedy: \u03b5=0.0, Q\u2080=5.0, \u03b1=0.1",
  "config": {
    "strategy": "epsilon_greedy",
    "epsilon": 0.0,
    "initial_q": 5.0,
    "alpha": 0.1,
    "seed": 42
  },
  "parameters": {
    "n_arms": 10,
    "n_runs": 2000,
    "n_steps": 1000
  },
  "results": {
    "final_avg_reward": 1.5001781946320165,
    "final_optimal_pct": 86.65,
    "final_cumulative_regret": 241.49011067220897,
    "final_q_error": 0.9814918850247475,
    "total_optimal_selections": 1431347,
    "total_suboptimal_selections": 568653
  },
  "last_run": {
    "true_means": [
      -0.17721072309000882,
      0.4874630642518686,
      -0.16018783141004964,
      1.2931356331105255,
      0.32892120080304676,
      -0.8667889908830338,
      2.295288444642079,
      0.7776124470527553,
      0.3432863484373335,
      0.23089474689136918
    ],
    "q_estimates": [
      1.6412989660025235,
      1.5633209395009482,
      1.566564837577293,
      1.609093611679005,
      1.5783902340274831,
      1.3803669049518152,
      2.3054610979307757,
      1.6736672277521687,
      1.3672419768078108,
      1.6246485728553193
    ],
    "optimal_arm": 6,
    "action_counts": [
      11.0,
      14.0,
      12.0,
      22.0,
      11.0,
      8.0,
      883.0,
      14.0,
      12.0,
      13.0
    ]
  }
}