{
  "experiment": "epsilon_greedy_eps0.5",
  "label": "epsilon_greedy: \u03b5=0.5",
  "config": {
    "strategy": "epsilon_greedy",
    "epsilon": 0.5,
    "seed": 42
  },
  "parameters": {
    "n_arms": 10,
    "n_runs": 2000,
    "n_steps": 1000
  },
  "results": {
    "final_avg_reward": 0.7364204076268507,
    "final_optimal_pct": 51.300000000000004,
    "final_cumulative_regret": 785.4692417286959,
    "final_q_error": 0.10312144884027638,
    "total_optimal_selections": 968252,
    "total_suboptimal_selections": 1031748
  },
  "last_run": {
    "true_means": [
      -0.17721072309000882,
      0.4874630642518686,
      -0.16018783141004964,
      1.2931356331105255,
      0.32892120080304676,
      -0.8667889908830338,
      2.295288444642079,
      0.7776124470527553,
      0.3432863484373335,
      0.23089474689136918
    ],
    "q_estimates": [
      -0.11153184547240971,
      0.4378342750454209,
      -0.084732167581976,
      1.3511408391897435,
      0.6513099135566809,
      -0.9225442003823539,
      2.210929216918685,
      0.5457900021046992,
      0.1951271231951435,
      0.4418137088960822
    ],
    "optimal_arm": 6,
    "action_counts": [
      58.0,
      48.0,
      54.0,
      101.0,
      49.0,
      55.0,
      478.0,
      61.0,
      47.0,
      49.0
    ]
  }
}